dma_code,date,mnf,daily_total,interval_coverage,cusum_cplus
DM-01-01-01-01,2026-07-25,47.5,1893.25,96,
DM-01-01-01-01,2026-07-26,42.875,1891.75,96,
DM-01-01-01-01,2026-07-27,45.875,1901.0,96,
DM-01-01-01-01,2026-07-28,46.125,1940.5,96,
DM-01-01-01-01,2026-07-29,45.875,1950.5,96,
DM-01-01-01-01,2026-07-30,45.125,1884.5,96,
DM-01-01-01-01,2026-07-31,45.5,1809.0,96,
DM-01-01-01-01,2026-08-01,45.25,1813.75,96,
DM-01-01-01-01,2026-08-02,42.75,1891.75,96,
DM-01-01-01-01,2026-08-03,44.75,1856.5,96,
DM-01-01-01-01,2026-08-04,45.25,1844.75,96,
DM-01-01-01-01,2026-08-05,45.125,1834.5,96,
DM-01-01-01-01,2026-08-06,45.375,1850.75,96,
DM-01-01-01-01,2026-08-07,45.0,1872.5,96,
DM-01-01-01-01,2026-08-08,44.75,1913.5,96,0.0
DM-01-01-01-01,2026-08-09,43.625,1829.0,96,0.0
DM-01-01-01-01,2026-08-10,43.75,1875.75,96,0.0
DM-01-01-01-01,2026-08-11,45.75,1822.5,96,0.0
DM-01-01-01-01,2026-08-12,43.5,1883.75,96,0.0
DM-01-01-01-01,2026-08-13,45.75,1873.5,96,0.0
DM-01-01-01-01,2026-08-14,43.75,1820.5,96,0.0
DM-01-01-01-01,2026-08-15,46.25,1914.25,96,0.5
DM-01-01-01-01,2026-08-16,44.75,1846.75,96,0.0
DM-01-01-02-01,2026-07-25,65.875,3155.75,96,
DM-01-01-02-01,2026-07-26,62.125,3083.25,96,
DM-01-01-02-01,2026-07-27,57.875,3006.5,96,
DM-01-01-02-01,2026-07-28,59.375,2957.5,96,
DM-01-01-02-01,2026-07-29,59.5,2956.75,96,
DM-01-01-02-01,2026-07-30,62.0,2248.25,96,
DM-01-01-02-01,2026-07-31,53.375,2366.5,96,
DM-01-01-02-01,2026-08-01,56.625,2971.5,96,
DM-01-01-02-01,2026-08-02,58.0,2981.75,96,
DM-01-01-02-01,2026-08-03,52.625,1772.25,96,
DM-01-01-02-01,2026-08-04,52.375,2907.75,96,
DM-01-01-02-01,2026-08-05,51.5,2901.75,96,
DM-01-01-02-01,2026-08-06,54.625,2881.0,96,
DM-01-01-02-01,2026-08-07,54.625,2836.75,96,
DM-01-01-02-01,2026-08-08,56.0,2874.0,96,0.0
DM-01-01-02-01,2026-08-09,54.625,2883.5,96,0.0
DM-01-01-02-01,2026-08-10,55.0,2882.25,96,0.0
DM-01-01-02-01,2026-08-11,51.75,2840.0,96,0.0
DM-01-01-02-01,2026-08-12,57.875,2901.5,96,0.0
DM-01-01-02-01,2026-08-13,54.0,2956.75,96,0.0
DM-01-01-02-01,2026-08-14,53.75,2924.5,96,0.0
DM-01-01-02-01,2026-08-15,58.75,2952.5,96,0.0
DM-01-01-02-01,2026-08-16,57.5,2966.0,96,0.0
DM-01-01-05-01,2026-07-25,99.125,3944.0,96,
DM-01-01-05-01,2026-07-26,94.25,3884.25,96,
DM-01-01-05-01,2026-07-27,100.625,3792.25,96,
DM-01-01-05-01,2026-07-28,93.75,3649.5,96,
DM-01-01-05-01,2026-07-29,108.25,3695.75,96,
DM-01-01-05-01,2026-07-30,95.375,3757.25,96,
DM-01-01-05-01,2026-07-31,98.0,3675.75,96,
DM-01-01-05-01,2026-08-01,94.625,3744.75,96,
DM-01-01-05-01,2026-08-02,92.25,3820.25,96,
DM-01-01-05-01,2026-08-03,98.25,3866.25,96,
DM-01-01-05-01,2026-08-04,99.625,3755.75,96,
DM-01-01-05-01,2026-08-05,99.375,3772.75,96,
DM-01-01-05-01,2026-08-06,99.625,3698.5,96,
DM-01-01-05-01,2026-08-07,92.0,3614.75,96,
DM-01-01-05-01,2026-08-08,93.875,3686.75,96,0.0
DM-01-01-05-01,2026-08-09,91.625,3689.0,96,0.0
DM-01-01-05-01,2026-08-10,94.375,3661.25,96,0.0
DM-01-01-05-01,2026-08-11,95.0,3668.25,96,0.0
DM-01-01-05-01,2026-08-12,88.875,3749.75,96,0.0
DM-01-01-05-01,2026-08-13,94.75,3745.75,96,0.0
DM-01-01-05-01,2026-08-14,92.125,3728.0,96,0.0
DM-01-01-05-01,2026-08-15,91.375,3765.5,96,0.0
DM-01-01-05-01,2026-08-16,87.25,3753.5,96,0.0
DM-01-01-05-02,2026-07-25,60.625,3614.12,96,
DM-01-01-05-02,2026-07-26,60.625,3614.12,96,
DM-01-01-05-02,2026-07-27,60.625,3614.12,96,
DM-01-01-05-02,2026-07-28,60.625,3614.12,96,
DM-01-01-05-02,2026-07-29,60.625,3614.12,96,
DM-01-01-05-02,2026-07-30,60.625,3614.12,96,
DM-01-01-05-02,2026-07-31,60.625,3614.12,96,
DM-01-01-05-02,2026-08-01,60.625,3614.12,96,
DM-01-01-05-02,2026-08-02,60.625,3614.12,96,
DM-01-01-05-02,2026-08-03,60.625,3614.12,96,
DM-01-01-05-02,2026-08-04,60.625,3614.12,96,
DM-01-01-05-02,2026-08-05,60.625,3614.12,96,
DM-01-01-05-02,2026-08-06,60.625,3614.12,96,
DM-01-01-05-02,2026-08-07,60.625,3614.12,96,
DM-01-01-05-02,2026-08-08,60.625,3614.12,96,0.0
DM-01-01-05-02,2026-08-09,60.625,3614.12,96,0.0
DM-01-01-05-02,2026-08-10,60.625,3614.12,96,0.0
DM-01-01-05-02,2026-08-11,60.625,3614.12,96,0.0
DM-01-01-05-02,2026-08-12,60.625,3614.12,96,0.0
DM-01-01-05-02,2026-08-13,60.625,3614.12,96,0.0
DM-01-01-05-02,2026-08-14,60.625,3614.12,96,0.0
DM-01-01-05-02,2026-08-15,60.625,3614.12,96,0.0
DM-01-01-05-02,2026-08-16,60.625,3614.12,96,0.0
DM-01-02-05-01,2026-07-25,55.625,2328.25,96,
DM-01-02-05-01,2026-07-26,53.375,2330.5,96,
DM-01-02-05-01,2026-07-27,54.0,2250.0,96,
DM-01-02-05-01,2026-07-28,54.5,2260.0,96,
DM-01-02-05-01,2026-07-29,55.625,2263.0,96,
DM-01-02-05-01,2026-07-30,55.375,2253.75,96,
DM-01-02-05-01,2026-07-31,58.375,2257.25,96,
DM-01-02-05-01,2026-08-01,54.625,2282.75,96,
DM-01-02-05-01,2026-08-02,56.75,2372.5,96,
DM-01-02-05-01,2026-08-03,53.625,2290.75,96,
DM-01-02-05-01,2026-08-04,54.75,2271.0,96,
DM-01-02-05-01,2026-08-05,56.125,2233.25,96,
DM-01-02-05-01,2026-08-06,55.625,2259.75,96,
DM-01-02-05-01,2026-08-07,56.375,2280.25,96,
DM-01-02-05-01,2026-08-08,55.0,2367.75,96,0.0
DM-01-02-05-01,2026-08-09,55.875,2353.5,96,0.0
DM-01-02-05-01,2026-08-10,54.875,2258.5,96,0.0
DM-01-02-05-01,2026-08-11,54.75,2267.25,96,0.0
DM-01-02-05-01,2026-08-12,55.0,2364.5,96,0.0
DM-01-02-05-01,2026-08-13,55.25,2283.0,96,0.0
DM-01-02-05-01,2026-08-14,54.625,2262.0,96,0.0
DM-01-02-05-01,2026-08-15,52.75,2312.88,96,0.0
DM-01-02-05-01,2026-08-16,53.625,2363.5,96,0.0
DM-01-03-05-01,2026-07-25,51.375,5752.75,96,
DM-01-03-05-01,2026-07-26,70.75,5815.25,96,
DM-01-03-05-01,2026-07-27,54.25,5853.75,96,
DM-01-03-05-01,2026-07-28,59.375,5845.5,96,
DM-01-03-05-01,2026-07-29,52.75,5820.25,96,
DM-01-03-05-01,2026-07-30,64.25,5887.75,96,
DM-01-03-05-01,2026-07-31,24.5,5483.75,96,
DM-01-03-05-01,2026-08-01,24.0,5475.75,96,
DM-01-03-05-01,2026-08-02,42.125,5651.75,96,
DM-01-03-05-01,2026-08-03,47.875,5757.0,96,
DM-01-03-05-01,2026-08-04,2.375,5630.75,96,
DM-01-03-05-01,2026-08-05,31.5,5519.75,96,
DM-01-03-05-01,2026-08-06,41.625,5819.25,96,
DM-01-03-05-01,2026-08-07,29.125,5758.25,96,
DM-01-03-05-01,2026-08-08,26.0,5880.25,96,0.0
DM-01-03-05-01,2026-08-09,22.375,5764.5,96,0.0
DM-01-03-05-01,2026-08-10,45.75,5680.0,96,0.0
DM-01-03-05-01,2026-08-11,238.375,6188.75,96,186.865
DM-01-03-05-01,2026-08-12,232.25,5732.88,96,367.604
DM-01-03-05-01,2026-08-13,258.5,5727.25,96,574.594
DM-01-03-05-01,2026-08-14,257.375,5496.75,96,780.458
DM-01-03-05-01,2026-08-15,236.875,5605.25,96,965.823
DM-01-03-05-01,2026-08-16,256.125,5639.62,96,1170.437
DM-01-03-06-01,2026-07-25,45.375,2337.25,96,
DM-01-03-06-01,2026-07-26,47.25,2353.5,96,
DM-01-03-06-01,2026-07-27,52.0,2347.5,96,
DM-01-03-06-01,2026-07-28,50.875,2356.25,96,
DM-01-03-06-01,2026-07-29,48.25,2328.25,96,
DM-01-03-06-01,2026-07-30,47.375,2340.5,96,
DM-01-03-06-01,2026-07-31,51.375,2308.25,96,
DM-01-03-06-01,2026-08-01,42.0,2322.0,96,
DM-01-03-06-01,2026-08-02,40.625,2385.75,96,
DM-01-03-06-01,2026-08-03,42.875,2413.75,96,
DM-01-03-06-01,2026-08-04,41.25,2383.25,96,
DM-01-03-06-01,2026-08-05,35.875,2338.0,96,
DM-01-03-06-01,2026-08-06,46.25,2367.5,96,
DM-01-03-06-01,2026-08-07,45.5,2377.0,96,
DM-01-03-06-01,2026-08-08,40.25,2364.75,96,0.0
DM-01-03-06-01,2026-08-09,38.25,2334.0,96,0.0
DM-01-03-06-01,2026-08-10,46.625,2363.5,96,0.0
DM-01-03-06-01,2026-08-11,42.75,2325.25,96,0.0
DM-01-03-06-01,2026-08-12,38.375,2353.75,96,0.0
DM-01-03-06-01,2026-08-13,44.125,2403.25,96,0.0
DM-01-03-06-01,2026-08-14,38.875,2323.25,96,0.0
DM-01-03-06-01,2026-08-15,37.5,2415.25,96,0.0
DM-01-03-06-01,2026-08-16,37.5,2367.25,96,0.0
DM-01-03-06-02,2026-07-25,29.188,1530.88,96,
DM-01-03-06-02,2026-07-26,29.188,1530.88,96,
DM-01-03-06-02,2026-07-27,29.188,1530.88,96,
DM-01-03-06-02,2026-07-28,29.188,1530.88,96,
DM-01-03-06-02,2026-07-29,29.188,1530.88,96,
DM-01-03-06-02,2026-07-30,29.188,1530.88,96,
DM-01-03-06-02,2026-07-31,29.188,1530.88,96,
DM-01-03-06-02,2026-08-01,29.188,1530.88,96,
DM-01-03-06-02,2026-08-02,29.188,1530.88,96,
DM-01-03-06-02,2026-08-03,29.188,1530.88,96,
DM-01-03-06-02,2026-08-04,29.188,1530.88,96,
DM-01-03-06-02,2026-08-05,29.188,1530.88,96,
DM-01-03-06-02,2026-08-06,29.188,1530.88,96,
DM-01-03-06-02,2026-08-07,29.188,1530.88,96,
DM-01-03-06-02,2026-08-08,29.188,1530.88,96,0.0
DM-01-03-06-02,2026-08-09,29.188,1530.88,96,0.0
DM-01-03-06-02,2026-08-10,29.188,1530.88,96,0.0
DM-01-03-06-02,2026-08-11,29.188,1530.88,96,0.0
DM-01-03-06-02,2026-08-12,29.188,1530.88,96,0.0
DM-01-03-06-02,2026-08-13,29.188,1530.88,96,0.0
DM-01-03-06-02,2026-08-14,29.188,1530.88,96,0.0
DM-01-03-06-02,2026-08-15,29.188,1530.88,96,0.0
DM-01-03-06-02,2026-08-16,29.188,1530.88,96,0.0
DM-01-04-05-02,2026-07-25,81.0,6004.25,96,
DM-01-04-05-02,2026-07-26,89.25,6101.75,96,
DM-01-04-05-02,2026-07-27,100.75,6186.25,96,
DM-01-04-05-02,2026-07-28,94.5,5957.0,96,
DM-01-04-05-02,2026-07-29,91.75,6084.25,96,
DM-01-04-05-02,2026-07-30,88.125,6121.25,96,
DM-01-04-05-02,2026-07-31,92.0,5830.5,96,
DM-01-04-05-02,2026-08-01,55.375,5926.25,96,
DM-01-04-05-02,2026-08-02,53.125,5777.5,96,
DM-01-04-05-02,2026-08-03,71.625,5951.75,96,
DM-01-04-05-02,2026-08-04,82.25,5819.0,96,
DM-01-04-05-02,2026-08-05,36.5,5882.75,96,
DM-01-04-05-02,2026-08-06,120.25,6339.0,96,
DM-01-04-05-02,2026-08-07,130.375,6210.0,96,
DM-01-04-05-02,2026-08-08,101.5,6545.0,96,4.615
DM-01-04-05-02,2026-08-09,109.75,6269.5,96,17.48
DM-01-04-05-02,2026-08-10,110.625,6385.25,96,31.221
DM-01-04-05-02,2026-08-11,111.25,6101.75,96,45.586
DM-01-04-05-02,2026-08-12,100.0,6312.25,96,48.701
DM-01-04-05-02,2026-08-13,109.0,6277.0,96,60.816
DM-01-04-05-02,2026-08-14,109.875,6258.5,96,73.806
DM-01-04-05-02,2026-08-15,96.25,6240.5,96,73.172
DM-01-04-05-02,2026-08-16,96.125,6319.0,96,72.412
DM-01-04-06-01,2026-07-25,316.625,10652.0,96,
DM-01-04-06-01,2026-07-26,310.125,10524.25,96,
DM-01-04-06-01,2026-07-27,260.625,10214.5,96,
DM-01-04-06-01,2026-07-28,259.75,9980.25,96,
DM-01-04-06-01,2026-07-29,262.25,9958.5,96,
DM-01-04-06-01,2026-07-30,259.125,10078.62,96,
DM-01-04-06-01,2026-07-31,260.875,10082.75,96,
DM-01-04-06-01,2026-08-01,322.75,10510.25,96,
DM-01-04-06-01,2026-08-02,327.25,10575.25,96,
DM-01-04-06-01,2026-08-03,267.375,10607.5,96,
DM-01-04-06-01,2026-08-04,267.75,10582.75,96,
DM-01-04-06-01,2026-08-05,285.875,10308.0,96,
DM-01-04-06-01,2026-08-06,252.5,9784.5,96,
DM-01-04-06-01,2026-08-07,251.5,9784.25,96,
DM-01-04-06-01,2026-08-08,291.125,9978.75,96,0.0
DM-01-04-06-01,2026-08-09,284.5,9846.25,96,0.0
DM-01-04-06-01,2026-08-10,250.375,9879.25,96,0.0
DM-01-04-06-01,2026-08-11,254.875,9794.0,96,0.0
DM-01-04-06-01,2026-08-12,258.25,9785.0,96,0.0
DM-01-04-06-01,2026-08-13,255.0,9653.5,96,0.0
DM-01-04-06-01,2026-08-14,252.75,9890.5,96,0.0
DM-01-04-06-01,2026-08-15,272.25,10069.0,96,0.0
DM-01-04-06-01,2026-08-16,277.625,10034.25,96,0.0
DM-01-04-07-01,2026-07-25,71.25,5421.75,96,
DM-01-04-07-01,2026-07-26,82.5,5564.25,96,
DM-01-04-07-01,2026-07-27,92.0,5530.5,96,
DM-01-04-07-01,2026-07-28,81.375,5373.0,96,
DM-01-04-07-01,2026-07-29,86.625,5545.25,96,
DM-01-04-07-01,2026-07-30,77.875,5748.75,96,
DM-01-04-07-01,2026-07-31,85.375,5273.75,96,
DM-01-04-07-01,2026-08-01,54.5,5313.25,96,
DM-01-04-07-01,2026-08-02,63.0,5315.5,96,
DM-01-04-07-01,2026-08-03,65.0,5432.5,96,
DM-01-04-07-01,2026-08-04,85.125,5453.25,96,
DM-01-04-07-01,2026-08-05,41.375,4974.5,96,
DM-01-04-07-01,2026-08-06,13.625,4733.0,96,
DM-01-04-07-01,2026-08-07,18.375,4812.25,96,
DM-01-04-07-01,2026-08-08,9.875,4976.0,96,0.0
DM-01-04-07-01,2026-08-09,27.625,4864.5,96,0.0
DM-01-04-07-01,2026-08-10,29.125,4913.25,96,0.0
DM-01-04-07-01,2026-08-11,16.875,4674.0,96,0.0
DM-01-04-07-01,2026-08-12,10.375,4732.25,96,0.0
DM-01-04-07-01,2026-08-13,15.625,4800.0,96,0.0
DM-01-04-07-01,2026-08-14,11.125,4456.0,96,0.0
DM-01-04-07-01,2026-08-15,11.0,4686.25,96,0.0
DM-01-04-07-01,2026-08-16,16.375,4555.75,96,0.0
DM-01-05-02-01,2026-07-25,85.5,4100.0,96,
DM-01-05-02-01,2026-07-26,84.75,3979.0,96,
DM-01-05-02-01,2026-07-27,85.625,3926.75,96,
DM-01-05-02-01,2026-07-28,83.0,3757.5,96,
DM-01-05-02-01,2026-07-29,106.0,3828.5,96,
DM-01-05-02-01,2026-07-30,85.375,3890.25,96,
DM-01-05-02-01,2026-07-31,84.625,3818.25,96,
DM-01-05-02-01,2026-08-01,78.875,3887.0,96,
DM-01-05-02-01,2026-08-02,79.625,3910.0,96,
DM-01-05-02-01,2026-08-03,80.875,4027.5,96,
DM-01-05-02-01,2026-08-04,84.125,4009.5,96,
DM-01-05-02-01,2026-08-05,78.0,3978.25,96,
DM-01-05-02-01,2026-08-06,83.0,3939.0,96,
DM-01-05-02-01,2026-08-07,84.75,3928.75,96,
DM-01-05-02-01,2026-08-08,94.75,4054.0,96,6.949
DM-01-05-02-01,2026-08-09,79.125,3834.5,96,0.0
DM-01-05-02-01,2026-08-10,102.75,4240.0,96,14.949
DM-01-05-02-01,2026-08-11,107.125,4094.75,96,34.274
DM-01-05-02-01,2026-08-12,79.125,3948.75,96,25.598
DM-01-05-02-01,2026-08-13,81.0,3946.0,96,18.797
DM-01-05-02-01,2026-08-14,80.25,3967.25,96,11.246
DM-01-05-02-01,2026-08-15,80.25,3949.5,96,3.696
DM-01-05-02-01,2026-08-16,97.375,3884.0,96,13.27
DM-01-05-04-01,2026-07-25,75.625,3503.75,96,
DM-01-05-04-01,2026-07-26,75.625,3503.0,96,
DM-01-05-04-01,2026-07-27,73.875,3405.75,96,
DM-01-05-04-01,2026-07-28,77.875,3369.75,96,
DM-01-05-04-01,2026-07-29,77.25,3388.75,96,
DM-01-05-04-01,2026-07-30,78.125,3425.25,96,
DM-01-05-04-01,2026-07-31,78.75,3358.25,96,
DM-01-05-04-01,2026-08-01,74.25,3460.0,96,
DM-01-05-04-01,2026-08-02,76.25,3517.75,96,
DM-01-05-04-01,2026-08-03,77.875,3429.0,96,
DM-01-05-04-01,2026-08-04,75.375,3425.0,96,
DM-01-05-04-01,2026-08-05,78.5,3413.75,96,
DM-01-05-04-01,2026-08-06,77.5,3322.75,96,
DM-01-05-04-01,2026-08-07,72.0,3243.5,96,
DM-01-05-04-01,2026-08-08,70.625,3384.0,96,0.0
DM-01-05-04-01,2026-08-09,73.375,3361.25,96,0.0
DM-01-05-04-01,2026-08-10,70.875,3279.5,96,0.0
DM-01-05-04-01,2026-08-11,71.75,2946.5,96,0.0
DM-01-05-04-01,2026-08-12,66.25,3174.5,96,0.0
DM-01-05-04-01,2026-08-13,66.875,2982.25,96,0.0
DM-01-05-04-01,2026-08-14,68.125,3162.0,96,0.0
DM-01-05-04-01,2026-08-15,67.875,3240.75,96,0.0
DM-01-05-04-01,2026-08-16,63.875,3231.25,96,0.0
DM-01-05-04-02,2026-07-25,50.375,2801.75,96,
DM-01-05-04-02,2026-07-26,52.625,2781.75,96,
DM-01-05-04-02,2026-07-27,49.75,2658.5,96,
DM-01-05-04-02,2026-07-28,49.625,2549.5,96,
DM-01-05-04-02,2026-07-29,51.5,2648.0,96,
DM-01-05-04-02,2026-07-30,49.25,2650.5,96,
DM-01-05-04-02,2026-07-31,49.75,2523.0,96,
DM-01-05-04-02,2026-08-01,48.375,2606.0,96,
DM-01-05-04-02,2026-08-02,49.5,2704.75,96,
DM-01-05-04-02,2026-08-03,49.0,2807.0,96,
DM-01-05-04-02,2026-08-04,57.75,2759.75,96,
DM-01-05-04-02,2026-08-05,48.75,2594.5,96,
DM-01-05-04-02,2026-08-06,49.75,2573.25,96,
DM-01-05-04-02,2026-08-07,49.625,2532.0,96,
DM-01-05-04-02,2026-08-08,48.375,2615.0,96,0.0
DM-01-05-04-02,2026-08-09,48.625,2607.0,96,0.0
DM-01-05-04-02,2026-08-10,47.5,2536.75,96,0.0
DM-01-05-04-02,2026-08-11,49.0,2510.0,96,0.0
DM-01-05-04-02,2026-08-12,48.5,2647.0,96,0.0
DM-01-05-04-02,2026-08-13,47.125,2558.25,96,0.0
DM-01-05-04-02,2026-08-14,48.375,2551.75,96,0.0
DM-01-05-04-02,2026-08-15,49.25,2676.5,96,0.0
DM-01-05-04-02,2026-08-16,47.5,2762.5,96,0.0
DM-01-06-01-02,2026-07-25,21.5,1463.0,96,
DM-01-06-01-02,2026-07-26,22.25,1468.25,96,
DM-01-06-01-02,2026-07-27,23.125,1373.25,96,
DM-01-06-01-02,2026-07-28,21.375,1325.0,96,
DM-01-06-01-02,2026-07-29,22.125,1383.75,96,
DM-01-06-01-02,2026-07-30,22.875,1412.5,96,
DM-01-06-01-02,2026-07-31,23.125,1335.5,96,
DM-01-06-01-02,2026-08-01,20.125,1368.5,96,
DM-01-06-01-02,2026-08-02,20.125,1405.25,96,
DM-01-06-01-02,2026-08-03,21.25,1401.5,96,
DM-01-06-01-02,2026-08-04,21.875,1389.5,96,
DM-01-06-01-02,2026-08-05,20.875,1370.0,96,
DM-01-06-01-02,2026-08-06,21.125,1377.25,96,
DM-01-06-01-02,2026-08-07,22.125,1390.25,96,
DM-01-06-01-02,2026-08-08,22.625,1429.75,96,0.448
DM-01-06-01-02,2026-08-09,23.5,1389.0,96,1.771
DM-01-06-01-02,2026-08-10,21.5,1376.25,96,1.094
DM-01-06-01-02,2026-08-11,22.0,1406.62,96,0.917
DM-01-06-01-02,2026-08-12,22.0,1406.62,96,0.74
DM-01-06-01-02,2026-08-13,22.0,1406.62,96,0.563
DM-01-06-01-02,2026-08-14,22.0,1406.62,96,0.386
DM-01-06-01-02,2026-08-15,22.0,1406.62,96,0.209
DM-01-06-01-02,2026-08-16,22.0,1406.62,96,0.032
DM-01-06-04-02,2026-07-25,135.375,6355.75,96,
DM-01-06-04-02,2026-07-26,134.0,6308.0,96,
DM-01-06-04-02,2026-07-27,132.0,5988.25,96,
DM-01-06-04-02,2026-07-28,119.375,5728.0,96,
DM-01-06-04-02,2026-07-29,130.25,5865.0,96,
DM-01-06-04-02,2026-07-30,121.25,5887.25,96,
DM-01-06-04-02,2026-07-31,121.625,5651.5,96,
DM-01-06-04-02,2026-08-01,121.125,5906.25,96,
DM-01-06-04-02,2026-08-02,124.25,6109.5,96,
DM-01-06-04-02,2026-08-03,123.125,6094.25,96,
DM-01-06-04-02,2026-08-04,125.0,5660.5,96,
DM-01-06-04-02,2026-08-05,160.25,5832.5,96,
DM-01-06-04-02,2026-08-06,128.125,5884.25,96,
DM-01-06-04-02,2026-08-07,126.25,5910.25,96,
DM-01-06-04-02,2026-08-08,123.0,6160.25,96,0.0
DM-01-06-04-02,2026-08-09,123.5,6061.5,96,0.0
DM-01-06-04-02,2026-08-10,122.125,5919.75,96,0.0
DM-01-06-04-02,2026-08-11,120.625,5915.75,96,0.0
DM-01-06-04-02,2026-08-12,124.375,6117.25,96,0.0
DM-01-06-04-02,2026-08-13,124.875,5952.5,96,0.0
DM-01-06-04-02,2026-08-14,129.75,6106.25,96,0.0
DM-01-06-04-02,2026-08-15,130.375,6327.75,96,0.0
DM-01-06-04-02,2026-08-16,130.0,6294.0,96,0.0
DM-01-06-05-01,2026-07-25,83.75,4213.0,96,
DM-01-06-05-01,2026-07-26,87.0,4164.75,96,
DM-01-06-05-01,2026-07-27,85.875,4011.75,96,
DM-01-06-05-01,2026-07-28,82.625,3924.5,96,
DM-01-06-05-01,2026-07-29,84.25,4017.25,96,
DM-01-06-05-01,2026-07-30,81.375,4026.25,96,
DM-01-06-05-01,2026-07-31,84.75,3938.75,96,
DM-01-06-05-01,2026-08-01,83.625,4059.75,96,
DM-01-06-05-01,2026-08-02,83.5,4129.25,96,
DM-01-06-05-01,2026-08-03,85.0,4033.0,96,
DM-01-06-05-01,2026-08-04,85.125,4043.5,96,
DM-01-06-05-01,2026-08-05,82.875,3969.0,96,
DM-01-06-05-01,2026-08-06,81.0,3928.5,96,
DM-01-06-05-01,2026-08-07,80.875,3899.0,96,
DM-01-06-05-01,2026-08-08,79.75,4114.25,96,0.0
DM-01-06-05-01,2026-08-09,79.75,4083.25,96,0.0
DM-01-06-05-01,2026-08-10,85.375,4049.75,96,0.808
DM-01-06-05-01,2026-08-11,84.375,4063.0,96,0.616
DM-01-06-05-01,2026-08-12,85.25,4194.25,96,1.299
DM-01-06-05-01,2026-08-13,86.375,4106.5,96,3.108
DM-01-06-05-01,2026-08-14,87.125,4174.75,96,5.666
DM-01-06-05-01,2026-08-15,87.5,4284.0,96,8.599
DM-01-06-05-01,2026-08-16,85.25,4246.75,96,9.282
DM-01-07-02-01,2026-07-25,104.375,4740.0,96,
DM-01-07-02-01,2026-07-26,99.25,4736.5,96,
DM-01-07-02-01,2026-07-27,94.375,4650.0,96,
DM-01-07-02-01,2026-07-28,94.125,4579.75,96,
DM-01-07-02-01,2026-07-29,94.875,4622.75,96,
DM-01-07-02-01,2026-07-30,93.0,4635.75,96,
DM-01-07-02-01,2026-07-31,90.25,4462.5,96,
DM-01-07-02-01,2026-08-01,87.75,4597.25,96,
DM-01-07-02-01,2026-08-02,90.25,4681.25,96,
DM-01-07-02-01,2026-08-03,90.125,4674.25,96,
DM-01-07-02-01,2026-08-04,92.0,4305.75,96,
DM-01-07-02-01,2026-08-05,92.25,4405.25,96,
DM-01-07-02-01,2026-08-06,96.25,4635.5,96,
DM-01-07-02-01,2026-08-07,96.75,4632.0,96,
DM-01-07-02-01,2026-08-08,92.25,4864.5,96,0.0
DM-01-07-02-01,2026-08-09,94.5,4795.75,96,0.0
DM-01-07-02-01,2026-08-10,92.5,4664.25,96,0.0
DM-01-07-02-01,2026-08-11,96.125,4733.5,96,0.086
DM-01-07-02-01,2026-08-12,101.125,4925.5,96,5.172
DM-01-07-02-01,2026-08-13,97.375,4836.25,96,6.508
DM-01-07-02-01,2026-08-14,96.25,4866.0,96,6.719
DM-01-07-02-01,2026-08-15,102.25,5039.25,96,12.929
DM-01-07-02-01,2026-08-16,101.625,5066.75,96,18.515
DM-01-07-02-03,2026-07-25,21.0,1220.0,96,
DM-01-07-02-03,2026-07-26,20.75,1192.75,96,
DM-01-07-02-03,2026-07-27,21.0,1134.25,96,
DM-01-07-02-03,2026-07-28,20.0,1102.25,96,
DM-01-07-02-03,2026-07-29,19.75,1076.25,96,
DM-01-07-02-03,2026-07-30,18.875,1096.75,96,
DM-01-07-02-03,2026-07-31,18.875,1064.25,96,
DM-01-07-02-03,2026-08-01,19.75,1170.25,96,
DM-01-07-02-03,2026-08-02,20.0,1143.25,96,
DM-01-07-02-03,2026-08-03,19.25,1138.5,96,
DM-01-07-02-03,2026-08-04,19.5,1164.5,96,
DM-01-07-02-03,2026-08-05,18.875,1083.25,96,
DM-01-07-02-03,2026-08-06,20.125,1129.0,96,
DM-01-07-02-03,2026-08-07,19.75,1112.5,96,
DM-01-07-02-03,2026-08-08,18.5,1191.75,96,0.0
DM-01-07-02-03,2026-08-09,24.25,1201.75,96,4.077
DM-01-07-02-03,2026-08-10,19.375,1116.75,96,3.279
DM-01-07-02-03,2026-08-11,17.875,1121.5,96,0.98
DM-01-07-02-03,2026-08-12,18.875,1158.0,96,0.0
DM-01-07-02-03,2026-08-13,20.125,1114.5,96,0.0
DM-01-07-02-03,2026-08-14,17.75,1115.75,96,0.0
DM-01-07-02-03,2026-08-15,19.125,1200.25,96,0.0
DM-01-07-02-03,2026-08-16,18.75,1165.75,96,0.0
DM-01-07-03-01,2026-07-25,83.5,3398.0,96,
DM-01-07-03-01,2026-07-26,83.125,3367.25,96,
DM-01-07-03-01,2026-07-27,82.125,3264.0,96,
DM-01-07-03-01,2026-07-28,79.875,3259.75,96,
DM-01-07-03-01,2026-07-29,83.125,3275.75,96,
DM-01-07-03-01,2026-07-30,78.75,3305.75,96,
DM-01-07-03-01,2026-07-31,81.0,3199.75,96,
DM-01-07-03-01,2026-08-01,76.75,3259.25,96,
DM-01-07-03-01,2026-08-02,79.0,3378.0,96,
DM-01-07-03-01,2026-08-03,76.625,3263.0,96,
DM-01-07-03-01,2026-08-04,77.5,3252.75,96,
DM-01-07-03-01,2026-08-05,76.0,3146.0,96,
DM-01-07-03-01,2026-08-06,75.375,3172.25,96,
DM-01-07-03-01,2026-08-07,75.875,3168.5,96,
DM-01-07-03-01,2026-08-08,73.125,3323.5,96,0.0
DM-01-07-03-01,2026-08-09,75.5,3301.5,96,0.0
DM-01-07-03-01,2026-08-10,74.125,3160.25,96,0.0
DM-01-07-03-01,2026-08-11,72.875,3252.75,96,0.0
DM-01-07-03-01,2026-08-12,76.0,3237.75,96,0.0
DM-01-07-03-01,2026-08-13,79.0,3209.5,96,0.0
DM-01-07-03-01,2026-08-14,77.25,3142.75,96,0.0
DM-01-07-03-01,2026-08-15,78.375,3262.5,96,0.0
DM-01-07-03-01,2026-08-16,76.5,3266.25,96,0.0
DM-01-07-03-02,2026-07-25,44.875,2155.25,96,
DM-01-07-03-02,2026-07-26,43.875,2162.5,96,
DM-01-07-03-02,2026-07-27,44.125,2022.0,96,
DM-01-07-03-02,2026-07-28,41.875,2043.5,96,
DM-01-07-03-02,2026-07-29,43.5,2086.25,96,
DM-01-07-03-02,2026-07-30,43.25,2086.25,96,
DM-01-07-03-02,2026-07-31,43.25,1989.5,96,
DM-01-07-03-02,2026-08-01,39.0,2060.5,96,
DM-01-07-03-02,2026-08-02,40.5,2150.75,96,
DM-01-07-03-02,2026-08-03,39.75,2087.5,96,
DM-01-07-03-02,2026-08-04,41.5,2053.25,96,
DM-01-07-03-02,2026-08-05,39.125,1990.75,96,
DM-01-07-03-02,2026-08-06,35.0,1875.25,96,
DM-01-07-03-02,2026-08-07,35.125,1858.75,96,
DM-01-07-03-02,2026-08-08,36.375,1992.0,96,0.0
DM-01-07-03-02,2026-08-09,36.625,2036.5,96,0.0
DM-01-07-03-02,2026-08-10,35.875,1923.5,96,0.0
DM-01-07-03-02,2026-08-11,39.375,1982.75,96,0.0
DM-01-07-03-02,2026-08-12,39.0,2082.0,96,0.0
DM-01-07-03-02,2026-08-13,39.375,2037.25,96,0.0
DM-01-07-03-02,2026-08-14,39.25,2017.0,96,0.0
DM-01-07-03-02,2026-08-15,39.5,2095.5,96,0.0
DM-01-07-03-02,2026-08-16,40.0,2125.25,96,0.0
DM-01-07-04-03,2026-07-25,33.5,1959.25,96,
DM-01-07-04-03,2026-07-26,33.375,1931.75,96,
DM-01-07-04-03,2026-07-27,32.875,1887.5,96,
DM-01-07-04-03,2026-07-28,32.5,1772.0,96,
DM-01-07-04-03,2026-07-29,32.75,1840.5,96,
DM-01-07-04-03,2026-07-30,32.875,1814.75,96,
DM-01-07-04-03,2026-07-31,31.125,1784.25,96,
DM-01-07-04-03,2026-08-01,29.75,1822.25,96,
DM-01-07-04-03,2026-08-02,30.125,1833.75,96,
DM-01-07-04-03,2026-08-03,32.125,1880.75,96,
DM-01-07-04-03,2026-08-04,30.375,1912.75,96,
DM-01-07-04-03,2026-08-05,33.5,1814.75,96,
DM-01-07-04-03,2026-08-06,32.0,1808.75,96,
DM-01-07-04-03,2026-08-07,32.25,1750.75,96,
DM-01-07-04-03,2026-08-08,31.375,1827.25,96,0.0
DM-01-07-04-03,2026-08-09,30.0,1806.5,96,0.0
DM-01-07-04-03,2026-08-10,30.125,1798.25,96,0.0
DM-01-07-04-03,2026-08-11,29.875,1782.75,96,0.0
DM-01-07-04-03,2026-08-12,31.875,1799.75,96,0.0
DM-01-07-04-03,2026-08-13,32.75,1783.25,96,0.062
DM-01-07-04-03,2026-08-14,31.125,1828.0,96,0.0
DM-01-07-04-03,2026-08-15,33.125,1929.25,96,0.437
DM-01-07-04-03,2026-08-16,32.625,1897.5,96,0.373
DM-01-07-06-01,2026-07-25,11.5,804.0,96,
DM-01-07-06-01,2026-07-26,11.125,791.75,96,
DM-01-07-06-01,2026-07-27,12.0,760.75,96,
DM-01-07-06-01,2026-07-28,11.375,694.25,96,
DM-01-07-06-01,2026-07-29,11.5,740.25,96,
DM-01-07-06-01,2026-07-30,11.75,761.5,96,
DM-01-07-06-01,2026-07-31,11.375,752.0,96,
DM-01-07-06-01,2026-08-01,12.375,782.0,96,
DM-01-07-06-01,2026-08-02,11.875,816.5,96,
DM-01-07-06-01,2026-08-03,13.25,832.0,96,
DM-01-07-06-01,2026-08-04,15.625,845.75,96,
DM-01-07-06-01,2026-08-05,13.625,787.0,96,
DM-01-07-06-01,2026-08-06,13.625,778.75,96,
DM-01-07-06-01,2026-08-07,12.125,736.25,96,
DM-01-07-06-01,2026-08-08,12.375,767.75,96,0.0
DM-01-07-06-01,2026-08-09,11.0,758.75,96,0.0
DM-01-07-06-01,2026-08-10,11.75,733.5,96,0.0
DM-01-07-06-01,2026-08-11,11.5,761.25,96,0.0
DM-01-07-06-01,2026-08-12,13.625,765.5,96,0.656
DM-01-07-06-01,2026-08-13,12.25,746.0,96,0.0
DM-01-07-06-01,2026-08-14,12.375,766.75,96,0.0
DM-01-07-06-01,2026-08-15,13.75,808.75,96,0.781
DM-01-07-06-01,2026-08-16,12.125,801.5,96,0.0
DM-01-08-02-01,2026-07-25,62.375,2855.25,96,
DM-01-08-02-01,2026-07-26,62.875,2806.5,96,
DM-01-08-02-01,2026-07-27,63.25,2723.5,96,
DM-01-08-02-01,2026-07-28,58.875,2592.5,96,
DM-01-08-02-01,2026-07-29,61.875,2626.75,96,
DM-01-08-02-01,2026-07-30,66.75,2744.25,96,
DM-01-08-02-01,2026-07-31,58.5,2610.0,96,
DM-01-08-02-01,2026-08-01,57.375,2675.5,96,
DM-01-08-02-01,2026-08-02,59.75,2714.5,96,
DM-01-08-02-01,2026-08-03,58.625,2773.0,96,
DM-01-08-02-01,2026-08-04,63.25,2820.25,96,
DM-01-08-02-01,2026-08-05,63.75,2711.5,96,
DM-01-08-02-01,2026-08-06,62.875,2735.5,96,
DM-01-08-02-01,2026-08-07,61.25,2742.5,96,
DM-01-08-02-01,2026-08-08,59.625,2803.25,96,0.0
DM-01-08-02-01,2026-08-09,61.875,2735.25,96,0.0
DM-01-08-02-01,2026-08-10,61.875,2735.25,96,0.0
DM-01-08-02-01,2026-08-11,61.875,2735.25,96,0.0
DM-01-08-02-01,2026-08-12,61.875,2735.25,96,0.0
DM-01-08-02-01,2026-08-13,61.875,2735.25,96,0.0
DM-01-08-02-01,2026-08-14,61.875,2735.25,96,0.0
DM-01-08-02-01,2026-08-15,61.875,2735.25,96,0.0
DM-01-08-02-01,2026-08-16,61.875,2735.25,96,0.0
DM-01-08-04-01,2026-07-25,40.875,1840.0,96,
DM-01-08-04-01,2026-07-26,40.0,1807.75,96,
DM-01-08-04-01,2026-07-27,39.125,1814.5,96,
DM-01-08-04-01,2026-07-28,39.0,1838.0,96,
DM-01-08-04-01,2026-07-29,39.75,1844.0,96,
DM-01-08-04-01,2026-07-30,42.75,1823.0,96,
DM-01-08-04-01,2026-07-31,40.875,1790.0,96,
DM-01-08-04-01,2026-08-01,40.0,1836.25,96,
DM-01-08-04-01,2026-08-02,41.0,1874.5,96,
DM-01-08-04-01,2026-08-03,39.75,1900.75,96,
DM-01-08-04-01,2026-08-04,41.625,1894.5,96,
DM-01-08-04-01,2026-08-05,42.625,1872.25,96,
DM-01-08-04-01,2026-08-06,45.125,1952.0,96,
DM-01-08-04-01,2026-08-07,43.375,1903.75,96,
DM-01-08-04-01,2026-08-08,41.875,1923.25,96,0.0
DM-01-08-04-01,2026-08-09,42.0,1901.75,96,0.009
DM-01-08-04-01,2026-08-10,40.375,1919.75,96,0.0
DM-01-08-04-01,2026-08-11,38.875,1895.0,96,0.0
DM-01-08-04-01,2026-08-12,38.625,1868.0,96,0.0
DM-01-08-04-01,2026-08-13,41.0,1885.0,96,0.0
DM-01-08-04-01,2026-08-14,41.0,1886.5,96,0.0
DM-01-08-04-01,2026-08-15,41.375,1928.0,96,0.0
DM-01-08-04-01,2026-08-16,40.125,1942.0,96,0.0
DM-01-08-04-03,2026-07-25,198.0,8249.0,96,
DM-01-08-04-03,2026-07-26,193.875,8199.5,96,
DM-01-08-04-03,2026-07-27,198.125,8034.5,96,
DM-01-08-04-03,2026-07-28,189.375,7865.0,96,
DM-01-08-04-03,2026-07-29,198.375,7854.75,96,
DM-01-08-04-03,2026-07-30,189.375,7839.5,96,
DM-01-08-04-03,2026-07-31,183.375,7654.75,96,
DM-01-08-04-03,2026-08-01,183.25,7910.0,96,
DM-01-08-04-03,2026-08-02,187.0,8100.75,96,
DM-01-08-04-03,2026-08-03,191.625,8068.25,96,
DM-01-08-04-03,2026-08-04,188.375,7982.75,96,
DM-01-08-04-03,2026-08-05,188.0,7949.75,96,
DM-01-08-04-03,2026-08-06,198.5,8060.75,96,
DM-01-08-04-03,2026-08-07,190.0,7974.0,96,
DM-01-08-04-03,2026-08-08,185.625,8155.5,96,0.0
DM-01-08-04-03,2026-08-09,192.0,8124.5,96,0.0
DM-01-08-04-03,2026-08-10,184.375,7914.0,96,0.0
DM-01-08-04-03,2026-08-11,191.5,8248.88,96,0.0
DM-01-08-04-03,2026-08-12,201.375,7990.25,96,7.556
DM-01-08-04-03,2026-08-13,203.625,7840.25,96,17.362
DM-01-08-04-03,2026-08-14,213.375,7878.0,96,36.919
DM-01-08-04-03,2026-08-15,208.625,8141.25,96,51.725
DM-01-08-04-03,2026-08-16,206.5,8195.25,96,64.406
DM-01-09-01-01,2026-07-25,172.375,6740.0,96,
DM-01-09-01-01,2026-07-26,177.875,6718.5,96,
DM-01-09-01-01,2026-07-27,184.75,6759.25,96,
DM-01-09-01-01,2026-07-28,182.625,6504.75,96,
DM-01-09-01-01,2026-07-29,187.75,6457.0,96,
DM-01-09-01-01,2026-07-30,166.875,6457.5,96,
DM-01-09-01-01,2026-07-31,172.375,6527.0,96,
DM-01-09-01-01,2026-08-01,163.625,6513.25,96,
DM-01-09-01-01,2026-08-02,172.0,6591.5,96,
DM-01-09-01-01,2026-08-03,191.75,6625.0,96,
DM-01-09-01-01,2026-08-04,175.125,6562.25,96,
DM-01-09-01-01,2026-08-05,182.625,6423.0,96,
DM-01-09-01-01,2026-08-06,169.25,6551.75,96,
DM-01-09-01-01,2026-08-07,173.625,6565.0,96,
DM-01-09-01-01,2026-08-08,182.0,6296.0,96,1.421
DM-01-09-01-01,2026-08-09,163.5,6093.25,96,0.0
DM-01-09-01-01,2026-08-10,157.375,6032.75,96,0.0
DM-01-09-01-01,2026-08-11,169.625,6120.25,96,0.0
DM-01-09-01-01,2026-08-12,162.875,6228.5,96,0.0
DM-01-09-01-01,2026-08-13,164.5,6159.75,96,0.0
DM-01-09-01-01,2026-08-14,156.125,6150.5,96,0.0
DM-01-09-01-01,2026-08-15,152.0,6131.75,96,0.0
DM-01-09-01-01,2026-08-16,151.625,6081.0,96,0.0
DM-01-09-02-01,2026-07-25,36.375,1776.0,96,
DM-01-09-02-01,2026-07-26,37.75,1784.0,96,
DM-01-09-02-01,2026-07-27,38.375,1695.0,96,
DM-01-09-02-01,2026-07-28,34.875,1688.5,96,
DM-01-09-02-01,2026-07-29,38.125,1706.25,96,
DM-01-09-02-01,2026-07-30,35.0,1680.0,96,
DM-01-09-02-01,2026-07-31,39.75,1675.5,96,
DM-01-09-02-01,2026-08-01,35.125,1729.0,96,
DM-01-09-02-01,2026-08-02,37.0,1807.75,96,
DM-01-09-02-01,2026-08-03,36.875,1745.5,96,
DM-01-09-02-01,2026-08-04,42.625,1750.25,96,
DM-01-09-02-01,2026-08-05,40.375,1718.75,96,
DM-01-09-02-01,2026-08-06,39.125,1733.0,96,
DM-01-09-02-01,2026-08-07,41.375,1730.25,96,
DM-01-09-02-01,2026-08-08,37.0,1796.25,96,0.0
DM-01-09-02-01,2026-08-09,42.0,1858.25,96,2.79
DM-01-09-02-01,2026-08-10,39.125,1733.25,96,2.705
DM-01-09-02-01,2026-08-11,39.625,1728.0,96,3.121
DM-01-09-02-01,2026-08-12,37.125,1801.0,96,1.036
DM-01-09-02-01,2026-08-13,37.25,1731.25,96,0.0
DM-01-09-02-01,2026-08-14,38.25,1755.0,96,0.0
DM-01-09-02-01,2026-08-15,39.25,1784.5,96,0.04
DM-01-09-02-01,2026-08-16,40.5,1842.75,96,1.33
DM-01-09-02-02,2026-07-25,35.625,1673.25,96,
DM-01-09-02-02,2026-07-26,35.25,1640.0,96,
DM-01-09-02-02,2026-07-27,33.875,1556.0,96,
DM-01-09-02-02,2026-07-28,31.0,1539.5,96,
DM-01-09-02-02,2026-07-29,32.5,1519.5,96,
DM-01-09-02-02,2026-07-30,32.875,1526.25,96,
DM-01-09-02-02,2026-07-31,33.0,1553.0,96,
DM-01-09-02-02,2026-08-01,34.0,1590.75,96,
DM-01-09-02-02,2026-08-02,33.875,1649.75,96,
DM-01-09-02-02,2026-08-03,32.375,1640.75,96,
DM-01-09-02-02,2026-08-04,37.375,1605.75,96,
DM-01-09-02-02,2026-08-05,34.75,1569.75,96,
DM-01-09-02-02,2026-08-06,31.375,1555.0,96,
DM-01-09-02-02,2026-08-07,33.0,1553.0,96,
DM-01-09-02-02,2026-08-08,32.125,1585.25,96,0.0
DM-01-09-02-02,2026-08-09,30.375,1610.25,96,0.0
DM-01-09-02-02,2026-08-10,32.0,1515.0,96,0.0
DM-01-09-02-02,2026-08-11,34.5,1519.0,96,0.038
DM-01-09-02-02,2026-08-12,33.375,1599.25,96,0.0
DM-01-09-02-02,2026-08-13,32.125,1559.25,96,0.0
DM-01-09-02-02,2026-08-14,34.875,1568.0,96,0.413
DM-01-09-02-02,2026-08-15,32.125,1590.75,96,0.0
DM-01-09-02-02,2026-08-16,34.625,1648.5,96,0.163
DM-01-09-03-01,2026-07-25,70.375,2738.0,96,
DM-01-09-03-01,2026-07-26,69.625,2800.0,96,
DM-01-09-03-01,2026-07-27,69.75,2656.0,96,
DM-01-09-03-01,2026-07-28,67.125,2615.0,96,
DM-01-09-03-01,2026-07-29,69.0,2731.0,96,
DM-01-09-03-01,2026-07-30,68.75,2654.5,96,
DM-01-09-03-01,2026-07-31,73.625,2715.75,96,
DM-01-09-03-01,2026-08-01,69.0,2690.0,96,
DM-01-09-03-01,2026-08-02,69.125,2803.5,96,
DM-01-09-03-01,2026-08-03,72.0,2753.25,96,
DM-01-09-03-01,2026-08-04,70.375,2789.5,96,
DM-01-09-03-01,2026-08-05,73.75,2694.75,96,
DM-01-09-03-01,2026-08-06,72.125,2780.25,96,
DM-01-09-03-01,2026-08-07,71.375,2779.0,96,
DM-01-09-03-01,2026-08-08,72.0,2850.25,96,0.644
DM-01-09-03-01,2026-08-09,71.875,2783.25,96,1.164
DM-01-09-03-01,2026-08-10,74.0,2781.0,96,3.808
DM-01-09-03-01,2026-08-11,71.75,2738.5,96,4.203
DM-01-09-03-01,2026-08-12,72.25,2789.25,96,5.097
DM-01-09-03-01,2026-08-13,73.0,2889.0,96,6.742
DM-01-09-03-01,2026-08-14,71.125,2756.0,96,6.511
DM-01-09-03-01,2026-08-15,71.5,2838.0,96,6.656
DM-01-09-03-01,2026-08-16,72.625,2804.75,96,7.925
DM-01-09-04-01,2026-07-25,139.75,5731.0,96,
DM-01-09-04-01,2026-07-26,140.875,5703.75,96,
DM-01-09-04-01,2026-07-27,142.625,5576.25,96,
DM-01-09-04-01,2026-07-28,136.125,5558.5,96,
DM-01-09-04-01,2026-07-29,138.125,5584.25,96,
DM-01-09-04-01,2026-07-30,138.0,5633.75,96,
DM-01-09-04-01,2026-07-31,140.5,5573.5,96,
DM-01-09-04-01,2026-08-01,136.125,5669.75,96,
DM-01-09-04-01,2026-08-02,141.625,5705.0,96,
DM-01-09-04-01,2026-08-03,140.875,5682.5,96,
DM-01-09-04-01,2026-08-04,139.125,5631.75,96,
DM-01-09-04-01,2026-08-05,141.25,5629.0,96,
DM-01-09-04-01,2026-08-06,135.375,5636.5,96,
DM-01-09-04-01,2026-08-07,142.25,5668.25,96,
DM-01-09-04-01,2026-08-08,139.0,5783.5,96,0.0
DM-01-09-04-01,2026-08-09,140.75,5775.75,96,0.129
DM-01-09-04-01,2026-08-10,140.625,5714.5,96,0.132
DM-01-09-04-01,2026-08-11,138.375,5646.0,96,0.0
DM-01-09-04-01,2026-08-12,137.5,5780.0,96,0.0
DM-01-09-04-01,2026-08-13,140.75,5752.75,96,0.129
DM-01-09-04-01,2026-08-14,140.625,5782.62,96,0.132
DM-01-09-04-01,2026-08-15,143.875,5916.5,96,3.386
DM-01-09-04-01,2026-08-16,129.75,5517.5,96,0.0
DM-01-09-06-01,2026-07-25,47.0,1895.75,96,
DM-01-09-06-01,2026-07-26,46.75,1903.25,96,
DM-01-09-06-01,2026-07-27,47.25,1858.25,96,
DM-01-09-06-01,2026-07-28,46.25,1816.5,96,
DM-01-09-06-01,2026-07-29,46.25,1841.75,96,
DM-01-09-06-01,2026-07-30,45.75,1856.0,96,
DM-01-09-06-01,2026-07-31,48.375,1818.5,96,
DM-01-09-06-01,2026-08-01,45.5,1823.25,96,
DM-01-09-06-01,2026-08-02,41.875,1801.0,96,
DM-01-09-06-01,2026-08-03,43.25,1759.5,96,
DM-01-09-06-01,2026-08-04,43.0,1764.5,96,
DM-01-09-06-01,2026-08-05,43.5,1712.5,96,
DM-01-09-06-01,2026-08-06,43.375,1759.5,96,
DM-01-09-06-01,2026-08-07,42.25,1741.5,96,
DM-01-09-06-01,2026-08-08,41.875,1800.5,96,0.0
DM-01-09-06-01,2026-08-09,43.875,1828.0,96,0.0
DM-01-09-06-01,2026-08-10,44.375,1776.5,96,0.0
DM-01-09-06-01,2026-08-11,44.625,1839.5,96,0.0
DM-01-09-06-01,2026-08-12,47.125,1960.0,96,1.092
DM-01-09-06-01,2026-08-13,49.75,1924.25,96,4.809
DM-01-09-06-01,2026-08-14,49.5,1920.0,96,8.275
DM-01-09-06-01,2026-08-15,49.25,1939.25,96,11.492
DM-01-09-06-01,2026-08-16,47.125,1857.75,96,12.584
DM-01-09-07-01,2026-07-25,134.625,5798.75,96,
DM-01-09-07-01,2026-07-26,142.5,5715.25,96,
DM-01-09-07-01,2026-07-27,137.375,5525.25,96,
DM-01-09-07-01,2026-07-28,133.625,5436.75,96,
DM-01-09-07-01,2026-07-29,133.5,5414.25,96,
DM-01-09-07-01,2026-07-30,137.875,5433.25,96,
DM-01-09-07-01,2026-07-31,139.875,5415.25,96,
DM-01-09-07-01,2026-08-01,129.375,5534.75,96,
DM-01-09-07-01,2026-08-02,136.125,5699.25,96,
DM-01-09-07-01,2026-08-03,142.0,5594.75,96,
DM-01-09-07-01,2026-08-04,140.875,5498.0,96,
DM-01-09-07-01,2026-08-05,140.0,5447.0,96,
DM-01-09-07-01,2026-08-06,141.625,5462.5,96,
DM-01-09-07-01,2026-08-07,139.75,5399.5,96,
DM-01-09-07-01,2026-08-08,129.0,5577.0,96,0.0
DM-01-09-07-01,2026-08-09,134.125,5599.0,96,0.0
DM-01-09-07-01,2026-08-10,141.5,5414.0,96,1.831
DM-01-09-07-01,2026-08-11,135.25,5384.25,96,0.0
DM-01-09-07-01,2026-08-12,133.375,5574.75,96,0.0
DM-01-09-07-01,2026-08-13,135.25,5360.5,96,0.0
DM-01-09-07-01,2026-08-14,141.75,5409.0,96,2.081
DM-01-09-07-01,2026-08-15,131.75,5633.75,96,0.0
DM-01-09-07-01,2026-08-16,137.625,5624.75,96,0.0
DM-01-09-10-01,2026-07-25,61.25,2553.5,96,
DM-01-09-10-01,2026-07-26,74.125,2424.25,96,
DM-01-09-10-01,2026-07-27,73.75,2423.0,96,
DM-01-09-10-01,2026-07-28,58.25,2321.25,96,
DM-01-09-10-01,2026-07-29,59.5,2389.0,96,
DM-01-09-10-01,2026-07-30,62.0,2402.5,96,
DM-01-09-10-01,2026-07-31,61.0,2449.5,96,
DM-01-09-10-01,2026-08-01,73.25,2486.25,96,
DM-01-09-10-01,2026-08-02,60.5,2457.25,96,
DM-01-09-10-01,2026-08-03,60.875,2526.75,96,
DM-01-09-10-01,2026-08-04,70.5,2433.25,96,
DM-01-09-10-01,2026-08-05,61.875,2352.25,96,
DM-01-09-10-01,2026-08-06,54.625,2328.0,96,
DM-01-09-10-01,2026-08-07,53.25,2330.25,96,
DM-01-09-10-01,2026-08-08,54.5,2365.5,96,0.0
DM-01-09-10-01,2026-08-09,70.625,2322.75,96,4.101
DM-01-09-10-01,2026-08-10,56.0,2319.5,96,0.0
DM-01-09-10-01,2026-08-11,56.0,2330.5,96,0.0
DM-01-09-10-01,2026-08-12,56.0,2353.25,96,0.0
DM-01-09-10-01,2026-08-13,56.75,2320.0,96,0.0
DM-01-09-10-01,2026-08-14,56.75,2310.5,96,0.0
DM-01-09-10-01,2026-08-15,56.5,2341.5,96,0.0
DM-01-09-10-01,2026-08-16,54.375,2286.75,96,0.0
DM-02-01-01-01,2026-07-25,38.75,1672.75,96,
DM-02-01-01-01,2026-07-26,38.125,1809.5,96,
DM-02-01-01-01,2026-07-27,45.0,1670.5,96,
DM-02-01-01-01,2026-07-28,41.625,1573.25,96,
DM-02-01-01-01,2026-07-29,36.5,1522.25,96,
DM-02-01-01-01,2026-07-30,39.5,1591.5,96,
DM-02-01-01-01,2026-07-31,44.5,1670.0,96,
DM-02-01-01-01,2026-08-01,39.0,1751.25,96,
DM-02-01-01-01,2026-08-02,40.5,1728.75,96,
DM-02-01-01-01,2026-08-03,39.25,1918.25,96,
DM-02-01-01-01,2026-08-04,46.75,2031.75,96,
DM-02-01-01-01,2026-08-05,26.875,1898.0,96,
DM-02-01-01-01,2026-08-06,47.75,2022.25,96,
DM-02-01-01-01,2026-08-07,40.625,1856.75,96,
DM-02-01-01-01,2026-08-08,45.125,1855.0,96,2.307
DM-02-01-01-01,2026-08-09,43.125,1866.0,96,2.615
DM-02-01-01-01,2026-08-10,48.125,2141.0,96,7.922
DM-02-01-01-01,2026-08-11,50.75,2217.25,96,15.855
DM-02-01-01-01,2026-08-12,50.0,2111.38,96,23.037
DM-02-01-01-01,2026-08-13,50.0,2265.75,96,30.219
DM-02-01-01-01,2026-08-14,56.75,2277.5,96,44.152
DM-02-01-01-01,2026-08-15,50.125,2104.0,96,51.459
DM-02-01-01-01,2026-08-16,51.625,2126.25,96,60.267
DM-02-01-01-02,2026-07-25,65.875,2813.75,96,
DM-02-01-01-02,2026-07-26,65.625,2799.0,96,
DM-02-01-01-02,2026-07-27,64.25,2682.75,96,
DM-02-01-01-02,2026-07-28,63.75,2645.25,96,
DM-02-01-01-02,2026-07-29,62.625,2670.25,96,
DM-02-01-01-02,2026-07-30,63.875,2688.75,96,
DM-02-01-01-02,2026-07-31,67.375,2678.25,96,
DM-02-01-01-02,2026-08-01,64.5,2720.25,96,
DM-02-01-01-02,2026-08-02,65.125,2819.75,96,
DM-02-01-01-02,2026-08-03,66.5,2796.5,96,
DM-02-01-01-02,2026-08-04,68.125,2790.5,96,
DM-02-01-01-02,2026-08-05,62.625,2695.25,96,
DM-02-01-01-02,2026-08-06,63.75,2722.75,96,
DM-02-01-01-02,2026-08-07,65.875,2701.5,96,
DM-02-01-01-02,2026-08-08,62.5,2784.0,96,0.0
DM-02-01-01-02,2026-08-09,65.5,2791.0,96,0.0
DM-02-01-01-02,2026-08-10,62.5,2721.5,96,0.0
DM-02-01-01-02,2026-08-11,63.5,2730.5,96,0.0
DM-02-01-01-02,2026-08-12,60.875,2745.0,96,0.0
DM-02-01-01-02,2026-08-13,62.375,2674.5,96,0.0
DM-02-01-01-02,2026-08-14,64.625,2616.0,96,0.0
DM-02-01-01-02,2026-08-15,59.375,2650.5,96,0.0
DM-02-01-01-02,2026-08-16,61.25,2748.0,96,0.0
DM-02-01-02-02,2026-07-25,59.5,2377.5,96,
DM-02-01-02-02,2026-07-26,60.625,2308.5,96,
DM-02-01-02-02,2026-07-27,57.875,2245.5,96,
DM-02-01-02-02,2026-07-28,57.125,2208.0,96,
DM-02-01-02-02,2026-07-29,59.75,2219.0,96,
DM-02-01-02-02,2026-07-30,60.375,2232.75,96,
DM-02-01-02-02,2026-07-31,63.25,2262.75,96,
DM-02-01-02-02,2026-08-01,57.75,2286.5,96,
DM-02-01-02-02,2026-08-02,60.75,2369.75,96,
DM-02-01-02-02,2026-08-03,60.0,2424.25,96,
DM-02-01-02-02,2026-08-04,63.25,2454.0,96,
DM-02-01-02-02,2026-08-05,66.0,2395.5,96,
DM-02-01-02-02,2026-08-06,62.25,2455.75,96,
DM-02-01-02-02,2026-08-07,70.375,2588.0,96,
DM-02-01-02-02,2026-08-08,61.625,2447.75,96,0.0
DM-02-01-02-02,2026-08-09,63.625,2436.5,96,0.567
DM-02-01-02-02,2026-08-10,61.5,2436.25,96,0.0
DM-02-01-02-02,2026-08-11,60.875,2306.5,96,0.0
DM-02-01-02-02,2026-08-12,51.0,2073.0,96,0.0
DM-02-01-02-02,2026-08-13,52.625,2145.5,96,0.0
DM-02-01-02-02,2026-08-14,48.5,2128.75,96,0.0
DM-02-01-02-02,2026-08-15,55.375,2149.25,96,0.0
DM-02-01-02-02,2026-08-16,51.625,2134.5,96,0.0
DM-02-01-03-02,2026-07-25,36.0,1371.0,96,
DM-02-01-03-02,2026-07-26,36.625,1333.0,96,
DM-02-01-03-02,2026-07-27,36.125,1235.0,96,
DM-02-01-03-02,2026-07-28,35.75,1294.25,96,
DM-02-01-03-02,2026-07-29,31.75,1300.75,96,
DM-02-01-03-02,2026-07-30,34.125,1318.75,96,
DM-02-01-03-02,2026-07-31,35.75,1329.75,96,
DM-02-01-03-02,2026-08-01,33.625,1337.25,96,
DM-02-01-03-02,2026-08-02,36.25,1339.25,96,
DM-02-01-03-02,2026-08-03,35.0,1370.25,96,
DM-02-01-03-02,2026-08-04,35.625,1296.5,96,
DM-02-01-03-02,2026-08-05,31.5,1265.0,96,
DM-02-01-03-02,2026-08-06,34.375,1362.5,96,
DM-02-01-03-02,2026-08-07,34.5,1362.0,96,
DM-02-01-03-02,2026-08-08,33.5,1374.75,96,0.0
DM-02-01-03-02,2026-08-09,35.25,1405.25,96,0.0
DM-02-01-03-02,2026-08-10,36.875,1374.5,96,1.316
DM-02-01-03-02,2026-08-11,34.0,1345.0,96,0.0
DM-02-01-03-02,2026-08-12,34.375,1340.5,96,0.0
DM-02-01-03-02,2026-08-13,34.625,1376.75,96,0.0
DM-02-01-03-02,2026-08-14,37.75,1403.5,96,2.191
DM-02-01-03-02,2026-08-15,32.5,1370.25,96,0.0
DM-02-01-03-02,2026-08-16,36.375,1411.75,96,0.816
DM-02-01-03-03,2026-07-25,179.375,6777.5,96,
DM-02-01-03-03,2026-07-26,185.625,6490.25,96,
DM-02-01-03-03,2026-07-27,175.875,6211.0,96,
DM-02-01-03-03,2026-07-28,153.25,5924.5,96,
DM-02-01-03-03,2026-07-29,139.125,6047.75,96,
DM-02-01-03-03,2026-07-30,152.875,6021.0,96,
DM-02-01-03-03,2026-07-31,161.75,6169.0,96,
DM-02-01-03-03,2026-08-01,142.125,6049.5,96,
DM-02-01-03-03,2026-08-02,175.0,6141.0,96,
DM-02-01-03-03,2026-08-03,153.375,6434.0,96,
DM-02-01-03-03,2026-08-04,163.625,6217.25,96,
DM-02-01-03-03,2026-08-05,138.875,6154.5,96,
DM-02-01-03-03,2026-08-06,153.875,6363.0,96,
DM-02-01-03-03,2026-08-07,162.375,6415.75,96,
DM-02-01-03-03,2026-08-08,133.625,6224.25,96,0.0
DM-02-01-03-03,2026-08-09,148.375,6625.75,96,0.0
DM-02-01-03-03,2026-08-10,178.75,6619.25,96,11.747
DM-02-01-03-03,2026-08-11,138.25,6261.25,96,0.0
DM-02-01-03-03,2026-08-12,138.875,6182.75,96,0.0
DM-02-01-03-03,2026-08-13,146.375,6362.75,96,0.0
DM-02-01-03-03,2026-08-14,177.625,6536.25,96,10.622
DM-02-01-03-03,2026-08-15,132.25,6213.5,96,0.0
DM-02-01-03-03,2026-08-16,169.875,6456.5,96,2.872
DM-02-01-04-01,2026-07-25,23.125,1514.5,96,
DM-02-01-04-01,2026-07-26,24.0,1664.75,96,
DM-02-01-04-01,2026-07-27,24.0,1561.75,96,
DM-02-01-04-01,2026-07-28,24.75,1411.75,96,
DM-02-01-04-01,2026-07-29,26.5,1456.75,96,
DM-02-01-04-01,2026-07-30,32.625,1530.5,96,
DM-02-01-04-01,2026-07-31,39.875,1461.25,96,
DM-02-01-04-01,2026-08-01,23.625,1471.25,96,
DM-02-01-04-01,2026-08-02,28.25,1544.0,96,
DM-02-01-04-01,2026-08-03,24.875,1540.0,96,
DM-02-01-04-01,2026-08-04,31.875,1587.25,96,
DM-02-01-04-01,2026-08-05,32.5,1455.75,96,
DM-02-01-04-01,2026-08-06,27.125,1505.5,96,
DM-02-01-04-01,2026-08-07,23.875,1480.0,96,
DM-02-01-04-01,2026-08-08,44.625,1547.25,96,14.625
DM-02-01-04-01,2026-08-09,24.5,1465.0,96,9.124
DM-02-01-04-01,2026-08-10,24.125,1486.25,96,3.249
DM-02-01-04-01,2026-08-11,25.875,1490.0,96,0.0
DM-02-01-04-01,2026-08-12,23.875,1483.5,96,0.0
DM-02-01-04-01,2026-08-13,22.75,1500.5,96,0.0
DM-02-01-04-01,2026-08-14,25.0,1599.25,96,0.0
DM-02-01-04-01,2026-08-15,26.5,1543.25,96,0.0
DM-02-01-04-01,2026-08-16,24.875,1501.0,96,0.0
DM-02-02-01-01,2026-07-25,117.875,3840.5,96,
DM-02-02-01-01,2026-07-26,121.375,3792.5,96,
DM-02-02-01-01,2026-07-27,121.75,3738.0,96,
DM-02-02-01-01,2026-07-28,114.0,3592.25,96,
DM-02-02-01-01,2026-07-29,114.375,3651.0,96,
DM-02-02-01-01,2026-07-30,113.875,3647.5,96,
DM-02-02-01-01,2026-07-31,120.812,3786.62,96,
DM-02-02-01-01,2026-08-01,116.875,3535.0,96,
DM-02-02-01-01,2026-08-02,113.125,3627.75,96,
DM-02-02-01-01,2026-08-03,116.0,3693.75,96,
DM-02-02-01-01,2026-08-04,115.75,3688.25,96,
DM-02-02-01-01,2026-08-05,121.25,3702.25,96,
DM-02-02-01-01,2026-08-06,117.625,3621.5,96,
DM-02-02-01-01,2026-08-07,115.875,3546.75,96,
DM-02-02-01-01,2026-08-08,112.625,3660.75,96,0.0
DM-02-02-01-01,2026-08-09,112.625,3643.0,96,0.0
DM-02-02-01-01,2026-08-10,114.0,3593.75,96,0.0
DM-02-02-01-01,2026-08-11,108.625,3482.25,96,0.0
DM-02-02-01-01,2026-08-12,110.875,3571.5,96,0.0
DM-02-02-01-01,2026-08-13,110.0,3453.75,96,0.0
DM-02-02-01-01,2026-08-14,110.75,3516.25,96,0.0
DM-02-02-01-01,2026-08-15,116.75,3583.75,96,0.0
DM-02-02-01-01,2026-08-16,109.875,3569.5,96,0.0
DM-02-02-01-02,2026-07-25,1.875,35.38,96,
DM-02-02-01-02,2026-07-26,2.438,37.62,96,
DM-02-02-01-02,2026-07-27,2.875,171.0,96,
DM-02-02-01-02,2026-07-28,6.5,133.12,96,
DM-02-02-01-02,2026-07-29,5.25,170.0,96,
DM-02-02-01-02,2026-07-30,5.812,138.25,96,
DM-02-02-01-02,2026-07-31,3.125,146.25,96,
DM-02-02-01-02,2026-08-01,6.25,182.25,96,
DM-02-02-01-02,2026-08-02,6.25,177.62,96,
DM-02-02-01-02,2026-08-03,3.375,164.75,96,
DM-02-02-01-02,2026-08-04,8.25,2772.5,96,
DM-02-02-01-02,2026-08-05,108.875,5227.75,96,
DM-02-02-01-02,2026-08-06,114.0,5497.25,96,
DM-02-02-01-02,2026-08-07,110.375,5550.0,96,
DM-02-02-01-02,2026-08-08,109.5,5812.0,96,60.139
DM-02-02-01-02,2026-08-09,117.25,5976.0,96,128.027
DM-02-02-01-02,2026-08-10,121.25,5820.0,96,199.916
DM-02-02-01-02,2026-08-11,121.625,5532.75,96,272.179
DM-02-02-01-02,2026-08-12,121.25,6114.5,96,344.068
DM-02-02-01-02,2026-08-13,124.875,5558.5,96,419.582
DM-02-02-01-02,2026-08-14,124.75,6151.5,96,494.97
DM-02-02-01-02,2026-08-15,122.0,6242.75,96,567.609
DM-02-02-01-02,2026-08-16,129.75,6413.0,96,647.998
DM-02-02-02-01,2026-07-25,99.875,4785.75,96,
DM-02-02-02-01,2026-07-26,108.625,4830.75,96,
DM-02-02-02-01,2026-07-27,104.375,4021.5,96,
DM-02-02-02-01,2026-07-28,98.625,4526.25,96,
DM-02-02-02-01,2026-07-29,95.875,4550.75,96,
DM-02-02-02-01,2026-07-30,92.5,4537.5,96,
DM-02-02-02-01,2026-07-31,98.25,4492.25,96,
DM-02-02-02-01,2026-08-01,93.375,4672.25,96,
DM-02-02-02-01,2026-08-02,99.5,4686.25,96,
DM-02-02-02-01,2026-08-03,104.25,4969.5,96,
DM-02-02-02-01,2026-08-04,102.0,4673.5,96,
DM-02-02-02-01,2026-08-05,106.375,4589.5,96,
DM-02-02-02-01,2026-08-06,102.0,4019.75,96,
DM-02-02-02-01,2026-08-07,99.75,4803.25,96,
DM-02-02-02-01,2026-08-08,97.0,4777.25,96,0.0
DM-02-02-02-01,2026-08-09,97.875,4690.25,96,0.0
DM-02-02-02-01,2026-08-10,108.125,4706.25,96,5.503
DM-02-02-02-01,2026-08-11,101.875,4623.0,96,4.755
DM-02-02-02-01,2026-08-12,116.5,4686.0,96,18.633
DM-02-02-02-01,2026-08-13,115.25,4710.0,96,31.26
DM-02-02-02-01,2026-08-14,114.125,4792.75,96,42.763
DM-02-02-02-01,2026-08-15,107.0,4863.75,96,47.14
DM-02-02-02-01,2026-08-16,111.125,4846.75,96,55.643
DM-02-02-03-01,2026-07-25,60.5,2708.5,96,
DM-02-02-03-01,2026-07-26,62.375,2673.5,96,
DM-02-02-03-01,2026-07-27,57.25,2598.0,96,
DM-02-02-03-01,2026-07-28,56.125,2534.5,96,
DM-02-02-03-01,2026-07-29,53.25,2617.0,96,
DM-02-02-03-01,2026-07-30,64.125,2670.5,96,
DM-02-02-03-01,2026-07-31,62.375,2605.5,96,
DM-02-02-03-01,2026-08-01,52.125,2656.75,96,
DM-02-02-03-01,2026-08-02,56.5,2656.25,96,
DM-02-02-03-01,2026-08-03,63.875,2737.5,96,
DM-02-02-03-01,2026-08-04,56.0,2665.0,96,
DM-02-02-03-01,2026-08-05,58.25,2529.0,96,
DM-02-02-03-01,2026-08-06,65.0,2629.75,96,
DM-02-02-03-01,2026-08-07,62.625,2604.25,96,
DM-02-02-03-01,2026-08-08,55.375,2648.0,96,0.0
DM-02-02-03-01,2026-08-09,66.125,2730.5,96,4.785
DM-02-02-03-01,2026-08-10,59.5,2642.0,96,2.944
DM-02-02-03-01,2026-08-11,58.75,2597.75,96,0.354
DM-02-02-03-01,2026-08-12,58.625,2615.25,96,0.0
DM-02-02-03-01,2026-08-13,56.5,2564.5,96,0.0
DM-02-02-03-01,2026-08-14,59.875,2563.5,96,0.0
DM-02-02-03-01,2026-08-15,59.5,2607.25,96,0.0
DM-02-02-03-01,2026-08-16,52.375,2510.0,96,0.0
DM-02-02-05-01,2026-07-25,22.875,1110.0,96,
DM-02-02-05-01,2026-07-26,28.5,1096.25,96,
DM-02-02-05-01,2026-07-27,23.125,1055.0,96,
DM-02-02-05-01,2026-07-28,21.25,1166.75,96,
DM-02-02-05-01,2026-07-29,21.5,980.5,96,
DM-02-02-05-01,2026-07-30,22.25,1034.5,96,
DM-02-02-05-01,2026-07-31,35.25,1110.75,96,
DM-02-02-05-01,2026-08-01,39.625,1104.75,96,
DM-02-02-05-01,2026-08-02,30.125,1095.5,96,
DM-02-02-05-01,2026-08-03,23.625,1149.5,96,
DM-02-02-05-01,2026-08-04,23.625,1055.5,96,
DM-02-02-05-01,2026-08-05,30.75,1000.88,96,
DM-02-02-05-01,2026-08-06,22.875,1328.75,96,
DM-02-02-05-01,2026-08-07,38.25,1224.75,96,
DM-02-02-05-01,2026-08-08,31.875,1101.75,96,1.381
DM-02-02-05-01,2026-08-09,31.25,1119.0,96,2.137
DM-02-02-05-01,2026-08-10,27.375,1032.5,96,0.0
DM-02-02-05-01,2026-08-11,23.25,987.75,96,0.0
DM-02-02-05-01,2026-08-12,25.375,1040.5,96,0.0
DM-02-02-05-01,2026-08-13,25.75,1157.25,96,0.0
DM-02-02-05-01,2026-08-14,37.125,1243.25,96,6.631
DM-02-02-05-01,2026-08-15,34.625,1081.0,96,10.762
DM-02-02-05-01,2026-08-16,27.0,1040.75,96,7.267
DM-02-02-05-02,2026-07-25,53.0,2696.0,96,
DM-02-02-05-02,2026-07-26,46.125,2301.0,96,
DM-02-02-05-02,2026-07-27,61.75,2178.0,96,
DM-02-02-05-02,2026-07-28,75.75,2199.25,96,
DM-02-02-05-02,2026-07-29,78.25,2215.25,96,
DM-02-02-05-02,2026-07-30,57.75,2054.75,96,
DM-02-02-05-02,2026-07-31,54.625,2497.0,96,
DM-02-02-05-02,2026-08-01,52.625,2093.0,96,
DM-02-02-05-02,2026-08-02,68.25,2163.25,96,
DM-02-02-05-02,2026-08-03,43.75,2108.0,96,
DM-02-02-05-02,2026-08-04,45.75,2166.25,96,
DM-02-02-05-02,2026-08-05,44.5,2013.75,96,
DM-02-02-05-02,2026-08-06,75.375,2247.5,96,
DM-02-02-05-02,2026-08-07,56.625,2372.75,96,
DM-02-02-05-02,2026-08-08,45.5,2144.5,96,0.0
DM-02-02-05-02,2026-08-09,55.75,2102.25,96,0.0
DM-02-02-05-02,2026-08-10,45.75,2191.25,96,0.0
DM-02-02-05-02,2026-08-11,43.25,1963.5,96,0.0
DM-02-02-05-02,2026-08-12,54.875,2085.25,96,0.0
DM-02-02-05-02,2026-08-13,62.25,1844.75,96,0.0
DM-02-02-05-02,2026-08-14,49.875,2167.0,96,0.0
DM-02-02-05-02,2026-08-15,45.5,2110.25,96,0.0
DM-02-02-05-02,2026-08-16,51.0,1913.0,96,0.0
DM-02-02-06-01,2026-07-25,37.0,1879.25,96,
DM-02-02-06-01,2026-07-26,37.25,1874.0,96,
DM-02-02-06-01,2026-07-27,40.875,1897.0,96,
DM-02-02-06-01,2026-07-28,37.25,1846.5,96,
DM-02-02-06-01,2026-07-29,45.0,1938.5,96,
DM-02-02-06-01,2026-07-30,39.75,1873.0,96,
DM-02-02-06-01,2026-07-31,39.25,1909.75,96,
DM-02-02-06-01,2026-08-01,34.625,1877.25,96,
DM-02-02-06-01,2026-08-02,35.125,1852.5,96,
DM-02-02-06-01,2026-08-03,37.875,2013.0,96,
DM-02-02-06-01,2026-08-04,41.75,1947.5,96,
DM-02-02-06-01,2026-08-05,41.375,1919.25,96,
DM-02-02-06-01,2026-08-06,42.875,1881.0,96,
DM-02-02-06-01,2026-08-07,43.625,1932.0,96,
DM-02-02-06-01,2026-08-08,34.875,1961.75,96,0.0
DM-02-02-06-01,2026-08-09,36.5,1820.75,96,0.0
DM-02-02-06-01,2026-08-10,40.625,1995.25,96,0.0
DM-02-02-06-01,2026-08-11,37.625,1853.25,96,0.0
DM-02-02-06-01,2026-08-12,36.0,1852.5,96,0.0
DM-02-02-06-01,2026-08-13,38.875,1825.75,96,0.0
DM-02-02-06-01,2026-08-14,38.875,2063.5,96,0.0
DM-02-02-06-01,2026-08-15,34.75,1841.25,96,0.0
DM-02-02-06-01,2026-08-16,37.875,1931.0,96,0.0
DM-02-02-06-02,2026-07-25,16.875,1500.75,96,
DM-02-02-06-02,2026-07-26,20.75,1316.25,96,
DM-02-02-06-02,2026-07-27,24.5,1352.25,96,
DM-02-02-06-02,2026-07-28,12.125,1279.0,96,
DM-02-02-06-02,2026-07-29,30.0,1352.0,96,
DM-02-02-06-02,2026-07-30,21.75,1498.0,96,
DM-02-02-06-02,2026-07-31,19.625,1425.0,96,
DM-02-02-06-02,2026-08-01,19.125,1344.75,96,
DM-02-02-06-02,2026-08-02,30.125,1388.75,96,
DM-02-02-06-02,2026-08-03,18.25,1431.75,96,
DM-02-02-06-02,2026-08-04,21.5,1350.5,96,
DM-02-02-06-02,2026-08-05,6.188,1449.25,96,
DM-02-02-06-02,2026-08-06,34.625,1517.75,96,
DM-02-02-06-02,2026-08-07,21.5,1454.5,96,
DM-02-02-06-02,2026-08-08,23.125,1418.5,96,0.0
DM-02-02-06-02,2026-08-09,33.0,1420.0,96,8.278
DM-02-02-06-02,2026-08-10,20.0,1420.25,96,3.556
DM-02-02-06-02,2026-08-11,26.875,1369.25,96,5.709
DM-02-02-06-02,2026-08-12,17.875,1490.0,96,0.0
DM-02-02-06-02,2026-08-13,22.75,1450.0,96,0.0
DM-02-02-06-02,2026-08-14,14.75,1405.25,96,0.0
DM-02-02-06-02,2026-08-15,20.0,1533.75,96,0.0
DM-02-02-06-02,2026-08-16,21.0,1424.75,96,0.0
DM-02-02-07-03,2026-07-25,30.875,1574.75,96,
DM-02-02-07-03,2026-07-26,28.5,1539.75,96,
DM-02-02-07-03,2026-07-27,28.75,1447.25,96,
DM-02-02-07-03,2026-07-28,26.625,1477.0,96,
DM-02-02-07-03,2026-07-29,29.875,1465.25,96,
DM-02-02-07-03,2026-07-30,26.75,1500.75,96,
DM-02-02-07-03,2026-07-31,32.75,1479.75,96,
DM-02-02-07-03,2026-08-01,25.375,1485.0,96,
DM-02-02-07-03,2026-08-02,26.625,1508.5,96,
DM-02-02-07-03,2026-08-03,26.0,1460.75,96,
DM-02-02-07-03,2026-08-04,28.375,1443.75,96,
DM-02-02-07-03,2026-08-05,28.0,1400.0,96,
DM-02-02-07-03,2026-08-06,25.75,1390.75,96,
DM-02-02-07-03,2026-08-07,23.0,1382.0,96,
DM-02-02-07-03,2026-08-08,24.625,1447.5,96,0.0
DM-02-02-07-03,2026-08-09,25.625,1386.0,96,0.0
DM-02-02-07-03,2026-08-10,24.875,1339.0,96,0.0
DM-02-02-07-03,2026-08-11,24.125,1341.5,96,0.0
DM-02-02-07-03,2026-08-12,21.75,1406.0,96,0.0
DM-02-02-07-03,2026-08-13,23.625,1364.5,96,0.0
DM-02-02-07-03,2026-08-14,24.75,1363.25,96,0.0
DM-02-02-07-03,2026-08-15,26.375,1428.75,96,0.0
DM-02-02-07-03,2026-08-16,23.375,1420.75,96,0.0
DM-02-02-08-01,2026-07-25,53.125,2678.75,96,
DM-02-02-08-01,2026-07-26,61.25,2634.0,96,
DM-02-02-08-01,2026-07-27,56.0,2625.25,96,
DM-02-02-08-01,2026-07-28,51.375,2551.0,96,
DM-02-02-08-01,2026-07-29,56.25,2614.75,96,
DM-02-02-08-01,2026-07-30,50.625,2566.5,96,
DM-02-02-08-01,2026-07-31,55.625,2614.0,96,
DM-02-02-08-01,2026-08-01,54.75,2672.0,96,
DM-02-02-08-01,2026-08-02,49.875,2662.5,96,
DM-02-02-08-01,2026-08-03,60.625,2694.5,96,
DM-02-02-08-01,2026-08-04,57.25,2623.5,96,
DM-02-02-08-01,2026-08-05,59.5,2591.25,96,
DM-02-02-08-01,2026-08-06,61.0,2674.5,96,
DM-02-02-08-01,2026-08-07,56.0,2699.25,96,
DM-02-02-08-01,2026-08-08,54.125,2777.75,96,0.0
DM-02-02-08-01,2026-08-09,54.375,2735.25,96,0.0
DM-02-02-08-01,2026-08-10,57.625,2682.5,96,0.0
DM-02-02-08-01,2026-08-11,61.75,2698.75,96,3.983
DM-02-02-08-01,2026-08-12,57.625,2690.5,96,3.842
DM-02-02-08-01,2026-08-13,52.125,2703.0,96,0.0
DM-02-02-08-01,2026-08-14,59.25,2799.25,96,1.483
DM-02-02-08-01,2026-08-15,58.5,2799.5,96,2.217
DM-02-02-08-01,2026-08-16,58.5,2785.5,96,2.95
DM-02-03-03-01,2026-07-25,38.5,1919.0,96,
DM-02-03-03-01,2026-07-26,44.0,1880.25,96,
DM-02-03-03-01,2026-07-27,42.375,1922.75,96,
DM-02-03-03-01,2026-07-28,46.5,1988.75,96,
DM-02-03-03-01,2026-07-29,45.625,1978.5,96,
DM-02-03-03-01,2026-07-30,44.75,2004.0,96,
DM-02-03-03-01,2026-07-31,46.625,2252.0,96,
DM-02-03-03-01,2026-08-01,81.625,2597.75,96,
DM-02-03-03-01,2026-08-02,48.25,1834.0,96,
DM-02-03-03-01,2026-08-03,39.125,1814.25,96,
DM-02-03-03-01,2026-08-04,41.125,1775.5,96,
DM-02-03-03-01,2026-08-05,43.125,1814.75,96,
DM-02-03-03-01,2026-08-06,47.5,1828.0,96,
DM-02-03-03-01,2026-08-07,40.25,1833.5,96,
DM-02-03-03-01,2026-08-08,39.375,1854.75,96,0.0
DM-02-03-03-01,2026-08-09,42.375,1924.75,96,0.0
DM-02-03-03-01,2026-08-10,49.125,1823.0,96,0.0
DM-02-03-03-01,2026-08-11,41.0,1867.75,96,0.0
DM-02-03-03-01,2026-08-12,42.75,1865.75,96,0.0
DM-02-03-03-01,2026-08-13,49.375,1783.25,96,0.0
DM-02-03-03-01,2026-08-14,39.125,1821.75,96,0.0
DM-02-03-03-01,2026-08-15,37.5,1827.25,96,0.0
DM-02-03-03-01,2026-08-16,35.875,1756.75,96,0.0
DM-02-03-04-01,2026-07-25,81.375,3906.75,96,
DM-02-03-04-01,2026-07-26,88.25,3929.0,96,
DM-02-03-04-01,2026-07-27,90.125,3843.75,96,
DM-02-03-04-01,2026-07-28,88.0,3792.0,96,
DM-02-03-04-01,2026-07-29,80.625,3714.75,96,
DM-02-03-04-01,2026-07-30,80.875,3722.0,96,
DM-02-03-04-01,2026-07-31,87.0,3698.5,96,
DM-02-03-04-01,2026-08-01,81.25,3724.75,96,
DM-02-03-04-01,2026-08-02,78.75,3825.0,96,
DM-02-03-04-01,2026-08-03,85.875,3781.75,96,
DM-02-03-04-01,2026-08-04,81.875,3699.0,96,
DM-02-03-04-01,2026-08-05,90.375,3618.25,96,
DM-02-03-04-01,2026-08-06,80.75,3647.0,96,
DM-02-03-04-01,2026-08-07,82.625,3680.0,96,
DM-02-03-04-01,2026-08-08,78.125,3775.0,96,0.0
DM-02-03-04-01,2026-08-09,84.375,3813.0,96,0.0
DM-02-03-04-01,2026-08-10,81.25,3645.25,96,0.0
DM-02-03-04-01,2026-08-11,80.875,3650.25,96,0.0
DM-02-03-04-01,2026-08-12,79.0,3766.5,96,0.0
DM-02-03-04-01,2026-08-13,78.75,3717.5,96,0.0
DM-02-03-04-01,2026-08-14,84.625,3749.25,96,0.0
DM-02-03-04-01,2026-08-15,82.0,3852.5,96,0.0
DM-02-03-04-01,2026-08-16,80.375,3873.75,96,0.0
DM-02-03-06-01,2026-07-25,5.25,2826.25,96,
DM-02-03-06-01,2026-07-26,4.75,2717.5,96,
DM-02-03-06-01,2026-07-27,30.5,2205.25,96,
DM-02-03-06-01,2026-07-28,0.375,1675.5,96,
DM-02-03-06-01,2026-07-29,21.625,2027.75,96,
DM-02-03-06-01,2026-07-30,0.0,2079.0,96,
DM-02-03-06-01,2026-07-31,1.75,2405.25,96,
DM-02-03-06-01,2026-08-01,0.0,2502.0,96,
DM-02-03-06-01,2026-08-02,0.0,2327.75,96,
DM-02-03-06-01,2026-08-03,17.375,2576.25,96,
DM-02-03-06-01,2026-08-04,0.125,2234.5,96,
DM-02-03-06-01,2026-08-05,13.5,2519.25,96,
DM-02-03-06-01,2026-08-06,7.625,2134.62,96,
DM-02-03-06-01,2026-08-07,0.0,2202.5,96,
DM-02-03-06-01,2026-08-08,0.0,2231.75,96,0.0
DM-02-03-06-01,2026-08-09,0.0,2173.75,96,0.0
DM-02-03-06-01,2026-08-10,0.75,2053.0,96,0.0
DM-02-03-06-01,2026-08-11,6.5,2317.0,96,0.0
DM-02-03-06-01,2026-08-12,19.375,2220.0,96,7.326
DM-02-03-06-01,2026-08-13,19.375,2421.88,96,14.652
DM-02-03-06-01,2026-08-14,24.688,2262.88,96,27.29
DM-02-03-06-01,2026-08-15,7.875,2484.25,96,23.116
DM-02-03-06-01,2026-08-16,7.875,2263.12,96,18.941
DM-02-03-06-03,2026-07-25,60.25,1722.75,96,
DM-02-03-06-03,2026-07-26,59.125,1640.75,96,
DM-02-03-06-03,2026-07-27,50.375,1656.25,96,
DM-02-03-06-03,2026-07-28,58.25,1666.75,96,
DM-02-03-06-03,2026-07-29,66.0,1689.75,96,
DM-02-03-06-03,2026-07-30,61.0,1733.25,96,
DM-02-03-06-03,2026-07-31,62.25,1764.75,96,
DM-02-03-06-03,2026-08-01,60.75,1731.25,96,
DM-02-03-06-03,2026-08-02,59.75,1784.25,96,
DM-02-03-06-03,2026-08-03,56.375,1765.75,96,
DM-02-03-06-03,2026-08-04,65.5,1916.0,96,
DM-02-03-06-03,2026-08-05,69.875,1697.5,96,
DM-02-03-06-03,2026-08-06,63.5,1865.0,96,
DM-02-03-06-03,2026-08-07,64.75,1958.0,96,
DM-02-03-06-03,2026-08-08,74.5,1894.25,96,10.947
DM-02-03-06-03,2026-08-09,71.875,1902.75,96,19.269
DM-02-03-06-03,2026-08-10,64.375,1983.75,96,20.091
DM-02-03-06-03,2026-08-11,65.125,1968.0,96,21.663
DM-02-03-06-03,2026-08-12,72.375,1898.5,96,30.485
DM-02-03-06-03,2026-08-13,69.25,1896.0,96,36.182
DM-02-03-06-03,2026-08-14,70.75,1898.25,96,43.379
DM-02-03-06-03,2026-08-15,76.125,1927.75,96,55.951
DM-02-03-06-03,2026-08-16,75.125,1869.75,96,67.523
DM-02-04-02-01,2026-07-25,21.875,925.75,96,
DM-02-04-02-01,2026-07-26,21.625,913.0,96,
DM-02-04-02-01,2026-07-27,22.125,882.5,96,
DM-02-04-02-01,2026-07-28,20.125,868.25,96,
DM-02-04-02-01,2026-07-29,19.75,868.0,96,
DM-02-04-02-01,2026-07-30,19.25,891.25,96,
DM-02-04-02-01,2026-07-31,20.25,879.25,96,
DM-02-04-02-01,2026-08-01,20.375,889.75,96,
DM-02-04-02-01,2026-08-02,21.5,908.25,96,
DM-02-04-02-01,2026-08-03,18.125,905.0,96,
DM-02-04-02-01,2026-08-04,21.75,895.5,96,
DM-02-04-02-01,2026-08-05,19.75,891.0,96,
DM-02-04-02-01,2026-08-06,19.0,890.0,96,
DM-02-04-02-01,2026-08-07,18.625,891.25,96,
DM-02-04-02-01,2026-08-08,19.5,918.25,96,0.0
DM-02-04-02-01,2026-08-09,20.0,933.0,96,0.0
DM-02-04-02-01,2026-08-10,18.875,882.5,96,0.0
DM-02-04-02-01,2026-08-11,18.25,895.0,96,0.0
DM-02-04-02-01,2026-08-12,20.625,908.5,96,0.0
DM-02-04-02-01,2026-08-13,18.375,931.5,96,0.0
DM-02-04-02-01,2026-08-14,22.625,938.25,96,1.702
DM-02-04-02-01,2026-08-15,18.125,933.75,96,0.0
DM-02-04-02-01,2026-08-16,22.875,933.5,96,1.952
DM-02-04-02-02,2026-07-25,124.125,5408.0,96,
DM-02-04-02-02,2026-07-26,128.75,5339.75,96,
DM-02-04-02-02,2026-07-27,128.375,5135.5,96,
DM-02-04-02-02,2026-07-28,127.5,5015.5,96,
DM-02-04-02-02,2026-07-29,123.875,5162.25,96,
DM-02-04-02-02,2026-07-30,120.5,5211.25,96,
DM-02-04-02-02,2026-07-31,129.875,5134.25,96,
DM-02-04-02-02,2026-08-01,130.25,5348.0,96,
DM-02-04-02-02,2026-08-02,128.0,5489.25,96,
DM-02-04-02-02,2026-08-03,129.125,5420.25,96,
DM-02-04-02-02,2026-08-04,130.0,5417.75,96,
DM-02-04-02-02,2026-08-05,120.625,5176.0,96,
DM-02-04-02-02,2026-08-06,116.875,5068.75,96,
DM-02-04-02-02,2026-08-07,116.25,5072.75,96,
DM-02-04-02-02,2026-08-08,124.25,5513.0,96,0.0
DM-02-04-02-02,2026-08-09,151.25,5697.0,96,23.577
DM-02-04-02-02,2026-08-10,111.5,4974.5,96,7.404
DM-02-04-02-02,2026-08-11,110.75,4881.25,96,0.0
DM-02-04-02-02,2026-08-12,119.125,5134.25,96,0.0
DM-02-04-02-02,2026-08-13,117.375,4988.25,96,0.0
DM-02-04-02-02,2026-08-14,120.375,5068.25,96,0.0
DM-02-04-02-02,2026-08-15,119.5,5317.0,96,0.0
DM-02-04-02-02,2026-08-16,120.125,5364.75,96,0.0
DM-02-04-03-01,2026-07-25,441.375,7226.0,96,
DM-02-04-03-01,2026-07-26,333.125,7085.25,96,
DM-02-04-03-01,2026-07-27,272.625,6602.0,96,
DM-02-04-03-01,2026-07-28,289.5,6633.0,96,
DM-02-04-03-01,2026-07-29,297.125,6781.75,96,
DM-02-04-03-01,2026-07-30,285.875,6960.75,96,
DM-02-04-03-01,2026-07-31,264.375,7144.25,96,
DM-02-04-03-01,2026-08-01,256.375,7110.75,96,
DM-02-04-03-01,2026-08-02,274.625,7054.0,96,
DM-02-04-03-01,2026-08-03,383.125,7152.0,96,
DM-02-04-03-01,2026-08-04,367.875,7309.0,96,
DM-02-04-03-01,2026-08-05,198.875,6996.75,96,
DM-02-04-03-01,2026-08-06,205.125,7325.5,96,
DM-02-04-03-01,2026-08-07,173.75,6775.0,96,
DM-02-04-03-01,2026-08-08,173.375,7397.75,96,0.0
DM-02-04-03-01,2026-08-09,174.0,6899.5,96,0.0
DM-02-04-03-01,2026-08-10,169.25,6983.0,96,0.0
DM-02-04-03-01,2026-08-11,168.75,6710.5,96,0.0
DM-02-04-03-01,2026-08-12,183.25,7314.0,96,0.0
DM-02-04-03-01,2026-08-13,180.25,6974.0,96,0.0
DM-02-04-03-01,2026-08-14,184.125,7323.5,96,0.0
DM-02-04-03-01,2026-08-15,183.375,7679.5,96,0.0
DM-02-04-03-01,2026-08-16,193.375,7727.5,96,0.0
DM-02-04-05-01,2026-07-25,123.75,5034.25,96,
DM-02-04-05-01,2026-07-26,103.375,4921.75,96,
DM-02-04-05-01,2026-07-27,121.75,4833.25,96,
DM-02-04-05-01,2026-07-28,96.0,4617.25,96,
DM-02-04-05-01,2026-07-29,96.0,4765.25,96,
DM-02-04-05-01,2026-07-30,109.875,4678.25,96,
DM-02-04-05-01,2026-07-31,93.5,4637.5,96,
DM-02-04-05-01,2026-08-01,112.25,4927.5,96,
DM-02-04-05-01,2026-08-02,109.75,5017.25,96,
DM-02-04-05-01,2026-08-03,100.875,4778.25,96,
DM-02-04-05-01,2026-08-04,123.875,4999.0,96,
DM-02-04-05-01,2026-08-05,115.125,4807.5,96,
DM-02-04-05-01,2026-08-06,119.375,4826.0,96,
DM-02-04-05-01,2026-08-07,109.75,4632.75,96,
DM-02-04-05-01,2026-08-08,109.0,5047.0,96,0.0
DM-02-04-05-01,2026-08-09,103.375,4813.75,96,0.0
DM-02-04-05-01,2026-08-10,136.625,4881.25,96,21.913
DM-02-04-05-01,2026-08-11,122.25,4961.5,96,29.451
DM-02-04-05-01,2026-08-12,121.625,4937.0,96,36.364
DM-02-04-05-01,2026-08-13,110.75,4870.5,96,32.403
DM-02-04-05-01,2026-08-14,113.625,4821.75,96,31.316
DM-02-04-05-01,2026-08-15,107.125,5021.0,96,23.729
DM-02-04-05-01,2026-08-16,125.75,5072.25,96,34.767
DM-02-04-05-02,2026-07-25,103.25,3673.75,96,
DM-02-04-05-02,2026-07-26,101.75,3780.25,96,
DM-02-04-05-02,2026-07-27,108.0,3727.75,96,
DM-02-04-05-02,2026-07-28,105.125,3708.5,96,
DM-02-04-05-02,2026-07-29,105.375,3710.75,96,
DM-02-04-05-02,2026-07-30,105.0,3683.0,96,
DM-02-04-05-02,2026-07-31,101.5,3556.0,96,
DM-02-04-05-02,2026-08-01,96.875,3620.25,96,
DM-02-04-05-02,2026-08-02,97.5,3649.75,96,
DM-02-04-05-02,2026-08-03,98.25,3636.75,96,
DM-02-04-05-02,2026-08-04,95.0,3619.25,96,
DM-02-04-05-02,2026-08-05,96.75,3590.25,96,
DM-02-04-05-02,2026-08-06,96.25,3563.5,96,
DM-02-04-05-02,2026-08-07,96.125,3681.0,96,
DM-02-04-05-02,2026-08-08,97.875,3750.75,96,0.0
DM-02-04-05-02,2026-08-09,96.625,3725.5,96,0.0
DM-02-04-05-02,2026-08-10,96.75,3610.75,96,0.0
DM-02-04-05-02,2026-08-11,100.5,3727.75,96,0.0
DM-02-04-05-02,2026-08-12,100.875,3702.5,96,0.0
DM-02-04-05-02,2026-08-13,100.5,3569.75,96,0.0
DM-02-04-05-02,2026-08-14,100.125,3611.25,96,0.0
DM-02-04-05-02,2026-08-15,101.5,3688.75,96,0.0
DM-02-04-05-02,2026-08-16,106.125,3742.75,96,3.571
DM-02-08-01-01,2026-07-25,122.375,5593.25,96,
DM-02-08-01-01,2026-07-26,127.25,5393.5,96,
DM-02-08-01-01,2026-07-27,111.375,5118.25,96,
DM-02-08-01-01,2026-07-28,118.875,4954.5,96,
DM-02-08-01-01,2026-07-29,114.625,5057.0,96,
DM-02-08-01-01,2026-07-30,107.625,5074.25,96,
DM-02-08-01-01,2026-07-31,113.0,4990.25,96,
DM-02-08-01-01,2026-08-01,118.875,5543.5,96,
DM-02-08-01-01,2026-08-02,143.875,5691.75,96,
DM-02-08-01-01,2026-08-03,120.125,5493.5,96,
DM-02-08-01-01,2026-08-04,113.5,5559.0,96,
DM-02-08-01-01,2026-08-05,112.875,5474.0,96,
DM-02-08-01-01,2026-08-06,118.5,5401.0,96,
DM-02-08-01-01,2026-08-07,5.75,4144.75,96,
DM-02-08-01-01,2026-08-08,130.75,5719.75,96,4.985
DM-02-08-01-01,2026-08-09,115.75,5406.0,96,0.0
DM-02-08-01-01,2026-08-10,107.75,5228.0,96,0.0
DM-02-08-01-01,2026-08-11,117.75,5528.75,96,0.0
DM-02-08-01-01,2026-08-12,137.375,5429.75,96,11.61
DM-02-08-01-01,2026-08-13,120.0,5249.0,96,5.845
DM-02-08-01-01,2026-08-14,129.125,5472.5,96,9.205
DM-02-08-01-01,2026-08-15,132.125,5630.25,96,15.564
DM-02-08-01-01,2026-08-16,132.0,5703.25,96,21.799
DM-02-08-02-01,2026-07-25,125.75,4926.5,96,
DM-02-08-02-01,2026-07-26,125.625,4873.75,96,
DM-02-08-02-01,2026-07-27,126.125,4663.5,96,
DM-02-08-02-01,2026-07-28,124.625,4602.0,96,
DM-02-08-02-01,2026-07-29,124.375,4690.25,96,
DM-02-08-02-01,2026-07-30,119.375,4748.25,96,
DM-02-08-02-01,2026-07-31,127.5,4704.75,96,
DM-02-08-02-01,2026-08-01,129.75,4796.25,96,
DM-02-08-02-01,2026-08-02,122.375,4884.0,96,
DM-02-08-02-01,2026-08-03,120.375,4752.0,96,
DM-02-08-02-01,2026-08-04,121.375,4711.0,96,
DM-02-08-02-01,2026-08-05,120.0,4707.0,96,
DM-02-08-02-01,2026-08-06,117.375,4654.75,96,
DM-02-08-02-01,2026-08-07,116.625,4650.25,96,
DM-02-08-02-01,2026-08-08,122.0,4872.5,96,0.0
DM-02-08-02-01,2026-08-09,120.75,4851.5,96,0.0
DM-02-08-02-01,2026-08-10,115.75,4613.75,96,0.0
DM-02-08-02-01,2026-08-11,113.875,4516.5,96,0.0
DM-02-08-02-01,2026-08-12,118.375,4655.75,96,0.0
DM-02-08-02-01,2026-08-13,118.75,4514.75,96,0.0
DM-02-08-02-01,2026-08-14,112.625,4572.0,96,0.0
DM-02-08-02-01,2026-08-15,111.125,4709.0,96,0.0
DM-02-08-02-01,2026-08-16,119.625,4785.0,96,0.0
DM-02-08-03-03,2026-07-25,143.875,7212.75,96,
DM-02-08-03-03,2026-07-26,143.75,7398.75,96,
DM-02-08-03-03,2026-07-27,135.25,7012.0,96,
DM-02-08-03-03,2026-07-28,133.375,7067.75,96,
DM-02-08-03-03,2026-07-29,151.625,7165.75,96,
DM-02-08-03-03,2026-07-30,140.0,7120.5,96,
DM-02-08-03-03,2026-07-31,148.625,7083.25,96,
DM-02-08-03-03,2026-08-01,149.75,7279.0,96,
DM-02-08-03-03,2026-08-02,153.375,7563.75,96,
DM-02-08-03-03,2026-08-03,142.0,7070.75,96,
DM-02-08-03-03,2026-08-04,142.75,7197.0,96,
DM-02-08-03-03,2026-08-05,139.0,7129.75,96,
DM-02-08-03-03,2026-08-06,138.5,7021.5,96,
DM-02-08-03-03,2026-08-07,144.25,7113.25,96,
DM-02-08-03-03,2026-08-08,134.25,7425.5,96,0.0
DM-02-08-03-03,2026-08-09,144.25,7523.5,96,0.0
DM-02-08-03-03,2026-08-10,143.875,7085.0,96,0.0
DM-02-08-03-03,2026-08-11,136.0,7052.25,96,0.0
DM-02-08-03-03,2026-08-12,132.625,7292.5,96,0.0
DM-02-08-03-03,2026-08-13,137.625,7087.25,96,0.0
DM-02-08-03-03,2026-08-14,140.625,7144.25,96,0.0
DM-02-08-03-03,2026-08-15,134.5,7351.75,96,0.0
DM-02-08-03-03,2026-08-16,136.25,7487.5,96,0.0
DM-02-08-04-01,2026-07-25,83.25,4198.0,96,
DM-02-08-04-01,2026-07-26,87.125,3858.25,96,
DM-02-08-04-01,2026-07-27,94.625,4024.5,96,
DM-02-08-04-01,2026-07-28,94.875,3893.75,96,
DM-02-08-04-01,2026-07-29,95.0,4071.5,96,
DM-02-08-04-01,2026-07-30,94.875,4070.25,96,
DM-02-08-04-01,2026-07-31,97.125,3882.5,96,
DM-02-08-04-01,2026-08-01,34.75,2207.75,96,
DM-02-08-04-01,2026-08-02,34.75,2164.75,96,
DM-02-08-04-01,2026-08-03,32.125,2303.0,96,
DM-02-08-04-01,2026-08-04,35.375,2197.25,96,
DM-02-08-04-01,2026-08-05,33.625,2264.75,96,
DM-02-08-04-01,2026-08-06,34.125,2143.75,96,
DM-02-08-04-01,2026-08-07,38.0,2188.0,96,
DM-02-08-04-01,2026-08-08,37.125,2311.0,96,0.0
DM-02-08-04-01,2026-08-09,37.625,2304.75,96,0.0
DM-02-08-04-01,2026-08-10,35.625,2347.0,96,0.0
DM-02-08-04-01,2026-08-11,40.5,2116.25,96,0.0
DM-02-08-04-01,2026-08-12,40.625,2227.25,96,0.0
DM-02-08-04-01,2026-08-13,35.375,2149.75,96,0.0
DM-02-08-04-01,2026-08-14,34.5,2172.0,96,0.0
DM-02-08-04-01,2026-08-15,39.25,2262.5,96,0.0
DM-02-08-04-01,2026-08-16,38.125,2256.5,96,0.0
DM-02-12-01-01,2026-07-25,120.75,5760.25,96,
DM-02-12-01-01,2026-07-26,127.75,5735.5,96,
DM-02-12-01-01,2026-07-27,120.375,5470.0,96,
DM-02-12-01-01,2026-07-28,112.75,5384.0,96,
DM-02-12-01-01,2026-07-29,117.375,5467.75,96,
DM-02-12-01-01,2026-07-30,114.375,5443.0,96,
DM-02-12-01-01,2026-07-31,116.75,5325.5,96,
DM-02-12-01-01,2026-08-01,110.25,5404.75,96,
DM-02-12-01-01,2026-08-02,114.875,5645.25,96,
DM-02-12-01-01,2026-08-03,117.0,5499.5,96,
DM-02-12-01-01,2026-08-04,116.375,5347.25,96,
DM-02-12-01-01,2026-08-05,115.125,5310.75,96,
DM-02-12-01-01,2026-08-06,114.875,5280.75,96,
DM-02-12-01-01,2026-08-07,111.75,5379.0,96,
DM-02-12-01-01,2026-08-08,108.625,5511.5,96,0.0
DM-02-12-01-01,2026-08-09,111.875,5563.75,96,0.0
DM-02-12-01-01,2026-08-10,108.75,5258.5,96,0.0
DM-02-12-01-01,2026-08-11,108.875,5232.25,96,0.0
DM-02-12-01-01,2026-08-12,112.875,5378.5,96,0.0
DM-02-12-01-01,2026-08-13,111.0,5347.75,96,0.0
DM-02-12-01-01,2026-08-14,115.5,5404.25,96,0.0
DM-02-12-01-01,2026-08-15,110.625,5514.0,96,0.0
DM-02-12-01-01,2026-08-16,114.75,5638.0,96,0.0
DM-02-12-01-03,2026-07-25,114.25,4454.75,96,
DM-02-12-01-03,2026-07-26,120.0,4186.75,96,
DM-02-12-01-03,2026-07-27,100.625,3932.25,96,
DM-02-12-01-03,2026-07-28,96.5,3795.75,96,
DM-02-12-01-03,2026-07-29,99.0,3902.5,96,
DM-02-12-01-03,2026-07-30,99.75,3910.75,96,
DM-02-12-01-03,2026-07-31,102.5,3797.25,96,
DM-02-12-01-03,2026-08-01,90.875,3803.25,96,
DM-02-12-01-03,2026-08-02,95.75,3878.0,96,
DM-02-12-01-03,2026-08-03,99.625,3956.0,96,
DM-02-12-01-03,2026-08-04,98.0,3830.25,96,
DM-02-12-01-03,2026-08-05,64.25,3697.75,96,
DM-02-12-01-03,2026-08-06,97.125,3743.25,96,
DM-02-12-01-03,2026-08-07,95.25,3753.0,96,
DM-02-12-01-03,2026-08-08,93.125,3814.0,96,0.0
DM-02-12-01-03,2026-08-09,95.75,3816.5,96,0.0
DM-02-12-01-03,2026-08-10,93.625,3756.0,96,0.0
DM-02-12-01-03,2026-08-11,89.125,3773.75,96,0.0
DM-02-12-01-03,2026-08-12,96.25,3791.5,96,0.0
DM-02-12-01-03,2026-08-13,98.0,3820.75,96,0.0
DM-02-12-01-03,2026-08-14,110.375,3839.25,96,6.311
DM-02-12-01-03,2026-08-15,96.125,3869.5,96,0.0
DM-02-12-01-03,2026-08-16,99.625,3900.5,96,0.0
DM-02-12-02-01,2026-07-25,74.375,3383.0,96,
DM-02-12-02-01,2026-07-26,83.875,3390.0,96,
DM-02-12-02-01,2026-07-27,82.75,3337.0,96,
DM-02-12-02-01,2026-07-28,77.125,3342.75,96,
DM-02-12-02-01,2026-07-29,80.125,3413.25,96,
DM-02-12-02-01,2026-07-30,78.125,3379.5,96,
DM-02-12-02-01,2026-07-31,80.25,3292.5,96,
DM-02-12-02-01,2026-08-01,76.0,3343.75,96,
DM-02-12-02-01,2026-08-02,78.75,3435.25,96,
DM-02-12-02-01,2026-08-03,82.125,3404.25,96,
DM-02-12-02-01,2026-08-04,82.375,3418.25,96,
DM-02-12-02-01,2026-08-05,38.625,3149.62,96,
DM-02-12-02-01,2026-08-06,82.625,3366.0,96,
DM-02-12-02-01,2026-08-07,82.25,3368.25,96,
DM-02-12-02-01,2026-08-08,87.0,3466.5,96,4.392
DM-02-12-02-01,2026-08-09,81.625,3484.75,96,3.41
DM-02-12-02-01,2026-08-10,80.375,3392.5,96,1.177
DM-02-12-02-01,2026-08-11,84.75,3515.25,96,3.32
DM-02-12-02-01,2026-08-12,78.75,3530.5,96,0.0
DM-02-12-02-01,2026-08-13,83.875,3538.25,96,1.267
DM-02-12-02-01,2026-08-14,83.25,3538.5,96,1.91
DM-02-12-02-01,2026-08-15,87.75,3558.0,96,7.052
DM-02-12-02-01,2026-08-16,84.625,3590.5,96,9.07
DM-02-12-02-02,2026-07-25,40.0,1766.25,96,
DM-02-12-02-02,2026-07-26,42.875,1756.75,96,
DM-02-12-02-02,2026-07-27,41.875,1733.5,96,
DM-02-12-02-02,2026-07-28,39.375,1701.0,96,
DM-02-12-02-02,2026-07-29,41.125,1756.5,96,
DM-02-12-02-02,2026-07-30,40.0,1722.75,96,
DM-02-12-02-02,2026-07-31,42.0,1695.25,96,
DM-02-12-02-02,2026-08-01,40.625,1731.25,96,
DM-02-12-02-02,2026-08-02,38.25,1781.5,96,
DM-02-12-02-02,2026-08-03,41.75,1776.5,96,
DM-02-12-02-02,2026-08-04,40.5,1759.25,96,
DM-02-12-02-02,2026-08-05,23.125,1624.75,96,
DM-02-12-02-02,2026-08-06,41.0,1728.25,96,
DM-02-12-02-02,2026-08-07,40.75,1730.75,96,
DM-02-12-02-02,2026-08-08,44.25,1841.0,96,2.39
DM-02-12-02-02,2026-08-09,42.625,1810.5,96,3.154
DM-02-12-02-02,2026-08-10,41.0,1744.0,96,2.294
DM-02-12-02-02,2026-08-11,44.0,1823.25,96,4.434
DM-02-12-02-02,2026-08-12,42.375,1823.0,96,4.948
DM-02-12-02-02,2026-08-13,41.875,1832.25,96,4.963
DM-02-12-02-02,2026-08-14,44.125,1851.75,96,7.228
DM-02-12-02-02,2026-08-15,44.25,1874.25,96,9.618
DM-02-12-02-02,2026-08-16,46.125,1890.75,96,13.882
DM-02-12-03-01,2026-07-25,68.5,2876.0,96,
DM-02-12-03-01,2026-07-26,73.5,2889.75,96,
DM-02-12-03-01,2026-07-27,69.875,2804.5,96,
DM-02-12-03-01,2026-07-28,68.375,2767.0,96,
DM-02-12-03-01,2026-07-29,70.625,2829.5,96,
DM-02-12-03-01,2026-07-30,67.625,2822.0,96,
DM-02-12-03-01,2026-07-31,69.625,2753.75,96,
DM-02-12-03-01,2026-08-01,66.0,2813.0,96,
DM-02-12-03-01,2026-08-02,67.5,2849.75,96,
DM-02-12-03-01,2026-08-03,68.5,2901.75,96,
DM-02-12-03-01,2026-08-04,68.625,2864.75,96,
DM-02-12-03-01,2026-08-05,61.0,2826.0,96,
DM-02-12-03-01,2026-08-06,72.25,2848.5,96,
DM-02-12-03-01,2026-08-07,68.375,2850.5,96,
DM-02-12-03-01,2026-08-08,68.125,2866.25,96,0.0
DM-02-12-03-01,2026-08-09,68.875,2837.5,96,0.0
DM-02-12-03-01,2026-08-10,67.25,2781.75,96,0.0
DM-02-12-03-01,2026-08-11,65.625,2801.25,96,0.0
DM-02-12-03-01,2026-08-12,65.75,2818.75,96,0.0
DM-02-12-03-01,2026-08-13,69.25,2887.5,96,0.0
DM-02-12-03-01,2026-08-14,72.875,2854.25,96,2.869
DM-02-12-03-01,2026-08-15,67.875,2872.75,96,0.739
DM-02-12-03-01,2026-08-16,71.25,2915.25,96,1.983
DM-02-13-01-01,2026-07-25,83.625,4138.0,96,
DM-02-13-01-01,2026-07-26,90.125,4206.5,96,
DM-02-13-01-01,2026-07-27,86.5,4022.5,96,
DM-02-13-01-01,2026-07-28,80.0,3962.75,96,
DM-02-13-01-01,2026-07-29,88.375,4072.5,96,
DM-02-13-01-01,2026-07-30,85.25,4041.5,96,
DM-02-13-01-01,2026-07-31,88.125,3985.25,96,
DM-02-13-01-01,2026-08-01,80.5,4098.25,96,
DM-02-13-01-01,2026-08-02,85.875,4254.25,96,
DM-02-13-01-01,2026-08-03,85.75,4146.5,96,
DM-02-13-01-01,2026-08-04,86.0,4129.5,96,
DM-02-13-01-01,2026-08-05,96.875,4182.0,96,
DM-02-13-01-01,2026-08-06,88.0,3999.5,96,
DM-02-13-01-01,2026-08-07,82.25,3948.5,96,
DM-02-13-01-01,2026-08-08,79.875,4138.75,96,0.0
DM-02-13-01-01,2026-08-09,82.375,4159.0,96,0.0
DM-02-13-01-01,2026-08-10,82.5,3937.25,96,0.0
DM-02-13-01-01,2026-08-11,82.375,3944.75,96,0.0
DM-02-13-01-01,2026-08-12,81.875,4102.25,96,0.0
DM-02-13-01-01,2026-08-13,82.25,4010.0,96,0.0
DM-02-13-01-01,2026-08-14,85.75,4030.25,96,0.0
DM-02-13-01-01,2026-08-15,80.75,4132.5,96,0.0
DM-02-13-01-01,2026-08-16,83.75,4208.25,96,0.0
DM-02-13-02-02,2026-07-25,54.75,2348.75,96,
DM-02-13-02-02,2026-07-26,59.0,2338.0,96,
DM-02-13-02-02,2026-07-27,53.875,2320.0,96,
DM-02-13-02-02,2026-07-28,54.125,2270.0,96,
DM-02-13-02-02,2026-07-29,54.75,2296.0,96,
DM-02-13-02-02,2026-07-30,55.0,2307.0,96,
DM-02-13-02-02,2026-07-31,60.5,2325.25,96,
DM-02-13-02-02,2026-08-01,53.375,2313.0,96,
DM-02-13-02-02,2026-08-02,53.375,2349.75,96,
DM-02-13-02-02,2026-08-03,57.0,2338.75,96,
DM-02-13-02-02,2026-08-04,56.5,2273.0,96,
DM-02-13-02-02,2026-08-05,48.875,2217.0,96,
DM-02-13-02-02,2026-08-06,56.75,2291.25,96,
DM-02-13-02-02,2026-08-07,55.375,2260.25,96,
DM-02-13-02-02,2026-08-08,51.875,2288.25,96,0.0
DM-02-13-02-02,2026-08-09,54.875,2280.75,96,0.0
DM-02-13-02-02,2026-08-10,52.375,2199.25,96,0.0
DM-02-13-02-02,2026-08-11,53.25,2254.75,96,0.0
DM-02-13-02-02,2026-08-12,52.125,2281.25,96,0.0
DM-02-13-02-02,2026-08-13,53.5,2247.75,96,0.0
DM-02-13-02-02,2026-08-14,57.125,2292.75,96,0.557
DM-02-13-02-02,2026-08-15,52.0,2289.75,96,0.0
DM-02-13-02-02,2026-08-16,54.75,2307.25,96,0.0
DM-02-13-03-01,2026-07-25,72.375,2824.25,96,
DM-02-13-03-01,2026-07-26,77.875,2869.0,96,
DM-02-13-03-01,2026-07-27,74.25,2795.75,96,
DM-02-13-03-01,2026-07-28,70.0,2729.75,96,
DM-02-13-03-01,2026-07-29,73.625,2802.5,96,
DM-02-13-03-01,2026-07-30,70.75,2804.75,96,
DM-02-13-03-01,2026-07-31,75.25,2790.75,96,
DM-02-13-03-01,2026-08-01,69.25,2819.0,96,
DM-02-13-03-01,2026-08-02,71.75,2870.25,96,
DM-02-13-03-01,2026-08-03,71.5,2839.75,96,
DM-02-13-03-01,2026-08-04,71.0,2792.75,96,
DM-02-13-03-01,2026-08-05,70.5,2764.25,96,
DM-02-13-03-01,2026-08-06,75.375,2774.0,96,
DM-02-13-03-01,2026-08-07,68.875,2707.25,96,
DM-02-13-03-01,2026-08-08,66.25,2785.0,96,0.0
DM-02-13-03-01,2026-08-09,69.0,2780.0,96,0.0
DM-02-13-03-01,2026-08-10,68.5,2720.75,96,0.0
DM-02-13-03-01,2026-08-11,67.5,2696.25,96,0.0
DM-02-13-03-01,2026-08-12,68.125,2763.5,96,0.0
DM-02-13-03-01,2026-08-13,70.5,2758.25,96,0.0
DM-02-13-03-01,2026-08-14,72.125,2750.25,96,0.0
DM-02-13-03-01,2026-08-15,71.875,2807.75,96,0.0
DM-02-13-03-01,2026-08-16,70.25,2839.75,96,0.0
DM-02-13-03-02,2026-07-25,76.75,3589.0,96,
DM-02-13-03-02,2026-07-26,85.75,3662.75,96,
DM-02-13-03-02,2026-07-27,84.5,3561.0,96,
DM-02-13-03-02,2026-07-28,71.375,3417.0,96,
DM-02-13-03-02,2026-07-29,74.875,3649.0,96,
DM-02-13-03-02,2026-07-30,68.625,3428.0,96,
DM-02-13-03-02,2026-07-31,75.0,3429.0,96,
DM-02-13-03-02,2026-08-01,71.25,3526.75,96,
DM-02-13-03-02,2026-08-02,72.25,3521.0,96,
DM-02-13-03-02,2026-08-03,69.875,3435.0,96,
DM-02-13-03-02,2026-08-04,76.75,3441.0,96,
DM-02-13-03-02,2026-08-05,67.0,3401.75,96,
DM-02-13-03-02,2026-08-06,76.5,3529.25,96,
DM-02-13-03-02,2026-08-07,76.25,3445.25,96,
DM-02-13-03-02,2026-08-08,80.875,3572.25,96,3.5
DM-02-13-03-02,2026-08-09,75.75,3609.75,96,1.875
DM-02-13-03-02,2026-08-10,75.25,3452.5,96,0.0
DM-02-13-03-02,2026-08-11,74.375,3669.0,96,0.0
DM-02-13-03-02,2026-08-12,88.0,3971.25,96,10.625
DM-02-13-03-02,2026-08-13,92.75,3626.25,96,26.0
DM-02-13-03-02,2026-08-14,75.0,3301.0,96,23.625
DM-02-13-03-02,2026-08-15,60.25,3240.25,96,6.499
DM-02-13-03-02,2026-08-16,67.375,3284.25,96,0.0
DM-02-13-04-02,2026-07-25,51.25,2574.25,96,
DM-02-13-04-02,2026-07-26,58.375,2567.75,96,
DM-02-13-04-02,2026-07-27,50.625,2484.75,96,
DM-02-13-04-02,2026-07-28,51.5,2417.0,96,
DM-02-13-04-02,2026-07-29,51.5,2485.25,96,
DM-02-13-04-02,2026-07-30,51.875,2485.25,96,
DM-02-13-04-02,2026-07-31,55.75,2491.5,96,
DM-02-13-04-02,2026-08-01,48.5,2523.0,96,
DM-02-13-04-02,2026-08-02,50.5,2555.25,96,
DM-02-13-04-02,2026-08-03,52.75,2547.75,96,
DM-02-13-04-02,2026-08-04,51.125,2500.0,96,
DM-02-13-04-02,2026-08-05,48.75,2481.5,96,
DM-02-13-04-02,2026-08-06,49.5,2466.0,96,
DM-02-13-04-02,2026-08-07,52.75,2477.5,96,
DM-02-13-04-02,2026-08-08,50.625,2546.5,96,0.0
DM-02-13-04-02,2026-08-09,50.375,2446.25,96,0.0
DM-02-13-04-02,2026-08-10,52.5,2466.0,96,0.0
DM-02-13-04-02,2026-08-11,51.125,2435.5,96,0.0
DM-02-13-04-02,2026-08-12,48.875,2505.25,96,0.0
DM-02-13-04-02,2026-08-13,59.0,2536.25,96,5.964
DM-02-13-04-02,2026-08-14,53.375,2501.25,96,6.302
DM-02-13-04-02,2026-08-15,48.25,2596.75,96,1.516
DM-02-13-04-02,2026-08-16,53.875,2578.75,96,2.354
DM-02-13-05-02,2026-07-25,64.375,2919.0,96,
DM-02-13-05-02,2026-07-26,71.625,2921.5,96,
DM-02-13-05-02,2026-07-27,64.625,2844.25,96,
DM-02-13-05-02,2026-07-28,61.625,2767.75,96,
DM-02-13-05-02,2026-07-29,64.625,2784.0,96,
DM-02-13-05-02,2026-07-30,63.25,2755.75,96,
DM-02-13-05-02,2026-07-31,64.75,2711.5,96,
DM-02-13-05-02,2026-08-01,56.125,2708.75,96,
DM-02-13-05-02,2026-08-02,60.75,2794.75,96,
DM-02-13-05-02,2026-08-03,61.5,2829.5,96,
DM-02-13-05-02,2026-08-04,59.5,2695.5,96,
DM-02-13-05-02,2026-08-05,50.5,2654.0,96,
DM-02-13-05-02,2026-08-06,59.625,2660.5,96,
DM-02-13-05-02,2026-08-07,56.625,2675.5,96,
DM-02-13-05-02,2026-08-08,54.625,2686.75,96,0.0
DM-02-13-05-02,2026-08-09,59.5,2702.5,96,0.0
DM-02-13-05-02,2026-08-10,54.75,2631.25,96,0.0
DM-02-13-05-02,2026-08-11,55.75,2643.25,96,0.0
DM-02-13-05-02,2026-08-12,57.125,2680.0,96,0.0
DM-02-13-05-02,2026-08-13,61.5,2857.38,96,0.0
DM-02-13-05-02,2026-08-14,68.125,2872.25,96,4.321
DM-02-13-05-02,2026-08-15,62.25,2875.75,96,2.767
DM-02-13-05-02,2026-08-16,65.125,2932.0,96,4.088
DM-02-13-06-02,2026-07-25,87.25,3975.25,96,
DM-02-13-06-02,2026-07-26,86.625,3919.75,96,
DM-02-13-06-02,2026-07-27,85.5,3761.5,96,
DM-02-13-06-02,2026-07-28,74.25,3707.75,96,
DM-02-13-06-02,2026-07-29,84.25,3827.25,96,
DM-02-13-06-02,2026-07-30,78.75,3830.25,96,
DM-02-13-06-02,2026-07-31,88.25,3770.25,96,
DM-02-13-06-02,2026-08-01,74.125,3783.75,96,
DM-02-13-06-02,2026-08-02,75.125,3800.75,96,
DM-02-13-06-02,2026-08-03,76.25,3832.0,96,
DM-02-13-06-02,2026-08-04,74.125,3759.25,96,
DM-02-13-06-02,2026-08-05,77.625,3697.75,96,
DM-02-13-06-02,2026-08-06,79.875,3766.25,96,
DM-02-13-06-02,2026-08-07,78.375,3731.5,96,
DM-02-13-06-02,2026-08-08,77.375,3846.75,96,0.0
DM-02-13-06-02,2026-08-09,75.25,3778.25,96,0.0
DM-02-13-06-02,2026-08-10,78.75,3687.75,96,0.0
DM-02-13-06-02,2026-08-11,72.75,3669.0,96,0.0
DM-02-13-06-02,2026-08-12,72.125,3715.25,96,0.0
DM-02-13-06-02,2026-08-13,79.125,3782.0,96,0.0
DM-02-13-06-02,2026-08-14,79.875,3742.25,96,0.0
DM-02-13-06-02,2026-08-15,79.25,3871.25,96,0.0
DM-02-13-06-02,2026-08-16,82.375,3824.0,96,0.0
DM-02-14-03-02,2026-07-25,103.25,4381.25,96,
DM-02-14-03-02,2026-07-26,113.5,4446.75,96,
DM-02-14-03-02,2026-07-27,105.0,4189.75,96,
DM-02-14-03-02,2026-07-28,91.125,4130.25,96,
DM-02-14-03-02,2026-07-29,92.125,4085.5,96,
DM-02-14-03-02,2026-07-30,85.625,4157.0,96,
DM-02-14-03-02,2026-07-31,86.125,4042.5,96,
DM-02-14-03-02,2026-08-01,86.125,4233.5,96,
DM-02-14-03-02,2026-08-02,99.125,4450.75,96,
DM-02-14-03-02,2026-08-03,90.125,4285.75,96,
DM-02-14-03-02,2026-08-04,102.625,4373.25,96,
DM-02-14-03-02,2026-08-05,96.875,4333.0,96,
DM-02-14-03-02,2026-08-06,90.75,4211.75,96,
DM-02-14-03-02,2026-08-07,67.375,1826.25,96,
DM-02-14-03-02,2026-08-08,41.25,2488.0,96,0.0
DM-02-14-03-02,2026-08-09,30.75,2427.75,96,0.0
DM-02-14-03-02,2026-08-10,40.75,3071.75,96,0.0
DM-02-14-03-02,2026-08-11,98.75,4116.5,96,0.0
DM-02-14-03-02,2026-08-12,80.375,4240.25,96,0.0
DM-02-14-03-02,2026-08-13,80.625,4116.88,96,0.0
DM-02-14-03-02,2026-08-14,96.375,4228.5,96,0.0
DM-02-14-03-02,2026-08-15,80.5,4242.75,96,0.0
DM-02-14-03-02,2026-08-16,93.0,4407.5,96,0.0
DM-02-14-03-03,2026-07-25,26.625,1777.5,96,
DM-02-14-03-03,2026-07-26,28.625,1364.25,96,
DM-02-14-03-03,2026-07-27,22.5,1577.75,96,
DM-02-14-03-03,2026-07-28,29.875,1613.25,96,
DM-02-14-03-03,2026-07-29,28.0,1357.25,96,
DM-02-14-03-03,2026-07-30,23.125,1597.5,96,
DM-02-14-03-03,2026-07-31,32.125,1677.25,96,
DM-02-14-03-03,2026-08-01,35.125,1820.5,96,
DM-02-14-03-03,2026-08-02,26.625,1353.5,96,
DM-02-14-03-03,2026-08-03,28.375,1767.25,96,
DM-02-14-03-03,2026-08-04,31.5,1813.25,96,
DM-02-14-03-03,2026-08-05,32.375,1797.5,96,
DM-02-14-03-03,2026-08-06,27.5,1760.75,96,
DM-02-14-03-03,2026-08-07,26.0,1746.75,96,
DM-02-14-03-03,2026-08-08,34.625,1827.5,96,4.467
DM-02-14-03-03,2026-08-09,29.875,1384.0,96,4.184
DM-02-14-03-03,2026-08-10,25.0,1634.75,96,0.0
DM-02-14-03-03,2026-08-11,32.125,1734.75,96,1.967
DM-02-14-03-03,2026-08-12,27.875,1463.25,96,0.0
DM-02-14-03-03,2026-08-13,22.375,1707.0,96,0.0
DM-02-14-03-03,2026-08-14,25.25,1722.0,96,0.0
DM-02-14-03-03,2026-08-15,28.375,1803.0,96,0.0
DM-02-14-03-03,2026-08-16,34.5,1407.5,96,4.342
DM-02-14-04-03,2026-07-25,134.75,5948.75,96,
DM-02-14-04-03,2026-07-26,135.0,6019.25,96,
DM-02-14-04-03,2026-07-27,131.125,5689.75,96,
DM-02-14-04-03,2026-07-28,126.875,5687.0,96,
DM-02-14-04-03,2026-07-29,127.875,5674.5,96,
DM-02-14-04-03,2026-07-30,129.75,5742.75,96,
DM-02-14-04-03,2026-07-31,131.375,5668.25,96,
DM-02-14-04-03,2026-08-01,127.625,5844.25,96,
DM-02-14-04-03,2026-08-02,130.25,6003.0,96,
DM-02-14-04-03,2026-08-03,129.625,5738.75,96,
DM-02-14-04-03,2026-08-04,128.625,5797.5,96,
DM-02-14-04-03,2026-08-05,126.875,5722.75,96,
DM-02-14-04-03,2026-08-06,122.875,5654.25,96,
DM-02-14-04-03,2026-08-07,121.25,5716.25,96,
DM-02-14-04-03,2026-08-08,125.75,5990.75,96,0.0
DM-02-14-04-03,2026-08-09,134.25,5901.5,96,3.553
DM-02-14-04-03,2026-08-10,121.25,5538.5,96,0.0
DM-02-14-04-03,2026-08-11,123.375,5623.75,96,0.0
DM-02-14-04-03,2026-08-12,123.125,5794.75,96,0.0
DM-02-14-04-03,2026-08-13,123.875,5762.0,96,0.0
DM-02-14-04-03,2026-08-14,133.75,6025.75,96,3.053
DM-02-14-04-03,2026-08-15,134.375,6263.25,96,6.732
DM-02-14-04-03,2026-08-16,137.25,6298.25,96,13.285
DM-02-14-05-02,2026-07-25,115.25,4571.75,96,
DM-02-14-05-02,2026-07-26,114.0,4360.5,96,
DM-02-14-05-02,2026-07-27,107.25,4295.75,96,
DM-02-14-05-02,2026-07-28,109.625,4171.0,96,
DM-02-14-05-02,2026-07-29,108.625,4397.25,96,
DM-02-14-05-02,2026-07-30,106.75,4393.5,96,
DM-02-14-05-02,2026-07-31,108.0,4297.75,96,
DM-02-14-05-02,2026-08-01,107.375,4443.0,96,
DM-02-14-05-02,2026-08-02,101.125,4251.25,96,
DM-02-14-05-02,2026-08-03,101.5,4409.5,96,
DM-02-14-05-02,2026-08-04,105.0,4485.5,96,
DM-02-14-05-02,2026-08-05,104.125,4461.25,96,
DM-02-14-05-02,2026-08-06,106.625,4474.5,96,
DM-02-14-05-02,2026-08-07,108.125,4560.5,96,
DM-02-14-05-02,2026-08-08,111.375,4696.5,96,2.081
DM-02-14-05-02,2026-08-09,108.75,4368.75,96,1.538
DM-02-14-05-02,2026-08-10,102.0,4423.5,96,0.0
DM-02-14-05-02,2026-08-11,104.875,4460.25,96,0.0
DM-02-14-05-02,2026-08-12,103.875,4321.25,96,0.0
DM-02-14-05-02,2026-08-13,99.875,4343.25,96,0.0
DM-02-14-05-02,2026-08-14,105.25,4412.25,96,0.0
DM-02-14-05-02,2026-08-15,104.75,4567.0,96,0.0
DM-02-14-05-02,2026-08-16,103.875,4335.25,96,0.0
DM-02-14-06-01,2026-07-25,56.5,2818.25,96,
DM-02-14-06-01,2026-07-26,56.75,2781.5,96,
DM-02-14-06-01,2026-07-27,50.75,2559.75,96,
DM-02-14-06-01,2026-07-28,51.375,2551.75,96,
DM-02-14-06-01,2026-07-29,52.75,2598.0,96,
DM-02-14-06-01,2026-07-30,51.75,2669.75,96,
DM-02-14-06-01,2026-07-31,52.375,2598.25,96,
DM-02-14-06-01,2026-08-01,51.5,2712.5,96,
DM-02-14-06-01,2026-08-02,51.125,2797.5,96,
DM-02-14-06-01,2026-08-03,51.0,2692.5,96,
DM-02-14-06-01,2026-08-04,50.25,2689.5,96,
DM-02-14-06-01,2026-08-05,48.625,2616.0,96,
DM-02-14-06-01,2026-08-06,50.875,2656.0,96,
DM-02-14-06-01,2026-08-07,54.0,2679.5,96,
DM-02-14-06-01,2026-08-08,50.75,2777.75,96,0.0
DM-02-14-06-01,2026-08-09,53.0,2815.25,96,0.0
DM-02-14-06-01,2026-08-10,50.5,2605.75,96,0.0
DM-02-14-06-01,2026-08-11,50.125,2577.25,96,0.0
DM-02-14-06-01,2026-08-12,49.75,2696.25,96,0.0
DM-02-14-06-01,2026-08-13,48.5,2591.25,96,0.0
DM-02-14-06-01,2026-08-14,50.75,2670.25,96,0.0
DM-02-14-06-01,2026-08-15,50.375,2789.25,96,0.0
DM-02-14-06-01,2026-08-16,53.5,2842.75,96,0.289
DM-02-14-06-02,2026-07-25,100.625,3254.5,96,
DM-02-14-06-02,2026-07-26,99.375,3277.0,96,
DM-02-14-06-02,2026-07-27,97.75,3170.25,96,
DM-02-14-06-02,2026-07-28,99.5,3226.75,96,
DM-02-14-06-02,2026-07-29,98.25,3202.0,96,
DM-02-14-06-02,2026-07-30,101.5,3288.5,96,
DM-02-14-06-02,2026-07-31,98.0,3205.75,96,
DM-02-14-06-02,2026-08-01,94.375,3224.5,96,
DM-02-14-06-02,2026-08-02,94.625,3270.75,96,
DM-02-14-06-02,2026-08-03,96.125,3242.0,96,
DM-02-14-06-02,2026-08-04,94.5,3236.25,96,
DM-02-14-06-02,2026-08-05,94.875,3212.0,96,
DM-02-14-06-02,2026-08-06,96.25,3221.5,96,
DM-02-14-06-02,2026-08-07,96.375,3383.25,96,
DM-02-14-06-02,2026-08-08,97.0,3385.0,96,0.0
DM-02-14-06-02,2026-08-09,95.875,3368.5,96,0.0
DM-02-14-06-02,2026-08-10,96.25,3257.75,96,0.0
DM-02-14-06-02,2026-08-11,92.875,3229.5,96,0.0
DM-02-14-06-02,2026-08-12,94.875,3294.25,96,0.0
DM-02-14-06-02,2026-08-13,91.875,3177.25,96,0.0
DM-02-14-06-02,2026-08-14,94.75,3201.0,96,0.0
DM-02-14-06-02,2026-08-15,94.25,3256.5,96,0.0
DM-02-14-06-02,2026-08-16,97.625,3338.5,96,0.0
DM-02-14-07-02,2026-07-25,160.625,6454.75,96,
DM-02-14-07-02,2026-07-26,160.25,6458.25,96,
DM-02-14-07-02,2026-07-27,155.0,6178.75,96,
DM-02-14-07-02,2026-07-28,157.125,6157.5,96,
DM-02-14-07-02,2026-07-29,153.875,6293.25,96,
DM-02-14-07-02,2026-07-30,155.75,6428.5,96,
DM-02-14-07-02,2026-07-31,165.0,6213.25,96,
DM-02-14-07-02,2026-08-01,148.375,6321.5,96,
DM-02-14-07-02,2026-08-02,161.25,6499.0,96,
DM-02-14-07-02,2026-08-03,147.625,6161.0,96,
DM-02-14-07-02,2026-08-04,151.0,6272.25,96,
DM-02-14-07-02,2026-08-05,154.75,6163.75,96,
DM-02-14-07-02,2026-08-06,149.0,6208.5,96,
DM-02-14-07-02,2026-08-07,153.875,6305.5,96,
DM-02-14-07-02,2026-08-08,143.875,6477.75,96,0.0
DM-02-14-07-02,2026-08-09,156.25,6474.0,96,0.0
DM-02-14-07-02,2026-08-10,145.25,6029.5,96,0.0
DM-02-14-07-02,2026-08-11,139.625,5980.25,96,0.0
DM-02-14-07-02,2026-08-12,156.5,6418.5,96,0.0
DM-02-14-07-02,2026-08-13,137.75,6122.5,96,0.0
DM-02-14-07-02,2026-08-14,148.625,6219.5,96,0.0
DM-02-14-07-02,2026-08-15,164.875,6535.25,96,7.106
DM-02-14-07-02,2026-08-16,159.5,6535.75,96,8.837
DM-02-14-07-03,2026-07-25,54.625,2993.0,96,
DM-02-14-07-03,2026-07-26,55.625,2863.5,96,
DM-02-14-07-03,2026-07-27,53.0,2825.25,96,
DM-02-14-07-03,2026-07-28,59.375,2631.0,96,
DM-02-14-07-03,2026-07-29,52.75,2691.0,96,
DM-02-14-07-03,2026-07-30,50.875,2798.25,96,
DM-02-14-07-03,2026-07-31,65.125,2754.25,96,
DM-02-14-07-03,2026-08-01,52.0,2892.75,96,
DM-02-14-07-03,2026-08-02,53.375,2855.5,96,
DM-02-14-07-03,2026-08-03,51.375,2852.5,96,
DM-02-14-07-03,2026-08-04,54.125,2869.5,96,
DM-02-14-07-03,2026-08-05,53.25,2795.5,96,
DM-02-14-07-03,2026-08-06,53.75,2792.0,96,
DM-02-14-07-03,2026-08-07,52.0,2870.0,96,
DM-02-14-07-03,2026-08-08,48.125,3074.75,96,0.0
DM-02-14-07-03,2026-08-09,58.375,2991.5,96,2.197
DM-02-14-07-03,2026-08-10,53.0,2834.25,96,0.0
DM-02-14-07-03,2026-08-11,49.0,2753.5,96,0.0
DM-02-14-07-03,2026-08-12,51.75,2747.25,96,0.0
DM-02-14-07-03,2026-08-13,51.375,2769.75,96,0.0
DM-02-14-07-03,2026-08-14,57.0,2897.75,96,0.822
DM-02-14-07-03,2026-08-15,54.625,3113.25,96,0.0
DM-02-14-07-03,2026-08-16,58.0,3096.5,96,1.822
DM-02-14-08-01,2026-07-25,150.875,6752.25,96,
DM-02-14-08-01,2026-07-26,147.125,6685.75,96,
DM-02-14-08-01,2026-07-27,143.875,6412.25,96,
DM-02-14-08-01,2026-07-28,144.875,6317.25,96,
DM-02-14-08-01,2026-07-29,143.0,6517.25,96,
DM-02-14-08-01,2026-07-30,148.875,6538.5,96,
DM-02-14-08-01,2026-07-31,145.375,6402.25,96,
DM-02-14-08-01,2026-08-01,144.75,6627.25,96,
DM-02-14-08-01,2026-08-02,141.625,6761.25,96,
DM-02-14-08-01,2026-08-03,140.875,6755.75,96,
DM-02-14-08-01,2026-08-04,145.125,6766.5,96,
DM-02-14-08-01,2026-08-05,148.0,6650.25,96,
DM-02-14-08-01,2026-08-06,133.375,6441.5,96,
DM-02-14-08-01,2026-08-07,138.75,6448.5,96,
DM-02-14-08-01,2026-08-08,142.0,6648.75,96,0.0
DM-02-14-08-01,2026-08-09,132.875,6451.5,96,0.0
DM-02-14-08-01,2026-08-10,289.375,6927.75,96,143.192
DM-02-14-08-01,2026-08-11,307.375,6351.75,96,304.385
DM-02-14-08-01,2026-08-12,281.625,6463.25,96,439.827
DM-02-14-08-01,2026-08-13,313.375,6448.25,96,607.019
DM-02-14-08-01,2026-08-14,307.75,6523.25,96,768.586
DM-02-14-08-01,2026-08-15,307.125,6740.75,96,929.529
DM-02-14-08-01,2026-08-16,304.375,6691.25,96,1087.721
DM-02-15-01-01,2026-07-25,152.5,5808.25,96,
DM-02-15-01-01,2026-07-26,155.625,5750.75,96,
DM-02-15-01-01,2026-07-27,152.75,5894.75,96,
DM-02-15-01-01,2026-07-28,148.875,5648.5,96,
DM-02-15-01-01,2026-07-29,148.125,5638.25,96,
DM-02-15-01-01,2026-07-30,149.125,5862.5,96,
DM-02-15-01-01,2026-07-31,163.375,5826.75,96,
DM-02-15-01-01,2026-08-01,146.625,5793.25,96,
DM-02-15-01-01,2026-08-02,149.125,5770.25,96,
DM-02-15-01-01,2026-08-03,157.0,6022.75,96,
DM-02-15-01-01,2026-08-04,161.75,5964.75,96,
DM-02-15-01-01,2026-08-05,108.25,5800.0,96,
DM-02-15-01-01,2026-08-06,161.375,5994.0,96,
DM-02-15-01-01,2026-08-07,156.0,5805.75,96,
DM-02-15-01-01,2026-08-08,143.375,5899.5,96,0.0
DM-02-15-01-01,2026-08-09,149.625,5812.0,96,0.0
DM-02-15-01-01,2026-08-10,153.875,5920.75,96,0.0
DM-02-15-01-01,2026-08-11,158.125,5856.5,96,0.925
DM-02-15-01-01,2026-08-12,142.125,5756.0,96,0.0
DM-02-15-01-01,2026-08-13,146.625,5927.75,96,0.0
DM-02-15-01-01,2026-08-14,161.125,5836.5,96,3.925
DM-02-15-01-01,2026-08-15,147.375,5833.5,96,0.0
DM-02-15-01-01,2026-08-16,151.0,5867.25,96,0.0
DM-02-15-02-01,2026-07-25,105.0,5062.0,96,
DM-02-15-02-01,2026-07-26,95.0,4736.0,96,
DM-02-15-02-01,2026-07-27,100.625,4792.75,96,
DM-02-15-02-01,2026-07-28,94.375,4600.5,96,
DM-02-15-02-01,2026-07-29,101.25,4914.0,96,
DM-02-15-02-01,2026-07-30,104.5,4926.5,96,
DM-02-15-02-01,2026-07-31,102.25,4820.5,96,
DM-02-15-02-01,2026-08-01,105.0,4967.25,96,
DM-02-15-02-01,2026-08-02,105.375,4902.0,96,
DM-02-15-02-01,2026-08-03,106.375,5211.25,96,
DM-02-15-02-01,2026-08-04,129.75,5135.25,96,
DM-02-15-02-01,2026-08-05,140.5,4508.25,96,
DM-02-15-02-01,2026-08-06,109.75,5233.75,96,
DM-02-15-02-01,2026-08-07,105.5,4988.75,96,
DM-02-15-02-01,2026-08-08,104.25,5155.5,96,0.0
DM-02-15-02-01,2026-08-09,102.625,4956.5,96,0.0
DM-02-15-02-01,2026-08-10,110.0,4897.0,96,0.0
DM-02-15-02-01,2026-08-11,101.375,4968.5,96,0.0
DM-02-15-02-01,2026-08-12,102.125,4979.0,96,0.0
DM-02-15-02-01,2026-08-13,102.625,5007.25,96,0.0
DM-02-15-02-01,2026-08-14,105.375,5031.25,96,0.0
DM-02-15-02-01,2026-08-15,103.75,5064.0,96,0.0
DM-02-15-02-01,2026-08-16,110.0,5012.0,96,0.0
DM-02-16-02-01,2026-07-25,39.75,1729.0,96,
DM-02-16-02-01,2026-07-26,40.625,1697.0,96,
DM-02-16-02-01,2026-07-27,40.125,1664.5,96,
DM-02-16-02-01,2026-07-28,38.375,1666.5,96,
DM-02-16-02-01,2026-07-29,38.25,1673.75,96,
DM-02-16-02-01,2026-07-30,37.5,1692.75,96,
DM-02-16-02-01,2026-07-31,40.625,1693.0,96,
DM-02-16-02-01,2026-08-01,39.125,1717.25,96,
DM-02-16-02-01,2026-08-02,39.75,1726.5,96,
DM-02-16-02-01,2026-08-03,40.75,1697.75,96,
DM-02-16-02-01,2026-08-04,37.0,1610.75,96,
DM-02-16-02-01,2026-08-05,37.125,1590.0,96,
DM-02-16-02-01,2026-08-06,40.0,1599.5,96,
DM-02-16-02-01,2026-08-07,40.375,1637.75,96,
DM-02-16-02-01,2026-08-08,38.375,1669.5,96,0.0
DM-02-16-02-01,2026-08-09,40.375,1688.25,96,0.485
DM-02-16-02-01,2026-08-10,36.625,1626.0,96,0.0
DM-02-16-02-01,2026-08-11,36.625,1602.5,96,0.0
DM-02-16-02-01,2026-08-12,36.5,1641.5,96,0.0
DM-02-16-02-01,2026-08-13,44.0,1459.0,96,4.11
DM-02-16-02-01,2026-08-14,39.0,1668.5,96,3.221
DM-02-16-02-01,2026-08-15,36.75,1700.25,96,0.081
DM-02-16-02-01,2026-08-16,40.125,1699.5,96,0.317
DM-02-16-05-01,2026-07-25,77.125,4275.5,96,
DM-02-16-05-01,2026-07-26,76.375,4080.25,96,
DM-02-16-05-01,2026-07-27,79.75,3913.0,96,
DM-02-16-05-01,2026-07-28,86.75,4084.25,96,
DM-02-16-05-01,2026-07-29,79.0,4070.5,96,
DM-02-16-05-01,2026-07-30,70.625,4072.25,96,
DM-02-16-05-01,2026-07-31,84.0,4061.25,96,
DM-02-16-05-01,2026-08-01,81.375,4532.5,96,
DM-02-16-05-01,2026-08-02,78.625,4496.5,96,
DM-02-16-05-01,2026-08-03,73.875,4123.25,96,
DM-02-16-05-01,2026-08-04,80.375,4199.75,96,
DM-02-16-05-01,2026-08-05,86.75,4574.5,96,
DM-02-16-05-01,2026-08-06,74.875,4169.25,96,
DM-02-16-05-01,2026-08-07,81.75,4343.0,96,
DM-02-16-05-01,2026-08-08,73.125,4413.75,96,0.0
DM-02-16-05-01,2026-08-09,77.0,4450.5,96,0.0
DM-02-16-05-01,2026-08-10,75.25,4153.5,96,0.0
DM-02-16-05-01,2026-08-11,101.5,4319.25,96,19.878
DM-02-16-05-01,2026-08-12,79.25,4474.5,96,17.506
DM-02-16-05-01,2026-08-13,76.75,4309.5,96,12.634
DM-02-16-05-01,2026-08-14,86.5,4326.75,96,17.511
DM-02-16-05-01,2026-08-15,79.875,4354.5,96,15.764
DM-02-16-05-01,2026-08-16,95.875,4420.25,96,30.017
DM-02-16-06-02,2026-07-25,36.75,1738.5,96,
DM-02-16-06-02,2026-07-26,38.0,1749.25,96,
DM-02-16-06-02,2026-07-27,36.875,1671.5,96,
DM-02-16-06-02,2026-07-28,33.5,1660.25,96,
DM-02-16-06-02,2026-07-29,36.875,1678.5,96,
DM-02-16-06-02,2026-07-30,33.0,1675.5,96,
DM-02-16-06-02,2026-07-31,34.75,1623.75,96,
DM-02-16-06-02,2026-08-01,33.75,1670.75,96,
DM-02-16-06-02,2026-08-02,36.375,1727.5,96,
DM-02-16-06-02,2026-08-03,34.5,1683.25,96,
DM-02-16-06-02,2026-08-04,34.75,1647.5,96,
DM-02-16-06-02,2026-08-05,32.75,1625.25,96,
DM-02-16-06-02,2026-08-06,37.0,1629.75,96,
DM-02-16-06-02,2026-08-07,37.5,1636.0,96,
DM-02-16-06-02,2026-08-08,36.5,1693.75,96,0.183
DM-02-16-06-02,2026-08-09,35.375,1682.0,96,0.0
DM-02-16-06-02,2026-08-10,35.875,1597.5,96,0.0
DM-02-16-06-02,2026-08-11,31.875,1596.25,96,0.0
DM-02-16-06-02,2026-08-12,34.75,1671.25,96,0.0
DM-02-16-06-02,2026-08-13,35.125,1639.75,96,0.0
DM-02-16-06-02,2026-08-14,34.625,1618.75,96,0.0
DM-02-16-06-02,2026-08-15,33.5,1683.25,96,0.0
DM-02-16-06-02,2026-08-16,35.0,1706.75,96,0.0
DM-02-16-07-01,2026-07-25,65.5,3318.75,96,
DM-02-16-07-01,2026-07-26,71.375,3343.5,96,
DM-02-16-07-01,2026-07-27,70.625,3238.75,96,
DM-02-16-07-01,2026-07-28,62.875,3180.25,96,
DM-02-16-07-01,2026-07-29,68.875,3248.25,96,
DM-02-16-07-01,2026-07-30,65.5,3233.0,96,
DM-02-16-07-01,2026-07-31,68.875,3212.5,96,
DM-02-16-07-01,2026-08-01,67.0,3331.0,96,
DM-02-16-07-01,2026-08-02,66.875,3348.75,96,
DM-02-16-07-01,2026-08-03,68.625,3302.0,96,
DM-02-16-07-01,2026-08-04,67.75,3250.5,96,
DM-02-16-07-01,2026-08-05,69.0,3238.25,96,
DM-02-16-07-01,2026-08-06,69.25,3249.25,96,
DM-02-16-07-01,2026-08-07,67.75,3250.75,96,
DM-02-16-07-01,2026-08-08,68.875,3372.5,96,0.0
DM-02-16-07-01,2026-08-09,70.0,3351.0,96,1.086
DM-02-16-07-01,2026-08-10,65.375,3221.75,96,0.0
DM-02-16-07-01,2026-08-11,67.625,3204.75,96,0.0
DM-02-16-07-01,2026-08-12,65.5,3295.0,96,0.0
DM-02-16-07-01,2026-08-13,67.875,3235.5,96,0.0
DM-02-16-07-01,2026-08-14,67.75,3283.5,96,0.0
DM-02-16-07-01,2026-08-15,72.625,3441.5,96,3.711
DM-02-16-07-01,2026-08-16,72.625,3441.5,96,7.422
DM-03-01-01-01,2026-07-25,82.875,3621.75,96,
DM-03-01-01-01,2026-07-26,68.125,3381.75,96,
DM-03-01-01-01,2026-07-27,93.5,3498.25,96,
DM-03-01-01-01,2026-07-28,75.125,3183.25,96,
DM-03-01-01-01,2026-07-29,85.0,3138.75,96,
DM-03-01-01-01,2026-07-30,90.5,3325.5,96,
DM-03-01-01-01,2026-07-31,79.25,3433.0,96,
DM-03-01-01-01,2026-08-01,74.75,3421.75,96,
DM-03-01-01-01,2026-08-02,100.625,3558.75,96,
DM-03-01-01-01,2026-08-03,78.625,3686.5,96,
DM-03-01-01-01,2026-08-04,77.25,3733.75,96,
DM-03-01-01-01,2026-08-05,86.375,3795.0,96,
DM-03-01-01-01,2026-08-06,86.875,3629.5,96,
DM-03-01-01-01,2026-08-07,79.0,3659.0,96,
DM-03-01-01-01,2026-08-08,78.75,3672.5,96,0.0
DM-03-01-01-01,2026-08-09,89.625,3716.0,96,2.823
DM-03-01-01-01,2026-08-10,93.75,3678.0,96,9.77
DM-03-01-01-01,2026-08-11,121.75,3778.5,96,44.718
DM-03-01-01-01,2026-08-12,91.0,3699.0,96,48.916
DM-03-01-01-01,2026-08-13,90.375,3716.0,96,52.489
DM-03-01-01-01,2026-08-14,80.5,3756.75,96,46.186
DM-03-01-01-01,2026-08-15,103.375,4002.25,96,62.759
DM-03-01-01-01,2026-08-16,89.0,3688.5,96,64.957
DM-03-01-02-01,2026-07-25,57.125,2098.5,96,
DM-03-01-02-01,2026-07-26,43.0,1752.25,96,
DM-03-01-02-01,2026-07-27,49.375,2141.0,96,
DM-03-01-02-01,2026-07-28,36.125,1463.25,96,
DM-03-01-02-01,2026-07-29,42.5,1427.0,96,
DM-03-01-02-01,2026-07-30,33.875,1637.5,96,
DM-03-01-02-01,2026-07-31,54.5,1897.25,96,
DM-03-01-02-01,2026-08-01,40.625,1859.0,96,
DM-03-01-02-01,2026-08-02,57.0,1829.5,96,
DM-03-01-02-01,2026-08-03,62.625,2472.25,96,
DM-03-01-02-01,2026-08-04,38.875,2307.75,96,
DM-03-01-02-01,2026-08-05,41.5,2496.5,96,
DM-03-01-02-01,2026-08-06,47.5,2391.75,96,
DM-03-01-02-01,2026-08-07,43.75,2392.75,96,
DM-03-01-02-01,2026-08-08,55.375,1939.75,96,4.887
DM-03-01-02-01,2026-08-09,32.75,1555.75,96,0.0
DM-03-01-02-01,2026-08-10,51.875,2611.25,96,1.387
DM-03-01-02-01,2026-08-11,43.125,2342.0,96,0.0
DM-03-01-02-01,2026-08-12,41.25,1745.0,96,0.0
DM-03-01-02-01,2026-08-13,47.875,2462.25,96,0.0
DM-03-01-02-01,2026-08-14,49.25,2569.25,96,0.0
DM-03-01-02-01,2026-08-15,46.375,2142.75,96,0.0
DM-03-01-02-01,2026-08-16,33.375,1858.25,96,0.0
DM-03-01-02-03,2026-07-25,35.0,876.25,96,
DM-03-01-02-03,2026-07-26,24.75,803.0,96,
DM-03-01-02-03,2026-07-27,21.75,1179.75,96,
DM-03-01-02-03,2026-07-28,20.625,796.0,96,
DM-03-01-02-03,2026-07-29,30.25,823.0,96,
DM-03-01-02-03,2026-07-30,20.125,808.5,96,
DM-03-01-02-03,2026-07-31,21.125,1000.75,96,
DM-03-01-02-03,2026-08-01,25.75,839.25,96,
DM-03-01-02-03,2026-08-02,28.0,848.75,96,
DM-03-01-02-03,2026-08-03,22.625,1252.75,96,
DM-03-01-02-03,2026-08-04,26.125,1281.25,96,
DM-03-01-02-03,2026-08-05,26.5,1276.75,96,
DM-03-01-02-03,2026-08-06,32.25,1211.5,96,
DM-03-01-02-03,2026-08-07,29.0,1135.0,96,
DM-03-01-02-03,2026-08-08,31.125,915.25,96,2.94
DM-03-01-02-03,2026-08-09,26.375,895.5,96,1.129
DM-03-01-02-03,2026-08-10,24.625,1274.5,96,0.0
DM-03-01-02-03,2026-08-11,28.625,1476.25,96,0.44
DM-03-01-02-03,2026-08-12,30.875,872.0,96,3.129
DM-03-01-02-03,2026-08-13,28.625,1212.0,96,3.569
DM-03-01-02-03,2026-08-14,26.25,1211.0,96,1.633
DM-03-01-02-03,2026-08-15,20.75,878.75,96,0.0
DM-03-01-02-03,2026-08-16,22.875,825.0,96,0.0
DM-03-01-03-01,2026-07-25,196.75,7608.5,96,
DM-03-01-03-01,2026-07-26,196.125,7328.75,96,
DM-03-01-03-01,2026-07-27,187.125,7253.0,96,
DM-03-01-03-01,2026-07-28,189.75,7114.0,96,
DM-03-01-03-01,2026-07-29,207.75,7379.0,96,
DM-03-01-03-01,2026-07-30,205.5,7838.5,96,
DM-03-01-03-01,2026-07-31,229.5,7694.75,96,
DM-03-01-03-01,2026-08-01,218.75,8306.5,96,
DM-03-01-03-01,2026-08-02,234.125,8441.5,96,
DM-03-01-03-01,2026-08-03,232.5,8561.25,96,
DM-03-01-03-01,2026-08-04,226.25,8530.25,96,
DM-03-01-03-01,2026-08-05,240.0,8531.5,96,
DM-03-01-03-01,2026-08-06,250.25,8763.75,96,
DM-03-01-03-01,2026-08-07,260.75,8787.25,96,
DM-03-01-03-01,2026-08-08,241.125,9117.5,96,10.351
DM-03-01-03-01,2026-08-09,254.0,9451.25,96,33.577
DM-03-01-03-01,2026-08-10,266.25,9587.25,96,69.053
DM-03-01-03-01,2026-08-11,271.375,9793.5,96,109.654
DM-03-01-03-01,2026-08-12,316.0,8041.25,96,194.88
DM-03-01-03-01,2026-08-13,193.25,6914.12,96,157.357
DM-03-01-03-01,2026-08-14,186.125,7001.0,96,112.708
DM-03-01-03-01,2026-08-15,187.625,7090.75,96,69.559
DM-03-01-03-01,2026-08-16,172.75,6872.25,96,11.535
DM-03-01-04-01,2026-07-25,163.25,6226.75,96,
DM-03-01-04-01,2026-07-26,166.125,5590.25,96,
DM-03-01-04-01,2026-07-27,150.625,5847.0,96,
DM-03-01-04-01,2026-07-28,145.0,5373.75,96,
DM-03-01-04-01,2026-07-29,163.875,5247.75,96,
DM-03-01-04-01,2026-07-30,142.75,5715.25,96,
DM-03-01-04-01,2026-07-31,169.375,5568.0,96,
DM-03-01-04-01,2026-08-01,167.375,5953.25,96,
DM-03-01-04-01,2026-08-02,141.125,5560.25,96,
DM-03-01-04-01,2026-08-03,143.75,6184.75,96,
DM-03-01-04-01,2026-08-04,139.0,5955.75,96,
DM-03-01-04-01,2026-08-05,177.125,6005.75,96,
DM-03-01-04-01,2026-08-06,176.25,5794.25,96,
DM-03-01-04-01,2026-08-07,176.0,5770.5,96,
DM-03-01-04-01,2026-08-08,169.375,5934.5,96,3.787
DM-03-01-04-01,2026-08-09,175.125,5926.5,96,13.324
DM-03-01-04-01,2026-08-10,144.375,5685.5,96,0.0
DM-03-01-04-01,2026-08-11,169.125,6331.0,96,3.537
DM-03-01-04-01,2026-08-12,166.25,5929.0,96,4.199
DM-03-01-04-01,2026-08-13,178.5,5793.5,96,17.112
DM-03-01-04-01,2026-08-14,172.625,6127.25,96,24.149
DM-03-01-04-01,2026-08-15,180.625,6182.5,96,39.186
DM-03-01-04-01,2026-08-16,157.75,5715.0,96,31.348
DM-03-01-06-01,2026-07-25,109.125,3523.0,96,
DM-03-01-06-01,2026-07-26,97.0,3422.75,96,
DM-03-01-06-01,2026-07-27,97.5,4156.0,96,
DM-03-01-06-01,2026-07-28,107.0,3040.5,96,
DM-03-01-06-01,2026-07-29,108.125,3295.5,96,
DM-03-01-06-01,2026-07-30,83.0,4206.5,96,
DM-03-01-06-01,2026-07-31,102.25,3900.0,96,
DM-03-01-06-01,2026-08-01,89.125,3166.25,96,
DM-03-01-06-01,2026-08-02,78.5,3249.5,96,
DM-03-01-06-01,2026-08-03,86.625,4462.25,96,
DM-03-01-06-01,2026-08-04,98.625,4458.5,96,
DM-03-01-06-01,2026-08-05,97.75,4518.25,96,
DM-03-01-06-01,2026-08-06,86.25,4288.5,96,
DM-03-01-06-01,2026-08-07,101.625,4370.75,96,
DM-03-01-06-01,2026-08-08,107.875,3973.0,96,7.296
DM-03-01-06-01,2026-08-09,93.25,3865.0,96,0.0
DM-03-01-06-01,2026-08-10,112.75,4607.25,96,12.171
DM-03-01-06-01,2026-08-11,106.75,4528.75,96,18.343
DM-03-01-06-01,2026-08-12,119.125,3401.25,96,36.889
DM-03-01-06-01,2026-08-13,90.875,4529.0,96,27.186
DM-03-01-06-01,2026-08-14,115.125,4068.75,96,41.732
DM-03-01-06-01,2026-08-15,89.875,3579.0,96,31.029
DM-03-01-06-01,2026-08-16,85.375,3210.0,96,15.825
DM-03-01-06-02,2026-07-25,59.375,2837.5,96,
DM-03-01-06-02,2026-07-26,52.875,2723.0,96,
DM-03-01-06-02,2026-07-27,49.375,2774.25,96,
DM-03-01-06-02,2026-07-28,49.625,2414.5,96,
DM-03-01-06-02,2026-07-29,46.375,2363.0,96,
DM-03-01-06-02,2026-07-30,42.625,2804.25,96,
DM-03-01-06-02,2026-07-31,45.0,2901.5,96,
DM-03-01-06-02,2026-08-01,48.375,2728.0,96,
DM-03-01-06-02,2026-08-02,47.625,2493.5,96,
DM-03-01-06-02,2026-08-03,46.375,2991.75,96,
DM-03-01-06-02,2026-08-04,51.875,3133.25,96,
DM-03-01-06-02,2026-08-05,60.875,3011.5,96,
DM-03-01-06-02,2026-08-06,49.375,3109.0,96,
DM-03-01-06-02,2026-08-07,55.625,2953.25,96,
DM-03-01-06-02,2026-08-08,45.25,2540.25,96,0.0
DM-03-01-06-02,2026-08-09,42.25,2510.25,96,0.0
DM-03-01-06-02,2026-08-10,54.625,3012.25,96,1.697
DM-03-01-06-02,2026-08-11,61.125,3238.0,96,9.894
DM-03-01-06-02,2026-08-12,73.625,2612.25,96,30.592
DM-03-01-06-02,2026-08-13,60.375,3072.5,96,38.039
DM-03-01-06-02,2026-08-14,59.625,2768.0,96,44.736
DM-03-01-06-02,2026-08-15,69.625,2710.5,96,61.433
DM-03-01-06-02,2026-08-16,51.75,2504.25,96,60.255
DM-03-01-08-01,2026-07-25,181.5,5726.75,96,
DM-03-01-08-01,2026-07-26,151.125,5560.75,96,
DM-03-01-08-01,2026-07-27,189.625,5726.75,96,
DM-03-01-08-01,2026-07-28,168.875,5640.5,96,
DM-03-01-08-01,2026-07-29,153.5,5486.25,96,
DM-03-01-08-01,2026-07-30,171.75,5668.25,96,
DM-03-01-08-01,2026-07-31,168.75,5420.5,96,
DM-03-01-08-01,2026-08-01,168.125,5695.5,96,
DM-03-01-08-01,2026-08-02,157.75,5641.0,96,
DM-03-01-08-01,2026-08-03,197.375,5829.0,96,
DM-03-01-08-01,2026-08-04,176.375,5790.0,96,
DM-03-01-08-01,2026-08-05,169.25,5482.5,96,
DM-03-01-08-01,2026-08-06,182.0,5653.25,96,
DM-03-01-08-01,2026-08-07,183.375,5545.0,96,
DM-03-01-08-01,2026-08-08,170.375,5612.25,96,0.0
DM-03-01-08-01,2026-08-09,182.375,5580.0,96,3.143
DM-03-01-08-01,2026-08-10,160.25,5515.0,96,0.0
DM-03-01-08-01,2026-08-11,147.625,5292.75,96,0.0
DM-03-01-08-01,2026-08-12,170.125,5721.25,96,0.0
DM-03-01-08-01,2026-08-13,161.0,5517.0,96,0.0
DM-03-01-08-01,2026-08-14,160.625,5345.5,96,0.0
DM-03-01-08-01,2026-08-15,163.625,5737.0,96,0.0
DM-03-01-08-01,2026-08-16,176.875,5680.5,96,0.0
DM-03-02-01-01,2026-07-25,71.0,2629.25,96,
DM-03-02-01-01,2026-07-26,69.375,2667.25,96,
DM-03-02-01-01,2026-07-27,63.0,2501.25,96,
DM-03-02-01-01,2026-07-28,59.5,2241.0,96,
DM-03-02-01-01,2026-07-29,57.375,2252.75,96,
DM-03-02-01-01,2026-07-30,59.0,2523.5,96,
DM-03-02-01-01,2026-07-31,57.625,2431.75,96,
DM-03-02-01-01,2026-08-01,62.375,2546.25,96,
DM-03-02-01-01,2026-08-02,71.0,2587.0,96,
DM-03-02-01-01,2026-08-03,63.625,2670.0,96,
DM-03-02-01-01,2026-08-04,59.25,2609.0,96,
DM-03-02-01-01,2026-08-05,58.625,2520.25,96,
DM-03-02-01-01,2026-08-06,64.0,2512.5,96,
DM-03-02-01-01,2026-08-07,65.625,2443.0,96,
DM-03-02-01-01,2026-08-08,58.5,2415.5,96,0.0
DM-03-02-01-01,2026-08-09,57.0,2490.25,96,0.0
DM-03-02-01-01,2026-08-10,57.0,2473.0,96,0.0
DM-03-02-01-01,2026-08-11,62.0,2628.75,96,0.0
DM-03-02-01-01,2026-08-12,69.25,2430.75,96,3.983
DM-03-02-01-01,2026-08-13,69.625,2493.0,96,8.341
DM-03-02-01-01,2026-08-14,70.75,2420.25,96,13.824
DM-03-02-01-01,2026-08-15,71.25,2433.75,96,19.807
DM-03-02-01-01,2026-08-16,68.25,2556.75,96,22.79
DM-03-02-02-01,2026-07-25,72.938,2765.38,96,
DM-03-02-02-01,2026-07-26,71.375,2947.0,96,
DM-03-02-02-01,2026-07-27,77.0,2847.5,96,
DM-03-02-02-01,2026-07-28,70.375,2619.5,96,
DM-03-02-02-01,2026-07-29,92.625,2656.0,96,
DM-03-02-02-01,2026-07-30,69.125,2734.75,96,
DM-03-02-02-01,2026-07-31,81.375,2841.25,96,
DM-03-02-02-01,2026-08-01,76.25,2738.25,96,
DM-03-02-02-01,2026-08-02,73.125,2932.0,96,
DM-03-02-02-01,2026-08-03,79.875,2967.0,96,
DM-03-02-02-01,2026-08-04,80.0,2945.25,96,
DM-03-02-02-01,2026-08-05,86.625,2967.0,96,
DM-03-02-02-01,2026-08-06,77.125,2786.75,96,
DM-03-02-02-01,2026-08-07,75.75,2762.75,96,
DM-03-02-02-01,2026-08-08,73.375,2943.5,96,0.0
DM-03-02-02-01,2026-08-09,64.875,2778.25,96,0.0
DM-03-02-02-01,2026-08-10,77.25,2644.5,96,0.0
DM-03-02-02-01,2026-08-11,62.125,4519.25,96,0.0
DM-03-02-02-01,2026-08-12,152.5,4152.25,96,71.991
DM-03-02-02-01,2026-08-13,102.875,4046.5,96,94.357
DM-03-02-02-01,2026-08-14,67.25,2619.0,96,81.098
DM-03-02-02-01,2026-08-15,66.125,2468.75,96,66.714
DM-03-02-02-01,2026-08-16,50.875,2457.25,96,37.081
DM-03-02-03-01,2026-07-25,225.875,8636.0,96,
DM-03-02-03-01,2026-07-26,234.875,8512.75,96,
DM-03-02-03-01,2026-07-27,237.0,8306.5,96,
DM-03-02-03-01,2026-07-28,230.75,8201.75,96,
DM-03-02-03-01,2026-07-29,220.375,8271.25,96,
DM-03-02-03-01,2026-07-30,223.75,8181.75,96,
DM-03-02-03-01,2026-07-31,230.125,8287.25,96,
DM-03-02-03-01,2026-08-01,251.25,8779.25,96,
DM-03-02-03-01,2026-08-02,230.625,9014.5,96,
DM-03-02-03-01,2026-08-03,258.5,8769.25,96,
DM-03-02-03-01,2026-08-04,244.5,8895.25,96,
DM-03-02-03-01,2026-08-05,273.5,8275.75,96,
DM-03-02-03-01,2026-08-06,240.625,8505.75,96,
DM-03-02-03-01,2026-08-07,236.75,8601.25,96,
DM-03-02-03-01,2026-08-08,243.25,8938.0,96,0.0
DM-03-02-03-01,2026-08-09,238.0,9468.25,96,0.0
DM-03-02-03-01,2026-08-10,275.0,8986.0,96,29.535
DM-03-02-03-01,2026-08-11,239.5,8639.25,96,23.571
DM-03-02-03-01,2026-08-12,229.75,9201.0,96,7.856
DM-03-02-03-01,2026-08-13,246.875,8606.5,96,9.267
DM-03-02-03-01,2026-08-14,223.25,7739.25,96,0.0
DM-03-02-03-01,2026-08-15,194.625,7613.5,96,0.0
DM-03-02-03-01,2026-08-16,205.25,8078.25,96,0.0
DM-03-02-06-01,2026-07-25,29.125,1640.75,96,
DM-03-02-06-01,2026-07-26,28.875,1528.25,96,
DM-03-02-06-01,2026-07-27,27.5,1530.5,96,
DM-03-02-06-01,2026-07-28,29.875,1419.25,96,
DM-03-02-06-01,2026-07-29,31.25,1461.75,96,
DM-03-02-06-01,2026-07-30,29.75,1497.5,96,
DM-03-02-06-01,2026-07-31,29.625,1473.25,96,
DM-03-02-06-01,2026-08-01,31.875,1504.5,96,
DM-03-02-06-01,2026-08-02,32.375,1565.75,96,
DM-03-02-06-01,2026-08-03,31.0,1579.75,96,
DM-03-02-06-01,2026-08-04,30.375,1569.25,96,
DM-03-02-06-01,2026-08-05,28.875,1519.25,96,
DM-03-02-06-01,2026-08-06,31.0,1531.5,96,
DM-03-02-06-01,2026-08-07,28.625,1506.5,96,
DM-03-02-06-01,2026-08-08,28.0,1472.0,96,0.0
DM-03-02-06-01,2026-08-09,31.625,1530.0,96,0.954
DM-03-02-06-01,2026-08-10,29.0,1506.75,96,0.0
DM-03-02-06-01,2026-08-11,31.625,1611.0,96,0.954
DM-03-02-06-01,2026-08-12,38.25,1517.5,96,8.534
DM-03-02-06-01,2026-08-13,40.125,1484.0,96,17.988
DM-03-02-06-01,2026-08-14,38.5,1544.75,96,25.818
DM-03-02-06-01,2026-08-15,38.0,1520.0,96,33.147
DM-03-02-06-01,2026-08-16,36.25,1556.5,96,38.727
DM-03-02-07-01,2026-07-25,165.625,6615.0,96,
DM-03-02-07-01,2026-07-26,185.0,6746.5,96,
DM-03-02-07-01,2026-07-27,192.0,6377.0,96,
DM-03-02-07-01,2026-07-28,173.125,6143.75,96,
DM-03-02-07-01,2026-07-29,167.5,6155.0,96,
DM-03-02-07-01,2026-07-30,162.0,6248.5,96,
DM-03-02-07-01,2026-07-31,163.375,5871.5,96,
DM-03-02-07-01,2026-08-01,142.375,5845.75,96,
DM-03-02-07-01,2026-08-02,155.125,6208.75,96,
DM-03-02-07-01,2026-08-03,153.625,6195.5,96,
DM-03-02-07-01,2026-08-04,155.875,6111.75,96,
DM-03-02-07-01,2026-08-05,146.0,6344.75,96,
DM-03-02-07-01,2026-08-06,192.75,6843.0,96,
DM-03-02-07-01,2026-08-07,177.125,6467.25,96,
DM-03-02-07-01,2026-08-08,178.875,6733.0,96,4.686
DM-03-02-07-01,2026-08-09,168.75,6842.75,96,0.0
DM-03-02-07-01,2026-08-10,179.25,6569.0,96,5.061
DM-03-02-07-01,2026-08-11,183.5,6542.0,96,14.371
DM-03-02-07-01,2026-08-12,175.375,6620.62,96,15.557
DM-03-02-07-01,2026-08-13,177.5,6654.25,96,18.867
DM-03-02-07-01,2026-08-14,190.5,6749.5,96,35.178
DM-03-02-07-01,2026-08-15,160.25,6620.75,96,21.239
DM-03-02-07-01,2026-08-16,176.625,6854.75,96,23.674
DM-03-02-08-01,2026-07-25,139.0,5681.5,96,
DM-03-02-08-01,2026-07-26,135.125,5602.75,96,
DM-03-02-08-01,2026-07-27,137.0,5418.5,96,
DM-03-02-08-01,2026-07-28,134.75,5219.25,96,
DM-03-02-08-01,2026-07-29,128.875,5290.25,96,
DM-03-02-08-01,2026-07-30,128.625,5311.25,96,
DM-03-02-08-01,2026-07-31,129.25,5209.0,96,
DM-03-02-08-01,2026-08-01,132.25,5429.25,96,
DM-03-02-08-01,2026-08-02,128.5,5763.25,96,
DM-03-02-08-01,2026-08-03,147.25,5640.25,96,
DM-03-02-08-01,2026-08-04,139.5,5604.5,96,
DM-03-02-08-01,2026-08-05,131.125,5481.75,96,
DM-03-02-08-01,2026-08-06,132.875,5465.75,96,
DM-03-02-08-01,2026-08-07,136.0,5405.25,96,
DM-03-02-08-01,2026-08-08,132.5,5544.25,96,0.0
DM-03-02-08-01,2026-08-09,136.0,5547.5,96,0.0
DM-03-02-08-01,2026-08-10,130.75,5358.75,96,0.0
DM-03-02-08-01,2026-08-11,127.125,5841.5,96,0.0
DM-03-02-08-01,2026-08-12,154.5,5548.5,96,17.652
DM-03-02-08-01,2026-08-13,150.75,5452.0,96,31.555
DM-03-02-08-01,2026-08-14,159.125,5520.75,96,53.832
DM-03-02-08-01,2026-08-15,145.625,5624.5,96,62.61
DM-03-02-08-01,2026-08-16,156.75,5763.0,96,82.512
DM-03-03-01-01,2026-07-25,37.0,1655.75,96,
DM-03-03-01-01,2026-07-26,33.0,1883.0,96,
DM-03-03-01-01,2026-07-27,41.5,1896.25,96,
DM-03-03-01-01,2026-07-28,24.0,1765.5,96,
DM-03-03-01-01,2026-07-29,33.75,1633.25,96,
DM-03-03-01-01,2026-07-30,20.625,1743.0,96,
DM-03-03-01-01,2026-07-31,29.875,1734.5,96,
DM-03-03-01-01,2026-08-01,36.125,1840.0,96,
DM-03-03-01-01,2026-08-02,30.125,1685.25,96,
DM-03-03-01-01,2026-08-03,29.25,1798.25,96,
DM-03-03-01-01,2026-08-04,35.25,1804.0,96,
DM-03-03-01-01,2026-08-05,31.75,1783.5,96,
DM-03-03-01-01,2026-08-06,24.875,1823.0,96,
DM-03-03-01-01,2026-08-07,31.5,1572.75,96,
DM-03-03-01-01,2026-08-08,28.75,1705.0,96,0.0
DM-03-03-01-01,2026-08-09,29.625,1758.5,96,0.0
DM-03-03-01-01,2026-08-10,30.0,1775.75,96,0.0
DM-03-03-01-01,2026-08-11,29.375,1543.25,96,0.0
DM-03-03-01-01,2026-08-12,36.625,1788.0,96,2.62
DM-03-03-01-01,2026-08-13,24.75,1822.5,96,0.0
DM-03-03-01-01,2026-08-14,30.875,1930.75,96,0.0
DM-03-03-01-01,2026-08-15,23.25,1795.25,96,0.0
DM-03-03-01-01,2026-08-16,31.875,1824.25,96,0.0
DM-03-03-02-01,2026-07-25,83.125,2834.0,96,
DM-03-03-02-01,2026-07-26,90.25,2599.75,96,
DM-03-03-02-01,2026-07-27,72.75,3860.75,96,
DM-03-03-02-01,2026-07-28,67.625,2255.75,96,
DM-03-03-02-01,2026-07-29,53.875,2518.0,96,
DM-03-03-02-01,2026-07-30,79.625,4170.5,96,
DM-03-03-02-01,2026-07-31,80.0,3777.75,96,
DM-03-03-02-01,2026-08-01,67.125,2786.5,96,
DM-03-03-02-01,2026-08-02,55.375,2357.5,96,
DM-03-03-02-01,2026-08-03,59.25,4085.75,96,
DM-03-03-02-01,2026-08-04,99.625,4675.25,96,
DM-03-03-02-01,2026-08-05,106.25,4269.5,96,
DM-03-03-02-01,2026-08-06,70.375,4100.5,96,
DM-03-03-02-01,2026-08-07,65.5,3960.25,96,
DM-03-03-02-01,2026-08-08,80.5,3112.25,96,0.0
DM-03-03-02-01,2026-08-09,63.25,2867.75,96,0.0
DM-03-03-02-01,2026-08-10,102.5,4101.5,96,19.84
DM-03-03-02-01,2026-08-11,94.625,4361.25,96,31.804
DM-03-03-02-01,2026-08-12,114.375,2991.5,96,63.519
DM-03-03-02-01,2026-08-13,78.25,4065.0,96,59.108
DM-03-03-02-01,2026-08-14,77.0,4390.25,96,53.448
DM-03-03-02-01,2026-08-15,82.625,3008.5,96,53.412
DM-03-03-02-01,2026-08-16,71.0,2723.75,96,41.752
DM-03-03-03-01,2026-07-25,33.125,1691.75,96,
DM-03-03-03-01,2026-07-26,27.5,1638.0,96,
DM-03-03-03-01,2026-07-27,35.625,1673.25,96,
DM-03-03-03-01,2026-07-28,31.0,1564.25,96,
DM-03-03-03-01,2026-07-29,27.0,1533.5,96,
DM-03-03-03-01,2026-07-30,35.125,1549.75,96,
DM-03-03-03-01,2026-07-31,30.5,1573.75,96,
DM-03-03-03-01,2026-08-01,29.625,1704.75,96,
DM-03-03-03-01,2026-08-02,32.25,1672.75,96,
DM-03-03-03-01,2026-08-03,35.25,1662.75,96,
DM-03-03-03-01,2026-08-04,39.25,1699.5,96,
DM-03-03-03-01,2026-08-05,30.625,1665.0,96,
DM-03-03-03-01,2026-08-06,34.25,1642.5,96,
DM-03-03-03-01,2026-08-07,38.875,1652.75,96,
DM-03-03-03-01,2026-08-08,41.875,1908.0,96,7.198
DM-03-03-03-01,2026-08-09,48.375,1940.75,96,20.896
DM-03-03-03-01,2026-08-10,35.0,1831.75,96,21.219
DM-03-03-03-01,2026-08-11,44.125,1747.5,96,30.668
DM-03-03-03-01,2026-08-12,43.25,1866.75,96,39.241
DM-03-03-03-01,2026-08-13,38.875,1777.0,96,43.439
DM-03-03-03-01,2026-08-14,38.75,1867.75,96,47.512
DM-03-03-03-01,2026-08-15,45.375,1865.75,96,58.21
DM-03-03-03-01,2026-08-16,43.75,1916.0,96,67.283
DM-03-03-03-02,2026-07-25,90.5,3847.5,96,
DM-03-03-03-02,2026-07-26,92.25,3827.0,96,
DM-03-03-03-02,2026-07-27,81.25,3639.75,96,
DM-03-03-03-02,2026-07-28,84.5,3484.25,96,
DM-03-03-03-02,2026-07-29,89.5,3723.75,96,
DM-03-03-03-02,2026-07-30,87.125,3634.25,96,
DM-03-03-03-02,2026-07-31,81.25,3513.25,96,
DM-03-03-03-02,2026-08-01,93.875,3591.25,96,
DM-03-03-03-02,2026-08-02,115.875,3909.25,96,
DM-03-03-03-02,2026-08-03,89.125,3746.75,96,
DM-03-03-03-02,2026-08-04,100.625,3765.0,96,
DM-03-03-03-02,2026-08-05,84.625,3692.0,96,
DM-03-03-03-02,2026-08-06,83.5,3668.25,96,
DM-03-03-03-02,2026-08-07,86.562,3718.88,96,
DM-03-03-03-02,2026-08-08,85.125,3718.5,96,0.0
DM-03-03-03-02,2026-08-09,82.25,3741.75,96,0.0
DM-03-03-03-02,2026-08-10,95.0,3707.75,96,0.572
DM-03-03-03-02,2026-08-11,103.625,3666.5,96,9.768
DM-03-03-03-02,2026-08-12,101.75,3741.12,96,17.09
DM-03-03-03-02,2026-08-13,81.375,3731.0,96,4.037
DM-03-03-03-02,2026-08-14,87.125,3853.75,96,0.0
DM-03-03-03-02,2026-08-15,98.125,3922.5,96,3.697
DM-03-03-03-02,2026-08-16,85.375,4035.0,96,0.0
DM-03-03-06-01,2026-07-25,67.75,2723.5,96,
DM-03-03-06-01,2026-07-26,52.25,2613.5,96,
DM-03-03-06-01,2026-07-27,63.375,2759.75,96,
DM-03-03-06-01,2026-07-28,56.375,2435.25,96,
DM-03-03-06-01,2026-07-29,64.625,2444.0,96,
DM-03-03-06-01,2026-07-30,59.75,2691.5,96,
DM-03-03-06-01,2026-07-31,52.125,2712.25,96,
DM-03-03-06-01,2026-08-01,62.75,2542.0,96,
DM-03-03-06-01,2026-08-02,51.25,2557.5,96,
DM-03-03-06-01,2026-08-03,64.625,2987.75,96,
DM-03-03-06-01,2026-08-04,65.875,3083.25,96,
DM-03-03-06-01,2026-08-05,54.5,2882.5,96,
DM-03-03-06-01,2026-08-06,64.75,3005.5,96,
DM-03-03-06-01,2026-08-07,62.875,2946.0,96,
DM-03-03-06-01,2026-08-08,66.75,2795.5,96,3.778
DM-03-03-06-01,2026-08-09,63.125,2727.5,96,3.931
DM-03-03-06-01,2026-08-10,66.375,2905.5,96,7.334
DM-03-03-06-01,2026-08-11,58.25,2956.75,96,2.612
DM-03-03-06-01,2026-08-12,73.75,2686.25,96,13.39
DM-03-03-06-01,2026-08-13,60.625,2874.25,96,11.043
DM-03-03-06-01,2026-08-14,60.625,2874.25,96,8.696
DM-03-03-06-01,2026-08-15,60.625,2810.75,96,6.349
DM-03-03-06-01,2026-08-16,55.25,2701.0,96,0.0
DM-03-03-07-02,2026-07-25,95.375,3588.5,96,
DM-03-03-07-02,2026-07-26,91.125,3463.75,96,
DM-03-03-07-02,2026-07-27,97.625,3539.25,96,
DM-03-03-07-02,2026-07-28,91.375,3287.0,96,
DM-03-03-07-02,2026-07-29,83.75,3207.5,96,
DM-03-03-07-02,2026-07-30,80.125,3166.25,96,
DM-03-03-07-02,2026-07-31,85.0,3188.75,96,
DM-03-03-07-02,2026-08-01,82.125,3166.25,96,
DM-03-03-07-02,2026-08-02,85.625,3181.75,96,
DM-03-03-07-02,2026-08-03,78.625,3341.0,96,
DM-03-03-07-02,2026-08-04,82.0,3406.0,96,
DM-03-03-07-02,2026-08-05,88.0,3345.5,96,
DM-03-03-07-02,2026-08-06,87.375,3424.5,96,
DM-03-03-07-02,2026-08-07,93.0,3331.0,96,
DM-03-03-07-02,2026-08-08,78.25,3183.75,96,0.0
DM-03-03-07-02,2026-08-09,81.125,3138.5,96,0.0
DM-03-03-07-02,2026-08-10,80.125,3308.75,96,0.0
DM-03-03-07-02,2026-08-11,97.125,3282.0,96,7.104
DM-03-03-07-02,2026-08-12,100.875,3330.5,96,17.959
DM-03-03-07-02,2026-08-13,85.125,3297.25,96,13.063
DM-03-03-07-02,2026-08-14,85.0,3311.75,96,8.042
DM-03-03-07-02,2026-08-15,82.375,3200.5,96,0.396
DM-03-03-07-02,2026-08-16,77.625,3227.75,96,0.0
DM-03-03-10-01,2026-07-25,43.375,2404.25,96,
DM-03-03-10-01,2026-07-26,54.5,2089.0,96,
DM-03-03-10-01,2026-07-27,62.375,2562.75,96,
DM-03-03-10-01,2026-07-28,44.625,2004.25,96,
DM-03-03-10-01,2026-07-29,50.875,2196.75,96,
DM-03-03-10-01,2026-07-30,41.375,2315.5,96,
DM-03-03-10-01,2026-07-31,57.25,2537.25,96,
DM-03-03-10-01,2026-08-01,48.25,2403.75,96,
DM-03-03-10-01,2026-08-02,49.25,2249.75,96,
DM-03-03-10-01,2026-08-03,50.125,2761.75,96,
DM-03-03-10-01,2026-08-04,50.75,2779.0,96,
DM-03-03-10-01,2026-08-05,49.375,2631.0,96,
DM-03-03-10-01,2026-08-06,45.875,2577.75,96,
DM-03-03-10-01,2026-08-07,55.625,2580.0,96,
DM-03-03-10-01,2026-08-08,55.0,2212.5,96,1.982
DM-03-03-10-01,2026-08-09,47.0,2202.75,96,0.0
DM-03-03-10-01,2026-08-10,44.0,2591.75,96,0.0
DM-03-03-10-01,2026-08-11,44.875,2683.0,96,0.0
DM-03-03-10-01,2026-08-12,76.5,2461.75,96,23.482
DM-03-03-10-01,2026-08-13,49.375,2697.5,96,19.84
DM-03-03-10-01,2026-08-14,82.125,2841.0,96,48.947
DM-03-03-10-01,2026-08-15,61.75,2453.25,96,57.679
DM-03-03-10-01,2026-08-16,46.875,2302.75,96,51.537
DM-03-03-12-01,2026-07-25,165.75,6741.5,96,
DM-03-03-12-01,2026-07-26,172.5,6701.75,96,
DM-03-03-12-01,2026-07-27,170.0,6640.0,96,
DM-03-03-12-01,2026-07-28,163.875,6362.75,96,
DM-03-03-12-01,2026-07-29,152.5,6500.75,96,
DM-03-03-12-01,2026-07-30,153.25,6380.0,96,
DM-03-03-12-01,2026-07-31,155.75,6350.25,96,
DM-03-03-12-01,2026-08-01,159.875,6563.25,96,
DM-03-03-12-01,2026-08-02,161.125,6699.0,96,
DM-03-03-12-01,2026-08-03,166.875,6889.25,96,
DM-03-03-12-01,2026-08-04,167.625,6824.75,96,
DM-03-03-12-01,2026-08-05,167.25,6655.75,96,
DM-03-03-12-01,2026-08-06,157.25,6589.75,96,
DM-03-03-12-01,2026-08-07,182.25,6516.25,96,
DM-03-03-12-01,2026-08-08,154.0,6610.0,96,0.0
DM-03-03-12-01,2026-08-09,163.75,6648.0,96,0.0
DM-03-03-12-01,2026-08-10,160.0,6481.25,96,0.0
DM-03-03-12-01,2026-08-11,95.25,6256.25,96,0.0
DM-03-03-12-01,2026-08-12,178.25,6834.75,96,10.333
DM-03-03-12-01,2026-08-13,175.125,6985.75,96,17.541
DM-03-03-12-01,2026-08-14,172.375,6962.25,96,21.999
DM-03-03-12-01,2026-08-15,198.25,7075.25,96,52.332
DM-03-03-12-01,2026-08-16,173.875,7056.25,96,58.291
DM-03-04-02-01,2026-07-25,135.5,6002.75,96,
DM-03-04-02-01,2026-07-26,137.5,5796.75,96,
DM-03-04-02-01,2026-07-27,137.25,5865.5,96,
DM-03-04-02-01,2026-07-28,133.375,5450.25,96,
DM-03-04-02-01,2026-07-29,116.0,5517.0,96,
DM-03-04-02-01,2026-07-30,129.125,5780.75,96,
DM-03-04-02-01,2026-07-31,137.5,6866.75,96,
DM-03-04-02-01,2026-08-01,395.125,7076.25,96,
DM-03-04-02-01,2026-08-02,150.0,6016.75,96,
DM-03-04-02-01,2026-08-03,144.5,5973.25,96,
DM-03-04-02-01,2026-08-04,135.5,6127.0,96,
DM-03-04-02-01,2026-08-05,141.75,5913.75,96,
DM-03-04-02-01,2026-08-06,138.75,5923.0,96,
DM-03-04-02-01,2026-08-07,144.5,5912.0,96,
DM-03-04-02-01,2026-08-08,126.5,5699.0,96,0.0
DM-03-04-02-01,2026-08-09,133.875,5650.75,96,0.0
DM-03-04-02-01,2026-08-10,128.125,5789.75,96,0.0
DM-03-04-02-01,2026-08-11,126.875,6014.75,96,0.0
DM-03-04-02-01,2026-08-12,150.375,6108.75,96,0.0
DM-03-04-02-01,2026-08-13,142.25,5973.75,96,0.0
DM-03-04-02-01,2026-08-14,165.25,6191.75,96,0.0
DM-03-04-02-01,2026-08-15,164.0,6078.75,96,0.0
DM-03-04-02-01,2026-08-16,138.25,6015.75,96,0.0
DM-03-04-06-01,2026-07-25,83.0,3634.5,96,
DM-03-04-06-01,2026-07-26,85.0,3454.0,96,
DM-03-04-06-01,2026-07-27,74.375,3276.5,96,
DM-03-04-06-01,2026-07-28,75.375,3248.75,96,
DM-03-04-06-01,2026-07-29,71.0,3258.0,96,
DM-03-04-06-01,2026-07-30,75.0,3352.0,96,
DM-03-04-06-01,2026-07-31,84.125,3320.75,96,
DM-03-04-06-01,2026-08-01,85.625,3382.5,96,
DM-03-04-06-01,2026-08-02,79.125,3490.25,96,
DM-03-04-06-01,2026-08-03,75.5,3412.5,96,
DM-03-04-06-01,2026-08-04,76.125,3428.75,96,
DM-03-04-06-01,2026-08-05,80.25,3376.25,96,
DM-03-04-06-01,2026-08-06,81.625,3405.75,96,
DM-03-04-06-01,2026-08-07,90.375,3374.25,96,
DM-03-04-06-01,2026-08-08,83.125,3445.25,96,0.746
DM-03-04-06-01,2026-08-09,82.375,3491.75,96,0.741
DM-03-04-06-01,2026-08-10,74.375,3322.5,96,0.0
DM-03-04-06-01,2026-08-11,77.375,3261.25,96,0.0
DM-03-04-06-01,2026-08-12,0.0,2649.25,96,0.0
DM-03-04-06-01,2026-08-13,52.875,2928.5,96,0.0
DM-03-04-06-01,2026-08-14,55.75,2980.5,96,0.0
DM-03-04-06-01,2026-08-15,57.0,3054.75,96,0.0
DM-03-04-06-01,2026-08-16,58.625,3222.5,96,0.0
DM-03-04-07-01,2026-07-25,34.375,2211.25,96,
DM-03-04-07-01,2026-07-26,32.125,2110.5,96,
DM-03-04-07-01,2026-07-27,23.5,2103.5,96,
DM-03-04-07-01,2026-07-28,31.75,1897.75,96,
DM-03-04-07-01,2026-07-29,23.25,1923.75,96,
DM-03-04-07-01,2026-07-30,28.25,2068.5,96,
DM-03-04-07-01,2026-07-31,13.875,2010.25,96,
DM-03-04-07-01,2026-08-01,27.75,2127.75,96,
DM-03-04-07-01,2026-08-02,31.0,2156.5,96,
DM-03-04-07-01,2026-08-03,23.125,2317.25,96,
DM-03-04-07-01,2026-08-04,28.375,2308.5,96,
DM-03-04-07-01,2026-08-05,30.875,2275.75,96,
DM-03-04-07-01,2026-08-06,36.125,2267.75,96,
DM-03-04-07-01,2026-08-07,40.875,2253.25,96,
DM-03-04-07-01,2026-08-08,34.0,2172.5,96,1.85
DM-03-04-07-01,2026-08-09,38.375,2394.5,96,8.076
DM-03-04-07-01,2026-08-10,52.75,2906.25,96,28.676
DM-03-04-07-01,2026-08-11,53.5,2546.0,96,50.027
DM-03-04-07-01,2026-08-12,11.375,2593.25,96,29.252
DM-03-04-07-01,2026-08-13,90.625,2843.5,96,87.727
DM-03-04-07-01,2026-08-14,91.75,2877.5,96,147.328
DM-03-04-07-01,2026-08-15,84.875,2802.25,96,200.053
DM-03-04-07-01,2026-08-16,81.625,2781.5,96,249.528
DM-03-05-01-01,2026-07-25,166.25,5960.25,96,
DM-03-05-01-01,2026-07-26,171.125,5878.75,96,
DM-03-05-01-01,2026-07-27,166.0,5822.5,96,
DM-03-05-01-01,2026-07-28,162.5,5561.0,96,
DM-03-05-01-01,2026-07-29,162.625,5631.25,96,
DM-03-05-01-01,2026-07-30,160.25,5928.25,96,
DM-03-05-01-01,2026-07-31,167.75,5750.75,96,
DM-03-05-01-01,2026-08-01,164.25,5748.25,96,
DM-03-05-01-01,2026-08-02,161.375,5793.75,96,
DM-03-05-01-01,2026-08-03,163.25,5887.25,96,
DM-03-05-01-01,2026-08-04,160.0,5969.0,96,
DM-03-05-01-01,2026-08-05,171.5,5899.5,96,
DM-03-05-01-01,2026-08-06,168.625,5882.75,96,
DM-03-05-01-01,2026-08-07,175.375,5802.5,96,
DM-03-05-01-01,2026-08-08,162.5,5681.0,96,0.0
DM-03-05-01-01,2026-08-09,160.0,5883.75,96,0.0
DM-03-05-01-01,2026-08-10,162.75,5856.75,96,0.0
DM-03-05-01-01,2026-08-11,160.875,5478.0,96,0.0
DM-03-05-01-01,2026-08-12,31.125,5641.0,96,0.0
DM-03-05-01-01,2026-08-13,166.375,6605.0,96,0.0
DM-03-05-01-01,2026-08-14,169.75,6674.25,96,1.743
DM-03-05-01-01,2026-08-15,167.375,6558.0,96,1.112
DM-03-05-01-01,2026-08-16,164.75,6545.5,96,0.0
DM-03-05-02-01,2026-07-25,88.875,3872.5,96,
DM-03-05-02-01,2026-07-26,101.25,4058.25,96,
DM-03-05-02-01,2026-07-27,119.875,3829.25,96,
DM-03-05-02-01,2026-07-28,95.125,3781.0,96,
DM-03-05-02-01,2026-07-29,108.125,3770.75,96,
DM-03-05-02-01,2026-07-30,104.5,3717.5,96,
DM-03-05-02-01,2026-07-31,77.0,3711.0,96,
DM-03-05-02-01,2026-08-01,95.0,3929.25,96,
DM-03-05-02-01,2026-08-02,99.125,3821.5,96,
DM-03-05-02-01,2026-08-03,91.625,3959.0,96,
DM-03-05-02-01,2026-08-04,111.5,3897.25,96,
DM-03-05-02-01,2026-08-05,83.625,3798.75,96,
DM-03-05-02-01,2026-08-06,87.75,3790.5,96,
DM-03-05-02-01,2026-08-07,100.75,3869.75,96,
DM-03-05-02-01,2026-08-08,106.75,4058.5,96,3.78
DM-03-05-02-01,2026-08-09,113.5,3995.75,96,14.309
DM-03-05-02-01,2026-08-10,93.875,3809.0,96,5.214
DM-03-05-02-01,2026-08-11,89.625,3184.25,96,0.0
DM-03-05-02-01,2026-08-12,2.0,3797.75,96,0.0
DM-03-05-02-01,2026-08-13,95.5,3796.75,96,0.0
DM-03-05-02-01,2026-08-14,105.5,3723.0,96,2.53
DM-03-05-02-01,2026-08-15,97.875,3858.5,96,0.0
DM-03-05-02-01,2026-08-16,97.125,3923.75,96,0.0
DM-03-05-03-01,2026-07-25,66.25,2344.5,96,
DM-03-05-03-01,2026-07-26,65.125,2274.75,96,
DM-03-05-03-01,2026-07-27,64.875,2272.0,96,
DM-03-05-03-01,2026-07-28,63.25,2162.5,96,
DM-03-05-03-01,2026-07-29,65.5,2216.5,96,
DM-03-05-03-01,2026-07-30,65.375,2415.0,96,
DM-03-05-03-01,2026-07-31,66.875,2286.5,96,
DM-03-05-03-01,2026-08-01,64.125,2258.75,96,
DM-03-05-03-01,2026-08-02,66.0,2286.5,96,
DM-03-05-03-01,2026-08-03,63.625,2318.5,96,
DM-03-05-03-01,2026-08-04,66.875,2417.25,96,
DM-03-05-03-01,2026-08-05,66.0,2320.75,96,
DM-03-05-03-01,2026-08-06,68.5,2340.5,96,
DM-03-05-03-01,2026-08-07,66.0,2273.25,96,
DM-03-05-03-01,2026-08-08,62.5,2311.75,96,0.0
DM-03-05-03-01,2026-08-09,64.125,2325.5,96,0.0
DM-03-05-03-01,2026-08-10,63.75,2309.0,96,0.0
DM-03-05-03-01,2026-08-11,43.625,2062.25,96,0.0
DM-03-05-03-01,2026-08-12,52.625,2480.0,96,0.0
DM-03-05-03-01,2026-08-13,66.125,2625.5,96,0.0
DM-03-05-03-01,2026-08-14,68.25,2638.5,96,1.984
DM-03-05-03-01,2026-08-15,69.25,2344.5,96,4.968
DM-03-05-03-01,2026-08-16,70.25,2683.25,96,8.952
DM-03-05-05-01,2026-07-25,186.875,7125.0,96,
DM-03-05-05-01,2026-07-26,188.5,7228.75,96,
DM-03-05-05-01,2026-07-27,185.0,7022.5,96,
DM-03-05-05-01,2026-07-28,184.125,6872.25,96,
DM-03-05-05-01,2026-07-29,190.375,6941.75,96,
DM-03-05-05-01,2026-07-30,186.5,6998.5,96,
DM-03-05-05-01,2026-07-31,185.25,6882.25,96,
DM-03-05-05-01,2026-08-01,183.125,7083.0,96,
DM-03-05-05-01,2026-08-02,192.375,7317.75,96,
DM-03-05-05-01,2026-08-03,187.875,7143.25,96,
DM-03-05-05-01,2026-08-04,205.125,7197.5,96,
DM-03-05-05-01,2026-08-05,193.375,7080.0,96,
DM-03-05-05-01,2026-08-06,198.625,7143.5,96,
DM-03-05-05-01,2026-08-07,202.375,7171.5,96,
DM-03-05-05-01,2026-08-08,190.0,7248.5,96,0.0
DM-03-05-05-01,2026-08-09,204.0,7359.5,96,9.98
DM-03-05-05-01,2026-08-10,180.5,6754.75,96,0.0
DM-03-05-05-01,2026-08-11,179.125,6538.25,96,0.0
DM-03-05-05-01,2026-08-12,193.375,7078.0,96,0.0
DM-03-05-05-01,2026-08-13,186.625,7155.5,96,0.0
DM-03-05-05-01,2026-08-14,192.625,7230.0,96,0.0
DM-03-05-05-01,2026-08-15,191.25,7308.25,96,0.0
DM-03-05-05-01,2026-08-16,190.125,7433.5,96,0.0
DM-03-05-08-01,2026-07-25,90.0,3256.25,96,
DM-03-05-08-01,2026-07-26,86.625,3247.5,96,
DM-03-05-08-01,2026-07-27,85.5,3073.25,96,
DM-03-05-08-01,2026-07-28,83.25,2992.25,96,
DM-03-05-08-01,2026-07-29,76.875,3017.75,96,
DM-03-05-08-01,2026-07-30,75.5,3028.0,96,
DM-03-05-08-01,2026-07-31,80.875,3013.75,96,
DM-03-05-08-01,2026-08-01,85.75,3144.25,96,
DM-03-05-08-01,2026-08-02,87.875,3270.5,96,
DM-03-05-08-01,2026-08-03,89.25,3175.75,96,
DM-03-05-08-01,2026-08-04,82.0,3168.25,96,
DM-03-05-08-01,2026-08-05,82.5,3149.75,96,
DM-03-05-08-01,2026-08-06,90.0,3258.0,96,
DM-03-05-08-01,2026-08-07,84.125,3140.75,96,
DM-03-05-08-01,2026-08-08,83.0,3212.0,96,0.0
DM-03-05-08-01,2026-08-09,85.25,3316.5,96,0.0
DM-03-05-08-01,2026-08-10,86.75,3098.5,96,0.279
DM-03-05-08-01,2026-08-11,86.25,3042.75,96,0.059
DM-03-05-08-01,2026-08-12,85.75,3308.0,96,0.0
DM-03-05-08-01,2026-08-13,88.625,3233.75,96,2.154
DM-03-05-08-01,2026-08-14,85.875,3197.5,96,1.559
DM-03-05-08-01,2026-08-15,88.75,3297.75,96,3.838
DM-03-05-08-01,2026-08-16,85.125,3348.25,96,2.492
DM-03-05-11-01,2026-07-25,152.125,4947.25,96,
DM-03-05-11-01,2026-07-26,120.5,4850.5,96,
DM-03-05-11-01,2026-07-27,113.25,5254.25,96,
DM-03-05-11-01,2026-07-28,116.25,4610.5,96,
DM-03-05-11-01,2026-07-29,116.375,4958.0,96,
DM-03-05-11-01,2026-07-30,110.625,4953.25,96,
DM-03-05-11-01,2026-07-31,108.75,5200.75,96,
DM-03-05-11-01,2026-08-01,120.875,4879.0,96,
DM-03-05-11-01,2026-08-02,121.375,4818.0,96,
DM-03-05-11-01,2026-08-03,115.375,5420.5,96,
DM-03-05-11-01,2026-08-04,119.25,5322.75,96,
DM-03-05-11-01,2026-08-05,143.25,5296.5,96,
DM-03-05-11-01,2026-08-06,115.0,5151.75,96,
DM-03-05-11-01,2026-08-07,125.625,5520.0,96,
DM-03-05-11-01,2026-08-08,150.5,5029.5,96,23.32
DM-03-05-11-01,2026-08-09,119.375,4860.25,96,15.514
DM-03-05-11-01,2026-08-10,140.5,5450.75,96,28.834
DM-03-05-11-01,2026-08-11,145.25,4992.25,96,46.903
DM-03-05-11-01,2026-08-12,154.125,5096.5,96,73.848
DM-03-05-11-01,2026-08-13,157.625,5293.75,96,104.292
DM-03-05-11-01,2026-08-14,130.0,5440.25,96,107.112
DM-03-05-11-01,2026-08-15,133.5,5082.75,96,113.431
DM-03-05-11-01,2026-08-16,130.75,5011.25,96,117.001
DM-03-05-12-01,2026-07-25,228.25,8252.5,96,
DM-03-05-12-01,2026-07-26,230.625,8210.75,96,
DM-03-05-12-01,2026-07-27,223.625,5035.75,96,
DM-03-05-12-01,2026-07-28,221.875,7881.75,96,
DM-03-05-12-01,2026-07-29,234.625,8008.0,96,
DM-03-05-12-01,2026-07-30,228.375,8011.0,96,
DM-03-05-12-01,2026-07-31,227.0,7904.5,96,
DM-03-05-12-01,2026-08-01,231.25,8149.75,96,
DM-03-05-12-01,2026-08-02,230.375,8340.25,96,
DM-03-05-12-01,2026-08-03,245.25,8478.0,96,
DM-03-05-12-01,2026-08-04,233.75,8228.75,96,
DM-03-05-12-01,2026-08-05,217.25,8208.5,96,
DM-03-05-12-01,2026-08-06,224.75,8036.25,96,
DM-03-05-12-01,2026-08-07,243.0,8266.75,96,
DM-03-05-12-01,2026-08-08,221.5,8225.5,96,0.0
DM-03-05-12-01,2026-08-09,228.25,8489.5,96,0.0
DM-03-05-12-01,2026-08-10,240.75,7249.0,96,7.089
DM-03-05-12-01,2026-08-11,245.875,7774.0,96,19.303
DM-03-05-12-01,2026-08-12,222.875,5579.25,96,8.517
DM-03-05-12-01,2026-08-13,183.5,3895.75,96,0.0
DM-03-05-12-01,2026-08-14,178.75,3914.5,96,0.0
DM-03-05-12-01,2026-08-15,221.125,5067.0,96,0.0
DM-03-05-12-01,2026-08-16,196.625,4701.0,96,0.0
DM-03-06-02-01,2026-07-25,73.75,2972.25,96,
DM-03-06-02-01,2026-07-26,83.625,2990.5,96,
DM-03-06-02-01,2026-07-27,71.625,2762.25,96,
DM-03-06-02-01,2026-07-28,77.75,2721.25,96,
DM-03-06-02-01,2026-07-29,87.0,2793.5,96,
DM-03-06-02-01,2026-07-30,64.875,2819.0,96,
DM-03-06-02-01,2026-07-31,94.625,2955.5,96,
DM-03-06-02-01,2026-08-01,71.375,2745.0,96,
DM-03-06-02-01,2026-08-02,91.375,3048.5,96,
DM-03-06-02-01,2026-08-03,83.625,2922.5,96,
DM-03-06-02-01,2026-08-04,82.125,3033.75,96,
DM-03-06-02-01,2026-08-05,68.5,2814.25,96,
DM-03-06-02-01,2026-08-06,89.875,3030.75,96,
DM-03-06-02-01,2026-08-07,85.0,2880.75,96,
DM-03-06-02-01,2026-08-08,85.5,2995.0,96,0.715
DM-03-06-02-01,2026-08-09,73.25,3017.75,96,0.0
DM-03-06-02-01,2026-08-10,79.125,2995.0,96,0.0
DM-03-06-02-01,2026-08-11,0.0,2370.5,96,0.0
DM-03-06-02-01,2026-08-12,116.5,3673.5,96,31.715
DM-03-06-02-01,2026-08-13,94.125,3262.25,96,41.055
DM-03-06-02-01,2026-08-14,101.5,3203.0,96,57.771
DM-03-06-02-01,2026-08-15,85.75,3163.0,96,58.736
DM-03-06-02-01,2026-08-16,95.125,3283.0,96,69.076
DM-03-06-03-01,2026-07-25,281.375,11084.75,96,
DM-03-06-03-01,2026-07-26,284.625,11062.5,96,
DM-03-06-03-01,2026-07-27,279.25,10949.25,96,
DM-03-06-03-01,2026-07-28,278.75,10678.0,96,
DM-03-06-03-01,2026-07-29,289.125,10762.75,96,
DM-03-06-03-01,2026-07-30,272.875,10912.0,96,
DM-03-06-03-01,2026-07-31,294.5,10758.5,96,
DM-03-06-03-01,2026-08-01,278.125,10968.25,96,
DM-03-06-03-01,2026-08-02,274.0,10980.0,96,
DM-03-06-03-01,2026-08-03,276.875,11085.0,96,
DM-03-06-03-01,2026-08-04,280.625,11133.0,96,
DM-03-06-03-01,2026-08-05,286.0,11123.0,96,
DM-03-06-03-01,2026-08-06,271.625,11026.5,96,
DM-03-06-03-01,2026-08-07,289.125,10937.25,96,
DM-03-06-03-01,2026-08-08,297.625,11103.0,96,13.178
DM-03-06-03-01,2026-08-09,285.875,11158.5,96,14.606
DM-03-06-03-01,2026-08-10,293.375,11307.5,96,23.534
DM-03-06-03-01,2026-08-11,272.75,11212.75,96,11.837
DM-03-06-03-01,2026-08-12,314.0,10843.0,96,41.391
DM-03-06-03-01,2026-08-13,298.125,11473.0,96,55.069
DM-03-06-03-01,2026-08-14,207.75,10959.5,96,0.0
DM-03-06-03-01,2026-08-15,283.0,11341.75,96,0.0
DM-03-06-03-01,2026-08-16,291.75,11290.25,96,7.303
DM-03-06-04-01,2026-07-25,98.75,3588.75,96,
DM-03-06-04-01,2026-07-26,89.875,3516.75,96,
DM-03-06-04-01,2026-07-27,97.375,3463.75,96,
DM-03-06-04-01,2026-07-28,100.5,3293.0,96,
DM-03-06-04-01,2026-07-29,105.75,3343.75,96,
DM-03-06-04-01,2026-07-30,97.125,3417.75,96,
DM-03-06-04-01,2026-07-31,96.375,3387.75,96,
DM-03-06-04-01,2026-08-01,112.75,3507.0,96,
DM-03-06-04-01,2026-08-02,112.0,3532.5,96,
DM-03-06-04-01,2026-08-03,94.0,3580.5,96,
DM-03-06-04-01,2026-08-04,91.25,3568.5,96,
DM-03-06-04-01,2026-08-05,99.75,3613.25,96,
DM-03-06-04-01,2026-08-06,103.875,3581.5,96,
DM-03-06-04-01,2026-08-07,103.0,3619.5,96,
DM-03-06-04-01,2026-08-08,93.5,3585.0,96,0.0
DM-03-06-04-01,2026-08-09,95.75,3499.75,96,0.0
DM-03-06-04-01,2026-08-10,86.25,3373.5,96,0.0
DM-03-06-04-01,2026-08-11,52.375,2739.0,96,0.0
DM-03-06-04-01,2026-08-12,43.875,3378.25,96,0.0
DM-03-06-04-01,2026-08-13,95.125,3462.5,96,0.0
DM-03-06-04-01,2026-08-14,105.5,3621.0,96,2.034
DM-03-06-04-01,2026-08-15,125.625,3579.0,96,24.193
DM-03-06-04-01,2026-08-16,100.875,3526.75,96,21.602
DM-03-06-04-02,2026-07-25,54.875,2048.75,96,
DM-03-06-04-02,2026-07-26,53.375,1964.0,96,
DM-03-06-04-02,2026-07-27,55.375,2032.75,96,
DM-03-06-04-02,2026-07-28,54.0,1927.0,96,
DM-03-06-04-02,2026-07-29,56.5,1936.0,96,
DM-03-06-04-02,2026-07-30,55.5,2021.0,96,
DM-03-06-04-02,2026-07-31,54.75,2031.5,96,
DM-03-06-04-02,2026-08-01,54.625,1967.75,96,
DM-03-06-04-02,2026-08-02,59.125,2024.0,96,
DM-03-06-04-02,2026-08-03,57.875,2104.5,96,
DM-03-06-04-02,2026-08-04,58.875,2106.0,96,
DM-03-06-04-02,2026-08-05,53.875,2046.75,96,
DM-03-06-04-02,2026-08-06,53.125,2077.0,96,
DM-03-06-04-02,2026-08-07,54.0,2302.0,96,
DM-03-06-04-02,2026-08-08,58.375,2085.75,96,2.009
DM-03-06-04-02,2026-08-09,54.25,2018.5,96,0.0
DM-03-06-04-02,2026-08-10,55.25,2081.25,96,0.0
DM-03-06-04-02,2026-08-11,55.5,2055.75,96,0.0
DM-03-06-04-02,2026-08-12,53.25,1503.5,96,0.0
DM-03-06-04-02,2026-08-13,57.625,2108.75,96,1.259
DM-03-06-04-02,2026-08-14,53.75,2067.5,96,0.0
DM-03-06-04-02,2026-08-15,55.75,2034.5,96,0.0
DM-03-06-04-02,2026-08-16,54.25,2085.5,96,0.0
DM-03-06-04-03,2026-07-25,32.875,1478.5,96,
DM-03-06-04-03,2026-07-26,36.5,1341.25,96,
DM-03-06-04-03,2026-07-27,32.25,1533.75,96,
DM-03-06-04-03,2026-07-28,33.25,1293.25,96,
DM-03-06-04-03,2026-07-29,30.625,1409.0,96,
DM-03-06-04-03,2026-07-30,36.0,1634.5,96,
DM-03-06-04-03,2026-07-31,34.75,1614.25,96,
DM-03-06-04-03,2026-08-01,33.25,1459.5,96,
DM-03-06-04-03,2026-08-02,30.75,1376.0,96,
DM-03-06-04-03,2026-08-03,41.5,1717.75,96,
DM-03-06-04-03,2026-08-04,34.25,1762.75,96,
DM-03-06-04-03,2026-08-05,30.25,1765.5,96,
DM-03-06-04-03,2026-08-06,32.25,1757.5,96,
DM-03-06-04-03,2026-08-07,34.75,1644.25,96,
DM-03-06-04-03,2026-08-08,33.625,1469.75,96,0.0
DM-03-06-04-03,2026-08-09,33.625,1399.75,96,0.0
DM-03-06-04-03,2026-08-10,34.0,1742.5,96,0.0
DM-03-06-04-03,2026-08-11,30.125,1665.5,96,0.0
DM-03-06-04-03,2026-08-12,9.25,1417.5,96,0.0
DM-03-06-04-03,2026-08-13,38.375,1793.25,96,3.159
DM-03-06-04-03,2026-08-14,48.0,1743.0,96,15.943
DM-03-06-04-03,2026-08-15,43.75,1468.25,96,24.478
DM-03-06-04-03,2026-08-16,38.875,1474.75,96,28.137
DM-03-06-05-02,2026-07-25,63.125,2772.5,96,
DM-03-06-05-02,2026-07-26,38.25,2577.5,96,
DM-03-06-05-02,2026-07-27,57.75,2524.75,96,
DM-03-06-05-02,2026-07-28,36.375,2483.5,96,
DM-03-06-05-02,2026-07-29,20.0,2714.25,96,
DM-03-06-05-02,2026-07-30,27.375,2857.75,96,
DM-03-06-05-02,2026-07-31,31.25,2360.0,96,
DM-03-06-05-02,2026-08-01,26.75,2702.25,96,
DM-03-06-05-02,2026-08-02,26.5,2503.75,96,
DM-03-06-05-02,2026-08-03,43.75,2840.75,96,
DM-03-06-05-02,2026-08-04,40.25,3125.75,96,
DM-03-06-05-02,2026-08-05,56.625,2958.0,96,
DM-03-06-05-02,2026-08-06,39.0,2630.25,96,
DM-03-06-05-02,2026-08-07,50.0,2799.75,96,
DM-03-06-05-02,2026-08-08,41.5,2835.75,96,0.0
DM-03-06-05-02,2026-08-09,32.5,2365.5,96,0.0
DM-03-06-05-02,2026-08-10,35.125,2892.0,96,0.0
DM-03-06-05-02,2026-08-11,42.625,2839.5,96,0.0
DM-03-06-05-02,2026-08-12,10.375,2770.5,96,0.0
DM-03-06-05-02,2026-08-13,57.375,2694.25,96,11.25
DM-03-06-05-02,2026-08-14,44.25,3040.0,96,9.374
DM-03-06-05-02,2026-08-15,38.75,2703.75,96,1.999
DM-03-06-05-02,2026-08-16,36.75,2476.5,96,0.0
DM-03-06-05-03,2026-07-25,79.375,3353.0,96,
DM-03-06-05-03,2026-07-26,105.75,4061.25,96,
DM-03-06-05-03,2026-07-27,124.0,4307.5,96,
DM-03-06-05-03,2026-07-28,78.375,2721.75,96,
DM-03-06-05-03,2026-07-29,85.375,3292.25,96,
DM-03-06-05-03,2026-07-30,73.25,4157.25,96,
DM-03-06-05-03,2026-07-31,78.875,4223.5,96,
DM-03-06-05-03,2026-08-01,88.125,3430.0,96,
DM-03-06-05-03,2026-08-02,85.25,3435.25,96,
DM-03-06-05-03,2026-08-03,75.625,4513.25,96,
DM-03-06-05-03,2026-08-04,97.75,4704.0,96,
DM-03-06-05-03,2026-08-05,101.75,4405.0,96,
DM-03-06-05-03,2026-08-06,69.0,4645.5,96,
DM-03-06-05-03,2026-08-07,81.625,4460.25,96,
DM-03-06-05-03,2026-08-08,87.375,3519.5,96,0.0
DM-03-06-05-03,2026-08-09,88.75,3413.25,96,0.0
DM-03-06-05-03,2026-08-10,101.5,4476.75,96,6.832
DM-03-06-05-03,2026-08-11,109.375,4651.0,96,21.539
DM-03-06-05-03,2026-08-12,106.375,3877.0,96,33.245
DM-03-06-05-03,2026-08-13,90.875,4436.75,96,29.452
DM-03-06-05-03,2026-08-14,104.25,4431.5,96,39.034
DM-03-06-05-03,2026-08-15,85.5,3527.75,96,29.866
DM-03-06-05-03,2026-08-16,75.375,3264.25,96,10.572
DM-03-06-06-01,2026-07-25,74.25,4001.25,96,
DM-03-06-06-01,2026-07-26,71.25,3681.5,96,
DM-03-06-06-01,2026-07-27,73.625,3997.5,96,
DM-03-06-06-01,2026-07-28,79.25,3507.75,96,
DM-03-06-06-01,2026-07-29,63.5,3329.25,96,
DM-03-06-06-01,2026-07-30,90.875,3591.0,96,
DM-03-06-06-01,2026-07-31,66.5,3588.75,96,
DM-03-06-06-01,2026-08-01,68.125,3414.75,96,
DM-03-06-06-01,2026-08-02,65.375,3622.75,96,
DM-03-06-06-01,2026-08-03,68.75,3927.25,96,
DM-03-06-06-01,2026-08-04,70.875,4029.75,96,
DM-03-06-06-01,2026-08-05,91.375,3706.75,96,
DM-03-06-06-01,2026-08-06,71.75,3981.25,96,
DM-03-06-06-01,2026-08-07,100.5,3728.5,96,
DM-03-06-06-01,2026-08-08,84.0,3741.5,96,3.204
DM-03-06-06-01,2026-08-09,82.125,3777.0,96,4.533
DM-03-06-06-01,2026-08-10,90.875,3917.0,96,14.611
DM-03-06-06-01,2026-08-11,79.125,3833.5,96,12.94
DM-03-06-06-01,2026-08-12,89.5,3709.5,96,21.644
DM-03-06-06-01,2026-08-13,86.0,3712.75,96,26.848
DM-03-06-06-01,2026-08-14,62.25,3935.25,96,8.301
DM-03-06-06-01,2026-08-15,84.375,3746.5,96,11.88
DM-03-06-06-01,2026-08-16,66.125,3627.25,96,0.0
DM-03-06-07-01,2026-07-25,7.375,393.5,96,
DM-03-06-07-01,2026-07-26,8.875,371.25,96,
DM-03-06-07-01,2026-07-27,9.25,410.0,96,
DM-03-06-07-01,2026-07-28,9.375,338.5,96,
DM-03-06-07-01,2026-07-29,7.625,406.25,96,
DM-03-06-07-01,2026-07-30,8.0,389.0,96,
DM-03-06-07-01,2026-07-31,7.25,359.5,96,
DM-03-06-07-01,2026-08-01,3.375,352.75,96,
DM-03-06-07-01,2026-08-02,3.688,378.62,96,
DM-03-06-07-01,2026-08-03,7.375,380.5,96,
DM-03-06-07-01,2026-08-04,92.75,2387.5,96,
DM-03-06-07-01,2026-08-05,98.125,3691.75,96,
DM-03-06-07-01,2026-08-06,94.625,3631.0,96,
DM-03-06-07-01,2026-08-07,97.875,3615.75,96,
DM-03-06-07-01,2026-08-08,83.375,3470.0,96,30.79
DM-03-06-07-01,2026-08-09,87.25,3612.0,96,65.454
DM-03-06-07-01,2026-08-10,82.0,3690.0,96,94.869
DM-03-06-07-01,2026-08-11,77.75,3555.25,96,120.034
DM-03-06-07-01,2026-08-12,93.75,3771.0,96,161.199
DM-03-06-07-01,2026-08-13,86.625,3714.0,96,195.238
DM-03-06-07-01,2026-08-14,79.375,3614.75,96,222.028
DM-03-06-07-01,2026-08-15,92.0,3571.75,96,261.443
DM-03-06-07-01,2026-08-16,87.375,3657.25,96,296.233
DM-03-06-07-02,2026-07-25,49.375,2272.5,96,
DM-03-06-07-02,2026-07-26,47.75,2213.75,96,
DM-03-06-07-02,2026-07-27,42.75,2212.25,96,
DM-03-06-07-02,2026-07-28,47.625,2087.0,96,
DM-03-06-07-02,2026-07-29,54.875,2143.0,96,
DM-03-06-07-02,2026-07-30,51.625,2178.75,96,
DM-03-06-07-02,2026-07-31,52.125,2167.75,96,
DM-03-06-07-02,2026-08-01,48.625,2160.25,96,
DM-03-06-07-02,2026-08-02,45.125,2254.0,96,
DM-03-06-07-02,2026-08-03,44.875,2194.25,96,
DM-03-06-07-02,2026-08-04,48.5,2228.25,96,
DM-03-06-07-02,2026-08-05,51.125,2266.25,96,
DM-03-06-07-02,2026-08-06,45.75,2225.5,96,
DM-03-06-07-02,2026-08-07,52.0,2267.25,96,
DM-03-06-07-02,2026-08-08,56.375,2209.0,96,6.019
DM-03-06-07-02,2026-08-09,64.75,2474.0,96,20.413
DM-03-06-07-02,2026-08-10,57.75,2350.75,96,27.808
DM-03-06-07-02,2026-08-11,41.625,2149.0,96,19.077
DM-03-06-07-02,2026-08-12,46.875,2242.0,96,15.596
DM-03-06-07-02,2026-08-13,47.875,2275.5,96,13.115
DM-03-06-07-02,2026-08-14,45.75,2220.75,96,8.51
DM-03-06-07-02,2026-08-15,52.5,2413.25,96,10.654
DM-03-06-07-02,2026-08-16,42.375,2208.25,96,2.673
DM-03-06-08-01,2026-07-25,8.5,503.75,96,
DM-03-06-08-01,2026-07-26,8.75,419.75,96,
DM-03-06-08-01,2026-07-27,5.375,379.25,96,
DM-03-06-08-01,2026-07-28,4.875,332.25,96,
DM-03-06-08-01,2026-07-29,2.375,320.88,96,
DM-03-06-08-01,2026-07-30,6.625,361.62,96,
DM-03-06-08-01,2026-07-31,3.5,361.25,96,
DM-03-06-08-01,2026-08-01,7.25,365.5,96,
DM-03-06-08-01,2026-08-02,7.75,368.75,96,
DM-03-06-08-01,2026-08-03,7.25,431.25,96,
DM-03-06-08-01,2026-08-04,7.875,429.25,96,
DM-03-06-08-01,2026-08-05,17.625,577.5,96,
DM-03-06-08-01,2026-08-06,7.875,380.0,96,
DM-03-06-08-01,2026-08-07,11.875,428.25,96,
DM-03-06-08-01,2026-08-08,9.125,381.0,96,0.0
DM-03-06-08-01,2026-08-09,7.625,384.5,96,0.0
DM-03-06-08-01,2026-08-10,7.375,404.0,96,0.0
DM-03-06-08-01,2026-08-11,0.625,343.25,96,0.0
DM-03-06-08-01,2026-08-12,8.875,375.5,96,0.0
DM-03-06-08-01,2026-08-13,6.0,407.0,96,0.0
DM-03-06-08-01,2026-08-14,6.0,413.5,96,0.0
DM-03-06-08-01,2026-08-15,14.625,401.25,96,5.16
DM-03-06-08-01,2026-08-16,6.375,377.25,96,2.07
DM-03-06-09-01,2026-07-25,55.0,1799.75,96,
DM-03-06-09-01,2026-07-26,18.125,1671.5,96,
DM-03-06-09-01,2026-07-27,3.95,1654.85,96,
DM-03-06-09-01,2026-07-28,15.375,1331.25,96,
DM-03-06-09-01,2026-07-29,14.188,1346.96,96,
DM-03-06-09-01,2026-07-30,5.75,1566.5,96,
DM-03-06-09-01,2026-07-31,8.857,1607.89,96,
DM-03-06-09-01,2026-08-01,17.25,1596.5,96,
DM-03-06-09-01,2026-08-02,9.75,1574.0,96,
DM-03-06-09-01,2026-08-03,27.208,2175.0,96,
DM-03-06-09-01,2026-08-04,14.438,2292.69,96,
DM-03-06-09-01,2026-08-05,14.25,2425.25,96,
DM-03-06-09-01,2026-08-06,5.25,2048.81,96,
DM-03-06-09-01,2026-08-07,6.5,1877.38,96,
DM-03-06-09-01,2026-08-08,11.625,1783.0,96,0.0
DM-03-06-09-01,2026-08-09,2.5,1538.5,96,0.0
DM-03-06-09-01,2026-08-10,4.713,1669.04,96,0.0
DM-03-06-09-01,2026-08-11,4.542,1718.42,96,0.0
DM-03-06-09-01,2026-08-12,26.688,1641.12,96,4.994
DM-03-06-09-01,2026-08-13,10.588,1639.47,96,0.0
DM-03-06-09-01,2026-08-14,3.875,1709.25,96,0.0
DM-03-06-09-01,2026-08-15,25.875,1570.25,96,4.182
DM-03-06-09-01,2026-08-16,47.0,1360.12,96,29.488
DM-03-06-12-01,2026-07-25,71.0,2967.0,96,
DM-03-06-12-01,2026-07-26,73.375,2891.5,96,
DM-03-06-12-01,2026-07-27,61.25,2945.0,96,
DM-03-06-12-01,2026-07-28,64.375,2849.75,96,
DM-03-06-12-01,2026-07-29,60.875,2605.75,96,
DM-03-06-12-01,2026-07-30,78.875,2772.25,96,
DM-03-06-12-01,2026-07-31,87.375,2930.0,96,
DM-03-06-12-01,2026-08-01,67.25,2844.25,96,
DM-03-06-12-01,2026-08-02,70.25,2864.75,96,
DM-03-06-12-01,2026-08-03,59.0,2957.75,96,
DM-03-06-12-01,2026-08-04,69.875,2973.75,96,
DM-03-06-12-01,2026-08-05,72.75,2607.5,96,
DM-03-06-12-01,2026-08-06,57.0,2341.25,96,
DM-03-06-12-01,2026-08-07,50.125,2294.0,96,
DM-03-06-12-01,2026-08-08,38.75,2338.0,96,0.0
DM-03-06-12-01,2026-08-09,34.0,2112.25,96,0.0
DM-03-06-12-01,2026-08-10,41.625,2222.75,96,0.0
DM-03-06-12-01,2026-08-11,37.25,2223.25,96,0.0
DM-03-06-12-01,2026-08-12,42.0,2117.25,96,0.0
DM-03-06-12-01,2026-08-13,37.5,2239.0,96,0.0
DM-03-06-12-01,2026-08-14,49.25,2399.0,96,0.0
DM-03-06-12-01,2026-08-15,48.125,2407.5,96,0.0
DM-03-06-12-01,2026-08-16,41.375,2186.25,96,0.0
DM-03-06-13-01,2026-07-25,33.75,1299.75,96,
DM-03-06-13-01,2026-07-26,38.375,1412.0,96,
DM-03-06-13-01,2026-07-27,33.625,1553.5,96,
DM-03-06-13-01,2026-07-28,29.75,1196.0,96,
DM-03-06-13-01,2026-07-29,40.25,1389.25,96,
DM-03-06-13-01,2026-07-30,29.625,1537.25,96,
DM-03-06-13-01,2026-07-31,36.0,1475.0,96,
DM-03-06-13-01,2026-08-01,29.875,1346.25,96,
DM-03-06-13-01,2026-08-02,40.375,1550.25,96,
DM-03-06-13-01,2026-08-03,37.125,1593.0,96,
DM-03-06-13-01,2026-08-04,30.25,1505.75,96,
DM-03-06-13-01,2026-08-05,34.625,1585.75,96,
DM-03-06-13-01,2026-08-06,29.5,1507.5,96,
DM-03-06-13-01,2026-08-07,46.0,1510.25,96,
DM-03-06-13-01,2026-08-08,30.875,1292.75,96,0.0
DM-03-06-13-01,2026-08-09,60.125,1415.0,96,22.747
DM-03-06-13-01,2026-08-10,30.0,1604.0,96,15.37
DM-03-06-13-01,2026-08-11,32.375,1512.75,96,10.367
DM-03-06-13-01,2026-08-12,41.625,1346.25,96,14.615
DM-03-06-13-01,2026-08-13,31.625,1688.5,96,8.862
DM-03-06-13-01,2026-08-14,41.25,1719.25,96,12.734
DM-03-06-13-01,2026-08-15,40.25,1623.5,96,15.607
DM-03-06-13-01,2026-08-16,36.125,1315.25,96,14.354
DM-04-03-01-01,2026-07-25,103.375,3121.5,96,
DM-04-03-01-01,2026-07-26,105.125,3256.0,96,
DM-04-03-01-01,2026-07-27,108.125,3067.25,96,
DM-04-03-01-01,2026-07-28,98.125,2996.75,96,
DM-04-03-01-01,2026-07-29,96.75,2977.25,96,
DM-04-03-01-01,2026-07-30,97.0,2981.75,96,
DM-04-03-01-01,2026-07-31,97.25,2944.0,96,
DM-04-03-01-01,2026-08-01,96.75,2985.75,96,
DM-04-03-01-01,2026-08-02,96.625,2981.0,96,
DM-04-03-01-01,2026-08-03,94.25,2886.25,96,
DM-04-03-01-01,2026-08-04,95.25,2886.25,96,
DM-04-03-01-01,2026-08-05,94.5,2886.5,96,
DM-04-03-01-01,2026-08-06,94.875,2901.0,96,
DM-04-03-01-01,2026-08-07,91.5,2872.25,96,
DM-04-03-01-01,2026-08-08,102.125,2969.5,96,2.091
DM-04-03-01-01,2026-08-09,97.0,2968.0,96,0.0
DM-04-03-01-01,2026-08-10,98.625,2852.75,96,0.0
DM-04-03-01-01,2026-08-11,91.875,2858.0,96,0.0
DM-04-03-01-01,2026-08-12,95.375,2958.75,96,0.0
DM-04-03-01-01,2026-08-13,94.375,2880.25,96,0.0
DM-04-03-01-01,2026-08-14,94.25,2879.5,96,0.0
DM-04-03-01-01,2026-08-15,94.5,2949.25,96,0.0
DM-04-03-01-01,2026-08-16,97.125,2982.5,96,0.0
DM-04-03-01-02,2026-07-25,31.0,1912.0,96,
DM-04-03-01-02,2026-07-26,22.75,1923.75,96,
DM-04-03-01-02,2026-07-27,25.0,2026.5,96,
DM-04-03-01-02,2026-07-28,43.125,2176.75,96,
DM-04-03-01-02,2026-07-29,12.875,2004.5,96,
DM-04-03-01-02,2026-07-30,22.125,2037.25,96,
DM-04-03-01-02,2026-07-31,38.625,2156.0,96,
DM-04-03-01-02,2026-08-01,30.375,2047.0,96,
DM-04-03-01-02,2026-08-02,20.25,1935.25,96,
DM-04-03-01-02,2026-08-03,27.625,1689.75,96,
DM-04-03-01-02,2026-08-04,22.375,1789.0,96,
DM-04-03-01-02,2026-08-05,27.125,1920.25,96,
DM-04-03-01-02,2026-08-06,28.0,1881.5,96,
DM-04-03-01-02,2026-08-07,23.875,1891.25,96,
DM-04-03-01-02,2026-08-08,30.25,1953.0,96,0.0
DM-04-03-01-02,2026-08-09,26.625,1956.25,96,0.0
DM-04-03-01-02,2026-08-10,22.75,1910.5,96,0.0
DM-04-03-01-02,2026-08-11,33.0,2060.5,96,2.557
DM-04-03-01-02,2026-08-12,31.25,2170.0,96,3.364
DM-04-03-01-02,2026-08-13,42.625,2055.5,96,15.546
DM-04-03-01-02,2026-08-14,31.75,2035.25,96,16.853
DM-04-03-01-02,2026-08-15,33.625,2119.75,96,20.035
DM-04-03-01-02,2026-08-16,40.75,2123.0,96,30.341
DM-04-03-02-01,2026-07-25,67.875,2417.75,96,
DM-04-03-02-01,2026-07-26,71.25,2429.75,96,
DM-04-03-02-01,2026-07-27,67.25,2285.5,96,
DM-04-03-02-01,2026-07-28,74.0,2364.5,96,
DM-04-03-02-01,2026-07-29,65.875,2355.0,96,
DM-04-03-02-01,2026-07-30,65.5,2357.5,96,
DM-04-03-02-01,2026-07-31,71.375,2302.25,96,
DM-04-03-02-01,2026-08-01,69.875,2405.5,96,
DM-04-03-02-01,2026-08-02,70.875,2447.25,96,
DM-04-03-02-01,2026-08-03,68.375,2331.0,96,
DM-04-03-02-01,2026-08-04,66.75,2323.5,96,
DM-04-03-02-01,2026-08-05,68.5,2308.25,96,
DM-04-03-02-01,2026-08-06,64.5,2261.75,96,
DM-04-03-02-01,2026-08-07,62.0,2239.75,96,
DM-04-03-02-01,2026-08-08,65.125,2405.75,96,0.0
DM-04-03-02-01,2026-08-09,69.25,2431.5,96,0.0
DM-04-03-02-01,2026-08-10,72.75,2286.0,96,3.078
DM-04-03-02-01,2026-08-11,68.0,2236.75,96,1.405
DM-04-03-02-01,2026-08-12,68.125,2436.75,96,0.0
DM-04-03-02-01,2026-08-13,71.25,2303.5,96,1.578
DM-04-03-02-01,2026-08-14,71.875,2323.25,96,3.78
DM-04-03-02-01,2026-08-15,67.875,2458.25,96,1.983
DM-04-03-02-01,2026-08-16,75.25,2536.0,96,7.561
DM-04-03-04-01,2026-07-25,96.25,3041.0,96,
DM-04-03-04-01,2026-07-26,90.625,3010.5,96,
DM-04-03-04-01,2026-07-27,92.625,3012.5,96,
DM-04-03-04-01,2026-07-28,96.375,3081.0,96,
DM-04-03-04-01,2026-07-29,97.25,3001.25,96,
DM-04-03-04-01,2026-07-30,91.0,2993.5,96,
DM-04-03-04-01,2026-07-31,93.375,2985.25,96,
DM-04-03-04-01,2026-08-01,95.5,3013.0,96,
DM-04-03-04-01,2026-08-02,104.375,3064.75,96,
DM-04-03-04-01,2026-08-03,88.625,3020.5,96,
DM-04-03-04-01,2026-08-04,96.5,3041.25,96,
DM-04-03-04-01,2026-08-05,92.75,3042.0,96,
DM-04-03-04-01,2026-08-06,91.875,3024.5,96,
DM-04-03-04-01,2026-08-07,86.875,2995.0,96,
DM-04-03-04-01,2026-08-08,90.875,3051.0,96,0.0
DM-04-03-04-01,2026-08-09,93.0,3156.0,96,0.0
DM-04-03-04-01,2026-08-10,107.0,3114.75,96,11.049
DM-04-03-04-01,2026-08-11,104.25,3093.5,96,19.348
DM-04-03-04-01,2026-08-12,95.25,3128.5,96,18.647
DM-04-03-04-01,2026-08-13,107.5,3121.5,96,30.196
DM-04-03-04-01,2026-08-14,99.75,3094.25,96,33.995
DM-04-03-04-01,2026-08-15,104.0,3186.0,96,42.044
DM-04-03-04-01,2026-08-16,89.125,3149.5,96,35.218
DM-04-03-09-01,2026-07-25,172.375,5423.5,96,
DM-04-03-09-01,2026-07-26,166.375,5343.0,96,
DM-04-03-09-01,2026-07-27,172.25,5156.25,96,
DM-04-03-09-01,2026-07-28,164.5,5215.75,96,
DM-04-03-09-01,2026-07-29,165.5,5228.75,96,
DM-04-03-09-01,2026-07-30,166.25,5266.75,96,
DM-04-03-09-01,2026-07-31,165.0,5197.0,96,
DM-04-03-09-01,2026-08-01,174.5,5411.75,96,
DM-04-03-09-01,2026-08-02,179.75,5505.25,96,
DM-04-03-09-01,2026-08-03,173.375,5283.0,96,
DM-04-03-09-01,2026-08-04,162.125,5223.25,96,
DM-04-03-09-01,2026-08-05,169.375,5219.75,96,
DM-04-03-09-01,2026-08-06,171.0,5188.5,96,
DM-04-03-09-01,2026-08-07,173.0,5217.25,96,
DM-04-03-09-01,2026-08-08,167.5,5352.5,96,0.0
DM-04-03-09-01,2026-08-09,169.875,5406.25,96,0.0
DM-04-03-09-01,2026-08-10,173.125,5091.75,96,1.099
DM-04-03-09-01,2026-08-11,164.375,5145.5,96,0.0
DM-04-03-09-01,2026-08-12,169.375,5470.5,96,0.0
DM-04-03-09-01,2026-08-13,164.5,5130.25,96,0.0
DM-04-03-09-01,2026-08-14,169.5,5267.0,96,0.0
DM-04-03-09-01,2026-08-15,165.0,5349.5,96,0.0
DM-04-03-09-01,2026-08-16,165.375,5550.5,96,0.0
DM-04-03-10-01,2026-07-25,152.5,5180.0,96,
DM-04-03-10-01,2026-07-26,158.375,5117.5,96,
DM-04-03-10-01,2026-07-27,152.875,4970.5,96,
DM-04-03-10-01,2026-07-28,150.875,5025.75,96,
DM-04-03-10-01,2026-07-29,154.5,5116.75,96,
DM-04-03-10-01,2026-07-30,149.375,5085.75,96,
DM-04-03-10-01,2026-07-31,156.0,5003.25,96,
DM-04-03-10-01,2026-08-01,147.75,5213.25,96,
DM-04-03-10-01,2026-08-02,155.25,5175.5,96,
DM-04-03-10-01,2026-08-03,157.125,5052.75,96,
DM-04-03-10-01,2026-08-04,157.5,4975.25,96,
DM-04-03-10-01,2026-08-05,145.75,5013.25,96,
DM-04-03-10-01,2026-08-06,144.125,4959.25,96,
DM-04-03-10-01,2026-08-07,157.0,4934.5,96,
DM-04-03-10-01,2026-08-08,163.125,5296.5,96,8.125
DM-04-03-10-01,2026-08-09,154.75,5209.75,96,7.874
DM-04-03-10-01,2026-08-10,145.125,5053.75,96,0.0
DM-04-03-10-01,2026-08-11,160.375,4961.25,96,5.375
DM-04-03-10-01,2026-08-12,163.375,5213.25,96,13.749
DM-04-03-10-01,2026-08-13,164.75,4999.5,96,23.499
DM-04-03-10-01,2026-08-14,159.875,5060.0,96,28.374
DM-04-03-10-01,2026-08-15,156.625,5332.75,96,29.999
DM-04-03-10-01,2026-08-16,167.75,5289.25,96,42.748
DM-04-03-11-01,2026-07-25,123.75,3929.5,96,
DM-04-03-11-01,2026-07-26,116.0,3973.5,96,
DM-04-03-11-01,2026-07-27,114.25,4154.5,96,
DM-04-03-11-01,2026-07-28,118.0,3582.0,96,
DM-04-03-11-01,2026-07-29,111.75,3779.0,96,
DM-04-03-11-01,2026-07-30,119.75,3709.5,96,
DM-04-03-11-01,2026-07-31,111.75,3817.25,96,
DM-04-03-11-01,2026-08-01,117.5,3782.75,96,
DM-04-03-11-01,2026-08-02,122.5,3929.25,96,
DM-04-03-11-01,2026-08-03,119.125,4226.25,96,
DM-04-03-11-01,2026-08-04,121.875,4121.75,96,
DM-04-03-11-01,2026-08-05,121.125,4237.0,96,
DM-04-03-11-01,2026-08-06,126.0,4193.5,96,
DM-04-03-11-01,2026-08-07,111.625,4171.75,96,
DM-04-03-11-01,2026-08-08,110.75,4005.25,96,0.0
DM-04-03-11-01,2026-08-09,126.5,3995.25,96,6.038
DM-04-03-11-01,2026-08-10,118.125,4196.5,96,3.702
DM-04-03-11-01,2026-08-11,112.5,4058.0,96,0.0
DM-04-03-11-01,2026-08-12,107.0,3990.25,96,0.0
DM-04-03-11-01,2026-08-13,128.375,4227.0,96,7.913
DM-04-03-11-01,2026-08-14,109.5,4194.25,96,0.0
DM-04-03-11-01,2026-08-15,110.875,3825.5,96,0.0
DM-04-03-11-01,2026-08-16,114.5,3879.25,96,0.0
DM-04-03-12-01,2026-07-25,81.75,3292.0,96,
DM-04-03-12-01,2026-07-26,95.5,3347.25,96,
DM-04-03-12-01,2026-07-27,125.25,3395.0,96,
DM-04-03-12-01,2026-07-28,76.75,3016.5,96,
DM-04-03-12-01,2026-07-29,127.625,3446.5,96,
DM-04-03-12-01,2026-07-30,77.25,3119.5,96,
DM-04-03-12-01,2026-07-31,100.5,3065.75,96,
DM-04-03-12-01,2026-08-01,80.0,3176.75,96,
DM-04-03-12-01,2026-08-02,80.375,3218.25,96,
DM-04-03-12-01,2026-08-03,107.625,3256.25,96,
DM-04-03-12-01,2026-08-04,90.375,3061.5,96,
DM-04-03-12-01,2026-08-05,62.0,3007.5,96,
DM-04-03-12-01,2026-08-06,65.5,3086.0,96,
DM-04-03-12-01,2026-08-07,84.125,2869.0,96,
DM-04-03-12-01,2026-08-08,94.125,3265.0,96,0.0
DM-04-03-12-01,2026-08-09,71.625,3238.25,96,0.0
DM-04-03-12-01,2026-08-10,82.25,3123.25,96,0.0
DM-04-03-12-01,2026-08-11,63.625,3004.5,96,0.0
DM-04-03-12-01,2026-08-12,67.5,3086.5,96,0.0
DM-04-03-12-01,2026-08-13,116.25,3243.0,96,17.067
DM-04-03-12-01,2026-08-14,61.75,2913.5,96,0.0
DM-04-03-12-01,2026-08-15,72.625,3141.25,96,0.0
DM-04-03-12-01,2026-08-16,79.0,3241.75,96,0.0
DM-04-05-01-01,2026-07-25,90.5,3441.0,96,
DM-04-05-01-01,2026-07-26,95.25,3394.75,96,
DM-04-05-01-01,2026-07-27,95.0,3101.25,96,
DM-04-05-01-01,2026-07-28,83.25,3156.25,96,
DM-04-05-01-01,2026-07-29,92.75,3274.75,96,
DM-04-05-01-01,2026-07-30,85.5,3239.5,96,
DM-04-05-01-01,2026-07-31,72.75,3171.25,96,
DM-04-05-01-01,2026-08-01,88.375,3335.75,96,
DM-04-05-01-01,2026-08-02,87.375,3296.0,96,
DM-04-05-01-01,2026-08-03,98.375,3262.5,96,
DM-04-05-01-01,2026-08-04,86.25,3243.5,96,
DM-04-05-01-01,2026-08-05,87.75,3199.25,96,
DM-04-05-01-01,2026-08-06,97.625,3239.0,96,
DM-04-05-01-01,2026-08-07,95.5,3269.0,96,
DM-04-05-01-01,2026-08-08,93.75,3328.0,96,0.718
DM-04-05-01-01,2026-08-09,88.375,3238.5,96,0.0
DM-04-05-01-01,2026-08-10,92.375,3066.25,96,0.0
DM-04-05-01-01,2026-08-11,90.0,3257.75,96,0.0
DM-04-05-01-01,2026-08-12,94.25,3453.5,96,1.218
DM-04-05-01-01,2026-08-13,98.375,3327.75,96,6.56
DM-04-05-01-01,2026-08-14,97.5,3418.25,96,11.028
DM-04-05-01-01,2026-08-15,103.375,3606.25,96,21.37
DM-04-05-01-01,2026-08-16,90.625,3347.0,96,18.963
DM-04-05-03-01,2026-07-25,74.875,2901.5,96,
DM-04-05-03-01,2026-07-26,73.375,2708.0,96,
DM-04-05-03-01,2026-07-27,71.75,2746.5,96,
DM-04-05-03-01,2026-07-28,74.0,2758.25,96,
DM-04-05-03-01,2026-07-29,71.25,2766.75,96,
DM-04-05-03-01,2026-07-30,71.25,2784.5,96,
DM-04-05-03-01,2026-07-31,73.5,2760.0,96,
DM-04-05-03-01,2026-08-01,72.5,2865.0,96,
DM-04-05-03-01,2026-08-02,75.25,2901.25,96,
DM-04-05-03-01,2026-08-03,74.125,2879.0,96,
DM-04-05-03-01,2026-08-04,73.75,2469.5,96,
DM-04-05-03-01,2026-08-05,72.875,2748.75,96,
DM-04-05-03-01,2026-08-06,78.125,2845.75,96,
DM-04-05-03-01,2026-08-07,72.0,2846.25,96,
DM-04-05-03-01,2026-08-08,76.75,2993.5,96,2.392
DM-04-05-03-01,2026-08-09,75.25,3003.75,96,3.283
DM-04-05-03-01,2026-08-10,77.5,2910.25,96,6.425
DM-04-05-03-01,2026-08-11,78.375,2906.75,96,10.441
DM-04-05-03-01,2026-08-12,81.75,3108.75,96,17.833
DM-04-05-03-01,2026-08-13,84.25,3052.5,96,27.725
DM-04-05-03-01,2026-08-14,84.25,3007.75,96,37.616
DM-04-05-03-01,2026-08-15,82.875,3151.0,96,46.133
DM-04-05-03-01,2026-08-16,84.125,3210.5,96,55.899
DM-04-05-07-01,2026-07-25,40.0,1680.25,96,
DM-04-05-07-01,2026-07-26,36.75,1650.5,96,
DM-04-05-07-01,2026-07-27,39.875,1553.25,96,
DM-04-05-07-01,2026-07-28,32.75,1507.0,96,
DM-04-05-07-01,2026-07-29,32.875,1493.25,96,
DM-04-05-07-01,2026-07-30,35.625,1535.25,96,
DM-04-05-07-01,2026-07-31,31.75,1484.5,96,
DM-04-05-07-01,2026-08-01,35.375,1564.0,96,
DM-04-05-07-01,2026-08-02,35.625,1580.25,96,
DM-04-05-07-01,2026-08-03,34.875,1529.75,96,
DM-04-05-07-01,2026-08-04,33.875,1544.0,96,
DM-04-05-07-01,2026-08-05,33.75,1499.75,96,
DM-04-05-07-01,2026-08-06,37.375,1521.5,96,
DM-04-05-07-01,2026-08-07,34.75,1516.0,96,
DM-04-05-07-01,2026-08-08,35.75,1587.75,96,0.0
DM-04-05-07-01,2026-08-09,38.0,1607.5,96,1.434
DM-04-05-07-01,2026-08-10,35.25,1497.75,96,0.117
DM-04-05-07-01,2026-08-11,36.5,1521.75,96,0.051
DM-04-05-07-01,2026-08-12,38.0,1567.0,96,1.485
DM-04-05-07-01,2026-08-13,36.625,1549.25,96,1.544
DM-04-05-07-01,2026-08-14,40.5,1578.5,96,5.477
DM-04-05-07-01,2026-08-15,34.0,1585.25,96,2.911
DM-04-05-07-01,2026-08-16,33.25,1580.75,96,0.0
DM-04-05-09-01,2026-07-25,64.875,2926.25,96,
DM-04-05-09-01,2026-07-26,62.875,2922.0,96,
DM-04-05-09-01,2026-07-27,62.625,2741.25,96,
DM-04-05-09-01,2026-07-28,64.875,2777.75,96,
DM-04-05-09-01,2026-07-29,63.25,2820.5,96,
DM-04-05-09-01,2026-07-30,63.25,2820.5,96,
DM-04-05-09-01,2026-07-31,63.75,2729.0,96,
DM-04-05-09-01,2026-08-01,62.125,2998.75,96,
DM-04-05-09-01,2026-08-02,63.0,2925.5,96,
DM-04-05-09-01,2026-08-03,66.75,2840.5,96,
DM-04-05-09-01,2026-08-04,63.75,2788.25,96,
DM-04-05-09-01,2026-08-05,61.25,2730.75,96,
DM-04-05-09-01,2026-08-06,63.125,2742.25,96,
DM-04-05-09-01,2026-08-07,59.875,2735.25,96,
DM-04-05-09-01,2026-08-08,64.625,2874.0,96,0.59
DM-04-05-09-01,2026-08-09,62.125,2926.5,96,0.0
DM-04-05-09-01,2026-08-10,64.25,2731.5,96,0.215
DM-04-05-09-01,2026-08-11,60.375,2697.75,96,0.0
DM-04-05-09-01,2026-08-12,63.25,2939.25,96,0.0
DM-04-05-09-01,2026-08-13,64.5,2783.5,96,0.465
DM-04-05-09-01,2026-08-14,64.5,2770.0,96,0.93
DM-04-05-09-01,2026-08-15,60.875,2942.0,96,0.0
DM-04-05-09-01,2026-08-16,64.875,2932.25,96,0.84
DM-04-05-10-01,2026-07-25,101.375,4044.5,96,
DM-04-05-10-01,2026-07-26,97.875,4027.75,96,
DM-04-05-10-01,2026-07-27,99.375,3824.25,96,
DM-04-05-10-01,2026-07-28,103.5,3897.0,96,
DM-04-05-10-01,2026-07-29,100.125,3896.25,96,
DM-04-05-10-01,2026-07-30,103.0,3932.75,96,
DM-04-05-10-01,2026-07-31,99.75,3860.25,96,
DM-04-05-10-01,2026-08-01,99.875,4007.75,96,
DM-04-05-10-01,2026-08-02,100.875,4066.75,96,
DM-04-05-10-01,2026-08-03,107.0,3946.5,96,
DM-04-05-10-01,2026-08-04,103.625,3923.75,96,
DM-04-05-10-01,2026-08-05,103.75,3926.0,96,
DM-04-05-10-01,2026-08-06,103.875,3914.0,96,
DM-04-05-10-01,2026-08-07,98.125,3913.5,96,
DM-04-05-10-01,2026-08-08,105.875,4016.0,96,3.036
DM-04-05-10-01,2026-08-09,103.25,4102.25,96,3.448
DM-04-05-10-01,2026-08-10,103.375,3864.5,96,3.984
DM-04-05-10-01,2026-08-11,99.375,3816.25,96,0.52
DM-04-05-10-01,2026-08-12,104.125,4106.0,96,1.806
DM-04-05-10-01,2026-08-13,100.25,3919.25,96,0.0
DM-04-05-10-01,2026-08-14,104.625,3929.0,96,1.786
DM-04-05-10-01,2026-08-15,97.125,4061.5,96,0.0
DM-04-05-10-01,2026-08-16,102.625,4131.5,96,0.0
DM-04-05-12-01,2026-07-25,90.5,2816.75,96,
DM-04-05-12-01,2026-07-26,83.625,2714.5,96,
DM-04-05-12-01,2026-07-27,89.625,2697.25,96,
DM-04-05-12-01,2026-07-28,82.875,2744.25,96,
DM-04-05-12-01,2026-07-29,82.875,2677.75,96,
DM-04-05-12-01,2026-07-30,82.375,2681.25,96,
DM-04-05-12-01,2026-07-31,85.0,2655.5,96,
DM-04-05-12-01,2026-08-01,80.5,2665.0,96,
DM-04-05-12-01,2026-08-02,81.5,2636.75,96,
DM-04-05-12-01,2026-08-03,83.375,2608.0,96,
DM-04-05-12-01,2026-08-04,88.75,2665.25,96,
DM-04-05-12-01,2026-08-05,80.75,2655.75,96,
DM-04-05-12-01,2026-08-06,77.5,2644.5,96,
DM-04-05-12-01,2026-08-07,85.5,2632.75,96,
DM-04-05-12-01,2026-08-08,81.625,2653.0,96,0.0
DM-04-05-12-01,2026-08-09,83.0,2651.75,96,0.0
DM-04-05-12-01,2026-08-10,79.75,2637.75,96,0.0
DM-04-05-12-01,2026-08-11,83.125,2650.0,96,0.0
DM-04-05-12-01,2026-08-12,83.875,2654.0,96,0.0
DM-04-05-12-01,2026-08-13,83.5,2599.0,96,0.0
DM-04-05-12-01,2026-08-14,83.625,2632.0,96,0.0
DM-04-05-12-01,2026-08-15,86.125,2616.0,96,0.438
DM-04-05-12-01,2026-08-16,82.75,2644.0,96,0.0
DM-04-05-14-01,2026-07-25,101.0,3878.0,96,
DM-04-05-14-01,2026-07-26,93.375,3817.25,96,
DM-04-05-14-01,2026-07-27,90.0,3729.25,96,
DM-04-05-14-01,2026-07-28,101.75,3719.5,96,
DM-04-05-14-01,2026-07-29,87.625,3585.75,96,
DM-04-05-14-01,2026-07-30,93.625,3835.5,96,
DM-04-05-14-01,2026-07-31,113.5,3768.0,96,
DM-04-05-14-01,2026-08-01,101.25,3790.5,96,
DM-04-05-14-01,2026-08-02,100.75,3877.5,96,
DM-04-05-14-01,2026-08-03,87.25,3985.25,96,
DM-04-05-14-01,2026-08-04,102.125,4014.0,96,
DM-04-05-14-01,2026-08-05,95.75,3932.5,96,
DM-04-05-14-01,2026-08-06,93.0,3983.5,96,
DM-04-05-14-01,2026-08-07,100.625,4042.0,96,
DM-04-05-14-01,2026-08-08,95.75,4014.75,96,0.0
DM-04-05-14-01,2026-08-09,93.75,3970.0,96,0.0
DM-04-05-14-01,2026-08-10,94.5,4013.25,96,0.0
DM-04-05-14-01,2026-08-11,87.75,3847.5,96,0.0
DM-04-05-14-01,2026-08-12,86.625,3892.5,96,0.0
DM-04-05-14-01,2026-08-13,92.25,3832.75,96,0.0
DM-04-05-14-01,2026-08-14,95.875,4025.5,96,0.0
DM-04-05-14-01,2026-08-15,105.25,4019.25,96,4.57
DM-04-05-14-01,2026-08-16,102.625,4037.25,96,6.515
DM-04-06-02-01,2026-07-25,103.625,4664.75,96,
DM-04-06-02-01,2026-07-26,108.25,4517.25,96,
DM-04-06-02-01,2026-07-27,107.125,4795.75,96,
DM-04-06-02-01,2026-07-28,108.75,4383.0,96,
DM-04-06-02-01,2026-07-29,101.875,4462.75,96,
DM-04-06-02-01,2026-07-30,109.875,4564.25,96,
DM-04-06-02-01,2026-07-31,108.5,4418.0,96,
DM-04-06-02-01,2026-08-01,107.375,4552.25,96,
DM-04-06-02-01,2026-08-02,106.875,4501.0,96,
DM-04-06-02-01,2026-08-03,108.75,4838.25,96,
DM-04-06-02-01,2026-08-04,107.875,4814.0,96,
DM-04-06-02-01,2026-08-05,106.125,4549.75,96,
DM-04-06-02-01,2026-08-06,117.0,4639.0,96,
DM-04-06-02-01,2026-08-07,100.375,4687.0,96,
DM-04-06-02-01,2026-08-08,106.75,4576.75,96,0.0
DM-04-06-02-01,2026-08-09,113.75,4595.5,96,4.547
DM-04-06-02-01,2026-08-10,105.375,4759.25,96,0.72
DM-04-06-02-01,2026-08-11,111.0,4654.75,96,2.517
DM-04-06-02-01,2026-08-12,107.375,4641.0,96,0.689
DM-04-06-02-01,2026-08-13,109.75,4799.5,96,1.236
DM-04-06-02-01,2026-08-14,116.125,4890.5,96,8.159
DM-04-06-02-01,2026-08-15,104.5,4912.75,96,3.456
DM-04-06-02-01,2026-08-16,105.25,4648.25,96,0.0
DM-04-06-05-01,2026-07-25,44.875,1957.25,96,
DM-04-06-05-01,2026-07-26,38.625,1965.75,96,
DM-04-06-05-01,2026-07-27,40.5,1905.75,96,
DM-04-06-05-01,2026-07-28,38.875,1835.25,96,
DM-04-06-05-01,2026-07-29,43.5,1807.5,96,
DM-04-06-05-01,2026-07-30,36.125,1863.0,96,
DM-04-06-05-01,2026-07-31,36.25,1818.75,96,
DM-04-06-05-01,2026-08-01,36.375,1912.0,96,
DM-04-06-05-01,2026-08-02,36.75,1961.0,96,
DM-04-06-05-01,2026-08-03,38.375,1957.5,96,
DM-04-06-05-01,2026-08-04,35.0,1983.0,96,
DM-04-06-05-01,2026-08-05,40.25,1856.0,96,
DM-04-06-05-01,2026-08-06,37.625,1880.75,96,
DM-04-06-05-01,2026-08-07,38.875,1847.25,96,
DM-04-06-05-01,2026-08-08,39.0,1991.5,96,0.0
DM-04-06-05-01,2026-08-09,41.75,1930.25,96,1.675
DM-04-06-05-01,2026-08-10,36.5,1896.5,96,0.0
DM-04-06-05-01,2026-08-11,35.0,1801.25,96,0.0
DM-04-06-05-01,2026-08-12,37.875,1918.0,96,0.0
DM-04-06-05-01,2026-08-13,35.375,1824.0,96,0.0
DM-04-06-05-01,2026-08-14,40.0,1893.5,96,0.0
DM-04-06-05-01,2026-08-15,35.75,1911.0,96,0.0
DM-04-06-05-01,2026-08-16,38.125,1913.75,96,0.0
DM-04-06-08-01,2026-07-25,50.5,2532.0,96,
DM-04-06-08-01,2026-07-26,47.5,2482.0,96,
DM-04-06-08-01,2026-07-27,48.125,2377.0,96,
DM-04-06-08-01,2026-07-28,47.75,2289.0,96,
DM-04-06-08-01,2026-07-29,47.375,2330.0,96,
DM-04-06-08-01,2026-07-30,47.875,2379.5,96,
DM-04-06-08-01,2026-07-31,49.25,2300.0,96,
DM-04-06-08-01,2026-08-01,48.75,2448.5,96,
DM-04-06-08-01,2026-08-02,49.5,2505.25,96,
DM-04-06-08-01,2026-08-03,50.75,2523.75,96,
DM-04-06-08-01,2026-08-04,51.5,2448.0,96,
DM-04-06-08-01,2026-08-05,51.25,2384.75,96,
DM-04-06-08-01,2026-08-06,50.625,2365.25,96,
DM-04-06-08-01,2026-08-07,49.25,2375.5,96,
DM-04-06-08-01,2026-08-08,50.875,2433.0,96,0.894
DM-04-06-08-01,2026-08-09,52.75,2445.75,96,3.664
DM-04-06-08-01,2026-08-10,49.0,2370.5,96,2.683
DM-04-06-08-01,2026-08-11,47.75,2270.75,96,0.452
DM-04-06-08-01,2026-08-12,49.25,2352.75,96,0.0
DM-04-06-08-01,2026-08-13,49.75,2297.5,96,0.0
DM-04-06-08-01,2026-08-14,50.875,2505.75,96,0.894
DM-04-06-08-01,2026-08-15,52.625,2719.5,96,3.539
DM-04-06-08-01,2026-08-16,51.125,2613.0,96,4.683
DM-04-06-12-01,2026-07-25,128.25,5308.75,96,
DM-04-06-12-01,2026-07-26,133.125,5353.25,96,
DM-04-06-12-01,2026-07-27,129.125,5138.75,96,
DM-04-06-12-01,2026-07-28,128.625,4884.25,96,
DM-04-06-12-01,2026-07-29,128.5,5001.25,96,
DM-04-06-12-01,2026-07-30,123.75,5016.0,96,
DM-04-06-12-01,2026-07-31,129.0,4918.75,96,
DM-04-06-12-01,2026-08-01,127.875,5164.5,96,
DM-04-06-12-01,2026-08-02,127.0,5239.0,96,
DM-04-06-12-01,2026-08-03,127.25,5146.75,96,
DM-04-06-12-01,2026-08-04,125.875,5129.75,96,
DM-04-06-12-01,2026-08-05,124.375,5019.75,96,
DM-04-06-12-01,2026-08-06,128.0,5050.0,96,
DM-04-06-12-01,2026-08-07,128.0,5015.5,96,
DM-04-06-12-01,2026-08-08,132.125,5231.0,96,3.273
DM-04-06-12-01,2026-08-09,125.5,5254.5,96,0.0
DM-04-06-12-01,2026-08-10,129.0,5118.75,96,0.148
DM-04-06-12-01,2026-08-11,125.75,5065.5,96,0.0
DM-04-06-12-01,2026-08-12,131.75,5333.5,96,2.898
DM-04-06-12-01,2026-08-13,128.5,5098.75,96,2.547
DM-04-06-12-01,2026-08-14,130.75,5111.0,96,4.445
DM-04-06-12-01,2026-08-15,123.25,5302.25,96,0.0
DM-04-06-12-01,2026-08-16,132.25,5370.25,96,3.398
DM-04-06-13-01,2026-07-25,124.75,4658.0,96,
DM-04-06-13-01,2026-07-26,134.875,4673.25,96,
DM-04-06-13-01,2026-07-27,128.5,4463.0,96,
DM-04-06-13-01,2026-07-28,117.0,4638.0,96,
DM-04-06-13-01,2026-07-29,125.625,4427.25,96,
DM-04-06-13-01,2026-07-30,113.0,4394.75,96,
DM-04-06-13-01,2026-07-31,118.125,4358.25,96,
DM-04-06-13-01,2026-08-01,113.25,4557.75,96,
DM-04-06-13-01,2026-08-02,117.5,4606.5,96,
DM-04-06-13-01,2026-08-03,129.0,4493.0,96,
DM-04-06-13-01,2026-08-04,112.375,4384.0,96,
DM-04-06-13-01,2026-08-05,112.75,4343.0,96,
DM-04-06-13-01,2026-08-06,132.0,4450.25,96,
DM-04-06-13-01,2026-08-07,112.625,4316.0,96,
DM-04-06-13-01,2026-08-08,123.75,4603.0,96,0.0
DM-04-06-13-01,2026-08-09,124.0,4689.0,96,0.0
DM-04-06-13-01,2026-08-10,124.75,4401.5,96,0.06
DM-04-06-13-01,2026-08-11,120.0,4216.25,96,0.0
DM-04-06-13-01,2026-08-12,107.375,4274.5,96,0.0
DM-04-06-13-01,2026-08-13,116.625,4250.75,96,0.0
DM-04-06-13-01,2026-08-14,111.375,4141.5,96,0.0
DM-04-06-13-01,2026-08-15,101.125,4156.75,96,0.0
DM-04-06-13-01,2026-08-16,106.875,4227.5,96,0.0
DM-04-06-14-01,2026-07-25,25.375,1374.0,96,
DM-04-06-14-01,2026-07-26,26.25,1408.5,96,
DM-04-06-14-01,2026-07-27,25.375,1324.5,96,
DM-04-06-14-01,2026-07-28,25.875,1282.5,96,
DM-04-06-14-01,2026-07-29,25.625,1312.75,96,
DM-04-06-14-01,2026-07-30,25.125,1315.0,96,
DM-04-06-14-01,2026-07-31,26.0,1303.5,96,
DM-04-06-14-01,2026-08-01,26.0,1350.5,96,
DM-04-06-14-01,2026-08-02,28.5,1397.5,96,
DM-04-06-14-01,2026-08-03,27.5,1387.75,96,
DM-04-06-14-01,2026-08-04,27.5,1351.5,96,
DM-04-06-14-01,2026-08-05,25.625,1279.75,96,
DM-04-06-14-01,2026-08-06,26.625,1315.25,96,
DM-04-06-14-01,2026-08-07,23.5,1286.0,96,
DM-04-06-14-01,2026-08-08,25.125,1383.0,96,0.0
DM-04-06-14-01,2026-08-09,27.875,1429.5,96,1.226
DM-04-06-14-01,2026-08-10,26.125,1318.75,96,0.703
DM-04-06-14-01,2026-08-11,24.375,1282.75,96,0.0
DM-04-06-14-01,2026-08-12,26.875,1371.5,96,0.226
DM-04-06-14-01,2026-08-13,27.375,1324.25,96,0.953
DM-04-06-14-01,2026-08-14,24.625,1344.5,96,0.0
DM-04-06-14-01,2026-08-15,25.375,1415.25,96,0.0
DM-04-06-14-01,2026-08-16,25.5,1367.0,96,0.0
DM-04-08-01-01,2026-07-25,37.5,1783.25,96,
DM-04-08-01-01,2026-07-26,37.875,1710.25,96,
DM-04-08-01-01,2026-07-27,37.875,1689.5,96,
DM-04-08-01-01,2026-07-28,38.75,1579.25,96,
DM-04-08-01-01,2026-07-29,38.625,1582.5,96,
DM-04-08-01-01,2026-07-30,38.5,1556.75,96,
DM-04-08-01-01,2026-07-31,38.125,1510.75,96,
DM-04-08-01-01,2026-08-01,37.625,1566.5,96,
DM-04-08-01-01,2026-08-02,40.125,1733.75,96,
DM-04-08-01-01,2026-08-03,39.25,1637.75,96,
DM-04-08-01-01,2026-08-04,41.25,1703.25,96,
DM-04-08-01-01,2026-08-05,45.5,1633.75,96,
DM-04-08-01-01,2026-08-06,43.875,1614.0,96,
DM-04-08-01-01,2026-08-07,38.5,1584.25,96,
DM-04-08-01-01,2026-08-08,38.25,1522.5,96,0.0
DM-04-08-01-01,2026-08-09,31.75,1465.25,96,0.0
DM-04-08-01-01,2026-08-10,33.5,1396.5,96,0.0
DM-04-08-01-01,2026-08-11,32.0,1477.5,96,0.0
DM-04-08-01-01,2026-08-12,32.5,1530.75,96,0.0
DM-04-08-01-01,2026-08-13,34.125,1439.0,96,0.0
DM-04-08-01-01,2026-08-14,32.375,1441.25,96,0.0
DM-04-08-01-01,2026-08-15,30.875,1509.5,96,0.0
DM-04-08-01-01,2026-08-16,31.75,1475.25,96,0.0
DM-04-08-01-02,2026-07-25,29.25,1688.5,96,
DM-04-08-01-02,2026-07-26,31.625,2890.25,96,
DM-04-08-01-02,2026-07-27,93.75,2644.5,96,
DM-04-08-01-02,2026-07-28,33.0,1548.0,96,
DM-04-08-01-02,2026-07-29,30.25,1531.75,96,
DM-04-08-01-02,2026-07-30,28.875,1523.25,96,
DM-04-08-01-02,2026-07-31,84.0,1594.0,96,
DM-04-08-01-02,2026-08-01,30.875,1642.75,96,
DM-04-08-01-02,2026-08-02,33.875,1674.75,96,
DM-04-08-01-02,2026-08-03,30.625,1514.5,96,
DM-04-08-01-02,2026-08-04,28.875,1502.0,96,
DM-04-08-01-02,2026-08-05,29.125,1479.5,96,
DM-04-08-01-02,2026-08-06,31.0,1512.25,96,
DM-04-08-01-02,2026-08-07,84.0,1594.0,96,
DM-04-08-01-02,2026-08-08,31.0,1625.5,96,0.0
DM-04-08-01-02,2026-08-09,32.125,1661.75,96,0.0
DM-04-08-01-02,2026-08-10,32.375,1512.0,96,0.0
DM-04-08-01-02,2026-08-11,30.625,1507.75,96,0.0
DM-04-08-01-02,2026-08-12,30.625,1620.0,96,0.0
DM-04-08-01-02,2026-08-13,30.625,1497.5,96,0.0
DM-04-08-01-02,2026-08-14,30.5,1511.0,96,0.0
DM-04-08-01-02,2026-08-15,32.0,1637.0,96,0.0
DM-04-08-01-02,2026-08-16,31.625,1643.0,96,0.0
DM-04-08-02-01,2026-07-25,131.875,4984.75,96,
DM-04-08-02-01,2026-07-26,123.25,4913.0,96,
DM-04-08-02-01,2026-07-27,154.75,4733.0,96,
DM-04-08-02-01,2026-07-28,120.875,4720.75,96,
DM-04-08-02-01,2026-07-29,120.375,4740.0,96,
DM-04-08-02-01,2026-07-30,118.25,4679.25,96,
DM-04-08-02-01,2026-07-31,126.0,4709.5,96,
DM-04-08-02-01,2026-08-01,136.0,4898.0,96,
DM-04-08-02-01,2026-08-02,127.875,4913.5,96,
DM-04-08-02-01,2026-08-03,134.625,4861.0,96,
DM-04-08-02-01,2026-08-04,127.75,4759.25,96,
DM-04-08-02-01,2026-08-05,120.75,4742.0,96,
DM-04-08-02-01,2026-08-06,124.625,4699.0,96,
DM-04-08-02-01,2026-08-07,123.125,4679.5,96,
DM-04-08-02-01,2026-08-08,133.25,4889.25,96,0.839
DM-04-08-02-01,2026-08-09,130.875,4864.25,96,0.0
DM-04-08-02-01,2026-08-10,119.25,4570.75,96,0.0
DM-04-08-02-01,2026-08-11,118.125,4531.75,96,0.0
DM-04-08-02-01,2026-08-12,130.125,4821.75,96,0.0
DM-04-08-02-01,2026-08-13,121.0,4612.5,96,0.0
DM-04-08-02-01,2026-08-14,120.125,4675.5,96,0.0
DM-04-08-02-01,2026-08-15,115.5,4899.75,96,0.0
DM-04-08-02-01,2026-08-16,123.25,4905.0,96,0.0
DM-04-08-04-01,2026-07-25,97.75,4137.75,96,
DM-04-08-04-01,2026-07-26,102.125,4241.25,96,
DM-04-08-04-01,2026-07-27,96.125,3818.5,96,
DM-04-08-04-01,2026-07-28,91.25,3852.0,96,
DM-04-08-04-01,2026-07-29,94.0,3822.25,96,
DM-04-08-04-01,2026-07-30,89.125,3799.25,96,
DM-04-08-04-01,2026-07-31,92.125,3745.5,96,
DM-04-08-04-01,2026-08-01,89.75,3894.0,96,
DM-04-08-04-01,2026-08-02,92.875,3969.5,96,
DM-04-08-04-01,2026-08-03,91.375,3776.75,96,
DM-04-08-04-01,2026-08-04,92.75,3806.25,96,
DM-04-08-04-01,2026-08-05,94.0,3736.0,96,
DM-04-08-04-01,2026-08-06,94.625,3793.75,96,
DM-04-08-04-01,2026-08-07,83.375,3666.5,96,
DM-04-08-04-01,2026-08-08,90.375,3880.0,96,0.0
DM-04-08-04-01,2026-08-09,89.875,3893.25,96,0.0
DM-04-08-04-01,2026-08-10,95.125,3696.5,96,0.087
DM-04-08-04-01,2026-08-11,85.5,3636.75,96,0.0
DM-04-08-04-01,2026-08-12,87.125,3708.25,96,0.0
DM-04-08-04-01,2026-08-13,91.625,3690.75,96,0.0
DM-04-08-04-01,2026-08-14,89.375,3706.0,96,0.0
DM-04-08-04-01,2026-08-15,87.375,4380.75,96,0.0
DM-04-08-04-01,2026-08-16,95.875,4043.5,96,0.837
DM-04-08-05-01,2026-07-25,35.625,1875.0,96,
DM-04-08-05-01,2026-07-26,32.5,1835.5,96,
DM-04-08-05-01,2026-07-27,34.625,1708.0,96,
DM-04-08-05-01,2026-07-28,26.375,1696.25,96,
DM-04-08-05-01,2026-07-29,36.125,1723.0,96,
DM-04-08-05-01,2026-07-30,33.875,1668.5,96,
DM-04-08-05-01,2026-07-31,54.375,1795.25,96,
DM-04-08-05-01,2026-08-01,33.5,1776.75,96,
DM-04-08-05-01,2026-08-02,35.0,1914.25,96,
DM-04-08-05-01,2026-08-03,34.0,1714.75,96,
DM-04-08-05-01,2026-08-04,37.75,1801.0,96,
DM-04-08-05-01,2026-08-05,37.875,1714.5,96,
DM-04-08-05-01,2026-08-06,35.75,1739.0,96,
DM-04-08-05-01,2026-08-07,35.375,1654.5,96,
DM-04-08-05-01,2026-08-08,34.0,1798.75,96,0.0
DM-04-08-05-01,2026-08-09,31.125,1894.75,96,0.0
DM-04-08-05-01,2026-08-10,31.625,1677.0,96,0.0
DM-04-08-05-01,2026-08-11,29.125,1645.75,96,0.0
DM-04-08-05-01,2026-08-12,35.5,1830.25,96,0.0
DM-04-08-05-01,2026-08-13,41.125,1691.0,96,2.326
DM-04-08-05-01,2026-08-14,40.25,1682.75,96,3.776
DM-04-08-05-01,2026-08-15,31.125,1785.25,96,0.0
DM-04-08-05-01,2026-08-16,36.75,1884.5,96,0.0
DM-04-08-06-01,2026-07-25,134.5,5442.5,96,
DM-04-08-06-01,2026-07-26,139.375,5492.5,96,
DM-04-08-06-01,2026-07-27,136.375,5292.0,96,
DM-04-08-06-01,2026-07-28,134.375,5349.5,96,
DM-04-08-06-01,2026-07-29,141.125,5437.25,96,
DM-04-08-06-01,2026-07-30,129.875,5299.0,96,
DM-04-08-06-01,2026-07-31,141.375,5249.75,96,
DM-04-08-06-01,2026-08-01,139.375,5395.75,96,
DM-04-08-06-01,2026-08-02,138.625,5493.5,96,
DM-04-08-06-01,2026-08-03,136.875,5456.5,96,
DM-04-08-06-01,2026-08-04,141.0,5540.25,96,
DM-04-08-06-01,2026-08-05,137.375,5406.25,96,
DM-04-08-06-01,2026-08-06,136.75,5297.75,96,
DM-04-08-06-01,2026-08-07,127.75,5321.0,96,
DM-04-08-06-01,2026-08-08,146.25,5426.25,96,7.521
DM-04-08-06-01,2026-08-09,129.625,5430.25,96,0.0
DM-04-08-06-01,2026-08-10,132.125,5258.25,96,0.0
DM-04-08-06-01,2026-08-11,133.0,5148.0,96,0.0
DM-04-08-06-01,2026-08-12,131.0,5401.75,96,0.0
DM-04-08-06-01,2026-08-13,144.125,5250.75,96,5.396
DM-04-08-06-01,2026-08-14,127.875,5265.0,96,0.0
DM-04-08-06-01,2026-08-15,129.5,5429.5,96,0.0
DM-04-08-06-01,2026-08-16,134.5,5401.5,96,0.0
DM-04-08-07-01,2026-07-25,114.75,4292.75,96,
DM-04-08-07-01,2026-07-26,120.125,4465.25,96,
DM-04-08-07-01,2026-07-27,108.75,4383.75,96,
DM-04-08-07-01,2026-07-28,96.625,4062.0,96,
DM-04-08-07-01,2026-07-29,108.5,4084.5,96,
DM-04-08-07-01,2026-07-30,105.625,4246.75,96,
DM-04-08-07-01,2026-07-31,103.75,4192.25,96,
DM-04-08-07-01,2026-08-01,97.0,4198.75,96,
DM-04-08-07-01,2026-08-02,109.75,4293.75,96,
DM-04-08-07-01,2026-08-03,106.625,4476.25,96,
DM-04-08-07-01,2026-08-04,132.25,4540.75,96,
DM-04-08-07-01,2026-08-05,105.875,4500.75,96,
DM-04-08-07-01,2026-08-06,117.125,4447.75,96,
DM-04-08-07-01,2026-08-07,115.5,4460.5,96,
DM-04-08-07-01,2026-08-08,103.375,4373.0,96,0.0
DM-04-08-07-01,2026-08-09,130.25,4378.0,96,15.579
DM-04-08-07-01,2026-08-10,131.0,4520.5,96,31.908
DM-04-08-07-01,2026-08-11,132.0,4394.25,96,49.237
DM-04-08-07-01,2026-08-12,107.0,4494.75,96,41.566
DM-04-08-07-01,2026-08-13,107.0,4529.75,96,33.895
DM-04-08-07-01,2026-08-14,105.125,4485.25,96,24.349
DM-04-08-07-01,2026-08-15,132.5,4475.5,96,42.178
DM-04-08-07-01,2026-08-16,130.125,4525.75,96,57.632
DM-04-09-02-01,2026-07-25,109.5,2398.75,96,
DM-04-09-02-01,2026-07-26,58.75,2421.5,96,
DM-04-09-02-01,2026-07-27,52.0,1928.5,96,
DM-04-09-02-01,2026-07-28,32.25,1479.75,96,
DM-04-09-02-01,2026-07-29,21.125,1467.25,96,
DM-04-09-02-01,2026-07-30,35.875,1666.75,96,
DM-04-09-02-01,2026-07-31,35.5,1723.0,96,
DM-04-09-02-01,2026-08-01,39.875,1989.0,96,
DM-04-09-02-01,2026-08-02,33.625,1890.5,96,
DM-04-09-02-01,2026-08-03,38.75,2011.5,96,
DM-04-09-02-01,2026-08-04,28.25,1857.75,96,
DM-04-09-02-01,2026-08-05,41.25,1710.25,96,
DM-04-09-02-01,2026-08-06,41.5,2307.25,96,
DM-04-09-02-01,2026-08-07,95.125,2365.75,96,
DM-04-09-02-01,2026-08-08,86.0,2312.75,96,26.487
DM-04-09-02-01,2026-08-09,41.375,2512.75,96,8.348
DM-04-09-02-01,2026-08-10,39.875,1967.5,96,0.0
DM-04-09-02-01,2026-08-11,42.0,1697.25,96,0.0
DM-04-09-02-01,2026-08-12,59.875,1758.25,96,0.362
DM-04-09-02-01,2026-08-13,26.25,1925.0,96,0.0
DM-04-09-02-01,2026-08-14,33.75,2053.0,96,0.0
DM-04-09-02-01,2026-08-15,59.0,2380.75,96,0.0
DM-04-09-02-01,2026-08-16,52.125,2011.75,96,0.0
DM-04-09-06-01,2026-07-25,50.0,2471.0,96,
DM-04-09-06-01,2026-07-26,51.75,2462.0,96,
DM-04-09-06-01,2026-07-27,47.375,2374.5,96,
DM-04-09-06-01,2026-07-28,46.875,2286.0,96,
DM-04-09-06-01,2026-07-29,53.0,2341.75,96,
DM-04-09-06-01,2026-07-30,53.0,2399.75,96,
DM-04-09-06-01,2026-07-31,52.5,2420.5,96,
DM-04-09-06-01,2026-08-01,52.375,2502.0,96,
DM-04-09-06-01,2026-08-02,57.25,2479.5,96,
DM-04-09-06-01,2026-08-03,52.0,2535.0,96,
DM-04-09-06-01,2026-08-04,54.0,2542.0,96,
DM-04-09-06-01,2026-08-05,54.125,2489.5,96,
DM-04-09-06-01,2026-08-06,56.125,2459.25,96,
DM-04-09-06-01,2026-08-07,57.5,2499.5,96,
DM-04-09-06-01,2026-08-08,57.75,2540.75,96,3.518
DM-04-09-06-01,2026-08-09,64.125,2561.25,96,13.411
DM-04-09-06-01,2026-08-10,54.375,2452.0,96,13.554
DM-04-09-06-01,2026-08-11,53.375,2397.25,96,12.698
DM-04-09-06-01,2026-08-12,54.625,2513.0,96,13.091
DM-04-09-06-01,2026-08-13,54.875,2526.0,96,13.734
DM-04-09-06-01,2026-08-14,54.625,2542.75,96,14.127
DM-04-09-06-01,2026-08-15,54.75,2579.25,96,14.645
DM-04-09-06-01,2026-08-16,59.0,2546.5,96,19.413
DM-04-09-10-01,2026-07-25,6.75,973.5,96,
DM-04-09-10-01,2026-07-26,0.0,948.25,96,
DM-04-09-10-01,2026-07-27,0.0,860.88,96,
DM-04-09-10-01,2026-07-28,0.0,861.25,96,
DM-04-09-10-01,2026-07-29,0.0,842.5,96,
DM-04-09-10-01,2026-07-30,0.125,900.75,96,
DM-04-09-10-01,2026-07-31,0.25,824.5,96,
DM-04-09-10-01,2026-08-01,2.438,895.38,96,
DM-04-09-10-01,2026-08-02,0.75,914.5,96,
DM-04-09-10-01,2026-08-03,0.625,913.38,96,
DM-04-09-10-01,2026-08-04,0.0,855.88,96,
DM-04-09-10-01,2026-08-05,0.125,842.88,96,
DM-04-09-10-01,2026-08-06,0.0,839.12,96,
DM-04-09-10-01,2026-08-07,13.25,990.25,96,
DM-04-09-10-01,2026-08-08,19.75,1085.5,96,16.191
DM-04-09-10-01,2026-08-09,18.375,1118.75,96,31.008
DM-04-09-10-01,2026-08-10,2.25,1008.75,96,29.699
DM-04-09-10-01,2026-08-11,19.875,1052.5,96,46.016
DM-04-09-10-01,2026-08-12,2.125,931.12,96,44.582
DM-04-09-10-01,2026-08-13,0.125,842.5,96,41.149
DM-04-09-10-01,2026-08-14,0.0,849.25,96,37.59
DM-04-09-10-01,2026-08-15,3.0,942.38,96,37.032
DM-04-09-10-01,2026-08-16,0.25,922.38,96,33.723
DM-04-09-11-01,2026-07-25,70.0,2571.25,96,
DM-04-09-11-01,2026-07-26,62.5,2473.25,96,
DM-04-09-11-01,2026-07-27,57.75,2370.5,96,
DM-04-09-11-01,2026-07-28,57.0,2338.0,96,
DM-04-09-11-01,2026-07-29,55.875,2336.0,96,
DM-04-09-11-01,2026-07-30,66.125,2484.25,96,
DM-04-09-11-01,2026-07-31,67.125,2498.0,96,
DM-04-09-11-01,2026-08-01,69.875,2551.5,96,
DM-04-09-11-01,2026-08-02,59.75,2518.75,96,
DM-04-09-11-01,2026-08-03,62.75,2582.75,96,
DM-04-09-11-01,2026-08-04,71.75,2537.25,96,
DM-04-09-11-01,2026-08-05,69.625,2485.5,96,
DM-04-09-11-01,2026-08-06,77.875,2653.75,96,
DM-04-09-11-01,2026-08-07,60.0,2505.5,96,
DM-04-09-11-01,2026-08-08,70.125,2593.25,96,2.132
DM-04-09-11-01,2026-08-09,56.5,2549.0,96,0.0
DM-04-09-11-01,2026-08-10,60.25,2442.5,96,0.0
DM-04-09-11-01,2026-08-11,74.75,2510.75,96,6.757
DM-04-09-11-01,2026-08-12,59.625,2586.75,96,0.0
DM-04-09-11-01,2026-08-13,61.25,2439.0,96,0.0
DM-04-09-11-01,2026-08-14,60.125,2525.75,96,0.0
DM-04-09-11-01,2026-08-15,71.125,2522.38,96,3.132
DM-04-09-11-01,2026-08-16,123.0,2593.75,96,58.139
DM-04-09-12-01,2026-07-25,107.375,4788.0,96,
DM-04-09-12-01,2026-07-26,150.0,4816.75,96,
DM-04-09-12-01,2026-07-27,123.625,4800.25,96,
DM-04-09-12-01,2026-07-28,96.625,4604.0,96,
DM-04-09-12-01,2026-07-29,90.0,4629.75,96,
DM-04-09-12-01,2026-07-30,116.375,4970.0,96,
DM-04-09-12-01,2026-07-31,98.625,5112.75,96,
DM-04-09-12-01,2026-08-01,93.75,4591.0,96,
DM-04-09-12-01,2026-08-02,99.625,4843.75,96,
DM-04-09-12-01,2026-08-03,93.75,4815.5,96,
DM-04-09-12-01,2026-08-04,90.5,4784.5,96,
DM-04-09-12-01,2026-08-05,112.375,4926.5,96,
DM-04-09-12-01,2026-08-06,90.125,4677.0,96,
DM-04-09-12-01,2026-08-07,91.25,4708.5,96,
DM-04-09-12-01,2026-08-08,107.75,4870.25,96,0.0
DM-04-09-12-01,2026-08-09,90.25,4712.5,96,0.0
DM-04-09-12-01,2026-08-10,89.5,4630.75,96,0.0
DM-04-09-12-01,2026-08-11,105.5,4864.75,96,0.0
DM-04-09-12-01,2026-08-12,93.375,4924.5,96,0.0
DM-04-09-12-01,2026-08-13,90.75,4732.25,96,0.0
DM-04-09-12-01,2026-08-14,94.375,4857.75,96,0.0
DM-04-09-12-01,2026-08-15,95.875,4967.0,96,0.0
DM-04-09-12-01,2026-08-16,95.75,4887.5,96,0.0
DM-05-01-03-03,2026-07-25,122.5,4967.75,96,
DM-05-01-03-03,2026-07-26,130.75,4866.75,96,
DM-05-01-03-03,2026-07-27,121.0,5064.75,96,
DM-05-01-03-03,2026-07-28,118.875,4955.75,96,
DM-05-01-03-03,2026-07-29,122.25,4786.25,96,
DM-05-01-03-03,2026-07-30,113.25,4916.25,96,
DM-05-01-03-03,2026-07-31,112.875,4975.5,96,
DM-05-01-03-03,2026-08-01,140.875,5029.25,96,
DM-05-01-03-03,2026-08-02,113.0,4974.75,96,
DM-05-01-03-03,2026-08-03,127.75,5117.5,96,
DM-05-01-03-03,2026-08-04,119.0,5198.5,96,
DM-05-01-03-03,2026-08-05,138.875,5250.25,96,
DM-05-01-03-03,2026-08-06,140.625,5155.75,96,
DM-05-01-03-03,2026-08-07,118.125,5136.75,96,
DM-05-01-03-03,2026-08-08,130.125,5075.25,96,1.036
DM-05-01-03-03,2026-08-09,126.375,5067.75,96,0.0
DM-05-01-03-03,2026-08-10,121.375,5094.25,96,0.0
DM-05-01-03-03,2026-08-11,141.125,5169.75,96,12.036
DM-05-01-03-03,2026-08-12,116.125,4974.5,96,0.0
DM-05-01-03-03,2026-08-13,123.75,5099.25,96,0.0
DM-05-01-03-03,2026-08-14,121.5,5236.75,96,0.0
DM-05-01-03-03,2026-08-15,129.5,5153.75,96,0.411
DM-05-01-03-03,2026-08-16,133.0,5067.0,96,4.323
DM-05-01-04-02,2026-07-25,33.375,1684.5,96,
DM-05-01-04-02,2026-07-26,33.375,1684.5,96,
DM-05-01-04-02,2026-07-27,33.375,1684.5,96,
DM-05-01-04-02,2026-07-28,33.375,1684.5,96,
DM-05-01-04-02,2026-07-29,33.375,1684.5,96,
DM-05-01-04-02,2026-07-30,33.375,1684.5,96,
DM-05-01-04-02,2026-07-31,33.375,1684.5,96,
DM-05-01-04-02,2026-08-01,33.375,1684.5,96,
DM-05-01-04-02,2026-08-02,33.375,1684.5,96,
DM-05-01-04-02,2026-08-03,33.375,1684.5,96,
DM-05-01-04-02,2026-08-04,33.375,1684.5,96,
DM-05-01-04-02,2026-08-05,33.375,1684.5,96,
DM-05-01-04-02,2026-08-06,33.375,1684.5,96,
DM-05-01-04-02,2026-08-07,33.375,1684.5,96,
DM-05-01-04-02,2026-08-08,33.375,1684.5,96,0.0
DM-05-01-04-02,2026-08-09,33.375,1684.5,96,0.0
DM-05-01-04-02,2026-08-10,33.375,1684.5,96,0.0
DM-05-01-04-02,2026-08-11,33.375,1684.5,96,0.0
DM-05-01-04-02,2026-08-12,33.375,1684.5,96,0.0
DM-05-01-04-02,2026-08-13,33.375,1684.5,96,0.0
DM-05-01-04-02,2026-08-14,33.375,1684.5,96,0.0
DM-05-01-04-02,2026-08-15,33.375,1684.5,96,0.0
DM-05-01-04-02,2026-08-16,33.375,1684.5,96,0.0
DM-05-01-05-01,2026-07-25,50.25,2456.25,96,
DM-05-01-05-01,2026-07-26,72.875,2170.5,96,
DM-05-01-05-01,2026-07-27,66.0,2780.25,96,
DM-05-01-05-01,2026-07-28,54.625,2192.75,96,
DM-05-01-05-01,2026-07-29,55.875,2638.5,96,
DM-05-01-05-01,2026-07-30,57.625,2879.75,96,
DM-05-01-05-01,2026-07-31,52.625,2747.0,96,
DM-05-01-05-01,2026-08-01,55.125,2452.25,96,
DM-05-01-05-01,2026-08-02,49.75,2248.0,96,
DM-05-01-05-01,2026-08-03,58.125,2862.25,96,
DM-05-01-05-01,2026-08-04,55.125,2949.25,96,
DM-05-01-05-01,2026-08-05,60.625,2908.5,96,
DM-05-01-05-01,2026-08-06,51.75,2942.25,96,
DM-05-01-05-01,2026-08-07,56.875,2905.0,96,
DM-05-01-05-01,2026-08-08,63.375,2576.0,96,3.421
DM-05-01-05-01,2026-08-09,55.375,2286.5,96,0.0
DM-05-01-05-01,2026-08-10,61.0,2965.25,96,1.046
DM-05-01-05-01,2026-08-11,59.25,2886.75,96,0.342
DM-05-01-05-01,2026-08-12,70.75,2412.75,96,11.138
DM-05-01-05-01,2026-08-13,59.875,2959.75,96,11.059
DM-05-01-05-01,2026-08-14,65.75,2920.0,96,16.855
DM-05-01-05-01,2026-08-15,53.5,2537.25,96,10.401
DM-05-01-05-01,2026-08-16,61.25,2311.5,96,11.697
DM-05-01-06-01,2026-07-25,54.375,2269.5,96,
DM-05-01-06-01,2026-07-26,44.25,1896.5,96,
DM-05-01-06-01,2026-07-27,40.375,1926.5,96,
DM-05-01-06-01,2026-07-28,71.875,1798.75,96,
DM-05-01-06-01,2026-07-29,54.625,1906.75,96,
DM-05-01-06-01,2026-07-30,43.125,2080.25,96,
DM-05-01-06-01,2026-07-31,50.375,2149.75,96,
DM-05-01-06-01,2026-08-01,45.25,1919.5,96,
DM-05-01-06-01,2026-08-02,46.875,1954.5,96,
DM-05-01-06-01,2026-08-03,51.0,2254.0,96,
DM-05-01-06-01,2026-08-04,43.375,2409.5,96,
DM-05-01-06-01,2026-08-05,43.0,2288.75,96,
DM-05-01-06-01,2026-08-06,39.125,2245.25,96,
DM-05-01-06-01,2026-08-07,44.125,2142.0,96,
DM-05-01-06-01,2026-08-08,87.125,2034.0,96,35.103
DM-05-01-06-01,2026-08-09,34.125,1752.75,96,17.205
DM-05-01-06-01,2026-08-10,35.625,2200.25,96,0.808
DM-05-01-06-01,2026-08-11,34.75,2241.5,96,0.0
DM-05-01-06-01,2026-08-12,85.0,1967.75,96,32.978
DM-05-01-06-01,2026-08-13,35.75,2134.25,96,16.705
DM-05-01-06-01,2026-08-14,50.625,2126.5,96,15.308
DM-05-01-06-01,2026-08-15,39.125,1835.75,96,2.41
DM-05-01-06-01,2026-08-16,32.5,1990.25,96,0.0
DM-05-01-09-02,2026-07-25,221.125,8042.0,96,
DM-05-01-09-02,2026-07-26,206.875,7716.25,96,
DM-05-01-09-02,2026-07-27,203.875,9005.25,96,
DM-05-01-09-02,2026-07-28,204.75,7522.75,96,
DM-05-01-09-02,2026-07-29,216.625,7737.25,96,
DM-05-01-09-02,2026-07-30,185.75,8911.25,96,
DM-05-01-09-02,2026-07-31,185.375,8789.75,96,
DM-05-01-09-02,2026-08-01,205.625,7771.5,96,
DM-05-01-09-02,2026-08-02,190.875,7629.5,96,
DM-05-01-09-02,2026-08-03,227.875,9482.5,96,
DM-05-01-09-02,2026-08-04,202.375,9458.75,96,
DM-05-01-09-02,2026-08-05,238.5,9284.5,96,
DM-05-01-09-02,2026-08-06,210.75,9081.75,96,
DM-05-01-09-02,2026-08-07,212.5,9286.25,96,
DM-05-01-09-02,2026-08-08,221.125,8248.5,96,5.785
DM-05-01-09-02,2026-08-09,211.75,8031.0,96,2.195
DM-05-01-09-02,2026-08-10,194.875,9090.0,96,0.0
DM-05-01-09-02,2026-08-11,218.75,9249.0,96,3.41
DM-05-01-09-02,2026-08-12,230.25,7888.0,96,18.32
DM-05-01-09-02,2026-08-13,190.5,8918.25,96,0.0
DM-05-01-09-02,2026-08-14,208.875,9178.5,96,0.0
DM-05-01-09-02,2026-08-15,238.125,8082.75,96,22.785
DM-05-01-09-02,2026-08-16,212.125,7562.75,96,19.57
DM-05-02-01-02,2026-07-25,69.0,2721.0,96,
DM-05-02-01-02,2026-07-26,78.75,2751.0,96,
DM-05-02-01-02,2026-07-27,67.0,2729.5,96,
DM-05-02-01-02,2026-07-28,70.5,2637.0,96,
DM-05-02-01-02,2026-07-29,76.0,2719.25,96,
DM-05-02-01-02,2026-07-30,68.25,2620.0,96,
DM-05-02-01-02,2026-07-31,64.25,2557.0,96,
DM-05-02-01-02,2026-08-01,69.25,2637.75,96,
DM-05-02-01-02,2026-08-02,62.5,2753.75,96,
DM-05-02-01-02,2026-08-03,69.0,2726.75,96,
DM-05-02-01-02,2026-08-04,68.125,2772.0,96,
DM-05-02-01-02,2026-08-05,70.5,2742.5,96,
DM-05-02-01-02,2026-08-06,72.625,2885.0,96,
DM-05-02-01-02,2026-08-07,81.875,2758.25,96,
DM-05-02-01-02,2026-08-08,73.75,2809.25,96,0.655
DM-05-02-01-02,2026-08-09,80.25,2752.75,96,7.81
DM-05-02-01-02,2026-08-10,75.5,2782.25,96,10.215
DM-05-02-01-02,2026-08-11,87.125,2758.5,96,24.245
DM-05-02-01-02,2026-08-12,81.0,2840.25,96,32.15
DM-05-02-01-02,2026-08-13,128.75,4910.0,96,87.804
DM-05-02-01-02,2026-08-14,69.75,2657.12,96,84.459
DM-05-02-01-02,2026-08-15,69.75,2657.12,96,81.114
DM-05-02-01-02,2026-08-16,69.75,2657.12,96,77.769
DM-05-02-02-01,2026-07-25,97.125,3920.75,96,
DM-05-02-02-01,2026-07-26,93.125,3904.25,96,
DM-05-02-02-01,2026-07-27,96.5,3863.25,96,
DM-05-02-02-01,2026-07-28,96.625,3939.0,96,
DM-05-02-02-01,2026-07-29,99.875,3886.5,96,
DM-05-02-02-01,2026-07-30,90.625,3878.25,96,
DM-05-02-02-01,2026-07-31,90.25,3814.25,96,
DM-05-02-02-01,2026-08-01,96.125,3994.25,96,
DM-05-02-02-01,2026-08-02,94.375,3954.0,96,
DM-05-02-02-01,2026-08-03,97.5,3997.0,96,
DM-05-02-02-01,2026-08-04,96.25,3999.0,96,
DM-05-02-02-01,2026-08-05,105.125,4074.75,96,
DM-05-02-02-01,2026-08-06,89.125,3942.0,96,
DM-05-02-02-01,2026-08-07,108.25,4063.5,96,
DM-05-02-02-01,2026-08-08,97.0,4003.5,96,0.0
DM-05-02-02-01,2026-08-09,101.625,4108.5,96,2.566
DM-05-02-02-01,2026-08-10,100.75,4061.0,96,4.257
DM-05-02-02-01,2026-08-11,100.125,4011.75,96,5.322
DM-05-02-02-01,2026-08-12,97.25,4050.0,96,3.513
DM-05-02-02-01,2026-08-13,96.25,4057.25,96,0.704
DM-05-02-02-01,2026-08-14,94.375,4011.0,96,0.0
DM-05-02-02-01,2026-08-15,96.125,4020.5,96,0.0
DM-05-02-02-01,2026-08-16,96.75,4068.25,96,0.0
DM-05-02-03-01,2026-07-25,102.625,3787.5,96,
DM-05-02-03-01,2026-07-26,101.0,3728.25,96,
DM-05-02-03-01,2026-07-27,93.75,2902.75,96,
DM-05-02-03-01,2026-07-28,85.875,3246.75,96,
DM-05-02-03-01,2026-07-29,84.75,3325.5,96,
DM-05-02-03-01,2026-07-30,79.25,3313.25,96,
DM-05-02-03-01,2026-07-31,89.125,3307.25,96,
DM-05-02-03-01,2026-08-01,85.75,3390.0,96,
DM-05-02-03-01,2026-08-02,82.5,3324.25,96,
DM-05-02-03-01,2026-08-03,89.625,3435.25,96,
DM-05-02-03-01,2026-08-04,92.375,3507.25,96,
DM-05-02-03-01,2026-08-05,92.5,3422.5,96,
DM-05-02-03-01,2026-08-06,93.75,3432.5,96,
DM-05-02-03-01,2026-08-07,87.25,3459.0,96,
DM-05-02-03-01,2026-08-08,94.625,3480.0,96,1.444
DM-05-02-03-01,2026-08-09,95.375,3388.0,96,3.639
DM-05-02-03-01,2026-08-10,82.625,3407.0,96,0.0
DM-05-02-03-01,2026-08-11,86.625,3364.25,96,0.0
DM-05-02-03-01,2026-08-12,91.875,3390.25,96,0.0
DM-05-02-03-01,2026-08-13,87.625,3389.25,96,0.0
DM-05-02-03-01,2026-08-14,82.125,3331.75,96,0.0
DM-05-02-03-01,2026-08-15,91.625,3410.75,96,0.0
DM-05-02-03-01,2026-08-16,84.625,3293.0,96,0.0
DM-05-02-03-03,2026-07-25,106.625,3911.75,96,
DM-05-02-03-03,2026-07-26,111.25,3743.5,96,
DM-05-02-03-03,2026-07-27,95.25,4020.75,96,
DM-05-02-03-03,2026-07-28,102.375,3587.0,96,
DM-05-02-03-03,2026-07-29,89.375,3538.0,96,
DM-05-02-03-03,2026-07-30,96.25,3690.25,96,
DM-05-02-03-03,2026-07-31,96.5,3734.5,96,
DM-05-02-03-03,2026-08-01,104.25,3791.0,96,
DM-05-02-03-03,2026-08-02,106.0,3726.75,96,
DM-05-02-03-03,2026-08-03,107.0,3916.5,96,
DM-05-02-03-03,2026-08-04,118.375,4019.75,96,
DM-05-02-03-03,2026-08-05,116.5,3982.25,96,
DM-05-02-03-03,2026-08-06,112.75,3957.25,96,
DM-05-02-03-03,2026-08-07,109.5,3973.0,96,
DM-05-02-03-03,2026-08-08,119.125,3946.75,96,9.9
DM-05-02-03-03,2026-08-09,109.875,3728.5,96,10.549
DM-05-02-03-03,2026-08-10,95.5,3839.5,96,0.0
DM-05-02-03-03,2026-08-11,111.625,3913.25,96,2.4
DM-05-02-03-03,2026-08-12,119.75,3827.0,96,12.924
DM-05-02-03-03,2026-08-13,93.875,3779.75,96,0.0
DM-05-02-03-03,2026-08-14,105.625,3830.25,96,0.0
DM-05-02-03-03,2026-08-15,108.875,3746.0,96,0.0
DM-05-02-03-03,2026-08-16,103.625,3662.0,96,0.0
DM-05-02-04-02,2026-07-25,190.875,7765.5,96,
DM-05-02-04-02,2026-07-26,193.125,7143.25,96,
DM-05-02-04-02,2026-07-27,180.5,7902.38,96,
DM-05-02-04-02,2026-07-28,188.875,7280.5,96,
DM-05-02-04-02,2026-07-29,178.375,7194.5,96,
DM-05-02-04-02,2026-07-30,185.125,7834.0,96,
DM-05-02-04-02,2026-07-31,194.875,7786.5,96,
DM-05-02-04-02,2026-08-01,203.75,7685.5,96,
DM-05-02-04-02,2026-08-02,199.0,7420.75,96,
DM-05-02-04-02,2026-08-03,217.875,8288.75,96,
DM-05-02-04-02,2026-08-04,224.75,8330.0,96,
DM-05-02-04-02,2026-08-05,224.25,8288.0,96,
DM-05-02-04-02,2026-08-06,230.125,8356.75,96,
DM-05-02-04-02,2026-08-07,225.75,8200.25,96,
DM-05-02-04-02,2026-08-08,219.75,7778.75,96,8.269
DM-05-02-04-02,2026-08-09,190.375,7331.75,96,0.0
DM-05-02-04-02,2026-08-10,216.25,8262.0,96,4.769
DM-05-02-04-02,2026-08-11,231.125,8214.0,96,24.414
DM-05-02-04-02,2026-08-12,204.375,7635.5,96,17.308
DM-05-02-04-02,2026-08-13,192.75,8104.5,96,0.0
DM-05-02-04-02,2026-08-14,214.0,8298.5,96,2.519
DM-05-02-04-02,2026-08-15,203.75,7551.25,96,0.0
DM-05-02-04-02,2026-08-16,196.0,7408.25,96,0.0
DM-05-02-05-01,2026-07-25,136.875,5698.0,96,
DM-05-02-05-01,2026-07-26,146.875,5631.25,96,
DM-05-02-05-01,2026-07-27,172.875,6034.5,96,
DM-05-02-05-01,2026-07-28,131.0,5296.5,96,
DM-05-02-05-01,2026-07-29,149.5,5487.5,96,
DM-05-02-05-01,2026-07-30,167.0,5907.25,96,
DM-05-02-05-01,2026-07-31,146.125,5945.75,96,
DM-05-02-05-01,2026-08-01,148.5,5778.75,96,
DM-05-02-05-01,2026-08-02,141.0,5688.25,96,
DM-05-02-05-01,2026-08-03,125.875,6157.25,96,
DM-05-02-05-01,2026-08-04,153.5,6304.75,96,
DM-05-02-05-01,2026-08-05,142.625,6317.75,96,
DM-05-02-05-01,2026-08-06,134.75,6143.0,96,
DM-05-02-05-01,2026-08-07,192.625,6351.5,96,
DM-05-02-05-01,2026-08-08,164.25,5794.0,96,6.425
DM-05-02-05-01,2026-08-09,136.75,5852.25,96,0.0
DM-05-02-05-01,2026-08-10,136.625,6070.75,96,0.0
DM-05-02-05-01,2026-08-11,146.125,6133.0,96,0.0
DM-05-02-05-01,2026-08-12,148.0,5417.75,96,0.0
DM-05-02-05-01,2026-08-13,136.5,6074.75,96,0.0
DM-05-02-05-01,2026-08-14,160.625,6195.25,96,2.8
DM-05-02-05-01,2026-08-15,134.75,5781.0,96,0.0
DM-05-02-05-01,2026-08-16,120.875,5643.75,96,0.0
DM-05-02-06-02,2026-07-25,116.5,4705.75,96,
DM-05-02-06-02,2026-07-26,123.5,4723.25,96,
DM-05-02-06-02,2026-07-27,132.5,4599.5,96,
DM-05-02-06-02,2026-07-28,117.0,4522.5,96,
DM-05-02-06-02,2026-07-29,135.75,4729.25,96,
DM-05-02-06-02,2026-07-30,113.125,4555.75,96,
DM-05-02-06-02,2026-07-31,111.0,4610.0,96,
DM-05-02-06-02,2026-08-01,120.625,4734.5,96,
DM-05-02-06-02,2026-08-02,122.0,4802.75,96,
DM-05-02-06-02,2026-08-03,130.125,4741.5,96,
DM-05-02-06-02,2026-08-04,114.625,4679.75,96,
DM-05-02-06-02,2026-08-05,120.375,4732.75,96,
DM-05-02-06-02,2026-08-06,106.0,4576.5,96,
DM-05-02-06-02,2026-08-07,118.125,4551.75,96,
DM-05-02-06-02,2026-08-08,113.0,4754.75,96,0.0
DM-05-02-06-02,2026-08-09,122.875,4759.5,96,0.0
DM-05-02-06-02,2026-08-10,113.125,4622.25,96,0.0
DM-05-02-06-02,2026-08-11,118.75,4585.25,96,0.0
DM-05-02-06-02,2026-08-12,120.625,4737.5,96,0.0
DM-05-02-06-02,2026-08-13,126.375,4656.75,96,2.274
DM-05-02-06-02,2026-08-14,115.625,4652.0,96,0.0
DM-05-02-06-02,2026-08-15,120.875,4777.0,96,0.0
DM-05-02-06-02,2026-08-16,105.375,4488.0,96,0.0
DM-05-02-07-01,2026-07-25,105.375,4038.25,96,
DM-05-02-07-01,2026-07-26,99.625,3996.0,96,
DM-05-02-07-01,2026-07-27,104.625,4110.5,96,
DM-05-02-07-01,2026-07-28,107.75,3931.5,96,
DM-05-02-07-01,2026-07-29,104.875,3970.75,96,
DM-05-02-07-01,2026-07-30,109.5,4028.0,96,
DM-05-02-07-01,2026-07-31,97.0,3926.75,96,
DM-05-02-07-01,2026-08-01,109.25,3929.75,96,
DM-05-02-07-01,2026-08-02,95.75,4036.5,96,
DM-05-02-07-01,2026-08-03,104.75,4057.75,96,
DM-05-02-07-01,2026-08-04,95.5,3993.0,96,
DM-05-02-07-01,2026-08-05,101.0,3917.5,96,
DM-05-02-07-01,2026-08-06,91.625,3802.5,96,
DM-05-02-07-01,2026-08-07,96.125,4038.25,96,
DM-05-02-07-01,2026-08-08,111.125,3948.25,96,6.732
DM-05-02-07-01,2026-08-09,109.125,4112.5,96,11.464
DM-05-02-07-01,2026-08-10,100.625,3944.25,96,7.695
DM-05-02-07-01,2026-08-11,112.75,3965.75,96,16.052
DM-05-02-07-01,2026-08-12,104.375,3960.75,96,16.034
DM-05-02-07-01,2026-08-13,103.25,4029.0,96,14.891
DM-05-02-07-01,2026-08-14,106.5,4027.5,96,16.998
DM-05-02-07-01,2026-08-15,109.75,4197.5,96,22.354
DM-05-02-07-01,2026-08-16,107.875,4120.0,96,25.836
DM-05-02-08-01,2026-07-25,64.125,2389.5,96,
DM-05-02-08-01,2026-07-26,64.375,2389.25,96,
DM-05-02-08-01,2026-07-27,59.0,2743.75,96,
DM-05-02-08-01,2026-07-28,62.375,2344.25,96,
DM-05-02-08-01,2026-07-29,62.625,2418.75,96,
DM-05-02-08-01,2026-07-30,59.25,2649.0,96,
DM-05-02-08-01,2026-07-31,60.0,2367.5,96,
DM-05-02-08-01,2026-08-01,63.5,2429.75,96,
DM-05-02-08-01,2026-08-02,61.875,2519.0,96,
DM-05-02-08-01,2026-08-03,61.75,2741.5,96,
DM-05-02-08-01,2026-08-04,60.5,3091.5,96,
DM-05-02-08-01,2026-08-05,69.375,2756.0,96,
DM-05-02-08-01,2026-08-06,61.75,2904.0,96,
DM-05-02-08-01,2026-08-07,70.375,2642.0,96,
DM-05-02-08-01,2026-08-08,62.375,2670.5,96,0.0
DM-05-02-08-01,2026-08-09,73.5,2562.5,96,8.951
DM-05-02-08-01,2026-08-10,62.25,2715.75,96,6.653
DM-05-02-08-01,2026-08-11,69.75,2929.75,96,11.854
DM-05-02-08-01,2026-08-12,66.125,2745.25,96,13.431
DM-05-02-08-01,2026-08-13,70.375,2745.5,96,19.257
DM-05-02-08-01,2026-08-14,62.75,2860.75,96,17.459
DM-05-02-08-01,2026-08-15,66.125,2578.75,96,19.035
DM-05-02-08-01,2026-08-16,68.75,2531.0,96,23.237
DM-05-03-01-02,2026-07-25,78.25,2759.0,96,
DM-05-03-01-02,2026-07-26,73.5,2800.5,96,
DM-05-03-01-02,2026-07-27,70.25,2805.0,96,
DM-05-03-01-02,2026-07-28,69.0,2676.5,96,
DM-05-03-01-02,2026-07-29,68.75,2738.0,96,
DM-05-03-01-02,2026-07-30,68.875,2643.0,96,
DM-05-03-01-02,2026-07-31,74.125,2550.75,96,
DM-05-03-01-02,2026-08-01,61.875,2657.75,96,
DM-05-03-01-02,2026-08-02,71.875,2708.5,96,
DM-05-03-01-02,2026-08-03,68.375,2753.25,96,
DM-05-03-01-02,2026-08-04,70.25,2751.0,96,
DM-05-03-01-02,2026-08-05,70.0,2734.0,96,
DM-05-03-01-02,2026-08-06,82.625,2890.5,96,
DM-05-03-01-02,2026-08-07,72.25,2750.5,96,
DM-05-03-01-02,2026-08-08,74.625,2747.0,96,0.846
DM-05-03-01-02,2026-08-09,71.625,2652.75,96,0.0
DM-05-03-01-02,2026-08-10,79.5,2684.75,96,5.721
DM-05-03-01-02,2026-08-11,82.5,2694.75,96,14.442
DM-05-03-01-02,2026-08-12,72.875,2774.25,96,13.538
DM-05-03-01-02,2026-08-13,65.75,2739.25,96,5.51
DM-05-03-01-02,2026-08-14,68.25,2751.0,96,0.0
DM-05-03-01-02,2026-08-15,75.125,2684.75,96,1.346
DM-05-03-01-02,2026-08-16,74.25,2618.5,96,1.817
DM-05-03-03-01,2026-07-25,44.75,1933.25,96,
DM-05-03-03-01,2026-07-26,46.75,1948.5,96,
DM-05-03-03-01,2026-07-27,45.625,1863.5,96,
DM-05-03-03-01,2026-07-28,44.125,1890.0,96,
DM-05-03-03-01,2026-07-29,49.875,1919.5,96,
DM-05-03-03-01,2026-07-30,44.75,1882.75,96,
DM-05-03-03-01,2026-07-31,45.625,1877.5,96,
DM-05-03-03-01,2026-08-01,44.875,1939.5,96,
DM-05-03-03-01,2026-08-02,42.5,1972.25,96,
DM-05-03-03-01,2026-08-03,48.0,1932.0,96,
DM-05-03-03-01,2026-08-04,45.25,1925.25,96,
DM-05-03-03-01,2026-08-05,46.5,1883.0,96,
DM-05-03-03-01,2026-08-06,43.25,1884.75,96,
DM-05-03-03-01,2026-08-07,45.875,1895.75,96,
DM-05-03-03-01,2026-08-08,44.625,1940.0,96,0.0
DM-05-03-03-01,2026-08-09,49.25,1948.75,96,2.794
DM-05-03-03-01,2026-08-10,45.375,1844.5,96,1.713
DM-05-03-03-01,2026-08-11,46.375,1885.75,96,1.632
DM-05-03-03-01,2026-08-12,45.375,1915.5,96,0.551
DM-05-03-03-01,2026-08-13,47.375,1898.0,96,1.469
DM-05-03-03-01,2026-08-14,45.375,1878.75,96,0.388
DM-05-03-03-01,2026-08-15,46.375,1956.0,96,0.307
DM-05-03-03-01,2026-08-16,43.75,1963.25,96,0.0
DM-05-03-03-02,2026-07-25,34.625,1547.75,96,
DM-05-03-03-02,2026-07-26,36.5,1665.0,96,
DM-05-03-03-02,2026-07-27,38.875,1651.5,96,
DM-05-03-03-02,2026-07-28,41.75,1712.25,96,
DM-05-03-03-02,2026-07-29,38.75,1671.75,96,
DM-05-03-03-02,2026-07-30,36.625,1582.0,96,
DM-05-03-03-02,2026-07-31,38.5,1638.5,96,
DM-05-03-03-02,2026-08-01,38.125,1688.0,96,
DM-05-03-03-02,2026-08-02,37.875,1719.0,96,
DM-05-03-03-02,2026-08-03,37.0,1598.5,96,
DM-05-03-03-02,2026-08-04,35.5,1553.25,96,
DM-05-03-03-02,2026-08-05,33.25,1497.75,96,
DM-05-03-03-02,2026-08-06,39.75,1780.75,96,
DM-05-03-03-02,2026-08-07,43.5,1889.75,96,
DM-05-03-03-02,2026-08-08,46.625,1964.0,96,7.426
DM-05-03-03-02,2026-08-09,44.5,1933.0,96,12.728
DM-05-03-03-02,2026-08-10,40.375,1787.75,96,13.904
DM-05-03-03-02,2026-08-11,40.125,1769.0,96,14.83
DM-05-03-03-02,2026-08-12,37.75,1803.75,96,13.381
DM-05-03-03-02,2026-08-13,42.5,1713.75,96,16.683
DM-05-03-03-02,2026-08-14,39.375,1670.75,96,16.859
DM-05-03-03-02,2026-08-15,39.0,1726.25,96,16.66
DM-05-03-03-02,2026-08-16,39.625,1815.25,96,17.087
DM-05-03-03-03,2026-07-25,57.875,2511.25,96,
DM-05-03-03-03,2026-07-26,57.5,2532.75,96,
DM-05-03-03-03,2026-07-27,56.75,2407.0,96,
DM-05-03-03-03,2026-07-28,61.5,2465.75,96,
DM-05-03-03-03,2026-07-29,59.125,2486.75,96,
DM-05-03-03-03,2026-07-30,57.625,2431.75,96,
DM-05-03-03-03,2026-07-31,58.5,2434.75,96,
DM-05-03-03-03,2026-08-01,57.375,2501.5,96,
DM-05-03-03-03,2026-08-02,59.375,2573.5,96,
DM-05-03-03-03,2026-08-03,59.375,2489.5,96,
DM-05-03-03-03,2026-08-04,58.375,2476.5,96,
DM-05-03-03-03,2026-08-05,55.0,2446.75,96,
DM-05-03-03-03,2026-08-06,57.375,2426.25,96,
DM-05-03-03-03,2026-08-07,57.5,2449.75,96,
DM-05-03-03-03,2026-08-08,61.75,2555.0,96,2.934
DM-05-03-03-03,2026-08-09,60.625,2542.25,96,4.743
DM-05-03-03-03,2026-08-10,57.125,2426.0,96,3.052
DM-05-03-03-03,2026-08-11,56.375,2432.25,96,0.611
DM-05-03-03-03,2026-08-12,56.625,2520.0,96,0.0
DM-05-03-03-03,2026-08-13,60.75,2463.5,96,1.934
DM-05-03-03-03,2026-08-14,57.5,2455.75,96,0.618
DM-05-03-03-03,2026-08-15,58.125,2546.25,96,0.0
DM-05-03-03-03,2026-08-16,57.875,2571.0,96,0.0
DM-05-03-04-02,2026-07-25,62.5,2799.25,96,
DM-05-03-04-02,2026-07-26,65.875,2745.0,96,
DM-05-03-04-02,2026-07-27,59.5,2676.75,96,
DM-05-03-04-02,2026-07-28,58.375,2660.25,96,
DM-05-03-04-02,2026-07-29,65.75,2724.5,96,
DM-05-03-04-02,2026-07-30,59.5,2717.25,96,
DM-05-03-04-02,2026-07-31,63.125,2759.25,96,
DM-05-03-04-02,2026-08-01,62.375,2781.25,96,
DM-05-03-04-02,2026-08-02,64.0,2824.25,96,
DM-05-03-04-02,2026-08-03,60.5,2821.5,96,
DM-05-03-04-02,2026-08-04,67.875,2783.25,96,
DM-05-03-04-02,2026-08-05,64.125,2760.25,96,
DM-05-03-04-02,2026-08-06,56.875,2700.75,96,
DM-05-03-04-02,2026-08-07,63.0,2740.75,96,
DM-05-03-04-02,2026-08-08,62.75,2820.75,96,0.0
DM-05-03-04-02,2026-08-09,67.875,2784.0,96,3.986
DM-05-03-04-02,2026-08-10,65.125,2768.25,96,5.222
DM-05-03-04-02,2026-08-11,59.75,2727.0,96,1.083
DM-05-03-04-02,2026-08-12,64.5,2779.5,96,1.694
DM-05-03-04-02,2026-08-13,66.25,2752.25,96,4.055
DM-05-03-04-02,2026-08-14,57.5,2757.0,96,0.0
DM-05-03-04-02,2026-08-15,61.0,2849.0,96,0.0
DM-05-03-04-02,2026-08-16,65.375,2835.25,96,1.486
DM-05-03-05-01,2026-07-25,15.75,841.25,96,
DM-05-03-05-01,2026-07-26,17.5,883.5,96,
DM-05-03-05-01,2026-07-27,21.875,995.25,96,
DM-05-03-05-01,2026-07-28,19.5,875.25,96,
DM-05-03-05-01,2026-07-29,16.625,919.75,96,
DM-05-03-05-01,2026-07-30,15.5,858.0,96,
DM-05-03-05-01,2026-07-31,17.875,929.25,96,
DM-05-03-05-01,2026-08-01,17.875,943.25,96,
DM-05-03-05-01,2026-08-02,16.875,914.75,96,
DM-05-03-05-01,2026-08-03,16.5,891.25,96,
DM-05-03-05-01,2026-08-04,16.625,945.75,96,
DM-05-03-05-01,2026-08-05,17.625,958.5,96,
DM-05-03-05-01,2026-08-06,18.0,935.0,96,
DM-05-03-05-01,2026-08-07,18.75,909.0,96,
DM-05-03-05-01,2026-08-08,19.375,951.0,96,0.951
DM-05-03-05-01,2026-08-09,17.875,929.25,96,0.401
DM-05-03-05-01,2026-08-10,19.875,912.75,96,1.852
DM-05-03-05-01,2026-08-11,17.125,907.25,96,0.553
DM-05-03-05-01,2026-08-12,19.25,929.75,96,1.378
DM-05-03-05-01,2026-08-13,17.625,877.75,96,0.579
DM-05-03-05-01,2026-08-14,17.625,917.5,96,0.0
DM-05-03-05-01,2026-08-15,19.75,946.75,96,1.326
DM-05-03-05-01,2026-08-16,18.375,855.25,96,1.276
DM-05-03-05-02,2026-07-25,30.5,1395.5,96,
DM-05-03-05-02,2026-07-26,28.875,1448.0,96,
DM-05-03-05-02,2026-07-27,38.125,1603.75,96,
DM-05-03-05-02,2026-07-28,36.25,1421.75,96,
DM-05-03-05-02,2026-07-29,29.75,1526.25,96,
DM-05-03-05-02,2026-07-30,28.625,1400.5,96,
DM-05-03-05-02,2026-07-31,29.375,1510.5,96,
DM-05-03-05-02,2026-08-01,30.125,1538.75,96,
DM-05-03-05-02,2026-08-02,30.5,1518.5,96,
DM-05-03-05-02,2026-08-03,31.125,1438.25,96,
DM-05-03-05-02,2026-08-04,28.125,1505.75,96,
DM-05-03-05-02,2026-08-05,30.75,1524.5,96,
DM-05-03-05-02,2026-08-06,34.25,1529.25,96,
DM-05-03-05-02,2026-08-07,33.25,1503.75,96,
DM-05-03-05-02,2026-08-08,33.75,1526.25,96,0.911
DM-05-03-05-02,2026-08-09,31.5,1530.75,96,0.0
DM-05-03-05-02,2026-08-10,35.5,1460.0,96,2.661
DM-05-03-05-02,2026-08-11,33.25,1544.25,96,3.072
DM-05-03-05-02,2026-08-12,35.375,1534.75,96,5.608
DM-05-03-05-02,2026-08-13,36.375,1438.0,96,9.144
DM-05-03-05-02,2026-08-14,30.125,1523.0,96,6.43
DM-05-03-05-02,2026-08-15,39.125,1551.25,96,12.716
DM-05-03-05-02,2026-08-16,37.25,1424.0,96,17.127
DM-05-03-06-01,2026-07-25,68.375,2468.5,96,
DM-05-03-06-01,2026-07-26,60.25,2501.25,96,
DM-05-03-06-01,2026-07-27,63.75,2478.25,96,
DM-05-03-06-01,2026-07-28,61.375,2467.5,96,
DM-05-03-06-01,2026-07-29,64.625,2403.5,96,
DM-05-03-06-01,2026-07-30,62.0,2405.75,96,
DM-05-03-06-01,2026-07-31,62.125,2449.5,96,
DM-05-03-06-01,2026-08-01,62.0,2453.75,96,
DM-05-03-06-01,2026-08-02,63.0,2443.0,96,
DM-05-03-06-01,2026-08-03,62.5,2795.0,96,
DM-05-03-06-01,2026-08-04,63.125,2478.25,96,
DM-05-03-06-01,2026-08-05,76.375,2475.0,96,
DM-05-03-06-01,2026-08-06,58.875,2377.5,96,
DM-05-03-06-01,2026-08-07,58.875,2423.75,96,
DM-05-03-06-01,2026-08-08,54.0,1913.62,96,0.0
DM-05-03-06-01,2026-08-09,57.5,2041.75,96,0.0
DM-05-03-06-01,2026-08-10,57.375,1995.25,96,0.0
DM-05-03-06-01,2026-08-11,52.5,2007.5,96,0.0
DM-05-03-06-01,2026-08-12,54.625,2041.75,96,0.0
DM-05-03-06-01,2026-08-13,57.625,2021.75,96,0.0
DM-05-03-06-01,2026-08-14,52.75,2040.75,96,0.0
DM-05-03-06-01,2026-08-15,50.625,2026.25,96,0.0
DM-05-03-06-01,2026-08-16,50.625,2059.75,96,0.0
DM-05-04-01-01,2026-07-25,26.25,1196.75,96,
DM-05-04-01-01,2026-07-26,22.75,1187.0,96,
DM-05-04-01-01,2026-07-27,22.25,1153.25,96,
DM-05-04-01-01,2026-07-28,22.5,1170.75,96,
DM-05-04-01-01,2026-07-29,25.25,1180.0,96,
DM-05-04-01-01,2026-07-30,22.875,1148.0,96,
DM-05-04-01-01,2026-07-31,22.125,1146.75,96,
DM-05-04-01-01,2026-08-01,26.0,1202.5,96,
DM-05-04-01-01,2026-08-02,25.25,1243.25,96,
DM-05-04-01-01,2026-08-03,23.625,1187.25,96,
DM-05-04-01-01,2026-08-04,22.625,1169.25,96,
DM-05-04-01-01,2026-08-05,23.125,1178.25,96,
DM-05-04-01-01,2026-08-06,22.5,1175.5,96,
DM-05-04-01-01,2026-08-07,26.0,1206.25,96,
DM-05-04-01-01,2026-08-08,24.25,1215.75,96,0.0
DM-05-04-01-01,2026-08-09,27.875,1235.5,96,3.321
DM-05-04-01-01,2026-08-10,24.0,1191.25,96,2.767
DM-05-04-01-01,2026-08-11,24.875,1174.0,96,3.088
DM-05-04-01-01,2026-08-12,24.25,1240.25,96,2.784
DM-05-04-01-01,2026-08-13,24.0,1188.75,96,2.229
DM-05-04-01-01,2026-08-14,24.75,1206.0,96,2.425
DM-05-04-01-01,2026-08-15,25.5,1259.0,96,3.371
DM-05-04-01-01,2026-08-16,28.75,1252.5,96,7.567
DM-05-04-02-01,2026-07-25,65.125,2874.0,96,
DM-05-04-02-01,2026-07-26,65.125,2838.5,96,
DM-05-04-02-01,2026-07-27,64.25,2813.75,96,
DM-05-04-02-01,2026-07-28,65.875,2813.0,96,
DM-05-04-02-01,2026-07-29,65.625,2823.0,96,
DM-05-04-02-01,2026-07-30,61.5,2824.5,96,
DM-05-04-02-01,2026-07-31,63.75,2818.75,96,
DM-05-04-02-01,2026-08-01,62.875,2829.0,96,
DM-05-04-02-01,2026-08-02,63.75,2863.25,96,
DM-05-04-02-01,2026-08-03,65.625,2888.0,96,
DM-05-04-02-01,2026-08-04,65.125,2897.25,96,
DM-05-04-02-01,2026-08-05,60.875,2840.75,96,
DM-05-04-02-01,2026-08-06,59.5,2802.5,96,
DM-05-04-02-01,2026-08-07,61.5,2852.25,96,
DM-05-04-02-01,2026-08-08,63.75,2900.25,96,0.0
DM-05-04-02-01,2026-08-09,68.5,2895.0,96,3.907
DM-05-04-02-01,2026-08-10,62.75,2886.25,96,2.064
DM-05-04-02-01,2026-08-11,60.75,2802.0,96,0.0
DM-05-04-02-01,2026-08-12,63.5,2845.25,96,0.0
DM-05-04-02-01,2026-08-13,62.625,2811.75,96,0.0
DM-05-04-02-01,2026-08-14,57.375,2823.25,96,0.0
DM-05-04-02-01,2026-08-15,60.125,2830.5,96,0.0
DM-05-04-02-01,2026-08-16,62.375,2846.25,96,0.0
DM-05-04-03-01,2026-07-25,76.125,3338.0,96,
DM-05-04-03-01,2026-07-26,77.875,3303.0,96,
DM-05-04-03-01,2026-07-27,82.125,3340.5,96,
DM-05-04-03-01,2026-07-28,91.375,3521.0,96,
DM-05-04-03-01,2026-07-29,85.125,3607.0,96,
DM-05-04-03-01,2026-07-30,81.125,3509.25,96,
DM-05-04-03-01,2026-07-31,86.125,3541.75,96,
DM-05-04-03-01,2026-08-01,85.0,3631.25,96,
DM-05-04-03-01,2026-08-02,84.0,3648.25,96,
DM-05-04-03-01,2026-08-03,82.875,3636.5,96,
DM-05-04-03-01,2026-08-04,86.25,3590.0,96,
DM-05-04-03-01,2026-08-05,80.875,3620.25,96,
DM-05-04-03-01,2026-08-06,86.0,3587.5,96,
DM-05-04-03-01,2026-08-07,88.125,3644.5,96,
DM-05-04-03-01,2026-08-08,94.5,3742.0,96,8.783
DM-05-04-03-01,2026-08-09,91.75,3778.25,96,14.815
DM-05-04-03-01,2026-08-10,92.375,3704.5,96,21.473
DM-05-04-03-01,2026-08-11,84.5,3647.5,96,20.256
DM-05-04-03-01,2026-08-12,87.875,3920.5,96,22.413
DM-05-04-03-01,2026-08-13,87.625,3683.75,96,24.321
DM-05-04-03-01,2026-08-14,84.875,3698.0,96,23.478
DM-05-04-03-01,2026-08-15,88.75,3773.0,96,26.511
DM-05-04-03-01,2026-08-16,86.625,3688.75,96,27.419
DM-05-04-06-02,2026-07-25,58.75,2574.75,96,
DM-05-04-06-02,2026-07-26,61.625,2532.75,96,
DM-05-04-06-02,2026-07-27,58.625,2561.25,96,
DM-05-04-06-02,2026-07-28,61.875,2507.75,96,
DM-05-04-06-02,2026-07-29,62.125,2621.75,96,
DM-05-04-06-02,2026-07-30,62.375,2538.25,96,
DM-05-04-06-02,2026-07-31,62.25,2570.5,96,
DM-05-04-06-02,2026-08-01,64.125,2608.25,96,
DM-05-04-06-02,2026-08-02,63.125,2625.0,96,
DM-05-04-06-02,2026-08-03,61.625,2648.25,96,
DM-05-04-06-02,2026-08-04,61.125,2597.0,96,
DM-05-04-06-02,2026-08-05,63.5,2620.0,96,
DM-05-04-06-02,2026-08-06,61.375,2578.75,96,
DM-05-04-06-02,2026-08-07,62.75,2576.0,96,
DM-05-04-06-02,2026-08-08,63.0,2629.0,96,0.444
DM-05-04-06-02,2026-08-09,64.0,2597.5,96,1.889
DM-05-04-06-02,2026-08-10,61.75,2583.0,96,1.083
DM-05-04-06-02,2026-08-11,63.25,2569.75,96,1.777
DM-05-04-06-02,2026-08-12,60.875,2586.0,96,0.097
DM-05-04-06-02,2026-08-13,59.125,2584.25,96,0.0
DM-05-04-06-02,2026-08-14,61.25,2709.5,96,0.0
DM-05-04-06-02,2026-08-15,60.875,2639.5,96,0.0
DM-05-04-06-02,2026-08-16,61.875,2652.0,96,0.0
DM-05-04-06-03,2026-07-25,36.0,1477.75,96,
DM-05-04-06-03,2026-07-26,36.75,1494.25,96,
DM-05-04-06-03,2026-07-27,36.625,1467.5,96,
DM-05-04-06-03,2026-07-28,37.5,1478.25,96,
DM-05-04-06-03,2026-07-29,38.125,1497.75,96,
DM-05-04-06-03,2026-07-30,36.25,1405.25,96,
DM-05-04-06-03,2026-07-31,38.625,1468.25,96,
DM-05-04-06-03,2026-08-01,38.0,1522.75,96,
DM-05-04-06-03,2026-08-02,36.875,1522.0,96,
DM-05-04-06-03,2026-08-03,37.0,1489.25,96,
DM-05-04-06-03,2026-08-04,36.5,1465.25,96,
DM-05-04-06-03,2026-08-05,38.75,1480.0,96,
DM-05-04-06-03,2026-08-06,33.75,1463.5,96,
DM-05-04-06-03,2026-08-07,40.375,1485.0,96,
DM-05-04-06-03,2026-08-08,39.375,1564.0,96,1.402
DM-05-04-06-03,2026-08-09,39.625,1558.5,96,3.053
DM-05-04-06-03,2026-08-10,40.875,1498.5,96,5.955
DM-05-04-06-03,2026-08-11,40.25,1501.75,96,8.232
DM-05-04-06-03,2026-08-12,38.0,1559.0,96,8.259
DM-05-04-06-03,2026-08-13,38.25,1500.75,96,8.535
DM-05-04-06-03,2026-08-14,37.125,1336.75,96,7.687
DM-05-04-06-03,2026-08-15,38.375,1558.25,96,8.089
DM-05-04-06-03,2026-08-16,39.125,1630.0,96,9.24
DM-05-04-07-02,2026-07-25,65.625,2802.0,96,
DM-05-04-07-02,2026-07-26,68.375,2763.0,96,
DM-05-04-07-02,2026-07-27,64.5,2780.25,96,
DM-05-04-07-02,2026-07-28,67.625,2720.0,96,
DM-05-04-07-02,2026-07-29,68.375,2844.0,96,
DM-05-04-07-02,2026-07-30,69.875,2783.25,96,
DM-05-04-07-02,2026-07-31,67.5,2793.0,96,
DM-05-04-07-02,2026-08-01,71.5,2825.0,96,
DM-05-04-07-02,2026-08-02,69.5,2852.0,96,
DM-05-04-07-02,2026-08-03,67.875,2884.75,96,
DM-05-04-07-02,2026-08-04,68.625,2859.75,96,
DM-05-04-07-02,2026-08-05,69.25,2846.75,96,
DM-05-04-07-02,2026-08-06,68.25,2802.75,96,
DM-05-04-07-02,2026-08-07,67.5,2796.0,96,
DM-05-04-07-02,2026-08-08,68.25,2817.75,96,0.0
DM-05-04-07-02,2026-08-09,69.375,2800.75,96,0.377
DM-05-04-07-02,2026-08-10,67.0,2792.75,96,0.0
DM-05-04-07-02,2026-08-11,68.625,2779.25,96,0.0
DM-05-04-07-02,2026-08-12,66.125,2778.25,96,0.0
DM-05-04-07-02,2026-08-13,64.625,2791.25,96,0.0
DM-05-04-07-02,2026-08-14,66.625,2537.25,96,0.0
DM-05-04-07-02,2026-08-15,65.625,2824.75,96,0.0
DM-05-04-07-02,2026-08-16,66.125,2811.75,96,0.0
DM-05-04-08-02,2026-07-25,89.5,3819.0,96,
DM-05-04-08-02,2026-07-26,91.125,3757.0,96,
DM-05-04-08-02,2026-07-27,87.875,3760.25,96,
DM-05-04-08-02,2026-07-28,93.0,3667.25,96,
DM-05-04-08-02,2026-07-29,86.375,3801.75,96,
DM-05-04-08-02,2026-07-30,93.375,3673.25,96,
DM-05-04-08-02,2026-07-31,88.5,3756.5,96,
DM-05-04-08-02,2026-08-01,95.625,3858.75,96,
DM-05-04-08-02,2026-08-02,94.125,3887.0,96,
DM-05-04-08-02,2026-08-03,90.875,3866.5,96,
DM-05-04-08-02,2026-08-04,91.25,3864.25,96,
DM-05-04-08-02,2026-08-05,93.75,3880.75,96,
DM-05-04-08-02,2026-08-06,92.375,3764.75,96,
DM-05-04-08-02,2026-08-07,92.625,3835.25,96,
DM-05-04-08-02,2026-08-08,94.375,3889.75,96,1.654
DM-05-04-08-02,2026-08-09,94.125,3801.25,96,3.058
DM-05-04-08-02,2026-08-10,90.0,3759.75,96,0.336
DM-05-04-08-02,2026-08-11,92.375,3757.0,96,0.0
DM-05-04-08-02,2026-08-12,91.5,3823.75,96,0.0
DM-05-04-08-02,2026-08-13,88.5,3766.25,96,0.0
DM-05-04-08-02,2026-08-14,87.375,1779.5,96,0.0
DM-05-04-08-02,2026-08-15,12.375,1269.75,96,0.0
DM-05-04-08-02,2026-08-16,7.875,1276.25,96,0.0
DM-05-04-10-04,2026-07-25,50.0,2372.0,96,
DM-05-04-10-04,2026-07-26,49.375,2215.75,96,
DM-05-04-10-04,2026-07-27,46.25,2333.5,96,
DM-05-04-10-04,2026-07-28,48.25,2194.5,96,
DM-05-04-10-04,2026-07-29,45.75,2325.0,96,
DM-05-04-10-04,2026-07-30,46.375,2384.5,96,
DM-05-04-10-04,2026-07-31,48.0,2375.75,96,
DM-05-04-10-04,2026-08-01,49.25,2430.0,96,
DM-05-04-10-04,2026-08-02,50.125,2381.25,96,
DM-05-04-10-04,2026-08-03,50.125,2482.25,96,
DM-05-04-10-04,2026-08-04,52.0,2470.5,96,
DM-05-04-10-04,2026-08-05,48.625,2408.5,96,
DM-05-04-10-04,2026-08-06,50.125,2435.25,96,
DM-05-04-10-04,2026-08-07,49.625,2454.25,96,
DM-05-04-10-04,2026-08-08,52.875,2381.75,96,3.173
DM-05-04-10-04,2026-08-09,50.625,2307.25,96,4.097
DM-05-04-10-04,2026-08-10,49.75,2447.25,96,4.145
DM-05-04-10-04,2026-08-11,48.625,2407.5,96,3.068
DM-05-04-10-04,2026-08-12,48.5,2339.25,96,1.867
DM-05-04-10-04,2026-08-13,48.5,2518.75,96,0.665
DM-05-04-10-04,2026-08-14,51.625,2441.0,96,2.589
DM-05-04-10-04,2026-08-15,49.5,2398.75,96,2.387
DM-05-04-10-04,2026-08-16,47.625,2323.75,96,0.31
DM-05-04-11-01,2026-07-25,22.5,1078.0,96,
DM-05-04-11-01,2026-07-26,23.0,1150.75,96,
DM-05-04-11-01,2026-07-27,21.0,1069.5,96,
DM-05-04-11-01,2026-07-28,21.375,1055.75,96,
DM-05-04-11-01,2026-07-29,28.0,1114.25,96,
DM-05-04-11-01,2026-07-30,34.125,1162.0,96,
DM-05-04-11-01,2026-07-31,19.75,1118.5,96,
DM-05-04-11-01,2026-08-01,25.375,1066.5,96,
DM-05-04-11-01,2026-08-02,23.375,1078.5,96,
DM-05-04-11-01,2026-08-03,23.875,1147.0,96,
DM-05-04-11-01,2026-08-04,22.625,1209.75,96,
DM-05-04-11-01,2026-08-05,25.875,1233.5,96,
DM-05-04-11-01,2026-08-06,21.625,1109.5,96,
DM-05-04-11-01,2026-08-07,36.0,1147.75,96,
DM-05-04-11-01,2026-08-08,37.25,1180.25,96,10.035
DM-05-04-11-01,2026-08-09,26.75,1069.0,96,9.571
DM-05-04-11-01,2026-08-10,22.875,1159.0,96,5.231
DM-05-04-11-01,2026-08-11,23.375,1109.75,96,1.391
DM-05-04-11-01,2026-08-12,33.625,1180.0,96,7.801
DM-05-04-11-01,2026-08-13,39.125,1194.75,96,19.712
DM-05-04-11-01,2026-08-14,25.625,1099.75,96,18.122
DM-05-04-11-01,2026-08-15,21.5,1143.25,96,12.407
DM-05-04-11-01,2026-08-16,31.375,1097.5,96,16.567
DM-05-05-02-02,2026-07-25,63.25,2689.0,96,
DM-05-05-02-02,2026-07-26,51.0,2737.0,96,
DM-05-05-02-02,2026-07-27,50.125,2581.5,96,
DM-05-05-02-02,2026-07-28,56.625,2449.75,96,
DM-05-05-02-02,2026-07-29,44.125,2444.75,96,
DM-05-05-02-02,2026-07-30,64.75,2533.0,96,
DM-05-05-02-02,2026-07-31,46.75,2497.0,96,
DM-05-05-02-02,2026-08-01,58.625,2697.75,96,
DM-05-05-02-02,2026-08-02,70.25,2890.0,96,
DM-05-05-02-02,2026-08-03,65.5,2849.25,96,
DM-05-05-02-02,2026-08-04,52.25,2804.25,96,
DM-05-05-02-02,2026-08-05,53.625,2703.75,96,
DM-05-05-02-02,2026-08-06,48.625,2682.75,96,
DM-05-05-02-02,2026-08-07,59.875,2518.5,96,
DM-05-05-02-02,2026-08-08,55.75,2511.75,96,0.0
DM-05-05-02-02,2026-08-09,66.125,2638.25,96,6.236
DM-05-05-02-02,2026-08-10,46.125,2615.75,96,0.0
DM-05-05-02-02,2026-08-11,53.125,2621.5,96,0.0
DM-05-05-02-02,2026-08-12,46.375,2388.75,96,0.0
DM-05-05-02-02,2026-08-13,40.875,2519.25,96,0.0
DM-05-05-02-02,2026-08-14,59.125,2478.5,96,0.0
DM-05-05-02-02,2026-08-15,53.75,2491.75,96,0.0
DM-05-05-02-02,2026-08-16,57.125,2742.5,96,0.0
DM-05-05-03-01,2026-07-25,33.375,1584.75,96,
DM-05-05-03-01,2026-07-26,34.375,1688.5,96,
DM-05-05-03-01,2026-07-27,32.625,1577.5,96,
DM-05-05-03-01,2026-07-28,37.25,1623.75,96,
DM-05-05-03-01,2026-07-29,32.625,1611.25,96,
DM-05-05-03-01,2026-07-30,32.125,1543.0,96,
DM-05-05-03-01,2026-07-31,36.0,1560.75,96,
DM-05-05-03-01,2026-08-01,33.0,1596.5,96,
DM-05-05-03-01,2026-08-02,34.5,1712.75,96,
DM-05-05-03-01,2026-08-03,32.375,1656.75,96,
DM-05-05-03-01,2026-08-04,32.25,1627.25,96,
DM-05-05-03-01,2026-08-05,33.625,1631.5,96,
DM-05-05-03-01,2026-08-06,34.625,1621.5,96,
DM-05-05-03-01,2026-08-07,34.375,1619.0,96,
DM-05-05-03-01,2026-08-08,33.875,1678.75,96,0.0
DM-05-05-03-01,2026-08-09,33.5,1676.25,96,0.0
DM-05-05-03-01,2026-08-10,36.625,1607.25,96,2.105
DM-05-05-03-01,2026-08-11,36.5,1629.0,96,4.086
DM-05-05-03-01,2026-08-12,32.25,1645.75,96,1.816
DM-05-05-03-01,2026-08-13,35.75,1598.75,96,3.047
DM-05-05-03-01,2026-08-14,34.75,1634.25,96,3.277
DM-05-05-03-01,2026-08-15,44.5,1708.0,96,13.258
DM-05-05-03-01,2026-08-16,34.875,1662.25,96,13.613
DM-05-05-07-01,2026-07-25,55.75,3021.0,96,
DM-05-05-07-01,2026-07-26,69.125,2902.5,96,
DM-05-05-07-01,2026-07-27,55.125,2908.5,96,
DM-05-05-07-01,2026-07-28,53.875,2739.75,96,
DM-05-05-07-01,2026-07-29,50.375,2855.0,96,
DM-05-05-07-01,2026-07-30,78.5,2868.75,96,
DM-05-05-07-01,2026-07-31,60.125,2795.25,96,
DM-05-05-07-01,2026-08-01,65.75,3009.5,96,
DM-05-05-07-01,2026-08-02,78.875,2983.5,96,
DM-05-05-07-01,2026-08-03,67.375,3041.5,96,
DM-05-05-07-01,2026-08-04,58.625,2922.0,96,
DM-05-05-07-01,2026-08-05,54.75,2859.25,96,
DM-05-05-07-01,2026-08-06,66.0,2885.0,96,
DM-05-05-07-01,2026-08-07,73.875,2984.25,96,
DM-05-05-07-01,2026-08-08,73.25,3020.0,96,5.313
DM-05-05-07-01,2026-08-09,88.875,2975.25,96,26.251
DM-05-05-07-01,2026-08-10,81.25,3051.5,96,39.564
DM-05-05-07-01,2026-08-11,81.625,2871.25,96,53.252
DM-05-05-07-01,2026-08-12,58.375,2993.75,96,43.69
DM-05-05-07-01,2026-08-13,61.125,3086.75,96,36.878
DM-05-05-07-01,2026-08-14,56.25,2911.0,96,25.191
DM-05-05-07-01,2026-08-15,63.625,2975.75,96,20.879
DM-05-05-07-01,2026-08-16,68.875,3074.5,96,21.817
DM-05-05-07-02,2026-07-25,58.125,2692.25,96,
DM-05-05-07-02,2026-07-26,58.5,2714.5,96,
DM-05-05-07-02,2026-07-27,49.375,2577.5,96,
DM-05-05-07-02,2026-07-28,54.0,2784.75,96,
DM-05-05-07-02,2026-07-29,48.875,2640.25,96,
DM-05-05-07-02,2026-07-30,53.375,2625.25,96,
DM-05-05-07-02,2026-07-31,60.875,2718.0,96,
DM-05-05-07-02,2026-08-01,49.75,2613.75,96,
DM-05-05-07-02,2026-08-02,52.375,2846.25,96,
DM-05-05-07-02,2026-08-03,57.75,2752.5,96,
DM-05-05-07-02,2026-08-04,58.375,2727.0,96,
DM-05-05-07-02,2026-08-05,63.5,2734.5,96,
DM-05-05-07-02,2026-08-06,58.875,2732.0,96,
DM-05-05-07-02,2026-08-07,51.875,2788.0,96,
DM-05-05-07-02,2026-08-08,69.875,2742.0,96,12.247
DM-05-05-07-02,2026-08-09,54.125,2849.25,96,8.744
DM-05-05-07-02,2026-08-10,66.875,2635.75,96,17.991
DM-05-05-07-02,2026-08-11,35.875,2771.75,96,0.0
DM-05-05-07-02,2026-08-12,68.875,3170.5,96,11.247
DM-05-05-07-02,2026-08-13,134.0,2782.75,96,87.619
DM-05-05-07-02,2026-08-14,136.25,2675.0,96,166.241
DM-05-05-07-02,2026-08-15,138.125,2726.75,96,246.739
DM-05-05-07-02,2026-08-16,69.75,2731.5,96,258.861
DM-05-05-08-01,2026-07-25,101.875,4217.25,96,
DM-05-05-08-01,2026-07-26,95.25,4209.75,96,
DM-05-05-08-01,2026-07-27,94.0,4387.25,96,
DM-05-05-08-01,2026-07-28,110.875,4122.25,96,
DM-05-05-08-01,2026-07-29,91.5,4031.5,96,
DM-05-05-08-01,2026-07-30,84.625,4271.25,96,
DM-05-05-08-01,2026-07-31,91.375,4151.75,96,
DM-05-05-08-01,2026-08-01,86.0,3993.0,96,
DM-05-05-08-01,2026-08-02,87.125,3987.75,96,
DM-05-05-08-01,2026-08-03,95.0,4365.25,96,
DM-05-05-08-01,2026-08-04,86.625,4221.5,96,
DM-05-05-08-01,2026-08-05,77.0,4194.5,96,
DM-05-05-08-01,2026-08-06,95.75,4184.0,96,
DM-05-05-08-01,2026-08-07,87.25,4108.25,96,
DM-05-05-08-01,2026-08-08,96.0,3979.25,96,0.3
DM-05-05-08-01,2026-08-09,90.375,3833.0,96,0.0
DM-05-05-08-01,2026-08-10,101.875,4185.75,96,6.175
DM-05-05-08-01,2026-08-11,84.25,4083.5,96,0.0
DM-05-05-08-01,2026-08-12,95.375,3913.75,96,0.0
DM-05-05-08-01,2026-08-13,84.25,4121.25,96,0.0
DM-05-05-08-01,2026-08-14,88.625,4198.25,96,0.0
DM-05-05-08-01,2026-08-15,89.875,3929.0,96,0.0
DM-05-05-08-01,2026-08-16,80.5,3835.75,96,0.0
DM-05-05-09-01,2026-07-25,83.875,3156.0,96,
DM-05-05-09-01,2026-07-26,78.125,3192.5,96,
DM-05-05-09-01,2026-07-27,73.5,3033.0,96,
DM-05-05-09-01,2026-07-28,79.875,3029.75,96,
DM-05-05-09-01,2026-07-29,72.0,2964.75,96,
DM-05-05-09-01,2026-07-30,67.25,2848.0,96,
DM-05-05-09-01,2026-07-31,67.25,2660.25,96,
DM-05-05-09-01,2026-08-01,61.25,2592.0,96,
DM-05-05-09-01,2026-08-02,58.875,2614.5,96,
DM-05-05-09-01,2026-08-03,59.625,2607.5,96,
DM-05-05-09-01,2026-08-04,64.0,2616.0,96,
DM-05-05-09-01,2026-08-05,56.875,2601.0,96,
DM-05-05-09-01,2026-08-06,58.75,2587.75,96,
DM-05-05-09-01,2026-08-07,60.875,2566.5,96,
DM-05-05-09-01,2026-08-08,66.125,2671.75,96,0.0
DM-05-05-09-01,2026-08-09,62.875,2510.0,96,0.0
DM-05-05-09-01,2026-08-10,62.0,2504.25,96,0.0
DM-05-05-09-01,2026-08-11,49.25,2444.25,96,0.0
DM-05-05-09-01,2026-08-12,60.375,2602.0,96,0.0
DM-05-05-09-01,2026-08-13,51.5,2445.0,96,0.0
DM-05-05-09-01,2026-08-14,53.625,2555.25,96,0.0
DM-05-05-09-01,2026-08-15,64.125,2643.0,96,0.0
DM-05-05-09-01,2026-08-16,58.25,2543.75,96,0.0
DM-05-05-09-02,2026-07-25,42.0,1767.25,96,
DM-05-05-09-02,2026-07-26,33.125,1762.75,96,
DM-05-05-09-02,2026-07-27,36.125,1702.0,96,
DM-05-05-09-02,2026-07-28,45.125,1833.75,96,
DM-05-05-09-02,2026-07-29,41.875,1831.0,96,
DM-05-05-09-02,2026-07-30,42.0,1823.0,96,
DM-05-05-09-02,2026-07-31,38.0,1684.0,96,
DM-05-05-09-02,2026-08-01,38.75,1668.0,96,
DM-05-05-09-02,2026-08-02,39.875,1767.75,96,
DM-05-05-09-02,2026-08-03,36.625,1756.0,96,
DM-05-05-09-02,2026-08-04,38.25,1701.5,96,
DM-05-05-09-02,2026-08-05,34.125,1725.75,96,
DM-05-05-09-02,2026-08-06,39.0,1697.0,96,
DM-05-05-09-02,2026-08-07,37.0,1642.25,96,
DM-05-05-09-02,2026-08-08,39.25,1719.75,96,0.0
DM-05-05-09-02,2026-08-09,37.375,1642.5,96,0.0
DM-05-05-09-02,2026-08-10,36.375,1626.5,96,0.0
DM-05-05-09-02,2026-08-11,31.25,1546.25,96,0.0
DM-05-05-09-02,2026-08-12,40.375,1734.0,96,0.082
DM-05-05-09-02,2026-08-13,30.75,1586.5,96,0.0
DM-05-05-09-02,2026-08-14,31.125,1685.75,96,0.0
DM-05-05-09-02,2026-08-15,41.625,1708.0,96,1.332
DM-05-05-09-02,2026-08-16,34.625,1628.25,96,0.0
DM-05-05-09-03,2026-07-25,41.75,1700.25,96,
DM-05-05-09-03,2026-07-26,45.125,1701.75,96,
DM-05-05-09-03,2026-07-27,41.625,1707.75,96,
DM-05-05-09-03,2026-07-28,41.5,1622.25,96,
DM-05-05-09-03,2026-07-29,43.0,1607.5,96,
DM-05-05-09-03,2026-07-30,40.125,1569.0,96,
DM-05-05-09-03,2026-07-31,38.875,1572.5,96,
DM-05-05-09-03,2026-08-01,37.0,1480.5,96,
DM-05-05-09-03,2026-08-02,35.875,1465.75,96,
DM-05-05-09-03,2026-08-03,37.125,1573.0,96,
DM-05-05-09-03,2026-08-04,34.875,1576.25,96,
DM-05-05-09-03,2026-08-05,38.25,1606.5,96,
DM-05-05-09-03,2026-08-06,33.625,1506.25,96,
DM-05-05-09-03,2026-08-07,38.625,1550.5,96,
DM-05-05-09-03,2026-08-08,37.625,1512.75,96,0.0
DM-05-05-09-03,2026-08-09,39.75,1489.25,96,0.0
DM-05-05-09-03,2026-08-10,37.75,1525.25,96,0.0
DM-05-05-09-03,2026-08-11,38.875,1511.5,96,0.0
DM-05-05-09-03,2026-08-12,30.75,1464.25,96,0.0
DM-05-05-09-03,2026-08-13,37.75,1531.0,96,0.0
DM-05-05-09-03,2026-08-14,32.75,1590.0,96,0.0
DM-05-05-09-03,2026-08-15,37.5,1571.5,96,0.0
DM-05-05-09-03,2026-08-16,35.5,1503.25,96,0.0
DM-05-05-10-01,2026-07-25,68.375,2381.5,96,
DM-05-05-10-01,2026-07-26,67.0,2331.5,96,
DM-05-05-10-01,2026-07-27,70.625,2588.75,96,
DM-05-05-10-01,2026-07-28,65.0,1859.25,96,
DM-05-05-10-01,2026-07-29,49.875,1732.0,96,
DM-05-05-10-01,2026-07-30,45.5,2023.0,96,
DM-05-05-10-01,2026-07-31,43.25,2037.5,96,
DM-05-05-10-01,2026-08-01,52.625,1840.0,96,
DM-05-05-10-01,2026-08-02,45.125,1561.0,96,
DM-05-05-10-01,2026-08-03,43.0,2113.5,96,
DM-05-05-10-01,2026-08-04,46.375,2118.0,96,
DM-05-05-10-01,2026-08-05,49.5,2152.5,96,
DM-05-05-10-01,2026-08-06,45.5,2105.5,96,
DM-05-05-10-01,2026-08-07,50.25,2112.75,96,
DM-05-05-10-01,2026-08-08,49.5,1830.75,96,0.0
DM-05-05-10-01,2026-08-09,52.0,1717.75,96,0.0
DM-05-05-10-01,2026-08-10,49.375,2134.0,96,0.0
DM-05-05-10-01,2026-08-11,54.375,2126.75,96,0.0
DM-05-05-10-01,2026-08-12,48.625,1719.0,96,0.0
DM-05-05-10-01,2026-08-13,47.875,2130.0,96,0.0
DM-05-05-10-01,2026-08-14,45.625,2080.25,96,0.0
DM-05-05-10-01,2026-08-15,49.375,1885.25,96,0.0
DM-05-05-10-01,2026-08-16,48.0,1762.5,96,0.0
DM-05-05-11-01,2026-07-25,18.625,1386.5,96,
DM-05-05-11-01,2026-07-26,20.5,1063.75,96,
DM-05-05-11-01,2026-07-27,16.0,1342.25,96,
DM-05-05-11-01,2026-07-28,7.375,865.25,96,
DM-05-05-11-01,2026-07-29,31.25,1106.75,96,
DM-05-05-11-01,2026-07-30,30.0,1247.5,96,
DM-05-05-11-01,2026-07-31,14.0,1211.25,96,
DM-05-05-11-01,2026-08-01,24.5,1288.25,96,
DM-05-05-11-01,2026-08-02,6.25,1125.5,96,
DM-05-05-11-01,2026-08-03,19.5,1317.5,96,
DM-05-05-11-01,2026-08-04,15.125,1252.25,96,
DM-05-05-11-01,2026-08-05,16.125,1319.75,96,
DM-05-05-11-01,2026-08-06,13.0,1238.0,96,
DM-05-05-11-01,2026-08-07,20.875,1340.5,96,
DM-05-05-11-01,2026-08-08,28.375,1308.0,96,6.793
DM-05-05-11-01,2026-08-09,32.875,1130.25,96,18.086
DM-05-05-11-01,2026-08-10,20.875,1249.75,96,17.379
DM-05-05-11-01,2026-08-11,20.25,1294.5,96,16.047
DM-05-05-11-01,2026-08-12,18.0,1062.5,96,12.465
DM-05-05-11-01,2026-08-13,12.25,1290.5,96,3.133
DM-05-05-11-01,2026-08-14,23.625,1354.5,96,5.177
DM-05-05-11-01,2026-08-15,26.125,1356.75,96,9.72
DM-05-05-11-01,2026-08-16,21.125,1127.5,96,9.263
DM-05-05-14-01,2026-07-25,32.625,1666.0,96,
DM-05-05-14-01,2026-07-26,32.5,1660.25,96,
DM-05-05-14-01,2026-07-27,36.625,1758.25,96,
DM-05-05-14-01,2026-07-28,34.5,1706.0,96,
DM-05-05-14-01,2026-07-29,35.625,1625.5,96,
DM-05-05-14-01,2026-07-30,36.125,1776.75,96,
DM-05-05-14-01,2026-07-31,31.875,1855.75,96,
DM-05-05-14-01,2026-08-01,35.5,1685.0,96,
DM-05-05-14-01,2026-08-02,33.375,1704.0,96,
DM-05-05-14-01,2026-08-03,38.625,1813.25,96,
DM-05-05-14-01,2026-08-04,33.25,1866.0,96,
DM-05-05-14-01,2026-08-05,36.75,1819.75,96,
DM-05-05-14-01,2026-08-06,42.5,1950.5,96,
DM-05-05-14-01,2026-08-07,42.0,1931.75,96,
DM-05-05-14-01,2026-08-08,44.25,1906.5,96,6.801
DM-05-05-14-01,2026-08-09,49.25,1870.75,96,18.602
DM-05-05-14-01,2026-08-10,36.75,1800.25,96,17.902
DM-05-05-14-01,2026-08-11,35.125,1953.75,96,15.578
DM-05-05-14-01,2026-08-12,36.5,1786.75,96,14.629
DM-05-05-14-01,2026-08-13,43.625,1880.25,96,20.805
DM-05-05-14-01,2026-08-14,37.125,1908.0,96,20.481
DM-05-05-14-01,2026-08-15,34.0,1742.0,96,17.031
DM-05-05-14-01,2026-08-16,35.125,1729.75,96,14.707
DM-06-01-01-01,2026-07-25,64.125,2429.5,96,
DM-06-01-01-01,2026-07-26,56.125,2324.5,96,
DM-06-01-01-01,2026-07-27,54.125,2324.5,96,
DM-06-01-01-01,2026-07-28,57.375,2252.5,96,
DM-06-01-01-01,2026-07-29,57.5,2249.0,96,
DM-06-01-01-01,2026-07-30,58.375,2221.75,96,
DM-06-01-01-01,2026-07-31,56.5,2229.5,96,
DM-06-01-01-01,2026-08-01,60.0,2255.5,96,
DM-06-01-01-01,2026-08-02,60.625,2323.5,96,
DM-06-01-01-01,2026-08-03,59.625,2345.0,96,
DM-06-01-01-01,2026-08-04,54.5,2400.75,96,
DM-06-01-01-01,2026-08-05,57.875,2344.75,96,
DM-06-01-01-01,2026-08-06,63.125,2340.0,96,
DM-06-01-01-01,2026-08-07,64.75,2380.75,96,
DM-06-01-01-01,2026-08-08,55.875,2313.5,96,0.0
DM-06-01-01-01,2026-08-09,59.125,2323.0,96,0.0
DM-06-01-01-01,2026-08-10,60.75,2383.25,96,0.237
DM-06-01-01-01,2026-08-11,67.125,2289.75,96,6.85
DM-06-01-01-01,2026-08-12,60.0,2244.25,96,6.337
DM-06-01-01-01,2026-08-13,56.875,2291.0,96,2.699
DM-06-01-01-01,2026-08-14,55.0,2388.25,96,0.0
DM-06-01-01-01,2026-08-15,60.25,2285.25,96,0.0
DM-06-01-01-01,2026-08-16,60.25,2308.25,96,0.0
DM-06-01-02-01,2026-07-25,61.875,2021.0,96,
DM-06-01-02-01,2026-07-26,75.75,2190.25,96,
DM-06-01-02-01,2026-07-27,61.625,2049.25,96,
DM-06-01-02-01,2026-07-28,64.625,2022.0,96,
DM-06-01-02-01,2026-07-29,60.75,1973.0,96,
DM-06-01-02-01,2026-07-30,56.0,1957.5,96,
DM-06-01-02-01,2026-07-31,57.125,2035.75,96,
DM-06-01-02-01,2026-08-01,66.375,2094.25,96,
DM-06-01-02-01,2026-08-02,61.625,2047.25,96,
DM-06-01-02-01,2026-08-03,60.0,2005.0,96,
DM-06-01-02-01,2026-08-04,60.25,2022.25,96,
DM-06-01-02-01,2026-08-05,57.0,1998.0,96,
DM-06-01-02-01,2026-08-06,63.125,2003.75,96,
DM-06-01-02-01,2026-08-07,64.0,2161.5,96,
DM-06-01-02-01,2026-08-08,64.875,2144.0,96,0.356
DM-06-01-02-01,2026-08-09,71.0,2064.25,96,6.838
DM-06-01-02-01,2026-08-10,66.25,2083.5,96,8.569
DM-06-01-02-01,2026-08-11,62.75,2052.5,96,6.8
DM-06-01-02-01,2026-08-12,82.375,2066.25,96,24.657
DM-06-01-02-01,2026-08-13,64.625,2094.0,96,24.763
DM-06-01-02-01,2026-08-14,71.25,2108.25,96,31.494
DM-06-01-02-01,2026-08-15,64.875,2115.25,96,31.851
DM-06-01-02-01,2026-08-16,69.0,2036.25,96,36.332
DM-06-01-02-02,2026-07-25,37.25,1333.75,96,
DM-06-01-02-02,2026-07-26,33.375,1263.25,96,
DM-06-01-02-02,2026-07-27,34.375,1318.5,96,
DM-06-01-02-02,2026-07-28,32.625,1208.0,96,
DM-06-01-02-02,2026-07-29,32.625,1259.75,96,
DM-06-01-02-02,2026-07-30,33.5,1256.0,96,
DM-06-01-02-02,2026-07-31,33.875,1282.75,96,
DM-06-01-02-02,2026-08-01,33.0,1266.25,96,
DM-06-01-02-02,2026-08-02,33.0,1248.25,96,
DM-06-01-02-02,2026-08-03,34.25,1413.5,96,
DM-06-01-02-02,2026-08-04,34.625,1294.25,96,
DM-06-01-02-02,2026-08-05,36.875,1324.0,96,
DM-06-01-02-02,2026-08-06,37.5,1398.75,96,
DM-06-01-02-02,2026-08-07,34.75,1368.25,96,
DM-06-01-02-02,2026-08-08,35.0,1221.5,96,0.0
DM-06-01-02-02,2026-08-09,35.125,1237.75,96,0.0
DM-06-01-02-02,2026-08-10,37.375,1339.0,96,2.167
DM-06-01-02-02,2026-08-11,33.875,1291.5,96,0.834
DM-06-01-02-02,2026-08-12,31.25,1164.25,96,0.0
DM-06-01-02-02,2026-08-13,33.125,1326.25,96,0.0
DM-06-01-02-02,2026-08-14,36.375,1307.0,96,1.167
DM-06-01-02-02,2026-08-15,33.625,1265.0,96,0.0
DM-06-01-02-02,2026-08-16,34.25,1227.5,96,0.0
DM-06-01-03-01,2026-07-25,20.375,2665.62,96,
DM-06-01-03-01,2026-07-26,0.375,2340.0,96,
DM-06-01-03-01,2026-07-27,0.0,2475.75,96,
DM-06-01-03-01,2026-07-28,3.188,2491.5,96,
DM-06-01-03-01,2026-07-29,18.125,2435.0,96,
DM-06-01-03-01,2026-07-30,13.375,2336.75,96,
DM-06-01-03-01,2026-07-31,0.0,2241.0,96,
DM-06-01-03-01,2026-08-01,31.625,2700.5,96,
DM-06-01-03-01,2026-08-02,9.375,2447.75,96,
DM-06-01-03-01,2026-08-03,54.438,2577.0,96,
DM-06-01-03-01,2026-08-04,41.5,2359.75,96,
DM-06-01-03-01,2026-08-05,39.625,2552.75,96,
DM-06-01-03-01,2026-08-06,0.0,2321.75,96,
DM-06-01-03-01,2026-08-07,0.0,2231.0,96,
DM-06-01-03-01,2026-08-08,0.25,2557.25,96,0.0
DM-06-01-03-01,2026-08-09,0.0,2341.25,96,0.0
DM-06-01-03-01,2026-08-10,3.25,2424.0,96,0.0
DM-06-01-03-01,2026-08-11,2.5,2479.75,96,0.0
DM-06-01-03-01,2026-08-12,0.125,2478.0,96,0.0
DM-06-01-03-01,2026-08-13,33.5,2521.75,96,8.032
DM-06-01-03-01,2026-08-14,45.0,1252.25,96,27.564
DM-06-01-03-01,2026-08-15,42.5,1167.0,96,44.597
DM-06-01-03-01,2026-08-16,41.0,1136.0,96,60.129
DM-06-01-03-02,2026-07-25,23.25,1008.5,96,
DM-06-01-03-02,2026-07-26,24.875,996.5,96,
DM-06-01-03-02,2026-07-27,22.375,991.0,96,
DM-06-01-03-02,2026-07-28,22.625,922.75,96,
DM-06-01-03-02,2026-07-29,25.25,913.5,96,
DM-06-01-03-02,2026-07-30,23.75,940.25,96,
DM-06-01-03-02,2026-07-31,26.125,920.5,96,
DM-06-01-03-02,2026-08-01,19.875,818.0,96,
DM-06-01-03-02,2026-08-02,18.5,816.75,96,
DM-06-01-03-02,2026-08-03,19.0,1013.0,96,
DM-06-01-03-02,2026-08-04,25.75,1036.75,96,
DM-06-01-03-02,2026-08-05,21.625,1038.75,96,
DM-06-01-03-02,2026-08-06,25.125,910.75,96,
DM-06-01-03-02,2026-08-07,19.875,924.5,96,
DM-06-01-03-02,2026-08-08,22.0,948.75,96,0.0
DM-06-01-03-02,2026-08-09,30.25,971.5,96,6.281
DM-06-01-03-02,2026-08-10,18.0,888.0,96,0.313
DM-06-01-03-02,2026-08-11,19.25,902.0,96,0.0
DM-06-01-03-02,2026-08-12,19.5,930.5,96,0.0
DM-06-01-03-02,2026-08-13,26.125,971.0,96,2.156
DM-06-01-03-02,2026-08-14,24.75,1007.5,96,2.938
DM-06-01-03-02,2026-08-15,20.375,907.0,96,0.0
DM-06-01-03-02,2026-08-16,21.5,892.5,96,0.0
DM-06-01-03-04,2026-07-25,33.5,1415.0,96,
DM-06-01-03-04,2026-07-26,33.5,1415.0,96,
DM-06-01-03-04,2026-07-27,33.5,1415.0,96,
DM-06-01-03-04,2026-07-28,33.5,1415.0,96,
DM-06-01-03-04,2026-07-29,33.5,1415.0,96,
DM-06-01-03-04,2026-07-30,33.5,1415.0,96,
DM-06-01-03-04,2026-07-31,33.5,1415.0,96,
DM-06-01-03-04,2026-08-01,33.5,1415.0,96,
DM-06-01-03-04,2026-08-02,33.5,1415.0,96,
DM-06-01-03-04,2026-08-03,33.5,1415.0,96,
DM-06-01-03-04,2026-08-04,33.5,1415.0,96,
DM-06-01-03-04,2026-08-05,33.5,1415.0,96,
DM-06-01-03-04,2026-08-06,33.5,1415.0,96,
DM-06-01-03-04,2026-08-07,33.5,1415.0,96,
DM-06-01-03-04,2026-08-08,33.5,1415.0,96,0.0
DM-06-01-03-04,2026-08-09,33.5,1415.0,96,0.0
DM-06-01-03-04,2026-08-10,33.5,1415.0,96,0.0
DM-06-01-03-04,2026-08-11,33.5,1415.0,96,0.0
DM-06-01-03-04,2026-08-12,33.5,1415.0,96,0.0
DM-06-01-03-04,2026-08-13,33.5,1415.0,96,0.0
DM-06-01-03-04,2026-08-14,33.5,1415.0,96,0.0
DM-06-01-03-04,2026-08-15,33.5,1415.0,96,0.0
DM-06-01-03-04,2026-08-16,33.5,1415.0,96,0.0
DM-06-01-03-05,2026-07-25,49.625,2070.25,96,
DM-06-01-03-05,2026-07-26,49.625,2070.25,96,
DM-06-01-03-05,2026-07-27,49.625,2070.25,96,
DM-06-01-03-05,2026-07-28,49.625,2070.25,96,
DM-06-01-03-05,2026-07-29,49.625,2070.25,96,
DM-06-01-03-05,2026-07-30,49.625,2070.25,96,
DM-06-01-03-05,2026-07-31,49.625,2070.25,96,
DM-06-01-03-05,2026-08-01,49.625,2070.25,96,
DM-06-01-03-05,2026-08-02,49.625,2070.25,96,
DM-06-01-03-05,2026-08-03,49.625,2070.25,96,
DM-06-01-03-05,2026-08-04,49.625,2070.25,96,
DM-06-01-03-05,2026-08-05,49.625,2070.25,96,
DM-06-01-03-05,2026-08-06,49.625,2070.25,96,
DM-06-01-03-05,2026-08-07,49.625,2070.25,96,
DM-06-01-03-05,2026-08-08,49.625,2070.25,96,0.0
DM-06-01-03-05,2026-08-09,49.625,2070.25,96,0.0
DM-06-01-03-05,2026-08-10,49.625,2070.25,96,0.0
DM-06-01-03-05,2026-08-11,49.625,2070.25,96,0.0
DM-06-01-03-05,2026-08-12,49.625,2070.25,96,0.0
DM-06-01-03-05,2026-08-13,49.625,2070.25,96,0.0
DM-06-01-03-05,2026-08-14,49.625,2070.25,96,0.0
DM-06-01-03-05,2026-08-15,49.625,2070.25,96,0.0
DM-06-01-03-05,2026-08-16,49.625,2070.25,96,0.0
DM-06-01-04-02,2026-07-25,22.125,980.25,96,
DM-06-01-04-02,2026-07-26,24.375,959.0,96,
DM-06-01-04-02,2026-07-27,25.375,1015.5,96,
DM-06-01-04-02,2026-07-28,20.75,931.5,96,
DM-06-01-04-02,2026-07-29,21.875,958.25,96,
DM-06-01-04-02,2026-07-30,22.375,954.0,96,
DM-06-01-04-02,2026-07-31,23.875,970.75,96,
DM-06-01-04-02,2026-08-01,20.125,951.0,96,
DM-06-01-04-02,2026-08-02,20.5,933.5,96,
DM-06-01-04-02,2026-08-03,25.0,1016.0,96,
DM-06-01-04-02,2026-08-04,23.5,1003.25,96,
DM-06-01-04-02,2026-08-05,27.125,1042.75,96,
DM-06-01-04-02,2026-08-06,25.875,1043.0,96,
DM-06-01-04-02,2026-08-07,22.0,992.5,96,
DM-06-01-04-02,2026-08-08,29.875,964.25,96,5.632
DM-06-01-04-02,2026-08-09,26.75,940.0,96,8.14
DM-06-01-04-02,2026-08-10,23.625,971.0,96,7.522
DM-06-01-04-02,2026-08-11,27.75,985.75,96,11.03
DM-06-01-04-02,2026-08-12,22.625,905.0,96,9.412
DM-06-01-04-02,2026-08-13,24.25,1006.0,96,9.42
DM-06-01-04-02,2026-08-14,24.625,992.5,96,9.802
DM-06-01-04-02,2026-08-15,29.75,950.75,96,15.31
DM-06-01-04-02,2026-08-16,22.875,915.0,96,13.942
DM-06-01-04-03,2026-07-25,44.375,1853.0,96,
DM-06-01-04-03,2026-07-26,48.625,1854.25,96,
DM-06-01-04-03,2026-07-27,47.875,1855.5,96,
DM-06-01-04-03,2026-07-28,49.625,1850.25,96,
DM-06-01-04-03,2026-07-29,48.875,1841.0,96,
DM-06-01-04-03,2026-07-30,47.875,1874.25,96,
DM-06-01-04-03,2026-07-31,48.875,1880.5,96,
DM-06-01-04-03,2026-08-01,51.5,1921.5,96,
DM-06-01-04-03,2026-08-02,51.375,1897.5,96,
DM-06-01-04-03,2026-08-03,48.625,1957.25,96,
DM-06-01-04-03,2026-08-04,50.875,1963.75,96,
DM-06-01-04-03,2026-08-05,48.75,1915.75,96,
DM-06-01-04-03,2026-08-06,48.125,1911.0,96,
DM-06-01-04-03,2026-08-07,53.25,1958.5,96,
DM-06-01-04-03,2026-08-08,50.875,1924.0,96,0.666
DM-06-01-04-03,2026-08-09,53.0,1909.75,96,3.457
DM-06-01-04-03,2026-08-10,49.5,1916.75,96,2.748
DM-06-01-04-03,2026-08-11,50.375,1939.75,96,2.914
DM-06-01-04-03,2026-08-12,49.875,1912.75,96,2.58
DM-06-01-04-03,2026-08-13,49.5,1942.75,96,1.871
DM-06-01-04-03,2026-08-14,49.0,1983.75,96,0.662
DM-06-01-04-03,2026-08-15,53.0,1986.75,96,3.453
DM-06-01-04-03,2026-08-16,51.125,1953.0,96,4.369
DM-06-01-05-01,2026-07-25,49.375,2028.5,96,
DM-06-01-05-01,2026-07-26,54.625,2053.25,96,
DM-06-01-05-01,2026-07-27,52.75,2005.75,96,
DM-06-01-05-01,2026-07-28,54.375,1975.0,96,
DM-06-01-05-01,2026-07-29,54.375,1963.25,96,
DM-06-01-05-01,2026-07-30,52.75,2014.0,96,
DM-06-01-05-01,2026-07-31,54.25,2020.75,96,
DM-06-01-05-01,2026-08-01,56.75,2044.5,96,
DM-06-01-05-01,2026-08-02,56.5,2028.75,96,
DM-06-01-05-01,2026-08-03,53.875,2094.0,96,
DM-06-01-05-01,2026-08-04,56.0,2118.75,96,
DM-06-01-05-01,2026-08-05,54.125,2061.0,96,
DM-06-01-05-01,2026-08-06,53.0,2047.0,96,
DM-06-01-05-01,2026-08-07,57.75,2086.75,96,
DM-06-01-05-01,2026-08-08,55.75,2045.5,96,0.422
DM-06-01-05-01,2026-08-09,58.0,2039.5,96,3.095
DM-06-01-05-01,2026-08-10,54.5,2055.25,96,2.267
DM-06-01-05-01,2026-08-11,56.0,2085.75,96,2.939
DM-06-01-05-01,2026-08-12,54.875,2039.0,96,2.486
DM-06-01-05-01,2026-08-13,54.375,2085.25,96,1.534
DM-06-01-05-01,2026-08-14,55.0,2125.5,96,1.206
DM-06-01-05-01,2026-08-15,58.25,2118.5,96,4.128
DM-06-01-05-01,2026-08-16,55.75,2114.25,96,4.55
DM-06-01-06-01,2026-07-25,84.625,2870.25,96,
DM-06-01-06-01,2026-07-26,82.0,2799.0,96,
DM-06-01-06-01,2026-07-27,85.375,2911.75,96,
DM-06-01-06-01,2026-07-28,83.875,2815.75,96,
DM-06-01-06-01,2026-07-29,82.0,2751.0,96,
DM-06-01-06-01,2026-07-30,87.875,2820.0,96,
DM-06-01-06-01,2026-07-31,82.875,2770.25,96,
DM-06-01-06-01,2026-08-01,80.375,2807.0,96,
DM-06-01-06-01,2026-08-02,87.5,2770.25,96,
DM-06-01-06-01,2026-08-03,84.75,2936.0,96,
DM-06-01-06-01,2026-08-04,83.625,2984.5,96,
DM-06-01-06-01,2026-08-05,84.25,2938.0,96,
DM-06-01-06-01,2026-08-06,83.5,2862.0,96,
DM-06-01-06-01,2026-08-07,84.25,2874.5,96,
DM-06-01-06-01,2026-08-08,76.875,2785.25,96,0.0
DM-06-01-06-01,2026-08-09,84.25,2787.5,96,0.0
DM-06-01-06-01,2026-08-10,81.625,2891.25,96,0.0
DM-06-01-06-01,2026-08-11,85.25,2869.0,96,0.215
DM-06-01-06-01,2026-08-12,80.625,2745.25,96,0.0
DM-06-01-06-01,2026-08-13,79.625,2868.5,96,0.0
DM-06-01-06-01,2026-08-14,84.875,2945.5,96,0.0
DM-06-01-06-01,2026-08-15,81.625,2831.25,96,0.0
DM-06-01-06-01,2026-08-16,79.375,2788.0,96,0.0
DM-06-02-03-01,2026-07-25,81.125,2889.75,96,
DM-06-02-03-01,2026-07-26,76.0,2879.5,96,
DM-06-02-03-01,2026-07-27,71.25,2820.5,96,
DM-06-02-03-01,2026-07-28,75.5,2817.0,96,
DM-06-02-03-01,2026-07-29,74.5,2904.75,96,
DM-06-02-03-01,2026-07-30,73.5,2807.75,96,
DM-06-02-03-01,2026-07-31,73.5,2848.0,96,
DM-06-02-03-01,2026-08-01,78.25,2953.25,96,
DM-06-02-03-01,2026-08-02,73.25,2855.5,96,
DM-06-02-03-01,2026-08-03,77.375,2877.5,96,
DM-06-02-03-01,2026-08-04,71.75,2867.25,96,
DM-06-02-03-01,2026-08-05,76.375,2917.25,96,
DM-06-02-03-01,2026-08-06,71.75,2862.75,96,
DM-06-02-03-01,2026-08-07,80.25,2910.75,96,
DM-06-02-03-01,2026-08-08,82.5,2910.0,96,5.687
DM-06-02-03-01,2026-08-09,81.625,2993.5,96,10.499
DM-06-02-03-01,2026-08-10,72.875,2880.5,96,6.562
DM-06-02-03-01,2026-08-11,72.75,2849.0,96,2.499
DM-06-02-03-01,2026-08-12,75.375,2880.75,96,1.061
DM-06-02-03-01,2026-08-13,72.375,2894.0,96,0.0
DM-06-02-03-01,2026-08-14,72.875,2813.75,96,0.0
DM-06-02-03-01,2026-08-15,72.25,2839.25,96,0.0
DM-06-02-03-01,2026-08-16,74.75,2827.0,96,0.0
DM-06-02-03-03,2026-07-25,113.0,3943.75,96,
DM-06-02-03-03,2026-07-26,113.0,3969.5,96,
DM-06-02-03-03,2026-07-27,111.875,3995.0,96,
DM-06-02-03-03,2026-07-28,119.875,3881.5,96,
DM-06-02-03-03,2026-07-29,118.625,3933.75,96,
DM-06-02-03-03,2026-07-30,110.25,3916.75,96,
DM-06-02-03-03,2026-07-31,119.5,3973.0,96,
DM-06-02-03-03,2026-08-01,116.0,3976.75,96,
DM-06-02-03-03,2026-08-02,113.0,3958.75,96,
DM-06-02-03-03,2026-08-03,115.0,4085.75,96,
DM-06-02-03-03,2026-08-04,114.875,4070.0,96,
DM-06-02-03-03,2026-08-05,118.25,4018.5,96,
DM-06-02-03-03,2026-08-06,114.0,3604.0,96,
DM-06-02-03-03,2026-08-07,44.875,3489.75,96,
DM-06-02-03-03,2026-08-08,105.125,3170.75,96,0.0
DM-06-02-03-03,2026-08-09,96.875,3403.5,96,0.0
DM-06-02-03-03,2026-08-10,96.25,3463.5,96,0.0
DM-06-02-03-03,2026-08-11,98.25,3475.75,96,0.0
DM-06-02-03-03,2026-08-12,96.5,3338.25,96,0.0
DM-06-02-03-03,2026-08-13,93.75,3454.5,96,0.0
DM-06-02-03-03,2026-08-14,95.875,3534.0,96,0.0
DM-06-02-03-03,2026-08-15,96.75,3557.5,96,0.0
DM-06-02-03-03,2026-08-16,97.875,3479.0,96,0.0
DM-06-02-04-02,2026-07-25,69.0,2604.75,96,
DM-06-02-04-02,2026-07-26,73.5,2791.5,96,
DM-06-02-04-02,2026-07-27,71.625,2547.0,96,
DM-06-02-04-02,2026-07-28,69.0,2560.75,96,
DM-06-02-04-02,2026-07-29,71.875,2559.5,96,
DM-06-02-04-02,2026-07-30,77.375,2551.75,96,
DM-06-02-04-02,2026-07-31,67.0,2561.0,96,
DM-06-02-04-02,2026-08-01,70.125,2593.0,96,
DM-06-02-04-02,2026-08-02,66.5,2519.5,96,
DM-06-02-04-02,2026-08-03,67.75,2536.75,96,
DM-06-02-04-02,2026-08-04,71.625,2539.5,96,
DM-06-02-04-02,2026-08-05,74.25,2554.5,96,
DM-06-02-04-02,2026-08-06,74.125,2559.75,96,
DM-06-02-04-02,2026-08-07,71.125,2605.25,96,
DM-06-02-04-02,2026-08-08,70.75,2609.75,96,0.0
DM-06-02-04-02,2026-08-09,68.375,2555.75,96,0.0
DM-06-02-04-02,2026-08-10,72.375,2550.5,96,0.0
DM-06-02-04-02,2026-08-11,74.25,2596.5,96,1.698
DM-06-02-04-02,2026-08-12,73.25,2595.75,96,2.395
DM-06-02-04-02,2026-08-13,78.5,2611.0,96,8.343
DM-06-02-04-02,2026-08-14,73.625,2604.0,96,9.416
DM-06-02-04-02,2026-08-15,93.875,2467.75,96,30.738
DM-06-02-04-02,2026-08-16,116.375,2515.5,96,74.561
DM-06-02-05-01,2026-07-25,80.875,2672.5,96,
DM-06-02-05-01,2026-07-26,81.75,2593.25,96,
DM-06-02-05-01,2026-07-27,85.375,2761.25,96,
DM-06-02-05-01,2026-07-28,86.5,2678.0,96,
DM-06-02-05-01,2026-07-29,84.75,2738.0,96,
DM-06-02-05-01,2026-07-30,82.0,2725.0,96,
DM-06-02-05-01,2026-07-31,84.625,2771.75,96,
DM-06-02-05-01,2026-08-01,89.25,2807.5,96,
DM-06-02-05-01,2026-08-02,82.25,2636.25,96,
DM-06-02-05-01,2026-08-03,85.125,2789.5,96,
DM-06-02-05-01,2026-08-04,84.25,2771.0,96,
DM-06-02-05-01,2026-08-05,80.0,2752.0,96,
DM-06-02-05-01,2026-08-06,84.25,2734.75,96,
DM-06-02-05-01,2026-08-07,82.0,2794.0,96,
DM-06-02-05-01,2026-08-08,84.375,2709.5,96,0.0
DM-06-02-05-01,2026-08-09,80.375,2609.0,96,0.0
DM-06-02-05-01,2026-08-10,84.625,2719.0,96,0.0
DM-06-02-05-01,2026-08-11,79.5,2756.0,96,0.0
DM-06-02-05-01,2026-08-12,82.125,2615.75,96,0.0
DM-06-02-05-01,2026-08-13,82.625,2645.75,96,0.0
DM-06-02-05-01,2026-08-14,84.0,2818.25,96,0.0
DM-06-02-05-01,2026-08-15,82.125,2779.75,96,0.0
DM-06-02-05-01,2026-08-16,78.75,2639.75,96,0.0
DM-06-02-07-02,2026-07-25,85.125,3296.25,96,
DM-06-02-07-02,2026-07-26,84.875,3151.75,96,
DM-06-02-07-02,2026-07-27,84.5,3212.25,96,
DM-06-02-07-02,2026-07-28,85.125,3174.0,96,
DM-06-02-07-02,2026-07-29,85.25,3207.0,96,
DM-06-02-07-02,2026-07-30,84.875,3161.75,96,
DM-06-02-07-02,2026-07-31,86.875,3168.0,96,
DM-06-02-07-02,2026-08-01,87.375,3184.0,96,
DM-06-02-07-02,2026-08-02,82.875,3089.75,96,
DM-06-02-07-02,2026-08-03,81.625,2927.25,96,
DM-06-02-07-02,2026-08-04,80.625,3068.5,96,
DM-06-02-07-02,2026-08-05,75.625,2843.75,96,
DM-06-02-07-02,2026-08-06,76.125,2792.75,96,
DM-06-02-07-02,2026-08-07,79.875,2902.5,96,
DM-06-02-07-02,2026-08-08,77.25,2842.75,96,0.0
DM-06-02-07-02,2026-08-09,78.875,2761.75,96,0.0
DM-06-02-07-02,2026-08-10,73.125,2741.75,96,0.0
DM-06-02-07-02,2026-08-11,76.5,2876.25,96,0.0
DM-06-02-07-02,2026-08-12,76.25,2722.0,96,0.0
DM-06-02-07-02,2026-08-13,72.375,2824.0,96,0.0
DM-06-02-07-02,2026-08-14,77.0,2800.0,96,0.0
DM-06-02-07-02,2026-08-15,71.875,2683.75,96,0.0
DM-06-02-07-02,2026-08-16,70.375,2608.25,96,0.0
DM-06-02-07-03,2026-07-25,89.5,3244.5,96,
DM-06-02-07-03,2026-07-26,90.875,3075.75,96,
DM-06-02-07-03,2026-07-27,89.625,3126.25,96,
DM-06-02-07-03,2026-07-28,86.125,3156.0,96,
DM-06-02-07-03,2026-07-29,89.875,3130.75,96,
DM-06-02-07-03,2026-07-30,95.75,3150.0,96,
DM-06-02-07-03,2026-07-31,98.375,3185.0,96,
DM-06-02-07-03,2026-08-01,96.375,3210.0,96,
DM-06-02-07-03,2026-08-02,83.25,3120.0,96,
DM-06-02-07-03,2026-08-03,86.25,3156.0,96,
DM-06-02-07-03,2026-08-04,92.625,3226.0,96,
DM-06-02-07-03,2026-08-05,90.875,3208.5,96,
DM-06-02-07-03,2026-08-06,88.125,3168.25,96,
DM-06-02-07-03,2026-08-07,86.125,3233.75,96,
DM-06-02-07-03,2026-08-08,92.125,3200.75,96,0.0
DM-06-02-07-03,2026-08-09,87.75,3104.5,96,0.0
DM-06-02-07-03,2026-08-10,90.625,3155.25,96,0.0
DM-06-02-07-03,2026-08-11,93.375,3206.5,96,1.016
DM-06-02-07-03,2026-08-12,90.125,3155.0,96,0.0
DM-06-02-07-03,2026-08-13,88.5,3113.75,96,0.0
DM-06-02-07-03,2026-08-14,91.375,3294.5,96,0.0
DM-06-02-07-03,2026-08-15,87.25,3273.75,96,0.0
DM-06-02-07-03,2026-08-16,82.0,3117.25,96,0.0
DM-06-03-01-01,2026-07-25,41.5,2084.25,96,
DM-06-03-01-01,2026-07-26,50.0,1960.75,96,
DM-06-03-01-01,2026-07-27,50.125,2252.0,96,
DM-06-03-01-01,2026-07-28,45.875,1873.25,96,
DM-06-03-01-01,2026-07-29,44.75,1804.0,96,
DM-06-03-01-01,2026-07-30,48.625,2280.25,96,
DM-06-03-01-01,2026-07-31,46.625,1888.75,96,
DM-06-03-01-01,2026-08-01,49.0,2065.5,96,
DM-06-03-01-01,2026-08-02,44.25,1973.25,96,
DM-06-03-01-01,2026-08-03,47.0,2346.75,96,
DM-06-03-01-01,2026-08-04,41.25,2377.25,96,
DM-06-03-01-01,2026-08-05,40.5,2272.25,96,
DM-06-03-01-01,2026-08-06,53.125,2283.25,96,
DM-06-03-01-01,2026-08-07,51.25,2053.5,96,
DM-06-03-01-01,2026-08-08,45.75,1974.0,96,0.0
DM-06-03-01-01,2026-08-09,44.75,1896.75,96,0.0
DM-06-03-01-01,2026-08-10,45.25,2206.0,96,0.0
DM-06-03-01-01,2026-08-11,41.875,2167.75,96,0.0
DM-06-03-01-01,2026-08-12,46.0,1796.25,96,0.0
DM-06-03-01-01,2026-08-13,48.0,2259.25,96,0.0
DM-06-03-01-01,2026-08-14,45.5,2037.0,96,0.0
DM-06-03-01-01,2026-08-15,24.375,2014.25,96,0.0
DM-06-03-01-01,2026-08-16,24.375,1911.5,96,0.0
DM-06-03-02-01,2026-07-25,54.375,2387.75,96,
DM-06-03-02-01,2026-07-26,59.0,2387.5,96,
DM-06-03-02-01,2026-07-27,53.5,2378.0,96,
DM-06-03-02-01,2026-07-28,54.5,2246.0,96,
DM-06-03-02-01,2026-07-29,54.5,2214.0,96,
DM-06-03-02-01,2026-07-30,57.75,2295.5,96,
DM-06-03-02-01,2026-07-31,49.0,2254.0,96,
DM-06-03-02-01,2026-08-01,50.625,2351.5,96,
DM-06-03-02-01,2026-08-02,56.875,2439.25,96,
DM-06-03-02-01,2026-08-03,57.25,2450.25,96,
DM-06-03-02-01,2026-08-04,59.875,2497.25,96,
DM-06-03-02-01,2026-08-05,51.875,2447.5,96,
DM-06-03-02-01,2026-08-06,53.0,2484.5,96,
DM-06-03-02-01,2026-08-07,55.875,2505.5,96,
DM-06-03-02-01,2026-08-08,51.875,2440.5,96,0.0
DM-06-03-02-01,2026-08-09,55.375,2453.0,96,0.0
DM-06-03-02-01,2026-08-10,59.875,2420.5,96,3.503
DM-06-03-02-01,2026-08-11,58.375,2416.25,96,5.507
DM-06-03-02-01,2026-08-12,56.375,2394.5,96,5.51
DM-06-03-02-01,2026-08-13,62.875,2477.0,96,12.014
DM-06-03-02-01,2026-08-14,58.5,2510.75,96,14.142
DM-06-03-02-01,2026-08-15,60.0,2462.25,96,17.771
DM-06-03-02-01,2026-08-16,54.75,2467.0,96,16.149
DM-06-03-03-01,2026-07-25,22.625,949.25,96,
DM-06-03-03-01,2026-07-26,24.5,960.0,96,
DM-06-03-03-01,2026-07-27,26.625,1050.25,96,
DM-06-03-03-01,2026-07-28,23.0,869.5,96,
DM-06-03-03-01,2026-07-29,22.875,969.25,96,
DM-06-03-03-01,2026-07-30,23.75,1014.0,96,
DM-06-03-03-01,2026-07-31,23.625,963.5,96,
DM-06-03-03-01,2026-08-01,22.625,879.25,96,
DM-06-03-03-01,2026-08-02,23.125,903.5,96,
DM-06-03-03-01,2026-08-03,22.5,1056.25,96,
DM-06-03-03-01,2026-08-04,24.75,1114.5,96,
DM-06-03-03-01,2026-08-05,26.125,1091.75,96,
DM-06-03-03-01,2026-08-06,22.5,1053.25,96,
DM-06-03-03-01,2026-08-07,24.875,1016.0,96,
DM-06-03-03-01,2026-08-08,20.375,846.75,96,0.0
DM-06-03-03-01,2026-08-09,22.5,864.0,96,0.0
DM-06-03-03-01,2026-08-10,23.125,1018.5,96,0.0
DM-06-03-03-01,2026-08-11,23.125,1003.75,96,0.0
DM-06-03-03-01,2026-08-12,23.5,837.25,96,0.0
DM-06-03-03-01,2026-08-13,26.0,1054.25,96,1.523
DM-06-03-03-01,2026-08-14,23.5,1038.75,96,0.546
DM-06-03-03-01,2026-08-15,23.125,901.25,96,0.0
DM-06-03-03-01,2026-08-16,21.875,913.5,96,0.0
DM-06-03-03-02,2026-07-25,45.875,1890.25,96,
DM-06-03-03-02,2026-07-26,45.375,1892.5,96,
DM-06-03-03-02,2026-07-27,45.875,1914.75,96,
DM-06-03-03-02,2026-07-28,44.25,1716.25,96,
DM-06-03-03-02,2026-07-29,44.375,1784.5,96,
DM-06-03-03-02,2026-07-30,46.5,1820.25,96,
DM-06-03-03-02,2026-07-31,46.625,1933.0,96,
DM-06-03-03-02,2026-08-01,49.25,1968.75,96,
DM-06-03-03-02,2026-08-02,49.5,1819.25,96,
DM-06-03-03-02,2026-08-03,49.625,2026.5,96,
DM-06-03-03-02,2026-08-04,48.75,2081.0,96,
DM-06-03-03-02,2026-08-05,49.5,1985.5,96,
DM-06-03-03-02,2026-08-06,51.5,1937.25,96,
DM-06-03-03-02,2026-08-07,47.0,1954.75,96,
DM-06-03-03-02,2026-08-08,45.375,1904.0,96,0.0
DM-06-03-03-02,2026-08-09,48.875,1938.75,96,0.367
DM-06-03-03-02,2026-08-10,51.125,2004.5,96,2.985
DM-06-03-03-02,2026-08-11,47.5,1910.75,96,1.977
DM-06-03-03-02,2026-08-12,47.75,1851.75,96,1.219
DM-06-03-03-02,2026-08-13,48.625,1987.0,96,1.337
DM-06-03-03-02,2026-08-14,49.25,1991.5,96,2.079
DM-06-03-03-02,2026-08-15,46.875,1933.25,96,0.446
DM-06-03-03-02,2026-08-16,46.75,1855.25,96,0.0
DM-06-03-03-03,2026-07-25,43.0,1753.75,96,
DM-06-03-03-03,2026-07-26,40.25,1769.5,96,
DM-06-03-03-03,2026-07-27,41.0,1754.75,96,
DM-06-03-03-03,2026-07-28,44.625,1655.25,96,
DM-06-03-03-03,2026-07-29,41.125,1677.5,96,
DM-06-03-03-03,2026-07-30,41.0,1738.75,96,
DM-06-03-03-03,2026-07-31,41.25,1749.0,96,
DM-06-03-03-03,2026-08-01,45.75,1804.25,96,
DM-06-03-03-03,2026-08-02,40.75,1795.75,96,
DM-06-03-03-03,2026-08-03,43.625,1875.0,96,
DM-06-03-03-03,2026-08-04,43.5,1943.5,96,
DM-06-03-03-03,2026-08-05,44.25,1883.75,96,
DM-06-03-03-03,2026-08-06,47.75,1870.0,96,
DM-06-03-03-03,2026-08-07,47.0,1912.75,96,
DM-06-03-03-03,2026-08-08,42.875,1830.75,96,0.0
DM-06-03-03-03,2026-08-09,44.25,1808.0,96,0.0
DM-06-03-03-03,2026-08-10,42.5,1869.25,96,0.0
DM-06-03-03-03,2026-08-11,44.875,1892.5,96,0.493
DM-06-03-03-03,2026-08-12,44.125,1814.0,96,0.235
DM-06-03-03-03,2026-08-13,42.25,1875.0,96,0.0
DM-06-03-03-03,2026-08-14,39.5,1830.0,96,0.0
DM-06-03-03-03,2026-08-15,47.375,1840.25,96,2.993
DM-06-03-03-03,2026-08-16,41.75,1827.25,96,0.36
DM-06-03-04-02,2026-07-25,74.125,2822.75,96,
DM-06-03-04-02,2026-07-26,80.875,2645.5,96,
DM-06-03-04-02,2026-07-27,71.25,2713.5,96,
DM-06-03-04-02,2026-07-28,79.875,2625.75,96,
DM-06-03-04-02,2026-07-29,72.125,2715.0,96,
DM-06-03-04-02,2026-07-30,71.75,2676.0,96,
DM-06-03-04-02,2026-07-31,62.5,2876.25,96,
DM-06-03-04-02,2026-08-01,94.625,2811.0,96,
DM-06-03-04-02,2026-08-02,68.0,2569.0,96,
DM-06-03-04-02,2026-08-03,71.75,2999.25,96,
DM-06-03-04-02,2026-08-04,64.625,2946.5,96,
DM-06-03-04-02,2026-08-05,93.125,3032.0,96,
DM-06-03-04-02,2026-08-06,85.875,3014.75,96,
DM-06-03-04-02,2026-08-07,67.125,2977.5,96,
DM-06-03-04-02,2026-08-08,70.875,2881.25,96,0.0
DM-06-03-04-02,2026-08-09,67.5,2623.25,96,0.0
DM-06-03-04-02,2026-08-10,64.625,2994.5,96,0.0
DM-06-03-04-02,2026-08-11,66.0,2987.0,96,0.0
DM-06-03-04-02,2026-08-12,78.0,2771.0,96,0.0
DM-06-03-04-02,2026-08-13,65.375,2975.75,96,0.0
DM-06-03-04-02,2026-08-14,61.125,2903.25,96,0.0
DM-06-03-04-02,2026-08-15,61.625,2621.0,96,0.0
DM-06-03-04-02,2026-08-16,62.0,2492.75,96,0.0
DM-06-03-05-01,2026-07-25,20.25,844.75,96,
DM-06-03-05-01,2026-07-26,20.5,842.0,96,
DM-06-03-05-01,2026-07-27,22.0,866.25,96,
DM-06-03-05-01,2026-07-28,22.25,889.0,96,
DM-06-03-05-01,2026-07-29,23.25,880.0,96,
DM-06-03-05-01,2026-07-30,23.0,848.0,96,
DM-06-03-05-01,2026-07-31,20.25,809.0,96,
DM-06-03-05-01,2026-08-01,21.375,850.0,96,
DM-06-03-05-01,2026-08-02,21.625,861.0,96,
DM-06-03-05-01,2026-08-03,22.0,850.75,96,
DM-06-03-05-01,2026-08-04,21.25,829.75,96,
DM-06-03-05-01,2026-08-05,21.5,833.25,96,
DM-06-03-05-01,2026-08-06,20.625,825.25,96,
DM-06-03-05-01,2026-08-07,21.625,824.25,96,
DM-06-03-05-01,2026-08-08,22.375,828.75,96,0.389
DM-06-03-05-01,2026-08-09,21.375,821.75,96,0.0
DM-06-03-05-01,2026-08-10,22.25,841.5,96,0.264
DM-06-03-05-01,2026-08-11,21.875,841.5,96,0.153
DM-06-03-05-01,2026-08-12,21.5,840.5,96,0.0
DM-06-03-05-01,2026-08-13,21.0,845.5,96,0.0
DM-06-03-05-01,2026-08-14,23.0,850.75,96,1.014
DM-06-03-05-01,2026-08-15,21.5,846.0,96,0.528
DM-06-03-05-01,2026-08-16,21.375,845.5,96,0.0
DM-06-03-06-02,2026-07-25,44.375,1778.0,96,
DM-06-03-06-02,2026-07-26,38.125,1696.0,96,
DM-06-03-06-02,2026-07-27,48.125,1820.0,96,
DM-06-03-06-02,2026-07-28,40.375,1631.25,96,
DM-06-03-06-02,2026-07-29,33.875,1748.25,96,
DM-06-03-06-02,2026-07-30,44.375,1820.25,96,
DM-06-03-06-02,2026-07-31,32.125,1823.25,96,
DM-06-03-06-02,2026-08-01,44.25,1795.5,96,
DM-06-03-06-02,2026-08-02,30.0,1768.25,96,
DM-06-03-06-02,2026-08-03,32.0,1842.5,96,
DM-06-03-06-02,2026-08-04,42.375,1892.75,96,
DM-06-03-06-02,2026-08-05,43.75,2009.75,96,
DM-06-03-06-02,2026-08-06,39.5,1919.0,96,
DM-06-03-06-02,2026-08-07,45.125,1894.25,96,
DM-06-03-06-02,2026-08-08,33.375,1796.75,96,0.0
DM-06-03-06-02,2026-08-09,33.25,1657.0,96,0.0
DM-06-03-06-02,2026-08-10,35.0,1783.5,96,0.0
DM-06-03-06-02,2026-08-11,31.75,1816.75,96,0.0
DM-06-03-06-02,2026-08-12,32.125,1706.0,96,0.0
DM-06-03-06-02,2026-08-13,31.875,1787.75,96,0.0
DM-06-03-06-02,2026-08-14,37.25,1857.75,96,0.0
DM-06-03-06-02,2026-08-15,36.0,1844.5,96,0.0
DM-06-03-06-02,2026-08-16,30.5,1701.25,96,0.0
DM-06-03-07-01,2026-07-25,55.125,1894.5,96,
DM-06-03-07-01,2026-07-26,55.125,1795.0,96,
DM-06-03-07-01,2026-07-27,50.625,1832.5,96,
DM-06-03-07-01,2026-07-28,52.0,1707.0,96,
DM-06-03-07-01,2026-07-29,50.0,1734.0,96,
DM-06-03-07-01,2026-07-30,51.5,1776.75,96,
DM-06-03-07-01,2026-07-31,49.75,1809.0,96,
DM-06-03-07-01,2026-08-01,49.0,1776.25,96,
DM-06-03-07-01,2026-08-02,51.0,1735.0,96,
DM-06-03-07-01,2026-08-03,50.375,1828.5,96,
DM-06-03-07-01,2026-08-04,50.5,1827.5,96,
DM-06-03-07-01,2026-08-05,50.625,1815.0,96,
DM-06-03-07-01,2026-08-06,48.125,1804.75,96,
DM-06-03-07-01,2026-08-07,52.875,1835.0,96,
DM-06-03-07-01,2026-08-08,49.5,1790.5,96,0.0
DM-06-03-07-01,2026-08-09,51.375,1732.75,96,0.0
DM-06-03-07-01,2026-08-10,51.0,1833.0,96,0.0
DM-06-03-07-01,2026-08-11,52.625,1824.5,96,0.455
DM-06-03-07-01,2026-08-12,50.75,1731.75,96,0.0
DM-06-03-07-01,2026-08-13,49.125,1832.75,96,0.0
DM-06-03-07-01,2026-08-14,51.375,1842.25,96,0.0
DM-06-03-07-01,2026-08-15,50.5,1825.5,96,0.0
DM-06-03-07-01,2026-08-16,51.125,1751.75,96,0.0
DM-06-03-08-03,2026-07-25,61.0,2510.25,96,
DM-06-03-08-03,2026-07-26,58.625,2349.5,96,
DM-06-03-08-03,2026-07-27,62.125,2597.0,96,
DM-06-03-08-03,2026-07-28,60.0,2283.75,96,
DM-06-03-08-03,2026-07-29,63.375,2427.75,96,
DM-06-03-08-03,2026-07-30,62.125,2500.25,96,
DM-06-03-08-03,2026-07-31,62.125,2541.0,96,
DM-06-03-08-03,2026-08-01,59.625,2495.5,96,
DM-06-03-08-03,2026-08-02,63.0,2399.75,96,
DM-06-03-08-03,2026-08-03,59.375,2664.25,96,
DM-06-03-08-03,2026-08-04,61.25,2678.5,96,
DM-06-03-08-03,2026-08-05,64.25,2619.25,96,
DM-06-03-08-03,2026-08-06,60.375,2670.0,96,
DM-06-03-08-03,2026-08-07,64.125,2685.75,96,
DM-06-03-08-03,2026-08-08,61.125,2508.0,96,0.0
DM-06-03-08-03,2026-08-09,64.25,2399.25,96,1.862
DM-06-03-08-03,2026-08-10,65.0,2653.5,96,4.475
DM-06-03-08-03,2026-08-11,61.25,2620.5,96,3.337
DM-06-03-08-03,2026-08-12,60.375,2382.25,96,1.324
DM-06-03-08-03,2026-08-13,61.25,2678.5,96,0.187
DM-06-03-08-03,2026-08-14,63.125,2667.75,96,0.924
DM-06-03-08-03,2026-08-15,59.5,2554.0,96,0.0
DM-06-03-08-03,2026-08-16,63.25,2416.75,96,0.862
DM-06-04-01-03,2026-07-25,54.25,2112.75,96,
DM-06-04-01-03,2026-07-26,32.875,2024.25,96,
DM-06-04-01-03,2026-07-27,41.125,2043.75,96,
DM-06-04-01-03,2026-07-28,36.25,1967.25,96,
DM-06-04-01-03,2026-07-29,48.25,1994.25,96,
DM-06-04-01-03,2026-07-30,42.625,2190.5,96,
DM-06-04-01-03,2026-07-31,52.375,2076.25,96,
DM-06-04-01-03,2026-08-01,50.25,2068.75,96,
DM-06-04-01-03,2026-08-02,57.125,2241.25,96,
DM-06-04-01-03,2026-08-03,54.125,2232.0,96,
DM-06-04-01-03,2026-08-04,73.25,2359.0,96,
DM-06-04-01-03,2026-08-05,48.25,2206.0,96,
DM-06-04-01-03,2026-08-06,58.5,2234.75,96,
DM-06-04-01-03,2026-08-07,37.125,2252.25,96,
DM-06-04-01-03,2026-08-08,51.625,2096.75,96,0.0
DM-06-04-01-03,2026-08-09,41.375,2148.25,96,0.0
DM-06-04-01-03,2026-08-10,36.0,2120.25,96,0.0
DM-06-04-01-03,2026-08-11,32.875,2240.0,96,0.0
DM-06-04-01-03,2026-08-12,79.375,2018.75,96,25.21
DM-06-04-01-03,2026-08-13,42.875,2264.0,96,13.92
DM-06-04-01-03,2026-08-14,53.375,2285.5,96,13.13
DM-06-04-01-03,2026-08-15,49.625,2363.75,96,8.59
DM-06-04-01-03,2026-08-16,64.625,2292.0,96,19.05
DM-06-04-01-04,2026-07-25,20.625,761.25,96,
DM-06-04-01-04,2026-07-26,18.375,799.25,96,
DM-06-04-01-04,2026-07-27,18.125,812.75,96,
DM-06-04-01-04,2026-07-28,18.25,809.75,96,
DM-06-04-01-04,2026-07-29,17.125,802.0,96,
DM-06-04-01-04,2026-07-30,18.875,811.0,96,
DM-06-04-01-04,2026-07-31,17.125,775.5,96,
DM-06-04-01-04,2026-08-01,20.0,739.5,96,
DM-06-04-01-04,2026-08-02,19.625,768.5,96,
DM-06-04-01-04,2026-08-03,18.875,801.5,96,
DM-06-04-01-04,2026-08-04,18.25,771.5,96,
DM-06-04-01-04,2026-08-05,18.0,777.25,96,
DM-06-04-01-04,2026-08-06,18.25,818.25,96,
DM-06-04-01-04,2026-08-07,18.625,801.0,96,
DM-06-04-01-04,2026-08-08,18.625,751.75,96,0.0
DM-06-04-01-04,2026-08-09,18.0,770.25,96,0.0
DM-06-04-01-04,2026-08-10,36.5,794.75,96,17.445
DM-06-04-01-04,2026-08-11,36.5,804.5,96,34.89
DM-06-04-01-04,2026-08-12,33.625,752.75,96,49.46
DM-06-04-01-04,2026-08-13,38.0,804.75,96,68.405
DM-06-04-01-04,2026-08-14,38.375,823.5,96,87.725
DM-06-04-01-04,2026-08-15,37.875,775.25,96,106.545
DM-06-04-01-04,2026-08-16,35.125,756.75,96,122.615
DM-06-04-02-01,2026-07-25,94.25,2493.5,96,
DM-06-04-02-01,2026-07-26,38.875,2390.5,96,
DM-06-04-02-01,2026-07-27,63.125,2451.75,96,
DM-06-04-02-01,2026-07-28,21.75,2181.0,96,
DM-06-04-02-01,2026-07-29,9.875,2434.25,96,
DM-06-04-02-01,2026-07-30,37.375,2481.25,96,
DM-06-04-02-01,2026-07-31,45.375,2421.5,96,
DM-06-04-02-01,2026-08-01,49.375,2408.5,96,
DM-06-04-02-01,2026-08-02,74.5,2517.75,96,
DM-06-04-02-01,2026-08-03,65.625,2400.25,96,
DM-06-04-02-01,2026-08-04,20.5,2393.75,96,
DM-06-04-02-01,2026-08-05,54.875,2359.25,96,
DM-06-04-02-01,2026-08-06,13.5,2275.5,96,
DM-06-04-02-01,2026-08-07,40.0,2396.75,96,
DM-06-04-02-01,2026-08-08,31.125,2333.0,96,0.0
DM-06-04-02-01,2026-08-09,60.5,2285.0,96,3.881
DM-06-04-02-01,2026-08-10,50.125,2293.0,96,0.0
DM-06-04-02-01,2026-08-11,17.5,2146.0,96,0.0
DM-06-04-02-01,2026-08-12,22.375,2204.0,96,0.0
DM-06-04-02-01,2026-08-13,51.375,2377.75,96,0.0
DM-06-04-02-01,2026-08-14,20.0,2288.25,96,0.0
DM-06-04-02-01,2026-08-15,16.25,2358.75,96,0.0
DM-06-04-02-01,2026-08-16,38.875,2241.75,96,0.0
DM-06-04-04-02,2026-07-25,97.125,3508.5,96,
DM-06-04-04-02,2026-07-26,98.25,3492.0,96,
DM-06-04-04-02,2026-07-27,100.125,3534.0,96,
DM-06-04-04-02,2026-07-28,100.625,3488.75,96,
DM-06-04-04-02,2026-07-29,100.25,3520.75,96,
DM-06-04-04-02,2026-07-30,99.5,3532.75,96,
DM-06-04-04-02,2026-07-31,98.75,3542.0,96,
DM-06-04-04-02,2026-08-01,102.375,3582.5,96,
DM-06-04-04-02,2026-08-02,101.75,3597.5,96,
DM-06-04-04-02,2026-08-03,102.5,3690.75,96,
DM-06-04-04-02,2026-08-04,102.0,3684.75,96,
DM-06-04-04-02,2026-08-05,101.25,3654.25,96,
DM-06-04-04-02,2026-08-06,98.625,3606.5,96,
DM-06-04-04-02,2026-08-07,107.625,3675.5,96,
DM-06-04-04-02,2026-08-08,102.5,3596.5,96,0.494
DM-06-04-04-02,2026-08-09,106.875,3636.5,96,5.362
DM-06-04-04-02,2026-08-10,105.125,3638.0,96,8.481
DM-06-04-04-02,2026-08-11,104.375,3636.75,96,10.849
DM-06-04-04-02,2026-08-12,103.875,3588.25,96,12.718
DM-06-04-04-02,2026-08-13,103.0,3717.5,96,13.712
DM-06-04-04-02,2026-08-14,103.5,3759.75,96,15.205
DM-06-04-04-02,2026-08-15,106.25,3763.25,96,19.449
DM-06-04-04-02,2026-08-16,107.125,3715.5,96,24.568
DM-06-04-04-04,2026-07-25,49.0,1829.0,96,
DM-06-04-04-04,2026-07-26,50.75,1770.25,96,
DM-06-04-04-04,2026-07-27,45.75,1727.0,96,
DM-06-04-04-04,2026-07-28,43.5,1601.5,96,
DM-06-04-04-04,2026-07-29,48.125,1686.25,96,
DM-06-04-04-04,2026-07-30,44.875,1773.75,96,
DM-06-04-04-04,2026-07-31,40.375,1745.25,96,
DM-06-04-04-04,2026-08-01,49.5,1757.75,96,
DM-06-04-04-04,2026-08-02,37.75,1682.0,96,
DM-06-04-04-04,2026-08-03,45.875,1801.0,96,
DM-06-04-04-04,2026-08-04,44.875,1886.75,96,
DM-06-04-04-04,2026-08-05,43.375,1834.0,96,
DM-06-04-04-04,2026-08-06,50.0,1808.5,96,
DM-06-04-04-04,2026-08-07,43.25,1831.0,96,
DM-06-04-04-04,2026-08-08,48.5,1832.5,96,1.188
DM-06-04-04-04,2026-08-09,45.125,1683.75,96,0.0
DM-06-04-04-04,2026-08-10,50.0,1866.75,96,2.688
DM-06-04-04-04,2026-08-11,43.75,1814.25,96,0.0
DM-06-04-04-04,2026-08-12,43.375,1708.75,96,0.0
DM-06-04-04-04,2026-08-13,45.75,1835.0,96,0.0
DM-06-04-04-04,2026-08-14,43.75,1796.5,96,0.0
DM-06-04-04-04,2026-08-15,45.75,1831.5,96,0.0
DM-06-04-04-04,2026-08-16,44.25,1750.5,96,0.0
DM-06-04-05-01,2026-07-25,31.562,1154.62,96,
DM-06-04-05-01,2026-07-26,14.875,740.0,96,
DM-06-04-05-01,2026-07-27,16.5,722.25,96,
DM-06-04-05-01,2026-07-28,17.0,659.5,96,
DM-06-04-05-01,2026-07-29,15.375,629.75,96,
DM-06-04-05-01,2026-07-30,15.25,669.25,96,
DM-06-04-05-01,2026-07-31,17.0,718.75,96,
DM-06-04-05-01,2026-08-01,20.875,750.5,96,
DM-06-04-05-01,2026-08-02,18.125,774.5,96,
DM-06-04-05-01,2026-08-03,16.75,773.0,96,
DM-06-04-05-01,2026-08-04,21.75,800.0,96,
DM-06-04-05-01,2026-08-05,14.5,714.0,96,
DM-06-04-05-01,2026-08-06,23.125,757.25,96,
DM-06-04-05-01,2026-08-07,15.5,738.25,96,
DM-06-04-05-01,2026-08-08,20.75,721.0,96,0.079
DM-06-04-05-01,2026-08-09,18.875,745.25,96,0.0
DM-06-04-05-01,2026-08-10,16.75,747.5,96,0.0
DM-06-04-05-01,2026-08-11,17.75,756.5,96,0.0
DM-06-04-05-01,2026-08-12,17.25,720.25,96,0.0
DM-06-04-05-01,2026-08-13,15.5,744.0,96,0.0
DM-06-04-05-01,2026-08-14,23.125,769.0,96,2.454
DM-06-04-05-01,2026-08-15,16.75,756.25,96,0.0
DM-06-04-05-01,2026-08-16,15.75,730.0,96,0.0
DM-06-04-05-03,2026-07-25,38.125,1553.0,96,
DM-06-04-05-03,2026-07-26,39.375,1522.5,96,
DM-06-04-05-03,2026-07-27,40.0,1606.75,96,
DM-06-04-05-03,2026-07-28,38.0,1507.0,96,
DM-06-04-05-03,2026-07-29,36.125,1483.5,96,
DM-06-04-05-03,2026-07-30,37.625,1522.0,96,
DM-06-04-05-03,2026-07-31,36.5,1523.75,96,
DM-06-04-05-03,2026-08-01,43.125,1608.0,96,
DM-06-04-05-03,2026-08-02,45.0,1629.0,96,
DM-06-04-05-03,2026-08-03,40.125,1525.75,96,
DM-06-04-05-03,2026-08-04,40.25,1581.5,96,
DM-06-04-05-03,2026-08-05,40.875,1549.5,96,
DM-06-04-05-03,2026-08-06,41.0,1575.5,96,
DM-06-04-05-03,2026-08-07,39.75,1573.75,96,
DM-06-04-05-03,2026-08-08,43.375,1732.0,96,2.503
DM-06-04-05-03,2026-08-09,45.75,1600.75,96,7.38
DM-06-04-05-03,2026-08-10,38.875,1650.25,96,5.383
DM-06-04-05-03,2026-08-11,39.0,1574.5,96,3.51
DM-06-04-05-03,2026-08-12,39.875,1561.0,96,2.513
DM-06-04-05-03,2026-08-13,37.5,1512.25,96,0.0
DM-06-04-05-03,2026-08-14,41.875,1568.75,96,1.003
DM-06-04-05-03,2026-08-15,41.875,1624.25,96,2.005
DM-06-04-05-03,2026-08-16,38.125,1537.25,96,0.0
DM-06-04-06-01,2026-07-25,22.5,1870.0,96,
DM-06-04-06-01,2026-07-26,21.25,1899.25,96,
DM-06-04-06-01,2026-07-27,30.0,1706.75,96,
DM-06-04-06-01,2026-07-28,47.125,1784.25,96,
DM-06-04-06-01,2026-07-29,39.875,1773.75,96,
DM-06-04-06-01,2026-07-30,47.75,1722.5,96,
DM-06-04-06-01,2026-07-31,18.375,1822.75,96,
DM-06-04-06-01,2026-08-01,18.875,1851.25,96,
DM-06-04-06-01,2026-08-02,21.5,1887.5,96,
DM-06-04-06-01,2026-08-03,28.875,1739.5,96,
DM-06-04-06-01,2026-08-04,20.125,1668.75,96,
DM-06-04-06-01,2026-08-05,25.125,1801.0,96,
DM-06-04-06-01,2026-08-06,25.25,1773.25,96,
DM-06-04-06-01,2026-08-07,40.875,1762.25,96,
DM-06-04-06-01,2026-08-08,19.75,1885.0,96,0.0
DM-06-04-06-01,2026-08-09,21.5,1868.0,96,0.0
DM-06-04-06-01,2026-08-10,45.125,1586.0,96,10.979
DM-06-04-06-01,2026-08-11,20.0,1664.5,96,0.0
DM-06-04-06-01,2026-08-12,17.25,1615.75,96,0.0
DM-06-04-06-01,2026-08-13,17.125,1620.0,96,0.0
DM-06-04-06-01,2026-08-14,25.875,1799.25,96,0.0
DM-06-04-06-01,2026-08-15,17.875,1853.5,96,0.0
DM-06-04-06-01,2026-08-16,17.25,1759.25,96,0.0
DM-06-04-06-06,2026-07-25,94.188,5032.62,96,
DM-06-04-06-06,2026-07-26,94.188,5032.62,96,
DM-06-04-06-06,2026-07-27,94.188,5032.62,96,
DM-06-04-06-06,2026-07-28,94.188,5032.62,96,
DM-06-04-06-06,2026-07-29,94.188,5032.62,96,
DM-06-04-06-06,2026-07-30,94.188,5032.62,96,
DM-06-04-06-06,2026-07-31,94.188,5032.62,96,
DM-06-04-06-06,2026-08-01,94.188,5032.62,96,
DM-06-04-06-06,2026-08-02,94.188,5032.62,96,
DM-06-04-06-06,2026-08-03,94.188,5032.62,96,
DM-06-04-06-06,2026-08-04,94.188,5032.62,96,
DM-06-04-06-06,2026-08-05,94.188,5032.62,96,
DM-06-04-06-06,2026-08-06,94.188,5032.62,96,
DM-06-04-06-06,2026-08-07,94.188,5032.62,96,
DM-06-04-06-06,2026-08-08,94.188,5032.62,96,0.0
DM-06-04-06-06,2026-08-09,94.188,5032.62,96,0.0
DM-06-04-06-06,2026-08-10,94.188,5032.62,96,0.0
DM-06-04-06-06,2026-08-11,94.188,5032.62,96,0.0
DM-06-04-06-06,2026-08-12,94.188,5032.62,96,0.0
DM-06-04-06-06,2026-08-13,94.188,5032.62,96,0.0
DM-06-04-06-06,2026-08-14,94.188,5032.62,96,0.0
DM-06-04-06-06,2026-08-15,94.188,5032.62,96,0.0
DM-06-04-06-06,2026-08-16,94.188,5032.62,96,0.0
DM-06-04-07-01,2026-07-25,98.75,4380.25,96,
DM-06-04-07-01,2026-07-26,94.875,4219.0,96,
DM-06-04-07-01,2026-07-27,88.625,4635.0,96,
DM-06-04-07-01,2026-07-28,81.5,3846.5,96,
DM-06-04-07-01,2026-07-29,111.875,3877.75,96,
DM-06-04-07-01,2026-07-30,88.75,4563.5,96,
DM-06-04-07-01,2026-07-31,94.375,4785.5,96,
DM-06-04-07-01,2026-08-01,83.875,4021.25,96,
DM-06-04-07-01,2026-08-02,120.875,3873.25,96,
DM-06-04-07-01,2026-08-03,117.625,5060.75,96,
DM-06-04-07-01,2026-08-04,115.0,4878.75,96,
DM-06-04-07-01,2026-08-05,99.5,4951.0,96,
DM-06-04-07-01,2026-08-06,98.125,4946.25,96,
DM-06-04-07-01,2026-08-07,87.75,4575.5,96,
DM-06-04-07-01,2026-08-08,84.75,4289.75,96,0.0
DM-06-04-07-01,2026-08-09,136.125,4182.5,96,31.237
DM-06-04-07-01,2026-08-10,92.125,4562.25,96,18.473
DM-06-04-07-01,2026-08-11,110.875,4961.0,96,24.46
DM-06-04-07-01,2026-08-12,86.25,4196.75,96,5.821
DM-06-04-07-01,2026-08-13,84.5,4654.75,96,0.0
DM-06-04-07-01,2026-08-14,119.5,4897.25,96,14.612
DM-06-04-07-01,2026-08-15,79.625,4259.75,96,0.0
DM-06-04-07-01,2026-08-16,83.875,3971.75,96,0.0
DM-06-04-07-02,2026-07-25,121.0,4376.0,96,
DM-06-04-07-02,2026-07-26,108.625,3916.5,96,
DM-06-04-07-02,2026-07-27,105.625,4813.25,96,
DM-06-04-07-02,2026-07-28,133.625,3809.5,96,
DM-06-04-07-02,2026-07-29,109.625,4085.75,96,
DM-06-04-07-02,2026-07-30,99.125,4525.75,96,
DM-06-04-07-02,2026-07-31,103.125,4435.0,96,
DM-06-04-07-02,2026-08-01,108.875,4357.5,96,
DM-06-04-07-02,2026-08-02,110.5,4073.75,96,
DM-06-04-07-02,2026-08-03,116.375,4718.25,96,
DM-06-04-07-02,2026-08-04,118.125,4695.5,96,
DM-06-04-07-02,2026-08-05,109.0,4730.75,96,
DM-06-04-07-02,2026-08-06,125.25,4679.25,96,
DM-06-04-07-02,2026-08-07,120.75,4679.25,96,
DM-06-04-07-02,2026-08-08,96.75,4256.0,96,0.0
DM-06-04-07-02,2026-08-09,115.5,4160.0,96,0.0
DM-06-04-07-02,2026-08-10,128.625,4602.25,96,10.554
DM-06-04-07-02,2026-08-11,127.375,4622.25,96,19.858
DM-06-04-07-02,2026-08-12,116.75,4163.0,96,18.538
DM-06-04-07-02,2026-08-13,116.375,4673.75,96,16.842
DM-06-04-07-02,2026-08-14,123.375,4809.25,96,22.146
DM-06-04-07-02,2026-08-15,129.25,4084.0,96,33.325
DM-06-04-07-02,2026-08-16,149.875,4168.0,96,65.129
DM-06-04-07-03,2026-07-25,154.625,5004.25,96,
DM-06-04-07-03,2026-07-26,158.375,4975.25,96,
DM-06-04-07-03,2026-07-27,138.875,4995.75,96,
DM-06-04-07-03,2026-07-28,137.25,4787.5,96,
DM-06-04-07-03,2026-07-29,152.875,4869.0,96,
DM-06-04-07-03,2026-07-30,158.0,4801.5,96,
DM-06-04-07-03,2026-07-31,126.625,4912.25,96,
DM-06-04-07-03,2026-08-01,153.625,4921.75,96,
DM-06-04-07-03,2026-08-02,151.875,4722.75,96,
DM-06-04-07-03,2026-08-03,133.375,4974.0,96,
DM-06-04-07-03,2026-08-04,137.875,4999.25,96,
DM-06-04-07-03,2026-08-05,130.375,5001.0,96,
DM-06-04-07-03,2026-08-06,131.0,4798.0,96,
DM-06-04-07-03,2026-08-07,142.125,4958.75,96,
DM-06-04-07-03,2026-08-08,152.375,5030.0,96,3.639
DM-06-04-07-03,2026-08-09,146.0,3504.0,96,0.904
DM-06-04-07-03,2026-08-10,143.875,5013.75,96,0.0
DM-06-04-07-03,2026-08-11,139.625,4962.25,96,0.0
DM-06-04-07-03,2026-08-12,157.25,4781.0,96,8.514
DM-06-04-07-03,2026-08-13,157.5,5069.0,96,17.279
DM-06-04-07-03,2026-08-14,170.25,5229.5,96,38.793
DM-06-04-07-03,2026-08-15,149.5,5169.0,96,39.558
DM-06-04-07-03,2026-08-16,156.375,4950.0,96,47.197
DM-06-04-08-02,2026-07-25,62.75,2733.25,96,
DM-06-04-08-02,2026-07-26,53.625,3200.75,96,
DM-06-04-08-02,2026-07-27,61.25,3081.5,96,
DM-06-04-08-02,2026-07-28,50.75,2782.5,96,
DM-06-04-08-02,2026-07-29,51.25,2666.25,96,
DM-06-04-08-02,2026-07-30,53.0,3188.5,96,
DM-06-04-08-02,2026-07-31,54.375,3108.5,96,
DM-06-04-08-02,2026-08-01,53.5,3046.75,96,
DM-06-04-08-02,2026-08-02,56.625,2916.0,96,
DM-06-04-08-02,2026-08-03,52.375,3093.5,96,
DM-06-04-08-02,2026-08-04,60.375,3153.5,96,
DM-06-04-08-02,2026-08-05,53.875,3029.75,96,
DM-06-04-08-02,2026-08-06,56.75,3142.25,96,
DM-06-04-08-02,2026-08-07,60.0,3157.5,96,
DM-06-04-08-02,2026-08-08,52.875,3315.0,96,0.0
DM-06-04-08-02,2026-08-09,50.25,2927.5,96,0.0
DM-06-04-08-02,2026-08-10,66.75,3026.75,96,9.112
DM-06-04-08-02,2026-08-11,52.75,2959.5,96,4.224
DM-06-04-08-02,2026-08-12,56.125,3058.5,96,2.71
DM-06-04-08-02,2026-08-13,59.625,3134.5,96,4.697
DM-06-04-08-02,2026-08-14,59.5,3140.5,96,6.559
DM-06-04-08-02,2026-08-15,55.25,3165.25,96,4.171
DM-06-04-08-02,2026-08-16,50.875,3009.75,96,0.0
DM-06-04-08-03,2026-07-25,163.0,6209.5,96,
DM-06-04-08-03,2026-07-26,120.0,5987.75,96,
DM-06-04-08-03,2026-07-27,121.75,6151.25,96,
DM-06-04-08-03,2026-07-28,160.5,5933.0,96,
DM-06-04-08-03,2026-07-29,101.625,5635.5,96,
DM-06-04-08-03,2026-07-30,104.75,5904.75,96,
DM-06-04-08-03,2026-07-31,128.0,5966.0,96,
DM-06-04-08-03,2026-08-01,113.875,5622.0,96,
DM-06-04-08-03,2026-08-02,102.375,5946.5,96,
DM-06-04-08-03,2026-08-03,111.125,6438.75,96,
DM-06-04-08-03,2026-08-04,138.25,6494.75,96,
DM-06-04-08-03,2026-08-05,131.5,6296.5,96,
DM-06-04-08-03,2026-08-06,119.25,6201.25,96,
DM-06-04-08-03,2026-08-07,121.375,6712.0,96,
DM-06-04-08-03,2026-08-08,104.875,6094.0,96,0.0
DM-06-04-08-03,2026-08-09,149.25,6001.75,96,15.907
DM-06-04-08-03,2026-08-10,130.375,6724.5,96,12.939
DM-06-04-08-03,2026-08-11,107.375,6036.25,96,0.0
DM-06-04-08-03,2026-08-12,114.75,6158.25,96,0.0
DM-06-04-08-03,2026-08-13,107.5,6025.0,96,0.0
DM-06-04-08-03,2026-08-14,93.5,6375.5,96,0.0
DM-06-04-08-03,2026-08-15,102.875,6113.0,96,0.0
DM-06-04-08-03,2026-08-16,121.5,5990.25,96,0.0
DM-06-05-01-01,2026-07-25,48.25,1850.0,96,
DM-06-05-01-01,2026-07-26,61.625,1925.0,96,
DM-06-05-01-01,2026-07-27,72.75,1924.25,96,
DM-06-05-01-01,2026-07-28,59.75,1789.0,96,
DM-06-05-01-01,2026-07-29,52.5,1564.5,96,
DM-06-05-01-01,2026-07-30,47.125,1793.0,96,
DM-06-05-01-01,2026-07-31,58.0,1993.0,96,
DM-06-05-01-01,2026-08-01,62.25,1770.75,96,
DM-06-05-01-01,2026-08-02,49.0,1824.75,96,
DM-06-05-01-01,2026-08-03,54.0,1997.75,96,
DM-06-05-01-01,2026-08-04,54.5,1873.5,96,
DM-06-05-01-01,2026-08-05,60.375,2006.0,96,
DM-06-05-01-01,2026-08-06,53.875,1807.75,96,
DM-06-05-01-01,2026-08-07,51.875,1872.0,96,
DM-06-05-01-01,2026-08-08,60.125,1998.75,96,0.674
DM-06-05-01-01,2026-08-09,59.25,2005.5,96,0.473
DM-06-05-01-01,2026-08-10,51.125,2045.0,96,0.0
DM-06-05-01-01,2026-08-11,63.125,2201.0,96,3.674
DM-06-05-01-01,2026-08-12,79.625,2248.75,96,23.848
DM-06-05-01-01,2026-08-13,80.625,2541.0,96,45.023
DM-06-05-01-01,2026-08-14,93.875,2534.25,96,79.447
DM-06-05-01-01,2026-08-15,91.25,2498.5,96,111.246
DM-06-05-01-01,2026-08-16,84.625,2505.5,96,136.42
DM-06-05-03-02,2026-07-25,64.25,2566.0,96,
DM-06-05-03-02,2026-07-26,62.375,2503.25,96,
DM-06-05-03-02,2026-07-27,59.25,2457.5,96,
DM-06-05-03-02,2026-07-28,61.625,2393.75,96,
DM-06-05-03-02,2026-07-29,59.5,2387.75,96,
DM-06-05-03-02,2026-07-30,63.5,2405.75,96,
DM-06-05-03-02,2026-07-31,60.75,2397.0,96,
DM-06-05-03-02,2026-08-01,62.875,2448.5,96,
DM-06-05-03-02,2026-08-02,58.375,2480.25,96,
DM-06-05-03-02,2026-08-03,55.0,2459.75,96,
DM-06-05-03-02,2026-08-04,59.625,2490.0,96,
DM-06-05-03-02,2026-08-05,57.0,2444.25,96,
DM-06-05-03-02,2026-08-06,56.375,2421.5,96,
DM-06-05-03-02,2026-08-07,65.5,2386.5,96,
DM-06-05-03-02,2026-08-08,57.125,2376.0,96,0.0
DM-06-05-03-02,2026-08-09,63.75,2570.75,96,1.822
DM-06-05-03-02,2026-08-10,60.5,2517.75,96,0.395
DM-06-05-03-02,2026-08-11,57.875,2513.0,96,0.0
DM-06-05-03-02,2026-08-12,58.0,2566.5,96,0.0
DM-06-05-03-02,2026-08-13,58.375,2558.0,96,0.0
DM-06-05-03-02,2026-08-14,63.0,2669.25,96,1.072
DM-06-05-03-02,2026-08-15,62.0,2507.0,96,1.145
DM-06-05-03-02,2026-08-16,60.125,2616.25,96,0.0
DM-06-05-03-03,2026-07-25,90.125,3628.25,96,
DM-06-05-03-03,2026-07-26,93.25,3724.75,96,
DM-06-05-03-03,2026-07-27,93.875,3639.75,96,
DM-06-05-03-03,2026-07-28,90.125,3519.0,96,
DM-06-05-03-03,2026-07-29,90.25,3524.25,96,
DM-06-05-03-03,2026-07-30,94.75,3641.25,96,
DM-06-05-03-03,2026-07-31,94.0,3622.5,96,
DM-06-05-03-03,2026-08-01,96.625,3687.25,96,
DM-06-05-03-03,2026-08-02,88.375,3605.0,96,
DM-06-05-03-03,2026-08-03,95.5,3662.25,96,
DM-06-05-03-03,2026-08-04,93.875,3786.5,96,
DM-06-05-03-03,2026-08-05,93.25,3703.25,96,
DM-06-05-03-03,2026-08-06,96.0,3714.5,96,
DM-06-05-03-03,2026-08-07,95.125,3735.5,96,
DM-06-05-03-03,2026-08-08,93.0,3655.5,96,0.0
DM-06-05-03-03,2026-08-09,88.5,3635.25,96,0.0
DM-06-05-03-03,2026-08-10,93.0,3624.5,96,0.0
DM-06-05-03-03,2026-08-11,98.0,3683.5,96,3.556
DM-06-05-03-03,2026-08-12,89.625,3616.75,96,0.0
DM-06-05-03-03,2026-08-13,96.5,3725.0,96,2.056
DM-06-05-03-03,2026-08-14,99.0,3842.75,96,6.613
DM-06-05-03-03,2026-08-15,95.5,3761.0,96,7.669
DM-06-05-03-03,2026-08-16,93.375,3724.75,96,6.6
DM-06-05-04-02,2026-07-25,33.125,1330.5,96,
DM-06-05-04-02,2026-07-26,31.75,1302.25,96,
DM-06-05-04-02,2026-07-27,32.25,1292.5,96,
DM-06-05-04-02,2026-07-28,32.5,1268.5,96,
DM-06-05-04-02,2026-07-29,32.25,1267.75,96,
DM-06-05-04-02,2026-07-30,33.875,1335.75,96,
DM-06-05-04-02,2026-07-31,32.25,1305.5,96,
DM-06-05-04-02,2026-08-01,33.75,1339.0,96,
DM-06-05-04-02,2026-08-02,34.25,1332.25,96,
DM-06-05-04-02,2026-08-03,34.25,1356.0,96,
DM-06-05-04-02,2026-08-04,34.125,1389.75,96,
DM-06-05-04-02,2026-08-05,33.5,1364.25,96,
DM-06-05-04-02,2026-08-06,38.75,1391.0,96,
DM-06-05-04-02,2026-08-07,36.5,1370.25,96,
DM-06-05-04-02,2026-08-08,38.375,1366.25,96,3.674
DM-06-05-04-02,2026-08-09,32.625,1371.0,96,1.599
DM-06-05-04-02,2026-08-10,33.5,1358.5,96,0.398
DM-06-05-04-02,2026-08-11,35.75,1379.75,96,1.448
DM-06-05-04-02,2026-08-12,33.75,1332.25,96,0.497
DM-06-05-04-02,2026-08-13,35.0,1368.5,96,0.797
DM-06-05-04-02,2026-08-14,36.5,1411.5,96,2.596
DM-06-05-04-02,2026-08-15,33.0,1389.5,96,0.896
DM-06-05-04-02,2026-08-16,32.25,1356.75,96,0.0
DM-06-05-05-02,2026-07-25,74.875,3583.75,96,
DM-06-05-05-02,2026-07-26,77.25,3759.5,96,
DM-06-05-05-02,2026-07-27,81.25,3643.75,96,
DM-06-05-05-02,2026-07-28,76.5,3342.25,96,
DM-06-05-05-02,2026-07-29,77.875,3362.75,96,
DM-06-05-05-02,2026-07-30,82.125,3604.0,96,
DM-06-05-05-02,2026-07-31,67.375,3371.0,96,
DM-06-05-05-02,2026-08-01,74.875,3356.75,96,
DM-06-05-05-02,2026-08-02,74.0,3493.5,96,
DM-06-05-05-02,2026-08-03,79.375,3755.25,96,
DM-06-05-05-02,2026-08-04,76.25,3773.0,96,
DM-06-05-05-02,2026-08-05,74.5,3667.0,96,
DM-06-05-05-02,2026-08-06,82.125,3670.0,96,
DM-06-05-05-02,2026-08-07,74.75,3602.0,96,
DM-06-05-05-02,2026-08-08,74.0,3482.5,96,0.0
DM-06-05-05-02,2026-08-09,75.125,3584.0,96,0.0
DM-06-05-05-02,2026-08-10,82.125,3632.0,96,3.592
DM-06-05-05-02,2026-08-11,77.25,3556.75,96,2.309
DM-06-05-05-02,2026-08-12,74.625,3508.5,96,0.0
DM-06-05-05-02,2026-08-13,76.75,3602.25,96,0.0
DM-06-05-05-02,2026-08-14,76.0,3670.5,96,0.0
DM-06-05-05-02,2026-08-15,71.625,3488.0,96,0.0
DM-06-05-05-02,2026-08-16,71.5,3675.25,96,0.0
DM-06-05-05-03,2026-07-25,83.25,3680.75,96,
DM-06-05-05-03,2026-07-26,80.0,3715.25,96,
DM-06-05-05-03,2026-07-27,83.875,3765.0,96,
DM-06-05-05-03,2026-07-28,88.375,3488.25,96,
DM-06-05-05-03,2026-07-29,84.5,3462.0,96,
DM-06-05-05-03,2026-07-30,85.875,3615.75,96,
DM-06-05-05-03,2026-07-31,83.5,3513.75,96,
DM-06-05-05-03,2026-08-01,74.25,3379.75,96,
DM-06-05-05-03,2026-08-02,79.125,3447.25,96,
DM-06-05-05-03,2026-08-03,82.125,3673.25,96,
DM-06-05-05-03,2026-08-04,79.25,3711.0,96,
DM-06-05-05-03,2026-08-05,83.0,3702.0,96,
DM-06-05-05-03,2026-08-06,81.125,3701.0,96,
DM-06-05-05-03,2026-08-07,84.375,3696.25,96,
DM-06-05-05-03,2026-08-08,80.625,3592.25,96,0.0
DM-06-05-05-03,2026-08-09,81.75,3605.0,96,0.0
DM-06-05-05-03,2026-08-10,84.875,3658.75,96,0.881
DM-06-05-05-03,2026-08-11,89.625,3697.0,96,6.512
DM-06-05-05-03,2026-08-12,82.625,3528.5,96,5.143
DM-06-05-05-03,2026-08-13,81.5,3643.25,96,2.648
DM-06-05-05-03,2026-08-14,79.75,3728.25,96,0.0
DM-06-05-05-03,2026-08-15,78.5,3568.25,96,0.0
DM-06-05-05-03,2026-08-16,74.75,3589.25,96,0.0
DM-06-05-06-01,2026-07-25,68.5,2416.25,96,
DM-06-05-06-01,2026-07-26,59.5,2367.25,96,
DM-06-05-06-01,2026-07-27,56.875,2687.75,96,
DM-06-05-06-01,2026-07-28,48.75,2042.25,96,
DM-06-05-06-01,2026-07-29,66.125,2260.75,96,
DM-06-05-06-01,2026-07-30,56.75,2259.75,96,
DM-06-05-06-01,2026-07-31,60.0,2496.75,96,
DM-06-05-06-01,2026-08-01,66.125,2265.75,96,
DM-06-05-06-01,2026-08-02,57.125,2250.5,96,
DM-06-05-06-01,2026-08-03,55.125,2792.25,96,
DM-06-05-06-01,2026-08-04,61.125,2915.5,96,
DM-06-05-06-01,2026-08-05,63.625,2808.0,96,
DM-06-05-06-01,2026-08-06,56.625,2688.5,96,
DM-06-05-06-01,2026-08-07,79.125,3010.5,96,
DM-06-05-06-01,2026-08-08,81.75,2801.75,96,17.113
DM-06-05-06-01,2026-08-09,58.25,2319.0,96,10.727
DM-06-05-06-01,2026-08-10,66.375,2615.25,96,12.465
DM-06-05-06-01,2026-08-11,59.25,2643.5,96,7.079
DM-06-05-06-01,2026-08-12,58.25,2264.25,96,0.692
DM-06-05-06-01,2026-08-13,66.75,2594.75,96,2.805
DM-06-05-06-01,2026-08-14,60.5,2829.25,96,0.0
DM-06-05-06-01,2026-08-15,61.25,2502.75,96,0.0
DM-06-05-06-01,2026-08-16,64.875,2451.0,96,0.238
DM-06-05-07-02,2026-07-25,29.25,1248.0,96,
DM-06-05-07-02,2026-07-26,29.625,1193.0,96,
DM-06-05-07-02,2026-07-27,28.375,1224.5,96,
DM-06-05-07-02,2026-07-28,28.875,1094.25,96,
DM-06-05-07-02,2026-07-29,28.625,1063.25,96,
DM-06-05-07-02,2026-07-30,24.5,1122.75,96,
DM-06-05-07-02,2026-07-31,30.25,1182.25,96,
DM-06-05-07-02,2026-08-01,28.0,1131.0,96,
DM-06-05-07-02,2026-08-02,29.0,1237.0,96,
DM-06-05-07-02,2026-08-03,29.125,1334.25,96,
DM-06-05-07-02,2026-08-04,26.625,1380.0,96,
DM-06-05-07-02,2026-08-05,30.875,1274.75,96,
DM-06-05-07-02,2026-08-06,29.375,1229.25,96,
DM-06-05-07-02,2026-08-07,28.75,1202.5,96,
DM-06-05-07-02,2026-08-08,22.0,1128.75,96,0.0
DM-06-05-07-02,2026-08-09,30.0,1170.25,96,0.588
DM-06-05-07-02,2026-08-10,27.75,1256.5,96,0.0
DM-06-05-07-02,2026-08-11,26.75,1209.75,96,0.0
DM-06-05-07-02,2026-08-12,29.25,1180.0,96,0.0
DM-06-05-07-02,2026-08-13,36.0,1368.75,96,6.588
DM-06-05-07-02,2026-08-14,29.625,1309.5,96,6.802
DM-06-05-07-02,2026-08-15,28.875,1202.5,96,6.265
DM-06-05-07-02,2026-08-16,28.125,1231.25,96,4.979
DM-06-05-09-01,2026-07-25,55.25,2613.75,96,
DM-06-05-09-01,2026-07-26,54.5,2376.75,96,
DM-06-05-09-01,2026-07-27,56.125,2489.75,96,
DM-06-05-09-01,2026-07-28,57.375,2055.0,96,
DM-06-05-09-01,2026-07-29,52.375,2085.5,96,
DM-06-05-09-01,2026-07-30,50.125,2160.75,96,
DM-06-05-09-01,2026-07-31,67.25,2452.0,96,
DM-06-05-09-01,2026-08-01,57.0,2170.5,96,
DM-06-05-09-01,2026-08-02,50.5,2134.5,96,
DM-06-05-09-01,2026-08-03,61.875,2687.75,96,
DM-06-05-09-01,2026-08-04,52.875,2595.5,96,
DM-06-05-09-01,2026-08-05,58.625,2779.5,96,
DM-06-05-09-01,2026-08-06,58.125,2680.0,96,
DM-06-05-09-01,2026-08-07,65.875,2675.25,96,
DM-06-05-09-01,2026-08-08,61.875,2210.0,96,2.385
DM-06-05-09-01,2026-08-09,60.75,2146.5,96,3.645
DM-06-05-09-01,2026-08-10,57.375,2678.0,96,1.531
DM-06-05-09-01,2026-08-11,58.125,2657.5,96,0.166
DM-06-05-09-01,2026-08-12,53.5,1998.5,96,0.0
DM-06-05-09-01,2026-08-13,52.125,2624.5,96,0.0
DM-06-05-09-01,2026-08-14,74.375,2732.75,96,14.885
DM-06-05-09-01,2026-08-15,53.75,2288.0,96,9.145
DM-06-05-09-01,2026-08-16,56.25,2168.0,96,5.906
DM-06-05-09-02,2026-07-25,151.375,4694.0,96,
DM-06-05-09-02,2026-07-26,137.875,4349.5,96,
DM-06-05-09-02,2026-07-27,97.375,4277.75,96,
DM-06-05-09-02,2026-07-28,113.5,3645.25,96,
DM-06-05-09-02,2026-07-29,144.25,4043.75,96,
DM-06-05-09-02,2026-07-30,100.5,3957.0,96,
DM-06-05-09-02,2026-07-31,150.75,4218.75,96,
DM-06-05-09-02,2026-08-01,145.75,4590.5,96,
DM-06-05-09-02,2026-08-02,129.5,4607.0,96,
DM-06-05-09-02,2026-08-03,143.625,4994.0,96,
DM-06-05-09-02,2026-08-04,133.375,4261.75,96,
DM-06-05-09-02,2026-08-05,105.0,4570.25,96,
DM-06-05-09-02,2026-08-06,105.25,4566.75,96,
DM-06-05-09-02,2026-08-07,159.25,4224.0,96,
DM-06-05-09-02,2026-08-08,134.0,4023.5,96,0.0
DM-06-05-09-02,2026-08-09,149.875,4194.0,96,9.8
DM-06-05-09-02,2026-08-10,149.5,4368.75,96,19.226
DM-06-05-09-02,2026-08-11,151.5,4309.25,96,30.651
DM-06-05-09-02,2026-08-12,131.875,4122.25,96,22.452
DM-06-05-09-02,2026-08-13,148.375,4506.25,96,30.752
DM-06-05-09-02,2026-08-14,155.625,4732.75,96,46.302
DM-06-05-09-02,2026-08-15,181.375,4598.0,96,87.603
DM-06-05-09-02,2026-08-16,110.25,4239.75,96,57.778
DM-06-05-09-03,2026-07-25,66.75,2425.25,96,
DM-06-05-09-03,2026-07-26,66.5,2343.25,96,
DM-06-05-09-03,2026-07-27,68.25,2665.75,96,
DM-06-05-09-03,2026-07-28,66.0,2236.25,96,
DM-06-05-09-03,2026-07-29,64.0,2191.0,96,
DM-06-05-09-03,2026-07-30,62.0,2171.5,96,
DM-06-05-09-03,2026-07-31,64.5,2516.75,96,
DM-06-05-09-03,2026-08-01,63.125,2275.5,96,
DM-06-05-09-03,2026-08-02,62.625,2283.5,96,
DM-06-05-09-03,2026-08-03,65.125,2788.0,96,
DM-06-05-09-03,2026-08-04,70.75,2684.75,96,
DM-06-05-09-03,2026-08-05,66.875,2816.25,96,
DM-06-05-09-03,2026-08-06,64.25,2728.75,96,
DM-06-05-09-03,2026-08-07,61.25,2698.5,96,
DM-06-05-09-03,2026-08-08,62.75,2276.5,96,0.0
DM-06-05-09-03,2026-08-09,61.625,2218.25,96,0.0
DM-06-05-09-03,2026-08-10,61.25,2635.75,96,0.0
DM-06-05-09-03,2026-08-11,61.125,2658.5,96,0.0
DM-06-05-09-03,2026-08-12,56.875,2109.0,96,0.0
DM-06-05-09-03,2026-08-13,58.375,2609.25,96,0.0
DM-06-05-09-03,2026-08-14,59.375,2639.5,96,0.0
DM-06-05-09-03,2026-08-15,60.625,2301.5,96,0.0
DM-06-05-09-03,2026-08-16,46.75,2144.0,96,0.0
DM-06-05-10-03,2026-07-25,22.5,1084.5,96,
DM-06-05-10-03,2026-07-26,24.125,1234.25,96,
DM-06-05-10-03,2026-07-27,27.375,1347.5,96,
DM-06-05-10-03,2026-07-28,26.625,1169.75,96,
DM-06-05-10-03,2026-07-29,26.875,1169.5,96,
DM-06-05-10-03,2026-07-30,25.625,1177.75,96,
DM-06-05-10-03,2026-07-31,27.375,1402.75,96,
DM-06-05-10-03,2026-08-01,25.875,1191.5,96,
DM-06-05-10-03,2026-08-02,26.75,1172.25,96,
DM-06-05-10-03,2026-08-03,39.5,1560.75,96,
DM-06-05-10-03,2026-08-04,72.625,1687.25,96,
DM-06-05-10-03,2026-08-05,45.375,1491.25,96,
DM-06-05-10-03,2026-08-06,23.125,1529.5,96,
DM-06-05-10-03,2026-08-07,26.5,1289.5,96,
DM-06-05-10-03,2026-08-08,25.0,1150.25,96,0.0
DM-06-05-10-03,2026-08-09,24.75,1106.75,96,0.0
DM-06-05-10-03,2026-08-10,25.125,1535.75,96,0.0
DM-06-05-10-03,2026-08-11,26.375,1316.0,96,0.0
DM-06-05-10-03,2026-08-12,29.375,1130.25,96,0.0
DM-06-05-10-03,2026-08-13,27.625,1504.75,96,0.0
DM-06-05-10-03,2026-08-14,32.625,1467.5,96,0.0
DM-06-05-10-03,2026-08-15,27.875,1119.75,96,0.0
DM-06-05-10-03,2026-08-16,26.0,1098.5,96,0.0
DM-06-06-01-02,2026-07-25,102.125,3888.25,96,
DM-06-06-01-02,2026-07-26,101.375,3872.25,96,
DM-06-06-01-02,2026-07-27,100.25,4185.25,96,
DM-06-06-01-02,2026-07-28,98.125,3450.0,96,
DM-06-06-01-02,2026-07-29,93.75,3629.0,96,
DM-06-06-01-02,2026-07-30,92.625,3631.25,96,
DM-06-06-01-02,2026-07-31,100.5,3828.0,96,
DM-06-06-01-02,2026-08-01,97.375,3884.5,96,
DM-06-06-01-02,2026-08-02,88.125,3633.25,96,
DM-06-06-01-02,2026-08-03,92.125,4127.5,96,
DM-06-06-01-02,2026-08-04,88.75,4292.0,96,
DM-06-06-01-02,2026-08-05,99.125,4425.75,96,
DM-06-06-01-02,2026-08-06,96.75,4348.5,96,
DM-06-06-01-02,2026-08-07,100.625,4510.0,96,
DM-06-06-01-02,2026-08-08,103.0,4038.75,96,4.2
DM-06-06-01-02,2026-08-09,101.375,3688.0,96,6.776
DM-06-06-01-02,2026-08-10,100.25,4315.75,96,8.226
DM-06-06-01-02,2026-08-11,105.5,4365.0,96,14.927
DM-06-06-01-02,2026-08-12,97.875,3793.75,96,14.002
DM-06-06-01-02,2026-08-13,100.0,4387.5,96,15.203
DM-06-06-01-02,2026-08-14,97.5,4321.0,96,13.903
DM-06-06-01-02,2026-08-15,101.25,3925.5,96,16.354
DM-06-06-01-02,2026-08-16,94.875,3976.5,96,12.429
DM-06-06-01-03,2026-07-25,77.5,2479.25,96,
DM-06-06-01-03,2026-07-26,84.25,3188.0,96,
DM-06-06-01-03,2026-07-27,62.125,3037.25,96,
DM-06-06-01-03,2026-07-28,61.125,2112.0,96,
DM-06-06-01-03,2026-07-29,81.5,2196.5,96,
DM-06-06-01-03,2026-07-30,60.25,2048.75,96,
DM-06-06-01-03,2026-07-31,58.375,2801.75,96,
DM-06-06-01-03,2026-08-01,62.375,2321.5,96,
DM-06-06-01-03,2026-08-02,80.625,2272.75,96,
DM-06-06-01-03,2026-08-03,38.25,2909.25,96,
DM-06-06-01-03,2026-08-04,74.25,3037.75,96,
DM-06-06-01-03,2026-08-05,55.875,2999.75,96,
DM-06-06-01-03,2026-08-06,91.125,3234.0,96,
DM-06-06-01-03,2026-08-07,55.0,3049.75,96,
DM-06-06-01-03,2026-08-08,75.5,2520.0,96,1.187
DM-06-06-01-03,2026-08-09,52.375,2236.25,96,0.0
DM-06-06-01-03,2026-08-10,59.25,2893.75,96,0.0
DM-06-06-01-03,2026-08-11,95.0,3022.5,96,20.687
DM-06-06-01-03,2026-08-12,63.25,2136.5,96,9.623
DM-06-06-01-03,2026-08-13,51.625,3022.5,96,0.0
DM-06-06-01-03,2026-08-14,63.875,3032.75,96,0.0
DM-06-06-01-03,2026-08-15,74.625,2542.25,96,0.312
DM-06-06-01-03,2026-08-16,71.0,2191.0,96,0.0
DM-06-06-03-01,2026-07-25,112.25,4033.0,96,
DM-06-06-03-01,2026-07-26,96.5,4022.5,96,
DM-06-06-03-01,2026-07-27,100.375,3918.25,96,
DM-06-06-03-01,2026-07-28,87.25,3790.25,96,
DM-06-06-03-01,2026-07-29,87.5,3837.75,96,
DM-06-06-03-01,2026-07-30,86.75,3938.75,96,
DM-06-06-03-01,2026-07-31,93.75,3904.25,96,
DM-06-06-03-01,2026-08-01,99.625,3963.25,96,
DM-06-06-03-01,2026-08-02,97.875,4072.5,96,
DM-06-06-03-01,2026-08-03,98.375,3974.25,96,
DM-06-06-03-01,2026-08-04,88.0,4051.0,96,
DM-06-06-03-01,2026-08-05,102.875,3919.75,96,
DM-06-06-03-01,2026-08-06,117.125,3973.75,96,
DM-06-06-03-01,2026-08-07,100.5,3959.75,96,
DM-06-06-03-01,2026-08-08,123.0,4157.25,96,20.842
DM-06-06-03-01,2026-08-09,99.0,4049.25,96,17.684
DM-06-06-03-01,2026-08-10,106.875,4022.5,96,22.402
DM-06-06-03-01,2026-08-11,108.875,4065.25,96,29.119
DM-06-06-03-01,2026-08-12,98.625,4058.75,96,25.586
DM-06-06-03-01,2026-08-13,124.375,4048.75,96,47.803
DM-06-06-03-01,2026-08-14,95.75,4056.25,96,41.395
DM-06-06-03-01,2026-08-15,104.5,4100.75,96,43.738
DM-06-06-03-01,2026-08-16,95.0,4132.75,96,36.58
DM-06-06-04-01,2026-07-25,114.5,4458.5,96,
DM-06-06-04-01,2026-07-26,101.5,4146.25,96,
DM-06-06-04-01,2026-07-27,107.5,4324.75,96,
DM-06-06-04-01,2026-07-28,105.625,3981.75,96,
DM-06-06-04-01,2026-07-29,115.375,4211.0,96,
DM-06-06-04-01,2026-07-30,96.125,4045.0,96,
DM-06-06-04-01,2026-07-31,102.625,4203.75,96,
DM-06-06-04-01,2026-08-01,108.375,4243.75,96,
DM-06-06-04-01,2026-08-02,99.875,4158.25,96,
DM-06-06-04-01,2026-08-03,98.5,4313.25,96,
DM-06-06-04-01,2026-08-04,101.625,4380.25,96,
DM-06-06-04-01,2026-08-05,126.125,4380.25,96,
DM-06-06-04-01,2026-08-06,104.0,4263.75,96,
DM-06-06-04-01,2026-08-07,103.25,4412.75,96,
DM-06-06-04-01,2026-08-08,107.25,4304.0,96,0.0
DM-06-06-04-01,2026-08-09,107.0,4249.25,96,0.0
DM-06-06-04-01,2026-08-10,102.625,4255.5,96,0.0
DM-06-06-04-01,2026-08-11,115.375,4438.0,96,5.461
DM-06-06-04-01,2026-08-12,109.0,4212.0,96,4.548
DM-06-06-04-01,2026-08-13,102.5,4378.75,96,0.0
DM-06-06-04-01,2026-08-14,108.875,4327.0,96,0.0
DM-06-06-04-01,2026-08-15,106.625,4363.5,96,0.0
DM-06-06-04-01,2026-08-16,105.5,4193.5,96,0.0
DM-06-06-06-02,2026-07-25,103.875,4281.5,96,
DM-06-06-06-02,2026-07-26,104.875,4225.5,96,
DM-06-06-06-02,2026-07-27,104.625,4337.25,96,
DM-06-06-06-02,2026-07-28,102.625,4156.25,96,
DM-06-06-06-02,2026-07-29,106.375,4194.75,96,
DM-06-06-06-02,2026-07-30,117.625,4284.75,96,
DM-06-06-06-02,2026-07-31,114.75,4173.75,96,
DM-06-06-06-02,2026-08-01,106.75,4297.0,96,
DM-06-06-06-02,2026-08-02,123.25,4263.25,96,
DM-06-06-06-02,2026-08-03,109.875,4176.5,96,
DM-06-06-06-02,2026-08-04,117.0,4214.5,96,
DM-06-06-06-02,2026-08-05,110.875,4277.75,96,
DM-06-06-06-02,2026-08-06,116.25,4222.25,96,
DM-06-06-06-02,2026-08-07,115.375,4286.5,96,
DM-06-06-06-02,2026-08-08,109.375,4508.25,96,0.0
DM-06-06-06-02,2026-08-09,121.25,4498.75,96,7.163
DM-06-06-06-02,2026-08-10,130.125,4181.25,96,23.201
DM-06-06-06-02,2026-08-11,133.75,4315.0,96,42.865
DM-06-06-06-02,2026-08-12,127.625,4356.5,96,56.403
DM-06-06-06-02,2026-08-13,131.0,4398.75,96,73.316
DM-06-06-06-02,2026-08-14,126.75,4215.5,96,85.979
DM-06-06-06-02,2026-08-15,127.125,4383.25,96,99.017
DM-06-06-06-02,2026-08-16,112.75,4409.0,96,97.68
DM-06-06-06-03,2026-07-25,134.375,4695.0,96,
DM-06-06-06-03,2026-07-26,157.25,4588.25,96,
DM-06-06-06-03,2026-07-27,129.75,4561.25,96,
DM-06-06-06-03,2026-07-28,125.125,4683.5,96,
DM-06-06-06-03,2026-07-29,130.75,4505.5,96,
DM-06-06-06-03,2026-07-30,125.25,4546.0,96,
DM-06-06-06-03,2026-07-31,136.5,4468.25,96,
DM-06-06-06-03,2026-08-01,129.875,4693.5,96,
DM-06-06-06-03,2026-08-02,132.625,4435.0,96,
DM-06-06-06-03,2026-08-03,138.25,4448.0,96,
DM-06-06-06-03,2026-08-04,126.875,4627.0,96,
DM-06-06-06-03,2026-08-05,142.375,4538.5,96,
DM-06-06-06-03,2026-08-06,146.125,4579.75,96,
DM-06-06-06-03,2026-08-07,145.625,4672.0,96,
DM-06-06-06-03,2026-08-08,158.875,4823.0,96,18.621
DM-06-06-06-03,2026-08-09,146.125,4557.5,96,24.491
DM-06-06-06-03,2026-08-10,142.5,4458.25,96,26.737
DM-06-06-06-03,2026-08-11,143.875,4622.75,96,30.358
DM-06-06-06-03,2026-08-12,137.625,4504.0,96,27.728
DM-06-06-06-03,2026-08-13,148.75,4637.5,96,36.224
DM-06-06-06-03,2026-08-14,142.5,4523.5,96,38.47
DM-06-06-06-03,2026-08-15,139.25,4581.5,96,37.466
DM-06-06-06-03,2026-08-16,150.5,4567.75,96,47.711
DM-06-06-06-04,2026-07-25,90.5,3650.25,96,
DM-06-06-06-04,2026-07-26,99.875,3604.5,96,
DM-06-06-06-04,2026-07-27,91.25,3774.25,96,
DM-06-06-06-04,2026-07-28,85.625,3605.0,96,
DM-06-06-06-04,2026-07-29,85.25,3548.75,96,
DM-06-06-06-04,2026-07-30,87.5,3473.0,96,
DM-06-06-06-04,2026-07-31,80.75,3467.75,96,
DM-06-06-06-04,2026-08-01,125.5,3533.5,96,
DM-06-06-06-04,2026-08-02,76.375,3540.0,96,
DM-06-06-06-04,2026-08-03,84.625,3444.0,96,
DM-06-06-06-04,2026-08-04,119.5,3673.25,96,
DM-06-06-06-04,2026-08-05,75.375,3455.5,96,
DM-06-06-06-04,2026-08-06,105.5,3589.0,96,
DM-06-06-06-04,2026-08-07,103.25,3623.25,96,
DM-06-06-06-04,2026-08-08,91.375,3537.25,96,0.0
DM-06-06-06-04,2026-08-09,105.875,3639.5,96,4.894
DM-06-06-06-04,2026-08-10,119.75,3595.5,96,23.663
DM-06-06-06-04,2026-08-11,81.125,3479.75,96,3.808
DM-06-06-06-04,2026-08-12,129.75,3642.0,96,32.577
DM-06-06-06-04,2026-08-13,83.25,3619.5,96,14.846
DM-06-06-06-04,2026-08-14,79.75,3582.75,96,0.0
DM-06-06-06-04,2026-08-15,96.0,3628.75,96,0.0
DM-06-06-06-04,2026-08-16,119.75,3470.5,96,18.769
DM-06-06-07-01,2026-07-25,81.5,3144.0,96,
DM-06-06-07-01,2026-07-26,74.75,3153.75,96,
DM-06-06-07-01,2026-07-27,81.375,3164.25,96,
DM-06-06-07-01,2026-07-28,91.0,3208.5,96,
DM-06-06-07-01,2026-07-29,82.5,3155.25,96,
DM-06-06-07-01,2026-07-30,79.0,3150.5,96,
DM-06-06-07-01,2026-07-31,79.375,3109.25,96,
DM-06-06-07-01,2026-08-01,86.5,3183.5,96,
DM-06-06-07-01,2026-08-02,84.125,3294.0,96,
DM-06-06-07-01,2026-08-03,92.125,3251.75,96,
DM-06-06-07-01,2026-08-04,87.875,3225.75,96,
DM-06-06-07-01,2026-08-05,84.25,3263.25,96,
DM-06-06-07-01,2026-08-06,85.0,3224.5,96,
DM-06-06-07-01,2026-08-07,90.0,3266.25,96,
DM-06-06-07-01,2026-08-08,96.25,3231.5,96,9.619
DM-06-06-07-01,2026-08-09,86.125,3284.0,96,9.113
DM-06-06-07-01,2026-08-10,83.0,3180.75,96,5.482
DM-06-06-07-01,2026-08-11,87.0,3198.0,96,5.851
DM-06-06-07-01,2026-08-12,86.0,3287.5,96,5.219
DM-06-06-07-01,2026-08-13,87.0,3257.75,96,5.588
DM-06-06-07-01,2026-08-14,88.25,3265.75,96,7.207
DM-06-06-07-01,2026-08-15,87.75,3316.0,96,8.326
DM-06-06-07-01,2026-08-16,85.875,3372.75,96,7.57
DM-06-06-07-03,2026-07-25,264.75,9721.25,96,
DM-06-06-07-03,2026-07-26,302.25,9644.25,96,
DM-06-06-07-03,2026-07-27,272.875,9685.25,96,
DM-06-06-07-03,2026-07-28,300.0,9818.75,96,
DM-06-06-07-03,2026-07-29,279.625,9713.5,96,
DM-06-06-07-03,2026-07-30,264.5,9665.25,96,
DM-06-06-07-03,2026-07-31,275.875,9734.25,96,
DM-06-06-07-03,2026-08-01,264.375,9943.75,96,
DM-06-06-07-03,2026-08-02,288.625,9524.25,96,
DM-06-06-07-03,2026-08-03,285.375,9864.25,96,
DM-06-06-07-03,2026-08-04,349.875,10130.5,96,
DM-06-06-07-03,2026-08-05,360.375,10063.75,96,
DM-06-06-07-03,2026-08-06,303.0,10090.0,96,
DM-06-06-07-03,2026-08-07,319.875,10392.0,96,
DM-06-06-07-03,2026-08-08,318.875,10284.0,96,9.106
DM-06-06-07-03,2026-08-09,324.375,9888.25,96,23.711
DM-06-06-07-03,2026-08-10,345.0,9954.5,96,58.942
DM-06-06-07-03,2026-08-11,361.375,10132.0,96,110.548
DM-06-06-07-03,2026-08-12,288.75,10324.5,96,89.528
DM-06-06-07-03,2026-08-13,327.875,10124.0,96,107.634
DM-06-06-07-03,2026-08-14,371.25,10147.75,96,169.115
DM-06-06-07-03,2026-08-15,352.375,9998.25,96,211.72
DM-06-06-07-03,2026-08-16,346.75,9989.25,96,248.701
DM-06-06-08-01,2026-07-25,125.125,4191.75,96,
DM-06-06-08-01,2026-07-26,127.125,4218.0,96,
DM-06-06-08-01,2026-07-27,128.25,4187.25,96,
DM-06-06-08-01,2026-07-28,131.75,4193.5,96,
DM-06-06-08-01,2026-07-29,130.125,4198.25,96,
DM-06-06-08-01,2026-07-30,131.0,4219.0,96,
DM-06-06-08-01,2026-07-31,125.0,4140.25,96,
DM-06-06-08-01,2026-08-01,126.375,4204.25,96,
DM-06-06-08-01,2026-08-02,127.75,4227.5,96,
DM-06-06-08-01,2026-08-03,134.375,4309.25,96,
DM-06-06-08-01,2026-08-04,132.75,4319.25,96,
DM-06-06-08-01,2026-08-05,125.875,4253.0,96,
DM-06-06-08-01,2026-08-06,129.875,4251.25,96,
DM-06-06-08-01,2026-08-07,127.75,4260.25,96,
DM-06-06-08-01,2026-08-08,128.125,4263.5,96,0.0
DM-06-06-08-01,2026-08-09,132.75,4296.0,96,2.549
DM-06-06-08-01,2026-08-10,139.75,4293.5,96,12.097
DM-06-06-08-01,2026-08-11,126.625,4319.5,96,8.521
DM-06-06-08-01,2026-08-12,137.0,4348.75,96,15.319
DM-06-06-08-01,2026-08-13,129.5,4346.25,96,14.618
DM-06-06-08-01,2026-08-14,132.0,4352.5,96,16.416
DM-06-06-08-01,2026-08-15,126.0,4266.25,96,12.215
DM-06-06-08-01,2026-08-16,127.375,4309.0,96,9.388
DM-06-06-08-03,2026-07-25,66.375,2277.0,96,
DM-06-06-08-03,2026-07-26,65.625,2269.25,96,
DM-06-06-08-03,2026-07-27,63.375,2253.75,96,
DM-06-06-08-03,2026-07-28,62.375,2203.75,96,
DM-06-06-08-03,2026-07-29,62.375,2211.25,96,
DM-06-06-08-03,2026-07-30,63.625,2225.0,96,
DM-06-06-08-03,2026-07-31,65.375,2213.0,96,
DM-06-06-08-03,2026-08-01,66.5,2259.25,96,
DM-06-06-08-03,2026-08-02,64.0,2276.0,96,
DM-06-06-08-03,2026-08-03,43.625,1374.5,96,
DM-06-06-08-03,2026-08-04,64.375,2307.5,96,
DM-06-06-08-03,2026-08-05,63.125,2228.75,96,
DM-06-06-08-03,2026-08-06,67.75,2252.5,96,
DM-06-06-08-03,2026-08-07,66.0,2263.25,96,
DM-06-06-08-03,2026-08-08,68.75,2265.5,96,2.746
DM-06-06-08-03,2026-08-09,65.625,2275.25,96,2.368
DM-06-06-08-03,2026-08-10,80.25,2336.75,96,16.614
DM-06-06-08-03,2026-08-11,66.875,2300.75,96,17.486
DM-06-06-08-03,2026-08-12,66.25,2292.25,96,17.732
DM-06-06-08-03,2026-08-13,67.75,2322.0,96,19.479
DM-06-06-08-03,2026-08-14,67.875,2301.0,96,21.35
DM-06-06-08-03,2026-08-15,63.75,2291.0,96,19.097
DM-06-06-08-03,2026-08-16,65.375,2286.5,96,18.468
DM-06-06-09-02,2026-07-25,102.125,3880.75,96,
DM-06-06-09-02,2026-07-26,118.25,3941.75,96,
DM-06-06-09-02,2026-07-27,111.875,4028.0,96,
DM-06-06-09-02,2026-07-28,101.0,3957.25,96,
DM-06-06-09-02,2026-07-29,125.75,4042.25,96,
DM-06-06-09-02,2026-07-30,98.75,3898.5,96,
DM-06-06-09-02,2026-07-31,120.875,3971.25,96,
DM-06-06-09-02,2026-08-01,138.75,4004.75,96,
DM-06-06-09-02,2026-08-02,102.5,3896.25,96,
DM-06-06-09-02,2026-08-03,105.125,3910.5,96,
DM-06-06-09-02,2026-08-04,7.0,3492.75,96,
DM-06-06-09-02,2026-08-05,111.75,3610.75,96,
DM-06-06-09-02,2026-08-06,99.25,3904.5,96,
DM-06-06-09-02,2026-08-07,134.875,3959.5,96,
DM-06-06-09-02,2026-08-08,128.0,4029.75,96,7.387
DM-06-06-09-02,2026-08-09,128.25,3973.25,96,15.024
DM-06-06-09-02,2026-08-10,30.625,3753.5,96,0.0
DM-06-06-09-02,2026-08-11,120.875,3116.5,96,0.262
DM-06-06-09-02,2026-08-12,130.625,3895.25,96,10.274
DM-06-06-09-02,2026-08-13,6.875,3570.5,96,0.0
DM-06-06-09-02,2026-08-14,104.125,3409.5,96,0.0
DM-06-06-09-02,2026-08-15,51.375,3659.75,96,0.0
DM-06-06-09-02,2026-08-16,66.0,2854.25,96,0.0
DM-06-06-10-02,2026-07-25,30.0,1311.0,96,
DM-06-06-10-02,2026-07-26,33.875,1482.25,96,
DM-06-06-10-02,2026-07-27,29.625,1290.25,96,
DM-06-06-10-02,2026-07-28,33.0,1551.25,96,
DM-06-06-10-02,2026-07-29,33.25,1337.25,96,
DM-06-06-10-02,2026-07-30,29.875,1566.0,96,
DM-06-06-10-02,2026-07-31,28.625,1315.75,96,
DM-06-06-10-02,2026-08-01,35.75,1608.0,96,
DM-06-06-10-02,2026-08-02,32.5,1442.25,96,
DM-06-06-10-02,2026-08-03,29.0,1561.25,96,
DM-06-06-10-02,2026-08-04,34.875,1358.25,96,
DM-06-06-10-02,2026-08-05,34.125,1580.5,96,
DM-06-06-10-02,2026-08-06,37.875,1380.75,96,
DM-06-06-10-02,2026-08-07,35.375,1504.5,96,
DM-06-06-10-02,2026-08-08,39.125,1528.75,96,5.047
DM-06-06-10-02,2026-08-09,44.5,1787.5,96,15.47
DM-06-06-10-02,2026-08-10,39.75,1390.75,96,21.142
DM-06-06-10-02,2026-08-11,41.0,1613.75,96,28.064
DM-06-06-10-02,2026-08-12,44.375,1343.25,96,38.362
DM-06-06-10-02,2026-08-13,33.5,1523.75,96,37.784
DM-06-06-10-02,2026-08-14,30.25,1433.25,96,33.956
DM-06-06-10-02,2026-08-15,30.875,1571.25,96,30.754
DM-06-06-10-02,2026-08-16,28.0,1329.75,96,24.676
DM-06-06-11-01,2026-07-25,51.75,1532.5,96,
DM-06-06-11-01,2026-07-26,63.375,1891.5,96,
DM-06-06-11-01,2026-07-27,52.375,1674.25,96,
DM-06-06-11-01,2026-07-28,36.875,1144.0,96,
DM-06-06-11-01,2026-07-29,38.5,1155.0,96,
DM-06-06-11-01,2026-07-30,37.375,1180.0,96,
DM-06-06-11-01,2026-07-31,59.125,1641.0,96,
DM-06-06-11-01,2026-08-01,53.0,1312.25,96,
DM-06-06-11-01,2026-08-02,38.25,1202.5,96,
DM-06-06-11-01,2026-08-03,59.0,1710.0,96,
DM-06-06-11-01,2026-08-04,61.625,1450.25,96,
DM-06-06-11-01,2026-08-05,42.625,1404.5,96,
DM-06-06-11-01,2026-08-06,42.625,1672.0,96,
DM-06-06-11-01,2026-08-07,54.875,1297.5,96,
DM-06-06-11-01,2026-08-08,34.5,1214.5,96,0.0
DM-06-06-11-01,2026-08-09,41.75,1546.0,96,0.0
DM-06-06-11-01,2026-08-10,56.5,1766.0,96,2.439
DM-06-06-11-01,2026-08-11,53.375,1475.25,96,1.752
DM-06-06-11-01,2026-08-12,45.375,1325.75,96,0.0
DM-06-06-11-01,2026-08-13,60.375,1603.5,96,6.314
DM-06-06-11-01,2026-08-14,31.25,1435.5,96,0.0
DM-06-06-11-01,2026-08-15,61.0,1712.75,96,6.939
DM-06-06-11-01,2026-08-16,42.0,1264.0,96,0.0
DM-06-06-12-01,2026-07-25,53.875,1805.25,96,
DM-06-06-12-01,2026-07-26,31.5,1438.0,96,
DM-06-06-12-01,2026-07-27,30.125,1821.5,96,
DM-06-06-12-01,2026-07-28,37.375,1458.5,96,
DM-06-06-12-01,2026-07-29,40.625,1383.75,96,
DM-06-06-12-01,2026-07-30,38.75,1649.25,96,
DM-06-06-12-01,2026-07-31,37.75,1778.25,96,
DM-06-06-12-01,2026-08-01,38.125,1586.0,96,
DM-06-06-12-01,2026-08-02,32.125,1333.75,96,
DM-06-06-12-01,2026-08-03,39.625,1822.5,96,
DM-06-06-12-01,2026-08-04,50.25,1904.75,96,
DM-06-06-12-01,2026-08-05,58.375,1937.25,96,
DM-06-06-12-01,2026-08-06,36.875,1893.0,96,
DM-06-06-12-01,2026-08-07,38.75,1714.0,96,
DM-06-06-12-01,2026-08-08,37.25,1533.5,96,0.0
DM-06-06-12-01,2026-08-09,48.75,1500.5,96,4.458
DM-06-06-12-01,2026-08-10,83.25,2324.25,96,43.417
DM-06-06-12-01,2026-08-11,61.875,1978.75,96,61.0
DM-06-06-12-01,2026-08-12,68.875,1588.5,96,85.583
DM-06-06-12-01,2026-08-13,81.0,2142.75,96,122.292
DM-06-06-12-01,2026-08-14,40.625,2053.25,96,118.625
DM-06-06-12-01,2026-08-15,33.25,1545.25,96,107.583
DM-06-06-12-01,2026-08-16,29.5,1245.25,96,92.792
DM-07-01-03-01,2026-07-25,161.5,5382.5,96,
DM-07-01-03-01,2026-07-26,137.625,5112.5,96,
DM-07-01-03-01,2026-07-27,132.875,5557.0,96,
DM-07-01-03-01,2026-07-28,161.75,4964.25,96,
DM-07-01-03-01,2026-07-29,133.5,4929.75,96,
DM-07-01-03-01,2026-07-30,167.0,5455.75,96,
DM-07-01-03-01,2026-07-31,145.375,5445.25,96,
DM-07-01-03-01,2026-08-01,145.5,5429.25,96,
DM-07-01-03-01,2026-08-02,138.125,4852.0,96,
DM-07-01-03-01,2026-08-03,126.875,5843.25,96,
DM-07-01-03-01,2026-08-04,165.75,6007.75,96,
DM-07-01-03-01,2026-08-05,140.0,5951.0,96,
DM-07-01-03-01,2026-08-06,156.625,5873.75,96,
DM-07-01-03-01,2026-08-07,145.375,5445.25,96,
DM-07-01-03-01,2026-08-08,143.125,5230.25,96,0.0
DM-07-01-03-01,2026-08-09,142.625,5075.5,96,0.0
DM-07-01-03-01,2026-08-10,155.5,5840.0,96,2.125
DM-07-01-03-01,2026-08-11,185.625,6147.0,96,34.376
DM-07-01-03-01,2026-08-12,131.875,5239.0,96,12.876
DM-07-01-03-01,2026-08-13,131.0,5935.5,96,0.0
DM-07-01-03-01,2026-08-14,146.375,5749.5,96,0.0
DM-07-01-03-01,2026-08-15,181.875,5598.25,96,28.5
DM-07-01-03-01,2026-08-16,187.625,5306.5,96,62.751
DM-07-01-07-03,2026-07-25,115.875,3859.5,96,
DM-07-01-07-03,2026-07-26,115.875,3859.5,96,
DM-07-01-07-03,2026-07-27,115.875,3859.5,96,
DM-07-01-07-03,2026-07-28,115.875,3859.5,96,
DM-07-01-07-03,2026-07-29,115.875,3859.5,96,
DM-07-01-07-03,2026-07-30,115.875,3859.5,96,
DM-07-01-07-03,2026-07-31,115.875,3859.5,96,
DM-07-01-07-03,2026-08-01,115.875,3859.5,96,
DM-07-01-07-03,2026-08-02,115.875,3859.5,96,
DM-07-01-07-03,2026-08-03,115.875,3859.5,96,
DM-07-01-07-03,2026-08-04,115.875,3859.5,96,
DM-07-01-07-03,2026-08-05,115.875,3859.5,96,
DM-07-01-07-03,2026-08-06,115.875,3859.5,96,
DM-07-01-07-03,2026-08-07,115.875,3859.5,96,
DM-07-01-07-03,2026-08-08,115.875,3859.5,96,0.0
DM-07-01-07-03,2026-08-09,115.875,3859.5,96,0.0
DM-07-01-07-03,2026-08-10,115.875,3859.5,96,0.0
DM-07-01-07-03,2026-08-11,115.875,3859.5,96,0.0
DM-07-01-07-03,2026-08-12,115.875,3859.5,96,0.0
DM-07-01-07-03,2026-08-13,115.875,3859.5,96,0.0
DM-07-01-07-03,2026-08-14,115.875,3859.5,96,0.0
DM-07-01-07-03,2026-08-15,115.875,3859.5,96,0.0
DM-07-01-07-03,2026-08-16,115.875,3859.5,96,0.0
DM-07-01-08-01,2026-07-25,112.875,3887.5,96,
DM-07-01-08-01,2026-07-26,112.875,3887.5,96,
DM-07-01-08-01,2026-07-27,112.875,3887.5,96,
DM-07-01-08-01,2026-07-28,112.875,3887.5,96,
DM-07-01-08-01,2026-07-29,112.875,3887.5,96,
DM-07-01-08-01,2026-07-30,112.875,3887.5,96,
DM-07-01-08-01,2026-07-31,112.875,3887.5,96,
DM-07-01-08-01,2026-08-01,112.875,3887.5,96,
DM-07-01-08-01,2026-08-02,112.875,3887.5,96,
DM-07-01-08-01,2026-08-03,112.875,3887.5,96,
DM-07-01-08-01,2026-08-04,112.875,3887.5,96,
DM-07-01-08-01,2026-08-05,112.875,3887.5,96,
DM-07-01-08-01,2026-08-06,112.875,3887.5,96,
DM-07-01-08-01,2026-08-07,112.875,3887.5,96,
DM-07-01-08-01,2026-08-08,112.875,3887.5,96,0.0
DM-07-01-08-01,2026-08-09,112.875,3887.5,96,0.0
DM-07-01-08-01,2026-08-10,112.875,3887.5,96,0.0
DM-07-01-08-01,2026-08-11,112.875,3887.5,96,0.0
DM-07-01-08-01,2026-08-12,112.875,3887.5,96,0.0
DM-07-01-08-01,2026-08-13,112.875,3887.5,96,0.0
DM-07-01-08-01,2026-08-14,112.875,3887.5,96,0.0
DM-07-01-08-01,2026-08-15,112.875,3887.5,96,0.0
DM-07-01-08-01,2026-08-16,112.875,3887.5,96,0.0
DM-07-04-03-02,2026-07-25,19.812,809.0,96,
DM-07-04-03-02,2026-07-26,19.812,809.0,96,
DM-07-04-03-02,2026-07-27,19.812,809.0,96,
DM-07-04-03-02,2026-07-28,19.812,809.0,96,
DM-07-04-03-02,2026-07-29,19.812,809.0,96,
DM-07-04-03-02,2026-07-30,19.812,809.0,96,
DM-07-04-03-02,2026-07-31,19.812,809.0,96,
DM-07-04-03-02,2026-08-01,19.812,809.0,96,
DM-07-04-03-02,2026-08-02,19.812,809.0,96,
DM-07-04-03-02,2026-08-03,19.812,809.0,96,
DM-07-04-03-02,2026-08-04,19.812,809.0,96,
DM-07-04-03-02,2026-08-05,19.812,809.0,96,
DM-07-04-03-02,2026-08-06,19.812,809.0,96,
DM-07-04-03-02,2026-08-07,19.812,809.0,96,
DM-07-04-03-02,2026-08-08,19.812,809.0,96,0.0
DM-07-04-03-02,2026-08-09,19.812,809.0,96,0.0
DM-07-04-03-02,2026-08-10,19.812,809.0,96,0.0
DM-07-04-03-02,2026-08-11,19.812,809.0,96,0.0
DM-07-04-03-02,2026-08-12,19.812,809.0,96,0.0
DM-07-04-03-02,2026-08-13,19.812,809.0,96,0.0
DM-07-04-03-02,2026-08-14,19.812,809.0,96,0.0
DM-07-04-03-02,2026-08-15,19.812,809.0,96,0.0
DM-07-04-03-02,2026-08-16,19.812,809.0,96,0.0
DM-07-05-02-03,2026-07-25,30.125,979.75,96,
DM-07-05-02-03,2026-07-26,30.5,952.75,96,
DM-07-05-02-03,2026-07-27,26.625,952.0,96,
DM-07-05-02-03,2026-07-28,27.875,906.0,96,
DM-07-05-02-03,2026-07-29,29.125,926.25,96,
DM-07-05-02-03,2026-07-30,29.25,909.5,96,
DM-07-05-02-03,2026-07-31,26.125,930.5,96,
DM-07-05-02-03,2026-08-01,28.125,954.25,96,
DM-07-05-02-03,2026-08-02,30.125,976.5,96,
DM-07-05-02-03,2026-08-03,29.375,995.25,96,
DM-07-05-02-03,2026-08-04,28.5,1020.25,96,
DM-07-05-02-03,2026-08-05,31.0,1040.25,96,
DM-07-05-02-03,2026-08-06,31.5,1008.75,96,
DM-07-05-02-03,2026-08-07,28.625,1019.0,96,
DM-07-05-02-03,2026-08-08,30.75,998.75,96,0.937
DM-07-05-02-03,2026-08-09,30.25,1002.75,96,1.374
DM-07-05-02-03,2026-08-10,31.75,1034.0,96,3.312
DM-07-05-02-03,2026-08-11,34.0,1029.25,96,7.499
DM-07-05-02-03,2026-08-12,34.75,980.25,96,12.436
DM-07-05-02-03,2026-08-13,29.0,1034.75,96,11.623
DM-07-05-02-03,2026-08-14,32.375,1040.75,96,14.186
DM-07-05-02-03,2026-08-15,28.75,993.25,96,13.123
DM-07-05-02-03,2026-08-16,35.375,999.25,96,18.685
DM-07-05-07-01,2026-07-25,128.0,4765.25,96,
DM-07-05-07-01,2026-07-26,108.875,4677.75,96,
DM-07-05-07-01,2026-07-27,107.875,5034.0,96,
DM-07-05-07-01,2026-07-28,111.875,4735.25,96,
DM-07-05-07-01,2026-07-29,114.125,4675.75,96,
DM-07-05-07-01,2026-07-30,133.125,4830.5,96,
DM-07-05-07-01,2026-07-31,100.875,4894.5,96,
DM-07-05-07-01,2026-08-01,110.625,4724.0,96,
DM-07-05-07-01,2026-08-02,106.75,4709.25,96,
DM-07-05-07-01,2026-08-03,116.25,5148.5,96,
DM-07-05-07-01,2026-08-04,109.125,5204.75,96,
DM-07-05-07-01,2026-08-05,116.625,5077.25,96,
DM-07-05-07-01,2026-08-06,105.875,5074.25,96,
DM-07-05-07-01,2026-08-07,116.625,5182.5,96,
DM-07-05-07-01,2026-08-08,120.375,4890.75,96,2.886
DM-07-05-07-01,2026-08-09,115.5,4858.5,96,0.896
DM-07-05-07-01,2026-08-10,111.625,5174.5,96,0.0
DM-07-05-07-01,2026-08-11,131.875,5289.25,96,14.386
DM-07-05-07-01,2026-08-12,129.5,4994.25,96,26.396
DM-07-05-07-01,2026-08-13,120.875,5035.0,96,29.782
DM-07-05-07-01,2026-08-14,102.25,4714.75,96,14.543
DM-07-05-07-01,2026-08-15,127.625,4594.25,96,24.678
DM-07-05-07-01,2026-08-16,113.0,4634.0,96,20.189
DM-07-05-10-02,2026-07-25,61.125,2217.5,96,
DM-07-05-10-02,2026-07-26,58.75,2215.0,96,
DM-07-05-10-02,2026-07-27,71.125,2259.25,96,
DM-07-05-10-02,2026-07-28,73.0,2368.5,96,
DM-07-05-10-02,2026-07-29,62.25,2243.5,96,
DM-07-05-10-02,2026-07-30,64.625,2152.75,96,
DM-07-05-10-02,2026-07-31,59.875,2344.5,96,
DM-07-05-10-02,2026-08-01,66.75,2425.75,96,
DM-07-05-10-02,2026-08-02,75.875,2404.5,96,
DM-07-05-10-02,2026-08-03,60.125,2326.25,96,
DM-07-05-10-02,2026-08-04,67.25,2442.5,96,
DM-07-05-10-02,2026-08-05,58.625,2248.75,96,
DM-07-05-10-02,2026-08-06,64.375,2236.25,96,
DM-07-05-10-02,2026-08-07,65.625,2267.25,96,
DM-07-05-10-02,2026-08-08,61.875,2302.75,96,0.0
DM-07-05-10-02,2026-08-09,64.625,2305.75,96,0.0
DM-07-05-10-02,2026-08-10,62.0,2279.0,96,0.0
DM-07-05-10-02,2026-08-11,59.5,2221.5,96,0.0
DM-07-05-10-02,2026-08-12,72.625,2335.0,96,5.061
DM-07-05-10-02,2026-08-13,63.5,2424.25,96,0.997
DM-07-05-10-02,2026-08-14,63.125,2286.0,96,0.0
DM-07-05-10-02,2026-08-15,60.625,2323.25,96,0.0
DM-07-05-10-02,2026-08-16,60.625,2347.5,96,0.0
DM-07-05-11-02,2026-07-25,57.875,2775.0,96,
DM-07-05-11-02,2026-07-26,65.625,2935.75,96,
DM-07-05-11-02,2026-07-27,78.75,2993.75,96,
DM-07-05-11-02,2026-07-28,59.25,2660.5,96,
DM-07-05-11-02,2026-07-29,66.625,2670.75,96,
DM-07-05-11-02,2026-07-30,71.625,2736.5,96,
DM-07-05-11-02,2026-07-31,57.5,2825.75,96,
DM-07-05-11-02,2026-08-01,59.0,2702.0,96,
DM-07-05-11-02,2026-08-02,63.5,2765.5,96,
DM-07-05-11-02,2026-08-03,66.5,2888.0,96,
DM-07-05-11-02,2026-08-04,83.0,2992.0,96,
DM-07-05-11-02,2026-08-05,63.125,2746.75,96,
DM-07-05-11-02,2026-08-06,58.25,2789.5,96,
DM-07-05-11-02,2026-08-07,60.25,2857.0,96,
DM-07-05-11-02,2026-08-08,61.75,3054.5,96,0.0
DM-07-05-11-02,2026-08-09,67.5,2756.75,96,0.0
DM-07-05-11-02,2026-08-10,71.5,2853.25,96,2.629
DM-07-05-11-02,2026-08-11,66.75,2879.5,96,0.509
DM-07-05-11-02,2026-08-12,62.0,2679.75,96,0.0
DM-07-05-11-02,2026-08-13,73.0,2889.5,96,4.129
DM-07-05-11-02,2026-08-14,64.25,2864.25,96,0.0
DM-07-05-11-02,2026-08-15,73.625,2804.75,96,4.754
DM-07-05-11-02,2026-08-16,61.0,2852.0,96,0.0
DM-07-05-12-04,2026-07-25,69.625,2771.25,96,
DM-07-05-12-04,2026-07-26,69.625,2771.25,96,
DM-07-05-12-04,2026-07-27,69.625,2771.25,96,
DM-07-05-12-04,2026-07-28,69.625,2771.25,96,
DM-07-05-12-04,2026-07-29,69.625,2771.25,96,
DM-07-05-12-04,2026-07-30,69.625,2771.25,96,
DM-07-05-12-04,2026-07-31,69.625,2771.25,96,
DM-07-05-12-04,2026-08-01,69.625,2771.25,96,
DM-07-05-12-04,2026-08-02,69.625,2771.25,96,
DM-07-05-12-04,2026-08-03,69.625,2771.25,96,
DM-07-05-12-04,2026-08-04,69.625,2771.25,96,
DM-07-05-12-04,2026-08-05,69.625,2771.25,96,
DM-07-05-12-04,2026-08-06,69.625,2771.25,96,
DM-07-05-12-04,2026-08-07,69.625,2771.25,96,
DM-07-05-12-04,2026-08-08,69.625,2771.25,96,0.0
DM-07-05-12-04,2026-08-09,69.625,2771.25,96,0.0
DM-07-05-12-04,2026-08-10,69.625,2771.25,96,0.0
DM-07-05-12-04,2026-08-11,69.625,2771.25,96,0.0
DM-07-05-12-04,2026-08-12,69.625,2771.25,96,0.0
DM-07-05-12-04,2026-08-13,69.625,2771.25,96,0.0
DM-07-05-12-04,2026-08-14,69.625,2771.25,96,0.0
DM-07-05-12-04,2026-08-15,69.625,2771.25,96,0.0
DM-07-05-12-04,2026-08-16,69.625,2771.25,96,0.0
DM-07-05-15-01,2026-07-25,62.875,2609.0,96,
DM-07-05-15-01,2026-07-26,62.875,2609.0,96,
DM-07-05-15-01,2026-07-27,62.875,2609.0,96,
DM-07-05-15-01,2026-07-28,62.875,2609.0,96,
DM-07-05-15-01,2026-07-29,62.875,2609.0,96,
DM-07-05-15-01,2026-07-30,62.875,2609.0,96,
DM-07-05-15-01,2026-07-31,62.875,2609.0,96,
DM-07-05-15-01,2026-08-01,62.875,2609.0,96,
DM-07-05-15-01,2026-08-02,62.875,2609.0,96,
DM-07-05-15-01,2026-08-03,62.875,2609.0,96,
DM-07-05-15-01,2026-08-04,62.875,2609.0,96,
DM-07-05-15-01,2026-08-05,62.875,2609.0,96,
DM-07-05-15-01,2026-08-06,62.875,2609.0,96,
DM-07-05-15-01,2026-08-07,62.875,2609.0,96,
DM-07-05-15-01,2026-08-08,62.875,2609.0,96,0.0
DM-07-05-15-01,2026-08-09,62.875,2609.0,96,0.0
DM-07-05-15-01,2026-08-10,62.875,2609.0,96,0.0
DM-07-05-15-01,2026-08-11,62.875,2609.0,96,0.0
DM-07-05-15-01,2026-08-12,62.875,2609.0,96,0.0
DM-07-05-15-01,2026-08-13,62.875,2609.0,96,0.0
DM-07-05-15-01,2026-08-14,62.875,2609.0,96,0.0
DM-07-05-15-01,2026-08-15,62.875,2609.0,96,0.0
DM-07-05-15-01,2026-08-16,62.875,2609.0,96,0.0
DM-11-03-01-01,2026-07-25,84.75,2984.75,96,
DM-11-03-01-01,2026-07-26,81.375,2946.5,96,
DM-11-03-01-01,2026-07-27,85.25,2847.5,96,
DM-11-03-01-01,2026-07-28,80.125,2787.5,96,
DM-11-03-01-01,2026-07-29,79.625,2826.0,96,
DM-11-03-01-01,2026-07-30,79.625,2923.25,96,
DM-11-03-01-01,2026-07-31,86.125,2909.5,96,
DM-11-03-01-01,2026-08-01,82.75,2962.75,96,
DM-11-03-01-01,2026-08-02,78.125,2869.75,96,
DM-11-03-01-01,2026-08-03,81.125,2907.0,96,
DM-11-03-01-01,2026-08-04,82.25,2876.75,96,
DM-11-03-01-01,2026-08-05,79.625,2790.5,96,
DM-11-03-01-01,2026-08-06,82.25,2817.75,96,
DM-11-03-01-01,2026-08-07,87.0,2858.5,96,
DM-11-03-01-01,2026-08-08,78.5,2892.75,96,0.0
DM-11-03-01-01,2026-08-09,86.125,2880.0,96,2.665
DM-11-03-01-01,2026-08-10,85.25,2852.25,96,4.455
DM-11-03-01-01,2026-08-11,82.5,2854.25,96,3.495
DM-11-03-01-01,2026-08-12,81.625,2866.0,96,1.66
DM-11-03-01-01,2026-08-13,86.25,2892.25,96,4.45
DM-11-03-01-01,2026-08-14,81.75,2899.0,96,2.74
DM-11-03-01-01,2026-08-15,81.0,2980.25,96,0.28
DM-11-03-01-01,2026-08-16,82.25,2949.25,96,0.0
DM-11-03-01-02,2026-07-25,54.5,1894.75,96,
DM-11-03-01-02,2026-07-26,54.0,2168.0,96,
DM-11-03-01-02,2026-07-27,55.0,1829.25,96,
DM-11-03-01-02,2026-07-28,53.0,1800.5,96,
DM-11-03-01-02,2026-07-29,54.375,1795.5,96,
DM-11-03-01-02,2026-07-30,53.0,1782.0,96,
DM-11-03-01-02,2026-07-31,52.375,1742.5,96,
DM-11-03-01-02,2026-08-01,51.875,1823.25,96,
DM-11-03-01-02,2026-08-02,51.625,1784.5,96,
DM-11-03-01-02,2026-08-03,52.375,1781.0,96,
DM-11-03-01-02,2026-08-04,52.25,1790.25,96,
DM-11-03-01-02,2026-08-05,55.0,1782.0,96,
DM-11-03-01-02,2026-08-06,52.25,1813.5,96,
DM-11-03-01-02,2026-08-07,55.25,1848.0,96,
DM-11-03-01-02,2026-08-08,54.625,1883.0,96,0.656
DM-11-03-01-02,2026-08-09,56.5,1876.25,96,3.187
DM-11-03-01-02,2026-08-10,53.75,1830.5,96,2.969
DM-11-03-01-02,2026-08-11,52.75,1832.75,96,1.75
DM-11-03-01-02,2026-08-12,54.375,1947.5,96,2.156
DM-11-03-01-02,2026-08-13,56.0,1864.25,96,4.187
DM-11-03-01-02,2026-08-14,54.375,1869.25,96,4.593
DM-11-03-01-02,2026-08-15,55.0,1925.75,96,5.624
DM-11-03-01-02,2026-08-16,55.625,1909.0,96,7.281
DM-11-03-05-01,2026-07-25,68.375,3049.25,96,
DM-11-03-05-01,2026-07-26,71.0,2989.25,96,
DM-11-03-05-01,2026-07-27,70.375,2701.25,96,
DM-11-03-05-01,2026-07-28,68.125,2462.0,96,
DM-11-03-05-01,2026-07-29,51.0,2352.25,96,
DM-11-03-05-01,2026-07-30,78.75,2513.75,96,
DM-11-03-05-01,2026-07-31,71.375,2689.25,96,
DM-11-03-05-01,2026-08-01,56.75,2722.25,96,
DM-11-03-05-01,2026-08-02,66.625,2706.75,96,
DM-11-03-05-01,2026-08-03,60.5,2824.25,96,
DM-11-03-05-01,2026-08-04,62.375,2808.5,96,
DM-11-03-05-01,2026-08-05,90.125,2762.75,96,
DM-11-03-05-01,2026-08-06,56.5,2705.5,96,
DM-11-03-05-01,2026-08-07,69.25,2708.0,96,
DM-11-03-05-01,2026-08-08,85.375,2772.25,96,13.405
DM-11-03-05-01,2026-08-09,59.75,2713.5,96,1.184
DM-11-03-05-01,2026-08-10,60.0,2752.5,96,0.0
DM-11-03-05-01,2026-08-11,64.125,2781.75,96,0.0
DM-11-03-05-01,2026-08-12,62.375,2635.0,96,0.0
DM-11-03-05-01,2026-08-13,67.875,2707.75,96,0.0
DM-11-03-05-01,2026-08-14,81.375,2701.0,96,9.405
DM-11-03-05-01,2026-08-15,53.125,2610.5,96,0.0
DM-11-03-05-01,2026-08-16,65.5,2588.25,96,0.0
DM-11-03-06-01,2026-07-25,111.75,4280.0,96,
DM-11-03-06-01,2026-07-26,143.25,4224.0,96,
DM-11-03-06-01,2026-07-27,166.875,4468.5,96,
DM-11-03-06-01,2026-07-28,92.625,4070.75,96,
DM-11-03-06-01,2026-07-29,136.375,4263.5,96,
DM-11-03-06-01,2026-07-30,92.25,4302.0,96,
DM-11-03-06-01,2026-07-31,88.25,4126.5,96,
DM-11-03-06-01,2026-08-01,88.0,4004.5,96,
DM-11-03-06-01,2026-08-02,143.0,4179.5,96,
DM-11-03-06-01,2026-08-03,155.625,4399.75,96,
DM-11-03-06-01,2026-08-04,90.125,4155.5,96,
DM-11-03-06-01,2026-08-05,99.875,4548.0,96,
DM-11-03-06-01,2026-08-06,126.0,4805.0,96,
DM-11-03-06-01,2026-08-07,85.875,4213.5,96,
DM-11-03-06-01,2026-08-08,80.25,4114.25,96,0.0
DM-11-03-06-01,2026-08-09,161.125,4222.75,96,31.62
DM-11-03-06-01,2026-08-10,152.5,4391.0,96,54.616
DM-11-03-06-01,2026-08-11,97.375,4139.75,96,22.486
DM-11-03-06-01,2026-08-12,81.875,3993.25,96,0.0
DM-11-03-06-01,2026-08-13,152.25,4428.75,96,22.745
DM-11-03-06-01,2026-08-14,94.625,4112.25,96,0.0
DM-11-03-06-01,2026-08-15,80.625,4061.75,96,0.0
DM-11-03-06-01,2026-08-16,146.625,4180.25,96,17.12
DM-11-03-32-01,2026-07-25,161.875,5653.25,96,
DM-11-03-32-01,2026-07-26,175.5,5659.5,96,
DM-11-03-32-01,2026-07-27,154.25,5329.5,96,
DM-11-03-32-01,2026-07-28,144.375,5362.75,96,
DM-11-03-32-01,2026-07-29,141.25,5347.25,96,
DM-11-03-32-01,2026-07-30,150.625,5429.0,96,
DM-11-03-32-01,2026-07-31,164.0,5415.25,96,
DM-11-03-32-01,2026-08-01,156.375,5499.75,96,
DM-11-03-32-01,2026-08-02,158.75,5663.0,96,
DM-11-03-32-01,2026-08-03,154.5,5531.75,96,
DM-11-03-32-01,2026-08-04,130.375,5484.75,96,
DM-11-03-32-01,2026-08-05,163.875,5524.25,96,
DM-11-03-32-01,2026-08-06,165.125,5627.0,96,
DM-11-03-32-01,2026-08-07,173.25,5580.0,96,
DM-11-03-32-01,2026-08-08,168.5,5594.25,96,5.852
DM-11-03-32-01,2026-08-09,159.375,5686.75,96,2.58
DM-11-03-32-01,2026-08-10,153.75,5539.25,96,0.0
DM-11-03-32-01,2026-08-11,156.75,5514.25,96,0.0
DM-11-03-32-01,2026-08-12,156.75,5670.75,96,0.0
DM-11-03-32-01,2026-08-13,166.5,5635.0,96,3.852
DM-11-03-32-01,2026-08-14,158.0,5637.5,96,0.0
DM-11-03-32-01,2026-08-15,160.25,5775.75,96,0.0
DM-11-03-32-01,2026-08-16,165.875,5836.25,96,3.227
DM-11-03-33-01,2026-07-25,183.0,6508.0,96,
DM-11-03-33-01,2026-07-26,173.875,6393.75,96,
DM-11-03-33-01,2026-07-27,195.625,6270.25,96,
DM-11-03-33-01,2026-07-28,204.5,6361.5,96,
DM-11-03-33-01,2026-07-29,179.0,6350.25,96,
DM-11-03-33-01,2026-07-30,169.375,6082.5,96,
DM-11-03-33-01,2026-07-31,177.625,6301.75,96,
DM-11-03-33-01,2026-08-01,199.75,6512.25,96,
DM-11-03-33-01,2026-08-02,178.875,6460.75,96,
DM-11-03-33-01,2026-08-03,191.875,6550.0,96,
DM-11-03-33-01,2026-08-04,185.25,6447.0,96,
DM-11-03-33-01,2026-08-05,184.5,6258.75,96,
DM-11-03-33-01,2026-08-06,192.5,6265.0,96,
DM-11-03-33-01,2026-08-07,175.75,6393.75,96,
DM-11-03-33-01,2026-08-08,174.25,6540.75,96,0.0
DM-11-03-33-01,2026-08-09,185.0,6496.25,96,0.0
DM-11-03-33-01,2026-08-10,175.625,6326.75,96,0.0
DM-11-03-33-01,2026-08-11,187.125,6264.5,96,0.0
DM-11-03-33-01,2026-08-12,172.625,6336.75,96,0.0
DM-11-03-33-01,2026-08-13,180.0,6219.25,96,0.0
DM-11-03-33-01,2026-08-14,175.75,6338.5,96,0.0
DM-11-03-33-01,2026-08-15,155.5,6323.25,96,0.0
DM-11-03-33-01,2026-08-16,202.0,6438.0,96,11.893
DM-11-03-41-01,2026-07-25,122.875,4573.25,96,
DM-11-03-41-01,2026-07-26,118.0,4553.75,96,
DM-11-03-41-01,2026-07-27,119.125,4491.75,96,
DM-11-03-41-01,2026-07-28,119.25,4456.0,96,
DM-11-03-41-01,2026-07-29,114.125,4392.75,96,
DM-11-03-41-01,2026-07-30,117.375,4414.5,96,
DM-11-03-41-01,2026-07-31,109.75,4297.5,96,
DM-11-03-41-01,2026-08-01,115.75,4403.5,96,
DM-11-03-41-01,2026-08-02,119.0,4455.0,96,
DM-11-03-41-01,2026-08-03,116.5,4429.5,96,
DM-11-03-41-01,2026-08-04,123.875,4363.25,96,
DM-11-03-41-01,2026-08-05,117.5,4329.75,96,
DM-11-03-41-01,2026-08-06,117.125,4354.5,96,
DM-11-03-41-01,2026-08-07,119.625,4421.25,96,
DM-11-03-41-01,2026-08-08,119.25,4427.0,96,0.0
DM-11-03-41-01,2026-08-09,112.0,4404.5,96,0.0
DM-11-03-41-01,2026-08-10,115.5,4353.5,96,0.0
DM-11-03-41-01,2026-08-11,118.875,4334.25,96,0.0
DM-11-03-41-01,2026-08-12,115.625,4424.75,96,0.0
DM-11-03-41-01,2026-08-13,115.0,4377.0,96,0.0
DM-11-03-41-01,2026-08-14,116.375,4404.0,96,0.0
DM-11-03-41-01,2026-08-15,114.0,4486.75,96,0.0
DM-11-03-41-01,2026-08-16,112.375,4464.25,96,0.0
DM-11-03-43-01,2026-07-25,88.625,3333.25,96,
DM-11-03-43-01,2026-07-26,91.125,3331.75,96,
DM-11-03-43-01,2026-07-27,90.875,3257.25,96,
DM-11-03-43-01,2026-07-28,88.375,3230.25,96,
DM-11-03-43-01,2026-07-29,91.25,3233.75,96,
DM-11-03-43-01,2026-07-30,87.5,3279.25,96,
DM-11-03-43-01,2026-07-31,95.875,3283.75,96,
DM-11-03-43-01,2026-08-01,89.375,3271.0,96,
DM-11-03-43-01,2026-08-02,88.375,3299.25,96,
DM-11-03-43-01,2026-08-03,93.0,3314.25,96,
DM-11-03-43-01,2026-08-04,91.5,3178.0,96,
DM-11-03-43-01,2026-08-05,82.625,3020.75,96,
DM-11-03-43-01,2026-08-06,83.625,3062.75,96,
DM-11-03-43-01,2026-08-07,85.875,3080.75,96,
DM-11-03-43-01,2026-08-08,82.625,3117.75,96,0.0
DM-11-03-43-01,2026-08-09,86.5,3103.75,96,0.0
DM-11-03-43-01,2026-08-10,85.25,3044.25,96,0.0
DM-11-03-43-01,2026-08-11,83.375,3089.25,96,0.0
DM-11-03-43-01,2026-08-12,83.25,3124.5,96,0.0
DM-11-03-43-01,2026-08-13,88.5,3157.0,96,0.0
DM-11-03-43-01,2026-08-14,89.5,3153.0,96,0.0
DM-11-03-43-01,2026-08-15,83.5,3146.0,96,0.0
DM-11-03-43-01,2026-08-16,84.375,3162.75,96,0.0
DM-11-03-43-02,2026-07-25,118.5,4251.0,96,
DM-11-03-43-02,2026-07-26,116.0,4252.25,96,
DM-11-03-43-02,2026-07-27,121.75,4211.75,96,
DM-11-03-43-02,2026-07-28,112.5,4105.5,96,
DM-11-03-43-02,2026-07-29,120.625,4068.25,96,
DM-11-03-43-02,2026-07-30,120.75,4120.5,96,
DM-11-03-43-02,2026-07-31,115.375,4076.0,96,
DM-11-03-43-02,2026-08-01,117.625,4086.5,96,
DM-11-03-43-02,2026-08-02,110.125,4108.5,96,
DM-11-03-43-02,2026-08-03,117.125,4142.0,96,
DM-11-03-43-02,2026-08-04,117.375,4030.0,96,
DM-11-03-43-02,2026-08-05,122.375,3961.0,96,
DM-11-03-43-02,2026-08-06,114.25,3967.5,96,
DM-11-03-43-02,2026-08-07,116.125,4076.5,96,
DM-11-03-43-02,2026-08-08,115.5,4131.0,96,0.0
DM-11-03-43-02,2026-08-09,123.5,4248.0,96,4.629
DM-11-03-43-02,2026-08-10,123.0,4175.0,96,8.757
DM-11-03-43-02,2026-08-11,125.0,4140.75,96,14.886
DM-11-03-43-02,2026-08-12,119.0,4184.25,96,15.014
DM-11-03-43-02,2026-08-13,122.5,4165.5,96,18.643
DM-11-03-43-02,2026-08-14,118.5,4183.5,96,18.271
DM-11-03-43-02,2026-08-15,114.875,4224.5,96,14.275
DM-11-03-43-02,2026-08-16,120.125,4246.5,96,15.528
DM-11-05-26-01,2026-07-25,112.125,5695.75,96,
DM-11-05-26-01,2026-07-26,116.625,5627.5,96,
DM-11-05-26-01,2026-07-27,110.625,5390.75,96,
DM-11-05-26-01,2026-07-28,105.125,5229.0,96,
DM-11-05-26-01,2026-07-29,107.5,5240.0,96,
DM-11-05-26-01,2026-07-30,104.5,5260.25,96,
DM-11-05-26-01,2026-07-31,100.125,5067.0,96,
DM-11-05-26-01,2026-08-01,100.625,5336.0,96,
DM-11-05-26-01,2026-08-02,100.5,5387.25,96,
DM-11-05-26-01,2026-08-03,98.5,5357.75,96,
DM-11-05-26-01,2026-08-04,102.625,5344.25,96,
DM-11-05-26-01,2026-08-05,100.875,5275.75,96,
DM-11-05-26-01,2026-08-06,107.0,5248.0,96,
DM-11-05-26-01,2026-08-07,104.875,5207.5,96,
DM-11-05-26-01,2026-08-08,103.875,5420.25,96,0.0
DM-11-05-26-01,2026-08-09,101.75,5373.75,96,0.0
DM-11-05-26-01,2026-08-10,99.0,5249.5,96,0.0
DM-11-05-26-01,2026-08-11,100.75,5177.0,96,0.0
DM-11-05-26-01,2026-08-12,99.5,5384.25,96,0.0
DM-11-05-26-01,2026-08-13,102.875,5226.5,96,0.0
DM-11-05-26-01,2026-08-14,100.625,5243.25,96,0.0
DM-11-05-26-01,2026-08-15,104.875,5518.5,96,0.0
DM-11-05-26-01,2026-08-16,103.5,5500.25,96,0.0
DM-11-05-29-01,2026-07-25,51.875,2733.75,96,
DM-11-05-29-01,2026-07-26,69.875,2804.5,96,
DM-11-05-29-01,2026-07-27,67.25,2635.0,96,
DM-11-05-29-01,2026-07-28,64.125,2580.0,96,
DM-11-05-29-01,2026-07-29,59.875,2677.25,96,
DM-11-05-29-01,2026-07-30,62.5,2654.5,96,
DM-11-05-29-01,2026-07-31,88.375,2635.75,96,
DM-11-05-29-01,2026-08-01,64.875,2759.75,96,
DM-11-05-29-01,2026-08-02,68.375,2893.25,96,
DM-11-05-29-01,2026-08-03,89.5,2808.0,96,
DM-11-05-29-01,2026-08-04,68.75,2613.5,96,
DM-11-05-29-01,2026-08-05,67.75,2659.5,96,
DM-11-05-29-01,2026-08-06,69.0,2602.75,96,
DM-11-05-29-01,2026-08-07,63.875,2615.75,96,
DM-11-05-29-01,2026-08-08,60.25,2777.25,96,0.0
DM-11-05-29-01,2026-08-09,78.875,2843.75,96,5.808
DM-11-05-29-01,2026-08-10,81.25,2650.5,96,13.991
DM-11-05-29-01,2026-08-11,65.375,2666.75,96,6.299
DM-11-05-29-01,2026-08-12,61.875,2803.25,96,0.0
DM-11-05-29-01,2026-08-13,78.125,2596.75,96,5.058
DM-11-05-29-01,2026-08-14,65.625,2620.0,96,0.0
DM-11-05-29-01,2026-08-15,67.875,2805.75,96,0.0
DM-11-05-29-01,2026-08-16,72.625,2876.5,96,0.0
DM-11-05-30-02,2026-07-25,28.625,1834.25,96,
DM-11-05-30-02,2026-07-26,27.5,1732.5,96,
DM-11-05-30-02,2026-07-27,26.125,1668.75,96,
DM-11-05-30-02,2026-07-28,27.5,1550.5,96,
DM-11-05-30-02,2026-07-29,26.875,1603.75,96,
DM-11-05-30-02,2026-07-30,26.25,1643.75,96,
DM-11-05-30-02,2026-07-31,25.875,1554.0,96,
DM-11-05-30-02,2026-08-01,26.75,1650.25,96,
DM-11-05-30-02,2026-08-02,26.75,1654.5,96,
DM-11-05-30-02,2026-08-03,25.25,1690.0,96,
DM-11-05-30-02,2026-08-04,25.75,1691.5,96,
DM-11-05-30-02,2026-08-05,25.75,1659.75,96,
DM-11-05-30-02,2026-08-06,28.125,1669.5,96,
DM-11-05-30-02,2026-08-07,27.75,1675.0,96,
DM-11-05-30-02,2026-08-08,27.875,1785.0,96,0.613
DM-11-05-30-02,2026-08-09,27.125,1725.25,96,0.476
DM-11-05-30-02,2026-08-10,28.75,1806.0,96,1.964
DM-11-05-30-02,2026-08-11,33.875,1894.5,96,8.576
DM-11-05-30-02,2026-08-12,34.375,1929.75,96,15.689
DM-11-05-30-02,2026-08-13,35.875,1948.25,96,24.302
DM-11-05-30-02,2026-08-14,35.375,1981.25,96,32.415
DM-11-05-30-02,2026-08-15,35.5,2079.25,96,40.653
DM-11-05-30-02,2026-08-16,36.125,2067.0,96,49.516
DM-11-05-31-01,2026-07-25,68.625,4187.75,96,
DM-11-05-31-01,2026-07-26,67.75,4173.75,96,
DM-11-05-31-01,2026-07-27,69.75,4012.5,96,
DM-11-05-31-01,2026-07-28,70.25,3869.25,96,
DM-11-05-31-01,2026-07-29,68.625,3976.5,96,
DM-11-05-31-01,2026-07-30,68.75,4004.5,96,
DM-11-05-31-01,2026-07-31,68.875,3884.25,96,
DM-11-05-31-01,2026-08-01,70.625,4102.75,96,
DM-11-05-31-01,2026-08-02,70.5,4244.5,96,
DM-11-05-31-01,2026-08-03,72.25,4155.5,96,
DM-11-05-31-01,2026-08-04,71.375,4189.75,96,
DM-11-05-31-01,2026-08-05,71.5,4166.0,96,
DM-11-05-31-01,2026-08-06,75.0,4189.0,96,
DM-11-05-31-01,2026-08-07,71.875,4076.5,96,
DM-11-05-31-01,2026-08-08,73.625,4299.25,96,2.29
DM-11-05-31-01,2026-08-09,72.375,4236.5,96,3.331
DM-11-05-31-01,2026-08-10,70.5,4140.5,96,2.496
DM-11-05-31-01,2026-08-11,71.5,4122.5,96,2.662
DM-11-05-31-01,2026-08-12,73.0,4247.0,96,4.327
DM-11-05-31-01,2026-08-13,77.0,3776.5,96,9.993
DM-11-05-31-01,2026-08-14,72.125,4058.25,96,10.783
DM-11-05-31-01,2026-08-15,61.75,4055.75,96,1.199
DM-11-05-31-01,2026-08-16,56.875,3921.75,96,0.0
DM-11-06-09-01,2026-07-25,204.0,7896.75,96,
DM-11-06-09-01,2026-07-26,196.75,8026.5,96,
DM-11-06-09-01,2026-07-27,182.5,7679.0,96,
DM-11-06-09-01,2026-07-28,191.625,7560.0,96,
DM-11-06-09-01,2026-07-29,191.5,7732.5,96,
DM-11-06-09-01,2026-07-30,190.5,7734.25,96,
DM-11-06-09-01,2026-07-31,180.875,7656.75,96,
DM-11-06-09-01,2026-08-01,188.0,7731.75,96,
DM-11-06-09-01,2026-08-02,186.125,7793.5,96,
DM-11-06-09-01,2026-08-03,183.875,7545.75,96,
DM-11-06-09-01,2026-08-04,184.75,7616.75,96,
DM-11-06-09-01,2026-08-05,192.375,7617.5,96,
DM-11-06-09-01,2026-08-06,190.5,7647.25,96,
DM-11-06-09-01,2026-08-07,178.875,7632.25,96,
DM-11-06-09-01,2026-08-08,183.375,7701.75,96,0.0
DM-11-06-09-01,2026-08-09,195.25,7681.5,96,3.307
DM-11-06-09-01,2026-08-10,202.0,7751.5,96,13.363
DM-11-06-09-01,2026-08-11,292.25,7613.0,96,113.67
DM-11-06-09-01,2026-08-12,293.25,7825.25,96,214.977
DM-11-06-09-01,2026-08-13,295.375,7852.5,96,318.408
DM-11-06-09-01,2026-08-14,312.125,7823.75,96,438.59
DM-11-06-09-01,2026-08-15,299.625,7812.5,96,546.272
DM-11-06-09-01,2026-08-16,292.5,7819.5,96,646.828
DM-11-06-09-02,2026-07-25,177.625,6450.5,96,
DM-11-06-09-02,2026-07-26,171.125,6118.75,96,
DM-11-06-09-02,2026-07-27,159.5,5876.75,96,
DM-11-06-09-02,2026-07-28,154.875,5734.5,96,
DM-11-06-09-02,2026-07-29,159.625,5816.75,96,
DM-11-06-09-02,2026-07-30,154.125,5764.75,96,
DM-11-06-09-02,2026-07-31,145.875,5631.0,96,
DM-11-06-09-02,2026-08-01,143.25,5696.75,96,
DM-11-06-09-02,2026-08-02,148.625,5765.5,96,
DM-11-06-09-02,2026-08-03,150.125,5727.25,96,
DM-11-06-09-02,2026-08-04,146.375,5675.5,96,
DM-11-06-09-02,2026-08-05,149.75,5692.25,96,
DM-11-06-09-02,2026-08-06,154.75,5690.0,96,
DM-11-06-09-02,2026-08-07,146.5,5648.25,96,
DM-11-06-09-02,2026-08-08,145.375,5732.25,96,0.0
DM-11-06-09-02,2026-08-09,147.625,5718.0,96,0.0
DM-11-06-09-02,2026-08-10,141.75,5613.25,96,0.0
DM-11-06-09-02,2026-08-11,143.875,5604.0,96,0.0
DM-11-06-09-02,2026-08-12,144.875,5690.75,96,0.0
DM-11-06-09-02,2026-08-13,150.875,5736.25,96,0.0
DM-11-06-09-02,2026-08-14,149.25,5681.0,96,0.0
DM-11-06-09-02,2026-08-15,148.875,5802.5,96,0.0
DM-11-06-09-02,2026-08-16,151.125,5814.5,96,0.0
DM-11-06-09-04,2026-07-25,76.375,2787.5,96,
DM-11-06-09-04,2026-07-26,77.625,2839.25,96,
DM-11-06-09-04,2026-07-27,76.125,2837.75,96,
DM-11-06-09-04,2026-07-28,76.875,2823.25,96,
DM-11-06-09-04,2026-07-29,77.875,2858.25,96,
DM-11-06-09-04,2026-07-30,75.375,2827.5,96,
DM-11-06-09-04,2026-07-31,71.25,2758.25,96,
DM-11-06-09-04,2026-08-01,71.5,2820.5,96,
DM-11-06-09-04,2026-08-02,74.125,2880.0,96,
DM-11-06-09-04,2026-08-03,74.75,2862.25,96,
DM-11-06-09-04,2026-08-04,72.875,2834.75,96,
DM-11-06-09-04,2026-08-05,75.375,2837.5,96,
DM-11-06-09-04,2026-08-06,76.875,2833.25,96,
DM-11-06-09-04,2026-08-07,73.0,2819.25,96,
DM-11-06-09-04,2026-08-08,73.5,2870.5,96,0.0
DM-11-06-09-04,2026-08-09,74.0,2863.0,96,0.0
DM-11-06-09-04,2026-08-10,70.875,2804.75,96,0.0
DM-11-06-09-04,2026-08-11,72.125,2801.75,96,0.0
DM-11-06-09-04,2026-08-12,72.875,2849.75,96,0.0
DM-11-06-09-04,2026-08-13,75.75,2867.5,96,0.0
DM-11-06-09-04,2026-08-14,74.5,2843.25,96,0.0
DM-11-06-09-04,2026-08-15,75.0,2909.0,96,0.0
DM-11-06-09-04,2026-08-16,75.375,2920.75,96,0.0
DM-11-06-10-01,2026-07-25,101.375,4518.25,96,
DM-11-06-10-01,2026-07-26,111.375,4474.75,96,
DM-11-06-10-01,2026-07-27,102.125,4358.25,96,
DM-11-06-10-01,2026-07-28,97.75,4270.25,96,
DM-11-06-10-01,2026-07-29,103.625,4410.5,96,
DM-11-06-10-01,2026-07-30,93.75,4405.75,96,
DM-11-06-10-01,2026-07-31,98.625,4367.0,96,
DM-11-06-10-01,2026-08-01,93.875,4348.25,96,
DM-11-06-10-01,2026-08-02,93.125,4337.25,96,
DM-11-06-10-01,2026-08-03,94.25,4369.25,96,
DM-11-06-10-01,2026-08-04,95.0,4284.25,96,
DM-11-06-10-01,2026-08-05,92.5,4232.5,96,
DM-11-06-10-01,2026-08-06,98.0,4256.75,96,
DM-11-06-10-01,2026-08-07,92.125,4317.25,96,
DM-11-06-10-01,2026-08-08,93.875,4365.5,96,0.0
DM-11-06-10-01,2026-08-09,93.75,4384.0,96,0.0
DM-11-06-10-01,2026-08-10,88.75,4236.75,96,0.0
DM-11-06-10-01,2026-08-11,96.875,4226.75,96,0.0
DM-11-06-10-01,2026-08-12,93.25,4225.0,96,0.0
DM-11-06-10-01,2026-08-13,92.375,4331.75,96,0.0
DM-11-06-10-01,2026-08-14,95.0,4318.25,96,0.0
DM-11-06-10-01,2026-08-15,93.5,4404.5,96,0.0
DM-11-06-10-01,2026-08-16,102.625,4425.0,96,2.326
DM-11-06-15-01,2026-07-25,187.125,8189.75,96,
DM-11-06-15-01,2026-07-26,181.125,8114.75,96,
DM-11-06-15-01,2026-07-27,172.5,7823.5,96,
DM-11-06-15-01,2026-07-28,182.0,7678.0,96,
DM-11-06-15-01,2026-07-29,174.25,7694.5,96,
DM-11-06-15-01,2026-07-30,180.25,7728.0,96,
DM-11-06-15-01,2026-07-31,177.625,7572.75,96,
DM-11-06-15-01,2026-08-01,180.125,7711.5,96,
DM-11-06-15-01,2026-08-02,158.75,7804.25,96,
DM-11-06-15-01,2026-08-03,160.125,7624.25,96,
DM-11-06-15-01,2026-08-04,161.0,7524.0,96,
DM-11-06-15-01,2026-08-05,165.0,7449.75,96,
DM-11-06-15-01,2026-08-06,174.875,7473.5,96,
DM-11-06-15-01,2026-08-07,151.75,7324.0,96,
DM-11-06-15-01,2026-08-08,163.625,7603.5,96,0.0
DM-11-06-15-01,2026-08-09,162.875,7538.5,96,0.0
DM-11-06-15-01,2026-08-10,158.75,7376.0,96,0.0
DM-11-06-15-01,2026-08-11,156.25,7241.75,96,0.0
DM-11-06-15-01,2026-08-12,160.75,7470.0,96,0.0
DM-11-06-15-01,2026-08-13,160.75,7399.25,96,0.0
DM-11-06-15-01,2026-08-14,163.625,7444.5,96,0.0
DM-11-06-15-01,2026-08-15,171.75,7728.5,96,0.0
DM-11-06-15-01,2026-08-16,165.375,7749.25,96,0.0
DM-11-06-18-01,2026-07-25,65.25,2421.25,96,
DM-11-06-18-01,2026-07-26,63.75,2373.25,96,
DM-11-06-18-01,2026-07-27,56.0,2356.0,96,
DM-11-06-18-01,2026-07-28,58.375,2351.0,96,
DM-11-06-18-01,2026-07-29,49.75,2305.0,96,
DM-11-06-18-01,2026-07-30,54.25,2328.5,96,
DM-11-06-18-01,2026-07-31,53.25,2383.0,96,
DM-11-06-18-01,2026-08-01,61.875,2427.0,96,
DM-11-06-18-01,2026-08-02,57.5,2503.0,96,
DM-11-06-18-01,2026-08-03,53.25,2488.75,96,
DM-11-06-18-01,2026-08-04,56.375,2334.0,96,
DM-11-06-18-01,2026-08-05,55.625,2390.5,96,
DM-11-06-18-01,2026-08-06,53.0,2299.0,96,
DM-11-06-18-01,2026-08-07,55.375,2321.75,96,
DM-11-06-18-01,2026-08-08,55.375,2354.0,96,0.0
DM-11-06-18-01,2026-08-09,49.5,2371.75,96,0.0
DM-11-06-18-01,2026-08-10,51.75,2263.25,96,0.0
DM-11-06-18-01,2026-08-11,55.875,2282.25,96,0.0
DM-11-06-18-01,2026-08-12,59.125,2335.0,96,0.332
DM-11-06-18-01,2026-08-13,54.625,2373.0,96,0.0
DM-11-06-18-01,2026-08-14,51.125,2321.0,96,0.0
DM-11-06-18-01,2026-08-15,60.25,2440.75,96,1.457
DM-11-06-18-01,2026-08-16,54.5,2290.0,96,0.0
DM-11-06-19-01,2026-07-25,38.875,1872.75,96,
DM-11-06-19-01,2026-07-26,43.625,1844.75,96,
DM-11-06-19-01,2026-07-27,41.125,1764.25,96,
DM-11-06-19-01,2026-07-28,37.0,1728.0,96,
DM-11-06-19-01,2026-07-29,40.125,1804.75,96,
DM-11-06-19-01,2026-07-30,38.5,1825.75,96,
DM-11-06-19-01,2026-07-31,40.625,1846.5,96,
DM-11-06-19-01,2026-08-01,37.875,1824.0,96,
DM-11-06-19-01,2026-08-02,39.625,1873.0,96,
DM-11-06-19-01,2026-08-03,38.75,1896.25,96,
DM-11-06-19-01,2026-08-04,38.625,1833.25,96,
DM-11-06-19-01,2026-08-05,39.75,1847.25,96,
DM-11-06-19-01,2026-08-06,43.875,1847.0,96,
DM-11-06-19-01,2026-08-07,40.75,1839.25,96,
DM-11-06-19-01,2026-08-08,38.5,1832.75,96,0.0
DM-11-06-19-01,2026-08-09,38.25,1871.0,96,0.0
DM-11-06-19-01,2026-08-10,38.125,1846.75,96,0.0
DM-11-06-19-01,2026-08-11,38.5,1806.25,96,0.0
DM-11-06-19-01,2026-08-12,39.0,1831.25,96,0.0
DM-11-06-19-01,2026-08-13,41.375,1888.5,96,0.483
DM-11-06-19-01,2026-08-14,44.0,1878.0,96,3.591
DM-11-06-19-01,2026-08-15,40.375,1881.5,96,3.074
DM-11-06-19-01,2026-08-16,43.875,1949.25,96,6.057
DM-11-06-19-02,2026-07-25,125.5,4708.75,96,
DM-11-06-19-02,2026-07-26,123.125,4696.75,96,
DM-11-06-19-02,2026-07-27,112.25,4658.5,96,
DM-11-06-19-02,2026-07-28,108.0,4440.5,96,
DM-11-06-19-02,2026-07-29,107.875,4420.5,96,
DM-11-06-19-02,2026-07-30,103.0,4404.0,96,
DM-11-06-19-02,2026-07-31,97.375,4379.5,96,
DM-11-06-19-02,2026-08-01,103.5,4462.75,96,
DM-11-06-19-02,2026-08-02,106.75,4446.25,96,
DM-11-06-19-02,2026-08-03,98.375,4328.25,96,
DM-11-06-19-02,2026-08-04,100.125,4303.75,96,
DM-11-06-19-02,2026-08-05,100.125,4299.75,96,
DM-11-06-19-02,2026-08-06,95.375,4253.75,96,
DM-11-06-19-02,2026-08-07,90.375,4259.5,96,
DM-11-06-19-02,2026-08-08,101.25,4413.75,96,0.0
DM-11-06-19-02,2026-08-09,98.25,4400.5,96,0.0
DM-11-06-19-02,2026-08-10,97.75,4226.75,96,0.0
DM-11-06-19-02,2026-08-11,93.0,4236.75,96,0.0
DM-11-06-19-02,2026-08-12,103.375,4348.0,96,0.0
DM-11-06-19-02,2026-08-13,103.5,4350.0,96,0.0
DM-11-06-19-02,2026-08-14,95.875,4300.25,96,0.0
DM-11-06-19-02,2026-08-15,115.5,4487.25,96,5.587
DM-11-06-19-02,2026-08-16,101.375,4455.25,96,0.0
DM-11-06-25-01,2026-07-25,253.5,10454.75,96,
DM-11-06-25-01,2026-07-26,245.625,10297.0,96,
DM-11-06-25-01,2026-07-27,229.75,10061.25,96,
DM-11-06-25-01,2026-07-28,244.125,9867.25,96,
DM-11-06-25-01,2026-07-29,232.0,9955.75,96,
DM-11-06-25-01,2026-07-30,234.25,9980.5,96,
DM-11-06-25-01,2026-07-31,219.125,9792.25,96,
DM-11-06-25-01,2026-08-01,227.625,9975.5,96,
DM-11-06-25-01,2026-08-02,228.125,10106.0,96,
DM-11-06-25-01,2026-08-03,226.75,10118.5,96,
DM-11-06-25-01,2026-08-04,220.0,9563.0,96,
DM-11-06-25-01,2026-08-05,235.25,9637.0,96,
DM-11-06-25-01,2026-08-06,241.875,9869.5,96,
DM-11-06-25-01,2026-08-07,227.625,10061.25,96,
DM-11-06-25-01,2026-08-08,230.75,10346.75,96,0.0
DM-11-06-25-01,2026-08-09,216.5,9988.0,96,0.0
DM-11-06-25-01,2026-08-10,221.125,9835.25,96,0.0
DM-11-06-25-01,2026-08-11,245.0,10225.0,96,6.957
DM-11-06-25-01,2026-08-12,259.125,10686.5,96,28.04
DM-11-06-25-01,2026-08-13,268.25,11000.0,96,58.247
DM-11-06-25-01,2026-08-14,260.5,10896.25,96,80.704
DM-11-06-25-01,2026-08-15,245.0,10860.0,96,87.661
DM-11-06-25-01,2026-08-16,224.875,10277.75,96,74.494
DM-11-07-47-01,2026-07-25,99.5,5522.75,96,
DM-11-07-47-01,2026-07-26,100.125,5463.5,96,
DM-11-07-47-01,2026-07-27,95.125,5197.0,96,
DM-11-07-47-01,2026-07-28,86.25,4854.0,96,
DM-11-07-47-01,2026-07-29,93.125,5047.0,96,
DM-11-07-47-01,2026-07-30,91.25,5154.5,96,
DM-11-07-47-01,2026-07-31,91.0,4881.5,96,
DM-11-07-47-01,2026-08-01,90.0,5079.75,96,
DM-11-07-47-01,2026-08-02,88.375,5237.75,96,
DM-11-07-47-01,2026-08-03,87.25,5223.5,96,
DM-11-07-47-01,2026-08-04,87.625,5301.0,96,
DM-11-07-47-01,2026-08-05,89.0,5381.5,96,
DM-11-07-47-01,2026-08-06,92.625,5103.25,96,
DM-11-07-47-01,2026-08-07,92.25,5041.25,96,
DM-11-07-47-01,2026-08-08,89.875,5175.75,96,0.0
DM-11-07-47-01,2026-08-09,89.5,5168.0,96,0.0
DM-11-07-47-01,2026-08-10,86.75,5020.25,96,0.0
DM-11-07-47-01,2026-08-11,87.125,5003.0,96,0.0
DM-11-07-47-01,2026-08-12,87.625,5162.75,96,0.0
DM-11-07-47-01,2026-08-13,91.0,5121.25,96,0.0
DM-11-07-47-01,2026-08-14,92.125,5179.0,96,0.0
DM-11-07-47-01,2026-08-15,91.375,5382.5,96,0.0
DM-11-07-47-01,2026-08-16,91.75,5073.25,96,0.0
DM-11-07-47-02,2026-07-25,71.75,3844.25,96,
DM-11-07-47-02,2026-07-26,75.625,3834.5,96,
DM-11-07-47-02,2026-07-27,73.625,3662.5,96,
DM-11-07-47-02,2026-07-28,69.5,3491.75,96,
DM-11-07-47-02,2026-07-29,73.375,3526.75,96,
DM-11-07-47-02,2026-07-30,72.125,3589.5,96,
DM-11-07-47-02,2026-07-31,68.5,3450.75,96,
DM-11-07-47-02,2026-08-01,69.25,3611.0,96,
DM-11-07-47-02,2026-08-02,72.25,3722.0,96,
DM-11-07-47-02,2026-08-03,73.0,3726.75,96,
DM-11-07-47-02,2026-08-04,71.125,3687.0,96,
DM-11-07-47-02,2026-08-05,69.75,3616.5,96,
DM-11-07-47-02,2026-08-06,74.125,3582.0,96,
DM-11-07-47-02,2026-08-07,66.75,3584.75,96,
DM-11-07-47-02,2026-08-08,74.75,3709.25,96,2.08
DM-11-07-47-02,2026-08-09,71.0,3728.25,96,0.41
DM-11-07-47-02,2026-08-10,71.5,3613.75,96,0.0
DM-11-07-47-02,2026-08-11,71.25,3555.25,96,0.0
DM-11-07-47-02,2026-08-12,68.75,3651.75,96,0.0
DM-11-07-47-02,2026-08-13,72.875,3656.0,96,0.205
DM-11-07-47-02,2026-08-14,69.5,3680.5,96,0.0
DM-11-07-47-02,2026-08-15,73.125,3810.25,96,0.455
DM-11-07-47-02,2026-08-16,71.875,3799.0,96,0.0
DM-11-07-50-01,2026-07-25,140.875,5924.5,96,
DM-11-07-50-01,2026-07-26,137.0,5875.5,96,
DM-11-07-50-01,2026-07-27,136.75,5664.0,96,
DM-11-07-50-01,2026-07-28,139.0,5592.5,96,
DM-11-07-50-01,2026-07-29,133.25,5628.5,96,
DM-11-07-50-01,2026-07-30,137.125,5206.25,96,
DM-11-07-50-01,2026-07-31,139.875,5744.25,96,
DM-11-07-50-01,2026-08-01,136.25,5680.25,96,
DM-11-07-50-01,2026-08-02,136.375,5732.0,96,
DM-11-07-50-01,2026-08-03,138.0,5648.75,96,
DM-11-07-50-01,2026-08-04,134.125,5536.5,96,
DM-11-07-50-01,2026-08-05,132.0,5490.0,96,
DM-11-07-50-01,2026-08-06,131.625,5448.75,96,
DM-11-07-50-01,2026-08-07,129.0,5368.5,96,
DM-11-07-50-01,2026-08-08,121.875,5498.5,96,0.0
DM-11-07-50-01,2026-08-09,124.375,5423.5,96,0.0
DM-11-07-50-01,2026-08-10,121.25,5307.0,96,0.0
DM-11-07-50-01,2026-08-11,122.75,5233.75,96,0.0
DM-11-07-50-01,2026-08-12,127.375,5468.0,96,0.0
DM-11-07-50-01,2026-08-13,124.5,5299.5,96,0.0
DM-11-07-50-01,2026-08-14,126.875,5345.0,96,0.0
DM-11-07-50-01,2026-08-15,128.625,5572.75,96,0.0
DM-11-07-50-01,2026-08-16,126.625,5600.0,96,0.0
DM-11-07-52-01,2026-07-25,110.625,5680.25,96,
DM-11-07-52-01,2026-07-26,107.625,5776.0,96,
DM-11-07-52-01,2026-07-27,107.375,5521.0,96,
DM-11-07-52-01,2026-07-28,113.875,5403.0,96,
DM-11-07-52-01,2026-07-29,108.125,5481.5,96,
DM-11-07-52-01,2026-07-30,107.375,5396.25,96,
DM-11-07-52-01,2026-07-31,123.75,5152.0,96,
DM-11-07-52-01,2026-08-01,109.375,5258.25,96,
DM-11-07-52-01,2026-08-02,125.5,5598.25,96,
DM-11-07-52-01,2026-08-03,112.125,5434.25,96,
DM-11-07-52-01,2026-08-04,113.875,5840.0,96,
DM-11-07-52-01,2026-08-05,110.5,5568.0,96,
DM-11-07-52-01,2026-08-06,109.375,5672.0,96,
DM-11-07-52-01,2026-08-07,117.875,5571.5,96,
DM-11-07-52-01,2026-08-08,113.0,5469.5,96,0.0
DM-11-07-52-01,2026-08-09,107.125,5382.5,96,0.0
DM-11-07-52-01,2026-08-10,104.5,5490.75,96,0.0
DM-11-07-52-01,2026-08-11,111.125,5308.75,96,0.0
DM-11-07-52-01,2026-08-12,107.25,5434.25,96,0.0
DM-11-07-52-01,2026-08-13,110.25,5631.25,96,0.0
DM-11-07-52-01,2026-08-14,111.125,5620.5,96,0.0
DM-11-07-52-01,2026-08-15,112.0,5824.75,96,0.0
DM-11-07-52-01,2026-08-16,106.25,5820.5,96,0.0
DM-11-07-52-02,2026-07-25,92.625,3602.5,96,
DM-11-07-52-02,2026-07-26,47.375,3065.75,96,
DM-11-07-52-02,2026-07-27,51.875,2850.25,96,
DM-11-07-52-02,2026-07-28,33.875,3257.5,96,
DM-11-07-52-02,2026-07-29,22.0,3105.25,96,
DM-11-07-52-02,2026-07-30,30.625,3017.5,96,
DM-11-07-52-02,2026-07-31,29.5,2938.25,96,
DM-11-07-52-02,2026-08-01,29.5,3139.25,96,
DM-11-07-52-02,2026-08-02,22.25,3176.5,96,
DM-11-07-52-02,2026-08-03,26.5,2889.25,96,
DM-11-07-52-02,2026-08-04,25.75,3086.0,96,
DM-11-07-52-02,2026-08-05,24.625,2690.5,96,
DM-11-07-52-02,2026-08-06,32.75,3182.5,96,
DM-11-07-52-02,2026-08-07,39.625,3218.5,96,
DM-11-07-52-02,2026-08-08,27.25,3034.0,96,0.0
DM-11-07-52-02,2026-08-09,26.5,2552.75,96,0.0
DM-11-07-52-02,2026-08-10,26.75,2691.5,96,0.0
DM-11-07-52-02,2026-08-11,34.0,2957.5,96,0.0
DM-11-07-52-02,2026-08-12,28.75,3258.0,96,0.0
DM-11-07-52-02,2026-08-13,25.875,2925.25,96,0.0
DM-11-07-52-02,2026-08-14,35.0,2743.25,96,0.0
DM-11-07-52-02,2026-08-15,32.25,3033.5,96,0.0
DM-11-07-52-02,2026-08-16,32.625,3352.25,96,0.0
DM-11-07-53-03,2026-07-25,156.875,7163.75,96,
DM-11-07-53-03,2026-07-26,150.5,6948.5,96,
DM-11-07-53-03,2026-07-27,147.0,6830.75,96,
DM-11-07-53-03,2026-07-28,149.625,6518.75,96,
DM-11-07-53-03,2026-07-29,139.75,6458.75,96,
DM-11-07-53-03,2026-07-30,139.75,6579.5,96,
DM-11-07-53-03,2026-07-31,144.5,6470.25,96,
DM-11-07-53-03,2026-08-01,144.125,6618.0,96,
DM-11-07-53-03,2026-08-02,145.625,6823.25,96,
DM-11-07-53-03,2026-08-03,144.75,6876.0,96,
DM-11-07-53-03,2026-08-04,150.25,6860.0,96,
DM-11-07-53-03,2026-08-05,146.0,6886.75,96,
DM-11-07-53-03,2026-08-06,144.75,6747.0,96,
DM-11-07-53-03,2026-08-07,144.125,6693.75,96,
DM-11-07-53-03,2026-08-08,146.0,6964.5,96,0.0
DM-11-07-53-03,2026-08-09,146.0,6832.5,96,0.0
DM-11-07-53-03,2026-08-10,145.25,6808.25,96,0.0
DM-11-07-53-03,2026-08-11,139.875,6654.75,96,0.0
DM-11-07-53-03,2026-08-12,141.25,6722.75,96,0.0
DM-11-07-53-03,2026-08-13,142.5,6768.0,96,0.0
DM-11-07-53-03,2026-08-14,145.875,6868.5,96,0.0
DM-11-07-53-03,2026-08-15,143.875,6926.0,96,0.0
DM-11-07-53-03,2026-08-16,140.75,6900.0,96,0.0
DM-11-07-53-05,2026-07-25,74.375,3747.25,96,
DM-11-07-53-05,2026-07-26,81.125,3811.5,96,
DM-11-07-53-05,2026-07-27,76.375,3580.5,96,
DM-11-07-53-05,2026-07-28,76.25,3477.25,96,
DM-11-07-53-05,2026-07-29,78.125,3511.75,96,
DM-11-07-53-05,2026-07-30,77.5,3578.75,96,
DM-11-07-53-05,2026-07-31,73.0,3381.75,96,
DM-11-07-53-05,2026-08-01,76.625,3555.0,96,
DM-11-07-53-05,2026-08-02,78.75,3724.25,96,
DM-11-07-53-05,2026-08-03,79.5,3608.75,96,
DM-11-07-53-05,2026-08-04,76.375,3616.0,96,
DM-11-07-53-05,2026-08-05,76.875,3572.25,96,
DM-11-07-53-05,2026-08-06,78.25,3533.5,96,
DM-11-07-53-05,2026-08-07,73.625,3499.5,96,
DM-11-07-53-05,2026-08-08,78.125,3659.5,96,0.136
DM-11-07-53-05,2026-08-09,78.25,3679.75,96,0.398
DM-11-07-53-05,2026-08-10,76.5,3539.0,96,0.0
DM-11-07-53-05,2026-08-11,75.5,3472.25,96,0.0
DM-11-07-53-05,2026-08-12,74.875,3608.0,96,0.0
DM-11-07-53-05,2026-08-13,77.0,3613.5,96,0.0
DM-11-07-53-05,2026-08-14,77.75,3617.25,96,0.0
DM-11-07-53-05,2026-08-15,78.375,3781.25,96,0.386
DM-11-07-53-05,2026-08-16,78.5,3809.75,96,0.898
DM-11-07-54-01,2026-07-25,19.875,1425.0,96,
DM-11-07-54-01,2026-07-26,19.375,1400.25,96,
DM-11-07-54-01,2026-07-27,19.75,1337.75,96,
DM-11-07-54-01,2026-07-28,20.125,1244.0,96,
DM-11-07-54-01,2026-07-29,19.5,1288.75,96,
DM-11-07-54-01,2026-07-30,19.625,1323.0,96,
DM-11-07-54-01,2026-07-31,19.375,1268.75,96,
DM-11-07-54-01,2026-08-01,18.5,1301.0,96,
DM-11-07-54-01,2026-08-02,18.875,1365.0,96,
DM-11-07-54-01,2026-08-03,19.125,1346.0,96,
DM-11-07-54-01,2026-08-04,18.625,1391.25,96,
DM-11-07-54-01,2026-08-05,19.75,1378.5,96,
DM-11-07-54-01,2026-08-06,17.25,1271.5,96,
DM-11-07-54-01,2026-08-07,17.625,1289.25,96,
DM-11-07-54-01,2026-08-08,18.0,1350.5,96,0.0
DM-11-07-54-01,2026-08-09,18.25,1327.75,96,0.0
DM-11-07-54-01,2026-08-10,17.625,1301.5,96,0.0
DM-11-07-54-01,2026-08-11,18.5,1301.0,96,0.0
DM-11-07-54-01,2026-08-12,18.875,1336.75,96,0.0
DM-11-07-54-01,2026-08-13,18.625,1324.25,96,0.0
DM-11-07-54-01,2026-08-14,19.0,1355.25,96,0.0
DM-11-07-54-01,2026-08-15,18.75,1437.5,96,0.0
DM-11-07-54-01,2026-08-16,18.5,1416.25,96,0.0
DM-11-07-54-02,2026-07-25,85.125,4575.25,96,
DM-11-07-54-02,2026-07-26,86.375,4558.5,96,
DM-11-07-54-02,2026-07-27,85.875,4344.25,96,
DM-11-07-54-02,2026-07-28,80.75,4195.75,96,
DM-11-07-54-02,2026-07-29,87.25,4308.25,96,
DM-11-07-54-02,2026-07-30,80.75,4335.0,96,
DM-11-07-54-02,2026-07-31,79.0,4162.5,96,
DM-11-07-54-02,2026-08-01,80.875,4333.0,96,
DM-11-07-54-02,2026-08-02,81.375,4507.75,96,
DM-11-07-54-02,2026-08-03,86.75,4058.0,96,
DM-11-07-54-02,2026-08-04,81.375,4420.25,96,
DM-11-07-54-02,2026-08-05,80.125,4380.25,96,
DM-11-07-54-02,2026-08-06,82.25,4307.75,96,
DM-11-07-54-02,2026-08-07,83.75,4260.0,96,
DM-11-07-54-02,2026-08-08,78.625,4455.25,96,0.0
DM-11-07-54-02,2026-08-09,83.0,4487.0,96,0.0
DM-11-07-54-02,2026-08-10,80.5,4317.5,96,0.0
DM-11-07-54-02,2026-08-11,79.25,4260.0,96,0.0
DM-11-07-54-02,2026-08-12,80.125,4455.25,96,0.0
DM-11-07-54-02,2026-08-13,84.5,4307.75,96,0.18
DM-11-07-54-02,2026-08-14,79.25,4358.0,96,0.0
DM-11-07-54-02,2026-08-15,83.5,4588.75,96,0.0
DM-11-07-54-02,2026-08-16,81.0,4605.25,96,0.0
DM-11-07-57-01,2026-07-25,61.0,3021.25,96,
DM-11-07-57-01,2026-07-26,62.75,3000.25,96,
DM-11-07-57-01,2026-07-27,60.875,2876.0,96,
DM-11-07-57-01,2026-07-28,58.25,2850.25,96,
DM-11-07-57-01,2026-07-29,63.75,2885.75,96,
DM-11-07-57-01,2026-07-30,59.375,2887.5,96,
DM-11-07-57-01,2026-07-31,61.125,2836.5,96,
DM-11-07-57-01,2026-08-01,57.5,2919.5,96,
DM-11-07-57-01,2026-08-02,59.5,3010.75,96,
DM-11-07-57-01,2026-08-03,57.75,2924.0,96,
DM-11-07-57-01,2026-08-04,60.625,2989.75,96,
DM-11-07-57-01,2026-08-05,60.0,2952.5,96,
DM-11-07-57-01,2026-08-06,63.5,2976.25,96,
DM-11-07-57-01,2026-08-07,60.5,2964.25,96,
DM-11-07-57-01,2026-08-08,62.125,3111.75,96,0.72
DM-11-07-57-01,2026-08-09,65.0,3128.0,96,4.315
DM-11-07-57-01,2026-08-10,59.25,2977.5,96,2.16
DM-11-07-57-01,2026-08-11,60.25,2975.5,96,1.005
DM-11-07-57-01,2026-08-12,60.5,3090.0,96,0.101
DM-11-07-57-01,2026-08-13,62.75,3010.0,96,1.446
DM-11-07-57-01,2026-08-14,64.875,3033.25,96,4.916
DM-11-07-57-01,2026-08-15,65.5,3147.75,96,9.011
DM-11-07-57-01,2026-08-16,62.625,3175.75,96,10.231
DM-11-08-08-02,2026-07-25,19.375,1191.75,96,
DM-11-08-08-02,2026-07-26,20.625,1173.0,96,
DM-11-08-08-02,2026-07-27,19.5,1179.5,96,
DM-11-08-08-02,2026-07-28,19.5,1123.0,96,
DM-11-08-08-02,2026-07-29,20.75,1156.0,96,
DM-11-08-08-02,2026-07-30,19.125,1100.0,96,
DM-11-08-08-02,2026-07-31,17.625,1041.75,96,
DM-11-08-08-02,2026-08-01,18.125,1077.5,96,
DM-11-08-08-02,2026-08-02,15.625,1071.75,96,
DM-11-08-08-02,2026-08-03,14.5,1069.25,96,
DM-11-08-08-02,2026-08-04,15.5,1108.25,96,
DM-11-08-08-02,2026-08-05,16.375,1064.0,96,
DM-11-08-08-02,2026-08-06,15.375,1065.25,96,
DM-11-08-08-02,2026-08-07,16.0,1076.75,96,
DM-11-08-08-02,2026-08-08,16.0,1107.25,96,0.0
DM-11-08-08-02,2026-08-09,16.5,1068.5,96,0.0
DM-11-08-08-02,2026-08-10,16.0,1064.5,96,0.0
DM-11-08-08-02,2026-08-11,17.0,1037.5,96,0.0
DM-11-08-08-02,2026-08-12,13.625,972.0,96,0.0
DM-11-08-08-02,2026-08-13,13.5,985.75,96,0.0
DM-11-08-08-02,2026-08-14,13.875,991.5,96,0.0
DM-11-08-08-02,2026-08-15,13.75,1042.0,96,0.0
DM-11-08-08-02,2026-08-16,14.875,1007.25,96,0.0
DM-11-08-08-03,2026-07-25,171.375,7207.25,96,
DM-11-08-08-03,2026-07-26,182.0,7068.5,96,
DM-11-08-08-03,2026-07-27,164.75,6952.0,96,
DM-11-08-08-03,2026-07-28,156.75,6637.75,96,
DM-11-08-08-03,2026-07-29,171.875,6969.0,96,
DM-11-08-08-03,2026-07-30,164.5,6906.0,96,
DM-11-08-08-03,2026-07-31,158.5,6739.0,96,
DM-11-08-08-03,2026-08-01,152.5,6887.0,96,
DM-11-08-08-03,2026-08-02,148.0,6919.5,96,
DM-11-08-08-03,2026-08-03,150.0,3716.0,96,
DM-11-08-08-03,2026-08-04,30.875,4403.75,96,
DM-11-08-08-03,2026-08-05,156.5,6807.75,96,
DM-11-08-08-03,2026-08-06,171.0,4188.25,96,
DM-11-08-08-03,2026-08-07,33.75,1638.5,96,
DM-11-08-08-03,2026-08-08,29.375,1723.75,96,0.0
DM-11-08-08-03,2026-08-09,33.375,1677.0,96,0.0
DM-11-08-08-03,2026-08-10,29.75,1863.5,96,0.0
DM-11-08-08-03,2026-08-11,28.875,1609.75,96,0.0
DM-11-08-08-03,2026-08-12,32.0,1634.75,96,0.0
DM-11-08-08-03,2026-08-13,32.375,1654.0,96,0.0
DM-11-08-08-03,2026-08-14,31.25,1704.75,96,0.0
DM-11-08-08-03,2026-08-15,30.75,1711.5,96,0.0
DM-11-08-08-03,2026-08-16,32.125,1688.0,96,0.0
DM-11-08-12-02,2026-07-25,100.0,4069.5,96,
DM-11-08-12-02,2026-07-26,92.375,3938.0,96,
DM-11-08-12-02,2026-07-27,85.375,3871.75,96,
DM-11-08-12-02,2026-07-28,94.25,3811.75,96,
DM-11-08-12-02,2026-07-29,88.0,3818.75,96,
DM-11-08-12-02,2026-07-30,87.875,3840.5,96,
DM-11-08-12-02,2026-07-31,83.0,3769.25,96,
DM-11-08-12-02,2026-08-01,84.875,3886.0,96,
DM-11-08-12-02,2026-08-02,87.625,3974.0,96,
DM-11-08-12-02,2026-08-03,89.0,3966.5,96,
DM-11-08-12-02,2026-08-04,84.75,3925.25,96,
DM-11-08-12-02,2026-08-05,91.75,3865.0,96,
DM-11-08-12-02,2026-08-06,87.75,3843.0,96,
DM-11-08-12-02,2026-08-07,81.625,3815.75,96,
DM-11-08-12-02,2026-08-08,84.125,3986.5,96,0.0
DM-11-08-12-02,2026-08-09,85.5,3942.5,96,0.0
DM-11-08-12-02,2026-08-10,81.0,3829.75,96,0.0
DM-11-08-12-02,2026-08-11,85.75,3843.5,96,0.0
DM-11-08-12-02,2026-08-12,90.25,3899.25,96,0.0
DM-11-08-12-02,2026-08-13,88.875,3918.0,96,0.0
DM-11-08-12-02,2026-08-14,88.0,3921.0,96,0.0
DM-11-08-12-02,2026-08-15,91.25,4061.25,96,0.46
DM-11-08-12-02,2026-08-16,85.875,3986.5,96,0.0
DM-11-08-13-02,2026-07-25,44.875,2080.5,96,
DM-11-08-13-02,2026-07-26,58.0,2088.0,96,
DM-11-08-13-02,2026-07-27,47.5,2085.0,96,
DM-11-08-13-02,2026-07-28,37.125,1991.0,96,
DM-11-08-13-02,2026-07-29,53.75,1966.0,96,
DM-11-08-13-02,2026-07-30,45.125,2014.25,96,
DM-11-08-13-02,2026-07-31,37.5,1891.75,96,
DM-11-08-13-02,2026-08-01,35.25,1934.25,96,
DM-11-08-13-02,2026-08-02,39.875,1990.75,96,
DM-11-08-13-02,2026-08-03,36.5,2004.25,96,
DM-11-08-13-02,2026-08-04,33.375,1968.25,96,
DM-11-08-13-02,2026-08-05,34.75,1954.0,96,
DM-11-08-13-02,2026-08-06,38.0,2046.0,96,
DM-11-08-13-02,2026-08-07,35.375,2003.0,96,
DM-11-08-13-02,2026-08-08,31.125,1992.75,96,0.0
DM-11-08-13-02,2026-08-09,32.0,2004.0,96,0.0
DM-11-08-13-02,2026-08-10,33.0,1912.5,96,0.0
DM-11-08-13-02,2026-08-11,34.25,1935.5,96,0.0
DM-11-08-13-02,2026-08-12,33.25,1964.5,96,0.0
DM-11-08-13-02,2026-08-13,37.125,2195.0,96,0.0
DM-11-08-13-02,2026-08-14,43.375,2035.75,96,0.0
DM-11-08-13-02,2026-08-15,41.25,2116.75,96,0.0
DM-11-08-13-02,2026-08-16,36.5,2121.5,96,0.0
DM-11-08-14-01,2026-07-25,196.375,7945.75,96,
DM-11-08-14-01,2026-07-26,182.375,7794.5,96,
DM-11-08-14-01,2026-07-27,179.625,7708.25,96,
DM-11-08-14-01,2026-07-28,188.25,7562.25,96,
DM-11-08-14-01,2026-07-29,181.0,7673.25,96,
DM-11-08-14-01,2026-07-30,187.0,7702.0,96,
DM-11-08-14-01,2026-07-31,172.0,7562.75,96,
DM-11-08-14-01,2026-08-01,177.0,7743.5,96,
DM-11-08-14-01,2026-08-02,178.0,7863.75,96,
DM-11-08-14-01,2026-08-03,180.5,7865.0,96,
DM-11-08-14-01,2026-08-04,169.625,7745.0,96,
DM-11-08-14-01,2026-08-05,188.125,7762.75,96,
DM-11-08-14-01,2026-08-06,178.625,7653.5,96,
DM-11-08-14-01,2026-08-07,168.25,7627.25,96,
DM-11-08-14-01,2026-08-08,178.25,7871.5,96,0.0
DM-11-08-14-01,2026-08-09,171.25,7755.75,96,0.0
DM-11-08-14-01,2026-08-10,165.625,7589.75,96,0.0
DM-11-08-14-01,2026-08-11,170.5,7569.0,96,0.0
DM-11-08-14-01,2026-08-12,179.875,7741.25,96,0.0
DM-11-08-14-01,2026-08-13,187.625,7248.5,96,3.412
DM-11-08-14-01,2026-08-14,182.75,7839.75,96,1.948
DM-11-08-14-01,2026-08-15,188.0,8073.25,96,5.735
DM-11-08-14-01,2026-08-16,172.25,7950.5,96,0.0
DM-11-08-20-01,2026-07-25,103.5,4582.25,96,
DM-11-08-20-01,2026-07-26,98.375,4629.25,96,
DM-11-08-20-01,2026-07-27,94.5,4472.0,96,
DM-11-08-20-01,2026-07-28,103.25,4423.75,96,
DM-11-08-20-01,2026-07-29,91.375,4265.75,96,
DM-11-08-20-01,2026-07-30,90.25,4276.5,96,
DM-11-08-20-01,2026-07-31,93.75,4229.5,96,
DM-11-08-20-01,2026-08-01,88.875,4395.75,96,
DM-11-08-20-01,2026-08-02,90.625,4584.75,96,
DM-11-08-20-01,2026-08-03,87.125,4417.75,96,
DM-11-08-20-01,2026-08-04,88.875,4450.75,96,
DM-11-08-20-01,2026-08-05,87.0,4292.25,96,
DM-11-08-20-01,2026-08-06,92.625,4396.0,96,
DM-11-08-20-01,2026-08-07,100.5,4437.5,96,
DM-11-08-20-01,2026-08-08,94.625,4486.5,96,0.0
DM-11-08-20-01,2026-08-09,94.375,4580.5,96,0.0
DM-11-08-20-01,2026-08-10,92.75,4345.75,96,0.0
DM-11-08-20-01,2026-08-11,93.375,4404.75,96,0.0
DM-11-08-20-01,2026-08-12,89.625,4638.0,96,0.0
DM-11-08-20-01,2026-08-13,94.875,4363.0,96,0.0
DM-11-08-20-01,2026-08-14,95.75,4494.75,96,0.0
DM-11-08-20-01,2026-08-15,93.875,4666.5,96,0.0
DM-11-08-20-01,2026-08-16,91.5,4742.75,96,0.0
DM-11-08-22-01,2026-07-25,95.0,4584.25,96,
DM-11-08-22-01,2026-07-26,95.375,4600.0,96,
DM-11-08-22-01,2026-07-27,88.5,4350.25,96,
DM-11-08-22-01,2026-07-28,93.625,4356.75,96,
DM-11-08-22-01,2026-07-29,91.0,4334.5,96,
DM-11-08-22-01,2026-07-30,93.5,4385.5,96,
DM-11-08-22-01,2026-07-31,86.125,4262.0,96,
DM-11-08-22-01,2026-08-01,89.75,4510.5,96,
DM-11-08-22-01,2026-08-02,87.375,4694.5,96,
DM-11-08-22-01,2026-08-03,90.25,4526.25,96,
DM-11-08-22-01,2026-08-04,91.75,4519.0,96,
DM-11-08-22-01,2026-08-05,94.0,4458.0,96,
DM-11-08-22-01,2026-08-06,97.875,4460.25,96,
DM-11-08-22-01,2026-08-07,93.125,4457.75,96,
DM-11-08-22-01,2026-08-08,91.625,4704.25,96,0.0
DM-11-08-22-01,2026-08-09,90.25,4693.25,96,0.0
DM-11-08-22-01,2026-08-10,91.25,4464.25,96,0.0
DM-11-08-22-01,2026-08-11,91.125,4449.75,96,0.0
DM-11-08-22-01,2026-08-12,92.375,4666.0,96,0.0
DM-11-08-22-01,2026-08-13,86.5,4371.25,96,0.0
DM-11-08-22-01,2026-08-14,85.5,4242.75,96,0.0
DM-11-08-22-01,2026-08-15,84.25,4309.0,96,0.0
DM-11-08-22-01,2026-08-16,77.875,4404.5,96,0.0
DM-11-10-58-01,2026-07-25,52.625,2871.75,96,
DM-11-10-58-01,2026-07-26,52.625,2903.5,96,
DM-11-10-58-01,2026-07-27,49.375,2623.5,96,
DM-11-10-58-01,2026-07-28,51.25,2644.5,96,
DM-11-10-58-01,2026-07-29,49.625,2713.75,96,
DM-11-10-58-01,2026-07-30,52.875,2834.0,96,
DM-11-10-58-01,2026-07-31,51.375,2741.5,96,
DM-11-10-58-01,2026-08-01,52.0,2842.0,96,
DM-11-10-58-01,2026-08-02,51.5,2902.25,96,
DM-11-10-58-01,2026-08-03,48.625,2743.75,96,
DM-11-10-58-01,2026-08-04,48.25,2690.25,96,
DM-11-10-58-01,2026-08-05,49.125,2712.25,96,
DM-11-10-58-01,2026-08-06,49.375,2653.75,96,
DM-11-10-58-01,2026-08-07,50.5,2664.0,96,
DM-11-10-58-01,2026-08-08,52.5,2853.25,96,1.084
DM-11-10-58-01,2026-08-09,49.625,2912.75,96,0.0
DM-11-10-58-01,2026-08-10,48.375,2685.0,96,0.0
DM-11-10-58-01,2026-08-11,50.125,2636.5,96,0.0
DM-11-10-58-01,2026-08-12,48.75,2724.5,96,0.0
DM-11-10-58-01,2026-08-13,51.75,2727.0,96,0.334
DM-11-10-58-01,2026-08-14,52.25,2740.0,96,1.168
DM-11-10-58-01,2026-08-15,51.0,2954.0,96,0.752
DM-11-10-58-01,2026-08-16,49.0,2750.25,96,0.0
DM-11-10-58-02,2026-07-25,116.75,4347.0,96,
DM-11-10-58-02,2026-07-26,116.125,4296.25,96,
DM-11-10-58-02,2026-07-27,113.125,4195.5,96,
DM-11-10-58-02,2026-07-28,111.875,4189.0,96,
DM-11-10-58-02,2026-07-29,118.875,4382.25,96,
DM-11-10-58-02,2026-07-30,116.0,4294.25,96,
DM-11-10-58-02,2026-07-31,111.375,4189.25,96,
DM-11-10-58-02,2026-08-01,113.125,4215.75,96,
DM-11-10-58-02,2026-08-02,110.375,4220.25,96,
DM-11-10-58-02,2026-08-03,104.75,4222.5,96,
DM-11-10-58-02,2026-08-04,113.625,4284.5,96,
DM-11-10-58-02,2026-08-05,114.375,4283.5,96,
DM-11-10-58-02,2026-08-06,112.75,4212.5,96,
DM-11-10-58-02,2026-08-07,115.5,4190.75,96,
DM-11-10-58-02,2026-08-08,111.375,4320.25,96,0.0
DM-11-10-58-02,2026-08-09,111.625,4305.75,96,0.0
DM-11-10-58-02,2026-08-10,110.625,4246.75,96,0.0
DM-11-10-58-02,2026-08-11,112.875,4250.0,96,0.0
DM-11-10-58-02,2026-08-12,110.875,4323.5,96,0.0
DM-11-10-58-02,2026-08-13,114.25,4249.0,96,0.0
DM-11-10-58-02,2026-08-14,115.375,4285.0,96,0.256
DM-11-10-58-02,2026-08-15,113.875,4365.0,96,0.0
DM-11-10-58-02,2026-08-16,116.125,4394.25,96,1.006
DM-11-10-62-01,2026-07-25,113.625,5239.25,96,
DM-11-10-62-01,2026-07-26,123.75,5217.75,96,
DM-11-10-62-01,2026-07-27,121.625,5117.5,96,
DM-11-10-62-01,2026-07-28,120.0,4969.0,96,
DM-11-10-62-01,2026-07-29,114.75,5071.5,96,
DM-11-10-62-01,2026-07-30,118.875,5107.0,96,
DM-11-10-62-01,2026-07-31,113.625,5058.75,96,
DM-11-10-62-01,2026-08-01,120.5,5160.5,96,
DM-11-10-62-01,2026-08-02,111.875,5201.25,96,
DM-11-10-62-01,2026-08-03,115.25,5167.75,96,
DM-11-10-62-01,2026-08-04,117.125,5188.25,96,
DM-11-10-62-01,2026-08-05,113.875,5145.25,96,
DM-11-10-62-01,2026-08-06,115.375,5059.75,96,
DM-11-10-62-01,2026-08-07,114.875,5043.75,96,
DM-11-10-62-01,2026-08-08,111.75,5193.75,96,0.0
DM-11-10-62-01,2026-08-09,117.5,5194.25,96,0.0
DM-11-10-62-01,2026-08-10,112.5,4990.5,96,0.0
DM-11-10-62-01,2026-08-11,114.875,4920.25,96,0.0
DM-11-10-62-01,2026-08-12,111.875,5098.25,96,0.0
DM-11-10-62-01,2026-08-13,108.5,4999.0,96,0.0
DM-11-10-62-01,2026-08-14,111.625,5073.0,96,0.0
DM-11-10-62-01,2026-08-15,117.375,5275.5,96,0.0
DM-11-10-62-01,2026-08-16,109.75,5225.25,96,0.0
DM-11-10-63-01,2026-07-25,116.5,5074.25,96,
DM-11-10-63-01,2026-07-26,104.125,4957.0,96,
DM-11-10-63-01,2026-07-27,103.0,4868.75,96,
DM-11-10-63-01,2026-07-28,101.125,4757.25,96,
DM-11-10-63-01,2026-07-29,101.375,4784.25,96,
DM-11-10-63-01,2026-07-30,104.125,4901.25,96,
DM-11-10-63-01,2026-07-31,103.375,4825.5,96,
DM-11-10-63-01,2026-08-01,102.5,4958.5,96,
DM-11-10-63-01,2026-08-02,112.375,5044.75,96,
DM-11-10-63-01,2026-08-03,104.25,5023.75,96,
DM-11-10-63-01,2026-08-04,107.0,4970.0,96,
DM-11-10-63-01,2026-08-05,104.875,4962.5,96,
DM-11-10-63-01,2026-08-06,110.625,4999.75,96,
DM-11-10-63-01,2026-08-07,81.25,4862.75,96,
DM-11-10-63-01,2026-08-08,107.875,5190.0,96,0.021
DM-11-10-63-01,2026-08-09,117.25,5160.25,96,9.417
DM-11-10-63-01,2026-08-10,102.125,4972.25,96,3.688
DM-11-10-63-01,2026-08-11,107.875,4837.0,96,3.709
DM-11-10-63-01,2026-08-12,105.625,4929.75,96,1.48
DM-11-10-63-01,2026-08-13,107.375,4801.5,96,1.0
DM-11-10-63-01,2026-08-14,97.5,4738.75,96,0.0
DM-11-10-63-01,2026-08-15,102.0,4977.25,96,0.0
DM-11-10-63-01,2026-08-16,95.875,4912.25,96,0.0
DM-11-10-64-01,2026-07-25,42.375,1955.75,96,
DM-11-10-64-01,2026-07-26,39.5,1957.75,96,
DM-11-10-64-01,2026-07-27,40.625,1852.75,96,
DM-11-10-64-01,2026-07-28,40.125,1880.5,96,
DM-11-10-64-01,2026-07-29,40.875,1856.75,96,
DM-11-10-64-01,2026-07-30,37.75,1851.0,96,
DM-11-10-64-01,2026-07-31,38.5,1801.5,96,
DM-11-10-64-01,2026-08-01,39.5,1877.75,96,
DM-11-10-64-01,2026-08-02,38.75,1984.25,96,
DM-11-10-64-01,2026-08-03,59.875,2346.25,96,
DM-11-10-64-01,2026-08-04,58.75,2792.5,96,
DM-11-10-64-01,2026-08-05,60.875,2792.5,96,
DM-11-10-64-01,2026-08-06,61.625,2748.25,96,
DM-11-10-64-01,2026-08-07,60.125,2688.25,96,
DM-11-10-64-01,2026-08-08,62.875,2810.5,96,10.844
DM-11-10-64-01,2026-08-09,61.875,2906.25,96,20.688
DM-11-10-64-01,2026-08-10,58.0,2760.0,96,26.657
DM-11-10-64-01,2026-08-11,59.125,2748.25,96,33.751
DM-11-10-64-01,2026-08-12,61.0,2830.25,96,42.72
DM-11-10-64-01,2026-08-13,38.25,2184.0,96,28.939
DM-11-10-64-01,2026-08-14,38.875,1840.5,96,15.783
DM-11-10-64-01,2026-08-15,37.875,1921.25,96,1.627
DM-11-10-64-01,2026-08-16,37.25,2004.0,96,0.0
DM-11-10-65-01,2026-07-25,132.25,5674.5,96,
DM-11-10-65-01,2026-07-26,137.0,5655.5,96,
DM-11-10-65-01,2026-07-27,132.625,5437.5,96,
DM-11-10-65-01,2026-07-28,129.875,5421.25,96,
DM-11-10-65-01,2026-07-29,134.625,5501.75,96,
DM-11-10-65-01,2026-07-30,130.0,5439.5,96,
DM-11-10-65-01,2026-07-31,126.0,5294.75,96,
DM-11-10-65-01,2026-08-01,127.375,5509.5,96,
DM-11-10-65-01,2026-08-02,132.75,5645.0,96,
DM-11-10-65-01,2026-08-03,127.25,5395.25,96,
DM-11-10-65-01,2026-08-04,128.875,5451.25,96,
DM-11-10-65-01,2026-08-05,129.875,5432.5,96,
DM-11-10-65-01,2026-08-06,129.75,5364.5,96,
DM-11-10-65-01,2026-08-07,130.75,5328.5,96,
DM-11-10-65-01,2026-08-08,126.375,5596.25,96,0.0
DM-11-10-65-01,2026-08-09,134.5,5639.25,96,2.415
DM-11-10-65-01,2026-08-10,128.75,5347.5,96,0.0
DM-11-10-65-01,2026-08-11,126.75,5294.0,96,0.0
DM-11-10-65-01,2026-08-12,127.0,5529.0,96,0.0
DM-11-10-65-01,2026-08-13,129.375,5337.75,96,0.0
DM-11-10-65-01,2026-08-14,129.875,5370.25,96,0.0
DM-11-10-65-01,2026-08-15,126.375,5823.75,96,0.0
DM-11-10-65-01,2026-08-16,132.5,5683.0,96,0.415
DM-11-10-69-01,2026-07-25,35.875,1765.0,96,
DM-11-10-69-01,2026-07-26,35.875,1719.75,96,
DM-11-10-69-01,2026-07-27,33.375,1670.5,96,
DM-11-10-69-01,2026-07-28,29.625,1616.75,96,
DM-11-10-69-01,2026-07-29,33.375,1691.75,96,
DM-11-10-69-01,2026-07-30,31.375,1684.5,96,
DM-11-10-69-01,2026-07-31,28.5,1700.25,96,
DM-11-10-69-01,2026-08-01,30.0,1739.25,96,
DM-11-10-69-01,2026-08-02,29.5,1716.75,96,
DM-11-10-69-01,2026-08-03,30.0,1819.5,96,
DM-11-10-69-01,2026-08-04,31.875,1806.75,96,
DM-11-10-69-01,2026-08-05,31.0,1812.75,96,
DM-11-10-69-01,2026-08-06,35.5,1782.0,96,
DM-11-10-69-01,2026-08-07,31.5,1753.0,96,
DM-11-10-69-01,2026-08-08,30.0,1783.75,96,0.0
DM-11-10-69-01,2026-08-09,32.875,1742.0,96,0.0
DM-11-10-69-01,2026-08-10,27.5,1747.0,96,0.0
DM-11-10-69-01,2026-08-11,29.375,1827.5,96,0.0
DM-11-10-69-01,2026-08-12,31.125,1759.5,96,0.0
DM-11-10-69-01,2026-08-13,33.5,1883.25,96,0.351
DM-11-10-69-01,2026-08-14,35.5,1863.75,96,2.701
DM-11-10-69-01,2026-08-15,34.25,1876.25,96,3.802
DM-11-10-69-01,2026-08-16,33.875,1834.25,96,4.528
DM-11-10-69-02,2026-07-25,95.75,4307.5,96,
DM-11-10-69-02,2026-07-26,126.625,4293.0,96,
DM-11-10-69-02,2026-07-27,104.5,4049.25,96,
DM-11-10-69-02,2026-07-28,86.0,3807.25,96,
DM-11-10-69-02,2026-07-29,114.5,4021.0,96,
DM-11-10-69-02,2026-07-30,100.625,3873.25,96,
DM-11-10-69-02,2026-07-31,82.25,3569.5,96,
DM-11-10-69-02,2026-08-01,56.625,3743.0,96,
DM-11-10-69-02,2026-08-02,64.75,3978.0,96,
DM-11-10-69-02,2026-08-03,87.375,3794.0,96,
DM-11-10-69-02,2026-08-04,69.75,3686.75,96,
DM-11-10-69-02,2026-08-05,47.5,3623.0,96,
DM-11-10-69-02,2026-08-06,83.25,3720.5,96,
DM-11-10-69-02,2026-08-07,65.25,3659.25,96,
DM-11-10-69-02,2026-08-08,52.375,3958.75,96,0.0
DM-11-10-69-02,2026-08-09,65.125,3903.5,96,0.0
DM-11-10-69-02,2026-08-10,62.125,3572.5,96,0.0
DM-11-10-69-02,2026-08-11,53.375,3524.75,96,0.0
DM-11-10-69-02,2026-08-12,56.875,3729.75,96,0.0
DM-11-10-69-02,2026-08-13,70.75,3797.25,96,0.0
DM-11-10-69-02,2026-08-14,86.5,3870.75,96,0.0
DM-11-10-69-02,2026-08-15,64.75,4146.75,96,0.0
DM-11-10-69-02,2026-08-16,83.125,4188.25,96,0.0
DM-11-10-71-01,2026-07-25,65.375,3009.75,96,
DM-11-10-71-01,2026-07-26,66.5,2964.0,96,
DM-11-10-71-01,2026-07-27,61.625,2864.0,96,
DM-11-10-71-01,2026-07-28,53.375,2667.5,96,
DM-11-10-71-01,2026-07-29,61.75,2762.0,96,
DM-11-10-71-01,2026-07-30,56.125,2832.0,96,
DM-11-10-71-01,2026-07-31,53.75,2723.0,96,
DM-11-10-71-01,2026-08-01,50.875,2908.5,96,
DM-11-10-71-01,2026-08-02,52.125,2943.5,96,
DM-11-10-71-01,2026-08-03,51.75,3001.0,96,
DM-11-10-71-01,2026-08-04,53.0,2994.0,96,
DM-11-10-71-01,2026-08-05,54.75,2942.75,96,
DM-11-10-71-01,2026-08-06,58.75,2909.75,96,
DM-11-10-71-01,2026-08-07,57.375,2844.0,96,
DM-11-10-71-01,2026-08-08,47.625,2891.0,96,0.0
DM-11-10-71-01,2026-08-09,51.75,2879.75,96,0.0
DM-11-10-71-01,2026-08-10,49.0,2860.0,96,0.0
DM-11-10-71-01,2026-08-11,46.25,2840.25,96,0.0
DM-11-10-71-01,2026-08-12,48.625,2821.25,96,0.0
DM-11-10-71-01,2026-08-13,54.875,2898.0,96,0.0
DM-11-10-71-01,2026-08-14,55.375,2944.0,96,0.0
DM-11-10-71-01,2026-08-15,56.875,2972.0,96,0.0
DM-11-10-71-01,2026-08-16,56.75,2975.5,96,0.0
DM-11-10-71-02,2026-07-25,40.625,1573.5,96,
DM-11-10-71-02,2026-07-26,38.5,1541.75,96,
DM-11-10-71-02,2026-07-27,36.75,1478.0,96,
DM-11-10-71-02,2026-07-28,33.625,1339.5,96,
DM-11-10-71-02,2026-07-29,30.625,1359.25,96,
DM-11-10-71-02,2026-07-30,35.625,1456.75,96,
DM-11-10-71-02,2026-07-31,31.375,1477.25,96,
DM-11-10-71-02,2026-08-01,32.625,1510.5,96,
DM-11-10-71-02,2026-08-02,34.875,1545.5,96,
DM-11-10-71-02,2026-08-03,32.75,1473.5,96,
DM-11-10-71-02,2026-08-04,29.25,1509.5,96,
DM-11-10-71-02,2026-08-05,34.75,1515.75,96,
DM-11-10-71-02,2026-08-06,33.0,1462.0,96,
DM-11-10-71-02,2026-08-07,29.0,1455.5,96,
DM-11-10-71-02,2026-08-08,33.875,1512.25,96,0.0
DM-11-10-71-02,2026-08-09,32.25,1474.0,96,0.0
DM-11-10-71-02,2026-08-10,30.625,1452.0,96,0.0
DM-11-10-71-02,2026-08-11,28.875,1445.25,96,0.0
DM-11-10-71-02,2026-08-12,30.875,1406.0,96,0.0
DM-11-10-71-02,2026-08-13,36.25,1476.75,96,0.825
DM-11-10-71-02,2026-08-14,32.25,1482.25,96,0.0
DM-11-10-71-02,2026-08-15,36.125,1544.0,96,0.7
DM-11-10-71-02,2026-08-16,31.625,1474.25,96,0.0
DM-11-10-72-02,2026-07-25,56.5,2673.0,96,
DM-11-10-72-02,2026-07-26,57.125,2655.25,96,
DM-11-10-72-02,2026-07-27,55.625,2683.5,96,
DM-11-10-72-02,2026-07-28,55.625,2616.75,96,
DM-11-10-72-02,2026-07-29,56.0,2559.5,96,
DM-11-10-72-02,2026-07-30,54.25,2622.5,96,
DM-11-10-72-02,2026-07-31,54.25,2565.5,96,
DM-11-10-72-02,2026-08-01,55.875,2625.25,96,
DM-11-10-72-02,2026-08-02,58.0,2702.0,96,
DM-11-10-72-02,2026-08-03,57.625,2741.75,96,
DM-11-10-72-02,2026-08-04,55.625,2661.75,96,
DM-11-10-72-02,2026-08-05,58.0,2613.75,96,
DM-11-10-72-02,2026-08-06,56.0,2642.75,96,
DM-11-10-72-02,2026-08-07,55.625,2601.0,96,
DM-11-10-72-02,2026-08-08,58.75,2642.0,96,2.023
DM-11-10-72-02,2026-08-09,57.0,2648.0,96,2.296
DM-11-10-72-02,2026-08-10,55.25,2629.0,96,0.819
DM-11-10-72-02,2026-08-11,55.5,2638.0,96,0.0
DM-11-10-72-02,2026-08-12,58.625,2689.75,96,1.898
DM-11-10-72-02,2026-08-13,54.875,2633.75,96,0.046
DM-11-10-72-02,2026-08-14,54.75,2689.75,96,0.0
DM-11-10-72-02,2026-08-15,55.375,2581.0,96,0.0
DM-11-10-72-02,2026-08-16,55.375,2658.0,96,0.0
DM-12-01-01-02,2026-07-25,96.5,3706.75,96,
DM-12-01-01-02,2026-07-26,97.375,3710.75,96,
DM-12-01-01-02,2026-07-27,99.75,3553.0,96,
DM-12-01-01-02,2026-07-28,95.25,3520.5,96,
DM-12-01-01-02,2026-07-29,96.25,3511.25,96,
DM-12-01-01-02,2026-07-30,92.875,3539.25,96,
DM-12-01-01-02,2026-07-31,99.5,3545.75,96,
DM-12-01-01-02,2026-08-01,96.125,3672.5,96,
DM-12-01-01-02,2026-08-02,95.75,3694.5,96,
DM-12-01-01-02,2026-08-03,96.25,3620.0,96,
DM-12-01-01-02,2026-08-04,97.625,3633.5,96,
DM-12-01-01-02,2026-08-05,99.0,3639.75,96,
DM-12-01-01-02,2026-08-06,91.625,3573.0,96,
DM-12-01-01-02,2026-08-07,101.25,3632.5,96,
DM-12-01-01-02,2026-08-08,99.375,3735.25,96,1.323
DM-12-01-01-02,2026-08-09,99.375,3768.75,96,2.647
DM-12-01-01-02,2026-08-10,94.25,3582.5,96,0.0
DM-12-01-01-02,2026-08-11,96.0,3545.5,96,0.0
DM-12-01-01-02,2026-08-12,98.25,3599.75,96,0.198
DM-12-01-01-02,2026-08-13,99.375,3607.75,96,1.522
DM-12-01-01-02,2026-08-14,99.0,3652.25,96,2.47
DM-12-01-01-02,2026-08-15,100.5,3734.75,96,4.918
DM-12-01-01-02,2026-08-16,96.875,3702.0,96,3.742
DM-12-01-03-02,2026-07-25,93.5,3558.25,96,
DM-12-01-03-02,2026-07-26,93.5,3619.75,96,
DM-12-01-03-02,2026-07-27,95.75,3497.75,96,
DM-12-01-03-02,2026-07-28,90.875,3502.0,96,
DM-12-01-03-02,2026-07-29,93.875,3547.0,96,
DM-12-01-03-02,2026-07-30,93.125,3538.25,96,
DM-12-01-03-02,2026-07-31,91.75,3467.0,96,
DM-12-01-03-02,2026-08-01,95.125,3622.0,96,
DM-12-01-03-02,2026-08-02,98.25,3682.0,96,
DM-12-01-03-02,2026-08-03,95.75,3603.5,96,
DM-12-01-03-02,2026-08-04,89.125,3575.75,96,
DM-12-01-03-02,2026-08-05,92.0,3560.75,96,
DM-12-01-03-02,2026-08-06,94.25,3559.25,96,
DM-12-01-03-02,2026-08-07,93.5,3599.0,96,
DM-12-01-03-02,2026-08-08,96.75,3707.25,96,2.055
DM-12-01-03-02,2026-08-09,98.875,3753.25,96,6.235
DM-12-01-03-02,2026-08-10,98.875,3661.25,96,10.415
DM-12-01-03-02,2026-08-11,94.0,3623.0,96,9.719
DM-12-01-03-02,2026-08-12,98.375,3741.75,96,13.399
DM-12-01-03-02,2026-08-13,98.375,3683.5,96,17.079
DM-12-01-03-02,2026-08-14,95.625,3700.75,96,18.009
DM-12-01-03-02,2026-08-15,102.0,3813.75,96,25.314
DM-12-01-03-02,2026-08-16,100.125,3846.5,96,30.744
DM-12-01-05-01,2026-07-25,116.125,4862.5,96,
DM-12-01-05-01,2026-07-26,123.125,4823.0,96,
DM-12-01-05-01,2026-07-27,121.625,4882.0,96,
DM-12-01-05-01,2026-07-28,115.625,4718.75,96,
DM-12-01-05-01,2026-07-29,112.375,4710.5,96,
DM-12-01-05-01,2026-07-30,112.5,4680.0,96,
DM-12-01-05-01,2026-07-31,124.875,4773.5,96,
DM-12-01-05-01,2026-08-01,120.875,4965.25,96,
DM-12-01-05-01,2026-08-02,123.0,4915.75,96,
DM-12-01-05-01,2026-08-03,125.25,4884.25,96,
DM-12-01-05-01,2026-08-04,118.75,4783.0,96,
DM-12-01-05-01,2026-08-05,115.75,4715.5,96,
DM-12-01-05-01,2026-08-06,114.875,4626.75,96,
DM-12-01-05-01,2026-08-07,126.5,4714.5,96,
DM-12-01-05-01,2026-08-08,122.625,4782.5,96,0.917
DM-12-01-05-01,2026-08-09,118.0,4800.75,96,0.0
DM-12-01-05-01,2026-08-10,117.5,4751.75,96,0.0
DM-12-01-05-01,2026-08-11,114.75,4738.5,96,0.0
DM-12-01-05-01,2026-08-12,123.625,4852.25,96,1.917
DM-12-01-05-01,2026-08-13,121.625,4763.0,96,1.835
DM-12-01-05-01,2026-08-14,119.25,4832.25,96,0.0
DM-12-01-05-01,2026-08-15,121.0,4975.75,96,0.0
DM-12-01-05-01,2026-08-16,127.0,4936.25,96,5.292
DM-12-01-06-01,2026-07-25,28.25,1784.75,96,
DM-12-01-06-01,2026-07-26,29.0,1828.0,96,
DM-12-01-06-01,2026-07-27,28.75,1523.88,96,
DM-12-01-06-01,2026-07-28,28.25,1738.75,96,
DM-12-01-06-01,2026-07-29,28.125,1708.5,96,
DM-12-01-06-01,2026-07-30,29.0,1705.5,96,
DM-12-01-06-01,2026-07-31,29.625,1646.75,96,
DM-12-01-06-01,2026-08-01,27.625,1723.5,96,
DM-12-01-06-01,2026-08-02,27.5,1736.0,96,
DM-12-01-06-01,2026-08-03,26.5,1635.5,96,
DM-12-01-06-01,2026-08-04,27.5,1749.0,96,
DM-12-01-06-01,2026-08-05,28.5,1656.75,96,
DM-12-01-06-01,2026-08-06,29.125,1712.25,96,
DM-12-01-06-01,2026-08-07,32.75,1720.25,96,
DM-12-01-06-01,2026-08-08,34.25,2146.75,96,4.947
DM-12-01-06-01,2026-08-09,31.5,1830.75,96,7.143
DM-12-01-06-01,2026-08-10,32.875,1775.0,96,10.715
DM-12-01-06-01,2026-08-11,29.25,1734.5,96,10.661
DM-12-01-06-01,2026-08-12,31.0,1827.5,96,12.358
DM-12-01-06-01,2026-08-13,33.125,1832.75,96,16.179
DM-12-01-06-01,2026-08-14,31.375,1806.25,96,18.251
DM-12-01-06-01,2026-08-15,31.125,1868.75,96,20.072
DM-12-01-06-01,2026-08-16,33.375,1870.25,96,24.144
DM-12-01-07-01,2026-07-25,55.625,1896.75,96,
DM-12-01-07-01,2026-07-26,55.75,1974.0,96,
DM-12-01-07-01,2026-07-27,60.75,1994.75,96,
DM-12-01-07-01,2026-07-28,51.625,2579.75,96,
DM-12-01-07-01,2026-07-29,59.625,2797.25,96,
DM-12-01-07-01,2026-07-30,56.375,2119.25,96,
DM-12-01-07-01,2026-07-31,53.875,1923.25,96,
DM-12-01-07-01,2026-08-01,54.125,1843.5,96,
DM-12-01-07-01,2026-08-02,47.5,2015.75,96,
DM-12-01-07-01,2026-08-03,52.125,1931.0,96,
DM-12-01-07-01,2026-08-04,53.875,2735.0,96,
DM-12-01-07-01,2026-08-05,57.0,1938.75,96,
DM-12-01-07-01,2026-08-06,49.125,1901.75,96,
DM-12-01-07-01,2026-08-07,50.25,1894.0,96,
DM-12-01-07-01,2026-08-08,53.375,1951.25,96,0.0
DM-12-01-07-01,2026-08-09,49.125,1806.5,96,0.0
DM-12-01-07-01,2026-08-10,51.875,1799.75,96,0.0
DM-12-01-07-01,2026-08-11,53.25,1923.25,96,0.0
DM-12-01-07-01,2026-08-12,54.125,1841.0,96,0.0
DM-12-01-07-01,2026-08-13,54.0,2150.75,96,0.0
DM-12-01-07-01,2026-08-14,61.25,1989.25,96,5.308
DM-12-01-07-01,2026-08-15,54.25,1911.5,96,3.617
DM-12-01-07-01,2026-08-16,57.375,2056.5,96,5.05
DM-12-02-01-02,2026-07-25,99.0,3687.0,96,
DM-12-02-01-02,2026-07-26,92.125,3709.25,96,
DM-12-02-01-02,2026-07-27,94.625,3595.5,96,
DM-12-02-01-02,2026-07-28,88.625,3662.25,96,
DM-12-02-01-02,2026-07-29,89.125,3553.5,96,
DM-12-02-01-02,2026-07-30,95.0,3491.0,96,
DM-12-02-01-02,2026-07-31,98.75,3484.0,96,
DM-12-02-01-02,2026-08-01,97.0,3673.75,96,
DM-12-02-01-02,2026-08-02,99.375,3702.0,96,
DM-12-02-01-02,2026-08-03,93.5,3577.25,96,
DM-12-02-01-02,2026-08-04,88.0,3542.75,96,
DM-12-02-01-02,2026-08-05,83.125,3537.25,96,
DM-12-02-01-02,2026-08-06,88.25,3565.0,96,
DM-12-02-01-02,2026-08-07,91.0,3495.5,96,
DM-12-02-01-02,2026-08-08,88.125,3609.5,96,0.0
DM-12-02-01-02,2026-08-09,83.0,3634.75,96,0.0
DM-12-02-01-02,2026-08-10,83.5,3488.5,96,0.0
DM-12-02-01-02,2026-08-11,84.625,3468.5,96,0.0
DM-12-02-01-02,2026-08-12,91.125,3625.0,96,0.0
DM-12-02-01-02,2026-08-13,90.375,3536.75,96,0.0
DM-12-02-01-02,2026-08-14,95.75,3627.5,96,0.699
DM-12-02-01-02,2026-08-15,90.125,3635.0,96,0.0
DM-12-02-01-02,2026-08-16,87.375,3708.25,96,0.0
DM-12-02-02-02,2026-07-25,43.25,1798.5,96,
DM-12-02-02-02,2026-07-26,43.25,1835.25,96,
DM-12-02-02-02,2026-07-27,44.125,1821.75,96,
DM-12-02-02-02,2026-07-28,43.25,1781.0,96,
DM-12-02-02-02,2026-07-29,44.75,1745.25,96,
DM-12-02-02-02,2026-07-30,44.125,1764.5,96,
DM-12-02-02-02,2026-07-31,46.375,1820.75,96,
DM-12-02-02-02,2026-08-01,45.375,1815.25,96,
DM-12-02-02-02,2026-08-02,48.125,1872.25,96,
DM-12-02-02-02,2026-08-03,50.375,1905.5,96,
DM-12-02-02-02,2026-08-04,42.125,1824.25,96,
DM-12-02-02-02,2026-08-05,41.875,1817.75,96,
DM-12-02-02-02,2026-08-06,44.0,1813.5,96,
DM-12-02-02-02,2026-08-07,43.875,1806.0,96,
DM-12-02-02-02,2026-08-08,43.125,1780.0,96,0.0
DM-12-02-02-02,2026-08-09,44.0,1808.75,96,0.0
DM-12-02-02-02,2026-08-10,41.75,1815.25,96,0.0
DM-12-02-02-02,2026-08-11,41.375,1770.0,96,0.0
DM-12-02-02-02,2026-08-12,45.625,1803.75,96,0.0
DM-12-02-02-02,2026-08-13,47.5,1813.25,96,1.749
DM-12-02-02-02,2026-08-14,44.375,1830.5,96,0.373
DM-12-02-02-02,2026-08-15,46.125,1832.75,96,0.747
DM-12-02-02-02,2026-08-16,44.75,1850.0,96,0.0
DM-12-02-06-01,2026-07-25,111.0,4350.75,96,
DM-12-02-06-01,2026-07-26,104.25,4386.25,96,
DM-12-02-06-01,2026-07-27,107.125,4249.5,96,
DM-12-02-06-01,2026-07-28,111.625,4333.25,96,
DM-12-02-06-01,2026-07-29,112.375,4428.5,96,
DM-12-02-06-01,2026-07-30,113.5,4550.0,96,
DM-12-02-06-01,2026-07-31,124.0,4750.25,96,
DM-12-02-06-01,2026-08-01,120.625,4839.5,96,
DM-12-02-06-01,2026-08-02,123.875,4872.5,96,
DM-12-02-06-01,2026-08-03,124.125,4868.75,96,
DM-12-02-06-01,2026-08-04,119.75,4831.5,96,
DM-12-02-06-01,2026-08-05,125.125,4789.25,96,
DM-12-02-06-01,2026-08-06,122.0,4842.25,96,
DM-12-02-06-01,2026-08-07,128.25,4762.25,96,
DM-12-02-06-01,2026-08-08,128.375,4936.5,96,7.059
DM-12-02-06-01,2026-08-09,127.125,4936.75,96,12.868
DM-12-02-06-01,2026-08-10,125.75,4883.75,96,17.302
DM-12-02-06-01,2026-08-11,126.25,4779.25,96,22.236
DM-12-02-06-01,2026-08-12,124.25,4900.25,96,25.17
DM-12-02-06-01,2026-08-13,135.875,4914.25,96,39.729
DM-12-02-06-01,2026-08-14,123.75,4909.75,96,42.163
DM-12-02-06-01,2026-08-15,123.5,4995.0,96,44.347
DM-12-02-06-01,2026-08-16,125.75,5096.5,96,48.781
DM-12-02-07-01,2026-07-25,136.5,5340.75,96,
DM-12-02-07-01,2026-07-26,118.125,4877.25,96,
DM-12-02-07-01,2026-07-27,118.875,4605.5,96,
DM-12-02-07-01,2026-07-28,119.5,4608.0,96,
DM-12-02-07-01,2026-07-29,119.125,4568.5,96,
DM-12-02-07-01,2026-07-30,114.5,4588.5,96,
DM-12-02-07-01,2026-07-31,115.125,4506.5,96,
DM-12-02-07-01,2026-08-01,124.25,4813.0,96,
DM-12-02-07-01,2026-08-02,119.125,4909.75,96,
DM-12-02-07-01,2026-08-03,123.0,4700.75,96,
DM-12-02-07-01,2026-08-04,118.125,4694.25,96,
DM-12-02-07-01,2026-08-05,121.375,4647.75,96,
DM-12-02-07-01,2026-08-06,117.5,4541.5,96,
DM-12-02-07-01,2026-08-07,129.0,4917.25,96,
DM-12-02-07-01,2026-08-08,126.0,4798.75,96,2.193
DM-12-02-07-01,2026-08-09,123.125,4874.5,96,1.512
DM-12-02-07-01,2026-08-10,115.875,4593.0,96,0.0
DM-12-02-07-01,2026-08-11,115.125,4480.5,96,0.0
DM-12-02-07-01,2026-08-12,120.375,4723.25,96,0.0
DM-12-02-07-01,2026-08-13,123.75,4541.0,96,0.0
DM-12-02-07-01,2026-08-14,126.375,4778.25,96,2.568
DM-12-02-07-01,2026-08-15,125.0,4870.25,96,3.762
DM-12-02-07-01,2026-08-16,121.375,4809.5,96,1.33
DM-12-02-07-02,2026-07-25,151.875,5966.75,96,
DM-12-02-07-02,2026-07-26,108.5,5413.75,96,
DM-12-02-07-02,2026-07-27,108.375,5186.0,96,
DM-12-02-07-02,2026-07-28,105.75,5115.75,96,
DM-12-02-07-02,2026-07-29,107.5,5100.25,96,
DM-12-02-07-02,2026-07-30,106.125,5097.5,96,
DM-12-02-07-02,2026-07-31,108.75,5080.75,96,
DM-12-02-07-02,2026-08-01,112.375,5361.75,96,
DM-12-02-07-02,2026-08-02,115.125,5505.5,96,
DM-12-02-07-02,2026-08-03,112.125,5303.5,96,
DM-12-02-07-02,2026-08-04,117.5,5366.5,96,
DM-12-02-07-02,2026-08-05,109.375,5233.0,96,
DM-12-02-07-02,2026-08-06,110.75,5226.5,96,
DM-12-02-07-02,2026-08-07,126.75,5506.5,96,
DM-12-02-07-02,2026-08-08,126.0,5427.25,96,5.814
DM-12-02-07-02,2026-08-09,113.75,5459.5,96,0.0
DM-12-02-07-02,2026-08-10,120.375,5324.25,96,0.189
DM-12-02-07-02,2026-08-11,108.75,5110.25,96,0.0
DM-12-02-07-02,2026-08-12,118.875,5374.75,96,0.0
DM-12-02-07-02,2026-08-13,110.0,5139.25,96,0.0
DM-12-02-07-02,2026-08-14,115.25,5432.25,96,0.0
DM-12-02-07-02,2026-08-15,116.0,5410.0,96,0.0
DM-12-02-07-02,2026-08-16,110.625,5401.25,96,0.0
DM-12-02-08-02,2026-07-25,82.625,3539.0,96,
DM-12-02-08-02,2026-07-26,79.125,3601.5,96,
DM-12-02-08-02,2026-07-27,80.25,3530.5,96,
DM-12-02-08-02,2026-07-28,78.625,3345.75,96,
DM-12-02-08-02,2026-07-29,94.25,3716.75,96,
DM-12-02-08-02,2026-07-30,98.25,3564.75,96,
DM-12-02-08-02,2026-07-31,97.25,3641.25,96,
DM-12-02-08-02,2026-08-01,78.75,3605.0,96,
DM-12-02-08-02,2026-08-02,79.375,3576.75,96,
DM-12-02-08-02,2026-08-03,83.625,3699.0,96,
DM-12-02-08-02,2026-08-04,84.125,3395.38,96,
DM-12-02-08-02,2026-08-05,84.875,3642.25,96,
DM-12-02-08-02,2026-08-06,78.875,3480.0,96,
DM-12-02-08-02,2026-08-07,78.125,3527.25,96,
DM-12-02-08-02,2026-08-08,79.875,3581.75,96,0.0
DM-12-02-08-02,2026-08-09,87.75,3656.25,96,0.158
DM-12-02-08-02,2026-08-10,88.5,3547.0,96,1.067
DM-12-02-08-02,2026-08-11,83.25,3530.75,96,0.0
DM-12-02-08-02,2026-08-12,85.875,3578.5,96,0.0
DM-12-02-08-02,2026-08-13,84.125,3557.75,96,0.0
DM-12-02-08-02,2026-08-14,83.25,3415.0,96,0.0
DM-12-02-08-02,2026-08-15,83.5,3784.0,96,0.0
DM-12-02-08-02,2026-08-16,85.75,3582.25,96,0.0
DM-12-03-01-02,2026-07-25,95.25,3586.75,96,
DM-12-03-01-02,2026-07-26,91.0,3488.25,96,
DM-12-03-01-02,2026-07-27,90.75,3379.5,96,
DM-12-03-01-02,2026-07-28,86.625,3364.5,96,
DM-12-03-01-02,2026-07-29,90.0,3371.25,96,
DM-12-03-01-02,2026-07-30,89.0,3450.75,96,
DM-12-03-01-02,2026-07-31,92.25,3424.25,96,
DM-12-03-01-02,2026-08-01,92.625,3489.0,96,
DM-12-03-01-02,2026-08-02,91.0,3539.25,96,
DM-12-03-01-02,2026-08-03,91.375,3545.25,96,
DM-12-03-01-02,2026-08-04,93.375,3562.75,96,
DM-12-03-01-02,2026-08-05,96.625,3597.0,96,
DM-12-03-01-02,2026-08-06,95.375,3551.0,96,
DM-12-03-01-02,2026-08-07,97.0,3661.0,96,
DM-12-03-01-02,2026-08-08,95.75,3625.75,96,2.012
DM-12-03-01-02,2026-08-09,102.125,3569.5,96,10.399
DM-12-03-01-02,2026-08-10,90.5,3583.25,96,7.161
DM-12-03-01-02,2026-08-11,93.625,3557.0,96,7.048
DM-12-03-01-02,2026-08-12,94.125,3602.75,96,7.434
DM-12-03-01-02,2026-08-13,92.375,3562.75,96,6.071
DM-12-03-01-02,2026-08-14,95.875,3674.0,96,8.208
DM-12-03-01-02,2026-08-15,96.75,3643.25,96,11.22
DM-12-03-01-02,2026-08-16,95.625,3650.75,96,13.107
DM-12-03-04-01,2026-07-25,30.375,912.5,96,
DM-12-03-04-01,2026-07-26,29.75,1049.75,96,
DM-12-03-04-01,2026-07-27,29.125,962.25,96,
DM-12-03-04-01,2026-07-28,30.875,981.25,96,
DM-12-03-04-01,2026-07-29,28.75,1017.5,96,
DM-12-03-04-01,2026-07-30,31.875,891.5,96,
DM-12-03-04-01,2026-07-31,27.5,931.75,96,
DM-12-03-04-01,2026-08-01,27.125,989.0,96,
DM-12-03-04-01,2026-08-02,27.125,1020.5,96,
DM-12-03-04-01,2026-08-03,28.25,920.0,96,
DM-12-03-04-01,2026-08-04,10.25,861.75,96,
DM-12-03-04-01,2026-08-05,29.875,952.0,96,
DM-12-03-04-01,2026-08-06,27.75,901.0,96,
DM-12-03-04-01,2026-08-07,28.625,925.75,96,
DM-12-03-04-01,2026-08-08,28.0,871.5,96,0.0
DM-12-03-04-01,2026-08-09,27.375,1013.5,96,0.0
DM-12-03-04-01,2026-08-10,29.75,926.25,96,0.0
DM-12-03-04-01,2026-08-11,25.5,913.5,96,0.0
DM-12-03-04-01,2026-08-12,30.375,884.0,96,0.203
DM-12-03-04-01,2026-08-13,28.625,968.5,96,0.0
DM-12-03-04-01,2026-08-14,26.25,904.0,96,0.0
DM-12-03-04-01,2026-08-15,27.875,921.5,96,0.0
DM-12-03-04-01,2026-08-16,28.625,1003.0,96,0.0
DM-12-03-04-02,2026-07-25,89.375,3163.0,96,
DM-12-03-04-02,2026-07-26,89.0,3178.5,96,
DM-12-03-04-02,2026-07-27,91.125,3147.75,96,
DM-12-03-04-02,2026-07-28,87.75,3128.0,96,
DM-12-03-04-02,2026-07-29,90.5,3084.0,96,
DM-12-03-04-02,2026-07-30,87.375,3112.25,96,
DM-12-03-04-02,2026-07-31,87.75,3057.5,96,
DM-12-03-04-02,2026-08-01,88.375,3084.0,96,
DM-12-03-04-02,2026-08-02,85.625,3082.0,96,
DM-12-03-04-02,2026-08-03,84.625,3080.75,96,
DM-12-03-04-02,2026-08-04,84.375,3037.0,96,
DM-12-03-04-02,2026-08-05,83.125,3042.5,96,
DM-12-03-04-02,2026-08-06,84.125,3064.25,96,
DM-12-03-04-02,2026-08-07,88.75,3094.25,96,
DM-12-03-04-02,2026-08-08,84.625,3074.25,96,0.0
DM-12-03-04-02,2026-08-09,85.375,3069.5,96,0.0
DM-12-03-04-02,2026-08-10,83.375,3079.25,96,0.0
DM-12-03-04-02,2026-08-11,85.5,3055.25,96,0.0
DM-12-03-04-02,2026-08-12,85.625,3220.75,96,0.0
DM-12-03-04-02,2026-08-13,86.0,3081.75,96,0.0
DM-12-03-04-02,2026-08-14,82.375,2910.25,96,0.0
DM-12-03-04-02,2026-08-15,85.75,3084.5,96,0.0
DM-12-03-04-02,2026-08-16,84.625,3094.25,96,0.0
DM-12-03-05-01,2026-07-25,79.0,3530.0,96,
DM-12-03-05-01,2026-07-26,85.0,3507.75,96,
DM-12-03-05-01,2026-07-27,80.5,3344.75,96,
DM-12-03-05-01,2026-07-28,78.75,3322.75,96,
DM-12-03-05-01,2026-07-29,84.25,3407.25,96,
DM-12-03-05-01,2026-07-30,87.5,3415.0,96,
DM-12-03-05-01,2026-07-31,82.0,3330.75,96,
DM-12-03-05-01,2026-08-01,79.25,3453.5,96,
DM-12-03-05-01,2026-08-02,88.5,3606.0,96,
DM-12-03-05-01,2026-08-03,83.75,3423.5,96,
DM-12-03-05-01,2026-08-04,77.125,3438.25,96,
DM-12-03-05-01,2026-08-05,79.0,3421.5,96,
DM-12-03-05-01,2026-08-06,84.75,3452.75,96,
DM-12-03-05-01,2026-08-07,81.125,3414.75,96,
DM-12-03-05-01,2026-08-08,77.875,3404.0,96,0.0
DM-12-03-05-01,2026-08-09,77.875,3440.75,96,0.0
DM-12-03-05-01,2026-08-10,73.375,3275.0,96,0.0
DM-12-03-05-01,2026-08-11,77.625,3285.0,96,0.0
DM-12-03-05-01,2026-08-12,78.375,3360.25,96,0.0
DM-12-03-05-01,2026-08-13,82.375,3333.75,96,0.0
DM-12-03-05-01,2026-08-14,68.625,3138.75,96,0.0
DM-12-03-05-01,2026-08-15,69.25,3140.0,96,0.0
DM-12-03-05-01,2026-08-16,74.25,3212.0,96,0.0
DM-12-03-07-01,2026-07-25,64.0,2333.75,96,
DM-12-03-07-01,2026-07-26,60.25,2284.25,96,
DM-12-03-07-01,2026-07-27,60.625,2273.5,96,
DM-12-03-07-01,2026-07-28,57.375,2167.25,96,
DM-12-03-07-01,2026-07-29,60.125,2155.25,96,
DM-12-03-07-01,2026-07-30,61.375,2221.25,96,
DM-12-03-07-01,2026-07-31,61.875,2226.75,96,
DM-12-03-07-01,2026-08-01,61.5,2233.5,96,
DM-12-03-07-01,2026-08-02,60.25,2232.0,96,
DM-12-03-07-01,2026-08-03,59.875,2259.5,96,
DM-12-03-07-01,2026-08-04,57.75,2218.5,96,
DM-12-03-07-01,2026-08-05,58.875,2192.0,96,
DM-12-03-07-01,2026-08-06,57.375,2221.5,96,
DM-12-03-07-01,2026-08-07,59.25,2231.25,96,
DM-12-03-07-01,2026-08-08,59.375,2237.0,96,0.0
DM-12-03-07-01,2026-08-09,60.5,2249.25,96,0.0
DM-12-03-07-01,2026-08-10,59.0,2227.0,96,0.0
DM-12-03-07-01,2026-08-11,59.875,2215.0,96,0.0
DM-12-03-07-01,2026-08-12,59.625,2263.25,96,0.0
DM-12-03-07-01,2026-08-13,60.125,2218.75,96,0.0
DM-12-03-07-01,2026-08-14,61.25,2209.25,96,0.319
DM-12-03-07-01,2026-08-15,61.875,2232.5,96,1.264
DM-12-03-07-01,2026-08-16,58.625,2217.75,96,0.0
DM-12-03-08-01,2026-07-25,37.375,1711.0,96,
DM-12-03-08-01,2026-07-26,38.5,1741.75,96,
DM-12-03-08-01,2026-07-27,36.125,1654.25,96,
DM-12-03-08-01,2026-07-28,36.125,1654.25,96,
DM-12-03-08-01,2026-07-29,39.125,1660.25,96,
DM-12-03-08-01,2026-07-30,37.625,1680.0,96,
DM-12-03-08-01,2026-07-31,37.875,1661.5,96,
DM-12-03-08-01,2026-08-01,38.0,1718.5,96,
DM-12-03-08-01,2026-08-02,39.25,1749.5,96,
DM-12-03-08-01,2026-08-03,38.625,1722.75,96,
DM-12-03-08-01,2026-08-04,37.125,1706.75,96,
DM-12-03-08-01,2026-08-05,37.625,1690.25,96,
DM-12-03-08-01,2026-08-06,38.0,1707.5,96,
DM-12-03-08-01,2026-08-07,37.0,1678.25,96,
DM-12-03-08-01,2026-08-08,37.5,1728.25,96,0.0
DM-12-03-08-01,2026-08-09,37.75,1740.75,96,0.0
DM-12-03-08-01,2026-08-10,37.125,1677.5,96,0.0
DM-12-03-08-01,2026-08-11,36.125,1657.25,96,0.0
DM-12-03-08-01,2026-08-12,37.5,1736.5,96,0.0
DM-12-03-08-01,2026-08-13,36.0,1671.5,96,0.0
DM-12-03-08-01,2026-08-14,38.0,1700.0,96,0.0
DM-12-03-08-01,2026-08-15,37.75,1740.25,96,0.0
DM-12-03-08-01,2026-08-16,36.875,1749.25,96,0.0
DM-12-03-10-01,2026-07-25,47.75,2562.0,96,
DM-12-03-10-01,2026-07-26,47.125,2119.5,96,
DM-12-03-10-01,2026-07-27,41.625,2267.75,96,
DM-12-03-10-01,2026-07-28,46.0,1851.0,96,
DM-12-03-10-01,2026-07-29,47.0,2490.25,96,
DM-12-03-10-01,2026-07-30,49.625,2259.75,96,
DM-12-03-10-01,2026-07-31,44.5,2057.75,96,
DM-12-03-10-01,2026-08-01,52.5,2316.25,96,
DM-12-03-10-01,2026-08-02,49.25,2343.25,96,
DM-12-03-10-01,2026-08-03,50.5,2183.0,96,
DM-12-03-10-01,2026-08-04,49.0,2266.75,96,
DM-12-03-10-01,2026-08-05,46.5,2331.0,96,
DM-12-03-10-01,2026-08-06,80.125,2221.25,96,
DM-12-03-10-01,2026-08-07,55.375,2271.5,96,
DM-12-03-10-01,2026-08-08,48.5,2182.75,96,0.0
DM-12-03-10-01,2026-08-09,42.375,2199.0,96,0.0
DM-12-03-10-01,2026-08-10,40.875,2107.5,96,0.0
DM-12-03-10-01,2026-08-11,44.625,2073.25,96,0.0
DM-12-03-10-01,2026-08-12,43.375,2103.25,96,0.0
DM-12-03-10-01,2026-08-13,45.25,2111.25,96,0.0
DM-12-03-10-01,2026-08-14,47.5,2052.75,96,0.0
DM-12-03-10-01,2026-08-15,40.5,2264.75,96,0.0
DM-12-03-10-01,2026-08-16,48.5,2163.75,96,0.0
DM-12-03-11-01,2026-07-25,80.125,4267.25,96,
DM-12-03-11-01,2026-07-26,86.125,4265.0,96,
DM-12-03-11-01,2026-07-27,77.125,4101.75,96,
DM-12-03-11-01,2026-07-28,100.25,4291.5,96,
DM-12-03-11-01,2026-07-29,74.25,4218.5,96,
DM-12-03-11-01,2026-07-30,75.25,4173.5,96,
DM-12-03-11-01,2026-07-31,81.375,4091.25,96,
DM-12-03-11-01,2026-08-01,83.875,4277.0,96,
DM-12-03-11-01,2026-08-02,78.375,4457.5,96,
DM-12-03-11-01,2026-08-03,77.625,4325.25,96,
DM-12-03-11-01,2026-08-04,73.0,4201.75,96,
DM-12-03-11-01,2026-08-05,71.0,4153.75,96,
DM-12-03-11-01,2026-08-06,76.625,4164.25,96,
DM-12-03-11-01,2026-08-07,85.125,4759.75,96,
DM-12-03-11-01,2026-08-08,144.875,6429.5,96,61.32
DM-12-03-11-01,2026-08-09,151.25,6693.0,96,129.014
DM-12-03-11-01,2026-08-10,169.625,6704.0,96,215.084
DM-12-03-11-01,2026-08-11,154.5,6550.75,96,286.029
DM-12-03-11-01,2026-08-12,158.375,6661.0,96,360.848
DM-12-03-11-01,2026-08-13,160.375,6557.0,96,437.668
DM-12-03-11-01,2026-08-14,154.5,6648.5,96,508.612
DM-12-03-11-01,2026-08-15,152.75,6796.5,96,577.807
DM-12-03-11-01,2026-08-16,157.375,6913.75,96,651.627
DM-12-04-03-01,2026-07-25,66.25,3299.25,96,
DM-12-04-03-01,2026-07-26,70.375,3220.25,96,
DM-12-04-03-01,2026-07-27,67.375,3323.0,96,
DM-12-04-03-01,2026-07-28,65.625,3089.0,96,
DM-12-04-03-01,2026-07-29,62.0,3267.25,96,
DM-12-04-03-01,2026-07-30,67.25,3367.75,96,
DM-12-04-03-01,2026-07-31,62.0,3201.25,96,
DM-12-04-03-01,2026-08-01,66.75,3237.0,96,
DM-12-04-03-01,2026-08-02,77.75,3318.0,96,
DM-12-04-03-01,2026-08-03,73.875,3524.5,96,
DM-12-04-03-01,2026-08-04,72.625,3525.5,96,
DM-12-04-03-01,2026-08-05,67.375,3419.75,96,
DM-12-04-03-01,2026-08-06,65.0,3469.0,96,
DM-12-04-03-01,2026-08-07,73.375,3431.5,96,
DM-12-04-03-01,2026-08-08,62.625,2986.5,96,0.0
DM-12-04-03-01,2026-08-09,58.75,2969.25,96,0.0
DM-12-04-03-01,2026-08-10,59.0,3138.0,96,0.0
DM-12-04-03-01,2026-08-11,55.75,3055.25,96,0.0
DM-12-04-03-01,2026-08-12,56.375,2905.0,96,0.0
DM-12-04-03-01,2026-08-13,62.0,3152.25,96,0.0
DM-12-04-03-01,2026-08-14,60.0,3218.5,96,0.0
DM-12-04-03-01,2026-08-15,57.625,3120.25,96,0.0
DM-12-04-03-01,2026-08-16,65.125,3112.25,96,0.0
DM-12-04-03-03,2026-07-25,46.375,2260.75,96,
DM-12-04-03-03,2026-07-26,45.0,2231.75,96,
DM-12-04-03-03,2026-07-27,44.125,2198.75,96,
DM-12-04-03-03,2026-07-28,46.125,2186.25,96,
DM-12-04-03-03,2026-07-29,46.375,2222.0,96,
DM-12-04-03-03,2026-07-30,43.5,2212.0,96,
DM-12-04-03-03,2026-07-31,49.25,2458.5,96,
DM-12-04-03-03,2026-08-01,73.875,2554.0,96,
DM-12-04-03-03,2026-08-02,71.625,2420.25,96,
DM-12-04-03-03,2026-08-03,45.5,2298.5,96,
DM-12-04-03-03,2026-08-04,44.75,2300.75,96,
DM-12-04-03-03,2026-08-05,46.875,2284.0,96,
DM-12-04-03-03,2026-08-06,47.125,2465.75,96,
DM-12-04-03-03,2026-08-07,79.625,2611.25,96,
DM-12-04-03-03,2026-08-08,78.75,2479.0,96,20.533
DM-12-04-03-03,2026-08-09,47.75,2312.25,96,10.066
DM-12-04-03-03,2026-08-10,49.5,2377.75,96,1.35
DM-12-04-03-03,2026-08-11,51.75,2372.5,96,0.0
DM-12-04-03-03,2026-08-12,44.375,2243.5,96,0.0
DM-12-04-03-03,2026-08-13,51.5,2411.0,96,0.0
DM-12-04-03-03,2026-08-14,48.625,2619.75,96,0.0
DM-12-04-03-03,2026-08-15,73.625,2486.5,96,15.408
DM-12-04-03-03,2026-08-16,45.625,2272.62,96,2.816
DM-12-04-04-03,2026-07-25,125.375,6200.75,96,
DM-12-04-04-03,2026-07-26,125.0,6053.25,96,
DM-12-04-04-03,2026-07-27,126.625,5956.75,96,
DM-12-04-04-03,2026-07-28,128.0,5839.0,96,
DM-12-04-04-03,2026-07-29,120.75,5819.25,96,
DM-12-04-04-03,2026-07-30,122.75,6033.25,96,
DM-12-04-04-03,2026-07-31,126.375,5949.5,96,
DM-12-04-04-03,2026-08-01,125.875,6151.25,96,
DM-12-04-04-03,2026-08-02,122.125,6231.5,96,
DM-12-04-04-03,2026-08-03,124.625,6206.5,96,
DM-12-04-04-03,2026-08-04,125.875,6299.0,96,
DM-12-04-04-03,2026-08-05,120.625,6240.5,96,
DM-12-04-04-03,2026-08-06,125.875,6164.5,96,
DM-12-04-04-03,2026-08-07,126.625,6156.5,96,
DM-12-04-04-03,2026-08-08,131.0,6136.75,96,5.145
DM-12-04-04-03,2026-08-09,129.875,6260.25,96,9.165
DM-12-04-04-03,2026-08-10,123.375,6265.25,96,6.684
DM-12-04-04-03,2026-08-11,118.5,6070.75,96,0.0
DM-12-04-04-03,2026-08-12,121.0,6152.25,96,0.0
DM-12-04-04-03,2026-08-13,126.875,6191.25,96,1.02
DM-12-04-04-03,2026-08-14,125.125,6247.75,96,0.29
DM-12-04-04-03,2026-08-15,122.625,6263.5,96,0.0
DM-12-04-04-03,2026-08-16,124.625,6366.75,96,0.0
DM-12-04-05-01,2026-07-25,149.0,5625.25,96,
DM-12-04-05-01,2026-07-26,150.375,5536.0,96,
DM-12-04-05-01,2026-07-27,152.875,5621.5,96,
DM-12-04-05-01,2026-07-28,150.5,5527.0,96,
DM-12-04-05-01,2026-07-29,154.875,5496.0,96,
DM-12-04-05-01,2026-07-30,149.375,5540.75,96,
DM-12-04-05-01,2026-07-31,148.0,5454.75,96,
DM-12-04-05-01,2026-08-01,154.125,5578.5,96,
DM-12-04-05-01,2026-08-02,153.25,5561.5,96,
DM-12-04-05-01,2026-08-03,149.375,5695.0,96,
DM-12-04-05-01,2026-08-04,152.375,5661.0,96,
DM-12-04-05-01,2026-08-05,150.25,5654.5,96,
DM-12-04-05-01,2026-08-06,155.75,5673.0,96,
DM-12-04-05-01,2026-08-07,148.625,5598.25,96,
DM-12-04-05-01,2026-08-08,151.875,5751.0,96,0.0
DM-12-04-05-01,2026-08-09,159.25,5671.5,96,6.706
DM-12-04-05-01,2026-08-10,156.0,5736.5,96,10.161
DM-12-04-05-01,2026-08-11,147.625,5620.5,96,5.242
DM-12-04-05-01,2026-08-12,163.75,5715.25,96,16.447
DM-12-04-05-01,2026-08-13,154.0,5749.5,96,17.903
DM-12-04-05-01,2026-08-14,159.25,5756.5,96,24.609
DM-12-04-05-01,2026-08-15,158.25,5765.0,96,30.314
DM-12-04-05-01,2026-08-16,156.25,5707.0,96,34.02
DM-12-04-05-02,2026-07-25,215.125,8359.5,96,
DM-12-04-05-02,2026-07-26,217.0,8286.75,96,
DM-12-04-05-02,2026-07-27,208.0,8326.5,96,
DM-12-04-05-02,2026-07-28,214.375,8210.5,96,
DM-12-04-05-02,2026-07-29,219.875,8246.5,96,
DM-12-04-05-02,2026-07-30,206.0,8252.75,96,
DM-12-04-05-02,2026-07-31,216.0,8213.25,96,
DM-12-04-05-02,2026-08-01,213.75,8258.25,96,
DM-12-04-05-02,2026-08-02,210.25,8292.75,96,
DM-12-04-05-02,2026-08-03,210.125,8375.75,96,
DM-12-04-05-02,2026-08-04,209.625,8370.5,96,
DM-12-04-05-02,2026-08-05,213.0,8335.5,96,
DM-12-04-05-02,2026-08-06,208.625,8384.5,96,
DM-12-04-05-02,2026-08-07,216.5,8427.25,96,
DM-12-04-05-02,2026-08-08,223.0,8452.5,96,8.327
DM-12-04-05-02,2026-08-09,218.5,8341.5,96,12.155
DM-12-04-05-02,2026-08-10,223.75,8575.5,96,21.232
DM-12-04-05-02,2026-08-11,204.0,8412.75,96,10.56
DM-12-04-05-02,2026-08-12,217.375,8343.0,96,13.262
DM-12-04-05-02,2026-08-13,219.625,8525.0,96,18.215
DM-12-04-05-02,2026-08-14,214.625,8510.25,96,18.167
DM-12-04-05-02,2026-08-15,213.75,8487.25,96,17.245
DM-12-04-05-02,2026-08-16,219.0,8392.5,96,21.572
DM-12-04-07-01,2026-07-25,158.625,5776.25,96,
DM-12-04-07-01,2026-07-26,154.75,5765.75,96,
DM-12-04-07-01,2026-07-27,161.125,5631.5,96,
DM-12-04-07-01,2026-07-28,156.5,5671.0,96,
DM-12-04-07-01,2026-07-29,150.375,5671.75,96,
DM-12-04-07-01,2026-07-30,149.75,5688.5,96,
DM-12-04-07-01,2026-07-31,150.625,5618.25,96,
DM-12-04-07-01,2026-08-01,157.625,5853.25,96,
DM-12-04-07-01,2026-08-02,168.0,5932.75,96,
DM-12-04-07-01,2026-08-03,171.5,5800.0,96,
DM-12-04-07-01,2026-08-04,158.5,5650.25,96,
DM-12-04-07-01,2026-08-05,150.625,5619.75,96,
DM-12-04-07-01,2026-08-06,146.25,5636.5,96,
DM-12-04-07-01,2026-08-07,159.75,5691.5,96,
DM-12-04-07-01,2026-08-08,154.25,5799.25,96,0.0
DM-12-04-07-01,2026-08-09,157.125,5862.75,96,0.0
DM-12-04-07-01,2026-08-10,167.375,5693.0,96,7.231
DM-12-04-07-01,2026-08-11,157.5,5630.5,96,4.588
DM-12-04-07-01,2026-08-12,151.75,5795.0,96,0.0
DM-12-04-07-01,2026-08-13,157.875,5659.5,96,0.0
DM-12-04-07-01,2026-08-14,159.25,5670.5,96,0.0
DM-12-04-07-01,2026-08-15,150.75,5811.0,96,0.0
DM-12-04-07-01,2026-08-16,154.125,5883.25,96,0.0
DM-12-04-07-02,2026-07-25,112.125,3900.25,96,
DM-12-04-07-02,2026-07-26,122.75,3979.5,96,
DM-12-04-07-02,2026-07-27,113.125,3821.25,96,
DM-12-04-07-02,2026-07-28,122.625,3960.0,96,
DM-12-04-07-02,2026-07-29,96.375,3872.5,96,
DM-12-04-07-02,2026-07-30,120.0,3863.25,96,
DM-12-04-07-02,2026-07-31,118.75,3765.5,96,
DM-12-04-07-02,2026-08-01,124.875,4012.5,96,
DM-12-04-07-02,2026-08-02,128.625,4153.25,96,
DM-12-04-07-02,2026-08-03,117.625,3981.25,96,
DM-12-04-07-02,2026-08-04,118.25,3845.5,96,
DM-12-04-07-02,2026-08-05,128.875,3945.0,96,
DM-12-04-07-02,2026-08-06,128.375,3945.25,96,
DM-12-04-07-02,2026-08-07,121.5,3909.0,96,
DM-12-04-07-02,2026-08-08,123.375,4013.0,96,0.0
DM-12-04-07-02,2026-08-09,113.125,4153.0,96,0.0
DM-12-04-07-02,2026-08-10,117.0,3888.25,96,0.0
DM-12-04-07-02,2026-08-11,119.875,3797.75,96,0.0
DM-12-04-07-02,2026-08-12,123.125,4091.25,96,0.0
DM-12-04-07-02,2026-08-13,122.75,3933.75,96,0.0
DM-12-04-07-02,2026-08-14,123.625,3839.75,96,0.0
DM-12-04-07-02,2026-08-15,121.25,4015.0,96,0.0
DM-12-04-07-02,2026-08-16,135.125,4298.5,96,11.468
DM-12-04-09-01,2026-07-25,29.75,2154.75,96,
DM-12-04-09-01,2026-07-26,44.25,2222.25,96,
DM-12-04-09-01,2026-07-27,39.625,1838.5,96,
DM-12-04-09-01,2026-07-28,64.625,2287.5,96,
DM-12-04-09-01,2026-07-29,40.25,2303.25,96,
DM-12-04-09-01,2026-07-30,30.375,2144.25,96,
DM-12-04-09-01,2026-07-31,29.125,2063.5,96,
DM-12-04-09-01,2026-08-01,31.75,2191.75,96,
DM-12-04-09-01,2026-08-02,47.25,2297.25,96,
DM-12-04-09-01,2026-08-03,47.0,2002.75,96,
DM-12-04-09-01,2026-08-04,41.5,2062.75,96,
DM-12-04-09-01,2026-08-05,44.875,2004.75,96,
DM-12-04-09-01,2026-08-06,42.875,1978.25,96,
DM-12-04-09-01,2026-08-07,26.5,2112.75,96,
DM-12-04-09-01,2026-08-08,34.5,2266.5,96,0.0
DM-12-04-09-01,2026-08-09,31.75,2135.5,96,0.0
DM-12-04-09-01,2026-08-10,51.625,2077.75,96,6.775
DM-12-04-09-01,2026-08-11,34.25,1947.5,96,0.0
DM-12-04-09-01,2026-08-12,47.375,2161.75,96,2.525
DM-12-04-09-01,2026-08-13,30.5,2008.0,96,0.0
DM-12-04-09-01,2026-08-14,45.625,2118.0,96,0.775
DM-12-04-09-01,2026-08-15,58.375,2285.25,96,14.301
DM-12-04-09-01,2026-08-16,54.125,2184.5,96,23.576
DM-12-05-01-01,2026-07-25,87.25,4544.25,96,
DM-12-05-01-01,2026-07-26,86.375,4534.75,96,
DM-12-05-01-01,2026-07-27,85.125,4622.0,96,
DM-12-05-01-01,2026-07-28,81.875,4345.5,96,
DM-12-05-01-01,2026-07-29,81.75,4250.25,96,
DM-12-05-01-01,2026-07-30,81.75,4467.75,96,
DM-12-05-01-01,2026-07-31,82.75,4583.75,96,
DM-12-05-01-01,2026-08-01,87.125,4423.0,96,
DM-12-05-01-01,2026-08-02,85.875,4564.75,96,
DM-12-05-01-01,2026-08-03,87.875,4624.0,96,
DM-12-05-01-01,2026-08-04,82.25,4557.25,96,
DM-12-05-01-01,2026-08-05,82.375,4561.25,96,
DM-12-05-01-01,2026-08-06,79.625,4710.0,96,
DM-12-05-01-01,2026-08-07,82.75,4583.75,96,
DM-12-05-01-01,2026-08-08,86.25,4512.75,96,1.084
DM-12-05-01-01,2026-08-09,87.0,4521.25,96,2.918
DM-12-05-01-01,2026-08-10,84.125,4719.0,96,1.877
DM-12-05-01-01,2026-08-11,87.125,4667.0,96,3.835
DM-12-05-01-01,2026-08-12,91.5,4641.25,96,10.169
DM-12-05-01-01,2026-08-13,81.375,4667.25,96,6.378
DM-12-05-01-01,2026-08-14,82.75,4724.5,96,3.962
DM-12-05-01-01,2026-08-15,83.25,4490.25,96,2.046
DM-12-05-01-01,2026-08-16,85.0,4527.0,96,1.88
DM-12-05-03-01,2026-07-25,115.25,4964.5,96,
DM-12-05-03-01,2026-07-26,114.25,4884.5,96,
DM-12-05-03-01,2026-07-27,113.5,4932.5,96,
DM-12-05-03-01,2026-07-28,114.375,4809.75,96,
DM-12-05-03-01,2026-07-29,119.0,4863.5,96,
DM-12-05-03-01,2026-07-30,121.5,4969.0,96,
DM-12-05-03-01,2026-07-31,121.0,4925.25,96,
DM-12-05-03-01,2026-08-01,115.25,5032.75,96,
DM-12-05-03-01,2026-08-02,124.375,5063.25,96,
DM-12-05-03-01,2026-08-03,121.125,5085.5,96,
DM-12-05-03-01,2026-08-04,114.125,5106.5,96,
DM-12-05-03-01,2026-08-05,112.0,4995.75,96,
DM-12-05-03-01,2026-08-06,118.375,5047.75,96,
DM-12-05-03-01,2026-08-07,117.375,5103.5,96,
DM-12-05-03-01,2026-08-08,117.375,5201.5,96,0.0
DM-12-05-03-01,2026-08-09,121.625,5194.75,96,2.588
DM-12-05-03-01,2026-08-10,116.375,5114.75,96,0.0
DM-12-05-03-01,2026-08-11,114.625,5057.5,96,0.0
DM-12-05-03-01,2026-08-12,116.25,5027.75,96,0.0
DM-12-05-03-01,2026-08-13,117.5,5054.75,96,0.0
DM-12-05-03-01,2026-08-14,117.25,5092.5,96,0.0
DM-12-05-03-01,2026-08-15,119.125,5226.0,96,0.088
DM-12-05-03-01,2026-08-16,117.25,5149.0,96,0.0
DM-12-05-04-01,2026-07-25,32.375,1383.0,96,
DM-12-05-04-01,2026-07-26,33.125,1374.5,96,
DM-12-05-04-01,2026-07-27,32.125,1356.5,96,
DM-12-05-04-01,2026-07-28,33.0,1338.0,96,
DM-12-05-04-01,2026-07-29,33.25,1333.25,96,
DM-12-05-04-01,2026-07-30,32.75,1321.75,96,
DM-12-05-04-01,2026-07-31,33.25,1337.25,96,
DM-12-05-04-01,2026-08-01,33.375,1367.5,96,
DM-12-05-04-01,2026-08-02,33.125,1372.25,96,
DM-12-05-04-01,2026-08-03,32.625,1374.25,96,
DM-12-05-04-01,2026-08-04,30.75,1354.0,96,
DM-12-05-04-01,2026-08-05,31.5,1344.75,96,
DM-12-05-04-01,2026-08-06,32.25,1361.75,96,
DM-12-05-04-01,2026-08-07,32.875,1405.25,96,
DM-12-05-04-01,2026-08-08,33.25,1360.5,96,0.291
DM-12-05-04-01,2026-08-09,33.625,1436.25,96,0.957
DM-12-05-04-01,2026-08-10,33.125,1383.25,96,1.123
DM-12-05-04-01,2026-08-11,31.625,1349.25,96,0.0
DM-12-05-04-01,2026-08-12,31.5,1357.5,96,0.0
DM-12-05-04-01,2026-08-13,33.0,1328.25,96,0.041
DM-12-05-04-01,2026-08-14,31.875,1341.5,96,0.0
DM-12-05-04-01,2026-08-15,32.0,1347.25,96,0.0
DM-12-05-04-01,2026-08-16,33.875,1363.0,96,0.916
DM-12-05-05-02,2026-07-25,3.75,777.38,96,
DM-12-05-05-02,2026-07-26,6.625,815.25,96,
DM-12-05-05-02,2026-07-27,3.5,1020.5,96,
DM-12-05-05-02,2026-07-28,7.625,748.75,96,
DM-12-05-05-02,2026-07-29,6.75,747.0,96,
DM-12-05-05-02,2026-07-30,0.75,764.25,96,
DM-12-05-05-02,2026-07-31,5.5,927.75,96,
DM-12-05-05-02,2026-08-01,4.75,708.75,96,
DM-12-05-05-02,2026-08-02,2.625,746.5,96,
DM-12-05-05-02,2026-08-03,2.875,1019.5,96,
DM-12-05-05-02,2026-08-04,2.938,971.38,96,
DM-12-05-05-02,2026-08-05,2.438,1002.12,96,
DM-12-05-05-02,2026-08-06,1.312,1224.62,96,
DM-12-05-05-02,2026-08-07,5.062,1134.88,96,
DM-12-05-05-02,2026-08-08,0.875,753.75,96,0.0
DM-12-05-05-02,2026-08-09,1.062,683.62,96,0.0
DM-12-05-05-02,2026-08-10,1.188,1118.25,96,0.0
DM-12-05-05-02,2026-08-11,1.5,1037.25,96,0.0
DM-12-05-05-02,2026-08-12,1.0,867.38,96,0.0
DM-12-05-05-02,2026-08-13,3.125,1046.75,96,0.0
DM-12-05-05-02,2026-08-14,6.375,1135.5,96,1.336
DM-12-05-05-02,2026-08-15,2.125,735.75,96,0.0
DM-12-05-05-02,2026-08-16,2.5,721.75,96,0.0
DM-12-05-06-02,2026-07-25,92.625,3673.5,96,
DM-12-05-06-02,2026-07-26,93.5,3749.0,96,
DM-12-05-06-02,2026-07-27,95.25,3702.5,96,
DM-12-05-06-02,2026-07-28,88.5,3521.75,96,
DM-12-05-06-02,2026-07-29,90.625,3517.75,96,
DM-12-05-06-02,2026-07-30,91.375,3586.0,96,
DM-12-05-06-02,2026-07-31,89.25,3468.5,96,
DM-12-05-06-02,2026-08-01,90.125,3615.25,96,
DM-12-05-06-02,2026-08-02,86.0,3680.75,96,
DM-12-05-06-02,2026-08-03,88.0,3567.5,96,
DM-12-05-06-02,2026-08-04,90.0,3595.0,96,
DM-12-05-06-02,2026-08-05,91.375,3576.75,96,
DM-12-05-06-02,2026-08-06,92.125,3683.5,96,
DM-12-05-06-02,2026-08-07,93.125,3616.75,96,
DM-12-05-06-02,2026-08-08,88.75,3659.75,96,0.0
DM-12-05-06-02,2026-08-09,92.5,3727.25,96,0.472
DM-12-05-06-02,2026-08-10,88.0,3641.75,96,0.0
DM-12-05-06-02,2026-08-11,93.75,3548.75,96,1.722
DM-12-05-06-02,2026-08-12,90.875,3714.5,96,0.57
DM-12-05-06-02,2026-08-13,90.5,3622.25,96,0.0
DM-12-05-06-02,2026-08-14,89.0,3621.75,96,0.0
DM-12-05-06-02,2026-08-15,95.125,3769.0,96,3.097
DM-12-05-06-02,2026-08-16,95.125,3828.0,96,6.195
DM-12-05-09-01,2026-07-25,83.875,3567.75,96,
DM-12-05-09-01,2026-07-26,87.625,3632.75,96,
DM-12-05-09-01,2026-07-27,85.5,3479.25,96,
DM-12-05-09-01,2026-07-28,86.0,3562.75,96,
DM-12-05-09-01,2026-07-29,96.25,3590.75,96,
DM-12-05-09-01,2026-07-30,89.0,3612.5,96,
DM-12-05-09-01,2026-07-31,96.125,3580.25,96,
DM-12-05-09-01,2026-08-01,95.75,3639.0,96,
DM-12-05-09-01,2026-08-02,87.0,3716.25,96,
DM-12-05-09-01,2026-08-03,87.875,3621.25,96,
DM-12-05-09-01,2026-08-04,83.75,3608.0,96,
DM-12-05-09-01,2026-08-05,80.375,3630.25,96,
DM-12-05-09-01,2026-08-06,82.75,3603.5,96,
DM-12-05-09-01,2026-08-07,84.375,3592.5,96,
DM-12-05-09-01,2026-08-08,81.625,3666.0,96,0.0
DM-12-05-09-01,2026-08-09,89.75,3794.5,96,0.0
DM-12-05-09-01,2026-08-10,93.0,3647.25,96,2.954
DM-12-05-09-01,2026-08-11,92.5,3604.5,96,5.407
DM-12-05-09-01,2026-08-12,101.75,3823.0,96,17.111
DM-12-05-09-01,2026-08-13,97.875,3818.0,96,24.939
DM-12-05-09-01,2026-08-14,94.25,3772.0,96,29.143
DM-12-05-09-01,2026-08-15,96.0,3908.5,96,35.096
DM-12-05-09-01,2026-08-16,93.0,3930.75,96,38.05
DM-12-05-10-01,2026-07-25,111.25,4960.75,96,
DM-12-05-10-01,2026-07-26,114.0,5010.5,96,
DM-12-05-10-01,2026-07-27,110.875,4949.0,96,
DM-12-05-10-01,2026-07-28,113.75,4898.75,96,
DM-12-05-10-01,2026-07-29,113.0,4823.75,96,
DM-12-05-10-01,2026-07-30,112.375,4948.25,96,
DM-12-05-10-01,2026-07-31,117.375,4908.0,96,
DM-12-05-10-01,2026-08-01,114.875,4956.0,96,
DM-12-05-10-01,2026-08-02,119.25,5065.75,96,
DM-12-05-10-01,2026-08-03,116.375,5043.75,96,
DM-12-05-10-01,2026-08-04,112.25,5004.0,96,
DM-12-05-10-01,2026-08-05,114.125,5034.0,96,
DM-12-05-10-01,2026-08-06,116.5,5177.25,96,
DM-12-05-10-01,2026-08-07,115.375,5074.25,96,
DM-12-05-10-01,2026-08-08,113.0,5029.75,96,0.0
DM-12-05-10-01,2026-08-09,114.5,5069.0,96,0.0
DM-12-05-10-01,2026-08-10,110.875,5052.75,96,0.0
DM-12-05-10-01,2026-08-11,111.75,5087.25,96,0.0
DM-12-05-10-01,2026-08-12,111.625,5106.0,96,0.0
DM-12-05-10-01,2026-08-13,111.625,5106.0,96,0.0
DM-12-05-10-01,2026-08-14,110.375,5106.75,96,0.0
DM-12-05-10-01,2026-08-15,115.125,5044.75,96,0.0
DM-12-05-10-01,2026-08-16,122.875,5102.75,96,7.33
DM-12-06-01-01,2026-07-25,112.375,4601.25,96,
DM-12-06-01-01,2026-07-26,118.5,4589.25,96,
DM-12-06-01-01,2026-07-27,114.875,4528.25,96,
DM-12-06-01-01,2026-07-28,112.25,4421.75,96,
DM-12-06-01-01,2026-07-29,110.375,4353.75,96,
DM-12-06-01-01,2026-07-30,121.0,4460.25,96,
DM-12-06-01-01,2026-07-31,107.375,4405.5,96,
DM-12-06-01-01,2026-08-01,105.75,4397.0,96,
DM-12-06-01-01,2026-08-02,109.0,4422.25,96,
DM-12-06-01-01,2026-08-03,106.125,4457.5,96,
DM-12-06-01-01,2026-08-04,106.375,4441.25,96,
DM-12-06-01-01,2026-08-05,108.25,4425.75,96,
DM-12-06-01-01,2026-08-06,107.25,4473.5,96,
DM-12-06-01-01,2026-08-07,112.375,4493.75,96,
DM-12-06-01-01,2026-08-08,107.125,4449.25,96,0.0
DM-12-06-01-01,2026-08-09,107.875,4453.75,96,0.0
DM-12-06-01-01,2026-08-10,115.25,4582.75,96,2.133
DM-12-06-01-01,2026-08-11,112.5,4501.5,96,1.517
DM-12-06-01-01,2026-08-12,114.0,4531.5,96,2.4
DM-12-06-01-01,2026-08-13,113.625,4518.75,96,2.908
DM-12-06-01-01,2026-08-14,107.125,4523.0,96,0.0
DM-12-06-01-01,2026-08-15,112.875,4476.0,96,0.0
DM-12-06-01-01,2026-08-16,114.375,4510.5,96,1.258
DM-12-06-02-01,2026-07-25,29.875,1179.25,96,
DM-12-06-02-01,2026-07-26,31.875,1193.5,96,
DM-12-06-02-01,2026-07-27,28.875,1091.0,96,
DM-12-06-02-01,2026-07-28,31.5,1150.0,96,
DM-12-06-02-01,2026-07-29,30.625,1165.75,96,
DM-12-06-02-01,2026-07-30,29.875,1179.0,96,
DM-12-06-02-01,2026-07-31,32.125,1258.5,96,
DM-12-06-02-01,2026-08-01,33.375,1305.75,96,
DM-12-06-02-01,2026-08-02,34.0,1303.0,96,
DM-12-06-02-01,2026-08-03,33.0,1253.25,96,
DM-12-06-02-01,2026-08-04,33.375,1280.5,96,
DM-12-06-02-01,2026-08-05,35.125,1228.25,96,
DM-12-06-02-01,2026-08-06,31.75,1141.25,96,
DM-12-06-02-01,2026-08-07,31.5,1128.0,96,
DM-12-06-02-01,2026-08-08,31.125,1188.25,96,0.0
DM-12-06-02-01,2026-08-09,32.0,1181.25,96,0.0
DM-12-06-02-01,2026-08-10,30.5,1144.0,96,0.0
DM-12-06-02-01,2026-08-11,29.375,1155.75,96,0.0
DM-12-06-02-01,2026-08-12,32.375,1223.0,96,0.0
DM-12-06-02-01,2026-08-13,39.5,1236.25,96,6.738
DM-12-06-02-01,2026-08-14,33.5,1202.75,96,7.476
DM-12-06-02-01,2026-08-15,31.75,1243.5,96,6.464
DM-12-06-02-01,2026-08-16,31.875,1250.5,96,5.577
DM-12-06-03-02,2026-07-25,86.125,3999.25,96,
DM-12-06-03-02,2026-07-26,82.25,3980.0,96,
DM-12-06-03-02,2026-07-27,78.875,3945.75,96,
DM-12-06-03-02,2026-07-28,80.75,3845.5,96,
DM-12-06-03-02,2026-07-29,78.875,3857.75,96,
DM-12-06-03-02,2026-07-30,79.25,3915.75,96,
DM-12-06-03-02,2026-07-31,77.875,3806.5,96,
DM-12-06-03-02,2026-08-01,81.0,4054.5,96,
DM-12-06-03-02,2026-08-02,83.25,4104.25,96,
DM-12-06-03-02,2026-08-03,99.25,4091.0,96,
DM-12-06-03-02,2026-08-04,77.75,4004.5,96,
DM-12-06-03-02,2026-08-05,95.25,3991.0,96,
DM-12-06-03-02,2026-08-06,83.125,4023.25,96,
DM-12-06-03-02,2026-08-07,94.5,4035.25,96,
DM-12-06-03-02,2026-08-08,90.375,4268.5,96,2.818
DM-12-06-03-02,2026-08-09,104.25,4379.25,96,19.512
DM-12-06-03-02,2026-08-10,83.0,4038.5,96,14.955
DM-12-06-03-02,2026-08-11,90.75,3993.75,96,18.149
DM-12-06-03-02,2026-08-12,96.875,4245.25,96,27.467
DM-12-06-03-02,2026-08-13,88.5,4107.5,96,28.41
DM-12-06-03-02,2026-08-14,86.125,4150.5,96,26.979
DM-12-06-03-02,2026-08-15,101.625,4400.0,96,41.047
DM-12-06-03-02,2026-08-16,101.5,4454.75,96,54.991
DM-12-06-04-01,2026-07-25,78.5,2904.5,96,
DM-12-06-04-01,2026-07-26,68.875,2984.25,96,
DM-12-06-04-01,2026-07-27,76.875,2954.0,96,
DM-12-06-04-01,2026-07-28,67.625,2811.25,96,
DM-12-06-04-01,2026-07-29,67.875,2834.0,96,
DM-12-06-04-01,2026-07-30,77.0,2737.25,96,
DM-12-06-04-01,2026-07-31,62.25,2793.25,96,
DM-12-06-04-01,2026-08-01,62.375,2821.75,96,
DM-12-06-04-01,2026-08-02,64.375,2896.0,96,
DM-12-06-04-01,2026-08-03,69.75,2933.75,96,
DM-12-06-04-01,2026-08-04,65.625,2900.25,96,
DM-12-06-04-01,2026-08-05,65.0,2866.75,96,
DM-12-06-04-01,2026-08-06,62.5,2873.0,96,
DM-12-06-04-01,2026-08-07,64.25,2886.75,96,
DM-12-06-04-01,2026-08-08,62.125,2778.25,96,0.0
DM-12-06-04-01,2026-08-09,76.125,2838.75,96,5.354
DM-12-06-04-01,2026-08-10,60.375,2909.75,96,0.0
DM-12-06-04-01,2026-08-11,62.125,2834.25,96,0.0
DM-12-06-04-01,2026-08-12,62.375,2758.5,96,0.0
DM-12-06-04-01,2026-08-13,66.125,2840.75,96,0.0
DM-12-06-04-01,2026-08-14,59.625,2897.5,96,0.0
DM-12-06-04-01,2026-08-15,63.0,2825.25,96,0.0
DM-12-06-04-01,2026-08-16,74.375,2878.25,96,3.604
DM-12-06-05-01,2026-07-25,84.125,3559.75,96,
DM-12-06-05-01,2026-07-26,93.25,3607.25,96,
DM-12-06-05-01,2026-07-27,87.5,3602.25,96,
DM-12-06-05-01,2026-07-28,97.5,3733.75,96,
DM-12-06-05-01,2026-07-29,95.0,3940.5,96,
DM-12-06-05-01,2026-07-30,99.75,4067.0,96,
DM-12-06-05-01,2026-07-31,101.0,4085.5,96,
DM-12-06-05-01,2026-08-01,94.75,3987.5,96,
DM-12-06-05-01,2026-08-02,93.125,3702.25,96,
DM-12-06-05-01,2026-08-03,80.625,3579.0,96,
DM-12-06-05-01,2026-08-04,84.0,3700.0,96,
DM-12-06-05-01,2026-08-05,87.125,3764.5,96,
DM-12-06-05-01,2026-08-06,96.125,3824.75,96,
DM-12-06-05-01,2026-08-07,80.25,3861.5,96,
DM-12-06-05-01,2026-08-08,81.375,3693.75,96,0.0
DM-12-06-05-01,2026-08-09,85.375,3804.0,96,0.0
DM-12-06-05-01,2026-08-10,93.75,3968.5,96,0.0
DM-12-06-05-01,2026-08-11,92.25,3863.25,96,0.0
DM-12-06-05-01,2026-08-12,90.125,4011.0,96,0.0
DM-12-06-05-01,2026-08-13,98.375,4143.5,96,4.008
DM-12-06-05-01,2026-08-14,110.375,4285.75,96,20.016
DM-12-06-05-01,2026-08-15,162.75,4100.5,96,88.399
DM-12-06-05-01,2026-08-16,172.875,4260.75,96,166.907
DM-12-06-07-01,2026-07-25,34.875,2012.5,96,
DM-12-06-07-01,2026-07-26,35.5,2009.75,96,
DM-12-06-07-01,2026-07-27,34.5,1913.0,96,
DM-12-06-07-01,2026-07-28,36.875,1932.25,96,
DM-12-06-07-01,2026-07-29,37.25,1900.75,96,
DM-12-06-07-01,2026-07-30,40.875,1917.25,96,
DM-12-06-07-01,2026-07-31,37.5,1912.5,96,
DM-12-06-07-01,2026-08-01,36.25,1983.5,96,
DM-12-06-07-01,2026-08-02,36.875,2078.25,96,
DM-12-06-07-01,2026-08-03,40.625,1969.75,96,
DM-12-06-07-01,2026-08-04,40.5,1971.75,96,
DM-12-06-07-01,2026-08-05,36.125,1942.25,96,
DM-12-06-07-01,2026-08-06,37.0,1952.25,96,
DM-12-06-07-01,2026-08-07,38.125,1898.75,96,
DM-12-06-07-01,2026-08-08,39.0,2030.75,96,0.664
DM-12-06-07-01,2026-08-09,40.5,2060.5,96,2.828
DM-12-06-07-01,2026-08-10,39.375,1914.0,96,3.866
DM-12-06-07-01,2026-08-11,41.875,1898.5,96,7.405
DM-12-06-07-01,2026-08-12,40.0,2021.5,96,9.069
DM-12-06-07-01,2026-08-13,39.25,1946.5,96,9.983
DM-12-06-07-01,2026-08-14,36.5,1940.0,96,8.147
DM-12-06-07-01,2026-08-15,34.0,2025.25,96,3.81
DM-12-06-07-01,2026-08-16,36.625,2035.0,96,2.099
DM-12-07-03-01,2026-07-25,99.625,3567.5,96,
DM-12-07-03-01,2026-07-26,83.0,3497.5,96,
DM-12-07-03-01,2026-07-27,96.875,3451.75,96,
DM-12-07-03-01,2026-07-28,94.125,3452.5,96,
DM-12-07-03-01,2026-07-29,84.875,3453.75,96,
DM-12-07-03-01,2026-07-30,83.5,3469.5,96,
DM-12-07-03-01,2026-07-31,80.875,3420.25,96,
DM-12-07-03-01,2026-08-01,73.75,3409.0,96,
DM-12-07-03-01,2026-08-02,92.125,3513.0,96,
DM-12-07-03-01,2026-08-03,91.375,3505.0,96,
DM-12-07-03-01,2026-08-04,91.125,3443.5,96,
DM-12-07-03-01,2026-08-05,86.0,3439.75,96,
DM-12-07-03-01,2026-08-06,92.25,3515.0,96,
DM-12-07-03-01,2026-08-07,82.625,3516.5,96,
DM-12-07-03-01,2026-08-08,87.5,3545.0,96,0.0
DM-12-07-03-01,2026-08-09,91.75,3508.25,96,0.336
DM-12-07-03-01,2026-08-10,88.0,3504.75,96,0.0
DM-12-07-03-01,2026-08-11,92.25,3454.25,96,0.836
DM-12-07-03-01,2026-08-12,94.75,3500.25,96,4.171
DM-12-07-03-01,2026-08-13,96.0,3653.75,96,8.757
DM-12-07-03-01,2026-08-14,94.0,3516.5,96,11.343
DM-12-07-03-01,2026-08-15,85.5,3594.25,96,5.429
DM-12-07-03-01,2026-08-16,84.25,3626.25,96,0.0
DM-12-07-03-02,2026-07-25,65.375,2550.75,96,
DM-12-07-03-02,2026-07-26,55.875,2457.75,96,
DM-12-07-03-02,2026-07-27,56.5,2440.25,96,
DM-12-07-03-02,2026-07-28,55.0,2397.75,96,
DM-12-07-03-02,2026-07-29,59.875,2420.25,96,
DM-12-07-03-02,2026-07-30,56.25,2444.0,96,
DM-12-07-03-02,2026-07-31,56.125,2411.75,96,
DM-12-07-03-02,2026-08-01,51.5,2417.5,96,
DM-12-07-03-02,2026-08-02,56.25,2445.5,96,
DM-12-07-03-02,2026-08-03,55.75,2458.0,96,
DM-12-07-03-02,2026-08-04,59.125,2467.0,96,
DM-12-07-03-02,2026-08-05,57.25,2460.5,96,
DM-12-07-03-02,2026-08-06,56.625,2497.25,96,
DM-12-07-03-02,2026-08-07,54.625,2473.25,96,
DM-12-07-03-02,2026-08-08,61.625,2534.5,96,3.249
DM-12-07-03-02,2026-08-09,58.625,2478.25,96,3.497
DM-12-07-03-02,2026-08-10,53.75,2494.25,96,0.0
DM-12-07-03-02,2026-08-11,55.5,2452.0,96,0.0
DM-12-07-03-02,2026-08-12,59.375,2442.0,96,0.999
DM-12-07-03-02,2026-08-13,15.375,2040.0,96,0.0
DM-12-07-03-02,2026-08-14,54.625,2396.5,96,0.0
DM-12-07-03-02,2026-08-15,54.25,2485.75,96,0.0
DM-12-07-03-02,2026-08-16,55.875,2500.5,96,0.0
DM-12-07-04-01,2026-07-25,25.0,2267.75,96,
DM-12-07-04-01,2026-07-26,29.0,2209.5,96,
DM-12-07-04-01,2026-07-27,29.75,2074.75,96,
DM-12-07-04-01,2026-07-28,26.25,2117.75,96,
DM-12-07-04-01,2026-07-29,29.75,2163.25,96,
DM-12-07-04-01,2026-07-30,27.625,2170.25,96,
DM-12-07-04-01,2026-07-31,27.625,1974.0,96,
DM-12-07-04-01,2026-08-01,26.5,2187.5,96,
DM-12-07-04-01,2026-08-02,28.75,2168.75,96,
DM-12-07-04-01,2026-08-03,32.0,2082.5,96,
DM-12-07-04-01,2026-08-04,29.75,2174.75,96,
DM-12-07-04-01,2026-08-05,27.0,2052.0,96,
DM-12-07-04-01,2026-08-06,26.375,2090.5,96,
DM-12-07-04-01,2026-08-07,30.25,2040.25,96,
DM-12-07-04-01,2026-08-08,28.125,2198.75,96,0.0
DM-12-07-04-01,2026-08-09,32.125,2243.5,96,2.93
DM-12-07-04-01,2026-08-10,29.625,1981.75,96,3.359
DM-12-07-04-01,2026-08-11,24.875,2015.0,96,0.0
DM-12-07-04-01,2026-08-12,26.75,2261.25,96,0.0
DM-12-07-04-01,2026-08-13,29.125,2070.25,96,0.0
DM-12-07-04-01,2026-08-14,31.375,2121.25,96,2.18
DM-12-07-04-01,2026-08-15,26.0,2195.0,96,0.0
DM-12-07-04-01,2026-08-16,34.0,2151.75,96,4.805
DM-12-07-04-02,2026-07-25,88.5,6475.25,96,
DM-12-07-04-02,2026-07-26,137.0,6921.25,96,
DM-12-07-04-02,2026-07-27,114.125,6547.75,96,
DM-12-07-04-02,2026-07-28,87.75,6480.5,96,
DM-12-07-04-02,2026-07-29,138.5,6458.0,96,
DM-12-07-04-02,2026-07-30,101.75,6147.0,96,
DM-12-07-04-02,2026-07-31,118.5,5964.75,96,
DM-12-07-04-02,2026-08-01,95.75,6008.25,96,
DM-12-07-04-02,2026-08-02,84.375,6310.75,96,
DM-12-07-04-02,2026-08-03,129.5,6432.5,96,
DM-12-07-04-02,2026-08-04,139.0,6383.25,96,
DM-12-07-04-02,2026-08-05,106.375,6285.0,96,
DM-12-07-04-02,2026-08-06,108.875,6419.25,96,
DM-12-07-04-02,2026-08-07,137.5,6627.5,96,
DM-12-07-04-02,2026-08-08,106.125,6495.0,96,0.0
DM-12-07-04-02,2026-08-09,101.125,6647.25,96,0.0
DM-12-07-04-02,2026-08-10,100.0,6342.25,96,0.0
DM-12-07-04-02,2026-08-11,94.875,6412.25,96,0.0
DM-12-07-04-02,2026-08-12,104.5,6619.5,96,0.0
DM-12-07-04-02,2026-08-13,148.5,6549.5,96,25.336
DM-12-07-04-02,2026-08-14,96.5,6222.25,96,0.0
DM-12-07-04-02,2026-08-15,100.625,6362.5,96,0.0
DM-12-07-04-02,2026-08-16,101.625,6583.75,96,0.0
DM-12-07-05-01,2026-07-25,125.125,4800.0,96,
DM-12-07-05-01,2026-07-26,127.0,4786.0,96,
DM-12-07-05-01,2026-07-27,123.0,4812.25,96,
DM-12-07-05-01,2026-07-28,123.125,4815.0,96,
DM-12-07-05-01,2026-07-29,125.5,4742.25,96,
DM-12-07-05-01,2026-07-30,126.25,4816.75,96,
DM-12-07-05-01,2026-07-31,122.375,4736.5,96,
DM-12-07-05-01,2026-08-01,125.125,4765.25,96,
DM-12-07-05-01,2026-08-02,127.5,4798.25,96,
DM-12-07-05-01,2026-08-03,122.25,4855.0,96,
DM-12-07-05-01,2026-08-04,126.0,4853.5,96,
DM-12-07-05-01,2026-08-05,124.0,4838.75,96,
DM-12-07-05-01,2026-08-06,122.125,4852.0,96,
DM-12-07-05-01,2026-08-07,121.875,4857.5,96,
DM-12-07-05-01,2026-08-08,125.375,4813.0,96,0.068
DM-12-07-05-01,2026-08-09,124.375,4825.0,96,0.0
DM-12-07-05-01,2026-08-10,122.75,4848.75,96,0.0
DM-12-07-05-01,2026-08-11,124.25,4876.75,96,0.0
DM-12-07-05-01,2026-08-12,131.125,4915.75,96,5.818
DM-12-07-05-01,2026-08-13,126.0,4885.25,96,6.511
DM-12-07-05-01,2026-08-14,122.875,4865.5,96,4.08
DM-12-07-05-01,2026-08-15,129.875,4860.0,96,8.648
DM-12-07-05-01,2026-08-16,124.875,4861.75,96,8.216
DM-12-07-08-01,2026-07-25,44.375,2457.0,96,
DM-12-07-08-01,2026-07-26,42.5,2472.5,96,
DM-12-07-08-01,2026-07-27,42.625,2343.75,96,
DM-12-07-08-01,2026-07-28,44.125,2252.5,96,
DM-12-07-08-01,2026-07-29,43.25,2281.0,96,
DM-12-07-08-01,2026-07-30,42.25,2274.5,96,
DM-12-07-08-01,2026-07-31,43.625,2235.75,96,
DM-12-07-08-01,2026-08-01,42.5,2334.25,96,
DM-12-07-08-01,2026-08-02,42.25,2431.5,96,
DM-12-07-08-01,2026-08-03,42.625,2346.75,96,
DM-12-07-08-01,2026-08-04,43.125,2312.5,96,
DM-12-07-08-01,2026-08-05,40.125,2236.75,96,
DM-12-07-08-01,2026-08-06,40.25,2262.0,96,
DM-12-07-08-01,2026-08-07,43.75,2271.75,96,
DM-12-07-08-01,2026-08-08,41.875,2343.5,96,0.0
DM-12-07-08-01,2026-08-09,42.625,2333.5,96,0.0
DM-12-07-08-01,2026-08-10,40.375,2277.75,96,0.0
DM-12-07-08-01,2026-08-11,41.875,2256.0,96,0.0
DM-12-07-08-01,2026-08-12,43.0,2375.5,96,0.0
DM-12-07-08-01,2026-08-13,43.0,2297.5,96,0.0
DM-12-07-08-01,2026-08-14,42.125,2339.0,96,0.0
DM-12-07-08-01,2026-08-15,43.75,2380.75,96,0.477
DM-12-07-08-01,2026-08-16,42.375,2351.25,96,0.0
DM-12-07-09-01,2026-07-25,73.625,3114.25,96,
DM-12-07-09-01,2026-07-26,74.75,3156.75,96,
DM-12-07-09-01,2026-07-27,73.875,3048.25,96,
DM-12-07-09-01,2026-07-28,73.875,3049.75,96,
DM-12-07-09-01,2026-07-29,76.375,3077.25,96,
DM-12-07-09-01,2026-07-30,77.75,3158.5,96,
DM-12-07-09-01,2026-07-31,78.125,3118.0,96,
DM-12-07-09-01,2026-08-01,79.5,3168.25,96,
DM-12-07-09-01,2026-08-02,79.875,3250.5,96,
DM-12-07-09-01,2026-08-03,78.875,3097.25,96,
DM-12-07-09-01,2026-08-04,75.125,3014.0,96,
DM-12-07-09-01,2026-08-05,72.125,2996.25,96,
DM-12-07-09-01,2026-08-06,71.125,3021.25,96,
DM-12-07-09-01,2026-08-07,73.0,3008.0,96,
DM-12-07-09-01,2026-08-08,74.375,3058.25,96,0.0
DM-12-07-09-01,2026-08-09,74.25,3104.5,96,0.0
DM-12-07-09-01,2026-08-10,73.375,3070.0,96,0.0
DM-12-07-09-01,2026-08-11,71.875,3002.75,96,0.0
DM-12-07-09-01,2026-08-12,71.75,3092.5,96,0.0
DM-12-07-09-01,2026-08-13,71.875,3067.75,96,0.0
DM-12-07-09-01,2026-08-14,71.625,3046.0,96,0.0
DM-12-07-09-01,2026-08-15,74.375,3131.0,96,0.0
DM-12-07-09-01,2026-08-16,74.25,3136.25,96,0.0
DM-13-01-04-02,2026-07-25,149.875,5365.0,96,
DM-13-01-04-02,2026-07-26,151.75,5346.0,96,
DM-13-01-04-02,2026-07-27,147.125,5290.5,96,
DM-13-01-04-02,2026-07-28,151.25,5273.75,96,
DM-13-01-04-02,2026-07-29,150.0,5325.25,96,
DM-13-01-04-02,2026-07-30,150.0,5316.5,96,
DM-13-01-04-02,2026-07-31,148.0,5297.5,96,
DM-13-01-04-02,2026-08-01,147.375,5341.5,96,
DM-13-01-04-02,2026-08-02,153.25,5437.5,96,
DM-13-01-04-02,2026-08-03,151.125,5385.5,96,
DM-13-01-04-02,2026-08-04,149.0,5383.25,96,
DM-13-01-04-02,2026-08-05,149.5,5364.5,96,
DM-13-01-04-02,2026-08-06,148.75,5355.5,96,
DM-13-01-04-02,2026-08-07,149.375,5406.0,96,
DM-13-01-04-02,2026-08-08,154.625,5471.75,96,4.061
DM-13-01-04-02,2026-08-09,153.75,5491.5,96,7.248
DM-13-01-04-02,2026-08-10,152.75,5419.0,96,9.434
DM-13-01-04-02,2026-08-11,148.0,5333.25,96,6.87
DM-13-01-04-02,2026-08-12,146.875,5313.0,96,3.182
DM-13-01-04-02,2026-08-13,146.25,5315.75,96,0.0
DM-13-01-04-02,2026-08-14,146.625,5306.25,96,0.0
DM-13-01-04-02,2026-08-15,144.125,5385.75,96,0.0
DM-13-01-04-02,2026-08-16,151.5,5419.25,96,0.936
DM-13-02-05-03,2026-07-25,18.5,1676.5,96,
DM-13-02-05-03,2026-07-26,18.5,1676.5,96,
DM-13-02-05-03,2026-07-27,18.5,1676.5,96,
DM-13-02-05-03,2026-07-28,18.5,1676.5,96,
DM-13-02-05-03,2026-07-29,18.5,1676.5,96,
DM-13-02-05-03,2026-07-30,18.5,1676.5,96,
DM-13-02-05-03,2026-07-31,18.5,1676.5,96,
DM-13-02-05-03,2026-08-01,18.5,1676.5,96,
DM-13-02-05-03,2026-08-02,18.5,1676.5,96,
DM-13-02-05-03,2026-08-03,18.5,1676.5,96,
DM-13-02-05-03,2026-08-04,18.5,1676.5,96,
DM-13-02-05-03,2026-08-05,18.5,1676.5,96,
DM-13-02-05-03,2026-08-06,18.5,1676.5,96,
DM-13-02-05-03,2026-08-07,18.5,1676.5,96,
DM-13-02-05-03,2026-08-08,18.5,1676.5,96,0.0
DM-13-02-05-03,2026-08-09,18.5,1676.5,96,0.0
DM-13-02-05-03,2026-08-10,18.5,1676.5,96,0.0
DM-13-02-05-03,2026-08-11,18.5,1676.5,96,0.0
DM-13-02-05-03,2026-08-12,18.5,1676.5,96,0.0
DM-13-02-05-03,2026-08-13,18.5,1676.5,96,0.0
DM-13-02-05-03,2026-08-14,18.5,1676.5,96,0.0
DM-13-02-05-03,2026-08-15,18.5,1676.5,96,0.0
DM-13-02-05-03,2026-08-16,18.5,1676.5,96,0.0
DM-13-02-06-04,2026-07-25,207.375,7745.5,96,
DM-13-02-06-04,2026-07-26,204.5,7572.5,96,
DM-13-02-06-04,2026-07-27,200.75,7538.0,96,
DM-13-02-06-04,2026-07-28,199.25,7187.25,96,
DM-13-02-06-04,2026-07-29,194.5,7384.5,96,
DM-13-02-06-04,2026-07-30,187.875,7380.25,96,
DM-13-02-06-04,2026-07-31,184.5,7461.0,96,
DM-13-02-06-04,2026-08-01,198.0,7591.25,96,
DM-13-02-06-04,2026-08-02,197.375,7597.0,96,
DM-13-02-06-04,2026-08-03,192.0,7728.0,96,
DM-13-02-06-04,2026-08-04,200.875,7757.75,96,
DM-13-02-06-04,2026-08-05,199.0,7679.75,96,
DM-13-02-06-04,2026-08-06,200.25,7670.0,96,
DM-13-02-06-04,2026-08-07,203.5,7641.25,96,
DM-13-02-06-04,2026-08-08,202.875,7712.0,96,1.998
DM-13-02-06-04,2026-08-09,196.875,7548.5,96,0.0
DM-13-02-06-04,2026-08-10,194.875,7484.25,96,0.0
DM-13-02-06-04,2026-08-11,191.0,7495.5,96,0.0
DM-13-02-06-04,2026-08-12,204.375,7531.0,96,3.498
DM-13-02-06-04,2026-08-13,195.625,7592.75,96,0.0
DM-13-02-06-04,2026-08-14,199.0,7618.5,96,0.0
DM-13-02-06-04,2026-08-15,194.0,7624.75,96,0.0
DM-13-02-06-04,2026-08-16,207.0,7676.0,96,6.123
DM-13-03-02-03,2026-07-25,59.0,2095.75,96,
DM-13-03-02-03,2026-07-26,59.0,2095.75,96,
DM-13-03-02-03,2026-07-27,59.0,2095.75,96,
DM-13-03-02-03,2026-07-28,59.0,2095.75,96,
DM-13-03-02-03,2026-07-29,59.0,2095.75,96,
DM-13-03-02-03,2026-07-30,59.0,2095.75,96,
DM-13-03-02-03,2026-07-31,59.0,2095.75,96,
DM-13-03-02-03,2026-08-01,59.0,2095.75,96,
DM-13-03-02-03,2026-08-02,59.0,2095.75,96,
DM-13-03-02-03,2026-08-03,59.0,2095.75,96,
DM-13-03-02-03,2026-08-04,59.0,2095.75,96,
DM-13-03-02-03,2026-08-05,59.0,2095.75,96,
DM-13-03-02-03,2026-08-06,59.0,2095.75,96,
DM-13-03-02-03,2026-08-07,59.0,2095.75,96,
DM-13-03-02-03,2026-08-08,59.0,2095.75,96,0.0
DM-13-03-02-03,2026-08-09,59.0,2095.75,96,0.0
DM-13-03-02-03,2026-08-10,59.0,2095.75,96,0.0
DM-13-03-02-03,2026-08-11,59.0,2095.75,96,0.0
DM-13-03-02-03,2026-08-12,59.0,2095.75,96,0.0
DM-13-03-02-03,2026-08-13,59.0,2095.75,96,0.0
DM-13-03-02-03,2026-08-14,59.0,2095.75,96,0.0
DM-13-03-02-03,2026-08-15,59.0,2095.75,96,0.0
DM-13-03-02-03,2026-08-16,59.0,2095.75,96,0.0
DM-13-03-07-03,2026-07-25,11.0,934.75,96,
DM-13-03-07-03,2026-07-26,8.188,929.12,96,
DM-13-03-07-03,2026-07-27,8.188,929.12,96,
DM-13-03-07-03,2026-07-28,8.188,929.12,96,
DM-13-03-07-03,2026-07-29,8.188,929.12,96,
DM-13-03-07-03,2026-07-30,8.188,929.12,96,
DM-13-03-07-03,2026-07-31,8.188,929.12,96,
DM-13-03-07-03,2026-08-01,8.188,929.12,96,
DM-13-03-07-03,2026-08-02,8.188,929.12,96,
DM-13-03-07-03,2026-08-03,8.188,929.12,96,
DM-13-03-07-03,2026-08-04,8.188,929.12,96,
DM-13-03-07-03,2026-08-05,8.188,929.12,96,
DM-13-03-07-03,2026-08-06,8.188,929.12,96,
DM-13-03-07-03,2026-08-07,8.188,929.12,96,
DM-13-03-07-03,2026-08-08,8.188,929.12,96,0.0
DM-13-03-07-03,2026-08-09,8.188,929.12,96,0.0
DM-13-03-07-03,2026-08-10,8.188,929.12,96,0.0
DM-13-03-07-03,2026-08-11,8.188,929.12,96,0.0
DM-13-03-07-03,2026-08-12,8.188,929.12,96,0.0
DM-13-03-07-03,2026-08-13,8.188,929.12,96,0.0
DM-13-03-07-03,2026-08-14,8.188,929.12,96,0.0
DM-13-03-07-03,2026-08-15,8.188,929.12,96,0.0
DM-13-03-07-03,2026-08-16,8.188,929.12,96,0.0
DM-13-04-08-03,2026-07-25,100.875,3522.75,96,
DM-13-04-08-03,2026-07-26,100.875,3522.75,96,
DM-13-04-08-03,2026-07-27,100.875,3522.75,96,
DM-13-04-08-03,2026-07-28,100.875,3522.75,96,
DM-13-04-08-03,2026-07-29,100.875,3522.75,96,
DM-13-04-08-03,2026-07-30,100.875,3522.75,96,
DM-13-04-08-03,2026-07-31,100.875,3522.75,96,
DM-13-04-08-03,2026-08-01,100.875,3522.75,96,
DM-13-04-08-03,2026-08-02,100.875,3522.75,96,
DM-13-04-08-03,2026-08-03,100.875,3522.75,96,
DM-13-04-08-03,2026-08-04,100.875,3522.75,96,
DM-13-04-08-03,2026-08-05,100.875,3522.75,96,
DM-13-04-08-03,2026-08-06,100.875,3522.75,96,
DM-13-04-08-03,2026-08-07,100.875,3522.75,96,
DM-13-04-08-03,2026-08-08,100.875,3522.75,96,0.0
DM-13-04-08-03,2026-08-09,100.875,3522.75,96,0.0
DM-13-04-08-03,2026-08-10,100.875,3522.75,96,0.0
DM-13-04-08-03,2026-08-11,100.875,3522.75,96,0.0
DM-13-04-08-03,2026-08-12,100.875,3522.75,96,0.0
DM-13-04-08-03,2026-08-13,100.875,3522.75,96,0.0
DM-13-04-08-03,2026-08-14,100.875,3522.75,96,0.0
DM-13-04-08-03,2026-08-15,100.875,3522.75,96,0.0
DM-13-04-08-03,2026-08-16,100.875,3522.75,96,0.0
DM-13-05-04-04,2026-07-25,60.625,2602.25,96,
DM-13-05-04-04,2026-07-26,60.625,2602.25,96,
DM-13-05-04-04,2026-07-27,60.625,2602.25,96,
DM-13-05-04-04,2026-07-28,60.625,2602.25,96,
DM-13-05-04-04,2026-07-29,60.625,2602.25,96,
DM-13-05-04-04,2026-07-30,60.625,2602.25,96,
DM-13-05-04-04,2026-07-31,60.625,2602.25,96,
DM-13-05-04-04,2026-08-01,60.625,2602.25,96,
DM-13-05-04-04,2026-08-02,60.625,2602.25,96,
DM-13-05-04-04,2026-08-03,60.625,2602.25,96,
DM-13-05-04-04,2026-08-04,60.625,2602.25,96,
DM-13-05-04-04,2026-08-05,60.625,2602.25,96,
DM-13-05-04-04,2026-08-06,60.625,2602.25,96,
DM-13-05-04-04,2026-08-07,60.625,2602.25,96,
DM-13-05-04-04,2026-08-08,60.625,2602.25,96,0.0
DM-13-05-04-04,2026-08-09,60.625,2602.25,96,0.0
DM-13-05-04-04,2026-08-10,60.625,2602.25,96,0.0
DM-13-05-04-04,2026-08-11,60.625,2602.25,96,0.0
DM-13-05-04-04,2026-08-12,60.625,2602.25,96,0.0
DM-13-05-04-04,2026-08-13,60.625,2602.25,96,0.0
DM-13-05-04-04,2026-08-14,60.625,2602.25,96,0.0
DM-13-05-04-04,2026-08-15,60.625,2602.25,96,0.0
DM-13-05-04-04,2026-08-16,60.625,2602.25,96,0.0
DM-13-05-05-02,2026-07-25,22.0,1248.25,96,
DM-13-05-05-02,2026-07-26,22.0,1248.25,96,
DM-13-05-05-02,2026-07-27,22.0,1248.25,96,
DM-13-05-05-02,2026-07-28,22.0,1248.25,96,
DM-13-05-05-02,2026-07-29,22.0,1248.25,96,
DM-13-05-05-02,2026-07-30,22.0,1248.25,96,
DM-13-05-05-02,2026-07-31,22.0,1248.25,96,
DM-13-05-05-02,2026-08-01,22.0,1248.25,96,
DM-13-05-05-02,2026-08-02,22.0,1248.25,96,
DM-13-05-05-02,2026-08-03,22.0,1248.25,96,
DM-13-05-05-02,2026-08-04,22.0,1248.25,96,
DM-13-05-05-02,2026-08-05,22.0,1248.25,96,
DM-13-05-05-02,2026-08-06,22.0,1248.25,96,
DM-13-05-05-02,2026-08-07,22.0,1248.25,96,
DM-13-05-05-02,2026-08-08,22.0,1248.25,96,0.0
DM-13-05-05-02,2026-08-09,22.0,1248.25,96,0.0
DM-13-05-05-02,2026-08-10,22.0,1248.25,96,0.0
DM-13-05-05-02,2026-08-11,22.0,1248.25,96,0.0
DM-13-05-05-02,2026-08-12,22.0,1248.25,96,0.0
DM-13-05-05-02,2026-08-13,22.0,1248.25,96,0.0
DM-13-05-05-02,2026-08-14,22.0,1248.25,96,0.0
DM-13-05-05-02,2026-08-15,22.0,1248.25,96,0.0
DM-13-05-05-02,2026-08-16,22.0,1248.25,96,0.0
DM-13-05-10-03,2026-07-25,88.875,3216.75,96,
DM-13-05-10-03,2026-07-26,88.875,3216.75,96,
DM-13-05-10-03,2026-07-27,88.875,3216.75,96,
DM-13-05-10-03,2026-07-28,88.875,3216.75,96,
DM-13-05-10-03,2026-07-29,88.875,3216.75,96,
DM-13-05-10-03,2026-07-30,88.875,3216.75,96,
DM-13-05-10-03,2026-07-31,88.875,3216.75,96,
DM-13-05-10-03,2026-08-01,88.875,3216.75,96,
DM-13-05-10-03,2026-08-02,88.875,3216.75,96,
DM-13-05-10-03,2026-08-03,88.875,3216.75,96,
DM-13-05-10-03,2026-08-04,88.875,3216.75,96,
DM-13-05-10-03,2026-08-05,88.875,3216.75,96,
DM-13-05-10-03,2026-08-06,88.875,3216.75,96,
DM-13-05-10-03,2026-08-07,88.875,3216.75,96,
DM-13-05-10-03,2026-08-08,88.875,3216.75,96,0.0
DM-13-05-10-03,2026-08-09,88.875,3216.75,96,0.0
DM-13-05-10-03,2026-08-10,88.875,3216.75,96,0.0
DM-13-05-10-03,2026-08-11,88.875,3216.75,96,0.0
DM-13-05-10-03,2026-08-12,88.875,3216.75,96,0.0
DM-13-05-10-03,2026-08-13,88.875,3216.75,96,0.0
DM-13-05-10-03,2026-08-14,88.875,3216.75,96,0.0
DM-13-05-10-03,2026-08-15,88.875,3216.75,96,0.0
DM-13-05-10-03,2026-08-16,88.875,3216.75,96,0.0
DM-13-06-01-04,2026-07-25,45.0,1922.75,96,
DM-13-06-01-04,2026-07-26,45.0,1922.75,96,
DM-13-06-01-04,2026-07-27,45.0,1922.75,96,
DM-13-06-01-04,2026-07-28,45.0,1922.75,96,
DM-13-06-01-04,2026-07-29,45.0,1922.75,96,
DM-13-06-01-04,2026-07-30,45.0,1922.75,96,
DM-13-06-01-04,2026-07-31,45.0,1922.75,96,
DM-13-06-01-04,2026-08-01,45.0,1922.75,96,
DM-13-06-01-04,2026-08-02,45.0,1922.75,96,
DM-13-06-01-04,2026-08-03,45.0,1922.75,96,
DM-13-06-01-04,2026-08-04,45.0,1922.75,96,
DM-13-06-01-04,2026-08-05,45.0,1922.75,96,
DM-13-06-01-04,2026-08-06,45.0,1922.75,96,
DM-13-06-01-04,2026-08-07,45.0,1922.75,96,
DM-13-06-01-04,2026-08-08,45.0,1922.75,96,0.0
DM-13-06-01-04,2026-08-09,45.0,1922.75,96,0.0
DM-13-06-01-04,2026-08-10,45.0,1922.75,96,0.0
DM-13-06-01-04,2026-08-11,45.0,1922.75,96,0.0
DM-13-06-01-04,2026-08-12,45.0,1922.75,96,0.0
DM-13-06-01-04,2026-08-13,45.0,1922.75,96,0.0
DM-13-06-01-04,2026-08-14,45.0,1922.75,96,0.0
DM-13-06-01-04,2026-08-15,45.0,1922.75,96,0.0
DM-13-06-01-04,2026-08-16,45.0,1922.75,96,0.0
DM-13-06-04-04,2026-07-25,33.375,1916.38,96,
DM-13-06-04-04,2026-07-26,33.25,1899.38,96,
DM-13-06-04-04,2026-07-27,32.0,1973.75,96,
DM-13-06-04-04,2026-07-28,32.625,1910.25,96,
DM-13-06-04-04,2026-07-29,35.25,1947.5,96,
DM-13-06-04-04,2026-07-30,32.375,1929.25,96,
DM-13-06-04-04,2026-07-31,29.25,1867.0,96,
DM-13-06-04-04,2026-08-01,28.375,1956.5,96,
DM-13-06-04-04,2026-08-02,38.0,2074.75,96,
DM-13-06-04-04,2026-08-03,32.875,1960.75,96,
DM-13-06-04-04,2026-08-04,33.312,1977.75,96,
DM-13-06-04-04,2026-08-05,33.312,1977.75,96,
DM-13-06-04-04,2026-08-06,30.0,1852.5,96,
DM-13-06-04-04,2026-08-07,33.312,1977.75,96,
DM-13-06-04-04,2026-08-08,32.375,1855.0,96,0.0
DM-13-06-04-04,2026-08-09,30.125,1949.5,96,0.0
DM-13-06-04-04,2026-08-10,29.375,1790.25,96,0.0
DM-13-06-04-04,2026-08-11,25.875,1742.25,96,0.0
DM-13-06-04-04,2026-08-12,31.125,1895.0,96,0.0
DM-13-06-04-04,2026-08-13,29.25,1893.75,96,0.0
DM-13-06-04-04,2026-08-14,30.625,1999.25,96,0.0
DM-13-06-04-04,2026-08-15,31.125,2006.0,96,0.0
DM-13-06-04-04,2026-08-16,37.625,2006.25,96,3.803
DM-13-07-02-02,2026-07-25,54.375,1673.25,96,
DM-13-07-02-02,2026-07-26,54.375,1673.25,96,
DM-13-07-02-02,2026-07-27,54.375,1673.25,96,
DM-13-07-02-02,2026-07-28,54.375,1673.25,96,
DM-13-07-02-02,2026-07-29,54.375,1673.25,96,
DM-13-07-02-02,2026-07-30,54.375,1673.25,96,
DM-13-07-02-02,2026-07-31,54.375,1673.25,96,
DM-13-07-02-02,2026-08-01,54.375,1673.25,96,
DM-13-07-02-02,2026-08-02,54.375,1673.25,96,
DM-13-07-02-02,2026-08-03,54.375,1673.25,96,
DM-13-07-02-02,2026-08-04,54.375,1673.25,96,
DM-13-07-02-02,2026-08-05,54.375,1673.25,96,
DM-13-07-02-02,2026-08-06,54.375,1673.25,96,
DM-13-07-02-02,2026-08-07,54.375,1673.25,96,
DM-13-07-02-02,2026-08-08,54.375,1673.25,96,0.0
DM-13-07-02-02,2026-08-09,54.375,1673.25,96,0.0
DM-13-07-02-02,2026-08-10,54.375,1673.25,96,0.0
DM-13-07-02-02,2026-08-11,54.375,1673.25,96,0.0
DM-13-07-02-02,2026-08-12,54.375,1673.25,96,0.0
DM-13-07-02-02,2026-08-13,54.375,1673.25,96,0.0
DM-13-07-02-02,2026-08-14,54.375,1673.25,96,0.0
DM-13-07-02-02,2026-08-15,54.375,1673.25,96,0.0
DM-13-07-02-02,2026-08-16,54.375,1673.25,96,0.0
DM-13-07-05-03,2026-07-25,381.75,11909.25,96,
DM-13-07-05-03,2026-07-26,383.625,11801.5,96,
DM-13-07-05-03,2026-07-27,380.0,11920.5,96,
DM-13-07-05-03,2026-07-28,374.875,11563.5,96,
DM-13-07-05-03,2026-07-29,376.625,11681.75,96,
DM-13-07-05-03,2026-07-30,381.375,12002.25,96,
DM-13-07-05-03,2026-07-31,374.25,12002.75,96,
DM-13-07-05-03,2026-08-01,373.875,11802.5,96,
DM-13-07-05-03,2026-08-02,384.75,11954.25,96,
DM-13-07-05-03,2026-08-03,372.75,11976.25,96,
DM-13-07-05-03,2026-08-04,399.875,9969.25,96,
DM-13-07-05-03,2026-08-05,406.75,12840.0,96,
DM-13-07-05-03,2026-08-06,398.5,12740.0,96,
DM-13-07-05-03,2026-08-07,388.25,12712.75,96,
DM-13-07-05-03,2026-08-08,397.25,12527.0,96,8.006
DM-13-07-05-03,2026-08-09,389.875,12461.25,96,8.636
DM-13-07-05-03,2026-08-10,382.375,12557.5,96,1.767
DM-13-07-05-03,2026-08-11,392.0,12595.0,96,4.522
DM-13-07-05-03,2026-08-12,396.25,12426.75,96,11.528
DM-13-07-05-03,2026-08-13,398.125,12876.25,96,20.408
DM-13-07-05-03,2026-08-14,397.0,12891.0,96,28.164
DM-13-07-05-03,2026-08-15,395.75,12535.25,96,34.67
DM-13-07-05-03,2026-08-16,452.125,12913.0,96,97.55
DM-14-05-01-02,2026-07-25,188.75,7036.25,96,
DM-14-05-01-02,2026-07-26,170.25,6782.75,96,
DM-14-05-01-02,2026-07-27,163.25,6605.5,96,
DM-14-05-01-02,2026-07-28,147.375,6432.0,96,
DM-14-05-01-02,2026-07-29,154.875,6633.75,96,
DM-14-05-01-02,2026-07-30,153.5,6761.25,96,
DM-14-05-01-02,2026-07-31,161.5,6726.5,96,
DM-14-05-01-02,2026-08-01,163.0,6900.5,96,
DM-14-05-01-02,2026-08-02,156.0,6860.75,96,
DM-14-05-01-02,2026-08-03,185.75,6993.25,96,
DM-14-05-01-02,2026-08-04,179.125,7174.0,96,
DM-14-05-01-02,2026-08-05,163.5,6936.25,96,
DM-14-05-01-02,2026-08-06,167.0,6908.75,96,
DM-14-05-01-02,2026-08-07,163.0,6912.0,96,
DM-14-05-01-02,2026-08-08,174.25,7218.0,96,2.974
DM-14-05-01-02,2026-08-09,166.375,6880.75,96,0.0
DM-14-05-01-02,2026-08-10,159.125,6784.0,96,0.0
DM-14-05-01-02,2026-08-11,154.5,6634.75,96,0.0
DM-14-05-01-02,2026-08-12,174.0,6939.0,96,2.724
DM-14-05-01-02,2026-08-13,141.625,6952.0,96,0.0
DM-14-05-01-02,2026-08-14,163.5,7013.5,96,0.0
DM-14-05-01-02,2026-08-15,176.75,7172.5,96,5.474
DM-14-05-01-02,2026-08-16,163.0,7076.5,96,0.0
DM-14-05-02-01,2026-07-25,193.25,8531.5,96,
DM-14-05-02-01,2026-07-26,198.5,8330.0,96,
DM-14-05-02-01,2026-07-27,192.125,7955.5,96,
DM-14-05-02-01,2026-07-28,192.75,7818.25,96,
DM-14-05-02-01,2026-07-29,189.375,7950.0,96,
DM-14-05-02-01,2026-07-30,182.625,7970.5,96,
DM-14-05-02-01,2026-07-31,187.875,7824.5,96,
DM-14-05-02-01,2026-08-01,194.125,8291.0,96,
DM-14-05-02-01,2026-08-02,189.875,8456.75,96,
DM-14-05-02-01,2026-08-03,190.375,8295.5,96,
DM-14-05-02-01,2026-08-04,191.875,8289.75,96,
DM-14-05-02-01,2026-08-05,187.0,8168.25,96,
DM-14-05-02-01,2026-08-06,190.5,8014.0,96,
DM-14-05-02-01,2026-08-07,186.375,8101.5,96,
DM-14-05-02-01,2026-08-08,202.375,8737.0,96,10.04
DM-14-05-02-01,2026-08-09,203.5,8385.75,96,21.205
DM-14-05-02-01,2026-08-10,190.25,8028.0,96,19.12
DM-14-05-02-01,2026-08-11,332.375,10039.75,96,159.16
DM-14-05-02-01,2026-08-12,315.875,7574.75,96,282.7
DM-14-05-02-01,2026-08-13,116.75,2809.5,96,207.114
DM-14-05-02-01,2026-08-14,115.875,6247.0,96,130.654
DM-14-05-02-01,2026-08-15,172.625,8143.75,96,110.944
DM-14-05-02-01,2026-08-16,176.25,8242.75,96,94.859
DM-14-05-03-01,2026-07-25,75.625,3553.25,96,
DM-14-05-03-01,2026-07-26,78.75,3483.0,96,
DM-14-05-03-01,2026-07-27,73.25,3314.0,96,
DM-14-05-03-01,2026-07-28,73.5,3279.0,96,
DM-14-05-03-01,2026-07-29,69.125,3342.0,96,
DM-14-05-03-01,2026-07-30,77.375,3409.0,96,
DM-14-05-03-01,2026-07-31,78.125,3353.5,96,
DM-14-05-03-01,2026-08-01,74.125,3474.0,96,
DM-14-05-03-01,2026-08-02,74.125,3538.25,96,
DM-14-05-03-01,2026-08-03,73.375,3505.75,96,
DM-14-05-03-01,2026-08-04,71.25,3387.5,96,
DM-14-05-03-01,2026-08-05,73.25,3346.25,96,
DM-14-05-03-01,2026-08-06,73.375,3319.25,96,
DM-14-05-03-01,2026-08-07,75.125,3355.75,96,
DM-14-05-03-01,2026-08-08,79.5,3517.25,96,3.941
DM-14-05-03-01,2026-08-09,71.0,3460.25,96,0.0
DM-14-05-03-01,2026-08-10,75.375,3301.0,96,0.0
DM-14-05-03-01,2026-08-11,73.0,3218.5,96,0.0
DM-14-05-03-01,2026-08-12,73.625,3292.0,96,0.0
DM-14-05-03-01,2026-08-13,67.25,3202.5,96,0.0
DM-14-05-03-01,2026-08-14,67.0,3217.0,96,0.0
DM-14-05-03-01,2026-08-15,68.0,3349.0,96,0.0
DM-14-05-03-01,2026-08-16,69.375,3395.25,96,0.0
DM-14-05-06-01,2026-07-25,149.375,7293.25,96,
DM-14-05-06-01,2026-07-26,145.5,7166.25,96,
DM-14-05-06-01,2026-07-27,145.75,6905.25,96,
DM-14-05-06-01,2026-07-28,142.0,6880.0,96,
DM-14-05-06-01,2026-07-29,147.375,7009.5,96,
DM-14-05-06-01,2026-07-30,141.0,6985.75,96,
DM-14-05-06-01,2026-07-31,138.875,6763.25,96,
DM-14-05-06-01,2026-08-01,145.5,7086.75,96,
DM-14-05-06-01,2026-08-02,145.875,7307.0,96,
DM-14-05-06-01,2026-08-03,140.375,7245.75,96,
DM-14-05-06-01,2026-08-04,144.5,7087.5,96,
DM-14-05-06-01,2026-08-05,141.625,6970.0,96,
DM-14-05-06-01,2026-08-06,138.75,6814.0,96,
DM-14-05-06-01,2026-08-07,134.875,6806.75,96,
DM-14-05-06-01,2026-08-08,135.5,7281.0,96,0.0
DM-14-05-06-01,2026-08-09,141.125,7248.75,96,0.0
DM-14-05-06-01,2026-08-10,142.25,6863.0,96,0.0
DM-14-05-06-01,2026-08-11,138.0,7615.0,96,0.0
DM-14-05-06-01,2026-08-12,176.125,9402.5,96,31.255
DM-14-05-06-01,2026-08-13,160.25,9053.75,96,46.636
DM-14-05-06-01,2026-08-14,148.25,7529.75,96,50.016
DM-14-05-06-01,2026-08-15,137.125,7262.0,96,42.272
DM-14-05-06-01,2026-08-16,140.0,7425.25,96,37.402
DM-14-05-07-01,2026-07-25,176.875,7354.5,96,
DM-14-05-07-01,2026-07-26,171.875,7098.5,96,
DM-14-05-07-01,2026-07-27,163.875,6812.25,96,
DM-14-05-07-01,2026-07-28,167.25,6757.75,96,
DM-14-05-07-01,2026-07-29,162.75,6847.5,96,
DM-14-05-07-01,2026-07-30,161.5,6870.0,96,
DM-14-05-07-01,2026-07-31,160.25,6825.0,96,
DM-14-05-07-01,2026-08-01,165.375,7103.5,96,
DM-14-05-07-01,2026-08-02,169.875,7253.0,96,
DM-14-05-07-01,2026-08-03,172.75,7064.0,96,
DM-14-05-07-01,2026-08-04,164.5,7060.5,96,
DM-14-05-07-01,2026-08-05,169.625,7002.5,96,
DM-14-05-07-01,2026-08-06,170.375,7012.75,96,
DM-14-05-07-01,2026-08-07,164.875,6960.75,96,
DM-14-05-07-01,2026-08-08,172.875,7342.0,96,3.304
DM-14-05-07-01,2026-08-09,172.0,7334.75,96,5.733
DM-14-05-07-01,2026-08-10,164.625,6964.5,96,0.788
DM-14-05-07-01,2026-08-11,165.0,6804.5,96,0.0
DM-14-05-07-01,2026-08-12,177.625,7199.0,96,8.054
DM-14-05-07-01,2026-08-13,165.5,6853.75,96,3.983
DM-14-05-07-01,2026-08-14,175.0,6963.75,96,9.413
DM-14-05-07-01,2026-08-15,178.75,7280.75,96,18.592
DM-14-05-07-01,2026-08-16,170.25,7350.0,96,19.271
DM-14-06-01-01,2026-07-25,48.75,2200.75,96,
DM-14-06-01-01,2026-07-26,51.5,2163.75,96,
DM-14-06-01-01,2026-07-27,47.125,2073.0,96,
DM-14-06-01-01,2026-07-28,47.25,2076.75,96,
DM-14-06-01-01,2026-07-29,47.125,2090.5,96,
DM-14-06-01-01,2026-07-30,46.625,2103.0,96,
DM-14-06-01-01,2026-07-31,47.25,2080.25,96,
DM-14-06-01-01,2026-08-01,49.125,2145.25,96,
DM-14-06-01-01,2026-08-02,48.0,2233.5,96,
DM-14-06-01-01,2026-08-03,47.375,2144.0,96,
DM-14-06-01-01,2026-08-04,48.375,2153.75,96,
DM-14-06-01-01,2026-08-05,45.75,2124.0,96,
DM-14-06-01-01,2026-08-06,49.0,2131.0,96,
DM-14-06-01-01,2026-08-07,47.375,2129.75,96,
DM-14-06-01-01,2026-08-08,48.125,2226.0,96,0.0
DM-14-06-01-01,2026-08-09,50.0,2244.25,96,1.424
DM-14-06-01-01,2026-08-10,46.875,2126.25,96,0.0
DM-14-06-01-01,2026-08-11,48.625,2089.0,96,0.049
DM-14-06-01-01,2026-08-12,48.125,2210.75,96,0.0
DM-14-06-01-01,2026-08-13,49.125,2121.25,96,0.549
DM-14-06-01-01,2026-08-14,48.0,2153.25,96,0.0
DM-14-06-01-01,2026-08-15,48.5,2250.75,96,0.0
DM-14-06-01-01,2026-08-16,49.625,2285.25,96,1.049
DM-14-06-01-02,2026-07-25,25.625,1079.25,96,
DM-14-06-01-02,2026-07-26,26.75,1029.5,96,
DM-14-06-01-02,2026-07-27,25.75,1035.0,96,
DM-14-06-01-02,2026-07-28,26.125,1011.0,96,
DM-14-06-01-02,2026-07-29,24.625,1018.5,96,
DM-14-06-01-02,2026-07-30,24.875,1036.75,96,
DM-14-06-01-02,2026-07-31,26.125,1020.0,96,
DM-14-06-01-02,2026-08-01,26.125,1041.25,96,
DM-14-06-01-02,2026-08-02,25.75,1041.5,96,
DM-14-06-01-02,2026-08-03,25.375,1026.75,96,
DM-14-06-01-02,2026-08-04,26.0,1047.75,96,
DM-14-06-01-02,2026-08-05,25.25,1026.75,96,
DM-14-06-01-02,2026-08-06,26.375,1037.75,96,
DM-14-06-01-02,2026-08-07,26.125,1031.75,96,
DM-14-06-01-02,2026-08-08,26.75,1099.75,96,0.692
DM-14-06-01-02,2026-08-09,26.0,1063.75,96,0.633
DM-14-06-01-02,2026-08-10,25.75,1036.75,96,0.325
DM-14-06-01-02,2026-08-11,25.25,1036.25,96,0.0
DM-14-06-01-02,2026-08-12,25.0,1066.75,96,0.0
DM-14-06-01-02,2026-08-13,26.5,1049.5,96,0.442
DM-14-06-01-02,2026-08-14,27.25,1051.0,96,1.633
DM-14-06-01-02,2026-08-15,25.875,1087.75,96,1.45
DM-14-06-01-02,2026-08-16,24.625,1085.0,96,0.016
DM-14-06-04-01,2026-07-25,109.375,3692.0,96,
DM-14-06-04-01,2026-07-26,103.125,3620.0,96,
DM-14-06-04-01,2026-07-27,104.625,3505.75,96,
DM-14-06-04-01,2026-07-28,105.625,3540.25,96,
DM-14-06-04-01,2026-07-29,104.875,3552.25,96,
DM-14-06-04-01,2026-07-30,108.375,3574.75,96,
DM-14-06-04-01,2026-07-31,108.125,3553.75,96,
DM-14-06-04-01,2026-08-01,109.5,3641.5,96,
DM-14-06-04-01,2026-08-02,106.375,3696.25,96,
DM-14-06-04-01,2026-08-03,109.375,3541.25,96,
DM-14-06-04-01,2026-08-04,107.25,3578.25,96,
DM-14-06-04-01,2026-08-05,107.75,3549.25,96,
DM-14-06-04-01,2026-08-06,107.125,3529.0,96,
DM-14-06-04-01,2026-08-07,109.375,3568.75,96,
DM-14-06-04-01,2026-08-08,108.375,3608.75,96,0.189
DM-14-06-04-01,2026-08-09,101.75,3638.5,96,0.0
DM-14-06-04-01,2026-08-10,106.75,3480.0,96,0.0
DM-14-06-04-01,2026-08-11,108.75,3522.75,96,0.564
DM-14-06-04-01,2026-08-12,108.375,3705.0,96,0.753
DM-14-06-04-01,2026-08-13,110.75,3578.5,96,3.318
DM-14-06-04-01,2026-08-14,109.625,3577.5,96,4.757
DM-14-06-04-01,2026-08-15,104.0,3657.75,96,0.571
DM-14-06-04-01,2026-08-16,101.625,3644.0,96,0.0
DM-14-06-04-03,2026-07-25,84.75,3130.75,96,
DM-14-06-04-03,2026-07-26,84.625,3116.25,96,
DM-14-06-04-03,2026-07-27,77.25,3159.75,96,
DM-14-06-04-03,2026-07-28,88.125,3213.5,96,
DM-14-06-04-03,2026-07-29,85.375,3281.0,96,
DM-14-06-04-03,2026-07-30,85.0,3341.0,96,
DM-14-06-04-03,2026-07-31,86.375,3259.5,96,
DM-14-06-04-03,2026-08-01,84.25,3343.75,96,
DM-14-06-04-03,2026-08-02,90.125,3410.25,96,
DM-14-06-04-03,2026-08-03,88.625,3365.25,96,
DM-14-06-04-03,2026-08-04,91.875,3450.25,96,
DM-14-06-04-03,2026-08-05,89.125,3308.0,96,
DM-14-06-04-03,2026-08-06,89.875,3254.0,96,
DM-14-06-04-03,2026-08-07,87.125,3372.75,96,
DM-14-06-04-03,2026-08-08,86.375,3426.0,96,0.0
DM-14-06-04-03,2026-08-09,87.75,3366.0,96,0.0
DM-14-06-04-03,2026-08-10,86.875,3339.5,96,0.0
DM-14-06-04-03,2026-08-11,93.5,3456.25,96,5.159
DM-14-06-04-03,2026-08-12,90.875,3466.75,96,7.692
DM-14-06-04-03,2026-08-13,88.75,3279.25,96,8.101
DM-14-06-04-03,2026-08-14,87.125,3432.5,96,6.884
DM-14-06-04-03,2026-08-15,88.375,3462.0,96,6.918
DM-14-06-04-03,2026-08-16,86.125,3391.0,96,4.701
DM-14-06-04-04,2026-07-25,112.0,3932.0,96,
DM-14-06-04-04,2026-07-26,112.0,3932.0,96,
DM-14-06-04-04,2026-07-27,112.0,3932.0,96,
DM-14-06-04-04,2026-07-28,112.0,3932.0,96,
DM-14-06-04-04,2026-07-29,112.0,3932.0,96,
DM-14-06-04-04,2026-07-30,112.0,3932.0,96,
DM-14-06-04-04,2026-07-31,112.0,3932.0,96,
DM-14-06-04-04,2026-08-01,112.0,3932.0,96,
DM-14-06-04-04,2026-08-02,112.0,3932.0,96,
DM-14-06-04-04,2026-08-03,112.0,3932.0,96,
DM-14-06-04-04,2026-08-04,112.0,3932.0,96,
DM-14-06-04-04,2026-08-05,112.0,3932.0,96,
DM-14-06-04-04,2026-08-06,112.0,3932.0,96,
DM-14-06-04-04,2026-08-07,112.0,3932.0,96,
DM-14-06-04-04,2026-08-08,112.0,3932.0,96,0.0
DM-14-06-04-04,2026-08-09,112.0,3932.0,96,0.0
DM-14-06-04-04,2026-08-10,112.0,3932.0,96,0.0
DM-14-06-04-04,2026-08-11,112.0,3932.0,96,0.0
DM-14-06-04-04,2026-08-12,112.0,3932.0,96,0.0
DM-14-06-04-04,2026-08-13,112.0,3932.0,96,0.0
DM-14-06-04-04,2026-08-14,112.0,3932.0,96,0.0
DM-14-06-04-04,2026-08-15,112.0,3932.0,96,0.0
DM-14-06-04-04,2026-08-16,112.0,3932.0,96,0.0
DM-14-06-05-01,2026-07-25,84.125,3389.5,96,
DM-14-06-05-01,2026-07-26,85.625,3565.5,96,
DM-14-06-05-01,2026-07-27,79.125,3271.75,96,
DM-14-06-05-01,2026-07-28,75.625,3339.75,96,
DM-14-06-05-01,2026-07-29,76.125,3359.75,96,
DM-14-06-05-01,2026-07-30,77.25,3368.5,96,
DM-14-06-05-01,2026-07-31,83.375,3173.0,96,
DM-14-06-05-01,2026-08-01,80.0,3436.5,96,
DM-14-06-05-01,2026-08-02,81.0,3542.0,96,
DM-14-06-05-01,2026-08-03,78.5,3482.0,96,
DM-14-06-05-01,2026-08-04,80.25,3486.25,96,
DM-14-06-05-01,2026-08-05,79.125,3397.75,96,
DM-14-06-05-01,2026-08-06,80.5,3402.75,96,
DM-14-06-05-01,2026-08-07,81.5,3454.0,96,
DM-14-06-05-01,2026-08-08,84.0,3510.25,96,2.454
DM-14-06-05-01,2026-08-09,80.125,3517.75,96,1.034
DM-14-06-05-01,2026-08-10,76.25,3345.5,96,0.0
DM-14-06-05-01,2026-08-11,81.75,2958.75,96,0.204
DM-14-06-05-01,2026-08-12,75.125,3438.75,96,0.0
DM-14-06-05-01,2026-08-13,78.125,3239.75,96,0.0
DM-14-06-05-01,2026-08-14,77.25,3337.25,96,0.0
DM-14-06-05-01,2026-08-15,69.0,3439.5,96,0.0
DM-14-06-05-01,2026-08-16,81.5,3559.25,96,0.0
DM-14-06-06-02,2026-07-25,56.25,2791.5,96,
DM-14-06-06-02,2026-07-26,56.5,2912.5,96,
DM-14-06-06-02,2026-07-27,56.375,2701.25,96,
DM-14-06-06-02,2026-07-28,54.375,2752.75,96,
DM-14-06-06-02,2026-07-29,57.125,2767.25,96,
DM-14-06-06-02,2026-07-30,55.5,2759.25,96,
DM-14-06-06-02,2026-07-31,58.625,2696.25,96,
DM-14-06-06-02,2026-08-01,55.5,2788.75,96,
DM-14-06-06-02,2026-08-02,55.5,2920.0,96,
DM-14-06-06-02,2026-08-03,55.875,2782.0,96,
DM-14-06-06-02,2026-08-04,56.75,2769.0,96,
DM-14-06-06-02,2026-08-05,57.25,2682.25,96,
DM-14-06-06-02,2026-08-06,55.0,2655.25,96,
DM-14-06-06-02,2026-08-07,55.75,2707.25,96,
DM-14-06-06-02,2026-08-08,57.0,2916.75,96,0.316
DM-14-06-06-02,2026-08-09,59.375,2903.5,96,3.008
DM-14-06-06-02,2026-08-10,57.0,2670.0,96,3.324
DM-14-06-06-02,2026-08-11,58.25,2668.25,96,4.89
DM-14-06-06-02,2026-08-12,59.125,2904.75,96,7.331
DM-14-06-06-02,2026-08-13,56.125,2624.0,96,6.773
DM-14-06-06-02,2026-08-14,57.0,2718.25,96,7.089
DM-14-06-06-02,2026-08-15,55.5,2926.0,96,5.905
DM-14-06-06-02,2026-08-16,50.125,2987.75,96,0.0
DM-14-07-01-02,2026-07-25,28.25,1188.75,96,
DM-14-07-01-02,2026-07-26,26.625,1211.75,96,
DM-14-07-01-02,2026-07-27,22.375,1070.5,96,
DM-14-07-01-02,2026-07-28,25.375,1111.5,96,
DM-14-07-01-02,2026-07-29,25.375,1117.25,96,
DM-14-07-01-02,2026-07-30,27.125,1194.5,96,
DM-14-07-01-02,2026-07-31,29.25,1149.0,96,
DM-14-07-01-02,2026-08-01,25.375,1180.75,96,
DM-14-07-01-02,2026-08-02,24.25,1240.0,96,
DM-14-07-01-02,2026-08-03,23.0,1171.5,96,
DM-14-07-01-02,2026-08-04,25.375,1190.25,96,
DM-14-07-01-02,2026-08-05,24.5,1178.0,96,
DM-14-07-01-02,2026-08-06,24.125,1167.75,96,
DM-14-07-01-02,2026-08-07,25.0,1165.75,96,
DM-14-07-01-02,2026-08-08,27.625,1214.75,96,1.288
DM-14-07-01-02,2026-08-09,23.625,1201.0,96,0.0
DM-14-07-01-02,2026-08-10,23.875,1219.75,96,0.0
DM-14-07-01-02,2026-08-11,31.5,1171.25,96,5.163
DM-14-07-01-02,2026-08-12,29.875,1218.75,96,8.7
DM-14-07-01-02,2026-08-13,24.875,1143.25,96,7.238
DM-14-07-01-02,2026-08-14,28.375,1171.75,96,9.276
DM-14-07-01-02,2026-08-15,23.125,1228.0,96,6.064
DM-14-07-01-02,2026-08-16,28.25,1242.0,96,7.976
DM-14-07-01-03,2026-07-25,40.875,1344.5,96,
DM-14-07-01-03,2026-07-26,35.0,1356.75,96,
DM-14-07-01-03,2026-07-27,36.25,1379.5,96,
DM-14-07-01-03,2026-07-28,37.25,1306.75,96,
DM-14-07-01-03,2026-07-29,35.75,1338.5,96,
DM-14-07-01-03,2026-07-30,36.125,1314.75,96,
DM-14-07-01-03,2026-07-31,35.375,1330.75,96,
DM-14-07-01-03,2026-08-01,40.875,1411.75,96,
DM-14-07-01-03,2026-08-02,43.125,1388.25,96,
DM-14-07-01-03,2026-08-03,47.875,1459.25,96,
DM-14-07-01-03,2026-08-04,52.625,1458.75,96,
DM-14-07-01-03,2026-08-05,52.625,1407.0,96,
DM-14-07-01-03,2026-08-06,34.875,1401.0,96,
DM-14-07-01-03,2026-08-07,32.375,1364.0,96,
DM-14-07-01-03,2026-08-08,36.25,1386.25,96,0.0
DM-14-07-01-03,2026-08-09,36.125,1352.25,96,0.0
DM-14-07-01-03,2026-08-10,36.0,1424.0,96,0.0
DM-14-07-01-03,2026-08-11,36.25,1459.75,96,0.0
DM-14-07-01-03,2026-08-12,37.25,1361.0,96,0.0
DM-14-07-01-03,2026-08-13,38.375,1470.0,96,0.0
DM-14-07-01-03,2026-08-14,37.375,1454.0,96,0.0
DM-14-07-01-03,2026-08-15,37.125,1418.5,96,0.0
DM-14-07-01-03,2026-08-16,21.125,1336.25,96,0.0
DM-14-07-03-02,2026-07-25,56.125,2441.75,96,
DM-14-07-03-02,2026-07-26,58.25,1977.75,96,
DM-14-07-03-02,2026-07-27,60.75,2443.0,96,
DM-14-07-03-02,2026-07-28,49.375,2069.25,96,
DM-14-07-03-02,2026-07-29,50.375,2280.0,96,
DM-14-07-03-02,2026-07-30,64.125,2644.25,96,
DM-14-07-03-02,2026-07-31,75.625,2567.5,96,
DM-14-07-03-02,2026-08-01,89.875,2613.75,96,
DM-14-07-03-02,2026-08-02,60.25,2082.5,96,
DM-14-07-03-02,2026-08-03,64.125,2644.0,96,
DM-14-07-03-02,2026-08-04,83.0,2922.0,96,
DM-14-07-03-02,2026-08-05,80.5,2863.0,96,
DM-14-07-03-02,2026-08-06,73.5,2596.0,96,
DM-14-07-03-02,2026-08-07,63.375,2595.0,96,
DM-14-07-03-02,2026-08-08,59.75,2410.25,96,0.0
DM-14-07-03-02,2026-08-09,58.0,2132.5,96,0.0
DM-14-07-03-02,2026-08-10,71.875,2749.75,96,0.0
DM-14-07-03-02,2026-08-11,63.5,2588.5,96,0.0
DM-14-07-03-02,2026-08-12,75.125,2421.75,96,2.821
DM-14-07-03-02,2026-08-13,80.125,2788.5,96,10.641
DM-14-07-03-02,2026-08-14,58.0,2829.0,96,0.0
DM-14-07-03-02,2026-08-15,61.125,2655.75,96,0.0
DM-14-07-03-02,2026-08-16,57.0,2160.25,96,0.0
DM-14-07-03-04,2026-07-25,53.0,2405.25,96,
DM-14-07-03-04,2026-07-26,36.25,1602.5,96,
DM-14-07-03-04,2026-07-27,34.0,1380.5,96,
DM-14-07-03-04,2026-07-28,33.625,1289.0,96,
DM-14-07-03-04,2026-07-29,93.5,2481.0,96,
DM-14-07-03-04,2026-07-30,93.625,2816.75,96,
DM-14-07-03-04,2026-07-31,90.625,2812.25,96,
DM-14-07-03-04,2026-08-01,81.0,2567.25,96,
DM-14-07-03-04,2026-08-02,37.75,1696.25,96,
DM-14-07-03-04,2026-08-03,90.0,2350.0,96,
DM-14-07-03-04,2026-08-04,90.375,2672.5,96,
DM-14-07-03-04,2026-08-05,88.0,2686.25,96,
DM-14-07-03-04,2026-08-06,83.875,2731.75,96,
DM-14-07-03-04,2026-08-07,89.25,2726.75,96,
DM-14-07-03-04,2026-08-08,53.25,2176.0,96,0.0
DM-14-07-03-04,2026-08-09,33.75,1344.0,96,0.0
DM-14-07-03-04,2026-08-10,80.125,2370.25,96,0.0
DM-14-07-03-04,2026-08-11,85.875,2599.5,96,2.543
DM-14-07-03-04,2026-08-12,33.375,1521.25,96,0.0
DM-14-07-03-04,2026-08-13,88.75,2449.75,96,5.418
DM-14-07-03-04,2026-08-14,83.875,2696.0,96,5.961
DM-14-07-03-04,2026-08-15,23.125,2021.0,96,0.0
DM-14-07-03-04,2026-08-16,34.25,1418.25,96,0.0
DM-14-07-04-01,2026-07-25,158.625,6138.25,96,
DM-14-07-04-01,2026-07-26,158.875,6064.5,96,
DM-14-07-04-01,2026-07-27,178.0,6175.75,96,
DM-14-07-04-01,2026-07-28,157.625,6089.5,96,
DM-14-07-04-01,2026-07-29,178.625,6779.5,96,
DM-14-07-04-01,2026-07-30,190.25,6558.5,96,
DM-14-07-04-01,2026-07-31,184.75,6533.75,96,
DM-14-07-04-01,2026-08-01,163.75,6269.5,96,
DM-14-07-04-01,2026-08-02,160.625,6360.75,96,
DM-14-07-04-01,2026-08-03,185.125,6468.25,96,
DM-14-07-04-01,2026-08-04,180.625,6636.0,96,
DM-14-07-04-01,2026-08-05,177.375,6558.25,96,
DM-14-07-04-01,2026-08-06,176.0,6526.5,96,
DM-14-07-04-01,2026-08-07,188.5,6665.25,96,
DM-14-07-04-01,2026-08-08,186.875,6620.0,96,6.967
DM-14-07-04-01,2026-08-09,161.5,6238.25,96,0.0
DM-14-07-04-01,2026-08-10,186.125,6545.75,96,6.217
DM-14-07-04-01,2026-08-11,182.0,6634.25,96,8.308
DM-14-07-04-01,2026-08-12,185.875,6711.5,96,14.275
DM-14-07-04-01,2026-08-13,188.25,6709.75,96,22.617
DM-14-07-04-01,2026-08-14,179.125,6666.25,96,21.834
DM-14-07-04-01,2026-08-15,109.375,6187.5,96,0.0
DM-14-07-04-01,2026-08-16,164.625,6315.5,96,0.0
DM-14-07-05-01,2026-07-25,96.625,4167.0,96,
DM-14-07-05-01,2026-07-26,95.625,3839.75,96,
DM-14-07-05-01,2026-07-27,88.875,4046.25,96,
DM-14-07-05-01,2026-07-28,94.375,4038.5,96,
DM-14-07-05-01,2026-07-29,97.0,4103.75,96,
DM-14-07-05-01,2026-07-30,91.0,4373.25,96,
DM-14-07-05-01,2026-07-31,100.75,4359.75,96,
DM-14-07-05-01,2026-08-01,101.75,4298.0,96,
DM-14-07-05-01,2026-08-02,99.125,4091.75,96,
DM-14-07-05-01,2026-08-03,89.25,4335.25,96,
DM-14-07-05-01,2026-08-04,97.125,4302.5,96,
DM-14-07-05-01,2026-08-05,100.375,4296.5,96,
DM-14-07-05-01,2026-08-06,95.125,4261.25,96,
DM-14-07-05-01,2026-08-07,101.875,4165.0,96,
DM-14-07-05-01,2026-08-08,91.875,4188.75,96,0.0
DM-14-07-05-01,2026-08-09,97.25,3789.75,96,0.0
DM-14-07-05-01,2026-08-10,77.75,4097.75,96,0.0
DM-14-07-05-01,2026-08-11,85.875,4150.0,96,0.0
DM-14-07-05-01,2026-08-12,81.125,3982.75,96,0.0
DM-14-07-05-01,2026-08-13,83.25,4147.75,96,0.0
DM-14-07-05-01,2026-08-14,94.625,4150.0,96,0.0
DM-14-07-05-01,2026-08-15,92.25,3971.0,96,0.0
DM-14-07-05-01,2026-08-16,47.625,3653.0,96,0.0
DM-14-07-07-01,2026-07-25,124.5,5101.75,96,
DM-14-07-07-01,2026-07-26,123.625,5009.0,96,
DM-14-07-07-01,2026-07-27,121.875,4743.25,96,
DM-14-07-07-01,2026-07-28,125.125,4682.25,96,
DM-14-07-07-01,2026-07-29,120.625,4775.5,96,
DM-14-07-07-01,2026-07-30,123.0,4830.25,96,
DM-14-07-07-01,2026-07-31,126.375,4821.75,96,
DM-14-07-07-01,2026-08-01,124.0,5103.5,96,
DM-14-07-07-01,2026-08-02,122.625,5126.25,96,
DM-14-07-07-01,2026-08-03,123.625,4884.0,96,
DM-14-07-07-01,2026-08-04,123.25,4969.25,96,
DM-14-07-07-01,2026-08-05,125.125,4952.25,96,
DM-14-07-07-01,2026-08-06,120.875,4940.0,96,
DM-14-07-07-01,2026-08-07,130.25,5151.75,96,
DM-14-07-07-01,2026-08-08,122.875,5290.5,96,0.0
DM-14-07-07-01,2026-08-09,125.625,5178.0,96,0.534
DM-14-07-07-01,2026-08-10,124.875,4911.0,96,0.319
DM-14-07-07-01,2026-08-11,123.375,4842.5,96,0.0
DM-14-07-07-01,2026-08-12,124.875,4912.0,96,0.0
DM-14-07-07-01,2026-08-13,118.0,4924.25,96,0.0
DM-14-07-07-01,2026-08-14,119.875,4909.75,96,0.0
DM-14-07-07-01,2026-08-15,124.0,5216.5,96,0.0
DM-14-07-07-01,2026-08-16,132.875,5283.5,96,7.784
DM-14-07-07-02,2026-07-25,153.875,6205.75,96,
DM-14-07-07-02,2026-07-26,153.875,6205.75,96,
DM-14-07-07-02,2026-07-27,153.875,6205.75,96,
DM-14-07-07-02,2026-07-28,153.875,6205.75,96,
DM-14-07-07-02,2026-07-29,153.875,6205.75,96,
DM-14-07-07-02,2026-07-30,153.875,6205.75,96,
DM-14-07-07-02,2026-07-31,153.875,6205.75,96,
DM-14-07-07-02,2026-08-01,153.875,6205.75,96,
DM-14-07-07-02,2026-08-02,153.875,6205.75,96,
DM-14-07-07-02,2026-08-03,153.875,6205.75,96,
DM-14-07-07-02,2026-08-04,153.875,6205.75,96,
DM-14-07-07-02,2026-08-05,153.875,6205.75,96,
DM-14-07-07-02,2026-08-06,153.875,6205.75,96,
DM-14-07-07-02,2026-08-07,153.875,6205.75,96,
DM-14-07-07-02,2026-08-08,153.875,6205.75,96,0.0
DM-14-07-07-02,2026-08-09,153.875,6205.75,96,0.0
DM-14-07-07-02,2026-08-10,153.875,6205.75,96,0.0
DM-14-07-07-02,2026-08-11,153.875,6205.75,96,0.0
DM-14-07-07-02,2026-08-12,153.875,6205.75,96,0.0
DM-14-07-07-02,2026-08-13,153.875,6205.75,96,0.0
DM-14-07-07-02,2026-08-14,153.875,6205.75,96,0.0
DM-14-07-07-02,2026-08-15,153.875,6205.75,96,0.0
DM-14-07-07-02,2026-08-16,153.875,6205.75,96,0.0
DM-14-09-01-01,2026-07-25,123.0,4547.75,96,
DM-14-09-01-01,2026-07-26,122.375,4509.0,96,
DM-14-09-01-01,2026-07-27,117.625,4321.75,96,
DM-14-09-01-01,2026-07-28,119.125,4286.0,96,
DM-14-09-01-01,2026-07-29,117.625,4321.0,96,
DM-14-09-01-01,2026-07-30,118.125,4362.75,96,
DM-14-09-01-01,2026-07-31,124.25,4356.75,96,
DM-14-09-01-01,2026-08-01,124.625,4474.5,96,
DM-14-09-01-01,2026-08-02,121.5,4573.0,96,
DM-14-09-01-01,2026-08-03,120.0,4455.5,96,
DM-14-09-01-01,2026-08-04,125.125,4496.75,96,
DM-14-09-01-01,2026-08-05,124.625,4477.25,96,
DM-14-09-01-01,2026-08-06,123.25,4499.0,96,
DM-14-09-01-01,2026-08-07,122.875,4484.25,96,
DM-14-09-01-01,2026-08-08,122.5,4543.75,96,0.0
DM-14-09-01-01,2026-08-09,117.0,4500.5,96,0.0
DM-14-09-01-01,2026-08-10,119.875,4329.0,96,0.0
DM-14-09-01-01,2026-08-11,119.875,4320.0,96,0.0
DM-14-09-01-01,2026-08-12,115.75,4399.25,96,0.0
DM-14-09-01-01,2026-08-13,118.875,4340.0,96,0.0
DM-14-09-01-01,2026-08-14,120.75,4373.0,96,0.0
DM-14-09-01-01,2026-08-15,116.75,4458.75,96,0.0
DM-14-09-01-01,2026-08-16,117.75,4547.25,96,0.0
DM-14-09-02-01,2026-07-25,206.625,7756.5,96,
DM-14-09-02-01,2026-07-26,209.625,7762.5,96,
DM-14-09-02-01,2026-07-27,205.5,7522.0,96,
DM-14-09-02-01,2026-07-28,200.5,7496.0,96,
DM-14-09-02-01,2026-07-29,207.125,7547.0,96,
DM-14-09-02-01,2026-07-30,200.75,7561.5,96,
DM-14-09-02-01,2026-07-31,205.625,7512.25,96,
DM-14-09-02-01,2026-08-01,209.375,7704.5,96,
DM-14-09-02-01,2026-08-02,211.125,7910.0,96,
DM-14-09-02-01,2026-08-03,202.5,7616.25,96,
DM-14-09-02-01,2026-08-04,207.125,7618.75,96,
DM-14-09-02-01,2026-08-05,205.25,7584.0,96,
DM-14-09-02-01,2026-08-06,209.125,7571.75,96,
DM-14-09-02-01,2026-08-07,202.5,7588.25,96,
DM-14-09-02-01,2026-08-08,203.0,7862.75,96,0.0
DM-14-09-02-01,2026-08-09,205.25,7872.5,96,0.0
DM-14-09-02-01,2026-08-10,206.125,7477.5,96,0.0
DM-14-09-02-01,2026-08-11,192.375,7303.25,96,0.0
DM-14-09-02-01,2026-08-12,198.125,7620.5,96,0.0
DM-14-09-02-01,2026-08-13,198.375,7344.75,96,0.0
DM-14-09-02-01,2026-08-14,204.625,7401.0,96,0.0
DM-14-09-02-01,2026-08-15,197.125,7698.25,96,0.0
DM-14-09-02-01,2026-08-16,192.75,7747.75,96,0.0
DM-14-09-02-02,2026-07-25,65.375,2538.5,96,
DM-14-09-02-02,2026-07-26,66.625,2494.0,96,
DM-14-09-02-02,2026-07-27,65.5,2367.25,96,
DM-14-09-02-02,2026-07-28,65.875,2317.25,96,
DM-14-09-02-02,2026-07-29,64.125,2397.75,96,
DM-14-09-02-02,2026-07-30,63.875,2414.0,96,
DM-14-09-02-02,2026-07-31,64.875,2399.0,96,
DM-14-09-02-02,2026-08-01,87.375,3597.0,96,
DM-14-09-02-02,2026-08-02,91.625,3766.25,96,
DM-14-09-02-02,2026-08-03,91.75,3551.5,96,
DM-14-09-02-02,2026-08-04,81.875,3448.25,96,
DM-14-09-02-02,2026-08-05,79.875,3415.75,96,
DM-14-09-02-02,2026-08-06,80.875,3063.25,96,
DM-14-09-02-02,2026-08-07,94.0,3569.25,96,
DM-14-09-02-02,2026-08-08,89.875,3732.0,96,8.163
DM-14-09-02-02,2026-08-09,88.75,3727.25,96,15.201
DM-14-09-02-02,2026-08-10,86.125,3491.5,96,19.614
DM-14-09-02-02,2026-08-11,83.625,3418.25,96,21.527
DM-14-09-02-02,2026-08-12,85.375,3627.0,96,25.19
DM-14-09-02-02,2026-08-13,87.25,3503.25,96,30.729
DM-14-09-02-02,2026-08-14,86.875,3535.75,96,35.892
DM-14-09-02-02,2026-08-15,85.125,3673.0,96,39.305
DM-14-09-02-02,2026-08-16,84.125,3733.25,96,41.718
DM-14-09-02-03,2026-07-25,46.75,1924.25,96,
DM-14-09-02-03,2026-07-26,43.125,1823.75,96,
DM-14-09-02-03,2026-07-27,43.625,1844.25,96,
DM-14-09-02-03,2026-07-28,42.25,1791.25,96,
DM-14-09-02-03,2026-07-29,43.625,1798.5,96,
DM-14-09-02-03,2026-07-30,41.375,1771.25,96,
DM-14-09-02-03,2026-07-31,42.625,1770.5,96,
DM-14-09-02-03,2026-08-01,47.0,1812.5,96,
DM-14-09-02-03,2026-08-02,51.25,1898.25,96,
DM-14-09-02-03,2026-08-03,40.875,1888.5,96,
DM-14-09-02-03,2026-08-04,47.75,1819.5,96,
DM-14-09-02-03,2026-08-05,43.875,1809.0,96,
DM-14-09-02-03,2026-08-06,39.625,1840.75,96,
DM-14-09-02-03,2026-08-07,47.625,1802.0,96,
DM-14-09-02-03,2026-08-08,43.125,1841.75,96,0.0
DM-14-09-02-03,2026-08-09,42.875,1858.75,96,0.0
DM-14-09-02-03,2026-08-10,51.375,1803.75,96,5.432
DM-14-09-02-03,2026-08-11,48.625,1715.5,96,8.114
DM-14-09-02-03,2026-08-12,46.5,1920.25,96,8.672
DM-14-09-02-03,2026-08-13,47.375,1741.5,96,10.104
DM-14-09-02-03,2026-08-14,56.75,1818.5,96,20.911
DM-14-09-02-03,2026-08-15,45.0,1870.25,96,19.968
DM-14-09-02-03,2026-08-16,56.625,1903.25,96,30.651
DM-14-09-02-04,2026-07-25,90.25,3925.0,96,
DM-14-09-02-04,2026-07-26,90.25,3925.0,96,
DM-14-09-02-04,2026-07-27,90.25,3925.0,96,
DM-14-09-02-04,2026-07-28,90.25,3925.0,96,
DM-14-09-02-04,2026-07-29,90.25,3925.0,96,
DM-14-09-02-04,2026-07-30,90.25,3925.0,96,
DM-14-09-02-04,2026-07-31,90.25,3925.0,96,
DM-14-09-02-04,2026-08-01,90.25,3925.0,96,
DM-14-09-02-04,2026-08-02,90.25,3925.0,96,
DM-14-09-02-04,2026-08-03,90.25,3925.0,96,
DM-14-09-02-04,2026-08-04,90.25,3925.0,96,
DM-14-09-02-04,2026-08-05,90.25,3925.0,96,
DM-14-09-02-04,2026-08-06,90.25,3925.0,96,
DM-14-09-02-04,2026-08-07,90.25,3925.0,96,
DM-14-09-02-04,2026-08-08,90.25,3925.0,96,0.0
DM-14-09-02-04,2026-08-09,90.25,3925.0,96,0.0
DM-14-09-02-04,2026-08-10,90.25,3925.0,96,0.0
DM-14-09-02-04,2026-08-11,90.25,3925.0,96,0.0
DM-14-09-02-04,2026-08-12,90.25,3925.0,96,0.0
DM-14-09-02-04,2026-08-13,90.25,3925.0,96,0.0
DM-14-09-02-04,2026-08-14,90.25,3925.0,96,0.0
DM-14-09-02-04,2026-08-15,90.25,3925.0,96,0.0
DM-14-09-02-04,2026-08-16,90.25,3925.0,96,0.0
DM-14-10-01-01,2026-07-25,40.75,1987.5,96,
DM-14-10-01-01,2026-07-26,40.125,1901.75,96,
DM-14-10-01-01,2026-07-27,42.75,1851.5,96,
DM-14-10-01-01,2026-07-28,37.75,1806.0,96,
DM-14-10-01-01,2026-07-29,37.625,1902.75,96,
DM-14-10-01-01,2026-07-30,43.625,1902.25,96,
DM-14-10-01-01,2026-07-31,40.875,1911.25,96,
DM-14-10-01-01,2026-08-01,41.0,1939.75,96,
DM-14-10-01-01,2026-08-02,38.875,1975.0,96,
DM-14-10-01-01,2026-08-03,40.875,1950.25,96,
DM-14-10-01-01,2026-08-04,41.5,1959.5,96,
DM-14-10-01-01,2026-08-05,39.125,1912.5,96,
DM-14-10-01-01,2026-08-06,39.375,1908.25,96,
DM-14-10-01-01,2026-08-07,40.375,1898.5,96,
DM-14-10-01-01,2026-08-08,40.375,2017.75,96,0.0
DM-14-10-01-01,2026-08-09,41.125,1959.25,96,0.0
DM-14-10-01-01,2026-08-10,39.625,1902.0,96,0.0
DM-14-10-01-01,2026-08-11,40.625,1855.0,96,0.0
DM-14-10-01-01,2026-08-12,43.75,1940.5,96,2.598
DM-14-10-01-01,2026-08-13,39.375,1864.0,96,0.821
DM-14-10-01-01,2026-08-14,38.75,1872.25,96,0.0
DM-14-10-01-01,2026-08-15,42.75,1979.25,96,1.598
DM-14-10-01-01,2026-08-16,39.375,2035.75,96,0.0
DM-14-10-02-01,2026-07-25,33.25,1461.25,96,
DM-14-10-02-01,2026-07-26,32.5,1447.5,96,
DM-14-10-02-01,2026-07-27,38.625,1391.75,96,
DM-14-10-02-01,2026-07-28,34.25,1369.5,96,
DM-14-10-02-01,2026-07-29,34.25,1445.0,96,
DM-14-10-02-01,2026-07-30,29.25,1450.25,96,
DM-14-10-02-01,2026-07-31,28.0,1415.75,96,
DM-14-10-02-01,2026-08-01,31.125,1451.5,96,
DM-14-10-02-01,2026-08-02,32.875,1574.25,96,
DM-14-10-02-01,2026-08-03,35.0,1467.25,96,
DM-14-10-02-01,2026-08-04,36.625,1547.5,96,
DM-14-10-02-01,2026-08-05,43.5,1514.75,96,
DM-14-10-02-01,2026-08-06,34.5,1487.5,96,
DM-14-10-02-01,2026-08-07,36.625,1474.75,96,
DM-14-10-02-01,2026-08-08,35.125,1535.0,96,0.0
DM-14-10-02-01,2026-08-09,39.125,1531.5,96,2.94
DM-14-10-02-01,2026-08-10,34.125,1366.5,96,0.88
DM-14-10-02-01,2026-08-11,35.5,1497.25,96,0.195
DM-14-10-02-01,2026-08-12,38.5,1483.5,96,2.51
DM-14-10-02-01,2026-08-13,35.125,1472.25,96,1.45
DM-14-10-02-01,2026-08-14,35.125,1525.75,96,0.39
DM-14-10-02-01,2026-08-15,35.875,1571.5,96,0.08
DM-14-10-02-01,2026-08-16,27.125,1598.5,96,0.0
DM-14-10-04-02,2026-07-25,47.375,2714.0,96,
DM-14-10-04-02,2026-07-26,55.375,2639.0,96,
DM-14-10-04-02,2026-07-27,48.125,2522.75,96,
DM-14-10-04-02,2026-07-28,46.5,2455.25,96,
DM-14-10-04-02,2026-07-29,48.0,2514.0,96,
DM-14-10-04-02,2026-07-30,43.5,2574.5,96,
DM-14-10-04-02,2026-07-31,46.375,2569.75,96,
DM-14-10-04-02,2026-08-01,49.625,2684.5,96,
DM-14-10-04-02,2026-08-02,52.375,2664.75,96,
DM-14-10-04-02,2026-08-03,48.125,2676.75,96,
DM-14-10-04-02,2026-08-04,50.125,2659.25,96,
DM-14-10-04-02,2026-08-05,46.75,2726.5,96,
DM-14-10-04-02,2026-08-06,63.0,2680.25,96,
DM-14-10-04-02,2026-08-07,62.125,2624.0,96,
DM-14-10-04-02,2026-08-08,49.375,2747.5,96,0.0
DM-14-10-04-02,2026-08-09,55.75,2598.5,96,2.411
DM-14-10-04-02,2026-08-10,63.625,2574.5,96,12.697
DM-14-10-04-02,2026-08-11,50.125,2611.75,96,9.482
DM-14-10-04-02,2026-08-12,47.125,2640.25,96,3.268
DM-14-10-04-02,2026-08-13,48.0,2621.0,96,0.0
DM-14-10-04-02,2026-08-14,50.25,2755.0,96,0.0
DM-14-10-04-02,2026-08-15,49.125,2759.75,96,0.0
DM-14-10-04-02,2026-08-16,58.0,3170.5,96,4.661
DM-14-10-05-01,2026-07-25,4.125,452.25,96,
DM-14-10-05-01,2026-07-26,9.875,480.5,96,
DM-14-10-05-01,2026-07-27,5.75,692.5,96,
DM-14-10-05-01,2026-07-28,5.25,362.5,96,
DM-14-10-05-01,2026-07-29,4.875,406.5,96,
DM-14-10-05-01,2026-07-30,5.75,636.5,96,
DM-14-10-05-01,2026-07-31,4.875,505.5,96,
DM-14-10-05-01,2026-08-01,6.0,502.5,96,
DM-14-10-05-01,2026-08-02,9.25,437.5,96,
DM-14-10-05-01,2026-08-03,7.875,700.0,96,
DM-14-10-05-01,2026-08-04,6.75,659.75,96,
DM-14-10-05-01,2026-08-05,25.75,836.5,96,
DM-14-10-05-01,2026-08-06,5.0,654.0,96,
DM-14-10-05-01,2026-08-07,8.625,680.25,96,
DM-14-10-05-01,2026-08-08,3.75,669.75,96,0.0
DM-14-10-05-01,2026-08-09,11.25,576.0,96,0.782
DM-14-10-05-01,2026-08-10,22.375,688.25,96,12.689
DM-14-10-05-01,2026-08-11,3.75,592.25,96,5.971
DM-14-10-05-01,2026-08-12,4.375,402.25,96,0.0
DM-14-10-05-01,2026-08-13,4.125,650.5,96,0.0
DM-14-10-05-01,2026-08-14,9.625,727.25,96,0.0
DM-14-10-05-01,2026-08-15,8.5,520.0,96,0.0
DM-14-10-05-01,2026-08-16,3.0,437.25,96,0.0
DM-14-10-07-01,2026-07-25,36.125,1254.25,96,
DM-14-10-07-01,2026-07-26,20.375,1113.25,96,
DM-14-10-07-01,2026-07-27,27.75,1153.0,96,
DM-14-10-07-01,2026-07-28,24.125,917.75,96,
DM-14-10-07-01,2026-07-29,15.25,841.75,96,
DM-14-10-07-01,2026-07-30,16.875,955.5,96,
DM-14-10-07-01,2026-07-31,18.375,1172.5,96,
DM-14-10-07-01,2026-08-01,39.625,1236.25,96,
DM-14-10-07-01,2026-08-02,17.75,1132.75,96,
DM-14-10-07-01,2026-08-03,20.75,1053.0,96,
DM-14-10-07-01,2026-08-04,17.375,1267.75,96,
DM-14-10-07-01,2026-08-05,23.5,1375.5,96,
DM-14-10-07-01,2026-08-06,41.125,1465.0,96,
DM-14-10-07-01,2026-08-07,54.0,1361.75,96,
DM-14-10-07-01,2026-08-08,38.75,1238.25,96,6.491
DM-14-10-07-01,2026-08-09,28.75,1193.5,96,2.981
DM-14-10-07-01,2026-08-10,29.625,1231.25,96,0.347
DM-14-10-07-01,2026-08-11,34.25,1169.75,96,2.337
DM-14-10-07-01,2026-08-12,24.0,1150.25,96,0.0
DM-14-10-07-01,2026-08-13,17.0,1154.0,96,0.0
DM-14-10-07-01,2026-08-14,24.375,1210.0,96,0.0
DM-14-10-07-01,2026-08-15,31.625,1236.75,96,0.0
DM-14-10-07-01,2026-08-16,28.125,1201.75,96,0.0
DM-14-10-07-02,2026-07-25,58.125,1868.0,96,
DM-14-10-07-02,2026-07-26,55.375,1813.75,96,
DM-14-10-07-02,2026-07-27,54.375,1724.5,96,
DM-14-10-07-02,2026-07-28,40.125,1682.0,96,
DM-14-10-07-02,2026-07-29,53.75,1734.5,96,
DM-14-10-07-02,2026-07-30,54.25,1795.0,96,
DM-14-10-07-02,2026-07-31,51.25,1702.25,96,
DM-14-10-07-02,2026-08-01,47.875,1725.0,96,
DM-14-10-07-02,2026-08-02,47.75,1758.75,96,
DM-14-10-07-02,2026-08-03,48.375,1774.75,96,
DM-14-10-07-02,2026-08-04,49.5,1735.25,96,
DM-14-10-07-02,2026-08-05,49.5,1775.5,96,
DM-14-10-07-02,2026-08-06,47.875,1647.0,96,
DM-14-10-07-02,2026-08-07,51.125,1734.0,96,
DM-14-10-07-02,2026-08-08,49.75,1795.25,96,0.0
DM-14-10-07-02,2026-08-09,49.625,1761.5,96,0.0
DM-14-10-07-02,2026-08-10,50.75,1759.25,96,0.0
DM-14-10-07-02,2026-08-11,46.375,1645.75,96,0.0
DM-14-10-07-02,2026-08-12,49.5,1701.5,96,0.0
DM-14-10-07-02,2026-08-13,54.875,1674.25,96,2.069
DM-14-10-07-02,2026-08-14,48.875,1755.75,96,0.0
DM-14-10-07-02,2026-08-15,48.875,1796.5,96,0.0
DM-14-10-07-02,2026-08-16,52.375,1817.75,96,0.0
DM-14-11-03-03,2026-07-25,2.625,573.38,96,
DM-14-11-03-03,2026-07-26,2.625,573.38,96,
DM-14-11-03-03,2026-07-27,2.625,573.38,96,
DM-14-11-03-03,2026-07-28,2.625,573.38,96,
DM-14-11-03-03,2026-07-29,2.625,573.38,96,
DM-14-11-03-03,2026-07-30,2.625,573.38,96,
DM-14-11-03-03,2026-07-31,2.625,573.38,96,
DM-14-11-03-03,2026-08-01,2.625,573.38,96,
DM-14-11-03-03,2026-08-02,2.625,573.38,96,
DM-14-11-03-03,2026-08-03,2.625,573.38,96,
DM-14-11-03-03,2026-08-04,2.625,573.38,96,
DM-14-11-03-03,2026-08-05,2.625,573.38,96,
DM-14-11-03-03,2026-08-06,2.625,573.38,96,
DM-14-11-03-03,2026-08-07,2.625,573.38,96,
DM-14-11-03-03,2026-08-08,2.625,573.38,96,0.0
DM-14-11-03-03,2026-08-09,2.625,573.38,96,0.0
DM-14-11-03-03,2026-08-10,2.625,573.38,96,0.0
DM-14-11-03-03,2026-08-11,2.625,573.38,96,0.0
DM-14-11-03-03,2026-08-12,2.625,573.38,96,0.0
DM-14-11-03-03,2026-08-13,2.625,573.38,96,0.0
DM-14-11-03-03,2026-08-14,2.625,573.38,96,0.0
DM-14-11-03-03,2026-08-15,2.625,573.38,96,0.0
DM-14-11-03-03,2026-08-16,2.625,573.38,96,0.0
DM-14-11-03-04,2026-07-25,21.875,1267.25,96,
DM-14-11-03-04,2026-07-26,21.875,1267.25,96,
DM-14-11-03-04,2026-07-27,21.875,1267.25,96,
DM-14-11-03-04,2026-07-28,21.875,1267.25,96,
DM-14-11-03-04,2026-07-29,21.875,1267.25,96,
DM-14-11-03-04,2026-07-30,21.875,1267.25,96,
DM-14-11-03-04,2026-07-31,21.875,1267.25,96,
DM-14-11-03-04,2026-08-01,21.875,1267.25,96,
DM-14-11-03-04,2026-08-02,21.875,1267.25,96,
DM-14-11-03-04,2026-08-03,21.875,1267.25,96,
DM-14-11-03-04,2026-08-04,21.875,1267.25,96,
DM-14-11-03-04,2026-08-05,21.875,1267.25,96,
DM-14-11-03-04,2026-08-06,21.875,1267.25,96,
DM-14-11-03-04,2026-08-07,21.875,1267.25,96,
DM-14-11-03-04,2026-08-08,21.875,1267.25,96,0.0
DM-14-11-03-04,2026-08-09,21.875,1267.25,96,0.0
DM-14-11-03-04,2026-08-10,21.875,1267.25,96,0.0
DM-14-11-03-04,2026-08-11,21.875,1267.25,96,0.0
DM-14-11-03-04,2026-08-12,21.875,1267.25,96,0.0
DM-14-11-03-04,2026-08-13,21.875,1267.25,96,0.0
DM-14-11-03-04,2026-08-14,21.875,1267.25,96,0.0
DM-14-11-03-04,2026-08-15,21.875,1267.25,96,0.0
DM-14-11-03-04,2026-08-16,21.875,1267.25,96,0.0
DM-14-11-03-05,2026-07-25,73.375,5277.0,96,
DM-14-11-03-05,2026-07-26,73.375,5277.0,96,
DM-14-11-03-05,2026-07-27,73.375,5277.0,96,
DM-14-11-03-05,2026-07-28,73.375,5277.0,96,
DM-14-11-03-05,2026-07-29,73.375,5277.0,96,
DM-14-11-03-05,2026-07-30,73.375,5277.0,96,
DM-14-11-03-05,2026-07-31,73.375,5277.0,96,
DM-14-11-03-05,2026-08-01,73.375,5277.0,96,
DM-14-11-03-05,2026-08-02,73.375,5277.0,96,
DM-14-11-03-05,2026-08-03,73.375,5277.0,96,
DM-14-11-03-05,2026-08-04,73.375,5277.0,96,
DM-14-11-03-05,2026-08-05,73.375,5277.0,96,
DM-14-11-03-05,2026-08-06,73.375,5277.0,96,
DM-14-11-03-05,2026-08-07,73.375,5277.0,96,
DM-14-11-03-05,2026-08-08,73.375,5277.0,96,0.0
DM-14-11-03-05,2026-08-09,73.375,5277.0,96,0.0
DM-14-11-03-05,2026-08-10,73.375,5277.0,96,0.0
DM-14-11-03-05,2026-08-11,73.375,5277.0,96,0.0
DM-14-11-03-05,2026-08-12,73.375,5277.0,96,0.0
DM-14-11-03-05,2026-08-13,73.375,5277.0,96,0.0
DM-14-11-03-05,2026-08-14,73.375,5277.0,96,0.0
DM-14-11-03-05,2026-08-15,73.375,5277.0,96,0.0
DM-14-11-03-05,2026-08-16,73.375,5277.0,96,0.0
DM-14-17-02-01,2026-07-25,30.5,1558.5,96,
DM-14-17-02-01,2026-07-26,26.0,1458.0,96,
DM-14-17-02-01,2026-07-27,24.25,1350.0,96,
DM-14-17-02-01,2026-07-28,25.5,1334.25,96,
DM-14-17-02-01,2026-07-29,23.125,1340.5,96,
DM-14-17-02-01,2026-07-30,23.5,1362.0,96,
DM-14-17-02-01,2026-07-31,23.75,1322.25,96,
DM-14-17-02-01,2026-08-01,24.375,1447.75,96,
DM-14-17-02-01,2026-08-02,24.875,1461.5,96,
DM-14-17-02-01,2026-08-03,25.125,1369.25,96,
DM-14-17-02-01,2026-08-04,22.875,1396.5,96,
DM-14-17-02-01,2026-08-05,25.0,1387.0,96,
DM-14-17-02-01,2026-08-06,26.0,1382.0,96,
DM-14-17-02-01,2026-08-07,25.625,1371.0,96,
DM-14-17-02-01,2026-08-08,27.75,1492.75,96,1.811
DM-14-17-02-01,2026-08-09,27.125,1493.5,96,2.997
DM-14-17-02-01,2026-08-10,25.875,1378.75,96,2.933
DM-14-17-02-01,2026-08-11,26.5,1215.5,96,3.494
DM-14-17-02-01,2026-08-12,25.875,1509.0,96,3.43
DM-14-17-02-01,2026-08-13,24.0,1375.75,96,1.49
DM-14-17-02-01,2026-08-14,25.25,1393.5,96,0.801
DM-14-17-02-01,2026-08-15,26.5,1526.75,96,1.362
DM-14-17-02-01,2026-08-16,28.0,1544.0,96,3.423
DM-14-17-02-02,2026-07-25,83.875,3302.75,96,
DM-14-17-02-02,2026-07-26,72.5,3293.5,96,
DM-14-17-02-02,2026-07-27,73.0,3039.25,96,
DM-14-17-02-02,2026-07-28,74.625,3026.25,96,
DM-14-17-02-02,2026-07-29,73.75,3052.25,96,
DM-14-17-02-02,2026-07-30,71.125,3025.5,96,
DM-14-17-02-02,2026-07-31,74.75,2948.75,96,
DM-14-17-02-02,2026-08-01,74.125,3049.25,96,
DM-14-17-02-02,2026-08-02,71.5,3106.0,96,
DM-14-17-02-02,2026-08-03,72.625,3011.5,96,
DM-14-17-02-02,2026-08-04,71.5,3012.5,96,
DM-14-17-02-02,2026-08-05,73.0,3060.25,96,
DM-14-17-02-02,2026-08-06,73.125,3021.75,96,
DM-14-17-02-02,2026-08-07,73.625,3028.25,96,
DM-14-17-02-02,2026-08-08,74.0,3173.25,96,0.0
DM-14-17-02-02,2026-08-09,73.5,3157.25,96,0.0
DM-14-17-02-02,2026-08-10,72.625,3018.0,96,0.0
DM-14-17-02-02,2026-08-11,73.5,2995.75,96,0.0
DM-14-17-02-02,2026-08-12,71.875,3117.5,96,0.0
DM-14-17-02-02,2026-08-13,75.5,3011.0,96,0.207
DM-14-17-02-02,2026-08-14,73.25,3064.5,96,0.0
DM-14-17-02-02,2026-08-15,71.125,3095.5,96,0.0
DM-14-17-02-02,2026-08-16,72.625,3204.0,96,0.0
DM-14-17-03-01,2026-07-25,71.875,2682.5,96,
DM-14-17-03-01,2026-07-26,72.75,2673.5,96,
DM-14-17-03-01,2026-07-27,70.875,2541.5,96,
DM-14-17-03-01,2026-07-28,71.5,2537.0,96,
DM-14-17-03-01,2026-07-29,70.625,2556.0,96,
DM-14-17-03-01,2026-07-30,70.375,2563.5,96,
DM-14-17-03-01,2026-07-31,73.125,2567.0,96,
DM-14-17-03-01,2026-08-01,69.875,2644.0,96,
DM-14-17-03-01,2026-08-02,70.0,2727.0,96,
DM-14-17-03-01,2026-08-03,71.375,2656.75,96,
DM-14-17-03-01,2026-08-04,69.5,2658.25,96,
DM-14-17-03-01,2026-08-05,73.0,2647.25,96,
DM-14-17-03-01,2026-08-06,73.0,2647.75,96,
DM-14-17-03-01,2026-08-07,70.5,2636.25,96,
DM-14-17-03-01,2026-08-08,69.25,2708.5,96,0.0
DM-14-17-03-01,2026-08-09,70.75,2717.75,96,0.0
DM-14-17-03-01,2026-08-10,73.375,2616.75,96,1.455
DM-14-17-03-01,2026-08-11,71.0,2593.0,96,0.535
DM-14-17-03-01,2026-08-12,73.625,2697.75,96,2.239
DM-14-17-03-01,2026-08-13,72.625,2624.25,96,2.944
DM-14-17-03-01,2026-08-14,73.125,2658.0,96,4.149
DM-14-17-03-01,2026-08-15,70.25,2722.0,96,2.479
DM-14-17-03-01,2026-08-16,71.75,2744.75,96,2.309
DM-14-17-03-02,2026-07-25,68.625,2638.75,96,
DM-14-17-03-02,2026-07-26,66.75,2641.25,96,
DM-14-17-03-02,2026-07-27,67.5,2553.75,96,
DM-14-17-03-02,2026-07-28,68.25,2559.0,96,
DM-14-17-03-02,2026-07-29,65.375,2566.25,96,
DM-14-17-03-02,2026-07-30,69.5,2586.0,96,
DM-14-17-03-02,2026-07-31,67.25,2552.25,96,
DM-14-17-03-02,2026-08-01,69.0,2626.25,96,
DM-14-17-03-02,2026-08-02,67.375,2688.75,96,
DM-14-17-03-02,2026-08-03,65.75,2598.5,96,
DM-14-17-03-02,2026-08-04,66.625,2610.0,96,
DM-14-17-03-02,2026-08-05,69.375,2593.25,96,
DM-14-17-03-02,2026-08-06,67.125,2594.25,96,
DM-14-17-03-02,2026-08-07,64.875,2591.5,96,
DM-14-17-03-02,2026-08-08,66.875,2664.25,96,0.0
DM-14-17-03-02,2026-08-09,70.5,2687.5,96,2.416
DM-14-17-03-02,2026-08-10,65.0,2572.5,96,0.0
DM-14-17-03-02,2026-08-11,65.875,2552.0,96,0.0
DM-14-17-03-02,2026-08-12,67.125,2631.5,96,0.0
DM-14-17-03-02,2026-08-13,68.375,2562.25,96,0.291
DM-14-17-03-02,2026-08-14,65.625,2589.0,96,0.0
DM-14-17-03-02,2026-08-15,64.5,2650.75,96,0.0
DM-14-17-03-02,2026-08-16,68.125,2686.75,96,0.041
DM-14-17-04-01,2026-07-25,85.625,3582.25,96,
DM-14-17-04-01,2026-07-26,87.875,3615.0,96,
DM-14-17-04-01,2026-07-27,86.0,3474.25,96,
DM-14-17-04-01,2026-07-28,86.875,3538.5,96,
DM-14-17-04-01,2026-07-29,87.0,3560.5,96,
DM-14-17-04-01,2026-07-30,86.625,3569.25,96,
DM-14-17-04-01,2026-07-31,88.75,3469.75,96,
DM-14-17-04-01,2026-08-01,85.875,3529.25,96,
DM-14-17-04-01,2026-08-02,85.75,3648.0,96,
DM-14-17-04-01,2026-08-03,85.75,3445.25,96,
DM-14-17-04-01,2026-08-04,82.125,3414.25,96,
DM-14-17-04-01,2026-08-05,83.5,3365.5,96,
DM-14-17-04-01,2026-08-06,82.0,3358.75,96,
DM-14-17-04-01,2026-08-07,80.0,3375.75,96,
DM-14-17-04-01,2026-08-08,80.375,3529.5,96,0.0
DM-14-17-04-01,2026-08-09,81.5,3559.0,96,0.0
DM-14-17-04-01,2026-08-10,81.125,3375.0,96,0.0
DM-14-17-04-01,2026-08-11,80.625,3315.25,96,0.0
DM-14-17-04-01,2026-08-12,79.75,3523.5,96,0.0
DM-14-17-04-01,2026-08-13,81.75,3352.75,96,0.0
DM-14-17-04-01,2026-08-14,83.0,3400.25,96,0.0
DM-14-17-04-01,2026-08-15,80.0,3576.75,96,0.0
DM-14-17-04-01,2026-08-16,78.75,3625.75,96,0.0
DM-14-17-05-01,2026-07-25,78.25,5385.0,96,
DM-14-17-05-01,2026-07-26,85.125,5319.5,96,
DM-14-17-05-01,2026-07-27,78.5,5124.5,96,
DM-14-17-05-01,2026-07-28,85.0,4891.75,96,
DM-14-17-05-01,2026-07-29,78.375,5203.75,96,
DM-14-17-05-01,2026-07-30,84.625,5262.25,96,
DM-14-17-05-01,2026-07-31,87.375,5007.75,96,
DM-14-17-05-01,2026-08-01,81.5,5173.25,96,
DM-14-17-05-01,2026-08-02,79.875,5131.5,96,
DM-14-17-05-01,2026-08-03,73.375,5203.25,96,
DM-14-17-05-01,2026-08-04,68.375,5088.75,96,
DM-14-17-05-01,2026-08-05,76.75,5225.0,96,
DM-14-17-05-01,2026-08-06,74.375,5211.0,96,
DM-14-17-05-01,2026-08-07,76.5,5116.25,96,
DM-14-17-05-01,2026-08-08,77.875,5513.75,96,0.0
DM-14-17-05-01,2026-08-09,78.5,5198.25,96,0.0
DM-14-17-05-01,2026-08-10,84.125,5477.5,96,2.445
DM-14-17-05-01,2026-08-11,70.5,6682.0,96,0.0
DM-14-17-05-01,2026-08-12,139.625,8770.5,96,57.945
DM-14-17-05-01,2026-08-13,123.625,8256.5,96,99.89
DM-14-17-05-01,2026-08-14,109.625,6320.5,96,127.835
DM-14-17-05-01,2026-08-15,83.75,5846.5,96,129.905
DM-14-17-05-01,2026-08-16,73.375,5327.25,96,121.6
DM-14-17-06-01,2026-07-25,43.0,2469.75,96,
DM-14-17-06-01,2026-07-26,35.5,2324.75,96,
DM-14-17-06-01,2026-07-27,38.125,2298.25,96,
DM-14-17-06-01,2026-07-28,30.0,2247.25,96,
DM-14-17-06-01,2026-07-29,37.625,2257.75,96,
DM-14-17-06-01,2026-07-30,34.625,2331.0,96,
DM-14-17-06-01,2026-07-31,41.375,2340.0,96,
DM-14-17-06-01,2026-08-01,35.25,2480.75,96,
DM-14-17-06-01,2026-08-02,41.125,2635.75,96,
DM-14-17-06-01,2026-08-03,35.25,2617.5,96,
DM-14-17-06-01,2026-08-04,41.0,2570.75,96,
DM-14-17-06-01,2026-08-05,36.375,2510.75,96,
DM-14-17-06-01,2026-08-06,49.5,2569.25,96,
DM-14-17-06-01,2026-08-07,46.5,2615.0,96,
DM-14-17-06-01,2026-08-08,40.125,2695.75,96,0.0
DM-14-17-06-01,2026-08-09,45.75,2818.25,96,4.315
DM-14-17-06-01,2026-08-10,40.25,2713.0,96,3.131
DM-14-17-06-01,2026-08-11,41.0,2663.75,96,2.696
DM-14-17-06-01,2026-08-12,48.375,2897.25,96,9.637
DM-14-17-06-01,2026-08-13,48.125,3087.5,96,16.327
DM-14-17-06-01,2026-08-14,47.375,3249.5,96,22.268
DM-14-17-06-01,2026-08-15,50.625,3519.5,96,31.458
DM-14-17-06-01,2026-08-16,120.125,4643.25,96,110.149
DM-14-18-01-01,2026-07-25,103.875,3224.75,96,
DM-14-18-01-01,2026-07-26,91.75,2827.25,96,
DM-14-18-01-01,2026-07-27,95.625,2831.25,96,
DM-14-18-01-01,2026-07-28,87.375,2840.5,96,
DM-14-18-01-01,2026-07-29,86.125,3021.0,96,
DM-14-18-01-01,2026-07-30,98.375,3144.75,96,
DM-14-18-01-01,2026-07-31,88.875,3208.75,96,
DM-14-18-01-01,2026-08-01,110.188,3639.5,96,
DM-14-18-01-01,2026-08-02,110.188,3639.5,96,
DM-14-18-01-01,2026-08-03,81.75,3154.75,96,
DM-14-18-01-01,2026-08-04,89.25,3354.25,96,
DM-14-18-01-01,2026-08-05,111.375,3352.25,96,
DM-14-18-01-01,2026-08-06,104.75,2907.75,96,
DM-14-18-01-01,2026-08-07,110.188,3639.5,96,
DM-14-18-01-01,2026-08-08,84.625,3313.0,96,0.0
DM-14-18-01-01,2026-08-09,94.25,2813.5,96,0.0
DM-14-18-01-01,2026-08-10,79.625,3172.0,96,0.0
DM-14-18-01-01,2026-08-11,85.25,3109.5,96,0.0
DM-14-18-01-01,2026-08-12,93.75,3020.25,96,0.0
DM-14-18-01-01,2026-08-13,102.375,3105.25,96,0.0
DM-14-18-01-01,2026-08-14,83.375,3110.75,96,0.0
DM-14-18-01-01,2026-08-15,89.75,3113.5,96,0.0
DM-14-18-01-01,2026-08-16,77.25,2892.75,96,0.0
DM-14-18-01-02,2026-07-25,74.5,2830.75,96,
DM-14-18-01-02,2026-07-26,61.0,2650.75,96,
DM-14-18-01-02,2026-07-27,82.0,2419.75,96,
DM-14-18-01-02,2026-07-28,71.75,2340.75,96,
DM-14-18-01-02,2026-07-29,71.875,2603.0,96,
DM-14-18-01-02,2026-07-30,77.625,2693.75,96,
DM-14-18-01-02,2026-07-31,90.0,2654.25,96,
DM-14-18-01-02,2026-08-01,9.875,1524.25,96,
DM-14-18-01-02,2026-08-02,14.0,1385.0,96,
DM-14-18-01-02,2026-08-03,22.375,1680.75,96,
DM-14-18-01-02,2026-08-04,61.25,1822.0,96,
DM-14-18-01-02,2026-08-05,70.875,1805.25,96,
DM-14-18-01-02,2026-08-06,44.25,1950.25,96,
DM-14-18-01-02,2026-08-07,53.375,1706.5,96,
DM-14-18-01-02,2026-08-08,35.125,1789.25,96,0.0
DM-14-18-01-02,2026-08-09,14.125,1158.0,96,0.0
DM-14-18-01-02,2026-08-10,10.625,888.25,96,0.0
DM-14-18-01-02,2026-08-11,14.625,1149.75,96,0.0
DM-14-18-01-02,2026-08-12,11.25,890.75,96,0.0
DM-14-18-01-02,2026-08-13,6.0,798.75,96,0.0
DM-14-18-01-02,2026-08-14,9.625,1070.0,96,0.0
DM-14-18-01-02,2026-08-15,8.75,1497.0,96,0.0
DM-14-18-01-02,2026-08-16,5.0,1121.5,96,0.0
DM-14-18-02-02,2026-07-25,70.0,4652.0,96,
DM-14-18-02-02,2026-07-26,71.875,4377.25,96,
DM-14-18-02-02,2026-07-27,87.25,4614.0,96,
DM-14-18-02-02,2026-07-28,79.125,4647.0,96,
DM-14-18-02-02,2026-07-29,90.5,4846.0,96,
DM-14-18-02-02,2026-07-30,74.0,5010.0,96,
DM-14-18-02-02,2026-07-31,80.125,5037.5,96,
DM-14-18-02-02,2026-08-01,65.25,4620.75,96,
DM-14-18-02-02,2026-08-02,71.0,4325.25,96,
DM-14-18-02-02,2026-08-03,65.375,4702.25,96,
DM-14-18-02-02,2026-08-04,77.625,4804.25,96,
DM-14-18-02-02,2026-08-05,58.875,4665.75,96,
DM-14-18-02-02,2026-08-06,61.625,4580.5,96,
DM-14-18-02-02,2026-08-07,46.25,4660.75,96,
DM-14-18-02-02,2026-08-08,71.0,4497.5,96,0.0
DM-14-18-02-02,2026-08-09,55.875,4219.75,96,0.0
DM-14-18-02-02,2026-08-10,63.875,4686.5,96,0.0
DM-14-18-02-02,2026-08-11,47.625,4798.75,96,0.0
DM-14-18-02-02,2026-08-12,70.5,4457.0,96,0.0
DM-14-18-02-02,2026-08-13,54.375,4703.75,96,0.0
DM-14-18-02-02,2026-08-14,28.875,4679.75,96,0.0
DM-14-18-02-02,2026-08-15,47.875,4291.75,96,0.0
DM-14-18-02-02,2026-08-16,185.375,4456.75,96,108.423
DM-14-18-04-02,2026-07-25,15.125,1969.5,96,
DM-14-18-04-02,2026-07-26,13.625,2075.5,96,
DM-14-18-04-02,2026-07-27,15.625,1888.75,96,
DM-14-18-04-02,2026-07-28,13.0,1809.0,96,
DM-14-18-04-02,2026-07-29,13.375,1792.5,96,
DM-14-18-04-02,2026-07-30,12.875,1794.75,96,
DM-14-18-04-02,2026-07-31,17.0,1761.0,96,
DM-14-18-04-02,2026-08-01,12.375,1875.75,96,
DM-14-18-04-02,2026-08-02,14.75,2060.5,96,
DM-14-18-04-02,2026-08-03,13.0,1884.75,96,
DM-14-18-04-02,2026-08-04,15.0,1881.75,96,
DM-14-18-04-02,2026-08-05,15.0,1844.0,96,
DM-14-18-04-02,2026-08-06,15.75,1829.75,96,
DM-14-18-04-02,2026-08-07,13.625,1849.25,96,
DM-14-18-04-02,2026-08-08,13.375,1952.75,96,0.0
DM-14-18-04-02,2026-08-09,16.25,1986.75,96,1.302
DM-14-18-04-02,2026-08-10,16.375,1806.0,96,2.729
DM-14-18-04-02,2026-08-11,14.75,1885.75,96,2.531
DM-14-18-04-02,2026-08-12,12.375,1959.25,96,0.0
DM-14-18-04-02,2026-08-13,10.75,1711.75,96,0.0
DM-14-18-04-02,2026-08-14,13.625,1829.25,96,0.0
DM-14-18-04-02,2026-08-15,13.875,2030.75,96,0.0
DM-14-18-04-02,2026-08-16,13.25,2043.0,96,0.0
DM-14-18-05-01,2026-07-25,43.125,2416.0,96,
DM-14-18-05-01,2026-07-26,44.25,2399.75,96,
DM-14-18-05-01,2026-07-27,41.625,2313.0,96,
DM-14-18-05-01,2026-07-28,42.5,2301.75,96,
DM-14-18-05-01,2026-07-29,50.125,2373.5,96,
DM-14-18-05-01,2026-07-30,42.25,2307.5,96,
DM-14-18-05-01,2026-07-31,42.875,2000.5,96,
DM-14-18-05-01,2026-08-01,51.25,2607.25,96,
DM-14-18-05-01,2026-08-02,44.75,2484.25,96,
DM-14-18-05-01,2026-08-03,42.75,2372.25,96,
DM-14-18-05-01,2026-08-04,42.0,2372.0,96,
DM-14-18-05-01,2026-08-05,42.25,2335.0,96,
DM-14-18-05-01,2026-08-06,42.75,2331.75,96,
DM-14-18-05-01,2026-08-07,42.0,2328.5,96,
DM-14-18-05-01,2026-08-08,44.625,2472.75,96,0.0
DM-14-18-05-01,2026-08-09,45.75,2456.75,96,0.407
DM-14-18-05-01,2026-08-10,45.25,2344.0,96,0.315
DM-14-18-05-01,2026-08-11,43.375,2288.25,96,0.0
DM-14-18-05-01,2026-08-12,44.75,2397.5,96,0.0
DM-14-18-05-01,2026-08-13,45.875,2303.25,96,0.532
DM-14-18-05-01,2026-08-14,41.25,2325.25,96,0.0
DM-14-18-05-01,2026-08-15,42.75,2472.0,96,0.0
DM-14-18-05-01,2026-08-16,44.75,2492.25,96,0.0
DM-14-18-06-01,2026-07-25,41.375,2414.5,96,
DM-14-18-06-01,2026-07-26,42.5,2405.75,96,
DM-14-18-06-01,2026-07-27,40.0,2307.75,96,
DM-14-18-06-01,2026-07-28,41.0,2303.75,96,
DM-14-18-06-01,2026-07-29,48.875,2370.75,96,
DM-14-18-06-01,2026-07-30,40.5,2307.75,96,
DM-14-18-06-01,2026-07-31,41.375,2000.75,96,
DM-14-18-06-01,2026-08-01,50.25,2626.75,96,
DM-14-18-06-01,2026-08-02,43.5,2495.0,96,
DM-14-18-06-01,2026-08-03,41.125,2377.0,96,
DM-14-18-06-01,2026-08-04,40.125,2371.25,96,
DM-14-18-06-01,2026-08-05,40.25,2325.25,96,
DM-14-18-06-01,2026-08-06,40.625,2323.5,96,
DM-14-18-06-01,2026-08-07,40.0,2323.25,96,
DM-14-18-06-01,2026-08-08,42.875,2469.5,96,0.0
DM-14-18-06-01,2026-08-09,43.875,2451.0,96,0.054
DM-14-18-06-01,2026-08-10,43.5,2340.75,96,0.0
DM-14-18-06-01,2026-08-11,42.125,2287.0,96,0.0
DM-14-18-06-01,2026-08-12,43.625,2397.5,96,0.0
DM-14-18-06-01,2026-08-13,44.375,2305.25,96,0.554
DM-14-18-06-01,2026-08-14,39.625,2326.25,96,0.0
DM-14-18-06-01,2026-08-15,41.125,2473.0,96,0.0
DM-14-18-06-01,2026-08-16,43.25,2491.25,96,0.0
DM-15-01-01-01,2026-07-25,33.25,1222.5,96,
DM-15-01-01-01,2026-07-26,31.625,1182.25,96,
DM-15-01-01-01,2026-07-27,31.375,1159.75,96,
DM-15-01-01-01,2026-07-28,30.375,1260.25,96,
DM-15-01-01-01,2026-07-29,34.875,1184.5,96,
DM-15-01-01-01,2026-07-30,28.875,1054.75,96,
DM-15-01-01-01,2026-07-31,28.625,1062.5,96,
DM-15-01-01-01,2026-08-01,32.25,1071.25,96,
DM-15-01-01-01,2026-08-02,36.375,1283.0,96,
DM-15-01-01-01,2026-08-03,34.125,1175.25,96,
DM-15-01-01-01,2026-08-04,33.375,1199.25,96,
DM-15-01-01-01,2026-08-05,30.875,1218.75,96,
DM-15-01-01-01,2026-08-06,34.0,1261.0,96,
DM-15-01-01-01,2026-08-07,39.75,1282.0,96,
DM-15-01-01-01,2026-08-08,30.625,1197.25,96,0.0
DM-15-01-01-01,2026-08-09,32.5,1227.5,96,0.0
DM-15-01-01-01,2026-08-10,41.25,1195.75,96,6.976
DM-15-01-01-01,2026-08-11,29.5,1196.0,96,2.202
DM-15-01-01-01,2026-08-12,30.25,1265.0,96,0.0
DM-15-01-01-01,2026-08-13,31.875,1296.25,96,0.0
DM-15-01-01-01,2026-08-14,38.375,1415.75,96,4.101
DM-15-01-01-01,2026-08-15,33.375,1339.0,96,3.202
DM-15-01-01-01,2026-08-16,35.5,1324.5,96,4.429
DM-15-01-03-01,2026-07-25,75.125,4086.75,96,
DM-15-01-03-01,2026-07-26,90.25,4127.75,96,
DM-15-01-03-01,2026-07-27,92.125,3650.25,96,
DM-15-01-03-01,2026-07-28,86.25,3917.75,96,
DM-15-01-03-01,2026-07-29,80.125,4070.0,96,
DM-15-01-03-01,2026-07-30,82.75,3759.5,96,
DM-15-01-03-01,2026-07-31,73.312,3835.62,96,
DM-15-01-03-01,2026-08-01,73.312,3835.62,96,
DM-15-01-03-01,2026-08-02,73.312,3835.62,96,
DM-15-01-03-01,2026-08-03,73.312,3835.62,96,
DM-15-01-03-01,2026-08-04,73.312,3835.62,96,
DM-15-01-03-01,2026-08-05,73.312,3835.62,96,
DM-15-01-03-01,2026-08-06,73.312,3835.62,96,
DM-15-01-03-01,2026-08-07,73.312,3835.62,96,
DM-15-01-03-01,2026-08-08,73.312,3835.62,96,0.0
DM-15-01-03-01,2026-08-09,73.312,3835.62,96,0.0
DM-15-01-03-01,2026-08-10,73.312,3835.62,96,0.0
DM-15-01-03-01,2026-08-11,73.312,3835.62,96,0.0
DM-15-01-03-01,2026-08-12,73.312,3835.62,96,0.0
DM-15-01-03-01,2026-08-13,73.312,3835.62,96,0.0
DM-15-01-03-01,2026-08-14,73.312,3835.62,96,0.0
DM-15-01-03-01,2026-08-15,73.312,3835.62,96,0.0
DM-15-01-03-01,2026-08-16,73.312,3835.62,96,0.0
DM-15-01-05-01,2026-07-25,108.125,3830.25,96,
DM-15-01-05-01,2026-07-26,114.75,3752.5,96,
DM-15-01-05-01,2026-07-27,109.0,3833.75,96,
DM-15-01-05-01,2026-07-28,114.375,3654.0,96,
DM-15-01-05-01,2026-07-29,103.625,3574.5,96,
DM-15-01-05-01,2026-07-30,120.625,4028.75,96,
DM-15-01-05-01,2026-07-31,117.875,4006.75,96,
DM-15-01-05-01,2026-08-01,119.375,3840.25,96,
DM-15-01-05-01,2026-08-02,107.25,3767.75,96,
DM-15-01-05-01,2026-08-03,115.625,3991.25,96,
DM-15-01-05-01,2026-08-04,118.875,4061.0,96,
DM-15-01-05-01,2026-08-05,115.875,4095.0,96,
DM-15-01-05-01,2026-08-06,111.5,3985.25,96,
DM-15-01-05-01,2026-08-07,110.0,3875.25,96,
DM-15-01-05-01,2026-08-08,122.0,3802.0,96,6.161
DM-15-01-05-01,2026-08-09,109.25,3654.75,96,0.0
DM-15-01-05-01,2026-08-10,112.375,3930.5,96,0.0
DM-15-01-05-01,2026-08-11,112.5,4035.75,96,0.0
DM-15-01-05-01,2026-08-12,103.0,3640.25,96,0.0
DM-15-01-05-01,2026-08-13,105.625,4064.5,96,0.0
DM-15-01-05-01,2026-08-14,114.25,4218.0,96,0.0
DM-15-01-05-01,2026-08-15,110.625,3803.75,96,0.0
DM-15-01-05-01,2026-08-16,115.125,3881.0,96,0.0
DM-15-01-06-01,2026-07-25,65.75,2485.75,96,
DM-15-01-06-01,2026-07-26,63.0,2456.75,96,
DM-15-01-06-01,2026-07-27,64.625,2432.75,96,
DM-15-01-06-01,2026-07-28,64.25,2370.5,96,
DM-15-01-06-01,2026-07-29,64.0,2391.75,96,
DM-15-01-06-01,2026-07-30,63.125,2427.5,96,
DM-15-01-06-01,2026-07-31,66.0,2427.0,96,
DM-15-01-06-01,2026-08-01,68.625,2511.75,96,
DM-15-01-06-01,2026-08-02,66.5,2541.75,96,
DM-15-01-06-01,2026-08-03,66.125,2565.0,96,
DM-15-01-06-01,2026-08-04,70.625,2544.0,96,
DM-15-01-06-01,2026-08-05,66.75,2522.0,96,
DM-15-01-06-01,2026-08-06,65.0,2520.75,96,
DM-15-01-06-01,2026-08-07,71.0,2566.25,96,
DM-15-01-06-01,2026-08-08,68.125,2523.0,96,0.822
DM-15-01-06-01,2026-08-09,65.25,2483.5,96,0.0
DM-15-01-06-01,2026-08-10,67.0,2444.75,96,0.0
DM-15-01-06-01,2026-08-11,65.5,2454.5,96,0.0
DM-15-01-06-01,2026-08-12,67.125,2482.5,96,0.0
DM-15-01-06-01,2026-08-13,66.0,2508.0,96,0.0
DM-15-01-06-01,2026-08-14,65.125,2556.25,96,0.0
DM-15-01-06-01,2026-08-15,64.75,2578.0,96,0.0
DM-15-01-06-01,2026-08-16,66.5,2579.5,96,0.0
DM-15-02-01-01,2026-07-25,135.25,4955.5,96,
DM-15-02-01-01,2026-07-26,134.875,4932.0,96,
DM-15-02-01-01,2026-07-27,147.25,4836.75,96,
DM-15-02-01-01,2026-07-28,159.0,4808.25,96,
DM-15-02-01-01,2026-07-29,137.5,4769.75,96,
DM-15-02-01-01,2026-07-30,137.375,4875.5,96,
DM-15-02-01-01,2026-07-31,139.25,4849.25,96,
DM-15-02-01-01,2026-08-01,138.0,4932.75,96,
DM-15-02-01-01,2026-08-02,151.5,5041.75,96,
DM-15-02-01-01,2026-08-03,150.625,5041.5,96,
DM-15-02-01-01,2026-08-04,143.0,5053.75,96,
DM-15-02-01-01,2026-08-05,144.125,5031.75,96,
DM-15-02-01-01,2026-08-06,140.125,5020.5,96,
DM-15-02-01-01,2026-08-07,150.875,4935.25,96,
DM-15-02-01-01,2026-08-08,150.625,4956.25,96,3.608
DM-15-02-01-01,2026-08-09,137.125,4953.5,96,0.0
DM-15-02-01-01,2026-08-10,145.375,4912.25,96,0.0
DM-15-02-01-01,2026-08-11,157.5,4954.5,96,10.483
DM-15-02-01-01,2026-08-12,136.375,5073.5,96,0.0
DM-15-02-01-01,2026-08-13,139.375,5066.0,96,0.0
DM-15-02-01-01,2026-08-14,134.0,5234.25,96,0.0
DM-15-02-01-01,2026-08-15,144.125,5211.0,96,0.0
DM-15-02-01-01,2026-08-16,232.75,5121.0,96,85.733
DM-15-02-02-01,2026-07-25,123.5,4116.5,96,
DM-15-02-02-01,2026-07-26,122.375,4142.25,96,
DM-15-02-02-01,2026-07-27,135.5,4098.25,96,
DM-15-02-02-01,2026-07-28,124.25,3705.0,96,
DM-15-02-02-01,2026-07-29,121.25,4029.25,96,
DM-15-02-02-01,2026-07-30,125.875,4010.75,96,
DM-15-02-02-01,2026-07-31,126.375,3894.5,96,
DM-15-02-02-01,2026-08-01,123.375,4026.5,96,
DM-15-02-02-01,2026-08-02,124.875,4239.0,96,
DM-15-02-02-01,2026-08-03,134.625,4258.25,96,
DM-15-02-02-01,2026-08-04,127.875,4137.5,96,
DM-15-02-02-01,2026-08-05,128.0,4179.25,96,
DM-15-02-02-01,2026-08-06,126.0,4146.5,96,
DM-15-02-02-01,2026-08-07,120.0,4073.5,96,
DM-15-02-02-01,2026-08-08,125.625,4089.0,96,0.0
DM-15-02-02-01,2026-08-09,122.25,4285.5,96,0.0
DM-15-02-02-01,2026-08-10,126.875,4153.75,96,0.0
DM-15-02-02-01,2026-08-11,127.5,4139.25,96,0.0
DM-15-02-02-01,2026-08-12,128.0,4139.25,96,0.0
DM-15-02-02-01,2026-08-13,126.0,4206.0,96,0.0
DM-15-02-02-01,2026-08-14,126.125,4325.25,96,0.0
DM-15-02-02-01,2026-08-15,126.625,4185.25,96,0.0
DM-15-02-02-01,2026-08-16,127.0,4255.5,96,0.0
DM-15-02-03-01,2026-07-25,120.375,4197.75,96,
DM-15-02-03-01,2026-07-26,121.625,4257.0,96,
DM-15-02-03-01,2026-07-27,126.25,4190.75,96,
DM-15-02-03-01,2026-07-28,122.125,4149.5,96,
DM-15-02-03-01,2026-07-29,119.75,4180.25,96,
DM-15-02-03-01,2026-07-30,120.25,4265.5,96,
DM-15-02-03-01,2026-07-31,119.5,4151.25,96,
DM-15-02-03-01,2026-08-01,124.125,4288.25,96,
DM-15-02-03-01,2026-08-02,124.5,4296.25,96,
DM-15-02-03-01,2026-08-03,127.75,4218.0,96,
DM-15-02-03-01,2026-08-04,125.75,4267.75,96,
DM-15-02-03-01,2026-08-05,119.625,4209.5,96,
DM-15-02-03-01,2026-08-06,123.0,4239.25,96,
DM-15-02-03-01,2026-08-07,122.0,4192.0,96,
DM-15-02-03-01,2026-08-08,120.5,4304.75,96,0.0
DM-15-02-03-01,2026-08-09,124.375,4273.0,96,0.46
DM-15-02-03-01,2026-08-10,124.5,4203.0,96,1.045
DM-15-02-03-01,2026-08-11,125.125,4023.25,96,2.256
DM-15-02-03-01,2026-08-12,133.125,4374.25,96,11.466
DM-15-02-03-01,2026-08-13,132.375,4287.0,96,19.926
DM-15-02-03-01,2026-08-14,114.125,3964.5,96,10.136
DM-15-02-03-01,2026-08-15,104.625,3836.25,96,0.0
DM-15-02-03-01,2026-08-16,98.75,3733.25,96,0.0
DM-15-02-04-01,2026-07-25,99.25,3840.0,96,
DM-15-02-04-01,2026-07-26,115.625,3699.75,96,
DM-15-02-04-01,2026-07-27,101.875,3623.5,96,
DM-15-02-04-01,2026-07-28,103.25,3701.0,96,
DM-15-02-04-01,2026-07-29,97.75,3643.0,96,
DM-15-02-04-01,2026-07-30,100.125,3608.0,96,
DM-15-02-04-01,2026-07-31,115.125,3653.0,96,
DM-15-02-04-01,2026-08-01,110.0,3755.5,96,
DM-15-02-04-01,2026-08-02,102.125,3945.5,96,
DM-15-02-04-01,2026-08-03,116.125,3765.25,96,
DM-15-02-04-01,2026-08-04,104.0,3831.75,96,
DM-15-02-04-01,2026-08-05,121.0,3797.0,96,
DM-15-02-04-01,2026-08-06,118.375,3736.0,96,
DM-15-02-04-01,2026-08-07,109.75,3647.0,96,
DM-15-02-04-01,2026-08-08,118.125,3774.25,96,6.146
DM-15-02-04-01,2026-08-09,105.75,3714.75,96,0.0
DM-15-02-04-01,2026-08-10,102.125,3696.75,96,0.0
DM-15-02-04-01,2026-08-11,116.0,3737.75,96,4.021
DM-15-02-04-01,2026-08-12,115.5,3767.5,96,7.543
DM-15-02-04-01,2026-08-13,109.0,3829.75,96,4.564
DM-15-02-04-01,2026-08-14,101.5,3754.0,96,0.0
DM-15-02-04-01,2026-08-15,111.75,3932.75,96,0.0
DM-15-02-04-01,2026-08-16,123.125,3983.5,96,11.146
DM-15-02-05-01,2026-07-25,70.875,2389.5,96,
DM-15-02-05-01,2026-07-26,64.5,2347.0,96,
DM-15-02-05-01,2026-07-27,63.25,2306.75,96,
DM-15-02-05-01,2026-07-28,68.375,2274.25,96,
DM-15-02-05-01,2026-07-29,63.0,2281.25,96,
DM-15-02-05-01,2026-07-30,65.125,2328.5,96,
DM-15-02-05-01,2026-07-31,63.5,2354.25,96,
DM-15-02-05-01,2026-08-01,65.75,2374.75,96,
DM-15-02-05-01,2026-08-02,64.625,2394.0,96,
DM-15-02-05-01,2026-08-03,68.875,2544.75,96,
DM-15-02-05-01,2026-08-04,65.875,2499.0,96,
DM-15-02-05-01,2026-08-05,67.875,2475.0,96,
DM-15-02-05-01,2026-08-06,72.875,2441.5,96,
DM-15-02-05-01,2026-08-07,59.125,2452.25,96,
DM-15-02-05-01,2026-08-08,70.375,2347.5,96,2.693
DM-15-02-05-01,2026-08-09,70.25,2296.75,96,5.261
DM-15-02-05-01,2026-08-10,61.5,2412.5,96,0.0
DM-15-02-05-01,2026-08-11,60.625,2434.75,96,0.0
DM-15-02-05-01,2026-08-12,65.375,2337.75,96,0.0
DM-15-02-05-01,2026-08-13,65.375,2484.5,96,0.0
DM-15-02-05-01,2026-08-14,74.875,2602.25,96,7.193
DM-15-02-05-01,2026-08-15,70.75,2456.5,96,10.261
DM-15-02-05-01,2026-08-16,67.25,2426.75,96,9.829
DM-15-03-01-01,2026-07-25,111.25,4187.75,96,
DM-15-03-01-01,2026-07-26,111.5,4142.0,96,
DM-15-03-01-01,2026-07-27,113.75,4084.75,96,
DM-15-03-01-01,2026-07-28,115.875,3996.75,96,
DM-15-03-01-01,2026-07-29,117.5,4061.5,96,
DM-15-03-01-01,2026-07-30,112.625,3983.75,96,
DM-15-03-01-01,2026-07-31,113.875,4012.25,96,
DM-15-03-01-01,2026-08-01,120.125,4222.25,96,
DM-15-03-01-01,2026-08-02,124.625,4200.5,96,
DM-15-03-01-01,2026-08-03,110.625,4045.75,96,
DM-15-03-01-01,2026-08-04,110.625,4076.5,96,
DM-15-03-01-01,2026-08-05,113.375,4016.0,96,
DM-15-03-01-01,2026-08-06,109.375,3713.5,96,
DM-15-03-01-01,2026-08-07,114.375,3918.5,96,
DM-15-03-01-01,2026-08-08,103.5,3915.0,96,0.0
DM-15-03-01-01,2026-08-09,103.875,4056.75,96,0.0
DM-15-03-01-01,2026-08-10,103.125,3858.75,96,0.0
DM-15-03-01-01,2026-08-11,104.0,3767.75,96,0.0
DM-15-03-01-01,2026-08-12,109.125,4002.5,96,0.0
DM-15-03-01-01,2026-08-13,108.75,3933.25,96,0.0
DM-15-03-01-01,2026-08-14,107.75,3952.75,96,0.0
DM-15-03-01-01,2026-08-15,105.0,4023.25,96,0.0
DM-15-03-01-01,2026-08-16,107.75,4123.0,96,0.0
DM-15-03-04-01,2026-07-25,139.375,4792.0,96,
DM-15-03-04-01,2026-07-26,134.5,4682.25,96,
DM-15-03-04-01,2026-07-27,136.875,4233.25,96,
DM-15-03-04-01,2026-07-28,122.0,4110.0,96,
DM-15-03-04-01,2026-07-29,132.0,4050.25,96,
DM-15-03-04-01,2026-07-30,131.625,4299.25,96,
DM-15-03-04-01,2026-07-31,125.125,4127.25,96,
DM-15-03-04-01,2026-08-01,128.375,4320.25,96,
DM-15-03-04-01,2026-08-02,138.125,4436.5,96,
DM-15-03-04-01,2026-08-03,139.875,4335.75,96,
DM-15-03-04-01,2026-08-04,142.625,4346.75,96,
DM-15-03-04-01,2026-08-05,139.875,4273.5,96,
DM-15-03-04-01,2026-08-06,137.5,4219.25,96,
DM-15-03-04-01,2026-08-07,158.375,4275.0,96,
DM-15-03-04-01,2026-08-08,142.375,4720.5,96,1.982
DM-15-03-04-01,2026-08-09,142.625,4444.25,96,4.215
DM-15-03-04-01,2026-08-10,132.75,4223.75,96,0.0
DM-15-03-04-01,2026-08-11,136.25,3921.5,96,0.0
DM-15-03-04-01,2026-08-12,132.75,4253.5,96,0.0
DM-15-03-04-01,2026-08-13,135.625,4282.5,96,0.0
DM-15-03-04-01,2026-08-14,130.125,4186.5,96,0.0
DM-15-03-04-01,2026-08-15,139.875,4564.5,96,0.0
DM-15-03-04-01,2026-08-16,130.75,4428.0,96,0.0
DM-15-03-06-01,2026-07-25,61.0,2732.5,96,
DM-15-03-06-01,2026-07-26,55.625,2694.5,96,
DM-15-03-06-01,2026-07-27,57.0,2595.0,96,
DM-15-03-06-01,2026-07-28,55.625,2477.75,96,
DM-15-03-06-01,2026-07-29,55.0,2501.75,96,
DM-15-03-06-01,2026-07-30,69.875,2675.5,96,
DM-15-03-06-01,2026-07-31,56.0,2548.25,96,
DM-15-03-06-01,2026-08-01,58.0,2634.0,96,
DM-15-03-06-01,2026-08-02,56.875,2830.25,96,
DM-15-03-06-01,2026-08-03,56.75,2687.5,96,
DM-15-03-06-01,2026-08-04,56.875,2694.25,96,
DM-15-03-06-01,2026-08-05,58.625,2606.5,96,
DM-15-03-06-01,2026-08-06,70.875,2653.75,96,
DM-15-03-06-01,2026-08-07,60.5,2664.5,96,
DM-15-03-06-01,2026-08-08,58.75,2737.0,96,0.0
DM-15-03-06-01,2026-08-09,55.75,2741.0,96,0.0
DM-15-03-06-01,2026-08-10,56.0,2635.5,96,0.0
DM-15-03-06-01,2026-08-11,56.25,2561.25,96,0.0
DM-15-03-06-01,2026-08-12,56.625,2755.75,96,0.0
DM-15-03-06-01,2026-08-13,61.625,2675.0,96,0.002
DM-15-03-06-01,2026-08-14,55.875,2630.0,96,0.0
DM-15-03-06-01,2026-08-15,65.0,2821.75,96,3.377
DM-15-03-06-01,2026-08-16,57.0,2712.5,96,0.0
DM-15-04-01-01,2026-07-25,36.875,1777.5,96,
DM-15-04-01-01,2026-07-26,36.125,1760.5,96,
DM-15-04-01-01,2026-07-27,26.0,1668.75,96,
DM-15-04-01-01,2026-07-28,24.75,1602.75,96,
DM-15-04-01-01,2026-07-29,24.875,1608.75,96,
DM-15-04-01-01,2026-07-30,43.375,1761.0,96,
DM-15-04-01-01,2026-07-31,41.375,1635.25,96,
DM-15-04-01-01,2026-08-01,42.25,1872.25,96,
DM-15-04-01-01,2026-08-02,36.625,1737.5,96,
DM-15-04-01-01,2026-08-03,47.75,1802.0,96,
DM-15-04-01-01,2026-08-04,28.375,1640.25,96,
DM-15-04-01-01,2026-08-05,31.25,1698.75,96,
DM-15-04-01-01,2026-08-06,30.0,1753.25,96,
DM-15-04-01-01,2026-08-07,42.625,1671.0,96,
DM-15-04-01-01,2026-08-08,28.125,1668.25,96,0.0
DM-15-04-01-01,2026-08-09,37.125,1655.0,96,0.0
DM-15-04-01-01,2026-08-10,25.375,1649.25,96,0.0
DM-15-04-01-01,2026-08-11,39.0,1678.0,96,0.149
DM-15-04-01-01,2026-08-12,27.5,1703.0,96,0.0
DM-15-04-01-01,2026-08-13,29.125,1729.5,96,0.0
DM-15-04-01-01,2026-08-14,27.75,1727.25,96,0.0
DM-15-04-01-01,2026-08-15,27.75,1759.75,96,0.0
DM-15-04-01-01,2026-08-16,26.875,1625.75,96,0.0
DM-15-04-02-01,2026-07-25,52.875,2119.25,96,
DM-15-04-02-01,2026-07-26,49.125,2140.75,96,
DM-15-04-02-01,2026-07-27,52.875,2132.25,96,
DM-15-04-02-01,2026-07-28,54.5,2096.25,96,
DM-15-04-02-01,2026-07-29,49.75,2048.25,96,
DM-15-04-02-01,2026-07-30,49.875,2106.25,96,
DM-15-04-02-01,2026-07-31,51.625,2077.0,96,
DM-15-04-02-01,2026-08-01,40.125,1810.5,96,
DM-15-04-02-01,2026-08-02,43.0,1865.25,96,
DM-15-04-02-01,2026-08-03,39.5,1907.75,96,
DM-15-04-02-01,2026-08-04,40.375,1875.0,96,
DM-15-04-02-01,2026-08-05,41.125,1837.25,96,
DM-15-04-02-01,2026-08-06,37.875,1843.5,96,
DM-15-04-02-01,2026-08-07,40.5,1846.75,96,
DM-15-04-02-01,2026-08-08,42.0,1840.75,96,0.0
DM-15-04-02-01,2026-08-09,39.25,1815.75,96,0.0
DM-15-04-02-01,2026-08-10,41.0,1847.75,96,0.0
DM-15-04-02-01,2026-08-11,42.375,1845.5,96,0.0
DM-15-04-02-01,2026-08-12,39.5,1864.75,96,0.0
DM-15-04-02-01,2026-08-13,41.375,1872.75,96,0.0
DM-15-04-02-01,2026-08-14,42.375,1948.75,96,0.0
DM-15-04-02-01,2026-08-15,42.875,1888.0,96,0.0
DM-15-04-02-01,2026-08-16,43.125,1879.5,96,0.0
DM-15-04-03-01,2026-07-25,165.0,7542.5,96,
DM-15-04-03-01,2026-07-26,158.25,7504.0,96,
DM-15-04-03-01,2026-07-27,165.375,7410.75,96,
DM-15-04-03-01,2026-07-28,166.125,7546.5,96,
DM-15-04-03-01,2026-07-29,150.25,7431.25,96,
DM-15-04-03-01,2026-07-30,164.75,7530.25,96,
DM-15-04-03-01,2026-07-31,156.375,7373.75,96,
DM-15-04-03-01,2026-08-01,158.25,7534.5,96,
DM-15-04-03-01,2026-08-02,149.0,7474.25,96,
DM-15-04-03-01,2026-08-03,153.625,7393.75,96,
DM-15-04-03-01,2026-08-04,166.0,7475.0,96,
DM-15-04-03-01,2026-08-05,173.625,7429.0,96,
DM-15-04-03-01,2026-08-06,165.375,7435.75,96,
DM-15-04-03-01,2026-08-07,160.75,7391.25,96,
DM-15-04-03-01,2026-08-08,172.0,7416.25,96,7.737
DM-15-04-03-01,2026-08-09,152.375,7346.75,96,0.0
DM-15-04-03-01,2026-08-10,155.125,7246.75,96,0.0
DM-15-04-03-01,2026-08-11,148.75,7258.0,96,0.0
DM-15-04-03-01,2026-08-12,164.75,7491.75,96,0.487
DM-15-04-03-01,2026-08-13,169.0,7415.25,96,5.223
DM-15-04-03-01,2026-08-14,161.0,7379.5,96,1.96
DM-15-04-03-01,2026-08-15,161.25,7475.5,96,0.0
DM-15-04-03-01,2026-08-16,157.125,7578.0,96,0.0
DM-15-05-01-01,2026-07-25,25.125,1221.25,96,
DM-15-05-01-01,2026-07-26,24.375,1219.5,96,
DM-15-05-01-01,2026-07-27,26.5,1153.5,96,
DM-15-05-01-01,2026-07-28,24.75,1154.75,96,
DM-15-05-01-01,2026-07-29,24.75,1167.0,96,
DM-15-05-01-01,2026-07-30,26.875,1187.25,96,
DM-15-05-01-01,2026-07-31,24.375,1134.0,96,
DM-15-05-01-01,2026-08-01,26.25,1190.0,96,
DM-15-05-01-01,2026-08-02,24.375,1207.75,96,
DM-15-05-01-01,2026-08-03,24.125,1192.0,96,
DM-15-05-01-01,2026-08-04,23.625,1187.5,96,
DM-15-05-01-01,2026-08-05,25.625,1184.25,96,
DM-15-05-01-01,2026-08-06,26.375,1211.0,96,
DM-15-05-01-01,2026-08-07,25.0,1184.75,96,
DM-15-05-01-01,2026-08-08,26.875,1254.25,96,1.237
DM-15-05-01-01,2026-08-09,27.125,1248.25,96,2.723
DM-15-05-01-01,2026-08-10,27.125,1198.5,96,4.21
DM-15-05-01-01,2026-08-11,24.5,1156.5,96,3.072
DM-15-05-01-01,2026-08-12,23.25,1194.5,96,0.683
DM-15-05-01-01,2026-08-13,24.375,1187.5,96,0.0
DM-15-05-01-01,2026-08-14,23.125,1179.0,96,0.0
DM-15-05-01-01,2026-08-15,24.625,1288.75,96,0.0
DM-15-05-01-01,2026-08-16,29.25,1312.75,96,3.612
DM-15-05-02-01,2026-07-25,129.875,5748.5,96,
DM-15-05-02-01,2026-07-26,145.25,6500.5,96,
DM-15-05-02-01,2026-07-27,152.0,6162.25,96,
DM-15-05-02-01,2026-07-28,135.25,5919.25,96,
DM-15-05-02-01,2026-07-29,128.5,5856.25,96,
DM-15-05-02-01,2026-07-30,138.0,6088.75,96,
DM-15-05-02-01,2026-07-31,135.25,5930.5,96,
DM-15-05-02-01,2026-08-01,134.625,6253.0,96,
DM-15-05-02-01,2026-08-02,142.0,6415.25,96,
DM-15-05-02-01,2026-08-03,141.875,6300.75,96,
DM-15-05-02-01,2026-08-04,151.0,6262.0,96,
DM-15-05-02-01,2026-08-05,137.125,6143.75,96,
DM-15-05-02-01,2026-08-06,140.25,6161.75,96,
DM-15-05-02-01,2026-08-07,133.625,6080.25,96,
DM-15-05-02-01,2026-08-08,154.5,6284.75,96,12.205
DM-15-05-02-01,2026-08-09,142.875,6334.75,96,12.784
DM-15-05-02-01,2026-08-10,150.625,6177.5,96,21.114
DM-15-05-02-01,2026-08-11,133.875,6082.0,96,12.693
DM-15-05-02-01,2026-08-12,149.5,6357.75,96,19.898
DM-15-05-02-01,2026-08-13,153.0,6244.25,96,30.602
DM-15-05-02-01,2026-08-14,140.75,6253.0,96,29.057
DM-15-05-02-01,2026-08-15,145.0,6342.25,96,31.762
DM-15-05-02-01,2026-08-16,126.0,5693.0,96,15.466
DM-15-05-04-01,2026-07-25,64.625,3127.25,96,
DM-15-05-04-01,2026-07-26,73.125,3203.25,96,
DM-15-05-04-01,2026-07-27,61.875,2976.25,96,
DM-15-05-04-01,2026-07-28,68.125,2951.75,96,
DM-15-05-04-01,2026-07-29,59.75,2975.0,96,
DM-15-05-04-01,2026-07-30,63.0,2993.5,96,
DM-15-05-04-01,2026-07-31,61.0,2913.0,96,
DM-15-05-04-01,2026-08-01,70.625,3056.75,96,
DM-15-05-04-01,2026-08-02,61.125,3178.5,96,
DM-15-05-04-01,2026-08-03,73.5,3105.75,96,
DM-15-05-04-01,2026-08-04,62.125,3007.25,96,
DM-15-05-04-01,2026-08-05,63.75,2945.5,96,
DM-15-05-04-01,2026-08-06,66.75,3013.0,96,
DM-15-05-04-01,2026-08-07,64.125,2968.5,96,
DM-15-05-04-01,2026-08-08,59.5,3048.25,96,0.0
DM-15-05-04-01,2026-08-09,61.125,3077.5,96,0.0
DM-15-05-04-01,2026-08-10,64.375,2970.5,96,0.0
DM-15-05-04-01,2026-08-11,61.875,2888.25,96,0.0
DM-15-05-04-01,2026-08-12,57.875,3107.5,96,0.0
DM-15-05-04-01,2026-08-13,73.125,2965.5,96,5.7
DM-15-05-04-01,2026-08-14,61.75,2989.75,96,0.025
DM-15-05-04-01,2026-08-15,64.0,3160.0,96,0.0
DM-15-05-04-01,2026-08-16,71.625,3184.25,96,4.2
DM-15-06-01-01,2026-07-25,145.625,5436.25,96,
DM-15-06-01-01,2026-07-26,154.625,5363.75,96,
DM-15-06-01-01,2026-07-27,159.125,5190.25,96,
DM-15-06-01-01,2026-07-28,147.25,5276.75,96,
DM-15-06-01-01,2026-07-29,154.875,5210.5,96,
DM-15-06-01-01,2026-07-30,146.75,5345.75,96,
DM-15-06-01-01,2026-07-31,147.375,5233.5,96,
DM-15-06-01-01,2026-08-01,147.25,5378.0,96,
DM-15-06-01-01,2026-08-02,155.5,5406.5,96,
DM-15-06-01-01,2026-08-03,144.375,5383.25,96,
DM-15-06-01-01,2026-08-04,153.5,5273.5,96,
DM-15-06-01-01,2026-08-05,147.5,5290.5,96,
DM-15-06-01-01,2026-08-06,148.125,5234.25,96,
DM-15-06-01-01,2026-08-07,129.0,5274.25,96,
DM-15-06-01-01,2026-08-08,158.25,5531.0,96,6.134
DM-15-06-01-01,2026-08-09,151.375,5507.75,96,5.393
DM-15-06-01-01,2026-08-10,164.5,5393.5,96,17.778
DM-15-06-01-01,2026-08-11,134.5,5255.75,96,0.162
DM-15-06-01-01,2026-08-12,148.125,5552.75,96,0.0
DM-15-06-01-01,2026-08-13,158.625,5305.5,96,6.509
DM-15-06-01-01,2026-08-14,115.75,5102.0,96,0.0
DM-15-06-01-01,2026-08-15,144.375,5412.25,96,0.0
DM-15-06-01-01,2026-08-16,141.375,5431.25,96,0.0
DM-15-06-03-01,2026-07-25,166.75,6439.75,96,
DM-15-06-03-01,2026-07-26,153.0,6401.5,96,
DM-15-06-03-01,2026-07-27,147.375,6008.75,96,
DM-15-06-03-01,2026-07-28,149.625,6145.75,96,
DM-15-06-03-01,2026-07-29,157.625,6114.75,96,
DM-15-06-03-01,2026-07-30,158.25,6288.5,96,
DM-15-06-03-01,2026-07-31,153.0,5850.25,96,
DM-15-06-03-01,2026-08-01,150.625,6190.25,96,
DM-15-06-03-01,2026-08-02,157.125,6444.25,96,
DM-15-06-03-01,2026-08-03,165.5,6114.0,96,
DM-15-06-03-01,2026-08-04,147.625,6064.5,96,
DM-15-06-03-01,2026-08-05,156.125,6059.25,96,
DM-15-06-03-01,2026-08-06,163.75,5795.0,96,
DM-15-06-03-01,2026-08-07,75.0,5651.0,96,
DM-15-06-03-01,2026-08-08,159.25,6480.25,96,0.0
DM-15-06-03-01,2026-08-09,164.625,6370.5,96,3.687
DM-15-06-03-01,2026-08-10,155.875,6117.75,96,0.0
DM-15-06-03-01,2026-08-11,152.75,6003.25,96,0.0
DM-15-06-03-01,2026-08-12,149.5,6500.25,96,0.0
DM-15-06-03-01,2026-08-13,161.375,6160.25,96,0.437
DM-15-06-03-01,2026-08-14,170.875,6254.5,96,10.374
DM-15-06-03-01,2026-08-15,171.5,6631.5,96,20.935
DM-15-06-03-01,2026-08-16,162.0,6540.0,96,21.997
DM-15-06-04-01,2026-07-25,69.25,3701.75,96,
DM-15-06-04-01,2026-07-26,68.625,3764.25,96,
DM-15-06-04-01,2026-07-27,66.875,3444.0,96,
DM-15-06-04-01,2026-07-28,71.0,3467.25,96,
DM-15-06-04-01,2026-07-29,70.125,3430.75,96,
DM-15-06-04-01,2026-07-30,68.5,3483.25,96,
DM-15-06-04-01,2026-07-31,70.125,3389.25,96,
DM-15-06-04-01,2026-08-01,71.25,3629.75,96,
DM-15-06-04-01,2026-08-02,70.0,3732.5,96,
DM-15-06-04-01,2026-08-03,71.125,3614.75,96,
DM-15-06-04-01,2026-08-04,68.0,3508.75,96,
DM-15-06-04-01,2026-08-05,69.75,3416.25,96,
DM-15-06-04-01,2026-08-06,71.0,3422.0,96,
DM-15-06-04-01,2026-08-07,60.25,3362.5,96,
DM-15-06-04-01,2026-08-08,71.375,3583.75,96,1.02
DM-15-06-04-01,2026-08-09,69.875,3620.75,96,0.54
DM-15-06-04-01,2026-08-10,66.25,3355.0,96,0.0
DM-15-06-04-01,2026-08-11,65.75,3331.25,96,0.0
DM-15-06-04-01,2026-08-12,70.625,3564.75,96,0.27
DM-15-06-04-01,2026-08-13,67.75,3465.0,96,0.0
DM-15-06-04-01,2026-08-14,69.125,3480.0,96,0.0
DM-15-06-04-01,2026-08-15,70.25,3677.5,96,0.0
DM-15-06-04-01,2026-08-16,68.875,3676.5,96,0.0
DM-15-06-05-01,2026-07-25,15.438,839.25,96,
DM-15-06-05-01,2026-07-26,15.438,839.25,96,
DM-15-06-05-01,2026-07-27,15.438,839.25,96,
DM-15-06-05-01,2026-07-28,15.438,839.25,96,
DM-15-06-05-01,2026-07-29,15.438,839.25,96,
DM-15-06-05-01,2026-07-30,15.438,839.25,96,
DM-15-06-05-01,2026-07-31,15.438,839.25,96,
DM-15-06-05-01,2026-08-01,15.438,839.25,96,
DM-15-06-05-01,2026-08-02,15.438,839.25,96,
DM-15-06-05-01,2026-08-03,15.438,839.25,96,
DM-15-06-05-01,2026-08-04,15.438,839.25,96,
DM-15-06-05-01,2026-08-05,15.438,839.25,96,
DM-15-06-05-01,2026-08-06,15.438,839.25,96,
DM-15-06-05-01,2026-08-07,15.438,839.25,96,
DM-15-06-05-01,2026-08-08,15.438,839.25,96,0.0
DM-15-06-05-01,2026-08-09,15.438,839.25,96,0.0
DM-15-06-05-01,2026-08-10,15.438,839.25,96,0.0
DM-15-06-05-01,2026-08-11,15.438,839.25,96,0.0
DM-15-06-05-01,2026-08-12,15.438,839.25,96,0.0
DM-15-06-05-01,2026-08-13,15.438,839.25,96,0.0
DM-15-06-05-01,2026-08-14,15.438,839.25,96,0.0
DM-15-06-05-01,2026-08-15,15.438,839.25,96,0.0
DM-15-06-05-01,2026-08-16,15.438,839.25,96,0.0
DM-15-07-02-01,2026-07-25,152.75,6261.25,96,
DM-15-07-02-01,2026-07-26,152.875,6339.25,96,
DM-15-07-02-01,2026-07-27,149.5,5927.0,96,
DM-15-07-02-01,2026-07-28,151.0,6171.0,96,
DM-15-07-02-01,2026-07-29,159.875,6245.5,96,
DM-15-07-02-01,2026-07-30,157.0,6239.25,96,
DM-15-07-02-01,2026-07-31,160.75,6081.75,96,
DM-15-07-02-01,2026-08-01,163.375,6472.5,96,
DM-15-07-02-01,2026-08-02,168.0,6620.0,96,
DM-15-07-02-01,2026-08-03,160.75,6288.0,96,
DM-15-07-02-01,2026-08-04,158.625,6211.25,96,
DM-15-07-02-01,2026-08-05,161.875,6232.25,96,
DM-15-07-02-01,2026-08-06,167.875,6232.25,96,
DM-15-07-02-01,2026-08-07,141.0,5845.25,96,
DM-15-07-02-01,2026-08-08,147.0,6156.5,96,0.0
DM-15-07-02-01,2026-08-09,148.375,6270.5,96,0.0
DM-15-07-02-01,2026-08-10,148.25,5915.75,96,0.0
DM-15-07-02-01,2026-08-11,143.25,5867.75,96,0.0
DM-15-07-02-01,2026-08-12,156.625,6337.0,96,0.0
DM-15-07-02-01,2026-08-13,158.625,6117.0,96,0.0
DM-15-07-02-01,2026-08-14,158.25,6174.25,96,0.0
DM-15-07-02-01,2026-08-15,163.5,6893.0,96,2.391
DM-15-07-02-01,2026-08-16,196.5,7426.0,96,37.782
DM-15-07-05-01,2026-07-25,54.0,2161.5,96,
DM-15-07-05-01,2026-07-26,50.0,2183.0,96,
DM-15-07-05-01,2026-07-27,49.0,2012.5,96,
DM-15-07-05-01,2026-07-28,48.25,2049.25,96,
DM-15-07-05-01,2026-07-29,50.625,2080.75,96,
DM-15-07-05-01,2026-07-30,52.25,2085.75,96,
DM-15-07-05-01,2026-07-31,49.625,1977.0,96,
DM-15-07-05-01,2026-08-01,49.625,2136.25,96,
DM-15-07-05-01,2026-08-02,53.875,2205.75,96,
DM-15-07-05-01,2026-08-03,51.875,2075.0,96,
DM-15-07-05-01,2026-08-04,48.75,2041.0,96,
DM-15-07-05-01,2026-08-05,50.625,2027.0,96,
DM-15-07-05-01,2026-08-06,51.25,1930.0,96,
DM-15-07-05-01,2026-08-07,21.875,1893.0,96,
DM-15-07-05-01,2026-08-08,54.125,2168.5,96,1.623
DM-15-07-05-01,2026-08-09,50.875,2073.75,96,0.0
DM-15-07-05-01,2026-08-10,49.75,2033.75,96,0.0
DM-15-07-05-01,2026-08-11,48.125,2012.5,96,0.0
DM-15-07-05-01,2026-08-12,46.125,2107.25,96,0.0
DM-15-07-05-01,2026-08-13,50.375,2031.0,96,0.0
DM-15-07-05-01,2026-08-14,54.0,2077.5,96,1.498
DM-15-07-05-01,2026-08-15,57.0,2197.0,96,5.996
DM-15-07-05-01,2026-08-16,52.625,2135.75,96,6.12
DM-15-08-01-01,2026-07-25,27.875,1130.5,96,
DM-15-08-01-01,2026-07-26,26.625,1134.75,96,
DM-15-08-01-01,2026-07-27,27.125,1080.5,96,
DM-15-08-01-01,2026-07-28,28.25,1104.25,96,
DM-15-08-01-01,2026-07-29,26.5,1093.5,96,
DM-15-08-01-01,2026-07-30,26.375,1096.25,96,
DM-15-08-01-01,2026-07-31,26.75,1077.5,96,
DM-15-08-01-01,2026-08-01,28.75,1148.0,96,
DM-15-08-01-01,2026-08-02,28.625,1140.5,96,
DM-15-08-01-01,2026-08-03,28.0,1087.75,96,
DM-15-08-01-01,2026-08-04,28.25,1095.25,96,
DM-15-08-01-01,2026-08-05,28.25,1095.25,96,
DM-15-08-01-01,2026-08-06,28.75,1087.5,96,
DM-15-08-01-01,2026-08-07,25.5,1117.0,96,
DM-15-08-01-01,2026-08-08,29.0,1157.5,96,0.952
DM-15-08-01-01,2026-08-09,28.0,1135.25,96,0.904
DM-15-08-01-01,2026-08-10,27.0,1074.0,96,0.0
DM-15-08-01-01,2026-08-11,27.25,1077.0,96,0.0
DM-15-08-01-01,2026-08-12,28.625,1157.5,96,0.577
DM-15-08-01-01,2026-08-13,28.0,1103.75,96,0.529
DM-15-08-01-01,2026-08-14,29.875,1130.75,96,2.357
DM-15-08-01-01,2026-08-15,29.25,1193.0,96,3.559
DM-15-08-01-01,2026-08-16,29.625,1167.75,96,5.136
DM-15-09-01-01,2026-07-25,129.375,5411.25,96,
DM-15-09-01-01,2026-07-26,129.25,5234.75,96,
DM-15-09-01-01,2026-07-27,126.375,5467.75,96,
DM-15-09-01-01,2026-07-28,133.5,4964.5,96,
DM-15-09-01-01,2026-07-29,128.375,5445.5,96,
DM-15-09-01-01,2026-07-30,120.5,5561.75,96,
DM-15-09-01-01,2026-07-31,130.625,5280.25,96,
DM-15-09-01-01,2026-08-01,127.0,5233.75,96,
DM-15-09-01-01,2026-08-02,138.75,5233.0,96,
DM-15-09-01-01,2026-08-03,124.0,5667.5,96,
DM-15-09-01-01,2026-08-04,129.375,5384.75,96,
DM-15-09-01-01,2026-08-05,131.875,5500.0,96,
DM-15-09-01-01,2026-08-06,126.75,5606.5,96,
DM-15-09-01-01,2026-08-07,118.75,5518.0,96,
DM-15-09-01-01,2026-08-08,123.75,5214.0,96,0.0
DM-15-09-01-01,2026-08-09,121.25,5157.0,96,0.0
DM-15-09-01-01,2026-08-10,127.375,5524.5,96,0.0
DM-15-09-01-01,2026-08-11,126.625,5280.25,96,0.0
DM-15-09-01-01,2026-08-12,119.875,5030.0,96,0.0
DM-15-09-01-01,2026-08-13,142.0,5583.75,96,11.373
DM-15-09-01-01,2026-08-14,135.875,5489.75,96,16.621
DM-15-09-01-01,2026-08-15,120.875,5377.5,96,6.868
DM-15-09-01-01,2026-08-16,122.375,5268.25,96,0.0
DM-15-09-01-02,2026-07-25,14.625,994.0,96,
DM-15-09-01-02,2026-07-26,15.0,1041.75,96,
DM-15-09-01-02,2026-07-27,15.5,1001.25,96,
DM-15-09-01-02,2026-07-28,14.375,898.75,96,
DM-15-09-01-02,2026-07-29,16.25,953.75,96,
DM-15-09-01-02,2026-07-30,14.5,945.5,96,
DM-15-09-01-02,2026-07-31,17.375,919.25,96,
DM-15-09-01-02,2026-08-01,16.25,1021.75,96,
DM-15-09-01-02,2026-08-02,15.0,1014.5,96,
DM-15-09-01-02,2026-08-03,15.125,1038.75,96,
DM-15-09-01-02,2026-08-04,16.875,1027.25,96,
DM-15-09-01-02,2026-08-05,15.25,973.25,96,
DM-15-09-01-02,2026-08-06,15.5,937.0,96,
DM-15-09-01-02,2026-08-07,16.875,936.0,96,
DM-15-09-01-02,2026-08-08,18.25,1007.0,96,2.18
DM-15-09-01-02,2026-08-09,13.875,974.5,96,0.0
DM-15-09-01-02,2026-08-10,15.125,976.75,96,0.0
DM-15-09-01-02,2026-08-11,17.625,957.5,96,1.555
DM-15-09-01-02,2026-08-12,15.25,986.75,96,0.735
DM-15-09-01-02,2026-08-13,14.375,943.0,96,0.0
DM-15-09-01-02,2026-08-14,14.875,986.5,96,0.0
DM-15-09-01-02,2026-08-15,14.75,1004.75,96,0.0
DM-15-09-01-02,2026-08-16,14.75,964.5,96,0.0
DM-15-09-02-01,2026-07-25,173.625,4355.0,96,
DM-15-09-02-01,2026-07-26,166.875,4832.75,96,
DM-15-09-02-01,2026-07-27,126.5,4129.0,96,
DM-15-09-02-01,2026-07-28,153.0,4336.25,96,
DM-15-09-02-01,2026-07-29,256.5,4938.0,96,
DM-15-09-02-01,2026-07-30,156.125,4928.0,96,
DM-15-09-02-01,2026-07-31,133.875,4005.0,96,
DM-15-09-02-01,2026-08-01,162.5,4530.5,96,
DM-15-09-02-01,2026-08-02,160.0,4606.5,96,
DM-15-09-02-01,2026-08-03,149.0,4251.0,96,
DM-15-09-02-01,2026-08-04,243.125,4635.0,96,
DM-15-09-02-01,2026-08-05,145.125,4628.25,96,
DM-15-09-02-01,2026-08-06,151.0,4300.75,96,
DM-15-09-02-01,2026-08-07,226.75,4796.0,96,
DM-15-09-02-01,2026-08-08,208.75,4552.5,96,17.539
DM-15-09-02-01,2026-08-09,146.875,4630.25,96,0.0
DM-15-09-02-01,2026-08-10,237.875,4551.5,96,46.664
DM-15-09-02-01,2026-08-11,235.625,4931.0,96,91.077
DM-15-09-02-01,2026-08-12,138.625,3879.0,96,38.491
DM-15-09-02-01,2026-08-13,156.375,3507.5,96,3.655
DM-15-09-02-01,2026-08-14,237.5,4636.25,96,49.943
DM-15-09-02-01,2026-08-15,234.625,4999.5,96,93.357
DM-15-09-02-01,2026-08-16,148.875,3998.0,96,51.02
DM-15-09-03-02,2026-07-25,96.125,4193.0,96,
DM-15-09-03-02,2026-07-26,90.75,4079.5,96,
DM-15-09-03-02,2026-07-27,91.25,3911.0,96,
DM-15-09-03-02,2026-07-28,89.625,3794.0,96,
DM-15-09-03-02,2026-07-29,90.875,3946.25,96,
DM-15-09-03-02,2026-07-30,90.625,4046.75,96,
DM-15-09-03-02,2026-07-31,98.625,4036.0,96,
DM-15-09-03-02,2026-08-01,92.75,4118.0,96,
DM-15-09-03-02,2026-08-02,94.875,4153.0,96,
DM-15-09-03-02,2026-08-03,104.0,4136.0,96,
DM-15-09-03-02,2026-08-04,103.5,4117.25,96,
DM-15-09-03-02,2026-08-05,106.875,4036.5,96,
DM-15-09-03-02,2026-08-06,100.75,3965.25,96,
DM-15-09-03-02,2026-08-07,72.25,3816.25,96,
DM-15-09-03-02,2026-08-08,95.125,4005.5,96,0.0
DM-15-09-03-02,2026-08-09,89.5,4046.0,96,0.0
DM-15-09-03-02,2026-08-10,99.625,3852.0,96,0.998
DM-15-09-03-02,2026-08-11,87.125,3886.75,96,0.0
DM-15-09-03-02,2026-08-12,92.0,3992.75,96,0.0
DM-15-09-03-02,2026-08-13,97.25,3832.0,96,0.0
DM-15-09-03-02,2026-08-14,91.25,3924.75,96,0.0
DM-15-09-03-02,2026-08-15,107.375,4146.5,96,8.748
DM-15-09-03-02,2026-08-16,91.625,4039.25,96,1.746
DM-16-02-01-01,2026-07-25,111.75,3743.5,96,
DM-16-02-01-01,2026-07-26,110.0,3757.25,96,
DM-16-02-01-01,2026-07-27,111.625,3625.25,96,
DM-16-02-01-01,2026-07-28,112.25,3687.75,96,
DM-16-02-01-01,2026-07-29,113.375,3726.75,96,
DM-16-02-01-01,2026-07-30,113.25,3707.75,96,
DM-16-02-01-01,2026-07-31,110.875,3524.5,96,
DM-16-02-01-01,2026-08-01,111.25,3660.5,96,
DM-16-02-01-01,2026-08-02,112.25,3718.25,96,
DM-16-02-01-01,2026-08-03,113.25,3613.0,96,
DM-16-02-01-01,2026-08-04,138.125,3549.0,96,
DM-16-02-01-01,2026-08-05,165.25,3416.75,96,
DM-16-02-01-01,2026-08-06,167.75,3691.25,96,
DM-16-02-01-01,2026-08-07,173.75,3629.75,96,
DM-16-02-01-01,2026-08-08,172.875,3631.75,96,35.107
DM-16-02-01-01,2026-08-09,146.75,3462.0,96,44.088
DM-16-02-01-01,2026-08-10,113.688,3702.12,96,20.007
DM-16-02-01-01,2026-08-11,113.688,3702.12,96,0.0
DM-16-02-01-01,2026-08-12,120.0,3789.75,96,0.0
DM-16-02-01-01,2026-08-13,119.75,3650.25,96,0.0
DM-16-02-01-01,2026-08-14,119.625,3637.5,96,0.0
DM-16-02-01-01,2026-08-15,114.0,3719.25,96,0.0
DM-16-02-01-01,2026-08-16,117.0,3725.75,96,0.0
DM-16-02-01-02,2026-07-25,81.625,2732.5,96,
DM-16-02-01-02,2026-07-26,80.625,2713.0,96,
DM-16-02-01-02,2026-07-27,79.0,2618.75,96,
DM-16-02-01-02,2026-07-28,79.375,2670.25,96,
DM-16-02-01-02,2026-07-29,82.375,2689.5,96,
DM-16-02-01-02,2026-07-30,80.0,2673.25,96,
DM-16-02-01-02,2026-07-31,80.25,2555.25,96,
DM-16-02-01-02,2026-08-01,79.75,2655.5,96,
DM-16-02-01-02,2026-08-02,82.5,2701.75,96,
DM-16-02-01-02,2026-08-03,81.125,2620.0,96,
DM-16-02-01-02,2026-08-04,80.0,2584.0,96,
DM-16-02-01-02,2026-08-05,79.75,2533.75,96,
DM-16-02-01-02,2026-08-06,80.375,2500.25,96,
DM-16-02-01-02,2026-08-07,62.5,2498.25,96,
DM-16-02-01-02,2026-08-08,80.125,2666.5,96,0.0
DM-16-02-01-02,2026-08-09,77.375,2651.0,96,0.0
DM-16-02-01-02,2026-08-10,79.0,2537.5,96,0.0
DM-16-02-01-02,2026-08-11,76.5,2514.75,96,0.0
DM-16-02-01-02,2026-08-12,77.5,2743.5,96,0.0
DM-16-02-01-02,2026-08-13,79.875,2633.25,96,0.0
DM-16-02-01-02,2026-08-14,79.75,2612.75,96,0.0
DM-16-02-01-02,2026-08-15,82.125,2698.75,96,0.518
DM-16-02-01-02,2026-08-16,81.25,2712.5,96,0.161
DM-16-02-02-01,2026-07-25,42.75,1904.25,96,
DM-16-02-02-01,2026-07-26,44.5,1880.5,96,
DM-16-02-02-01,2026-07-27,41.875,1781.5,96,
DM-16-02-02-01,2026-07-28,36.625,1768.0,96,
DM-16-02-02-01,2026-07-29,41.75,1817.25,96,
DM-16-02-02-01,2026-07-30,38.0,1813.0,96,
DM-16-02-02-01,2026-07-31,42.375,1705.25,96,
DM-16-02-02-01,2026-08-01,40.25,1817.75,96,
DM-16-02-02-01,2026-08-02,42.0,1884.0,96,
DM-16-02-02-01,2026-08-03,44.625,1825.25,96,
DM-16-02-02-01,2026-08-04,39.0,1772.5,96,
DM-16-02-02-01,2026-08-05,39.875,1705.0,96,
DM-16-02-02-01,2026-08-06,41.125,1683.75,96,
DM-16-02-02-01,2026-08-07,36.0,1729.0,96,
DM-16-02-02-01,2026-08-08,43.625,1846.25,96,1.583
DM-16-02-02-01,2026-08-09,39.125,1801.5,96,0.0
DM-16-02-02-01,2026-08-10,43.5,1752.25,96,1.458
DM-16-02-02-01,2026-08-11,39.0,1734.0,96,0.0
DM-16-02-02-01,2026-08-12,44.5,1836.25,96,2.458
DM-16-02-02-01,2026-08-13,42.75,1723.5,96,3.166
DM-16-02-02-01,2026-08-14,40.75,1747.75,96,1.874
DM-16-02-02-01,2026-08-15,43.375,1818.5,96,3.207
DM-16-02-02-01,2026-08-16,37.75,1798.5,96,0.0
DM-16-02-02-02,2026-07-25,38.75,1874.0,96,
DM-16-02-02-02,2026-07-26,39.625,1872.0,96,
DM-16-02-02-02,2026-07-27,39.375,1756.5,96,
DM-16-02-02-02,2026-07-28,40.75,1784.75,96,
DM-16-02-02-02,2026-07-29,43.625,1839.5,96,
DM-16-02-02-02,2026-07-30,38.75,1815.5,96,
DM-16-02-02-02,2026-07-31,41.75,1730.25,96,
DM-16-02-02-02,2026-08-01,39.75,1842.5,96,
DM-16-02-02-02,2026-08-02,40.875,1861.75,96,
DM-16-02-02-02,2026-08-03,41.125,1808.5,96,
DM-16-02-02-02,2026-08-04,41.0,1722.0,96,
DM-16-02-02-02,2026-08-05,39.25,1644.75,96,
DM-16-02-02-02,2026-08-06,35.25,1573.5,96,
DM-16-02-02-02,2026-08-07,27.0,1601.0,96,
DM-16-02-02-02,2026-08-08,34.25,1715.5,96,0.0
DM-16-02-02-02,2026-08-09,34.125,1742.0,96,0.0
DM-16-02-02-02,2026-08-10,36.375,1628.5,96,0.0
DM-16-02-02-02,2026-08-11,33.375,1607.0,96,0.0
DM-16-02-02-02,2026-08-12,35.0,1748.75,96,0.0
DM-16-02-02-02,2026-08-13,37.25,1668.75,96,0.0
DM-16-02-02-02,2026-08-14,35.125,1656.75,96,0.0
DM-16-02-02-02,2026-08-15,35.125,1750.25,96,0.0
DM-16-02-02-02,2026-08-16,33.875,1717.5,96,0.0
DM-16-02-03-02,2026-07-25,37.875,2660.5,96,
DM-16-02-03-02,2026-07-26,57.75,2719.0,96,
DM-16-02-03-02,2026-07-27,59.25,2659.75,96,
DM-16-02-03-02,2026-07-28,52.75,2644.0,96,
DM-16-02-03-02,2026-07-29,46.5,2643.75,96,
DM-16-02-03-02,2026-07-30,100.625,3176.75,96,
DM-16-02-03-02,2026-07-31,64.375,2744.75,96,
DM-16-02-03-02,2026-08-01,52.25,2672.5,96,
DM-16-02-03-02,2026-08-02,53.625,2780.75,96,
DM-16-02-03-02,2026-08-03,48.875,2609.0,96,
DM-16-02-03-02,2026-08-04,62.875,2614.25,96,
DM-16-02-03-02,2026-08-05,54.0,2636.5,96,
DM-16-02-03-02,2026-08-06,54.25,2552.25,96,
DM-16-02-03-02,2026-08-07,47.25,2450.5,96,
DM-16-02-03-02,2026-08-08,28.5,2675.25,96,0.0
DM-16-02-03-02,2026-08-09,54.25,2690.5,96,0.0
DM-16-02-03-02,2026-08-10,80.5,2815.75,96,16.966
DM-16-02-03-02,2026-08-11,37.125,2613.25,96,0.0
DM-16-02-03-02,2026-08-12,111.25,3146.25,96,47.716
DM-16-02-03-02,2026-08-13,47.625,2693.5,96,31.807
DM-16-02-03-02,2026-08-14,43.0,2665.5,96,11.272
DM-16-02-03-02,2026-08-15,38.5,2753.0,96,0.0
DM-16-02-03-02,2026-08-16,43.375,2658.5,96,0.0
DM-16-02-04-02,2026-07-25,110.75,4043.75,96,
DM-16-02-04-02,2026-07-26,109.875,4043.25,96,
DM-16-02-04-02,2026-07-27,110.875,3824.75,96,
DM-16-02-04-02,2026-07-28,111.0,3984.5,96,
DM-16-02-04-02,2026-07-29,113.25,4030.75,96,
DM-16-02-04-02,2026-07-30,112.25,4016.75,96,
DM-16-02-04-02,2026-07-31,111.625,3844.0,96,
DM-16-02-04-02,2026-08-01,110.75,4002.0,96,
DM-16-02-04-02,2026-08-02,114.125,4126.0,96,
DM-16-02-04-02,2026-08-03,113.375,3883.0,96,
DM-16-02-04-02,2026-08-04,109.375,3829.75,96,
DM-16-02-04-02,2026-08-05,109.75,3806.75,96,
DM-16-02-04-02,2026-08-06,112.75,3797.5,96,
DM-16-02-04-02,2026-08-07,107.438,3821.12,96,
DM-16-02-04-02,2026-08-08,113.0,4047.75,96,0.895
DM-16-02-04-02,2026-08-09,109.5,3971.25,96,0.0
DM-16-02-04-02,2026-08-10,108.875,3787.25,96,0.0
DM-16-02-04-02,2026-08-11,101.5,3748.5,96,0.0
DM-16-02-04-02,2026-08-12,106.75,3979.5,96,0.0
DM-16-02-04-02,2026-08-13,111.0,3810.75,96,0.0
DM-16-02-04-02,2026-08-14,106.625,3889.0,96,0.0
DM-16-02-04-02,2026-08-15,104.875,3981.62,96,0.0
DM-16-02-04-02,2026-08-16,108.0,3997.0,96,0.0
DM-16-02-05-01,2026-07-25,41.125,2108.5,96,
DM-16-02-05-01,2026-07-26,40.0,2157.25,96,
DM-16-02-05-01,2026-07-27,41.5,1942.75,96,
DM-16-02-05-01,2026-07-28,42.875,2012.25,96,
DM-16-02-05-01,2026-07-29,42.625,2043.25,96,
DM-16-02-05-01,2026-07-30,43.25,2060.75,96,
DM-16-02-05-01,2026-07-31,43.625,1951.5,96,
DM-16-02-05-01,2026-08-01,44.75,2105.25,96,
DM-16-02-05-01,2026-08-02,41.375,2133.0,96,
DM-16-02-05-01,2026-08-03,42.5,2000.75,96,
DM-16-02-05-01,2026-08-04,39.5,1960.0,96,
DM-16-02-05-01,2026-08-05,46.625,1984.0,96,
DM-16-02-05-01,2026-08-06,34.25,1875.5,96,
DM-16-02-05-01,2026-08-07,42.875,1928.25,96,
DM-16-02-05-01,2026-08-08,40.875,2079.25,96,0.0
DM-16-02-05-01,2026-08-09,42.75,2130.0,96,0.0
DM-16-02-05-01,2026-08-10,39.75,1943.75,96,0.0
DM-16-02-05-01,2026-08-11,42.0,1886.25,96,0.0
DM-16-02-05-01,2026-08-12,43.0,2127.0,96,0.0
DM-16-02-05-01,2026-08-13,41.875,1949.75,96,0.0
DM-16-02-05-01,2026-08-14,43.0,1945.5,96,0.0
DM-16-02-05-01,2026-08-15,43.125,2091.0,96,0.0
DM-16-02-05-01,2026-08-16,42.25,2156.0,96,0.0
DM-16-03-02-02,2026-07-25,79.75,2952.75,96,
DM-16-03-02-02,2026-07-26,77.625,2974.25,96,
DM-16-03-02-02,2026-07-27,77.375,2839.0,96,
DM-16-03-02-02,2026-07-28,78.375,2933.0,96,
DM-16-03-02-02,2026-07-29,80.0,2942.25,96,
DM-16-03-02-02,2026-07-30,80.625,2966.5,96,
DM-16-03-02-02,2026-07-31,79.375,2816.5,96,
DM-16-03-02-02,2026-08-01,80.25,2934.25,96,
DM-16-03-02-02,2026-08-02,77.5,2952.75,96,
DM-16-03-02-02,2026-08-03,76.0,2780.75,96,
DM-16-03-02-02,2026-08-04,76.5,2810.75,96,
DM-16-03-02-02,2026-08-05,79.875,2792.0,96,
DM-16-03-02-02,2026-08-06,55.625,2652.5,96,
DM-16-03-02-02,2026-08-07,79.375,2789.25,96,
DM-16-03-02-02,2026-08-08,77.375,2933.75,96,0.0
DM-16-03-02-02,2026-08-09,81.5,2904.25,96,1.433
DM-16-03-02-02,2026-08-10,73.5,2789.0,96,0.0
DM-16-03-02-02,2026-08-11,75.75,2781.5,96,0.0
DM-16-03-02-02,2026-08-12,78.5,2966.75,96,0.0
DM-16-03-02-02,2026-08-13,78.375,2809.25,96,0.0
DM-16-03-02-02,2026-08-14,77.5,2812.0,96,0.0
DM-16-03-02-02,2026-08-15,79.25,2954.75,96,0.0
DM-16-03-02-02,2026-08-16,79.0,2990.5,96,0.0
DM-16-03-03-01,2026-07-25,19.625,919.25,96,
DM-16-03-03-01,2026-07-26,19.625,901.0,96,
DM-16-03-03-01,2026-07-27,20.125,900.75,96,
DM-16-03-03-01,2026-07-28,20.75,900.25,96,
DM-16-03-03-01,2026-07-29,20.0,877.25,96,
DM-16-03-03-01,2026-07-30,19.75,876.25,96,
DM-16-03-03-01,2026-07-31,20.625,805.75,96,
DM-16-03-03-01,2026-08-01,19.0,855.75,96,
DM-16-03-03-01,2026-08-02,19.25,857.25,96,
DM-16-03-03-01,2026-08-03,19.75,831.5,96,
DM-16-03-03-01,2026-08-04,19.375,848.75,96,
DM-16-03-03-01,2026-08-05,19.375,853.25,96,
DM-16-03-03-01,2026-08-06,18.25,789.5,96,
DM-16-03-03-01,2026-08-07,20.125,846.25,96,
DM-16-03-03-01,2026-08-08,19.25,875.5,96,0.0
DM-16-03-03-01,2026-08-09,18.375,827.75,96,0.0
DM-16-03-03-01,2026-08-10,17.75,783.75,96,0.0
DM-16-03-03-01,2026-08-11,17.625,787.25,96,0.0
DM-16-03-03-01,2026-08-12,18.5,837.25,96,0.0
DM-16-03-03-01,2026-08-13,18.125,781.5,96,0.0
DM-16-03-03-01,2026-08-14,17.0,780.25,96,0.0
DM-16-03-03-01,2026-08-15,17.875,867.5,96,0.0
DM-16-03-03-01,2026-08-16,17.5,800.5,96,0.0
DM-16-03-06-01,2026-07-25,132.125,5263.75,96,
DM-16-03-06-01,2026-07-26,114.375,5449.5,96,
DM-16-03-06-01,2026-07-27,199.625,5835.5,96,
DM-16-03-06-01,2026-07-28,113.25,5763.25,96,
DM-16-03-06-01,2026-07-29,143.125,5786.75,96,
DM-16-03-06-01,2026-07-30,113.0,5570.25,96,
DM-16-03-06-01,2026-07-31,139.75,6250.5,96,
DM-16-03-06-01,2026-08-01,139.875,6222.5,96,
DM-16-03-06-01,2026-08-02,131.375,6853.0,96,
DM-16-03-06-01,2026-08-03,244.75,7314.25,96,
DM-16-03-06-01,2026-08-04,241.875,7046.5,96,
DM-16-03-06-01,2026-08-05,215.0,7069.0,96,
DM-16-03-06-01,2026-08-06,242.75,6916.5,96,
DM-16-03-06-01,2026-08-07,334.375,6935.0,96,
DM-16-03-06-01,2026-08-08,175.375,6938.0,96,0.0
DM-16-03-06-01,2026-08-09,168.5,6962.75,96,0.0
DM-16-03-06-01,2026-08-10,261.5,7368.5,96,49.853
DM-16-03-06-01,2026-08-11,245.125,7221.75,96,83.331
DM-16-03-06-01,2026-08-12,349.25,7748.25,96,220.934
DM-16-03-06-01,2026-08-13,267.625,7440.75,96,276.912
DM-16-03-06-01,2026-08-14,293.0,7034.75,96,358.265
DM-16-03-06-01,2026-08-15,191.0,6337.25,96,337.618
DM-16-03-06-01,2026-08-16,154.25,6163.75,96,280.221
DM-16-03-08-01,2026-07-25,73.0,3245.75,96,
DM-16-03-08-01,2026-07-26,69.75,3359.0,96,
DM-16-03-08-01,2026-07-27,78.125,3240.0,96,
DM-16-03-08-01,2026-07-28,78.375,3228.0,96,
DM-16-03-08-01,2026-07-29,81.0,3345.75,96,
DM-16-03-08-01,2026-07-30,82.375,3285.75,96,
DM-16-03-08-01,2026-07-31,80.375,3179.0,96,
DM-16-03-08-01,2026-08-01,82.25,3363.25,96,
DM-16-03-08-01,2026-08-02,80.875,3434.5,96,
DM-16-03-08-01,2026-08-03,81.375,3213.0,96,
DM-16-03-08-01,2026-08-04,77.25,3159.25,96,
DM-16-03-08-01,2026-08-05,77.5,3102.0,96,
DM-16-03-08-01,2026-08-06,79.875,3049.0,96,
DM-16-03-08-01,2026-08-07,67.625,3083.75,96,
DM-16-03-08-01,2026-08-08,79.75,3314.75,96,0.0
DM-16-03-08-01,2026-08-09,79.5,3246.75,96,0.0
DM-16-03-08-01,2026-08-10,70.375,2977.0,96,0.0
DM-16-03-08-01,2026-08-11,66.75,2936.75,96,0.0
DM-16-03-08-01,2026-08-12,70.0,3159.25,96,0.0
DM-16-03-08-01,2026-08-13,72.625,2996.75,96,0.0
DM-16-03-08-01,2026-08-14,70.125,3054.5,96,0.0
DM-16-03-08-01,2026-08-15,73.25,3278.75,96,0.0
DM-16-03-08-01,2026-08-16,75.5,3230.75,96,0.0
DM-16-04-03-01,2026-07-25,74.875,2787.5,96,
DM-16-04-03-01,2026-07-26,75.375,2763.75,96,
DM-16-04-03-01,2026-07-27,74.375,2711.75,96,
DM-16-04-03-01,2026-07-28,80.25,2773.75,96,
DM-16-04-03-01,2026-07-29,73.375,2744.0,96,
DM-16-04-03-01,2026-07-30,74.25,2781.75,96,
DM-16-04-03-01,2026-07-31,94.25,2765.75,96,
DM-16-04-03-01,2026-08-01,73.875,2650.75,96,
DM-16-04-03-01,2026-08-02,68.25,2712.5,96,
DM-16-04-03-01,2026-08-03,68.25,2682.75,96,
DM-16-04-03-01,2026-08-04,71.75,2698.5,96,
DM-16-04-03-01,2026-08-05,72.125,2663.5,96,
DM-16-04-03-01,2026-08-06,73.625,2620.25,96,
DM-16-04-03-01,2026-08-07,75.5,2716.0,96,
DM-16-04-03-01,2026-08-08,70.625,2709.25,96,0.0
DM-16-04-03-01,2026-08-09,72.375,2745.5,96,0.0
DM-16-04-03-01,2026-08-10,68.625,2680.75,96,0.0
DM-16-04-03-01,2026-08-11,72.75,2564.5,96,0.0
DM-16-04-03-01,2026-08-12,71.625,2577.25,96,0.0
DM-16-04-03-01,2026-08-13,69.625,2508.25,96,0.0
DM-16-04-03-01,2026-08-14,65.75,2461.75,96,0.0
DM-16-04-03-01,2026-08-15,59.5,2446.5,96,0.0
DM-16-04-03-01,2026-08-16,64.25,2483.0,96,0.0
DM-16-04-03-02,2026-07-25,54.375,2047.25,96,
DM-16-04-03-02,2026-07-26,52.875,2031.75,96,
DM-16-04-03-02,2026-07-27,50.25,1898.75,96,
DM-16-04-03-02,2026-07-28,49.75,1988.0,96,
DM-16-04-03-02,2026-07-29,53.875,1992.75,96,
DM-16-04-03-02,2026-07-30,54.0,2026.75,96,
DM-16-04-03-02,2026-07-31,59.0,1955.75,96,
DM-16-04-03-02,2026-08-01,58.0,2102.75,96,
DM-16-04-03-02,2026-08-02,58.75,2132.5,96,
DM-16-04-03-02,2026-08-03,56.625,1968.5,96,
DM-16-04-03-02,2026-08-04,52.625,1974.75,96,
DM-16-04-03-02,2026-08-05,54.875,1971.0,96,
DM-16-04-03-02,2026-08-06,50.25,1846.5,96,
DM-16-04-03-02,2026-08-07,42.5,1939.0,96,
DM-16-04-03-02,2026-08-08,56.25,2104.5,96,0.734
DM-16-04-03-02,2026-08-09,54.75,2133.0,96,0.0
DM-16-04-03-02,2026-08-10,54.625,2007.5,96,0.0
DM-16-04-03-02,2026-08-11,51.75,1954.75,96,0.0
DM-16-04-03-02,2026-08-12,53.125,2068.5,96,0.0
DM-16-04-03-02,2026-08-13,53.625,1945.0,96,0.0
DM-16-04-03-02,2026-08-14,53.25,1964.0,96,0.0
DM-16-04-03-02,2026-08-15,51.75,2055.0,96,0.0
DM-16-04-03-02,2026-08-16,51.875,2049.0,96,0.0
DM-16-04-04-01,2026-07-25,64.25,2109.5,96,
DM-16-04-04-01,2026-07-26,53.875,2109.25,96,
DM-16-04-04-01,2026-07-27,45.625,2066.0,96,
DM-16-04-04-01,2026-07-28,44.25,2023.75,96,
DM-16-04-04-01,2026-07-29,54.375,2150.75,96,
DM-16-04-04-01,2026-07-30,58.625,2143.0,96,
DM-16-04-04-01,2026-07-31,56.875,2214.0,96,
DM-16-04-04-01,2026-08-01,57.25,2231.5,96,
DM-16-04-04-01,2026-08-02,63.0,2177.0,96,
DM-16-04-04-01,2026-08-03,58.375,2163.5,96,
DM-16-04-04-01,2026-08-04,54.625,2082.0,96,
DM-16-04-04-01,2026-08-05,58.375,2154.25,96,
DM-16-04-04-01,2026-08-06,55.875,2095.0,96,
DM-16-04-04-01,2026-08-07,56.875,2214.0,96,
DM-16-04-04-01,2026-08-08,53.375,2172.5,96,0.0
DM-16-04-04-01,2026-08-09,59.625,2228.25,96,1.101
DM-16-04-04-01,2026-08-10,67.5,2153.5,96,10.078
DM-16-04-04-01,2026-08-11,52.75,2163.75,96,4.304
DM-16-04-04-01,2026-08-12,59.0,2294.25,96,4.78
DM-16-04-04-01,2026-08-13,56.125,2233.75,96,2.381
DM-16-04-04-01,2026-08-14,60.125,2274.0,96,3.983
DM-16-04-04-01,2026-08-15,59.5,2305.25,96,4.959
DM-16-04-04-01,2026-08-16,56.0,2257.25,96,2.435
DM-16-04-05-01,2026-07-25,122.875,4850.0,96,
DM-16-04-05-01,2026-07-26,108.5,4960.25,96,
DM-16-04-05-01,2026-07-27,118.0,4536.25,96,
DM-16-04-05-01,2026-07-28,116.875,4699.5,96,
DM-16-04-05-01,2026-07-29,115.625,4589.5,96,
DM-16-04-05-01,2026-07-30,106.125,4631.75,96,
DM-16-04-05-01,2026-07-31,116.0,4498.5,96,
DM-16-04-05-01,2026-08-01,113.125,4761.0,96,
DM-16-04-05-01,2026-08-02,113.375,5066.75,96,
DM-16-04-05-01,2026-08-03,113.875,4654.0,96,
DM-16-04-05-01,2026-08-04,109.625,4635.25,96,
DM-16-04-05-01,2026-08-05,111.0,4643.75,96,
DM-16-04-05-01,2026-08-06,100.25,4513.25,96,
DM-16-04-05-01,2026-08-07,117.25,4486.75,96,
DM-16-04-05-01,2026-08-08,116.0,4872.5,96,0.233
DM-16-04-05-01,2026-08-09,117.0,4992.75,96,1.465
DM-16-04-05-01,2026-08-10,109.875,4576.75,96,0.0
DM-16-04-05-01,2026-08-11,112.375,4416.0,96,0.0
DM-16-04-05-01,2026-08-12,113.25,4920.25,96,0.0
DM-16-04-05-01,2026-08-13,114.375,4570.5,96,0.0
DM-16-04-05-01,2026-08-14,116.875,4649.75,96,1.108
DM-16-04-05-01,2026-08-15,118.5,4954.75,96,3.84
DM-16-04-05-01,2026-08-16,128.125,5213.75,96,16.198
DM-16-04-05-02,2026-07-25,57.875,2892.25,96,
DM-16-04-05-02,2026-07-26,54.375,2903.0,96,
DM-16-04-05-02,2026-07-27,54.0,2601.75,96,
DM-16-04-05-02,2026-07-28,60.75,2677.5,96,
DM-16-04-05-02,2026-07-29,60.125,2665.0,96,
DM-16-04-05-02,2026-07-30,56.75,2644.75,96,
DM-16-04-05-02,2026-07-31,52.625,2559.5,96,
DM-16-04-05-02,2026-08-01,57.75,2782.25,96,
DM-16-04-05-02,2026-08-02,62.5,2890.0,96,
DM-16-04-05-02,2026-08-03,60.125,2644.5,96,
DM-16-04-05-02,2026-08-04,66.25,2694.25,96,
DM-16-04-05-02,2026-08-05,63.5,2642.5,96,
DM-16-04-05-02,2026-08-06,60.125,2605.0,96,
DM-16-04-05-02,2026-08-07,55.125,2561.75,96,
DM-16-04-05-02,2026-08-08,63.25,2845.25,96,2.652
DM-16-04-05-02,2026-08-09,61.375,2848.5,96,3.429
DM-16-04-05-02,2026-08-10,71.625,2737.5,96,14.455
DM-16-04-05-02,2026-08-11,63.375,2636.0,96,17.232
DM-16-04-05-02,2026-08-12,52.625,2914.0,96,9.259
DM-16-04-05-02,2026-08-13,57.375,2652.5,96,6.036
DM-16-04-05-02,2026-08-14,54.5,2734.0,96,0.0
DM-16-04-05-02,2026-08-15,65.625,2866.25,96,5.027
DM-16-04-05-02,2026-08-16,65.875,2944.25,96,10.304
DM-16-04-07-01,2026-07-25,18.25,1129.25,96,
DM-16-04-07-01,2026-07-26,18.25,1142.25,96,
DM-16-04-07-01,2026-07-27,18.125,1088.0,96,
DM-16-04-07-01,2026-07-28,18.375,1044.5,96,
DM-16-04-07-01,2026-07-29,18.375,1066.75,96,
DM-16-04-07-01,2026-07-30,18.875,1096.25,96,
DM-16-04-07-01,2026-07-31,19.375,1058.25,96,
DM-16-04-07-01,2026-08-01,18.25,1111.5,96,
DM-16-04-07-01,2026-08-02,18.875,1111.75,96,
DM-16-04-07-01,2026-08-03,18.75,1119.0,96,
DM-16-04-07-01,2026-08-04,19.625,1145.5,96,
DM-16-04-07-01,2026-08-05,18.25,1100.75,96,
DM-16-04-07-01,2026-08-06,19.375,1054.25,96,
DM-16-04-07-01,2026-08-07,17.375,1055.25,96,
DM-16-04-07-01,2026-08-08,20.375,1093.5,96,1.504
DM-16-04-07-01,2026-08-09,20.0,1120.0,96,2.633
DM-16-04-07-01,2026-08-10,19.875,1095.0,96,3.636
DM-16-04-07-01,2026-08-11,19.0,1074.0,96,3.765
DM-16-04-07-01,2026-08-12,19.125,1110.5,96,4.019
DM-16-04-07-01,2026-08-13,20.0,1080.0,96,5.148
DM-16-04-07-01,2026-08-14,18.625,1065.75,96,4.901
DM-16-04-07-01,2026-08-15,19.375,1103.75,96,5.405
DM-16-04-07-01,2026-08-16,17.875,1092.25,96,4.409
DM-16-05-01-01,2026-07-25,112.375,4912.25,96,
DM-16-05-01-01,2026-07-26,103.0,4831.0,96,
DM-16-05-01-01,2026-07-27,104.375,4641.5,96,
DM-16-05-01-01,2026-07-28,127.125,4544.25,96,
DM-16-05-01-01,2026-07-29,122.875,4670.75,96,
DM-16-05-01-01,2026-07-30,113.375,4683.25,96,
DM-16-05-01-01,2026-07-31,103.0,4504.5,96,
DM-16-05-01-01,2026-08-01,108.375,4806.0,96,
DM-16-05-01-01,2026-08-02,112.0,4811.0,96,
DM-16-05-01-01,2026-08-03,130.875,4839.5,96,
DM-16-05-01-01,2026-08-04,113.0,4881.25,96,
DM-16-05-01-01,2026-08-05,101.875,4672.75,96,
DM-16-05-01-01,2026-08-06,122.5,4554.5,96,
DM-16-05-01-01,2026-08-07,105.125,4599.75,96,
DM-16-05-01-01,2026-08-08,108.875,4878.0,96,0.0
DM-16-05-01-01,2026-08-09,105.0,4874.5,96,0.0
DM-16-05-01-01,2026-08-10,120.125,4685.25,96,2.668
DM-16-05-01-01,2026-08-11,100.5,4679.5,96,0.0
DM-16-05-01-01,2026-08-12,101.75,4887.25,96,0.0
DM-16-05-01-01,2026-08-13,109.625,4786.5,96,0.0
DM-16-05-01-01,2026-08-14,109.25,4728.75,96,0.0
DM-16-05-01-01,2026-08-15,141.75,5032.0,96,24.293
DM-16-05-01-01,2026-08-16,111.5,4896.5,96,18.336
DM-16-05-02-01,2026-07-25,105.25,3498.75,96,
DM-16-05-02-01,2026-07-26,97.25,3508.5,96,
DM-16-05-02-01,2026-07-27,94.0,3292.0,96,
DM-16-05-02-01,2026-07-28,105.875,3410.0,96,
DM-16-05-02-01,2026-07-29,90.0,3368.5,96,
DM-16-05-02-01,2026-07-30,92.625,3384.25,96,
DM-16-05-02-01,2026-07-31,107.375,3416.25,96,
DM-16-05-02-01,2026-08-01,117.625,3908.0,96,
DM-16-05-02-01,2026-08-02,109.125,3967.5,96,
DM-16-05-02-01,2026-08-03,102.5,3690.75,96,
DM-16-05-02-01,2026-08-04,105.75,3714.5,96,
DM-16-05-02-01,2026-08-05,106.75,3717.5,96,
DM-16-05-02-01,2026-08-06,75.875,3460.0,96,
DM-16-05-02-01,2026-08-07,105.75,3690.25,96,
DM-16-05-02-01,2026-08-08,107.0,3952.75,96,0.892
DM-16-05-02-01,2026-08-09,110.375,3919.5,96,5.159
DM-16-05-02-01,2026-08-10,109.5,3750.75,96,8.551
DM-16-05-02-01,2026-08-11,108.125,3652.0,96,10.568
DM-16-05-02-01,2026-08-12,108.0,3979.0,96,12.459
DM-16-05-02-01,2026-08-13,105.0,3728.0,96,11.351
DM-16-05-02-01,2026-08-14,105.625,3777.25,96,10.868
DM-16-05-02-01,2026-08-15,109.75,3962.0,96,14.51
DM-16-05-02-01,2026-08-16,106.625,3921.5,96,15.027
DM-16-05-03-02,2026-07-25,85.5,3003.25,96,
DM-16-05-03-02,2026-07-26,87.375,2995.25,96,
DM-16-05-03-02,2026-07-27,84.75,2865.75,96,
DM-16-05-03-02,2026-07-28,82.0,2943.5,96,
DM-16-05-03-02,2026-07-29,111.375,3487.25,96,
DM-16-05-03-02,2026-07-30,109.75,3507.0,96,
DM-16-05-03-02,2026-07-31,105.625,2677.25,96,
DM-16-05-03-02,2026-08-01,81.25,2990.5,96,
DM-16-05-03-02,2026-08-02,86.0,3003.0,96,
DM-16-05-03-02,2026-08-03,85.625,2958.25,96,
DM-16-05-03-02,2026-08-04,84.5,2938.5,96,
DM-16-05-03-02,2026-08-05,86.0,2925.75,96,
DM-16-05-03-02,2026-08-06,87.625,2873.75,96,
DM-16-05-03-02,2026-08-07,63.0,2818.75,96,
DM-16-05-03-02,2026-08-08,92.25,3017.25,96,0.0
DM-16-05-03-02,2026-08-09,80.875,2858.75,96,0.0
DM-16-05-03-02,2026-08-10,85.625,2869.75,96,0.0
DM-16-05-03-02,2026-08-11,79.0,2826.0,96,0.0
DM-16-05-03-02,2026-08-12,82.125,2919.25,96,0.0
DM-16-05-03-02,2026-08-13,88.375,2798.25,96,0.0
DM-16-05-03-02,2026-08-14,82.75,2800.0,96,0.0
DM-16-05-03-02,2026-08-15,77.0,2893.25,96,0.0
DM-16-05-03-02,2026-08-16,83.625,2858.75,96,0.0
DM-16-05-04-01,2026-07-25,144.125,6199.75,96,
DM-16-05-04-01,2026-07-26,149.875,6298.25,96,
DM-16-05-04-01,2026-07-27,148.625,5974.0,96,
DM-16-05-04-01,2026-07-28,138.5,5829.0,96,
DM-16-05-04-01,2026-07-29,134.75,5807.0,96,
DM-16-05-04-01,2026-07-30,147.0,6000.0,96,
DM-16-05-04-01,2026-07-31,156.25,5938.5,96,
DM-16-05-04-01,2026-08-01,157.0,6183.5,96,
DM-16-05-04-01,2026-08-02,147.875,6100.5,96,
DM-16-05-04-01,2026-08-03,141.625,6049.0,96,
DM-16-05-04-01,2026-08-04,156.125,6123.5,96,
DM-16-05-04-01,2026-08-05,166.25,6073.5,96,
DM-16-05-04-01,2026-08-06,148.75,5954.25,96,
DM-16-05-04-01,2026-08-07,141.875,5899.25,96,
DM-16-05-04-01,2026-08-08,150.375,6067.0,96,0.0
DM-16-05-04-01,2026-08-09,142.75,6125.75,96,0.0
DM-16-05-04-01,2026-08-10,148.625,6023.75,96,0.0
DM-16-05-04-01,2026-08-11,139.375,5796.75,96,0.0
DM-16-05-04-01,2026-08-12,151.125,6274.0,96,0.0
DM-16-05-04-01,2026-08-13,154.625,6126.5,96,2.122
DM-16-05-04-01,2026-08-14,160.0,6056.25,96,9.619
DM-16-05-04-01,2026-08-15,153.0,6343.25,96,10.115
DM-16-05-04-01,2026-08-16,154.375,6280.5,96,11.987
DM-16-06-01-01,2026-07-25,30.5,1314.5,96,
DM-16-06-01-01,2026-07-26,30.0,1325.25,96,
DM-16-06-01-01,2026-07-27,30.75,1305.75,96,
DM-16-06-01-01,2026-07-28,31.25,1292.0,96,
DM-16-06-01-01,2026-07-29,31.5,1269.75,96,
DM-16-06-01-01,2026-07-30,29.125,1261.25,96,
DM-16-06-01-01,2026-07-31,28.375,1205.75,96,
DM-16-06-01-01,2026-08-01,29.625,1311.5,96,
DM-16-06-01-01,2026-08-02,30.125,1306.5,96,
DM-16-06-01-01,2026-08-03,29.25,1300.75,96,
DM-16-06-01-01,2026-08-04,32.625,1358.5,96,
DM-16-06-01-01,2026-08-05,29.875,1307.25,96,
DM-16-06-01-01,2026-08-06,27.0,1247.25,96,
DM-16-06-01-01,2026-08-07,30.0,1295.25,96,
DM-16-06-01-01,2026-08-08,28.125,1292.0,96,0.0
DM-16-06-01-01,2026-08-09,28.5,1273.75,96,0.0
DM-16-06-01-01,2026-08-10,28.0,1273.5,96,0.0
DM-16-06-01-01,2026-08-11,29.125,1235.0,96,0.0
DM-16-06-01-01,2026-08-12,32.125,1315.0,96,1.461
DM-16-06-01-01,2026-08-13,29.25,1255.5,96,0.048
DM-16-06-01-01,2026-08-14,30.625,1285.5,96,0.009
DM-16-06-01-01,2026-08-15,29.75,1305.0,96,0.0
DM-16-06-01-01,2026-08-16,31.375,1304.0,96,0.711
DM-16-06-01-02,2026-07-25,124.0,4503.25,96,
DM-16-06-01-02,2026-07-26,134.375,4578.0,96,
DM-16-06-01-02,2026-07-27,113.875,4376.5,96,
DM-16-06-01-02,2026-07-28,128.25,4550.25,96,
DM-16-06-01-02,2026-07-29,118.125,4321.25,96,
DM-16-06-01-02,2026-07-30,142.875,4157.0,96,
DM-16-06-01-02,2026-07-31,132.375,4425.25,96,
DM-16-06-01-02,2026-08-01,135.125,4535.0,96,
DM-16-06-01-02,2026-08-02,132.375,4644.5,96,
DM-16-06-01-02,2026-08-03,136.5,4442.75,96,
DM-16-06-01-02,2026-08-04,127.625,4528.0,96,
DM-16-06-01-02,2026-08-05,126.5,4491.5,96,
DM-16-06-01-02,2026-08-06,140.375,4298.75,96,
DM-16-06-01-02,2026-08-07,137.125,4514.75,96,
DM-16-06-01-02,2026-08-08,132.375,4520.5,96,0.0
DM-16-06-01-02,2026-08-09,136.875,4606.0,96,2.244
DM-16-06-01-02,2026-08-10,123.875,4412.75,96,0.0
DM-16-06-01-02,2026-08-11,129.75,4475.75,96,0.0
DM-16-06-01-02,2026-08-12,146.5,4637.5,96,11.869
DM-16-06-01-02,2026-08-13,145.125,4445.0,96,22.364
DM-16-06-01-02,2026-08-14,136.5,4450.0,96,24.233
DM-16-06-01-02,2026-08-15,133.625,4535.25,96,23.228
DM-16-06-01-02,2026-08-16,132.875,4632.25,96,21.472
DM-16-06-02-01,2026-07-25,105.75,4768.75,96,
DM-16-06-02-01,2026-07-26,108.5,4815.0,96,
DM-16-06-02-01,2026-07-27,110.625,4346.75,96,
DM-16-06-02-01,2026-07-28,114.375,4679.25,96,
DM-16-06-02-01,2026-07-29,110.125,4668.75,96,
DM-16-06-02-01,2026-07-30,104.25,4680.75,96,
DM-16-06-02-01,2026-07-31,105.375,4385.0,96,
DM-16-06-02-01,2026-08-01,108.75,4693.5,96,
DM-16-06-02-01,2026-08-02,105.5,4749.25,96,
DM-16-06-02-01,2026-08-03,101.875,4462.75,96,
DM-16-06-02-01,2026-08-04,77.875,4095.5,96,
DM-16-06-02-01,2026-08-05,79.5,3804.75,96,
DM-16-06-02-01,2026-08-06,66.375,3649.25,96,
DM-16-06-02-01,2026-08-07,79.625,3754.25,96,
DM-16-06-02-01,2026-08-08,81.375,3926.0,96,0.0
DM-16-06-02-01,2026-08-09,80.125,3992.75,96,0.0
DM-16-06-02-01,2026-08-10,73.0,3769.25,96,0.0
DM-16-06-02-01,2026-08-11,75.625,3727.0,96,0.0
DM-16-06-02-01,2026-08-12,76.375,3920.5,96,0.0
DM-16-06-02-01,2026-08-13,76.875,3721.0,96,0.0
DM-16-06-02-01,2026-08-14,77.75,3774.5,96,0.0
DM-16-06-02-01,2026-08-15,80.25,3987.5,96,0.0
DM-16-06-02-01,2026-08-16,78.375,3991.0,96,0.0
DM-16-06-04-01,2026-07-25,43.5,1887.75,96,
DM-16-06-04-01,2026-07-26,39.5,1863.25,96,
DM-16-06-04-01,2026-07-27,41.25,1875.75,96,
DM-16-06-04-01,2026-07-28,42.125,1881.5,96,
DM-16-06-04-01,2026-07-29,43.0,1864.25,96,
DM-16-06-04-01,2026-07-30,41.75,1839.25,96,
DM-16-06-04-01,2026-07-31,42.0,1787.5,96,
DM-16-06-04-01,2026-08-01,43.0,1904.75,96,
DM-16-06-04-01,2026-08-02,45.125,1936.5,96,
DM-16-06-04-01,2026-08-03,48.375,1622.0,96,
DM-16-06-04-01,2026-08-04,46.375,1824.25,96,
DM-16-06-04-01,2026-08-05,37.75,1688.5,96,
DM-16-06-04-01,2026-08-06,38.0,1655.5,96,
DM-16-06-04-01,2026-08-07,29.5,1683.75,96,
DM-16-06-04-01,2026-08-08,40.25,1749.5,96,0.0
DM-16-06-04-01,2026-08-09,39.5,1734.0,96,0.0
DM-16-06-04-01,2026-08-10,36.5,1700.5,96,0.0
DM-16-06-04-01,2026-08-11,34.875,1677.5,96,0.0
DM-16-06-04-01,2026-08-12,39.125,1774.5,96,0.0
DM-16-06-04-01,2026-08-13,37.25,1686.25,96,0.0
DM-16-06-04-01,2026-08-14,38.25,1744.25,96,0.0
DM-16-06-04-01,2026-08-15,38.5,1782.75,96,0.0
DM-16-06-04-01,2026-08-16,38.625,1738.75,96,0.0
DM-16-06-05-01,2026-07-25,68.0,3373.25,96,
DM-16-06-05-01,2026-07-26,68.875,3347.25,96,
DM-16-06-05-01,2026-07-27,66.625,3230.25,96,
DM-16-06-05-01,2026-07-28,73.375,3243.0,96,
DM-16-06-05-01,2026-07-29,71.875,3238.75,96,
DM-16-06-05-01,2026-07-30,67.625,3245.25,96,
DM-16-06-05-01,2026-07-31,72.0,3165.5,96,
DM-16-06-05-01,2026-08-01,69.75,3326.0,96,
DM-16-06-05-01,2026-08-02,70.0,3399.5,96,
DM-16-06-05-01,2026-08-03,68.625,3256.25,96,
DM-16-06-05-01,2026-08-04,67.375,3253.0,96,
DM-16-06-05-01,2026-08-05,68.375,3160.25,96,
DM-16-06-05-01,2026-08-06,67.5,3064.5,96,
DM-16-06-05-01,2026-08-07,63.5,3066.5,96,
DM-16-06-05-01,2026-08-08,67.5,3238.75,96,0.0
DM-16-06-05-01,2026-08-09,68.25,3255.0,96,0.0
DM-16-06-05-01,2026-08-10,67.75,3135.0,96,0.0
DM-16-06-05-01,2026-08-11,62.875,3076.25,96,0.0
DM-16-06-05-01,2026-08-12,65.875,3297.25,96,0.0
DM-16-06-05-01,2026-08-13,68.75,3175.25,96,0.0
DM-16-06-05-01,2026-08-14,67.75,3224.0,96,0.0
DM-16-06-05-01,2026-08-15,69.75,3407.75,96,0.0
DM-16-06-05-01,2026-08-16,69.75,3314.25,96,0.0
DM-16-07-01-01,2026-07-25,127.875,4547.0,96,
DM-16-07-01-01,2026-07-26,121.625,4509.25,96,
DM-16-07-01-01,2026-07-27,123.5,4167.75,96,
DM-16-07-01-01,2026-07-28,125.125,4201.25,96,
DM-16-07-01-01,2026-07-29,118.625,4226.75,96,
DM-16-07-01-01,2026-07-30,115.0,4271.25,96,
DM-16-07-01-01,2026-07-31,115.625,4103.0,96,
DM-16-07-01-01,2026-08-01,108.0,4300.75,96,
DM-16-07-01-01,2026-08-02,110.5,4288.0,96,
DM-16-07-01-01,2026-08-03,110.875,4046.5,96,
DM-16-07-01-01,2026-08-04,108.75,4042.25,96,
DM-16-07-01-01,2026-08-05,110.25,4013.5,96,
DM-16-07-01-01,2026-08-06,102.0,3929.75,96,
DM-16-07-01-01,2026-08-07,109.0,3946.25,96,
DM-16-07-01-01,2026-08-08,110.5,4168.25,96,0.0
DM-16-07-01-01,2026-08-09,115.625,4109.5,96,0.0
DM-16-07-01-01,2026-08-10,107.5,3890.25,96,0.0
DM-16-07-01-01,2026-08-11,103.0,3761.5,96,0.0
DM-16-07-01-01,2026-08-12,108.25,4323.75,96,0.0
DM-16-07-01-01,2026-08-13,105.0,4035.0,96,0.0
DM-16-07-01-01,2026-08-14,124.375,4055.5,96,5.947
DM-16-07-01-01,2026-08-15,109.875,4187.0,96,0.0
DM-16-07-01-01,2026-08-16,111.875,4234.25,96,0.0
DM-16-07-02-01,2026-07-25,149.125,5298.75,96,
DM-16-07-02-01,2026-07-26,145.0,5387.5,96,
DM-16-07-02-01,2026-07-27,154.375,5209.0,96,
DM-16-07-02-01,2026-07-28,150.25,4756.25,96,
DM-16-07-02-01,2026-07-29,140.125,5194.5,96,
DM-16-07-02-01,2026-07-30,142.125,5293.5,96,
DM-16-07-02-01,2026-07-31,150.0,5199.75,96,
DM-16-07-02-01,2026-08-01,154.75,5491.25,96,
DM-16-07-02-01,2026-08-02,148.0,5503.5,96,
DM-16-07-02-01,2026-08-03,146.0,5260.0,96,
DM-16-07-02-01,2026-08-04,145.375,5220.25,96,
DM-16-07-02-01,2026-08-05,150.125,5268.5,96,
DM-16-07-02-01,2026-08-06,138.25,4891.0,96,
DM-16-07-02-01,2026-08-07,130.375,5308.25,96,
DM-16-07-02-01,2026-08-08,149.5,5357.75,96,0.328
DM-16-07-02-01,2026-08-09,152.0,5406.25,96,3.156
DM-16-07-02-01,2026-08-10,140.875,5046.5,96,0.0
DM-16-07-02-01,2026-08-11,149.125,5126.0,96,0.0
DM-16-07-02-01,2026-08-12,145.75,5454.75,96,0.0
DM-16-07-02-01,2026-08-13,149.5,5084.75,96,0.328
DM-16-07-02-01,2026-08-14,149.5,5299.5,96,0.656
DM-16-07-02-01,2026-08-15,151.75,5444.75,96,3.234
DM-16-07-02-01,2026-08-16,148.75,5464.75,96,2.811
DM-16-07-04-01,2026-07-25,19.375,902.0,96,
DM-16-07-04-01,2026-07-26,25.125,902.5,96,
DM-16-07-04-01,2026-07-27,23.625,841.25,96,
DM-16-07-04-01,2026-07-28,17.375,822.25,96,
DM-16-07-04-01,2026-07-29,17.375,763.25,96,
DM-16-07-04-01,2026-07-30,27.25,806.75,96,
DM-16-07-04-01,2026-07-31,37.75,1274.0,96,
DM-16-07-04-01,2026-08-01,27.0,1174.75,96,
DM-16-07-04-01,2026-08-02,21.75,969.5,96,
DM-16-07-04-01,2026-08-03,17.875,859.5,96,
DM-16-07-04-01,2026-08-04,19.875,985.75,96,
DM-16-07-04-01,2026-08-05,20.625,870.0,96,
DM-16-07-04-01,2026-08-06,16.75,811.5,96,
DM-16-07-04-01,2026-08-07,16.5,811.25,96,
DM-16-07-04-01,2026-08-08,18.875,840.75,96,0.0
DM-16-07-04-01,2026-08-09,18.0,795.5,96,0.0
DM-16-07-04-01,2026-08-10,16.75,779.75,96,0.0
DM-16-07-04-01,2026-08-11,16.75,801.5,96,0.0
DM-16-07-04-01,2026-08-12,14.25,829.0,96,0.0
DM-16-07-04-01,2026-08-13,17.625,818.75,96,0.0
DM-16-07-04-01,2026-08-14,19.875,807.0,96,0.0
DM-16-07-04-01,2026-08-15,20.0,847.75,96,0.0
DM-16-07-04-01,2026-08-16,21.375,852.25,96,0.0
DM-16-07-06-02,2026-07-25,89.875,3887.5,96,
DM-16-07-06-02,2026-07-26,99.875,3918.5,96,
DM-16-07-06-02,2026-07-27,87.25,3654.75,96,
DM-16-07-06-02,2026-07-28,94.0,3640.25,96,
DM-16-07-06-02,2026-07-29,89.375,3746.5,96,
DM-16-07-06-02,2026-07-30,91.0,3784.75,96,
DM-16-07-06-02,2026-07-31,90.375,3726.75,96,
DM-16-07-06-02,2026-08-01,91.5,3893.75,96,
DM-16-07-06-02,2026-08-02,93.125,3967.75,96,
DM-16-07-06-02,2026-08-03,88.125,3666.5,96,
DM-16-07-06-02,2026-08-04,91.0,3616.5,96,
DM-16-07-06-02,2026-08-05,81.875,3657.0,96,
DM-16-07-06-02,2026-08-06,87.5,3588.25,96,
DM-16-07-06-02,2026-08-07,81.625,3568.0,96,
DM-16-07-06-02,2026-08-08,89.125,3769.75,96,0.0
DM-16-07-06-02,2026-08-09,82.125,3812.5,96,0.0
DM-16-07-06-02,2026-08-10,87.75,3770.0,96,0.0
DM-16-07-06-02,2026-08-11,87.375,3585.0,96,0.0
DM-16-07-06-02,2026-08-12,87.125,3802.75,96,0.0
DM-16-07-06-02,2026-08-13,86.625,3642.5,96,0.0
DM-16-07-06-02,2026-08-14,95.75,3669.75,96,3.761
DM-16-07-06-02,2026-08-15,92.0,3860.0,96,3.772
DM-16-07-06-02,2026-08-16,94.625,3861.75,96,6.409
DM-16-07-09-01,2026-07-25,91.125,3356.75,96,
DM-16-07-09-01,2026-07-26,85.875,3317.5,96,
DM-16-07-09-01,2026-07-27,94.0,3355.25,96,
DM-16-07-09-01,2026-07-28,82.75,3177.5,96,
DM-16-07-09-01,2026-07-29,87.625,3188.25,96,
DM-16-07-09-01,2026-07-30,83.5,3224.5,96,
DM-16-07-09-01,2026-07-31,86.25,3213.0,96,
DM-16-07-09-01,2026-08-01,85.0,3297.25,96,
DM-16-07-09-01,2026-08-02,87.0,3310.5,96,
DM-16-07-09-01,2026-08-03,82.875,3251.0,96,
DM-16-07-09-01,2026-08-04,87.375,3291.75,96,
DM-16-07-09-01,2026-08-05,84.25,3245.75,96,
DM-16-07-09-01,2026-08-06,86.25,3280.0,96,
DM-16-07-09-01,2026-08-07,79.25,3262.25,96,
DM-16-07-09-01,2026-08-08,88.0,3296.0,96,0.31
DM-16-07-09-01,2026-08-09,88.5,3256.25,96,1.119
DM-16-07-09-01,2026-08-10,86.75,3262.5,96,0.179
DM-16-07-09-01,2026-08-11,81.125,3230.0,96,0.0
DM-16-07-09-01,2026-08-12,94.125,3297.25,96,6.435
DM-16-07-09-01,2026-08-13,86.375,3280.5,96,5.119
DM-16-07-09-01,2026-08-14,90.0,3329.0,96,7.429
DM-16-07-09-01,2026-08-15,86.875,3376.75,96,6.613
DM-16-07-09-01,2026-08-16,95.625,3337.75,96,14.548
DM-16-08-01-01,2026-07-25,90.5,3931.25,96,
DM-16-08-01-01,2026-07-26,91.75,3941.0,96,
DM-16-08-01-01,2026-07-27,90.375,3817.0,96,
DM-16-08-01-01,2026-07-28,91.0,3817.75,96,
DM-16-08-01-01,2026-07-29,90.75,3823.75,96,
DM-16-08-01-01,2026-07-30,91.125,3840.25,96,
DM-16-08-01-01,2026-07-31,93.25,3782.25,96,
DM-16-08-01-01,2026-08-01,92.625,3942.25,96,
DM-16-08-01-01,2026-08-02,92.5,3988.25,96,
DM-16-08-01-01,2026-08-03,91.25,3864.25,96,
DM-16-08-01-01,2026-08-04,91.25,3851.25,96,
DM-16-08-01-01,2026-08-05,90.25,3852.0,96,
DM-16-08-01-01,2026-08-06,90.0,3884.25,96,
DM-16-08-01-01,2026-08-07,90.75,3872.0,96,
DM-16-08-01-01,2026-08-08,92.125,4007.0,96,0.418
DM-16-08-01-01,2026-08-09,90.375,4030.0,96,0.0
DM-16-08-01-01,2026-08-10,89.625,3855.25,96,0.0
DM-16-08-01-01,2026-08-11,91.125,3861.75,96,0.0
DM-16-08-01-01,2026-08-12,90.875,3961.0,96,0.0
DM-16-08-01-01,2026-08-13,92.125,3902.0,96,0.418
DM-16-08-01-01,2026-08-14,94.125,3931.25,96,2.835
DM-16-08-01-01,2026-08-15,94.625,3968.25,96,5.753
DM-16-08-01-01,2026-08-16,91.75,4042.0,96,5.796
DM-16-08-03-01,2026-07-25,73.875,3168.75,96,
DM-16-08-03-01,2026-07-26,75.0,3139.5,96,
DM-16-08-03-01,2026-07-27,72.25,3074.5,96,
DM-16-08-03-01,2026-07-28,72.5,3002.25,96,
DM-16-08-03-01,2026-07-29,71.5,3006.25,96,
DM-16-08-03-01,2026-07-30,73.0,3133.5,96,
DM-16-08-03-01,2026-07-31,72.25,3035.75,96,
DM-16-08-03-01,2026-08-01,74.875,3147.5,96,
DM-16-08-03-01,2026-08-02,72.75,3155.0,96,
DM-16-08-03-01,2026-08-03,72.875,3156.5,96,
DM-16-08-03-01,2026-08-04,71.75,3133.75,96,
DM-16-08-03-01,2026-08-05,60.375,2958.75,96,
DM-16-08-03-01,2026-08-06,74.125,3178.5,96,
DM-16-08-03-01,2026-08-07,72.75,3155.25,96,
DM-16-08-03-01,2026-08-08,74.625,3177.5,96,0.781
DM-16-08-03-01,2026-08-09,72.25,3157.5,96,0.0
DM-16-08-03-01,2026-08-10,72.625,3175.0,96,0.0
DM-16-08-03-01,2026-08-11,73.75,3178.0,96,0.0
DM-16-08-03-01,2026-08-12,72.5,3159.75,96,0.0
DM-16-08-03-01,2026-08-13,75.0,3203.75,96,1.156
DM-16-08-03-01,2026-08-14,76.75,3232.25,96,4.062
DM-16-08-03-01,2026-08-15,79.625,3269.75,96,9.843
DM-16-08-03-01,2026-08-16,76.125,3201.5,96,12.124
DM-16-08-04-01,2026-07-25,104.75,4400.25,96,
DM-16-08-04-01,2026-07-26,108.375,4440.0,96,
DM-16-08-04-01,2026-07-27,111.25,4378.0,96,
DM-16-08-04-01,2026-07-28,107.5,4182.75,96,
DM-16-08-04-01,2026-07-29,105.25,4233.25,96,
DM-16-08-04-01,2026-07-30,101.625,4226.75,96,
DM-16-08-04-01,2026-07-31,108.875,4341.25,96,
DM-16-08-04-01,2026-08-01,92.375,4091.25,96,
DM-16-08-04-01,2026-08-02,100.75,4189.0,96,
DM-16-08-04-01,2026-08-03,102.25,4197.25,96,
DM-16-08-04-01,2026-08-04,100.25,4108.75,96,
DM-16-08-04-01,2026-08-05,101.875,4099.0,96,
DM-16-08-04-01,2026-08-06,97.0,4076.0,96,
DM-16-08-04-01,2026-08-07,108.875,4341.25,96,
DM-16-08-04-01,2026-08-08,99.25,4014.75,96,0.0
DM-16-08-04-01,2026-08-09,94.375,4075.5,96,0.0
DM-16-08-04-01,2026-08-10,98.375,4058.25,96,0.0
DM-16-08-04-01,2026-08-11,91.75,3935.5,96,0.0
DM-16-08-04-01,2026-08-12,99.0,4061.5,96,0.0
DM-16-08-04-01,2026-08-13,108.875,4341.25,96,2.719
DM-16-08-04-01,2026-08-14,108.875,4341.25,96,5.437
DM-16-08-04-01,2026-08-15,108.875,4341.25,96,8.156
DM-16-08-04-01,2026-08-16,108.875,4341.25,96,10.874
DM-16-08-04-02,2026-07-25,74.625,3074.0,96,
DM-16-08-04-02,2026-07-26,79.75,3100.0,96,
DM-16-08-04-02,2026-07-27,69.875,2860.0,96,
DM-16-08-04-02,2026-07-28,75.25,2938.25,96,
DM-16-08-04-02,2026-07-29,73.875,2927.0,96,
DM-16-08-04-02,2026-07-30,69.375,2891.25,96,
DM-16-08-04-02,2026-07-31,73.5,2681.75,96,
DM-16-08-04-02,2026-08-01,65.0,2778.75,96,
DM-16-08-04-02,2026-08-02,69.5,2781.25,96,
DM-16-08-04-02,2026-08-03,61.25,2588.0,96,
DM-16-08-04-02,2026-08-04,61.375,2663.25,96,
DM-16-08-04-02,2026-08-05,65.125,2534.0,96,
DM-16-08-04-02,2026-08-06,61.375,2473.0,96,
DM-16-08-04-02,2026-08-07,26.375,2376.25,96,
DM-16-08-04-02,2026-08-08,67.375,2737.75,96,0.0
DM-16-08-04-02,2026-08-09,61.5,2672.75,96,0.0
DM-16-08-04-02,2026-08-10,62.75,2643.5,96,0.0
DM-16-08-04-02,2026-08-11,61.0,2595.5,96,0.0
DM-16-08-04-02,2026-08-12,61.0,2598.0,96,0.0
DM-16-08-04-02,2026-08-13,72.125,2540.75,96,0.0
DM-16-08-04-02,2026-08-14,66.25,2690.75,96,0.0
DM-16-08-04-02,2026-08-15,76.625,2942.5,96,4.278
DM-16-08-04-02,2026-08-16,73.375,2845.5,96,5.307
DM-17-07-09-05,2026-07-25,68.0,2805.0,96,
DM-17-07-09-05,2026-07-26,68.0,2805.0,96,
DM-17-07-09-05,2026-07-27,68.0,2805.0,96,
DM-17-07-09-05,2026-07-28,68.0,2805.0,96,
DM-17-07-09-05,2026-07-29,68.0,2805.0,96,
DM-17-07-09-05,2026-07-30,68.0,2805.0,96,
DM-17-07-09-05,2026-07-31,68.0,2805.0,96,
DM-17-07-09-05,2026-08-01,68.0,2805.0,96,
DM-17-07-09-05,2026-08-02,68.0,2805.0,96,
DM-17-07-09-05,2026-08-03,68.0,2805.0,96,
DM-17-07-09-05,2026-08-04,68.0,2805.0,96,
DM-17-07-09-05,2026-08-05,68.0,2805.0,96,
DM-17-07-09-05,2026-08-06,68.0,2805.0,96,
DM-17-07-09-05,2026-08-07,68.0,2805.0,96,
DM-17-07-09-05,2026-08-08,68.0,2805.0,96,0.0
DM-17-07-09-05,2026-08-09,68.0,2805.0,96,0.0
DM-17-07-09-05,2026-08-10,68.0,2805.0,96,0.0
DM-17-07-09-05,2026-08-11,68.0,2805.0,96,0.0
DM-17-07-09-05,2026-08-12,68.0,2805.0,96,0.0
DM-17-07-09-05,2026-08-13,68.0,2805.0,96,0.0
DM-17-07-09-05,2026-08-14,68.0,2805.0,96,0.0
DM-17-07-09-05,2026-08-15,68.0,2805.0,96,0.0
DM-17-07-09-05,2026-08-16,68.0,2805.0,96,0.0
DM-17-09-07-01,2026-07-25,78.125,2873.0,96,
DM-17-09-07-01,2026-07-26,78.125,2873.0,96,
DM-17-09-07-01,2026-07-27,78.125,2873.0,96,
DM-17-09-07-01,2026-07-28,78.125,2873.0,96,
DM-17-09-07-01,2026-07-29,78.125,2873.0,96,
DM-17-09-07-01,2026-07-30,78.125,2873.0,96,
DM-17-09-07-01,2026-07-31,78.125,2873.0,96,
DM-17-09-07-01,2026-08-01,78.125,2873.0,96,
DM-17-09-07-01,2026-08-02,78.125,2873.0,96,
DM-17-09-07-01,2026-08-03,78.125,2873.0,96,
DM-17-09-07-01,2026-08-04,78.125,2873.0,96,
DM-17-09-07-01,2026-08-05,78.125,2873.0,96,
DM-17-09-07-01,2026-08-06,78.125,2873.0,96,
DM-17-09-07-01,2026-08-07,78.125,2873.0,96,
DM-17-09-07-01,2026-08-08,78.125,2873.0,96,0.0
DM-17-09-07-01,2026-08-09,78.125,2873.0,96,0.0
DM-17-09-07-01,2026-08-10,78.125,2873.0,96,0.0
DM-17-09-07-01,2026-08-11,78.125,2873.0,96,0.0
DM-17-09-07-01,2026-08-12,78.125,2873.0,96,0.0
DM-17-09-07-01,2026-08-13,78.125,2873.0,96,0.0
DM-17-09-07-01,2026-08-14,78.125,2873.0,96,0.0
DM-17-09-07-01,2026-08-15,78.125,2873.0,96,0.0
DM-17-09-07-01,2026-08-16,78.125,2873.0,96,0.0
DM-53-01-01-05,2026-07-25,51.375,963.5,96,
DM-53-01-01-05,2026-07-26,55.0,918.75,96,
DM-53-01-01-05,2026-07-27,51.25,887.25,96,
DM-53-01-01-05,2026-07-28,49.875,908.25,96,
DM-53-01-01-05,2026-07-29,48.75,910.5,96,
DM-53-01-01-05,2026-07-30,50.5,901.75,96,
DM-53-01-01-05,2026-07-31,50.125,926.25,96,
DM-53-01-01-05,2026-08-01,48.5,899.0,96,
DM-53-01-01-05,2026-08-02,54.375,919.0,96,
DM-53-01-01-05,2026-08-03,12.75,912.5,96,
DM-53-01-01-05,2026-08-04,13.25,874.0,96,
DM-53-01-01-05,2026-08-05,11.75,837.25,96,
DM-53-01-01-05,2026-08-06,11.875,912.75,96,
DM-53-01-01-05,2026-08-07,45.25,876.88,96,
DM-53-01-01-05,2026-08-08,13.25,932.75,96,0.0
DM-53-01-01-05,2026-08-09,16.25,996.75,96,0.0
DM-53-01-01-05,2026-08-10,12.875,901.0,96,0.0
DM-53-01-01-05,2026-08-11,11.875,893.75,96,0.0
DM-53-01-01-05,2026-08-12,12.375,902.5,96,0.0
DM-53-01-01-05,2026-08-13,12.25,920.75,96,0.0
DM-53-01-01-05,2026-08-14,12.0,904.0,96,0.0
DM-53-01-01-05,2026-08-15,12.875,927.0,96,0.0
DM-53-01-01-05,2026-08-16,12.25,923.75,96,0.0
DM-53-01-03-01,2026-07-25,79.0,4055.0,96,
DM-53-01-03-01,2026-07-26,81.875,4040.0,96,
DM-53-01-03-01,2026-07-27,79.625,3844.0,96,
DM-53-01-03-01,2026-07-28,78.875,3866.0,96,
DM-53-01-03-01,2026-07-29,81.125,3884.25,96,
DM-53-01-03-01,2026-07-30,80.625,3906.5,96,
DM-53-01-03-01,2026-07-31,83.75,3829.25,96,
DM-53-01-03-01,2026-08-01,81.5,4082.5,96,
DM-53-01-03-01,2026-08-02,86.375,4172.75,96,
DM-53-01-03-01,2026-08-03,83.125,3934.0,96,
DM-53-01-03-01,2026-08-04,80.5,3890.5,96,
DM-53-01-03-01,2026-08-05,79.5,3791.75,96,
DM-53-01-03-01,2026-08-06,75.25,3890.75,96,
DM-53-01-03-01,2026-08-07,75.375,3839.5,96,
DM-53-01-03-01,2026-08-08,78.25,3928.5,96,0.0
DM-53-01-03-01,2026-08-09,93.625,3959.25,96,11.723
DM-53-01-03-01,2026-08-10,66.75,3493.5,96,0.0
DM-53-01-03-01,2026-08-11,67.75,3154.25,96,0.0
DM-53-01-03-01,2026-08-12,99.375,3807.5,96,17.473
DM-53-01-03-01,2026-08-13,65.125,3517.5,96,0.696
DM-53-01-03-01,2026-08-14,69.375,3527.25,96,0.0
DM-53-01-03-01,2026-08-15,71.625,3751.0,96,0.0
DM-53-01-03-01,2026-08-16,72.125,3806.5,96,0.0
DM-53-01-05-04,2026-07-25,31.75,2224.0,96,
DM-53-01-05-04,2026-07-26,31.625,2268.75,96,
DM-53-01-05-04,2026-07-27,30.625,2124.25,96,
DM-53-01-05-04,2026-07-28,31.375,2051.25,96,
DM-53-01-05-04,2026-07-29,31.0,2129.0,96,
DM-53-01-05-04,2026-07-30,32.5,2123.5,96,
DM-53-01-05-04,2026-07-31,33.125,2030.25,96,
DM-53-01-05-04,2026-08-01,33.75,2247.0,96,
DM-53-01-05-04,2026-08-02,31.0,2317.75,96,
DM-53-01-05-04,2026-08-03,33.5,2191.25,96,
DM-53-01-05-04,2026-08-04,33.25,2161.0,96,
DM-53-01-05-04,2026-08-05,33.25,2149.25,96,
DM-53-01-05-04,2026-08-06,33.5,2203.5,96,
DM-53-01-05-04,2026-08-07,82.625,3737.12,96,
DM-53-01-05-04,2026-08-08,71.375,2461.5,96,28.957
DM-53-01-05-04,2026-08-09,72.5,2518.0,96,59.04
DM-53-01-05-04,2026-08-10,67.75,2368.5,96,84.372
DM-53-01-05-04,2026-08-11,70.375,2333.25,96,112.33
DM-53-01-05-04,2026-08-12,68.25,2484.5,96,138.162
DM-53-01-05-04,2026-08-13,69.25,2430.25,96,164.995
DM-53-01-05-04,2026-08-14,77.875,2525.75,96,200.452
DM-53-01-05-04,2026-08-15,80.625,2799.25,96,238.659
DM-53-01-05-04,2026-08-16,79.5,2828.25,96,275.742
DM-53-01-08-01,2026-07-25,54.875,3108.25,96,
DM-53-01-08-01,2026-07-26,56.625,3026.0,96,
DM-53-01-08-01,2026-07-27,49.5,2927.75,96,
DM-53-01-08-01,2026-07-28,54.375,2711.5,96,
DM-53-01-08-01,2026-07-29,50.625,2720.0,96,
DM-53-01-08-01,2026-07-30,50.75,2698.25,96,
DM-53-01-08-01,2026-07-31,53.5,2631.75,96,
DM-53-01-08-01,2026-08-01,51.75,2795.25,96,
DM-53-01-08-01,2026-08-02,58.875,2915.25,96,
DM-53-01-08-01,2026-08-03,54.25,2843.25,96,
DM-53-01-08-01,2026-08-04,51.5,2835.5,96,
DM-53-01-08-01,2026-08-05,53.5,2790.0,96,
DM-53-01-08-01,2026-08-06,49.125,2725.5,96,
DM-53-01-08-01,2026-08-07,52.875,2747.75,96,
DM-53-01-08-01,2026-08-08,54.125,2839.75,96,0.0
DM-53-01-08-01,2026-08-09,56.375,2913.25,96,2.051
DM-53-01-08-01,2026-08-10,49.25,2788.5,96,0.0
DM-53-01-08-01,2026-08-11,49.5,2719.5,96,0.0
DM-53-01-08-01,2026-08-12,51.625,2796.0,96,0.0
DM-53-01-08-01,2026-08-13,48.625,2726.5,96,0.0
DM-53-01-08-01,2026-08-14,50.875,2787.0,96,0.0
DM-53-01-08-01,2026-08-15,50.25,2947.75,96,0.0
DM-53-01-08-01,2026-08-16,54.375,2863.75,96,0.051
DM-53-02-01-01,2026-07-25,110.0,4823.75,96,
DM-53-02-01-01,2026-07-26,108.875,4868.75,96,
DM-53-02-01-01,2026-07-27,109.0,4638.0,96,
DM-53-02-01-01,2026-07-28,113.625,4622.25,96,
DM-53-02-01-01,2026-07-29,110.625,4618.25,96,
DM-53-02-01-01,2026-07-30,107.875,4642.75,96,
DM-53-02-01-01,2026-07-31,115.875,4615.25,96,
DM-53-02-01-01,2026-08-01,117.125,4719.5,96,
DM-53-02-01-01,2026-08-02,114.5,4871.75,96,
DM-53-02-01-01,2026-08-03,115.0,4769.0,96,
DM-53-02-01-01,2026-08-04,111.25,4696.0,96,
DM-53-02-01-01,2026-08-05,109.375,4682.25,96,
DM-53-02-01-01,2026-08-06,103.25,4639.75,96,
DM-53-02-01-01,2026-08-07,107.875,4638.25,96,
DM-53-02-01-01,2026-08-08,108.375,4712.75,96,0.0
DM-53-02-01-01,2026-08-09,110.375,4828.75,96,0.0
DM-53-02-01-01,2026-08-10,107.875,4654.5,96,0.0
DM-53-02-01-01,2026-08-11,113.125,4690.25,96,0.273
DM-53-02-01-01,2026-08-12,114.75,4799.5,96,2.171
DM-53-02-01-01,2026-08-13,112.125,4726.0,96,1.444
DM-53-02-01-01,2026-08-14,112.25,4732.75,96,0.842
DM-53-02-01-01,2026-08-15,110.375,4789.5,96,0.0
DM-53-02-01-01,2026-08-16,106.5,4877.25,96,0.0
DM-53-02-03-02,2026-07-25,117.5,5297.5,96,
DM-53-02-03-02,2026-07-26,116.375,5266.5,96,
DM-53-02-03-02,2026-07-27,110.625,5024.0,96,
DM-53-02-03-02,2026-07-28,110.375,5006.5,96,
DM-53-02-03-02,2026-07-29,115.625,5073.25,96,
DM-53-02-03-02,2026-07-30,100.375,4958.75,96,
DM-53-02-03-02,2026-07-31,113.5,4891.75,96,
DM-53-02-03-02,2026-08-01,108.0,5109.75,96,
DM-53-02-03-02,2026-08-02,120.375,5256.5,96,
DM-53-02-03-02,2026-08-03,101.125,5094.75,96,
DM-53-02-03-02,2026-08-04,109.25,5091.5,96,
DM-53-02-03-02,2026-08-05,134.75,5101.0,96,
DM-53-02-03-02,2026-08-06,107.875,4925.75,96,
DM-53-02-03-02,2026-08-07,93.75,4717.0,96,
DM-53-02-03-02,2026-08-08,101.5,4758.75,96,0.0
DM-53-02-03-02,2026-08-09,103.125,4925.5,96,0.0
DM-53-02-03-02,2026-08-10,97.375,4748.25,96,0.0
DM-53-02-03-02,2026-08-11,114.375,5180.0,96,0.0
DM-53-02-03-02,2026-08-12,105.5,5306.5,96,0.0
DM-53-02-03-02,2026-08-13,109.125,5105.0,96,0.0
DM-53-02-03-02,2026-08-14,111.375,5132.0,96,0.0
DM-53-02-03-02,2026-08-15,117.25,5352.75,96,1.078
DM-53-02-03-02,2026-08-16,117.75,5388.5,96,2.657
DM-53-02-03-03,2026-07-25,162.75,7735.0,96,
DM-53-02-03-03,2026-07-26,161.625,7811.0,96,
DM-53-02-03-03,2026-07-27,158.875,7382.25,96,
DM-53-02-03-03,2026-07-28,161.125,7566.5,96,
DM-53-02-03-03,2026-07-29,151.625,7333.25,96,
DM-53-02-03-03,2026-07-30,154.875,7336.5,96,
DM-53-02-03-03,2026-07-31,157.5,7211.25,96,
DM-53-02-03-03,2026-08-01,162.375,7535.5,96,
DM-53-02-03-03,2026-08-02,155.125,7729.25,96,
DM-53-02-03-03,2026-08-03,153.75,7369.0,96,
DM-53-02-03-03,2026-08-04,158.5,7407.5,96,
DM-53-02-03-03,2026-08-05,153.875,7367.5,96,
DM-53-02-03-03,2026-08-06,144.25,7280.5,96,
DM-53-02-03-03,2026-08-07,143.125,6947.75,96,
DM-53-02-03-03,2026-08-08,148.125,7197.0,96,0.0
DM-53-02-03-03,2026-08-09,141.75,7325.25,96,0.0
DM-53-02-03-03,2026-08-10,148.5,7043.25,96,0.0
DM-53-02-03-03,2026-08-11,152.5,7248.5,96,0.0
DM-53-02-03-03,2026-08-12,148.5,7555.0,96,0.0
DM-53-02-03-03,2026-08-13,150.75,7333.5,96,0.0
DM-53-02-03-03,2026-08-14,157.125,7369.5,96,0.0
DM-53-02-03-03,2026-08-15,162.25,7616.75,96,3.61
DM-53-02-03-03,2026-08-16,156.625,7815.25,96,1.596
DM-53-02-04-02,2026-07-25,72.875,4262.25,96,
DM-53-02-04-02,2026-07-26,75.875,4326.75,96,
DM-53-02-04-02,2026-07-27,79.5,4080.75,96,
DM-53-02-04-02,2026-07-28,75.25,4020.75,96,
DM-53-02-04-02,2026-07-29,80.5,4116.25,96,
DM-53-02-04-02,2026-07-30,78.125,4142.0,96,
DM-53-02-04-02,2026-07-31,80.125,4063.25,96,
DM-53-02-04-02,2026-08-01,76.25,4249.5,96,
DM-53-02-04-02,2026-08-02,79.5,4445.0,96,
DM-53-02-04-02,2026-08-03,80.125,4281.0,96,
DM-53-02-04-02,2026-08-04,78.5,4282.25,96,
DM-53-02-04-02,2026-08-05,82.25,4216.25,96,
DM-53-02-04-02,2026-08-06,77.125,4276.25,96,
DM-53-02-04-02,2026-08-07,73.875,4105.25,96,
DM-53-02-04-02,2026-08-08,83.0,4532.25,96,3.836
DM-53-02-04-02,2026-08-09,83.375,4569.75,96,8.047
DM-53-02-04-02,2026-08-10,81.25,4359.5,96,10.133
DM-53-02-04-02,2026-08-11,81.5,4762.0,96,12.468
DM-53-02-04-02,2026-08-12,71.875,4009.5,96,5.179
DM-53-02-04-02,2026-08-13,73.125,3828.25,96,0.0
DM-53-02-04-02,2026-08-14,67.5,3923.75,96,0.0
DM-53-02-04-02,2026-08-15,72.75,4116.75,96,0.0
DM-53-02-04-02,2026-08-16,73.125,4144.0,96,0.0
DM-53-02-05-02,2026-07-25,86.25,3069.5,96,
DM-53-02-05-02,2026-07-26,74.625,2916.25,96,
DM-53-02-05-02,2026-07-27,74.625,3035.5,96,
DM-53-02-05-02,2026-07-28,65.625,2913.25,96,
DM-53-02-05-02,2026-07-29,67.375,3040.5,96,
DM-53-02-05-02,2026-07-30,67.875,2990.75,96,
DM-53-02-05-02,2026-07-31,53.75,2884.25,96,
DM-53-02-05-02,2026-08-01,73.25,3043.0,96,
DM-53-02-05-02,2026-08-02,69.125,3048.5,96,
DM-53-02-05-02,2026-08-03,70.625,3068.0,96,
DM-53-02-05-02,2026-08-04,95.125,3085.5,96,
DM-53-02-05-02,2026-08-05,59.0,2958.5,96,
DM-53-02-05-02,2026-08-06,67.75,3069.0,96,
DM-53-02-05-02,2026-08-07,46.75,2973.75,96,
DM-53-02-05-02,2026-08-08,58.875,3110.75,96,0.0
DM-53-02-05-02,2026-08-09,58.625,3034.0,96,0.0
DM-53-02-05-02,2026-08-10,51.375,3025.25,96,0.0
DM-53-02-05-02,2026-08-11,66.25,3039.75,96,0.0
DM-53-02-05-02,2026-08-12,69.0,3050.5,96,0.0
DM-53-02-05-02,2026-08-13,58.625,3070.75,96,0.0
DM-53-02-05-02,2026-08-14,64.125,3032.25,96,0.0
DM-53-02-05-02,2026-08-15,66.25,3155.75,96,0.0
DM-53-02-05-02,2026-08-16,64.875,3147.25,96,0.0
DM-53-02-06-02,2026-07-25,124.75,5238.75,96,
DM-53-02-06-02,2026-07-26,122.0,5175.75,96,
DM-53-02-06-02,2026-07-27,120.25,5052.5,96,
DM-53-02-06-02,2026-07-28,115.375,4908.5,96,
DM-53-02-06-02,2026-07-29,110.375,4990.25,96,
DM-53-02-06-02,2026-07-30,118.0,5030.75,96,
DM-53-02-06-02,2026-07-31,115.75,5093.0,96,
DM-53-02-06-02,2026-08-01,116.375,5202.75,96,
DM-53-02-06-02,2026-08-02,119.875,5279.0,96,
DM-53-02-06-02,2026-08-03,119.875,5285.0,96,
DM-53-02-06-02,2026-08-04,119.125,5256.75,96,
DM-53-02-06-02,2026-08-05,119.875,5253.75,96,
DM-53-02-06-02,2026-08-06,114.25,5263.0,96,
DM-53-02-06-02,2026-08-07,116.0,5334.75,96,
DM-53-02-06-02,2026-08-08,117.125,5396.75,96,0.0
DM-53-02-06-02,2026-08-09,114.25,5400.25,96,0.0
DM-53-02-06-02,2026-08-10,109.875,5229.0,96,0.0
DM-53-02-06-02,2026-08-11,110.125,4880.75,96,0.0
DM-53-02-06-02,2026-08-12,104.625,4947.25,96,0.0
DM-53-02-06-02,2026-08-13,108.875,5078.75,96,0.0
DM-53-02-06-02,2026-08-14,109.125,5096.5,96,0.0
DM-53-02-06-02,2026-08-15,112.0,5137.5,96,0.0
DM-53-02-06-02,2026-08-16,108.875,5257.0,96,0.0
DM-53-02-07-01,2026-07-25,140.5,6133.25,96,
DM-53-02-07-01,2026-07-26,142.125,6244.75,96,
DM-53-02-07-01,2026-07-27,134.125,5928.25,96,
DM-53-02-07-01,2026-07-28,127.0,6022.0,96,
DM-53-02-07-01,2026-07-29,133.25,6000.0,96,
DM-53-02-07-01,2026-07-30,135.5,6004.0,96,
DM-53-02-07-01,2026-07-31,140.125,5986.5,96,
DM-53-02-07-01,2026-08-01,140.625,6098.0,96,
DM-53-02-07-01,2026-08-02,145.125,6472.0,96,
DM-53-02-07-01,2026-08-03,145.25,6277.25,96,
DM-53-02-07-01,2026-08-04,134.25,6174.0,96,
DM-53-02-07-01,2026-08-05,138.5,6122.75,96,
DM-53-02-07-01,2026-08-06,128.0,6184.0,96,
DM-53-02-07-01,2026-08-07,142.25,6266.25,96,
DM-53-02-07-01,2026-08-08,149.75,6416.0,96,9.353
DM-53-02-07-01,2026-08-09,139.125,6626.75,96,8.081
DM-53-02-07-01,2026-08-10,129.25,6150.25,96,0.0
DM-53-02-07-01,2026-08-11,134.0,5969.25,96,0.0
DM-53-02-07-01,2026-08-12,139.625,6323.0,96,0.0
DM-53-02-07-01,2026-08-13,130.875,6169.0,96,0.0
DM-53-02-07-01,2026-08-14,141.0,6185.25,96,0.603
DM-53-02-07-01,2026-08-15,145.0,6300.5,96,5.206
DM-53-02-07-01,2026-08-16,141.875,6540.5,96,6.683
DM-53-02-08-01,2026-07-25,76.0,4823.5,96,
DM-53-02-08-01,2026-07-26,80.0,4715.75,96,
DM-53-02-08-01,2026-07-27,77.125,4519.5,96,
DM-53-02-08-01,2026-07-28,77.0,4502.25,96,
DM-53-02-08-01,2026-07-29,79.5,4531.75,96,
DM-53-02-08-01,2026-07-30,78.0,4566.0,96,
DM-53-02-08-01,2026-07-31,82.25,4597.25,96,
DM-53-02-08-01,2026-08-01,83.625,4879.75,96,
DM-53-02-08-01,2026-08-02,82.625,5008.0,96,
DM-53-02-08-01,2026-08-03,83.375,4865.5,96,
DM-53-02-08-01,2026-08-04,80.25,4763.75,96,
DM-53-02-08-01,2026-08-05,76.625,4603.5,96,
DM-53-02-08-01,2026-08-06,78.5,4541.5,96,
DM-53-02-08-01,2026-08-07,66.0,4150.75,96,
DM-53-02-08-01,2026-08-08,59.875,4286.5,96,0.0
DM-53-02-08-01,2026-08-09,62.375,4292.5,96,0.0
DM-53-02-08-01,2026-08-10,56.25,3992.5,96,0.0
DM-53-02-08-01,2026-08-11,56.875,3886.75,96,0.0
DM-53-02-08-01,2026-08-12,57.125,4081.0,96,0.0
DM-53-02-08-01,2026-08-13,55.625,3921.75,96,0.0
DM-53-02-08-01,2026-08-14,56.375,4065.5,96,0.0
DM-53-02-08-01,2026-08-15,60.75,4278.5,96,0.0
DM-53-02-08-01,2026-08-16,63.875,4868.0,96,0.0
DM-53-02-09-01,2026-07-25,17.375,1356.0,96,
DM-53-02-09-01,2026-07-26,19.0,1451.25,96,
DM-53-02-09-01,2026-07-27,22.5,1321.75,96,
DM-53-02-09-01,2026-07-28,18.625,1317.0,96,
DM-53-02-09-01,2026-07-29,18.5,1379.0,96,
DM-53-02-09-01,2026-07-30,24.25,1425.0,96,
DM-53-02-09-01,2026-07-31,21.75,1394.25,96,
DM-53-02-09-01,2026-08-01,21.0,1370.75,96,
DM-53-02-09-01,2026-08-02,27.75,1504.75,96,
DM-53-02-09-01,2026-08-03,26.375,1417.5,96,
DM-53-02-09-01,2026-08-04,24.375,1387.25,96,
DM-53-02-09-01,2026-08-05,18.625,1393.0,96,
DM-53-02-09-01,2026-08-06,25.625,1845.0,96,
DM-53-02-09-01,2026-08-07,33.875,1997.75,96,
DM-53-02-09-01,2026-08-08,35.125,1972.0,96,10.082
DM-53-02-09-01,2026-08-09,32.5,2170.5,96,17.539
DM-53-02-09-01,2026-08-10,27.625,1568.75,96,20.121
DM-53-02-09-01,2026-08-11,20.25,1247.75,96,15.328
DM-53-02-09-01,2026-08-12,18.25,1385.0,96,8.535
DM-53-02-09-01,2026-08-13,16.5,1285.25,96,0.0
DM-53-02-09-01,2026-08-14,17.375,1334.25,96,0.0
DM-53-02-09-01,2026-08-15,16.75,1287.5,96,0.0
DM-53-02-09-01,2026-08-16,15.375,1410.75,96,0.0
DM-53-02-09-02,2026-07-25,104.875,5557.25,96,
DM-53-02-09-02,2026-07-26,100.5,5625.5,96,
DM-53-02-09-02,2026-07-27,101.375,5278.5,96,
DM-53-02-09-02,2026-07-28,98.25,5337.0,96,
DM-53-02-09-02,2026-07-29,96.125,5236.75,96,
DM-53-02-09-02,2026-07-30,89.375,5248.5,96,
DM-53-02-09-02,2026-07-31,103.625,5100.75,96,
DM-53-02-09-02,2026-08-01,88.0,5203.75,96,
DM-53-02-09-02,2026-08-02,102.5,5492.75,96,
DM-53-02-09-02,2026-08-03,89.25,5159.75,96,
DM-53-02-09-02,2026-08-04,89.5,5191.0,96,
DM-53-02-09-02,2026-08-05,99.25,5095.25,96,
DM-53-02-09-02,2026-08-06,92.125,5944.5,96,
DM-53-02-09-02,2026-08-07,105.875,6466.25,96,
DM-53-02-09-02,2026-08-08,120.25,6789.5,96,19.979
DM-53-02-09-02,2026-08-09,127.25,7037.25,96,46.958
DM-53-02-09-02,2026-08-10,115.625,5696.75,96,62.312
DM-53-02-09-02,2026-08-11,96.5,5036.0,96,58.541
DM-53-02-09-02,2026-08-12,85.25,5308.5,96,43.52
DM-53-02-09-02,2026-08-13,86.375,5054.5,96,29.624
DM-53-02-09-02,2026-08-14,83.625,5053.25,96,12.978
DM-53-02-09-02,2026-08-15,91.0,5201.75,96,3.707
DM-53-02-09-02,2026-08-16,91.625,5371.75,96,0.0
DM-53-03-01-03,2026-07-25,59.875,4266.5,96,
DM-53-03-01-03,2026-07-26,55.75,4206.5,96,
DM-53-03-01-03,2026-07-27,65.375,4223.25,96,
DM-53-03-01-03,2026-07-28,62.75,4166.5,96,
DM-53-03-01-03,2026-07-29,64.75,4174.0,96,
DM-53-03-01-03,2026-07-30,66.25,4249.0,96,
DM-53-03-01-03,2026-07-31,71.75,4276.25,96,
DM-53-03-01-03,2026-08-01,70.375,4294.75,96,
DM-53-03-01-03,2026-08-02,69.375,4286.75,96,
DM-53-03-01-03,2026-08-03,67.875,4386.75,96,
DM-53-03-01-03,2026-08-04,75.875,4352.25,96,
DM-53-03-01-03,2026-08-05,74.0,4285.0,96,
DM-53-03-01-03,2026-08-06,64.875,4341.0,96,
DM-53-03-01-03,2026-08-07,67.75,4344.75,96,
DM-53-03-01-03,2026-08-08,65.875,4364.0,96,0.0
DM-53-03-01-03,2026-08-09,65.5,4480.0,96,0.0
DM-53-03-01-03,2026-08-10,61.25,4243.25,96,0.0
DM-53-03-01-03,2026-08-11,61.75,4205.5,96,0.0
DM-53-03-01-03,2026-08-12,68.625,4258.0,96,0.0
DM-53-03-01-03,2026-08-13,58.875,4238.5,96,0.0
DM-53-03-01-03,2026-08-14,70.125,4351.75,96,0.63
DM-53-03-01-03,2026-08-15,64.125,4346.0,96,0.0
DM-53-03-01-03,2026-08-16,63.0,4319.5,96,0.0
DM-53-03-01-04,2026-07-25,95.25,4560.12,96,
DM-53-03-01-04,2026-07-26,95.25,4560.12,96,
DM-53-03-01-04,2026-07-27,95.25,4560.12,96,
DM-53-03-01-04,2026-07-28,95.25,4560.12,96,
DM-53-03-01-04,2026-07-29,95.25,4560.12,96,
DM-53-03-01-04,2026-07-30,95.25,4560.12,96,
DM-53-03-01-04,2026-07-31,95.25,4560.12,96,
DM-53-03-01-04,2026-08-01,95.25,4560.12,96,
DM-53-03-01-04,2026-08-02,95.25,4560.12,96,
DM-53-03-01-04,2026-08-03,95.25,4560.12,96,
DM-53-03-01-04,2026-08-04,95.25,4560.12,96,
DM-53-03-01-04,2026-08-05,95.25,4560.12,96,
DM-53-03-01-04,2026-08-06,95.25,4560.12,96,
DM-53-03-01-04,2026-08-07,95.25,4560.12,96,
DM-53-03-01-04,2026-08-08,95.25,4560.12,96,0.0
DM-53-03-01-04,2026-08-09,95.25,4560.12,96,0.0
DM-53-03-01-04,2026-08-10,95.25,4560.12,96,0.0
DM-53-03-01-04,2026-08-11,95.25,4560.12,96,0.0
DM-53-03-01-04,2026-08-12,95.25,4560.12,96,0.0
DM-53-03-01-04,2026-08-13,95.25,4560.12,96,0.0
DM-53-03-01-04,2026-08-14,95.25,4560.12,96,0.0
DM-53-03-01-04,2026-08-15,95.25,4560.12,96,0.0
DM-53-03-01-04,2026-08-16,95.25,4560.12,96,0.0
DM-53-03-02-01,2026-07-25,68.875,4464.25,96,
DM-53-03-02-01,2026-07-26,72.75,4426.75,96,
DM-53-03-02-01,2026-07-27,72.25,4236.0,96,
DM-53-03-02-01,2026-07-28,71.875,4212.0,96,
DM-53-03-02-01,2026-07-29,71.75,4278.75,96,
DM-53-03-02-01,2026-07-30,71.0,4245.25,96,
DM-53-03-02-01,2026-07-31,72.5,4159.0,96,
DM-53-03-02-01,2026-08-01,74.0,4397.75,96,
DM-53-03-02-01,2026-08-02,74.75,4558.0,96,
DM-53-03-02-01,2026-08-03,69.875,4319.5,96,
DM-53-03-02-01,2026-08-04,71.75,4364.5,96,
DM-53-03-02-01,2026-08-05,72.125,4153.0,96,
DM-53-03-02-01,2026-08-06,66.875,4164.25,96,
DM-53-03-02-01,2026-08-07,69.75,4139.0,96,
DM-53-03-02-01,2026-08-08,68.75,4373.5,96,0.0
DM-53-03-02-01,2026-08-09,68.75,4457.0,96,0.0
DM-53-03-02-01,2026-08-10,70.5,4156.25,96,0.0
DM-53-03-02-01,2026-08-11,67.375,4133.5,96,0.0
DM-53-03-02-01,2026-08-12,71.375,4367.5,96,0.0
DM-53-03-02-01,2026-08-13,67.25,4156.0,96,0.0
DM-53-03-02-01,2026-08-14,70.5,4251.25,96,0.0
DM-53-03-02-01,2026-08-15,71.625,4449.5,96,0.0
DM-53-03-02-01,2026-08-16,72.25,4527.75,96,0.0
DM-53-03-04-02,2026-07-25,21.25,1762.25,96,
DM-53-03-04-02,2026-07-26,22.75,1719.5,96,
DM-53-03-04-02,2026-07-27,19.875,1614.0,96,
DM-53-03-04-02,2026-07-28,18.5,1539.75,96,
DM-53-03-04-02,2026-07-29,19.25,1577.25,96,
DM-53-03-04-02,2026-07-30,20.125,1602.25,96,
DM-53-03-04-02,2026-07-31,20.375,1553.0,96,
DM-53-03-04-02,2026-08-01,20.25,1658.75,96,
DM-53-03-04-02,2026-08-02,22.625,1734.75,96,
DM-53-03-04-02,2026-08-03,19.125,1667.5,96,
DM-53-03-04-02,2026-08-04,21.0,1618.75,96,
DM-53-03-04-02,2026-08-05,19.125,1594.25,96,
DM-53-03-04-02,2026-08-06,19.5,1588.5,96,
DM-53-03-04-02,2026-08-07,18.875,1556.0,96,
DM-53-03-04-02,2026-08-08,20.75,1655.0,96,0.0
DM-53-03-04-02,2026-08-09,21.0,1699.75,96,0.177
DM-53-03-04-02,2026-08-10,18.75,1579.75,96,0.0
DM-53-03-04-02,2026-08-11,20.0,1526.25,96,0.0
DM-53-03-04-02,2026-08-12,18.75,1634.75,96,0.0
DM-53-03-04-02,2026-08-13,20.25,1599.5,96,0.0
DM-53-03-04-02,2026-08-14,18.75,1558.0,96,0.0
DM-53-03-04-02,2026-08-15,19.375,1631.5,96,0.0
DM-53-03-04-02,2026-08-16,21.0,1665.75,96,0.177
DM-53-03-05-02,2026-07-25,157.375,8094.25,96,
DM-53-03-05-02,2026-07-26,150.75,7739.25,96,
DM-53-03-05-02,2026-07-27,152.875,7498.0,96,
DM-53-03-05-02,2026-07-28,149.875,7596.75,96,
DM-53-03-05-02,2026-07-29,158.25,7860.5,96,
DM-53-03-05-02,2026-07-30,163.5,7763.25,96,
DM-53-03-05-02,2026-07-31,161.75,7586.5,96,
DM-53-03-05-02,2026-08-01,160.5,7851.25,96,
DM-53-03-05-02,2026-08-02,153.75,7937.25,96,
DM-53-03-05-02,2026-08-03,156.5,7789.75,96,
DM-53-03-05-02,2026-08-04,156.875,7699.25,96,
DM-53-03-05-02,2026-08-05,151.5,7630.5,96,
DM-53-03-05-02,2026-08-06,158.375,7754.25,96,
DM-53-03-05-02,2026-08-07,156.75,7559.25,96,
DM-53-03-05-02,2026-08-08,154.375,7859.5,96,0.0
DM-53-03-05-02,2026-08-09,150.375,7868.25,96,0.0
DM-53-03-05-02,2026-08-10,150.5,7554.5,96,0.0
DM-53-03-05-02,2026-08-11,150.75,7710.75,96,0.0
DM-53-03-05-02,2026-08-12,147.25,8049.5,96,0.0
DM-53-03-05-02,2026-08-13,118.875,7441.75,96,0.0
DM-53-03-05-02,2026-08-14,165.0,7739.25,96,6.677
DM-53-03-05-02,2026-08-15,161.25,7878.5,96,9.604
DM-53-03-05-02,2026-08-16,156.0,8022.25,96,7.281
DM-53-03-06-02,2026-07-25,75.5,4263.5,96,
DM-53-03-06-02,2026-07-26,79.125,4143.0,96,
DM-53-03-06-02,2026-07-27,77.25,3986.5,96,
DM-53-03-06-02,2026-07-28,77.375,4129.75,96,
DM-53-03-06-02,2026-07-29,82.375,4017.5,96,
DM-53-03-06-02,2026-07-30,78.5,4050.25,96,
DM-53-03-06-02,2026-07-31,77.375,4136.25,96,
DM-53-03-06-02,2026-08-01,79.375,4286.75,96,
DM-53-03-06-02,2026-08-02,73.375,4256.5,96,
DM-53-03-06-02,2026-08-03,84.875,4231.5,96,
DM-53-03-06-02,2026-08-04,81.625,4223.5,96,
DM-53-03-06-02,2026-08-05,76.375,4105.75,96,
DM-53-03-06-02,2026-08-06,76.875,4172.75,96,
DM-53-03-06-02,2026-08-07,78.625,4283.75,96,
DM-53-03-06-02,2026-08-08,77.5,4382.75,96,0.0
DM-53-03-06-02,2026-08-09,83.125,4308.0,96,3.231
DM-53-03-06-02,2026-08-10,74.875,4067.5,96,0.0
DM-53-03-06-02,2026-08-11,76.625,4261.25,96,0.0
DM-53-03-06-02,2026-08-12,80.75,4174.5,96,0.856
DM-53-03-06-02,2026-08-13,80.875,4311.25,96,1.836
DM-53-03-06-02,2026-08-14,90.125,4348.5,96,12.067
DM-53-03-06-02,2026-08-15,78.375,4275.0,96,10.548
DM-53-03-06-02,2026-08-16,77.25,4144.0,96,7.903
DM-53-05-01-03,2026-07-25,72.125,3971.75,96,
DM-53-05-01-03,2026-07-26,66.875,3869.0,96,
DM-53-05-01-03,2026-07-27,70.75,4045.25,96,
DM-53-05-01-03,2026-07-28,69.75,3862.75,96,
DM-53-05-01-03,2026-07-29,71.75,3882.0,96,
DM-53-05-01-03,2026-07-30,71.0,3901.5,96,
DM-53-05-01-03,2026-07-31,74.625,3925.75,96,
DM-53-05-01-03,2026-08-01,74.25,4074.5,96,
DM-53-05-01-03,2026-08-02,75.5,4256.5,96,
DM-53-05-01-03,2026-08-03,74.75,4170.0,96,
DM-53-05-01-03,2026-08-04,78.125,4226.0,96,
DM-53-05-01-03,2026-08-05,76.875,4047.25,96,
DM-53-05-01-03,2026-08-06,53.5,3293.0,96,
DM-53-05-01-03,2026-08-07,53.375,3297.0,96,
DM-53-05-01-03,2026-08-08,52.25,3442.25,96,0.0
DM-53-05-01-03,2026-08-09,55.625,3502.0,96,0.0
DM-53-05-01-03,2026-08-10,55.125,3330.0,96,0.0
DM-53-05-01-03,2026-08-11,51.0,3302.0,96,0.0
DM-53-05-01-03,2026-08-12,54.375,3509.0,96,0.0
DM-53-05-01-03,2026-08-13,52.625,3462.0,96,0.0
DM-53-05-01-03,2026-08-14,56.875,3575.5,96,0.0
DM-53-05-01-03,2026-08-15,59.25,3661.0,96,0.0
DM-53-05-01-03,2026-08-16,61.0,3682.0,96,0.0
DM-53-05-01-04,2026-07-25,87.625,4884.5,96,
DM-53-05-01-04,2026-07-26,85.375,4888.25,96,
DM-53-05-01-04,2026-07-27,87.0,4693.25,96,
DM-53-05-01-04,2026-07-28,92.375,4785.75,96,
DM-53-05-01-04,2026-07-29,88.875,4865.0,96,
DM-53-05-01-04,2026-07-30,89.75,4843.25,96,
DM-53-05-01-04,2026-07-31,90.75,4758.0,96,
DM-53-05-01-04,2026-08-01,93.625,5016.25,96,
DM-53-05-01-04,2026-08-02,94.75,5136.5,96,
DM-53-05-01-04,2026-08-03,94.125,4976.0,96,
DM-53-05-01-04,2026-08-04,89.75,4877.25,96,
DM-53-05-01-04,2026-08-05,88.0,4840.75,96,
DM-53-05-01-04,2026-08-06,89.375,4949.0,96,
DM-53-05-01-04,2026-08-07,93.5,4940.25,96,
DM-53-05-01-04,2026-08-08,97.5,5259.75,96,5.742
DM-53-05-01-04,2026-08-09,97.125,5366.25,96,11.109
DM-53-05-01-04,2026-08-10,94.625,5089.75,96,13.976
DM-53-05-01-04,2026-08-11,96.0,5097.75,96,18.218
DM-53-05-01-04,2026-08-12,98.25,5364.75,96,24.71
DM-53-05-01-04,2026-08-13,101.75,5251.25,96,34.702
DM-53-05-01-04,2026-08-14,101.125,5315.75,96,44.07
DM-53-05-01-04,2026-08-15,106.0,5463.75,96,58.312
DM-53-05-01-04,2026-08-16,106.25,5537.25,96,72.804
DM-53-05-03-03,2026-07-25,98.5,3643.5,96,
DM-53-05-03-03,2026-07-26,99.125,3394.25,96,
DM-53-05-03-03,2026-07-27,96.75,3415.75,96,
DM-53-05-03-03,2026-07-28,97.0,3299.25,96,
DM-53-05-03-03,2026-07-29,97.625,3702.0,96,
DM-53-05-03-03,2026-07-30,100.625,3675.5,96,
DM-53-05-03-03,2026-07-31,97.875,3534.75,96,
DM-53-05-03-03,2026-08-01,107.875,3661.0,96,
DM-53-05-03-03,2026-08-02,97.25,3262.25,96,
DM-53-05-03-03,2026-08-03,106.25,3584.5,96,
DM-53-05-03-03,2026-08-04,86.875,1306.38,96,
DM-53-05-03-03,2026-08-05,75.75,1310.0,96,
DM-53-05-03-03,2026-08-06,79.75,1526.0,96,
DM-53-05-03-03,2026-08-07,72.5,1329.75,96,
DM-53-05-03-03,2026-08-08,94.375,3608.75,96,0.0
DM-53-05-03-03,2026-08-09,68.25,1572.25,96,0.0
DM-53-05-03-03,2026-08-10,78.5,1285.62,96,0.0
DM-53-05-03-03,2026-08-11,82.5,3425.5,96,0.0
DM-53-05-03-03,2026-08-12,108.875,3463.0,96,9.797
DM-53-05-03-03,2026-08-13,103.75,3580.0,96,14.468
DM-53-05-03-03,2026-08-14,109.0,3620.25,96,24.39
DM-53-05-03-03,2026-08-15,104.375,3708.0,96,29.687
DM-53-05-03-03,2026-08-16,108.375,3305.75,96,38.984
DM-53-05-03-04,2026-07-25,87.125,5414.25,96,
DM-53-05-03-04,2026-07-26,89.5,5462.75,96,
DM-53-05-03-04,2026-07-27,87.25,5069.25,96,
DM-53-05-03-04,2026-07-28,87.5,5266.0,96,
DM-53-05-03-04,2026-07-29,88.5,5263.25,96,
DM-53-05-03-04,2026-07-30,92.0,5323.75,96,
DM-53-05-03-04,2026-07-31,90.25,5265.25,96,
DM-53-05-03-04,2026-08-01,91.625,5454.5,96,
DM-53-05-03-04,2026-08-02,99.125,5833.75,96,
DM-53-05-03-04,2026-08-03,92.0,5233.5,96,
DM-53-05-03-04,2026-08-04,89.0,5163.75,96,
DM-53-05-03-04,2026-08-05,87.375,5141.75,96,
DM-53-05-03-04,2026-08-06,85.875,5182.75,96,
DM-53-05-03-04,2026-08-07,86.25,5020.25,96,
DM-53-05-03-04,2026-08-08,88.125,5521.75,96,0.0
DM-53-05-03-04,2026-08-09,90.25,5703.25,96,0.0
DM-53-05-03-04,2026-08-10,87.625,5014.75,96,0.0
DM-53-05-03-04,2026-08-11,77.0,4808.0,96,0.0
DM-53-05-03-04,2026-08-12,80.875,5317.25,96,0.0
DM-53-05-03-04,2026-08-13,77.5,4965.75,96,0.0
DM-53-05-03-04,2026-08-14,77.75,4881.25,96,0.0
DM-53-05-03-04,2026-08-15,78.25,5333.75,96,0.0
DM-53-05-03-04,2026-08-16,92.25,5718.5,96,1.063
DM-53-05-04-01,2026-07-25,42.125,2466.25,96,
DM-53-05-04-01,2026-07-26,43.125,2544.5,96,
DM-53-05-04-01,2026-07-27,45.125,2350.0,96,
DM-53-05-04-01,2026-07-28,41.375,2382.0,96,
DM-53-05-04-01,2026-07-29,43.5,2425.0,96,
DM-53-05-04-01,2026-07-30,42.375,2393.5,96,
DM-53-05-04-01,2026-07-31,45.625,2400.75,96,
DM-53-05-04-01,2026-08-01,42.75,2474.0,96,
DM-53-05-04-01,2026-08-02,44.875,2671.25,96,
DM-53-05-04-01,2026-08-03,45.625,2496.25,96,
DM-53-05-04-01,2026-08-04,47.5,2466.0,96,
DM-53-05-04-01,2026-08-05,43.5,2409.25,96,
DM-53-05-04-01,2026-08-06,44.375,2437.5,96,
DM-53-05-04-01,2026-08-07,42.0,2399.25,96,
DM-53-05-04-01,2026-08-08,43.625,2514.75,96,0.0
DM-53-05-04-01,2026-08-09,43.125,2612.0,96,0.0
DM-53-05-04-01,2026-08-10,42.0,2423.25,96,0.0
DM-53-05-04-01,2026-08-11,46.5,2424.75,96,1.815
DM-53-05-04-01,2026-08-12,40.125,2496.0,96,0.0
DM-53-05-04-01,2026-08-13,40.875,2401.75,96,0.0
DM-53-05-04-01,2026-08-14,41.75,2401.25,96,0.0
DM-53-05-04-01,2026-08-15,45.0,2511.0,96,0.315
DM-53-05-04-01,2026-08-16,45.125,2614.75,96,0.754
DM-53-05-05-01,2026-07-25,52.312,2098.12,96,
DM-53-05-05-01,2026-07-26,20.75,1244.0,96,
DM-53-05-05-01,2026-07-27,22.875,1232.5,96,
DM-53-05-05-01,2026-07-28,40.625,1414.75,96,
DM-53-05-05-01,2026-07-29,12.375,1213.75,96,
DM-53-05-05-01,2026-07-30,31.875,1736.25,96,
DM-53-05-05-01,2026-07-31,39.625,1665.5,96,
DM-53-05-05-01,2026-08-01,33.625,1609.0,96,
DM-53-05-05-01,2026-08-02,10.75,882.38,96,
DM-53-05-05-01,2026-08-03,6.875,1536.5,96,
DM-53-05-05-01,2026-08-04,27.0,1795.0,96,
DM-53-05-05-01,2026-08-05,36.125,1671.75,96,
DM-53-05-05-01,2026-08-06,57.375,1765.75,96,
DM-53-05-05-01,2026-08-07,30.875,1517.0,96,
DM-53-05-05-01,2026-08-08,44.5,1783.5,96,7.124
DM-53-05-05-01,2026-08-09,15.25,979.75,96,0.0
DM-53-05-05-01,2026-08-10,31.875,1511.25,96,0.0
DM-53-05-05-01,2026-08-11,24.625,1472.0,96,0.0
DM-53-05-05-01,2026-08-12,26.5,1263.38,96,0.0
DM-53-05-05-01,2026-08-13,28.625,1563.75,96,0.0
DM-53-05-05-01,2026-08-14,51.125,1654.75,96,13.749
DM-53-05-05-01,2026-08-15,30.125,1685.5,96,6.499
DM-53-05-05-01,2026-08-16,19.375,987.75,96,0.0
DM-53-05-06-01,2026-07-25,10.0,748.0,96,
DM-53-05-06-01,2026-07-26,10.25,532.0,96,
DM-53-05-06-01,2026-07-27,7.75,550.5,96,
DM-53-05-06-01,2026-07-28,9.25,553.5,96,
DM-53-05-06-01,2026-07-29,9.0,503.5,96,
DM-53-05-06-01,2026-07-30,8.0,720.25,96,
DM-53-05-06-01,2026-07-31,13.25,786.0,96,
DM-53-05-06-01,2026-08-01,9.625,761.25,96,
DM-53-05-06-01,2026-08-02,11.875,602.0,96,
DM-53-05-06-01,2026-08-03,10.375,789.75,96,
DM-53-05-06-01,2026-08-04,8.875,801.75,96,
DM-53-05-06-01,2026-08-05,8.75,801.5,96,
DM-53-05-06-01,2026-08-06,9.0,801.5,96,
DM-53-05-06-01,2026-08-07,9.25,796.0,96,
DM-53-05-06-01,2026-08-08,12.5,825.0,96,2.134
DM-53-05-06-01,2026-08-09,9.125,674.0,96,0.894
DM-53-05-06-01,2026-08-10,9.875,806.25,96,0.403
DM-53-05-06-01,2026-08-11,11.125,877.75,96,1.163
DM-53-05-06-01,2026-08-12,12.75,810.5,96,3.547
DM-53-05-06-01,2026-08-13,11.875,831.0,96,5.056
DM-53-05-06-01,2026-08-14,15.75,868.0,96,10.441
DM-53-05-06-01,2026-08-15,14.0,882.0,96,14.075
DM-53-05-06-01,2026-08-16,17.5,728.0,96,21.209
DM-53-05-07-03,2026-07-25,41.625,2024.25,96,
DM-53-05-07-03,2026-07-26,42.875,2046.5,96,
DM-53-05-07-03,2026-07-27,40.875,1924.0,96,
DM-53-05-07-03,2026-07-28,40.75,1951.25,96,
DM-53-05-07-03,2026-07-29,42.0,1956.0,96,
DM-53-05-07-03,2026-07-30,40.75,1932.5,96,
DM-53-05-07-03,2026-07-31,41.375,1889.75,96,
DM-53-05-07-03,2026-08-01,41.125,1984.0,96,
DM-53-05-07-03,2026-08-02,42.5,2082.75,96,
DM-53-05-07-03,2026-08-03,43.0,1948.0,96,
DM-53-05-07-03,2026-08-04,42.75,1930.25,96,
DM-53-05-07-03,2026-08-05,44.25,1982.75,96,
DM-53-05-07-03,2026-08-06,38.625,1938.75,96,
DM-53-05-07-03,2026-08-07,40.375,1968.25,96,
DM-53-05-07-03,2026-08-08,42.25,2065.25,96,0.0
DM-53-05-07-03,2026-08-09,42.625,2089.25,96,0.316
DM-53-05-07-03,2026-08-10,41.0,1921.5,96,0.0
DM-53-05-07-03,2026-08-11,41.25,1906.25,96,0.0
DM-53-05-07-03,2026-08-12,41.625,2049.0,96,0.0
DM-53-05-07-03,2026-08-13,41.375,1930.75,96,0.0
DM-53-05-07-03,2026-08-14,42.375,1952.5,96,0.066
DM-53-05-07-03,2026-08-15,43.125,2117.75,96,0.883
DM-53-05-07-03,2026-08-16,102.0,2476.75,96,60.574
DM-53-05-09-02,2026-07-25,83.625,4141.0,96,
DM-53-05-09-02,2026-07-26,83.875,4162.75,96,
DM-53-05-09-02,2026-07-27,84.875,3965.0,96,
DM-53-05-09-02,2026-07-28,84.5,4085.75,96,
DM-53-05-09-02,2026-07-29,81.0,4036.0,96,
DM-53-05-09-02,2026-07-30,83.0,3956.5,96,
DM-53-05-09-02,2026-07-31,83.0,3883.75,96,
DM-53-05-09-02,2026-08-01,82.75,4010.5,96,
DM-53-05-09-02,2026-08-02,84.25,4118.0,96,
DM-53-05-09-02,2026-08-03,81.125,3950.5,96,
DM-53-05-09-02,2026-08-04,81.25,3946.0,96,
DM-53-05-09-02,2026-08-05,83.5,3961.25,96,
DM-53-05-09-02,2026-08-06,78.625,4004.75,96,
DM-53-05-09-02,2026-08-07,82.875,3972.75,96,
DM-53-05-09-02,2026-08-08,85.625,4182.25,96,2.074
DM-53-05-09-02,2026-08-09,83.75,4234.0,96,2.273
DM-53-05-09-02,2026-08-10,84.25,3977.75,96,2.973
DM-53-05-09-02,2026-08-11,84.5,4015.25,96,3.922
DM-53-05-09-02,2026-08-12,82.375,4240.0,96,2.746
DM-53-05-09-02,2026-08-13,83.25,4038.5,96,2.445
DM-53-05-09-02,2026-08-14,78.0,4012.5,96,0.0
DM-53-05-09-02,2026-08-15,70.5,3777.5,96,0.0
DM-53-05-09-02,2026-08-16,63.625,3719.0,96,0.0
DM-53-05-10-01,2026-07-25,29.0,2002.25,96,
DM-53-05-10-01,2026-07-26,29.125,2098.0,96,
DM-53-05-10-01,2026-07-27,28.75,1881.75,96,
DM-53-05-10-01,2026-07-28,30.875,1980.25,96,
DM-53-05-10-01,2026-07-29,29.0,1961.0,96,
DM-53-05-10-01,2026-07-30,29.5,1927.0,96,
DM-53-05-10-01,2026-07-31,29.0,1872.5,96,
DM-53-05-10-01,2026-08-01,30.5,1990.75,96,
DM-53-05-10-01,2026-08-02,28.25,2159.25,96,
DM-53-05-10-01,2026-08-03,28.875,1912.5,96,
DM-53-05-10-01,2026-08-04,28.75,1878.0,96,
DM-53-05-10-01,2026-08-05,27.25,1847.0,96,
DM-53-05-10-01,2026-08-06,26.75,1859.0,96,
DM-53-05-10-01,2026-08-07,29.625,1843.0,96,
DM-53-05-10-01,2026-08-08,30.0,2070.75,96,0.532
DM-53-05-10-01,2026-08-09,28.125,2173.0,96,0.0
DM-53-05-10-01,2026-08-10,27.875,1877.0,96,0.0
DM-53-05-10-01,2026-08-11,29.625,1852.0,96,0.157
DM-53-05-10-01,2026-08-12,28.25,2064.25,96,0.0
DM-53-05-10-01,2026-08-13,27.375,1859.5,96,0.0
DM-53-05-10-01,2026-08-14,29.125,1878.0,96,0.0
DM-53-05-10-01,2026-08-15,30.375,2013.25,96,0.907
DM-53-05-10-01,2026-08-16,29.75,2156.75,96,1.19
DM-53-06-01-01,2026-07-25,18.0,994.0,96,
DM-53-06-01-01,2026-07-26,21.875,965.5,96,
DM-53-06-01-01,2026-07-27,18.5,954.75,96,
DM-53-06-01-01,2026-07-28,22.75,945.5,96,
DM-53-06-01-01,2026-07-29,20.875,967.75,96,
DM-53-06-01-01,2026-07-30,23.0,1024.0,96,
DM-53-06-01-01,2026-07-31,22.75,992.5,96,
DM-53-06-01-01,2026-08-01,20.0,1041.75,96,
DM-53-06-01-01,2026-08-02,24.625,946.0,96,
DM-53-06-01-01,2026-08-03,16.375,841.5,96,
DM-53-06-01-01,2026-08-04,17.375,896.25,96,
DM-53-06-01-01,2026-08-05,18.125,849.75,96,
DM-53-06-01-01,2026-08-06,18.0,823.25,96,
DM-53-06-01-01,2026-08-07,15.125,843.25,96,
DM-53-06-01-01,2026-08-08,17.375,877.0,96,0.0
DM-53-06-01-01,2026-08-09,22.0,877.25,96,0.806
DM-53-06-01-01,2026-08-10,19.0,876.0,96,0.0
DM-53-06-01-01,2026-08-11,18.875,885.0,96,0.0
DM-53-06-01-01,2026-08-12,19.25,841.5,96,0.0
DM-53-06-01-01,2026-08-13,16.5,860.25,96,0.0
DM-53-06-01-01,2026-08-14,18.5,878.25,96,0.0
DM-53-06-01-01,2026-08-15,16.75,880.0,96,0.0
DM-53-06-01-01,2026-08-16,20.625,890.0,96,0.0
DM-53-06-01-02,2026-07-25,150.25,6266.5,96,
DM-53-06-01-02,2026-07-26,145.0,6075.5,96,
DM-53-06-01-02,2026-07-27,149.25,6202.25,96,
DM-53-06-01-02,2026-07-28,142.75,5904.25,96,
DM-53-06-01-02,2026-07-29,153.875,6079.5,96,
DM-53-06-01-02,2026-07-30,150.125,6170.0,96,
DM-53-06-01-02,2026-07-31,146.375,6093.25,96,
DM-53-06-01-02,2026-08-01,149.25,6287.0,96,
DM-53-06-01-02,2026-08-02,140.125,6362.25,96,
DM-53-06-01-02,2026-08-03,150.375,6389.25,96,
DM-53-06-01-02,2026-08-04,150.625,6506.25,96,
DM-53-06-01-02,2026-08-05,145.25,6390.25,96,
DM-53-06-01-02,2026-08-06,139.75,6362.25,96,
DM-53-06-01-02,2026-08-07,148.0,6340.25,96,
DM-53-06-01-02,2026-08-08,151.375,6404.75,96,2.143
DM-53-06-01-02,2026-08-09,150.875,6453.0,96,3.786
DM-53-06-01-02,2026-08-10,146.75,6487.0,96,1.304
DM-53-06-01-02,2026-08-11,151.5,6270.0,96,3.573
DM-53-06-01-02,2026-08-12,148.0,6477.25,96,2.341
DM-53-06-01-02,2026-08-13,150.125,6546.75,96,3.234
DM-53-06-01-02,2026-08-14,149.75,6455.0,96,3.752
DM-53-06-01-02,2026-08-15,157.25,6628.25,96,11.77
DM-53-06-01-02,2026-08-16,157.875,6567.75,96,20.413
DM-53-06-02-01,2026-07-25,64.125,3729.0,96,
DM-53-06-02-01,2026-07-26,61.25,3623.75,96,
DM-53-06-02-01,2026-07-27,58.5,3448.5,96,
DM-53-06-02-01,2026-07-28,59.0,3527.38,96,
DM-53-06-02-01,2026-07-29,63.25,3464.25,96,
DM-53-06-02-01,2026-07-30,60.125,3539.25,96,
DM-53-06-02-01,2026-07-31,63.75,3486.25,96,
DM-53-06-02-01,2026-08-01,62.75,3715.25,96,
DM-53-06-02-01,2026-08-02,67.0,3852.0,96,
DM-53-06-02-01,2026-08-03,61.625,3701.5,96,
DM-53-06-02-01,2026-08-04,63.75,3693.0,96,
DM-53-06-02-01,2026-08-05,64.75,3603.25,96,
DM-53-06-02-01,2026-08-06,60.75,3542.75,96,
DM-53-06-02-01,2026-08-07,60.625,3587.75,96,
DM-53-06-02-01,2026-08-08,67.25,3777.75,96,3.872
DM-53-06-02-01,2026-08-09,64.75,3831.75,96,5.244
DM-53-06-02-01,2026-08-10,62.375,3652.5,96,4.242
DM-53-06-02-01,2026-08-11,62.125,3613.25,96,2.989
DM-53-06-02-01,2026-08-12,64.0,3736.5,96,3.611
DM-53-06-02-01,2026-08-13,63.375,3665.0,96,3.608
DM-53-06-02-01,2026-08-14,66.625,3713.5,96,6.856
DM-53-06-02-01,2026-08-15,67.5,3901.25,96,10.978
DM-53-06-02-01,2026-08-16,72.25,4015.5,96,19.85
DM-53-06-05-02,2026-07-25,98.625,4868.0,96,
DM-53-06-05-02,2026-07-26,97.625,4750.75,96,
DM-53-06-05-02,2026-07-27,93.375,4465.0,96,
DM-53-06-05-02,2026-07-28,99.0,4622.5,96,
DM-53-06-05-02,2026-07-29,101.25,4721.5,96,
DM-53-06-05-02,2026-07-30,104.125,4830.5,96,
DM-53-06-05-02,2026-07-31,107.875,4773.0,96,
DM-53-06-05-02,2026-08-01,109.0,5032.5,96,
DM-53-06-05-02,2026-08-02,105.25,5030.25,96,
DM-53-06-05-02,2026-08-03,102.0,4860.25,96,
DM-53-06-05-02,2026-08-04,110.25,4967.5,96,
DM-53-06-05-02,2026-08-05,108.375,4957.5,96,
DM-53-06-05-02,2026-08-06,105.25,5063.5,96,
DM-53-06-05-02,2026-08-07,111.0,5006.0,96,
DM-53-06-05-02,2026-08-08,110.25,5212.5,96,3.898
DM-53-06-05-02,2026-08-09,103.125,5131.75,96,0.672
DM-53-06-05-02,2026-08-10,107.625,4955.25,96,1.945
DM-53-06-05-02,2026-08-11,107.375,4909.75,96,2.968
DM-53-06-05-02,2026-08-12,102.125,4940.5,96,0.0
DM-53-06-05-02,2026-08-13,103.5,4854.25,96,0.0
DM-53-06-05-02,2026-08-14,104.25,4902.75,96,0.0
DM-53-06-05-02,2026-08-15,112.125,4928.0,96,5.773
DM-53-06-05-02,2026-08-16,102.75,5089.25,96,2.172
DM-53-06-06-01,2026-07-25,148.5,7719.25,96,
DM-53-06-06-01,2026-07-26,156.5,7695.75,96,
DM-53-06-06-01,2026-07-27,167.625,7389.5,96,
DM-53-06-06-01,2026-07-28,139.25,7484.0,96,
DM-53-06-06-01,2026-07-29,148.875,7565.5,96,
DM-53-06-06-01,2026-07-30,157.875,7594.0,96,
DM-53-06-06-01,2026-07-31,174.25,7605.5,96,
DM-53-06-06-01,2026-08-01,171.375,7916.5,96,
DM-53-06-06-01,2026-08-02,178.375,8226.5,96,
DM-53-06-06-01,2026-08-03,166.875,7598.75,96,
DM-53-06-06-01,2026-08-04,178.25,8071.5,96,
DM-53-06-06-01,2026-08-05,169.375,6584.25,96,
DM-53-06-06-01,2026-08-06,172.5,7897.0,96,
DM-53-06-06-01,2026-08-07,165.375,7701.75,96,
DM-53-06-06-01,2026-08-08,168.625,8103.75,96,0.0
DM-53-06-06-01,2026-08-09,161.375,8228.25,96,0.0
DM-53-06-06-01,2026-08-10,143.75,7049.25,96,0.0
DM-53-06-06-01,2026-08-11,135.875,6895.0,96,0.0
DM-53-06-06-01,2026-08-12,145.25,7277.75,96,0.0
DM-53-06-06-01,2026-08-13,135.25,7058.0,96,0.0
DM-53-06-06-01,2026-08-14,146.625,7177.25,96,0.0
DM-53-06-06-01,2026-08-15,142.875,7377.5,96,0.0
DM-53-06-06-01,2026-08-16,142.0,7580.25,96,0.0
DM-53-08-01-02,2026-07-25,2.75,746.75,96,
DM-53-08-01-02,2026-07-26,1.0,827.25,96,
DM-53-08-01-02,2026-07-27,1.062,741.88,96,
DM-53-08-01-02,2026-07-28,0.0,810.75,96,
DM-53-08-01-02,2026-07-29,0.125,748.5,96,
DM-53-08-01-02,2026-07-30,0.25,758.75,96,
DM-53-08-01-02,2026-07-31,0.125,751.0,96,
DM-53-08-01-02,2026-08-01,0.375,840.25,96,
DM-53-08-01-02,2026-08-02,0.625,888.75,96,
DM-53-08-01-02,2026-08-03,0.125,830.75,96,
DM-53-08-01-02,2026-08-04,0.25,740.75,96,
DM-53-08-01-02,2026-08-05,0.125,764.25,96,
DM-53-08-01-02,2026-08-06,2.375,805.5,96,
DM-53-08-01-02,2026-08-07,3.375,842.5,96,
DM-53-08-01-02,2026-08-08,0.125,923.5,96,0.0
DM-53-08-01-02,2026-08-09,0.0,1008.25,96,0.0
DM-53-08-01-02,2026-08-10,0.312,725.25,96,0.0
DM-53-08-01-02,2026-08-11,0.75,759.75,96,0.0
DM-53-08-01-02,2026-08-12,1.062,821.88,96,0.0
DM-53-08-01-02,2026-08-13,0.0,792.62,96,0.0
DM-53-08-01-02,2026-08-14,0.0,756.5,96,0.0
DM-53-08-01-02,2026-08-15,0.875,829.75,96,0.0
DM-53-08-01-02,2026-08-16,0.0,824.5,96,0.0
DM-53-09-05-01,2026-07-25,52.125,2401.5,96,
DM-53-09-05-01,2026-07-26,55.125,2502.75,96,
DM-53-09-05-01,2026-07-27,54.125,2383.5,96,
DM-53-09-05-01,2026-07-28,54.875,2444.25,96,
DM-53-09-05-01,2026-07-29,54.75,2413.75,96,
DM-53-09-05-01,2026-07-30,54.5,2376.75,96,
DM-53-09-05-01,2026-07-31,55.625,2388.25,96,
DM-53-09-05-01,2026-08-01,57.75,2547.5,96,
DM-53-09-05-01,2026-08-02,60.0,2609.5,96,
DM-53-09-05-01,2026-08-03,56.625,2420.5,96,
DM-53-09-05-01,2026-08-04,56.625,2407.25,96,
DM-53-09-05-01,2026-08-05,52.625,2349.0,96,
DM-53-09-05-01,2026-08-06,51.625,2343.0,96,
DM-53-09-05-01,2026-08-07,51.25,2383.75,96,
DM-53-09-05-01,2026-08-08,53.5,2428.75,96,0.0
DM-53-09-05-01,2026-08-09,50.625,2454.0,96,0.0
DM-53-09-05-01,2026-08-10,49.25,2337.5,96,0.0
DM-53-09-05-01,2026-08-11,50.875,2338.5,96,0.0
DM-53-09-05-01,2026-08-12,53.0,2449.75,96,0.0
DM-53-09-05-01,2026-08-13,53.25,2344.25,96,0.0
DM-53-09-05-01,2026-08-14,58.25,2391.75,96,2.237
DM-53-09-05-01,2026-08-15,52.75,2383.25,96,0.0
DM-53-09-05-01,2026-08-16,54.125,2642.5,96,0.0
DM-54-01-04-01,2026-07-25,52.0,2714.0,96,
DM-54-01-04-01,2026-07-26,52.25,2760.0,96,
DM-54-01-04-01,2026-07-27,47.0,2408.75,96,
DM-54-01-04-01,2026-07-28,46.25,2312.5,96,
DM-54-01-04-01,2026-07-29,46.0,2358.5,96,
DM-54-01-04-01,2026-07-30,44.625,2333.25,96,
DM-54-01-04-01,2026-07-31,48.875,2218.75,96,
DM-54-01-04-01,2026-08-01,55.75,2581.0,96,
DM-54-01-04-01,2026-08-02,55.5,2622.0,96,
DM-54-01-04-01,2026-08-03,60.125,2428.25,96,
DM-54-01-04-01,2026-08-04,48.25,2365.75,96,
DM-54-01-04-01,2026-08-05,49.375,2278.25,96,
DM-54-01-04-01,2026-08-06,50.0,2393.5,96,
DM-54-01-04-01,2026-08-07,52.625,2388.0,96,
DM-54-01-04-01,2026-08-08,58.125,2683.0,96,5.4
DM-54-01-04-01,2026-08-09,54.375,2664.5,96,7.049
DM-54-01-04-01,2026-08-10,50.75,2374.25,96,5.074
DM-54-01-04-01,2026-08-11,49.0,2295.75,96,1.349
DM-54-01-04-01,2026-08-12,52.625,2488.0,96,1.248
DM-54-01-04-01,2026-08-13,50.5,2380.0,96,0.0
DM-54-01-04-01,2026-08-14,48.875,2458.0,96,0.0
DM-54-01-04-01,2026-08-15,49.625,2656.75,96,0.0
DM-54-01-04-01,2026-08-16,51.125,2599.75,96,0.0
DM-54-02-02-02,2026-07-25,33.625,2097.25,96,
DM-54-02-02-02,2026-07-26,26.125,2049.0,96,
DM-54-02-02-02,2026-07-27,26.125,1980.75,96,
DM-54-02-02-02,2026-07-28,33.0,2030.25,96,
DM-54-02-02-02,2026-07-29,24.75,1969.5,96,
DM-54-02-02-02,2026-07-30,24.25,1990.0,96,
DM-54-02-02-02,2026-07-31,24.875,1916.5,96,
DM-54-02-02-02,2026-08-01,33.25,2094.75,96,
DM-54-02-02-02,2026-08-02,30.125,2095.5,96,
DM-54-02-02-02,2026-08-03,25.875,2068.5,96,
DM-54-02-02-02,2026-08-04,25.0,2029.5,96,
DM-54-02-02-02,2026-08-05,31.25,2047.0,96,
DM-54-02-02-02,2026-08-06,27.75,2024.5,96,
DM-54-02-02-02,2026-08-07,28.25,2109.0,96,
DM-54-02-02-02,2026-08-08,27.875,2253.5,96,0.0
DM-54-02-02-02,2026-08-09,35.25,2295.75,96,5.431
DM-54-02-02-02,2026-08-10,29.5,2121.5,96,5.112
DM-54-02-02-02,2026-08-11,29.25,2087.75,96,4.543
DM-54-02-02-02,2026-08-12,28.0,2214.25,96,2.724
DM-54-02-02-02,2026-08-13,31.25,2156.75,96,4.155
DM-54-02-02-02,2026-08-14,29.5,2179.0,96,3.836
DM-54-02-02-02,2026-08-15,29.25,2283.25,96,3.267
DM-54-02-02-02,2026-08-16,29.375,2263.0,96,2.824
DM-54-02-05-01,2026-07-25,121.125,6233.5,96,
DM-54-02-05-01,2026-07-26,119.75,6208.75,96,
DM-54-02-05-01,2026-07-27,126.75,5840.0,96,
DM-54-02-05-01,2026-07-28,121.875,5799.5,96,
DM-54-02-05-01,2026-07-29,117.25,5903.5,96,
DM-54-02-05-01,2026-07-30,125.125,6004.75,96,
DM-54-02-05-01,2026-07-31,131.75,5804.0,96,
DM-54-02-05-01,2026-08-01,130.625,6140.75,96,
DM-54-02-05-01,2026-08-02,121.875,6075.0,96,
DM-54-02-05-01,2026-08-03,116.375,5962.0,96,
DM-54-02-05-01,2026-08-04,126.25,5893.25,96,
DM-54-02-05-01,2026-08-05,123.25,5846.0,96,
DM-54-02-05-01,2026-08-06,127.0,5842.5,96,
DM-54-02-05-01,2026-08-07,124.875,5925.25,96,
DM-54-02-05-01,2026-08-08,134.75,6179.25,96,8.719
DM-54-02-05-01,2026-08-09,126.625,6087.25,96,9.312
DM-54-02-05-01,2026-08-10,122.625,5834.25,96,5.906
DM-54-02-05-01,2026-08-11,126.25,5766.25,96,6.124
DM-54-02-05-01,2026-08-12,127.0,6112.5,96,7.093
DM-54-02-05-01,2026-08-13,127.375,5953.25,96,8.437
DM-54-02-05-01,2026-08-14,126.5,5966.75,96,8.905
DM-54-02-05-01,2026-08-15,121.625,6195.25,96,4.499
DM-54-02-05-01,2026-08-16,124.875,6147.25,96,3.342
DM-54-02-05-02,2026-07-25,36.875,1830.0,96,
DM-54-02-05-02,2026-07-26,26.125,1759.75,96,
DM-54-02-05-02,2026-07-27,26.625,1711.0,96,
DM-54-02-05-02,2026-07-28,35.75,1747.5,96,
DM-54-02-05-02,2026-07-29,26.375,1696.25,96,
DM-54-02-05-02,2026-07-30,24.875,1765.75,96,
DM-54-02-05-02,2026-07-31,26.0,1721.5,96,
DM-54-02-05-02,2026-08-01,33.875,1834.5,96,
DM-54-02-05-02,2026-08-02,34.375,1816.75,96,
DM-54-02-05-02,2026-08-03,27.625,1779.5,96,
DM-54-02-05-02,2026-08-04,25.875,1744.75,96,
DM-54-02-05-02,2026-08-05,32.25,1738.0,96,
DM-54-02-05-02,2026-08-06,25.875,1672.5,96,
DM-54-02-05-02,2026-08-07,25.875,1722.5,96,
DM-54-02-05-02,2026-08-08,23.875,1750.5,96,0.0
DM-54-02-05-02,2026-08-09,32.75,1778.0,96,1.474
DM-54-02-05-02,2026-08-10,26.75,1694.0,96,0.0
DM-54-02-05-02,2026-08-11,26.375,1685.75,96,0.0
DM-54-02-05-02,2026-08-12,25.25,1699.5,96,0.0
DM-54-02-05-02,2026-08-13,24.75,1712.25,96,0.0
DM-54-02-05-02,2026-08-14,25.0,1708.0,96,0.0
DM-54-02-05-02,2026-08-15,24.125,1738.75,96,0.0
DM-54-02-05-02,2026-08-16,26.125,1729.25,96,0.0
DM-54-02-05-03,2026-07-25,77.875,1567.25,96,
DM-54-02-05-03,2026-07-26,73.125,1516.5,96,
DM-54-02-05-03,2026-07-27,70.625,1524.5,96,
DM-54-02-05-03,2026-07-28,80.375,1562.5,96,
DM-54-02-05-03,2026-07-29,68.125,1524.75,96,
DM-54-02-05-03,2026-07-30,71.0,1516.75,96,
DM-54-02-05-03,2026-07-31,79.5,1562.0,96,
DM-54-02-05-03,2026-08-01,78.5,1493.5,96,
DM-54-02-05-03,2026-08-02,34.5,1552.25,96,
DM-54-02-05-03,2026-08-03,31.875,1526.0,96,
DM-54-02-05-03,2026-08-04,33.125,1510.5,96,
DM-54-02-05-03,2026-08-05,33.75,1504.75,96,
DM-54-02-05-03,2026-08-06,31.0,1549.75,96,
DM-54-02-05-03,2026-08-07,78.562,1545.75,96,
DM-54-02-05-03,2026-08-08,30.625,1561.0,96,0.0
DM-54-02-05-03,2026-08-09,34.125,1556.5,96,0.0
DM-54-02-05-03,2026-08-10,32.0,1532.5,96,0.0
DM-54-02-05-03,2026-08-11,32.375,1519.25,96,0.0
DM-54-02-05-03,2026-08-12,30.875,1548.0,96,0.0
DM-54-02-05-03,2026-08-13,30.5,1531.0,96,0.0
DM-54-02-05-03,2026-08-14,31.875,1536.0,96,0.0
DM-54-02-05-03,2026-08-15,30.0,1566.75,96,0.0
DM-54-02-05-03,2026-08-16,31.5,1550.0,96,0.0
DM-54-03-01-02,2026-07-25,81.375,3771.25,96,
DM-54-03-01-02,2026-07-26,81.375,3831.75,96,
DM-54-03-01-02,2026-07-27,84.25,3543.0,96,
DM-54-03-01-02,2026-07-28,80.75,3533.25,96,
DM-54-03-01-02,2026-07-29,80.25,3588.0,96,
DM-54-03-01-02,2026-07-30,80.25,3599.25,96,
DM-54-03-01-02,2026-07-31,83.5,3584.75,96,
DM-54-03-01-02,2026-08-01,80.25,3671.25,96,
DM-54-03-01-02,2026-08-02,78.125,3812.5,96,
DM-54-03-01-02,2026-08-03,81.125,3718.0,96,
DM-54-03-01-02,2026-08-04,82.0,3614.5,96,
DM-54-03-01-02,2026-08-05,79.125,3508.25,96,
DM-54-03-01-02,2026-08-06,78.625,3504.75,96,
DM-54-03-01-02,2026-08-07,79.125,3702.5,96,
DM-54-03-01-02,2026-08-08,119.75,3711.25,96,38.185
DM-54-03-01-02,2026-08-09,132.25,3741.5,96,88.869
DM-54-03-01-02,2026-08-10,128.125,3533.5,96,135.429
DM-54-03-01-02,2026-08-11,141.188,3594.38,96,195.051
DM-54-03-01-02,2026-08-12,175.125,3666.25,96,288.61
DM-54-03-01-02,2026-08-13,182.25,3598.75,96,389.295
DM-54-03-01-02,2026-08-14,184.625,3644.5,96,492.354
DM-54-03-01-02,2026-08-15,180.0,3811.0,96,590.789
DM-54-03-01-02,2026-08-16,192.625,3780.25,96,701.848
DM-54-03-01-03,2026-07-25,40.625,2410.25,96,
DM-54-03-01-03,2026-07-26,39.25,2429.5,96,
DM-54-03-01-03,2026-07-27,39.5,2226.5,96,
DM-54-03-01-03,2026-07-28,42.375,2231.75,96,
DM-54-03-01-03,2026-07-29,41.0,2291.5,96,
DM-54-03-01-03,2026-07-30,39.5,2306.75,96,
DM-54-03-01-03,2026-07-31,40.5,2149.0,96,
DM-54-03-01-03,2026-08-01,42.25,2328.0,96,
DM-54-03-01-03,2026-08-02,41.0,2393.75,96,
DM-54-03-01-03,2026-08-03,36.125,2295.25,96,
DM-54-03-01-03,2026-08-04,37.375,2200.0,96,
DM-54-03-01-03,2026-08-05,35.75,2117.25,96,
DM-54-03-01-03,2026-08-06,35.875,2130.5,96,
DM-54-03-01-03,2026-08-07,36.625,2106.75,96,
DM-54-03-01-03,2026-08-08,40.375,2246.5,96,0.116
DM-54-03-01-03,2026-08-09,38.375,2287.25,96,0.0
DM-54-03-01-03,2026-08-10,35.625,2100.5,96,0.0
DM-54-03-01-03,2026-08-11,38.0,2062.0,96,0.0
DM-54-03-01-03,2026-08-12,39.0,2296.75,96,0.0
DM-54-03-01-03,2026-08-13,38.875,2174.5,96,0.0
DM-54-03-01-03,2026-08-14,38.375,2231.25,96,0.0
DM-54-03-01-03,2026-08-15,41.75,2428.25,96,1.491
DM-54-03-01-03,2026-08-16,41.125,2457.0,96,2.356
DM-54-03-02-01,2026-07-25,37.75,2194.0,96,
DM-54-03-02-01,2026-07-26,37.625,2239.0,96,
DM-54-03-02-01,2026-07-27,39.25,2112.75,96,
DM-54-03-02-01,2026-07-28,38.75,2027.0,96,
DM-54-03-02-01,2026-07-29,35.25,2118.0,96,
DM-54-03-02-01,2026-07-30,35.75,2115.0,96,
DM-54-03-02-01,2026-07-31,36.5,2042.75,96,
DM-54-03-02-01,2026-08-01,39.5,2098.25,96,
DM-54-03-02-01,2026-08-02,36.5,2137.5,96,
DM-54-03-02-01,2026-08-03,38.0,2080.25,96,
DM-54-03-02-01,2026-08-04,33.375,2020.0,96,
DM-54-03-02-01,2026-08-05,36.25,1941.25,96,
DM-54-03-02-01,2026-08-06,35.125,1967.75,96,
DM-54-03-02-01,2026-08-07,36.125,1977.0,96,
DM-54-03-02-01,2026-08-08,33.375,2025.0,96,0.0
DM-54-03-02-01,2026-08-09,36.75,2039.75,96,0.0
DM-54-03-02-01,2026-08-10,33.5,1946.75,96,0.0
DM-54-03-02-01,2026-08-11,34.75,1952.25,96,0.0
DM-54-03-02-01,2026-08-12,35.875,2026.25,96,0.0
DM-54-03-02-01,2026-08-13,35.25,2007.0,96,0.0
DM-54-03-02-01,2026-08-14,36.375,2046.0,96,0.0
DM-54-03-02-01,2026-08-15,36.625,2185.5,96,0.0
DM-54-03-02-01,2026-08-16,38.25,2207.0,96,0.575
DM-54-03-02-02,2026-07-25,133.375,7248.25,96,
DM-54-03-02-02,2026-07-26,130.0,7251.25,96,
DM-54-03-02-02,2026-07-27,129.75,6744.75,96,
DM-54-03-02-02,2026-07-28,137.625,6770.25,96,
DM-54-03-02-02,2026-07-29,126.875,6808.0,96,
DM-54-03-02-02,2026-07-30,125.875,6851.75,96,
DM-54-03-02-02,2026-07-31,132.0,6668.75,96,
DM-54-03-02-02,2026-08-01,138.375,7062.0,96,
DM-54-03-02-02,2026-08-02,139.5,7234.75,96,
DM-54-03-02-02,2026-08-03,128.75,6914.25,96,
DM-54-03-02-02,2026-08-04,124.375,6798.0,96,
DM-54-03-02-02,2026-08-05,134.875,6690.0,96,
DM-54-03-02-02,2026-08-06,130.0,6727.5,96,
DM-54-03-02-02,2026-08-07,131.125,6781.75,96,
DM-54-03-02-02,2026-08-08,133.125,7146.0,96,0.0
DM-54-03-02-02,2026-08-09,139.625,7205.75,96,5.77
DM-54-03-02-02,2026-08-10,127.75,6691.75,96,0.0
DM-54-03-02-02,2026-08-11,128.5,6559.0,96,0.0
DM-54-03-02-02,2026-08-12,130.875,7014.5,96,0.0
DM-54-03-02-02,2026-08-13,131.5,6768.0,96,0.0
DM-54-03-02-02,2026-08-14,130.375,6829.75,96,0.0
DM-54-03-02-02,2026-08-15,129.875,7264.75,96,0.0
DM-54-03-02-02,2026-08-16,133.0,7252.75,96,0.0
DM-54-03-02-03,2026-07-25,125.0,5825.5,96,
DM-54-03-02-03,2026-07-26,116.875,5777.0,96,
DM-54-03-02-03,2026-07-27,116.875,5428.25,96,
DM-54-03-02-03,2026-07-28,122.25,5393.75,96,
DM-54-03-02-03,2026-07-29,115.25,5443.0,96,
DM-54-03-02-03,2026-07-30,114.0,5472.75,96,
DM-54-03-02-03,2026-07-31,117.625,5324.75,96,
DM-54-03-02-03,2026-08-01,122.375,5588.0,96,
DM-54-03-02-03,2026-08-02,121.75,5700.25,96,
DM-54-03-02-03,2026-08-03,115.25,5544.25,96,
DM-54-03-02-03,2026-08-04,113.25,5449.25,96,
DM-54-03-02-03,2026-08-05,119.875,5357.0,96,
DM-54-03-02-03,2026-08-06,116.375,5398.75,96,
DM-54-03-02-03,2026-08-07,119.0,5438.5,96,
DM-54-03-02-03,2026-08-08,118.0,5644.0,96,0.0
DM-54-03-02-03,2026-08-09,123.125,5694.25,96,3.152
DM-54-03-02-03,2026-08-10,116.0,5343.75,96,0.0
DM-54-03-02-03,2026-08-11,116.75,5251.75,96,0.0
DM-54-03-02-03,2026-08-12,117.375,5582.25,96,0.0
DM-54-03-02-03,2026-08-13,118.25,5412.5,96,0.0
DM-54-03-02-03,2026-08-14,117.25,5464.0,96,0.0
DM-54-03-02-03,2026-08-15,116.25,5735.25,96,0.0
DM-54-03-02-03,2026-08-16,118.0,5714.75,96,0.0
DM-54-04-01-01,2026-07-25,34.75,1964.5,96,
DM-54-04-01-01,2026-07-26,32.875,1947.25,96,
DM-54-04-01-01,2026-07-27,32.125,1827.75,96,
DM-54-04-01-01,2026-07-28,35.625,1819.75,96,
DM-54-04-01-01,2026-07-29,32.75,1822.75,96,
DM-54-04-01-01,2026-07-30,31.375,1835.25,96,
DM-54-04-01-01,2026-07-31,33.25,1793.0,96,
DM-54-04-01-01,2026-08-01,33.5,1914.5,96,
DM-54-04-01-01,2026-08-02,35.375,1966.75,96,
DM-54-04-01-01,2026-08-03,31.75,1869.0,96,
DM-54-04-01-01,2026-08-04,31.625,1798.75,96,
DM-54-04-01-01,2026-08-05,33.5,1790.5,96,
DM-54-04-01-01,2026-08-06,32.25,1779.5,96,
DM-54-04-01-01,2026-08-07,32.25,1794.75,96,
DM-54-04-01-01,2026-08-08,31.125,1862.25,96,0.0
DM-54-04-01-01,2026-08-09,34.0,1902.0,96,0.272
DM-54-04-01-01,2026-08-10,31.125,1802.5,96,0.0
DM-54-04-01-01,2026-08-11,31.875,1743.75,96,0.0
DM-54-04-01-01,2026-08-12,32.5,1837.75,96,0.0
DM-54-04-01-01,2026-08-13,32.75,1792.75,96,0.0
DM-54-04-01-01,2026-08-14,32.125,1796.0,96,0.0
DM-54-04-01-01,2026-08-15,32.125,1911.0,96,0.0
DM-54-04-01-01,2026-08-16,32.375,1917.25,96,0.0
DM-54-04-02-01,2026-07-25,50.375,2586.5,96,
DM-54-04-02-01,2026-07-26,48.125,2603.0,96,
DM-54-04-02-01,2026-07-27,45.75,2331.75,96,
DM-54-04-02-01,2026-07-28,48.125,2324.25,96,
DM-54-04-02-01,2026-07-29,44.0,2390.0,96,
DM-54-04-02-01,2026-07-30,45.125,2402.25,96,
DM-54-04-02-01,2026-07-31,44.5,2356.25,96,
DM-54-04-02-01,2026-08-01,51.5,2536.25,96,
DM-54-04-02-01,2026-08-02,49.25,2596.5,96,
DM-54-04-02-01,2026-08-03,45.375,2363.5,96,
DM-54-04-02-01,2026-08-04,39.125,2433.25,96,
DM-54-04-02-01,2026-08-05,51.125,2381.0,96,
DM-54-04-02-01,2026-08-06,46.375,2363.25,96,
DM-54-04-02-01,2026-08-07,49.5,2537.0,96,
DM-54-04-02-01,2026-08-08,47.375,2564.25,96,0.0
DM-54-04-02-01,2026-08-09,52.375,2528.75,96,3.732
DM-54-04-02-01,2026-08-10,45.625,2359.0,96,0.714
DM-54-04-02-01,2026-08-11,45.875,2240.0,96,0.0
DM-54-04-02-01,2026-08-12,48.125,2526.5,96,0.0
DM-54-04-02-01,2026-08-13,46.875,2415.75,96,0.0
DM-54-04-02-01,2026-08-14,48.125,2405.0,96,0.0
DM-54-04-02-01,2026-08-15,45.125,2560.5,96,0.0
DM-54-04-02-01,2026-08-16,46.5,2549.25,96,0.0
DM-54-05-01-02,2026-07-25,129.875,6147.0,96,
DM-54-05-01-02,2026-07-26,136.25,6258.25,96,
DM-54-05-01-02,2026-07-27,109.5,5801.5,96,
DM-54-05-01-02,2026-07-28,136.375,5981.25,96,
DM-54-05-01-02,2026-07-29,138.0,5989.0,96,
DM-54-05-01-02,2026-07-30,115.125,5872.0,96,
DM-54-05-01-02,2026-07-31,110.625,5697.25,96,
DM-54-05-01-02,2026-08-01,136.0,6211.0,96,
DM-54-05-01-02,2026-08-02,137.5,6170.5,96,
DM-54-05-01-02,2026-08-03,106.625,5798.25,96,
DM-54-05-01-02,2026-08-04,108.0,5616.75,96,
DM-54-05-01-02,2026-08-05,97.125,5611.25,96,
DM-54-05-01-02,2026-08-06,110.875,5536.0,96,
DM-54-05-01-02,2026-08-07,107.25,5642.0,96,
DM-54-05-01-02,2026-08-08,134.125,6099.5,96,7.079
DM-54-05-01-02,2026-08-09,137.125,6206.25,96,17.158
DM-54-05-01-02,2026-08-10,112.25,5594.5,96,2.362
DM-54-05-01-02,2026-08-11,107.625,5503.5,96,0.0
DM-54-05-01-02,2026-08-12,132.875,6129.0,96,5.829
DM-54-05-01-02,2026-08-13,108.75,5762.0,96,0.0
DM-54-05-01-02,2026-08-14,98.5,5686.5,96,0.0
DM-54-05-01-02,2026-08-15,130.875,6153.0,96,3.829
DM-54-05-01-02,2026-08-16,139.875,6172.25,96,16.658
DM-54-06-02-01,2026-07-25,74.5,4240.5,96,
DM-54-06-02-01,2026-07-26,63.875,4116.0,96,
DM-54-06-02-01,2026-07-27,71.125,3886.25,96,
DM-54-06-02-01,2026-07-28,72.875,3271.0,96,
DM-54-06-02-01,2026-07-29,62.375,3533.75,96,
DM-54-06-02-01,2026-07-30,61.0,3506.25,96,
DM-54-06-02-01,2026-07-31,80.875,3842.25,96,
DM-54-06-02-01,2026-08-01,73.0,3517.75,96,
DM-54-06-02-01,2026-08-02,68.0,3899.5,96,
DM-54-06-02-01,2026-08-03,65.375,4200.75,96,
DM-54-06-02-01,2026-08-04,58.625,4102.75,96,
DM-54-06-02-01,2026-08-05,70.875,3783.5,96,
DM-54-06-02-01,2026-08-06,67.125,3856.25,96,
DM-54-06-02-01,2026-08-07,80.875,3842.25,96,
DM-54-06-02-01,2026-08-08,66.875,3763.0,96,0.0
DM-54-06-02-01,2026-08-09,76.25,3854.5,96,3.63
DM-54-06-02-01,2026-08-10,66.875,3845.0,96,0.0
DM-54-06-02-01,2026-08-11,70.375,3643.25,96,0.0
DM-54-06-02-01,2026-08-12,68.0,3886.0,96,0.0
DM-54-06-02-01,2026-08-13,65.75,3927.75,96,0.0
DM-54-06-02-01,2026-08-14,67.375,4120.75,96,0.0
DM-54-06-02-01,2026-08-15,69.25,4092.0,96,0.0
DM-54-06-02-01,2026-08-16,61.75,3870.75,96,0.0
DM-54-06-04-03,2026-07-25,30.125,2912.25,96,
DM-54-06-04-03,2026-07-26,28.625,2873.25,96,
DM-54-06-04-03,2026-07-27,35.0,2624.25,96,
DM-54-06-04-03,2026-07-28,27.375,2713.75,96,
DM-54-06-04-03,2026-07-29,26.875,2743.0,96,
DM-54-06-04-03,2026-07-30,27.25,2651.75,96,
DM-54-06-04-03,2026-07-31,34.5,2478.25,96,
DM-54-06-04-03,2026-08-01,31.625,2718.5,96,
DM-54-06-04-03,2026-08-02,27.875,2721.75,96,
DM-54-06-04-03,2026-08-03,26.375,2574.25,96,
DM-54-06-04-03,2026-08-04,34.875,2562.0,96,
DM-54-06-04-03,2026-08-05,30.25,2464.25,96,
DM-54-06-04-03,2026-08-06,32.625,2460.75,96,
DM-54-06-04-03,2026-08-07,28.5,2500.5,96,
DM-54-06-04-03,2026-08-08,34.375,2702.25,96,2.751
DM-54-06-04-03,2026-08-09,29.125,2693.25,96,0.251
DM-54-06-04-03,2026-08-10,29.875,2466.75,96,0.0
DM-54-06-04-03,2026-08-11,29.0,2483.5,96,0.0
DM-54-06-04-03,2026-08-12,30.125,2668.75,96,0.0
DM-54-06-04-03,2026-08-13,29.75,2476.75,96,0.0
DM-54-06-04-03,2026-08-14,28.25,2524.0,96,0.0
DM-54-06-04-03,2026-08-15,27.75,2759.75,96,0.0
DM-54-06-04-03,2026-08-16,30.0,2719.5,96,0.0
DM-54-07-03-01,2026-07-25,106.25,4152.5,96,
DM-54-07-03-01,2026-07-26,100.0,4156.5,96,
DM-54-07-03-01,2026-07-27,103.125,4022.75,96,
DM-54-07-03-01,2026-07-28,107.0,4083.0,96,
DM-54-07-03-01,2026-07-29,103.25,4092.75,96,
DM-54-07-03-01,2026-07-30,103.875,4119.25,96,
DM-54-07-03-01,2026-07-31,102.625,4021.0,96,
DM-54-07-03-01,2026-08-01,109.375,4175.5,96,
DM-54-07-03-01,2026-08-02,107.25,4170.0,96,
DM-54-07-03-01,2026-08-03,105.25,4160.0,96,
DM-54-07-03-01,2026-08-04,102.625,4125.75,96,
DM-54-07-03-01,2026-08-05,107.625,4035.5,96,
DM-54-07-03-01,2026-08-06,105.125,4078.0,96,
DM-54-07-03-01,2026-08-07,106.875,4142.0,96,
DM-54-07-03-01,2026-08-08,106.5,4176.75,96,0.255
DM-54-07-03-01,2026-08-09,108.75,4169.5,96,2.759
DM-54-07-03-01,2026-08-10,104.125,4171.25,96,0.639
DM-54-07-03-01,2026-08-11,104.5,4034.0,96,0.0
DM-54-07-03-01,2026-08-12,105.0,4114.75,96,0.0
DM-54-07-03-01,2026-08-13,105.75,4187.25,96,0.0
DM-54-07-03-01,2026-08-14,108.625,4204.75,96,2.38
DM-54-07-03-01,2026-08-15,108.0,4332.75,96,4.134
DM-54-07-03-01,2026-08-16,109.75,4271.0,96,7.639
DM-54-08-03-01,2026-07-25,332.0,8734.0,96,
DM-54-08-03-01,2026-07-26,208.25,7153.0,96,
DM-54-08-03-01,2026-07-27,408.625,9182.5,96,
DM-54-08-03-01,2026-07-28,36.25,7415.0,96,
DM-54-08-03-01,2026-07-29,208.75,8524.0,96,
DM-54-08-03-01,2026-07-30,410.5,7677.75,96,
DM-54-08-03-01,2026-07-31,246.5,8441.0,96,
DM-54-08-03-01,2026-08-01,274.25,8669.25,96,
DM-54-08-03-01,2026-08-02,8.5,4645.5,96,
DM-54-08-03-01,2026-08-03,39.0,7917.0,96,
DM-54-08-03-01,2026-08-04,39.312,7714.25,96,
DM-54-08-03-01,2026-08-05,344.25,7489.5,96,
DM-54-08-03-01,2026-08-06,456.25,7910.75,96,
DM-54-08-03-01,2026-08-07,451.375,7690.0,96,
DM-54-08-03-01,2026-08-08,101.375,7429.0,96,0.0
DM-54-08-03-01,2026-08-09,22.5,5128.0,96,0.0
DM-54-08-03-01,2026-08-10,315.75,7998.0,96,0.0
DM-54-08-03-01,2026-08-11,305.0,7673.25,96,0.0
DM-54-08-03-01,2026-08-12,192.125,7154.5,96,0.0
DM-54-08-03-01,2026-08-13,81.438,7639.62,96,0.0
DM-54-08-03-01,2026-08-14,45.75,7206.25,96,0.0
DM-54-08-03-01,2026-08-15,56.5,7851.25,96,0.0
DM-54-08-03-01,2026-08-16,51.0,7609.0,96,0.0
DM-54-09-01-01,2026-07-25,66.375,3477.25,96,
DM-54-09-01-01,2026-07-26,65.5,3495.0,96,
DM-54-09-01-01,2026-07-27,74.0,3329.0,96,
DM-54-09-01-01,2026-07-28,70.25,3292.0,96,
DM-54-09-01-01,2026-07-29,67.5,3232.0,96,
DM-54-09-01-01,2026-07-30,65.125,3311.0,96,
DM-54-09-01-01,2026-07-31,65.75,3106.75,96,
DM-54-09-01-01,2026-08-01,70.875,3410.75,96,
DM-54-09-01-01,2026-08-02,67.0,3445.75,96,
DM-54-09-01-01,2026-08-03,68.0,3377.25,96,
DM-54-09-01-01,2026-08-04,66.25,3334.75,96,
DM-54-09-01-01,2026-08-05,69.25,3328.25,96,
DM-54-09-01-01,2026-08-06,66.875,3304.25,96,
DM-54-09-01-01,2026-08-07,67.875,3329.25,96,
DM-54-09-01-01,2026-08-08,73.0,3331.75,96,3.914
DM-54-09-01-01,2026-08-09,72.5,3523.25,96,7.327
DM-54-09-01-01,2026-08-10,74.875,3272.0,96,13.116
DM-54-09-01-01,2026-08-11,77.75,3272.75,96,21.78
DM-54-09-01-01,2026-08-12,71.375,3448.25,96,24.069
DM-54-09-01-01,2026-08-13,66.0,3266.25,96,20.982
DM-54-09-01-01,2026-08-14,73.25,3378.25,96,25.146
DM-54-09-01-01,2026-08-15,66.25,3468.75,96,22.31
DM-54-09-01-01,2026-08-16,66.75,3492.75,96,19.974
DM-54-09-01-02,2026-07-25,38.5,1911.25,96,
DM-54-09-01-02,2026-07-26,30.75,1805.0,96,
DM-54-09-01-02,2026-07-27,0.0,1651.75,96,
DM-54-09-01-02,2026-07-28,28.5,1617.25,96,
DM-54-09-01-02,2026-07-29,36.875,1695.5,96,
DM-54-09-01-02,2026-07-30,29.75,1673.0,96,
DM-54-09-01-02,2026-07-31,34.5,1757.0,96,
DM-54-09-01-02,2026-08-01,34.5,1757.0,96,
DM-54-09-01-02,2026-08-02,34.5,1757.0,96,
DM-54-09-01-02,2026-08-03,34.5,1757.0,96,
DM-54-09-01-02,2026-08-04,34.5,1757.0,96,
DM-54-09-01-02,2026-08-05,34.5,1757.0,96,
DM-54-09-01-02,2026-08-06,34.5,1757.0,96,
DM-54-09-01-02,2026-08-07,34.5,1757.0,96,
DM-54-09-01-02,2026-08-08,34.5,1757.0,96,0.0
DM-54-09-01-02,2026-08-09,34.5,1757.0,96,0.0
DM-54-09-01-02,2026-08-10,34.5,1757.0,96,0.0
DM-54-09-01-02,2026-08-11,34.5,1757.0,96,0.0
DM-54-09-01-02,2026-08-12,34.5,1757.0,96,0.0
DM-54-09-01-02,2026-08-13,34.5,1757.0,96,0.0
DM-54-09-01-02,2026-08-14,34.5,1757.0,96,0.0
DM-54-09-01-02,2026-08-15,34.5,1757.0,96,0.0
DM-54-09-01-02,2026-08-16,34.5,1757.0,96,0.0
DM-54-09-02-01,2026-07-25,97.625,4585.5,96,
DM-54-09-02-01,2026-07-26,95.125,4596.75,96,
DM-54-09-02-01,2026-07-27,101.375,4434.25,96,
DM-54-09-02-01,2026-07-28,97.25,4452.25,96,
DM-54-09-02-01,2026-07-29,95.875,4485.5,96,
DM-54-09-02-01,2026-07-30,98.75,4455.0,96,
DM-54-09-02-01,2026-07-31,104.375,4442.75,96,
DM-54-09-02-01,2026-08-01,107.25,4683.5,96,
DM-54-09-02-01,2026-08-02,99.75,4758.75,96,
DM-54-09-02-01,2026-08-03,95.5,4614.25,96,
DM-54-09-02-01,2026-08-04,100.75,4484.75,96,
DM-54-09-02-01,2026-08-05,101.375,4404.0,96,
DM-54-09-02-01,2026-08-06,103.25,4482.5,96,
DM-54-09-02-01,2026-08-07,102.0,4544.75,96,
DM-54-09-02-01,2026-08-08,105.0,4727.75,96,3.258
DM-54-09-02-01,2026-08-09,102.5,4758.75,96,4.016
DM-54-09-02-01,2026-08-10,100.625,4444.0,96,2.899
DM-54-09-02-01,2026-08-11,100.125,4416.25,96,1.282
DM-54-09-02-01,2026-08-12,101.0,4677.0,96,0.54
DM-54-09-02-01,2026-08-13,102.5,4489.5,96,1.298
DM-54-09-02-01,2026-08-14,98.625,4532.25,96,0.0
DM-54-09-02-01,2026-08-15,99.75,4741.5,96,0.0
DM-54-09-02-01,2026-08-16,100.0,4794.0,96,0.0
DM-55-01-01-01,2026-07-25,101.0,4566.0,96,
DM-55-01-01-01,2026-07-26,104.0,4573.25,96,
DM-55-01-01-01,2026-07-27,99.75,4376.75,96,
DM-55-01-01-01,2026-07-28,100.375,4424.25,96,
DM-55-01-01-01,2026-07-29,99.875,4418.75,96,
DM-55-01-01-01,2026-07-30,99.25,4413.5,96,
DM-55-01-01-01,2026-07-31,103.5,4388.0,96,
DM-55-01-01-01,2026-08-01,101.625,4539.5,96,
DM-55-01-01-01,2026-08-02,106.625,4717.0,96,
DM-55-01-01-01,2026-08-03,99.375,4438.0,96,
DM-55-01-01-01,2026-08-04,99.75,4456.0,96,
DM-55-01-01-01,2026-08-05,99.375,4390.5,96,
DM-55-01-01-01,2026-08-06,99.25,4467.0,96,
DM-55-01-01-01,2026-08-07,102.625,4460.25,96,
DM-55-01-01-01,2026-08-08,104.625,4679.25,96,2.372
DM-55-01-01-01,2026-08-09,102.125,4653.75,96,2.244
DM-55-01-01-01,2026-08-10,95.5,4380.5,96,0.0
DM-55-01-01-01,2026-08-11,96.625,4357.25,96,0.0
DM-55-01-01-01,2026-08-12,98.25,4577.5,96,0.0
DM-55-01-01-01,2026-08-13,99.25,4418.25,96,0.0
DM-55-01-01-01,2026-08-14,97.0,4372.0,96,0.0
DM-55-01-01-01,2026-08-15,97.0,4594.5,96,0.0
DM-55-01-01-01,2026-08-16,101.75,4649.75,96,0.0
DM-55-01-02-01,2026-07-25,71.0,3681.75,96,
DM-55-01-02-01,2026-07-26,71.125,3566.75,96,
DM-55-01-02-01,2026-07-27,65.375,3437.25,96,
DM-55-01-02-01,2026-07-28,69.0,3502.75,96,
DM-55-01-02-01,2026-07-29,69.625,3492.25,96,
DM-55-01-02-01,2026-07-30,65.75,3404.5,96,
DM-55-01-02-01,2026-07-31,64.5,3401.0,96,
DM-55-01-02-01,2026-08-01,66.625,3704.5,96,
DM-55-01-02-01,2026-08-02,67.75,3745.75,96,
DM-55-01-02-01,2026-08-03,70.75,3614.0,96,
DM-55-01-02-01,2026-08-04,72.25,3544.5,96,
DM-55-01-02-01,2026-08-05,69.125,3483.75,96,
DM-55-01-02-01,2026-08-06,71.0,3576.25,96,
DM-55-01-02-01,2026-08-07,76.75,3571.25,96,
DM-55-01-02-01,2026-08-08,72.75,3733.0,96,1.86
DM-55-01-02-01,2026-08-09,65.625,3757.5,96,0.0
DM-55-01-02-01,2026-08-10,62.625,3394.0,96,0.0
DM-55-01-02-01,2026-08-11,69.375,3332.0,96,0.0
DM-55-01-02-01,2026-08-12,65.125,3590.0,96,0.0
DM-55-01-02-01,2026-08-13,61.25,3361.75,96,0.0
DM-55-01-02-01,2026-08-14,64.125,3383.0,96,0.0
DM-55-01-02-01,2026-08-15,66.0,3619.5,96,0.0
DM-55-01-02-01,2026-08-16,65.75,3666.5,96,0.0
DM-55-02-02-01,2026-07-25,102.75,4293.5,96,
DM-55-02-02-01,2026-07-26,96.0,4167.25,96,
DM-55-02-02-01,2026-07-27,89.875,3925.75,96,
DM-55-02-02-01,2026-07-28,115.875,4180.5,96,
DM-55-02-02-01,2026-07-29,84.875,3978.5,96,
DM-55-02-02-01,2026-07-30,82.25,3981.25,96,
DM-55-02-02-01,2026-07-31,80.375,3968.75,96,
DM-55-02-02-01,2026-08-01,70.5,4231.0,96,
DM-55-02-02-01,2026-08-02,72.0,4407.5,96,
DM-55-02-02-01,2026-08-03,69.875,4058.75,96,
DM-55-02-02-01,2026-08-04,95.25,4175.75,96,
DM-55-02-02-01,2026-08-05,77.125,4197.0,96,
DM-55-02-02-01,2026-08-06,85.5,4172.5,96,
DM-55-02-02-01,2026-08-07,76.625,3995.5,96,
DM-55-02-02-01,2026-08-08,90.625,4266.0,96,0.0
DM-55-02-02-01,2026-08-09,69.5,4398.25,96,0.0
DM-55-02-02-01,2026-08-10,80.875,4012.75,96,0.0
DM-55-02-02-01,2026-08-11,98.0,3958.75,96,5.983
DM-55-02-02-01,2026-08-12,86.875,4438.75,96,0.84
DM-55-02-02-01,2026-08-13,79.375,4005.25,96,0.0
DM-55-02-02-01,2026-08-14,78.25,3980.0,96,0.0
DM-55-02-02-01,2026-08-15,73.375,4086.75,96,0.0
DM-55-02-02-01,2026-08-16,111.625,4363.0,96,19.608
DM-55-02-03-01,2026-07-25,111.75,5298.75,96,
DM-55-02-03-01,2026-07-26,109.0,5062.25,96,
DM-55-02-03-01,2026-07-27,119.5,4945.0,96,
DM-55-02-03-01,2026-07-28,112.5,4947.5,96,
DM-55-02-03-01,2026-07-29,107.125,4829.5,96,
DM-55-02-03-01,2026-07-30,111.5,5080.75,96,
DM-55-02-03-01,2026-07-31,108.5,4950.25,96,
DM-55-02-03-01,2026-08-01,109.875,5298.5,96,
DM-55-02-03-01,2026-08-02,110.375,5360.5,96,
DM-55-02-03-01,2026-08-03,116.125,5232.0,96,
DM-55-02-03-01,2026-08-04,110.25,5273.5,96,
DM-55-02-03-01,2026-08-05,106.375,5222.75,96,
DM-55-02-03-01,2026-08-06,103.125,5197.0,96,
DM-55-02-03-01,2026-08-07,111.125,5252.75,96,
DM-55-02-03-01,2026-08-08,108.5,5229.75,96,0.0
DM-55-02-03-01,2026-08-09,109.625,5116.0,96,0.0
DM-55-02-03-01,2026-08-10,95.125,5060.0,96,0.0
DM-55-02-03-01,2026-08-11,104.125,5109.0,96,0.0
DM-55-02-03-01,2026-08-12,110.375,5081.5,96,0.0
DM-55-02-03-01,2026-08-13,103.5,5088.75,96,0.0
DM-55-02-03-01,2026-08-14,106.75,5050.5,96,0.0
DM-55-02-03-01,2026-08-15,109.875,5186.0,96,0.0
DM-55-02-03-01,2026-08-16,96.75,5033.25,96,0.0
DM-55-03-02-01,2026-07-25,149.25,6644.5,96,
DM-55-03-02-01,2026-07-26,148.25,6529.5,96,
DM-55-03-02-01,2026-07-27,138.375,6254.75,96,
DM-55-03-02-01,2026-07-28,144.875,6344.0,96,
DM-55-03-02-01,2026-07-29,138.25,6379.75,96,
DM-55-03-02-01,2026-07-30,138.25,6353.75,96,
DM-55-03-02-01,2026-07-31,140.375,6288.0,96,
DM-55-03-02-01,2026-08-01,140.375,6473.25,96,
DM-55-03-02-01,2026-08-02,143.625,6600.0,96,
DM-55-03-02-01,2026-08-03,136.875,6419.5,96,
DM-55-03-02-01,2026-08-04,138.875,6396.75,96,
DM-55-03-02-01,2026-08-05,138.125,6283.25,96,
DM-55-03-02-01,2026-08-06,146.75,6337.0,96,
DM-55-03-02-01,2026-08-07,152.75,6444.25,96,
DM-55-03-02-01,2026-08-08,146.375,6677.0,96,1.43
DM-55-03-02-01,2026-08-09,139.75,6660.0,96,0.0
DM-55-03-02-01,2026-08-10,142.125,6379.25,96,0.0
DM-55-03-02-01,2026-08-11,241.625,6907.5,96,96.68
DM-55-03-02-01,2026-08-12,245.875,6636.5,96,197.61
DM-55-03-02-01,2026-08-13,250.75,6417.0,96,303.415
DM-55-03-02-01,2026-08-14,252.25,6242.75,96,410.72
DM-55-03-02-01,2026-08-15,194.625,6646.5,96,460.4
DM-55-03-02-01,2026-08-16,193.625,6675.75,96,509.08
DM-55-03-03-01,2026-07-25,190.625,7649.0,96,
DM-55-03-03-01,2026-07-26,190.125,7664.0,96,
DM-55-03-03-01,2026-07-27,192.875,7255.75,96,
DM-55-03-03-01,2026-07-28,185.375,7391.0,96,
DM-55-03-03-01,2026-07-29,188.25,7399.0,96,
DM-55-03-03-01,2026-07-30,180.75,7319.5,96,
DM-55-03-03-01,2026-07-31,188.75,7264.75,96,
DM-55-03-03-01,2026-08-01,185.625,7616.25,96,
DM-55-03-03-01,2026-08-02,197.625,7890.25,96,
DM-55-03-03-01,2026-08-03,199.25,7394.75,96,
DM-55-03-03-01,2026-08-04,185.625,7682.25,96,
DM-55-03-03-01,2026-08-05,191.125,7390.0,96,
DM-55-03-03-01,2026-08-06,186.875,7353.25,96,
DM-55-03-03-01,2026-08-07,194.125,7454.5,96,
DM-55-03-03-01,2026-08-08,203.0,7690.25,96,10.788
DM-55-03-03-01,2026-08-09,182.125,7750.0,96,0.701
DM-55-03-03-01,2026-08-10,185.875,7288.0,96,0.0
DM-55-03-03-01,2026-08-11,182.5,7285.25,96,0.0
DM-55-03-03-01,2026-08-12,187.0,7728.75,96,0.0
DM-55-03-03-01,2026-08-13,185.125,7338.75,96,0.0
DM-55-03-03-01,2026-08-14,180.0,7295.75,96,0.0
DM-55-03-03-01,2026-08-15,182.75,7694.25,96,0.0
DM-55-03-03-01,2026-08-16,193.0,7870.0,96,0.788
DM-55-04-01-04,2026-07-25,38.375,1641.5,96,
DM-55-04-01-04,2026-07-26,35.5,1621.75,96,
DM-55-04-01-04,2026-07-27,35.5,1567.5,96,
DM-55-04-01-04,2026-07-28,34.625,1597.5,96,
DM-55-04-01-04,2026-07-29,37.25,1629.75,96,
DM-55-04-01-04,2026-07-30,35.0,1611.75,96,
DM-55-04-01-04,2026-07-31,34.375,1529.5,96,
DM-55-04-01-04,2026-08-01,32.5,1580.0,96,
DM-55-04-01-04,2026-08-02,34.0,1630.25,96,
DM-55-04-01-04,2026-08-03,33.5,1555.5,96,
DM-55-04-01-04,2026-08-04,32.875,1558.75,96,
DM-55-04-01-04,2026-08-05,34.0,1563.0,96,
DM-55-04-01-04,2026-08-06,32.25,1576.25,96,
DM-55-04-01-04,2026-08-07,35.0,1228.0,96,
DM-55-04-01-04,2026-08-08,13.625,898.75,96,0.0
DM-55-04-01-04,2026-08-09,10.375,894.5,96,0.0
DM-55-04-01-04,2026-08-10,11.5,842.75,96,0.0
DM-55-04-01-04,2026-08-11,10.625,816.0,96,0.0
DM-55-04-01-04,2026-08-12,13.25,918.25,96,0.0
DM-55-04-01-04,2026-08-13,12.375,896.75,96,0.0
DM-55-04-01-04,2026-08-14,12.5,906.0,96,0.0
DM-55-04-01-04,2026-08-15,13.5,932.0,96,0.0
DM-55-04-01-04,2026-08-16,15.125,975.75,96,0.0
DM-55-04-01-06,2026-07-25,11.75,689.0,96,
DM-55-04-01-06,2026-07-26,11.125,721.75,96,
DM-55-04-01-06,2026-07-27,10.0,630.0,96,
DM-55-04-01-06,2026-07-28,9.125,655.75,96,
DM-55-04-01-06,2026-07-29,9.25,652.0,96,
DM-55-04-01-06,2026-07-30,9.625,659.25,96,
DM-55-04-01-06,2026-07-31,10.375,663.0,96,
DM-55-04-01-06,2026-08-01,10.0,695.25,96,
DM-55-04-01-06,2026-08-02,12.75,782.25,96,
DM-55-04-01-06,2026-08-03,9.5,652.5,96,
DM-55-04-01-06,2026-08-04,8.25,645.5,96,
DM-55-04-01-06,2026-08-05,11.375,644.62,96,
DM-55-04-01-06,2026-08-06,10.625,670.25,96,
DM-55-04-01-06,2026-08-07,11.438,712.12,96,
DM-55-04-01-06,2026-08-08,11.75,722.0,96,0.793
DM-55-04-01-06,2026-08-09,12.125,759.0,96,1.962
DM-55-04-01-06,2026-08-10,9.25,635.5,96,0.255
DM-55-04-01-06,2026-08-11,9.625,622.25,96,0.0
DM-55-04-01-06,2026-08-12,10.5,734.0,96,0.0
DM-55-04-01-06,2026-08-13,10.125,634.25,96,0.0
DM-55-04-01-06,2026-08-14,9.625,636.75,96,0.0
DM-55-04-01-06,2026-08-15,10.625,701.25,96,0.0
DM-55-04-01-06,2026-08-16,11.25,773.0,96,0.293
DM-55-04-02-02,2026-07-25,36.25,2304.0,96,
DM-55-04-02-02,2026-07-26,34.25,2407.5,96,
DM-55-04-02-02,2026-07-27,32.25,2127.25,96,
DM-55-04-02-02,2026-07-28,33.25,2266.25,96,
DM-55-04-02-02,2026-07-29,33.25,2204.5,96,
DM-55-04-02-02,2026-07-30,34.5,2226.0,96,
DM-55-04-02-02,2026-07-31,36.0,2176.5,96,
DM-55-04-02-02,2026-08-01,37.875,2322.25,96,
DM-55-04-02-02,2026-08-02,35.0,2643.75,96,
DM-55-04-02-02,2026-08-03,36.75,2313.5,96,
DM-55-04-02-02,2026-08-04,37.75,2315.0,96,
DM-55-04-02-02,2026-08-05,34.125,2247.5,96,
DM-55-04-02-02,2026-08-06,35.25,2264.0,96,
DM-55-04-02-02,2026-08-07,38.25,2214.25,96,
DM-55-04-02-02,2026-08-08,36.0,2393.5,96,0.0
DM-55-04-02-02,2026-08-09,33.125,2560.75,96,0.0
DM-55-04-02-02,2026-08-10,35.5,2193.75,96,0.0
DM-55-04-02-02,2026-08-11,32.25,2109.5,96,0.0
DM-55-04-02-02,2026-08-12,33.125,2501.75,96,0.0
DM-55-04-02-02,2026-08-13,36.25,2186.5,96,0.007
DM-55-04-02-02,2026-08-14,38.0,2201.0,96,1.764
DM-55-04-02-02,2026-08-15,38.375,2429.25,96,3.896
DM-55-04-02-02,2026-08-16,32.375,2589.0,96,0.028
DM-55-04-03-04,2026-07-25,63.0,2419.0,96,
DM-55-04-03-04,2026-07-26,58.25,2172.25,96,
DM-55-04-03-04,2026-07-27,61.375,2186.5,96,
DM-55-04-03-04,2026-07-28,63.75,1974.25,96,
DM-55-04-03-04,2026-07-29,62.375,1919.5,96,
DM-55-04-03-04,2026-07-30,53.75,1997.75,96,
DM-55-04-03-04,2026-07-31,64.5,2187.75,96,
DM-55-04-03-04,2026-08-01,55.0,2271.5,96,
DM-55-04-03-04,2026-08-02,65.625,2439.75,96,
DM-55-04-03-04,2026-08-03,66.125,2638.5,96,
DM-55-04-03-04,2026-08-04,69.0,2781.0,96,
DM-55-04-03-04,2026-08-05,69.875,2734.75,96,
DM-55-04-03-04,2026-08-06,72.25,2644.25,96,
DM-55-04-03-04,2026-08-07,67.625,2596.0,96,
DM-55-04-03-04,2026-08-08,79.125,2588.0,96,12.78
DM-55-04-03-04,2026-08-09,81.5,2578.75,96,27.936
DM-55-04-03-04,2026-08-10,74.625,2658.0,96,36.216
DM-55-04-03-04,2026-08-11,66.375,2560.75,96,36.247
DM-55-04-03-04,2026-08-12,73.5,2523.5,96,43.402
DM-55-04-03-04,2026-08-13,71.5,2465.75,96,48.558
DM-55-04-03-04,2026-08-14,60.5,2390.75,96,42.713
DM-55-04-03-04,2026-08-15,68.0,2422.25,96,44.369
DM-55-04-03-04,2026-08-16,85.25,2351.0,96,63.274
DM-55-04-03-05,2026-07-25,104.75,3881.25,96,
DM-55-04-03-05,2026-07-26,92.875,3824.25,96,
DM-55-04-03-05,2026-07-27,100.375,3839.0,96,
DM-55-04-03-05,2026-07-28,78.125,3804.0,96,
DM-55-04-03-05,2026-07-29,92.75,3756.5,96,
DM-55-04-03-05,2026-07-30,102.875,3781.5,96,
DM-55-04-03-05,2026-07-31,89.375,3770.25,96,
DM-55-04-03-05,2026-08-01,99.5,3771.0,96,
DM-55-04-03-05,2026-08-02,101.75,3907.5,96,
DM-55-04-03-05,2026-08-03,87.125,3965.25,96,
DM-55-04-03-05,2026-08-04,84.125,3925.75,96,
DM-55-04-03-05,2026-08-05,106.25,4019.0,96,
DM-55-04-03-05,2026-08-06,91.25,4206.75,96,
DM-55-04-03-05,2026-08-07,103.5,3974.0,96,
DM-55-04-03-05,2026-08-08,98.625,3944.25,96,0.0
DM-55-04-03-05,2026-08-09,76.875,3752.25,96,0.0
DM-55-04-03-05,2026-08-10,95.25,3980.5,96,0.0
DM-55-04-03-05,2026-08-11,86.125,3948.5,96,0.0
DM-55-04-03-05,2026-08-12,86.625,3953.75,96,0.0
DM-55-04-03-05,2026-08-13,80.75,3827.75,96,0.0
DM-55-04-03-05,2026-08-14,91.625,3874.25,96,0.0
DM-55-04-03-05,2026-08-15,79.375,3727.0,96,0.0
DM-55-04-03-05,2026-08-16,101.125,3759.25,96,1.634
DM-55-04-04-01,2026-07-25,111.875,4467.75,96,
DM-55-04-04-01,2026-07-26,111.875,4414.75,96,
DM-55-04-04-01,2026-07-27,107.0,4268.75,96,
DM-55-04-04-01,2026-07-28,113.625,4321.25,96,
DM-55-04-04-01,2026-07-29,100.5,4269.75,96,
DM-55-04-04-01,2026-07-30,105.375,4320.5,96,
DM-55-04-04-01,2026-07-31,125.625,4332.0,96,
DM-55-04-04-01,2026-08-01,116.0,4482.0,96,
DM-55-04-04-01,2026-08-02,107.75,4553.0,96,
DM-55-04-04-01,2026-08-03,108.375,4390.25,96,
DM-55-04-04-01,2026-08-04,113.375,4376.0,96,
DM-55-04-04-01,2026-08-05,104.125,4326.25,96,
DM-55-04-04-01,2026-08-06,109.875,4372.75,96,
DM-55-04-04-01,2026-08-07,112.625,4428.0,96,
DM-55-04-04-01,2026-08-08,106.375,4507.5,96,0.0
DM-55-04-04-01,2026-08-09,101.875,4534.5,96,0.0
DM-55-04-04-01,2026-08-10,105.125,4394.0,96,0.0
DM-55-04-04-01,2026-08-11,106.25,4322.5,96,0.0
DM-55-04-04-01,2026-08-12,112.5,4581.25,96,0.0
DM-55-04-04-01,2026-08-13,105.75,4352.25,96,0.0
DM-55-04-04-01,2026-08-14,110.25,4397.0,96,0.0
DM-55-04-04-01,2026-08-15,112.0,4618.75,96,0.0
DM-55-04-04-01,2026-08-16,110.375,4593.0,96,0.0
DM-55-05-02-01,2026-07-25,89.0,5127.0,96,
DM-55-05-02-01,2026-07-26,84.375,5160.5,96,
DM-55-05-02-01,2026-07-27,80.25,4797.0,96,
DM-55-05-02-01,2026-07-28,86.0,4906.25,96,
DM-55-05-02-01,2026-07-29,83.125,4860.75,96,
DM-55-05-02-01,2026-07-30,82.5,4867.5,96,
DM-55-05-02-01,2026-07-31,86.75,4191.25,96,
DM-55-05-02-01,2026-08-01,89.75,5038.0,96,
DM-55-05-02-01,2026-08-02,83.875,5424.25,96,
DM-55-05-02-01,2026-08-03,82.75,4980.0,96,
DM-55-05-02-01,2026-08-04,86.125,4994.25,96,
DM-55-05-02-01,2026-08-05,83.0,4880.75,96,
DM-55-05-02-01,2026-08-06,86.25,4884.5,96,
DM-55-05-02-01,2026-08-07,93.75,4928.25,96,
DM-55-05-02-01,2026-08-08,85.875,5039.25,96,0.0
DM-55-05-02-01,2026-08-09,76.125,5317.75,96,0.0
DM-55-05-02-01,2026-08-10,79.25,4841.0,96,0.0
DM-55-05-02-01,2026-08-11,84.75,4835.5,96,0.0
DM-55-05-02-01,2026-08-12,84.375,5215.75,96,0.0
DM-55-05-02-01,2026-08-13,83.125,4843.0,96,0.0
DM-55-05-02-01,2026-08-14,82.75,4879.75,96,0.0
DM-55-05-02-01,2026-08-15,86.375,5232.25,96,0.0
DM-55-05-02-01,2026-08-16,79.375,5392.25,96,0.0
DM-55-05-04-01,2026-07-25,27.125,1778.5,96,
DM-55-05-04-01,2026-07-26,28.125,1893.75,96,
DM-55-05-04-01,2026-07-27,30.25,1824.5,96,
DM-55-05-04-01,2026-07-28,31.125,1990.25,96,
DM-55-05-04-01,2026-07-29,28.375,2395.75,96,
DM-55-05-04-01,2026-07-30,43.25,2309.0,96,
DM-55-05-04-01,2026-07-31,23.125,2160.5,96,
DM-55-05-04-01,2026-08-01,51.0,2506.75,96,
DM-55-05-04-01,2026-08-02,42.25,2525.0,96,
DM-55-05-04-01,2026-08-03,47.625,2427.75,96,
DM-55-05-04-01,2026-08-04,38.625,2380.0,96,
DM-55-05-04-01,2026-08-05,26.375,2369.0,96,
DM-55-05-04-01,2026-08-06,12.25,2321.0,96,
DM-55-05-04-01,2026-08-07,19.25,2325.0,96,
DM-55-05-04-01,2026-08-08,42.0,2367.75,96,4.602
DM-55-05-04-01,2026-08-09,14.625,1846.25,96,0.0
DM-55-05-04-01,2026-08-10,25.375,1687.0,96,0.0
DM-55-05-04-01,2026-08-11,25.0,1675.25,96,0.0
DM-55-05-04-01,2026-08-12,27.25,1875.75,96,0.0
DM-55-05-04-01,2026-08-13,26.0,1373.75,96,0.0
DM-55-05-04-01,2026-08-14,8.875,1670.0,96,0.0
DM-55-05-04-01,2026-08-15,8.75,1834.75,96,0.0
DM-55-05-04-01,2026-08-16,30.125,1965.25,96,0.0
DM-55-05-05-01,2026-07-25,14.625,996.75,96,
DM-55-05-05-01,2026-07-26,14.5,1025.75,96,
DM-55-05-05-01,2026-07-27,15.375,982.5,96,
DM-55-05-05-01,2026-07-28,15.75,1041.0,96,
DM-55-05-05-01,2026-07-29,15.625,1006.0,96,
DM-55-05-05-01,2026-07-30,13.75,952.5,96,
DM-55-05-05-01,2026-07-31,13.375,1009.75,96,
DM-55-05-05-01,2026-08-01,17.625,1074.75,96,
DM-55-05-05-01,2026-08-02,17.25,1102.25,96,
DM-55-05-05-01,2026-08-03,22.625,1040.5,96,
DM-55-05-05-01,2026-08-04,14.0,981.25,96,
DM-55-05-05-01,2026-08-05,18.625,987.25,96,
DM-55-05-05-01,2026-08-06,16.125,988.0,96,
DM-55-05-05-01,2026-08-07,13.875,1008.75,96,
DM-55-05-05-01,2026-08-08,17.375,1052.0,96,0.241
DM-55-05-05-01,2026-08-09,13.875,1065.5,96,0.0
DM-55-05-05-01,2026-08-10,15.75,1019.5,96,0.0
DM-55-05-05-01,2026-08-11,16.375,1009.25,96,0.0
DM-55-05-05-01,2026-08-12,16.5,1122.75,96,0.0
DM-55-05-05-01,2026-08-13,20.0,1065.0,96,2.866
DM-55-05-05-01,2026-08-14,15.125,1029.25,96,0.857
DM-55-05-05-01,2026-08-15,16.25,1129.0,96,0.0
DM-55-05-05-01,2026-08-16,21.375,1196.25,96,4.241
DM-55-06-01-02,2026-07-25,44.125,2011.0,96,
DM-55-06-01-02,2026-07-26,60.625,1575.75,96,
DM-55-06-01-02,2026-07-27,29.75,1477.0,96,
DM-55-06-01-02,2026-07-28,34.5,1842.75,96,
DM-55-06-01-02,2026-07-29,48.375,1520.75,96,
DM-55-06-01-02,2026-07-30,40.375,1594.5,96,
DM-55-06-01-02,2026-07-31,34.0,1561.25,96,
DM-55-06-01-02,2026-08-01,37.875,1648.75,96,
DM-55-06-01-02,2026-08-02,26.0,1703.25,96,
DM-55-06-01-02,2026-08-03,57.25,1632.25,96,
DM-55-06-01-02,2026-08-04,65.0,1754.5,96,
DM-55-06-01-02,2026-08-05,100.25,2133.25,96,
DM-55-06-01-02,2026-08-06,61.5,1623.5,96,
DM-55-06-01-02,2026-08-07,38.5,2142.5,96,
DM-55-06-01-02,2026-08-08,37.75,1830.0,96,0.0
DM-55-06-01-02,2026-08-09,31.5,1208.5,96,0.0
DM-55-06-01-02,2026-08-10,21.125,1726.75,96,0.0
DM-55-06-01-02,2026-08-11,65.375,1973.25,96,7.579
DM-55-06-01-02,2026-08-12,57.125,2338.0,96,6.907
DM-55-06-01-02,2026-08-13,32.625,1905.25,96,0.0
DM-55-06-01-02,2026-08-14,63.125,1818.25,96,5.329
DM-55-06-01-02,2026-08-15,22.625,1652.75,96,0.0
DM-55-06-01-02,2026-08-16,29.625,1294.75,96,0.0
DM-55-06-03-01,2026-07-25,36.875,1663.5,96,
DM-55-06-03-01,2026-07-26,34.25,1599.25,96,
DM-55-06-03-01,2026-07-27,35.0,1516.75,96,
DM-55-06-03-01,2026-07-28,33.25,1496.25,96,
DM-55-06-03-01,2026-07-29,34.375,1492.25,96,
DM-55-06-03-01,2026-07-30,37.5,1572.25,96,
DM-55-06-03-01,2026-07-31,36.875,1512.5,96,
DM-55-06-03-01,2026-08-01,42.625,1652.25,96,
DM-55-06-03-01,2026-08-02,37.25,1649.25,96,
DM-55-06-03-01,2026-08-03,35.5,1634.5,96,
DM-55-06-03-01,2026-08-04,41.5,1591.0,96,
DM-55-06-03-01,2026-08-05,41.875,1711.25,96,
DM-55-06-03-01,2026-08-06,35.25,1609.0,96,
DM-55-06-03-01,2026-08-07,44.25,1618.75,96,
DM-55-06-03-01,2026-08-08,37.125,1675.25,96,0.0
DM-55-06-03-01,2026-08-09,33.25,1669.0,96,0.0
DM-55-06-03-01,2026-08-10,35.125,1551.5,96,0.0
DM-55-06-03-01,2026-08-11,39.25,1568.5,96,0.0
DM-55-06-03-01,2026-08-12,34.25,1635.75,96,0.0
DM-55-06-03-01,2026-08-13,35.75,1561.25,96,0.0
DM-55-06-03-01,2026-08-14,36.625,1561.5,96,0.0
DM-55-06-03-01,2026-08-15,40.125,1628.0,96,0.829
DM-55-06-03-01,2026-08-16,32.875,1643.0,96,0.0
DM-55-06-03-02,2026-07-25,32.25,1834.5,96,
DM-55-06-03-02,2026-07-26,30.625,1718.75,96,
DM-55-06-03-02,2026-07-27,28.25,1563.25,96,
DM-55-06-03-02,2026-07-28,25.375,1574.25,96,
DM-55-06-03-02,2026-07-29,26.125,1572.25,96,
DM-55-06-03-02,2026-07-30,26.375,1626.25,96,
DM-55-06-03-02,2026-07-31,28.25,1606.0,96,
DM-55-06-03-02,2026-08-01,32.25,1783.75,96,
DM-55-06-03-02,2026-08-02,35.375,1869.5,96,
DM-55-06-03-02,2026-08-03,32.0,1747.0,96,
DM-55-06-03-02,2026-08-04,33.0,1728.5,96,
DM-55-06-03-02,2026-08-05,31.75,1711.0,96,
DM-55-06-03-02,2026-08-06,33.25,1712.25,96,
DM-55-06-03-02,2026-08-07,29.875,1703.75,96,
DM-55-06-03-02,2026-08-08,30.125,1664.75,96,0.0
DM-55-06-03-02,2026-08-09,27.5,1681.75,96,0.0
DM-55-06-03-02,2026-08-10,26.5,1660.0,96,0.0
DM-55-06-03-02,2026-08-11,30.625,1675.25,96,0.0
DM-55-06-03-02,2026-08-12,30.375,1771.25,96,0.0
DM-55-06-03-02,2026-08-13,25.125,1660.0,96,0.0
DM-55-06-03-02,2026-08-14,28.625,1704.5,96,0.0
DM-55-06-03-02,2026-08-15,33.625,1770.5,96,1.821
DM-55-06-03-02,2026-08-16,29.875,1730.0,96,0.0
DM-55-06-03-04,2026-07-25,64.75,2701.0,96,
DM-55-06-03-04,2026-07-26,66.625,2786.0,96,
DM-55-06-03-04,2026-07-27,66.125,2603.5,96,
DM-55-06-03-04,2026-07-28,65.25,2670.5,96,
DM-55-06-03-04,2026-07-29,62.75,2664.75,96,
DM-55-06-03-04,2026-07-30,61.875,2601.5,96,
DM-55-06-03-04,2026-07-31,59.75,2552.75,96,
DM-55-06-03-04,2026-08-01,62.375,2687.25,96,
DM-55-06-03-04,2026-08-02,62.5,2871.5,96,
DM-55-06-03-04,2026-08-03,64.25,2654.0,96,
DM-55-06-03-04,2026-08-04,64.875,2685.5,96,
DM-55-06-03-04,2026-08-05,69.125,2668.75,96,
DM-55-06-03-04,2026-08-06,68.25,2663.5,96,
DM-55-06-03-04,2026-08-07,63.25,2686.0,96,
DM-55-06-03-04,2026-08-08,65.0,2803.25,96,0.0
DM-55-06-03-04,2026-08-09,66.25,2941.5,96,0.601
DM-55-06-03-04,2026-08-10,65.25,2665.0,96,0.201
DM-55-06-03-04,2026-08-11,60.75,2638.25,96,0.0
DM-55-06-03-04,2026-08-12,63.125,2865.75,96,0.0
DM-55-06-03-04,2026-08-13,65.125,2669.0,96,0.0
DM-55-06-03-04,2026-08-14,63.375,2705.75,96,0.0
DM-55-06-03-04,2026-08-15,62.125,2786.25,96,0.0
DM-55-06-03-04,2026-08-16,68.0,2884.0,96,2.351
DM-55-06-04-03,2026-07-25,14.625,997.5,96,
DM-55-06-04-03,2026-07-26,14.625,997.5,96,
DM-55-06-04-03,2026-07-27,14.625,997.5,96,
DM-55-06-04-03,2026-07-28,14.625,997.5,96,
DM-55-06-04-03,2026-07-29,14.625,997.5,96,
DM-55-06-04-03,2026-07-30,14.625,997.5,96,
DM-55-06-04-03,2026-07-31,14.625,997.5,96,
DM-55-06-04-03,2026-08-01,14.625,997.5,96,
DM-55-06-04-03,2026-08-02,14.625,997.5,96,
DM-55-06-04-03,2026-08-03,14.625,997.5,96,
DM-55-06-04-03,2026-08-04,14.625,997.5,96,
DM-55-06-04-03,2026-08-05,14.625,997.5,96,
DM-55-06-04-03,2026-08-06,14.625,997.5,96,
DM-55-06-04-03,2026-08-07,14.625,997.5,96,
DM-55-06-04-03,2026-08-08,14.625,997.5,96,0.0
DM-55-06-04-03,2026-08-09,14.625,997.5,96,0.0
DM-55-06-04-03,2026-08-10,14.625,997.5,96,0.0
DM-55-06-04-03,2026-08-11,14.625,997.5,96,0.0
DM-55-06-04-03,2026-08-12,14.625,997.5,96,0.0
DM-55-06-04-03,2026-08-13,14.625,997.5,96,0.0
DM-55-06-04-03,2026-08-14,14.625,997.5,96,0.0
DM-55-06-04-03,2026-08-15,14.625,997.5,96,0.0
DM-55-06-04-03,2026-08-16,14.625,997.5,96,0.0
DM-55-07-01-02,2026-07-25,151.25,6823.5,96,
DM-55-07-01-02,2026-07-26,155.625,7343.5,96,
DM-55-07-01-02,2026-07-27,157.875,6690.25,96,
DM-55-07-01-02,2026-07-28,159.0,6970.25,96,
DM-55-07-01-02,2026-07-29,148.0,6850.0,96,
DM-55-07-01-02,2026-07-30,150.25,6796.5,96,
DM-55-07-01-02,2026-07-31,144.875,6603.25,96,
DM-55-07-01-02,2026-08-01,144.25,7085.25,96,
DM-55-07-01-02,2026-08-02,153.625,7612.5,96,
DM-55-07-01-02,2026-08-03,147.5,7047.75,96,
DM-55-07-01-02,2026-08-04,153.75,6935.0,96,
DM-55-07-01-02,2026-08-05,157.625,6940.25,96,
DM-55-07-01-02,2026-08-06,152.125,6746.5,96,
DM-55-07-01-02,2026-08-07,151.5,6762.75,96,
DM-55-07-01-02,2026-08-08,168.25,7530.75,96,14.048
DM-55-07-01-02,2026-08-09,213.25,8338.5,96,73.096
DM-55-07-01-02,2026-08-10,152.0,6707.5,96,70.894
DM-55-07-01-02,2026-08-11,142.125,6531.0,96,58.817
DM-55-07-01-02,2026-08-12,154.875,7320.5,96,59.49
DM-55-07-01-02,2026-08-13,160.25,6816.5,96,65.537
DM-55-07-01-02,2026-08-14,149.5,6807.75,96,60.835
DM-55-07-01-02,2026-08-15,156.5,7230.0,96,63.133
DM-55-07-01-02,2026-08-16,154.5,7601.25,96,63.431
DM-55-07-03-01,2026-07-25,81.875,3000.5,96,
DM-55-07-03-01,2026-07-26,83.875,2803.25,96,
DM-55-07-03-01,2026-07-27,79.625,3194.25,96,
DM-55-07-03-01,2026-07-28,85.375,2910.25,96,
DM-55-07-03-01,2026-07-29,74.625,3014.5,96,
DM-55-07-03-01,2026-07-30,96.125,3295.5,96,
DM-55-07-03-01,2026-07-31,99.375,3204.25,96,
DM-55-07-03-01,2026-08-01,85.875,3174.75,96,
DM-55-07-03-01,2026-08-02,88.75,2923.5,96,
DM-55-07-03-01,2026-08-03,93.375,3414.25,96,
DM-55-07-03-01,2026-08-04,90.875,3537.75,96,
DM-55-07-03-01,2026-08-05,102.125,3574.0,96,
DM-55-07-03-01,2026-08-06,67.75,3230.5,96,
DM-55-07-03-01,2026-08-07,86.375,3325.75,96,
DM-55-07-03-01,2026-08-08,83.25,3068.25,96,0.0
DM-55-07-03-01,2026-08-09,60.25,2660.25,96,0.0
DM-55-07-03-01,2026-08-10,53.25,3221.5,96,0.0
DM-55-07-03-01,2026-08-11,67.125,3290.0,96,0.0
DM-55-07-03-01,2026-08-12,65.875,2976.0,96,0.0
DM-55-07-03-01,2026-08-13,49.875,3276.75,96,0.0
DM-55-07-03-01,2026-08-14,64.5,3311.25,96,0.0
DM-55-07-03-01,2026-08-15,98.25,3367.5,96,6.877
DM-55-07-03-01,2026-08-16,80.875,2905.0,96,0.0
DM-55-07-03-02,2026-07-25,40.75,2048.5,96,
DM-55-07-03-02,2026-07-26,33.625,1907.5,96,
DM-55-07-03-02,2026-07-27,36.125,1752.25,96,
DM-55-07-03-02,2026-07-28,26.875,1536.75,96,
DM-55-07-03-02,2026-07-29,25.625,1578.5,96,
DM-55-07-03-02,2026-07-30,42.5,2102.0,96,
DM-55-07-03-02,2026-07-31,48.25,2002.5,96,
DM-55-07-03-02,2026-08-01,45.0,2085.5,96,
DM-55-07-03-02,2026-08-02,36.5,1854.75,96,
DM-55-07-03-02,2026-08-03,35.625,2352.0,96,
DM-55-07-03-02,2026-08-04,50.625,2347.75,96,
DM-55-07-03-02,2026-08-05,48.625,2520.25,96,
DM-55-07-03-02,2026-08-06,42.75,2408.5,96,
DM-55-07-03-02,2026-08-07,29.25,2283.0,96,
DM-55-07-03-02,2026-08-08,34.0,2099.5,96,0.0
DM-55-07-03-02,2026-08-09,31.0,2017.0,96,0.0
DM-55-07-03-02,2026-08-10,43.375,2576.0,96,0.748
DM-55-07-03-02,2026-08-11,42.625,2543.0,96,0.746
DM-55-07-03-02,2026-08-12,32.875,1778.0,96,0.0
DM-55-07-03-02,2026-08-13,42.625,2187.75,96,0.0
DM-55-07-03-02,2026-08-14,48.875,2330.25,96,6.248
DM-55-07-03-02,2026-08-15,43.375,2231.5,96,6.996
DM-55-07-03-02,2026-08-16,34.375,1869.0,96,0.0
DM-55-07-05-02,2026-07-25,37.375,1985.0,96,
DM-55-07-05-02,2026-07-26,40.75,2082.5,96,
DM-55-07-05-02,2026-07-27,41.625,1793.0,96,
DM-55-07-05-02,2026-07-28,40.625,1897.25,96,
DM-55-07-05-02,2026-07-29,42.25,1905.25,96,
DM-55-07-05-02,2026-07-30,43.75,1862.75,96,
DM-55-07-05-02,2026-07-31,42.75,1849.25,96,
DM-55-07-05-02,2026-08-01,45.0,2134.75,96,
DM-55-07-05-02,2026-08-02,46.5,2229.5,96,
DM-55-07-05-02,2026-08-03,42.875,2034.75,96,
DM-55-07-05-02,2026-08-04,47.25,2068.25,96,
DM-55-07-05-02,2026-08-05,52.5,2099.0,96,
DM-55-07-05-02,2026-08-06,54.25,2189.25,96,
DM-55-07-05-02,2026-08-07,51.875,2224.75,96,
DM-55-07-05-02,2026-08-08,56.75,2370.0,96,9.397
DM-55-07-05-02,2026-08-09,58.5,2435.75,96,20.545
DM-55-07-05-02,2026-08-10,58.0,2163.75,96,31.192
DM-55-07-05-02,2026-08-11,58.625,2148.5,96,42.465
DM-55-07-05-02,2026-08-12,57.875,2369.5,96,52.987
DM-55-07-05-02,2026-08-13,62.625,2242.5,96,68.26
DM-55-07-05-02,2026-08-14,59.625,2266.75,96,80.532
DM-55-07-05-02,2026-08-15,58.5,2450.25,96,91.68
DM-55-07-05-02,2026-08-16,59.5,2516.25,96,103.827
DM-55-07-05-03,2026-07-25,42.125,2116.25,96,
DM-55-07-05-03,2026-07-26,42.875,2016.75,96,
DM-55-07-05-03,2026-07-27,38.0,1884.5,96,
DM-55-07-05-03,2026-07-28,40.375,1944.5,96,
DM-55-07-05-03,2026-07-29,38.0,1917.25,96,
DM-55-07-05-03,2026-07-30,36.625,1878.0,96,
DM-55-07-05-03,2026-07-31,37.0,1878.0,96,
DM-55-07-05-03,2026-08-01,41.0,2044.75,96,
DM-55-07-05-03,2026-08-02,42.0,2143.75,96,
DM-55-07-05-03,2026-08-03,38.375,1977.25,96,
DM-55-07-05-03,2026-08-04,38.5,1900.25,96,
DM-55-07-05-03,2026-08-05,38.875,1893.0,96,
DM-55-07-05-03,2026-08-06,38.25,1906.0,96,
DM-55-07-05-03,2026-08-07,39.75,1960.75,96,
DM-55-07-05-03,2026-08-08,40.75,2030.25,96,0.387
DM-55-07-05-03,2026-08-09,40.375,2054.75,96,0.4
DM-55-07-05-03,2026-08-10,38.75,1889.0,96,0.0
DM-55-07-05-03,2026-08-11,37.875,1871.0,96,0.0
DM-55-07-05-03,2026-08-12,40.125,2061.0,96,0.0
DM-55-07-05-03,2026-08-13,40.375,1921.0,96,0.012
DM-55-07-05-03,2026-08-14,40.25,1979.75,96,0.0
DM-55-07-05-03,2026-08-15,41.125,2094.25,96,0.762
DM-55-07-05-03,2026-08-16,40.875,2115.0,96,1.275
DM-55-08-01-02,2026-07-25,151.0,5726.75,96,
DM-55-08-01-02,2026-07-26,157.5,5711.25,96,
DM-55-08-01-02,2026-07-27,149.875,5641.75,96,
DM-55-08-01-02,2026-07-28,150.5,5623.75,96,
DM-55-08-01-02,2026-07-29,144.375,5622.25,96,
DM-55-08-01-02,2026-07-30,153.625,5748.25,96,
DM-55-08-01-02,2026-07-31,149.125,5578.75,96,
DM-55-08-01-02,2026-08-01,154.25,5765.5,96,
DM-55-08-01-02,2026-08-02,151.25,5778.5,96,
DM-55-08-01-02,2026-08-03,148.25,5689.5,96,
DM-55-08-01-02,2026-08-04,152.125,5788.5,96,
DM-55-08-01-02,2026-08-05,145.875,5737.0,96,
DM-55-08-01-02,2026-08-06,144.125,5598.25,96,
DM-55-08-01-02,2026-08-07,154.0,5710.75,96,
DM-55-08-01-02,2026-08-08,146.25,5775.0,96,0.0
DM-55-08-01-02,2026-08-09,136.875,5588.5,96,0.0
DM-55-08-01-02,2026-08-10,136.0,5568.0,96,0.0
DM-55-08-01-02,2026-08-11,143.0,5564.0,96,0.0
DM-55-08-01-02,2026-08-12,143.125,5555.75,96,0.0
DM-55-08-01-02,2026-08-13,138.5,5619.5,96,0.0
DM-55-08-01-02,2026-08-14,138.375,5604.25,96,0.0
DM-55-08-01-02,2026-08-15,146.125,5803.25,96,0.0
DM-55-08-01-02,2026-08-16,137.125,5634.75,96,0.0
DM-55-08-02-01,2026-07-25,93.875,4538.5,96,
DM-55-08-02-01,2026-07-26,100.75,4627.25,96,
DM-55-08-02-01,2026-07-27,101.5,4569.5,96,
DM-55-08-02-01,2026-07-28,103.0,4566.0,96,
DM-55-08-02-01,2026-07-29,101.75,4553.75,96,
DM-55-08-02-01,2026-07-30,98.875,4489.0,96,
DM-55-08-02-01,2026-07-31,96.0,4398.75,96,
DM-55-08-02-01,2026-08-01,96.5,4666.25,96,
DM-55-08-02-01,2026-08-02,100.875,4735.25,96,
DM-55-08-02-01,2026-08-03,101.125,4756.75,96,
DM-55-08-02-01,2026-08-04,105.75,4499.0,96,
DM-55-08-02-01,2026-08-05,100.25,4669.0,96,
DM-55-08-02-01,2026-08-06,100.75,4505.5,96,
DM-55-08-02-01,2026-08-07,100.0,4640.75,96,
DM-55-08-02-01,2026-08-08,101.25,4683.25,96,0.0
DM-55-08-02-01,2026-08-09,102.875,4593.75,96,1.355
DM-55-08-02-01,2026-08-10,92.5,4468.75,96,0.0
DM-55-08-02-01,2026-08-11,98.125,4378.5,96,0.0
DM-55-08-02-01,2026-08-12,94.0,4489.75,96,0.0
DM-55-08-02-01,2026-08-13,96.625,4582.25,96,0.0
DM-55-08-02-01,2026-08-14,105.125,4666.0,96,3.605
DM-55-08-02-01,2026-08-15,96.625,4762.75,96,0.0
DM-55-08-02-01,2026-08-16,98.375,4717.5,96,0.0
DM-55-08-02-02,2026-07-25,156.0,5861.25,96,
DM-55-08-02-02,2026-07-26,124.0,5777.5,96,
DM-55-08-02-02,2026-07-27,121.25,5570.0,96,
DM-55-08-02-02,2026-07-28,136.75,5568.75,96,
DM-55-08-02-02,2026-07-29,144.625,5802.0,96,
DM-55-08-02-02,2026-07-30,136.625,5789.75,96,
DM-55-08-02-02,2026-07-31,132.125,5851.75,96,
DM-55-08-02-02,2026-08-01,132.625,5956.75,96,
DM-55-08-02-02,2026-08-02,132.75,6013.0,96,
DM-55-08-02-02,2026-08-03,144.875,5962.0,96,
DM-55-08-02-02,2026-08-04,152.125,6107.5,96,
DM-55-08-02-02,2026-08-05,132.375,5885.25,96,
DM-55-08-02-02,2026-08-06,181.5,5160.5,96,
DM-55-08-02-02,2026-08-07,136.625,6070.5,96,
DM-55-08-02-02,2026-08-08,129.625,5937.0,96,0.0
DM-55-08-02-02,2026-08-09,143.5,5886.25,96,0.0
DM-55-08-02-02,2026-08-10,132.375,5737.75,96,0.0
DM-55-08-02-02,2026-08-11,127.0,5513.5,96,0.0
DM-55-08-02-02,2026-08-12,130.0,5927.75,96,0.0
DM-55-08-02-02,2026-08-13,119.375,5617.5,96,0.0
DM-55-08-02-02,2026-08-14,113.25,5665.25,96,0.0
DM-55-08-02-02,2026-08-15,127.0,5993.5,96,0.0
DM-55-08-02-02,2026-08-16,121.25,5794.0,96,0.0
DM-55-08-03-01,2026-07-25,31.375,2939.5,96,
DM-55-08-03-01,2026-07-26,39.625,2526.75,96,
DM-55-08-03-01,2026-07-27,31.625,2449.0,96,
DM-55-08-03-01,2026-07-28,37.875,2627.25,96,
DM-55-08-03-01,2026-07-29,42.25,3125.5,96,
DM-55-08-03-01,2026-07-30,42.25,3125.5,96,
DM-55-08-03-01,2026-07-31,34.5,2790.0,96,
DM-55-08-03-01,2026-08-01,53.25,3035.5,96,
DM-55-08-03-01,2026-08-02,58.875,2784.25,96,
DM-55-08-03-01,2026-08-03,32.625,2982.25,96,
DM-55-08-03-01,2026-08-04,56.625,3078.25,96,
DM-55-08-03-01,2026-08-05,40.25,3268.0,96,
DM-55-08-03-01,2026-08-06,32.0,3095.0,96,
DM-55-08-03-01,2026-08-07,50.5,3041.25,96,
DM-55-08-03-01,2026-08-08,35.0,2905.0,96,0.0
DM-55-08-03-01,2026-08-09,40.625,2642.0,96,0.0
DM-55-08-03-01,2026-08-10,30.75,2978.5,96,0.0
DM-55-08-03-01,2026-08-11,55.125,3080.75,96,8.834
DM-55-08-03-01,2026-08-12,53.625,2897.5,96,16.169
DM-55-08-03-01,2026-08-13,38.25,2919.0,96,8.128
DM-55-08-03-01,2026-08-14,45.5,3124.25,96,7.337
DM-55-08-03-01,2026-08-15,42.75,2989.25,96,3.796
DM-55-08-03-01,2026-08-16,39.0,2718.75,96,0.0
DM-55-09-02-01,2026-07-25,63.5,5245.25,96,
DM-55-09-02-01,2026-07-26,159.5,6480.25,96,
DM-55-09-02-01,2026-07-27,151.375,6162.5,96,
DM-55-09-02-01,2026-07-28,153.0,6187.5,96,
DM-55-09-02-01,2026-07-29,153.25,6362.5,96,
DM-55-09-02-01,2026-07-30,157.5,6317.25,96,
DM-55-09-02-01,2026-07-31,177.25,5321.0,96,
DM-55-09-02-01,2026-08-01,177.125,6738.25,96,
DM-55-09-02-01,2026-08-02,152.25,6476.0,96,
DM-55-09-02-01,2026-08-03,151.625,6487.25,96,
DM-55-09-02-01,2026-08-04,168.375,6229.5,96,
DM-55-09-02-01,2026-08-05,169.375,6677.0,96,
DM-55-09-02-01,2026-08-06,134.25,5633.75,96,
DM-55-09-02-01,2026-08-07,132.625,5636.0,96,
DM-55-09-02-01,2026-08-08,132.375,5756.75,96,0.0
DM-55-09-02-01,2026-08-09,136.875,5744.5,96,0.0
DM-55-09-02-01,2026-08-10,134.25,5547.5,96,0.0
DM-55-09-02-01,2026-08-11,130.875,5454.75,96,0.0
DM-55-09-02-01,2026-08-12,132.5,5704.5,96,0.0
DM-55-09-02-01,2026-08-13,136.0,5798.0,96,0.0
DM-55-09-02-01,2026-08-14,141.5,5787.25,96,0.0
DM-55-09-02-01,2026-08-15,138.0,5889.5,96,0.0
DM-55-09-02-01,2026-08-16,131.5,5801.5,96,0.0
DM-56-01-02-01,2026-07-25,134.625,4830.25,96,
DM-56-01-02-01,2026-07-26,133.125,4850.0,96,
DM-56-01-02-01,2026-07-27,133.5,4578.25,96,
DM-56-01-02-01,2026-07-28,129.625,4526.25,96,
DM-56-01-02-01,2026-07-29,131.875,4610.75,96,
DM-56-01-02-01,2026-07-30,131.625,4544.5,96,
DM-56-01-02-01,2026-07-31,132.75,4566.0,96,
DM-56-01-02-01,2026-08-01,134.5,4723.5,96,
DM-56-01-02-01,2026-08-02,134.625,4756.75,96,
DM-56-01-02-01,2026-08-03,131.5,4628.5,96,
DM-56-01-02-01,2026-08-04,135.125,4650.5,96,
DM-56-01-02-01,2026-08-05,134.25,4595.25,96,
DM-56-01-02-01,2026-08-06,135.0,4672.75,96,
DM-56-01-02-01,2026-08-07,136.375,4665.25,96,
DM-56-01-02-01,2026-08-08,137.5,4805.75,96,3.158
DM-56-01-02-01,2026-08-09,136.75,4803.75,96,5.567
DM-56-01-02-01,2026-08-10,135.375,4649.0,96,6.6
DM-56-01-02-01,2026-08-11,137.125,4592.0,96,9.383
DM-56-01-02-01,2026-08-12,135.5,4726.5,96,10.542
DM-56-01-02-01,2026-08-13,135.25,4642.75,96,11.45
DM-56-01-02-01,2026-08-14,137.75,4679.25,96,14.858
DM-56-01-02-01,2026-08-15,135.625,4804.5,96,16.142
DM-56-01-02-01,2026-08-16,134.75,4804.0,96,16.55
DM-56-01-03-02,2026-07-25,97.0,3875.75,96,
DM-56-01-03-02,2026-07-26,95.375,3931.75,96,
DM-56-01-03-02,2026-07-27,103.375,3649.75,96,
DM-56-01-03-02,2026-07-28,91.75,3602.5,96,
DM-56-01-03-02,2026-07-29,90.375,3642.5,96,
DM-56-01-03-02,2026-07-30,107.375,3715.75,96,
DM-56-01-03-02,2026-07-31,98.125,3614.25,96,
DM-56-01-03-02,2026-08-01,100.625,3781.75,96,
DM-56-01-03-02,2026-08-02,96.25,3872.5,96,
DM-56-01-03-02,2026-08-03,90.5,3726.5,96,
DM-56-01-03-02,2026-08-04,93.125,3668.0,96,
DM-56-01-03-02,2026-08-05,95.375,3624.75,96,
DM-56-01-03-02,2026-08-06,91.75,3639.0,96,
DM-56-01-03-02,2026-08-07,97.0,3683.25,96,
DM-56-01-03-02,2026-08-08,101.625,3864.0,96,2.958
DM-56-01-03-02,2026-08-09,97.5,3902.75,96,1.79
DM-56-01-03-02,2026-08-10,98.625,3717.0,96,1.748
DM-56-01-03-02,2026-08-11,101.875,3667.75,96,4.955
DM-56-01-03-02,2026-08-12,98.875,3896.0,96,5.163
DM-56-01-03-02,2026-08-13,107.875,3791.5,96,14.37
DM-56-01-03-02,2026-08-14,98.125,3821.0,96,13.828
DM-56-01-03-02,2026-08-15,100.25,3962.0,96,15.41
DM-56-01-03-02,2026-08-16,102.625,3966.5,96,19.368
DM-56-01-05-01,2026-07-25,253.5,11684.0,96,
DM-56-01-05-01,2026-07-26,248.125,11667.25,96,
DM-56-01-05-01,2026-07-27,242.625,10723.88,96,
DM-56-01-05-01,2026-07-28,258.375,10821.25,96,
DM-56-01-05-01,2026-07-29,241.5,10934.75,96,
DM-56-01-05-01,2026-07-30,237.625,11041.75,96,
DM-56-01-05-01,2026-07-31,240.375,10564.75,96,
DM-56-01-05-01,2026-08-01,248.875,11089.0,96,
DM-56-01-05-01,2026-08-02,251.5,11278.5,96,
DM-56-01-05-01,2026-08-03,241.0,11197.0,96,
DM-56-01-05-01,2026-08-04,238.875,11109.75,96,
DM-56-01-05-01,2026-08-05,249.25,10778.25,96,
DM-56-01-05-01,2026-08-06,242.375,10812.0,96,
DM-56-01-05-01,2026-08-07,245.25,10695.0,96,
DM-56-01-05-01,2026-08-08,240.75,11054.25,96,0.0
DM-56-01-05-01,2026-08-09,253.125,11182.75,96,4.524
DM-56-01-05-01,2026-08-10,241.625,10724.0,96,0.0
DM-56-01-05-01,2026-08-11,244.5,10619.5,96,0.0
DM-56-01-05-01,2026-08-12,245.625,11208.25,96,0.0
DM-56-01-05-01,2026-08-13,262.625,11087.75,96,14.024
DM-56-01-05-01,2026-08-14,246.875,11186.25,96,12.297
DM-56-01-05-01,2026-08-15,246.25,11407.75,96,9.946
DM-56-01-05-01,2026-08-16,248.375,11285.75,96,9.719
DM-56-02-01-01,2026-07-25,151.5,7729.5,96,
DM-56-02-01-01,2026-07-26,158.125,7616.75,96,
DM-56-02-01-01,2026-07-27,145.375,7053.0,96,
DM-56-02-01-01,2026-07-28,187.5,6879.0,96,
DM-56-02-01-01,2026-07-29,148.25,6873.0,96,
DM-56-02-01-01,2026-07-30,154.875,7024.5,96,
DM-56-02-01-01,2026-07-31,150.375,6725.0,96,
DM-56-02-01-01,2026-08-01,147.312,6968.88,96,
DM-56-02-01-01,2026-08-02,147.312,6968.88,96,
DM-56-02-01-01,2026-08-03,156.875,7361.75,96,
DM-56-02-01-01,2026-08-04,158.75,7275.5,96,
DM-56-02-01-01,2026-08-05,162.0,7023.75,96,
DM-56-02-01-01,2026-08-06,153.125,7034.5,96,
DM-56-02-01-01,2026-08-07,147.312,6968.88,96,
DM-56-02-01-01,2026-08-08,162.0,7492.75,96,1.944
DM-56-02-01-01,2026-08-09,177.25,7737.25,96,19.138
DM-56-02-01-01,2026-08-10,167.375,7039.75,96,26.457
DM-56-02-01-01,2026-08-11,159.625,6927.75,96,26.026
DM-56-02-01-01,2026-08-12,160.75,7484.0,96,26.72
DM-56-02-01-01,2026-08-13,163.0,7166.5,96,29.664
DM-56-02-01-01,2026-08-14,166.875,7412.5,96,36.483
DM-56-02-01-01,2026-08-15,175.375,7844.5,96,51.802
DM-56-02-01-01,2026-08-16,176.0,7772.25,96,67.746
DM-56-02-03-01,2026-07-25,61.125,2733.25,96,
DM-56-02-03-01,2026-07-26,59.875,2727.0,96,
DM-56-02-03-01,2026-07-27,57.375,2587.5,96,
DM-56-02-03-01,2026-07-28,61.0,2483.75,96,
DM-56-02-03-01,2026-07-29,54.625,2496.75,96,
DM-56-02-03-01,2026-07-30,56.5,2522.75,96,
DM-56-02-03-01,2026-07-31,57.875,2460.5,96,
DM-56-02-03-01,2026-08-01,60.0,2565.0,96,
DM-56-02-03-01,2026-08-02,60.625,2570.0,96,
DM-56-02-03-01,2026-08-03,56.0,2541.25,96,
DM-56-02-03-01,2026-08-04,56.625,2588.5,96,
DM-56-02-03-01,2026-08-05,58.625,2519.5,96,
DM-56-02-03-01,2026-08-06,58.25,2565.75,96,
DM-56-02-03-01,2026-08-07,61.75,2574.5,96,
DM-56-02-03-01,2026-08-08,61.5,2668.5,96,1.852
DM-56-02-03-01,2026-08-09,61.375,2641.5,96,3.579
DM-56-02-03-01,2026-08-10,60.0,2416.5,96,3.931
DM-56-02-03-01,2026-08-11,57.0,2403.75,96,1.283
DM-56-02-03-01,2026-08-12,57.25,2547.25,96,0.0
DM-56-02-03-01,2026-08-13,57.625,2464.5,96,0.0
DM-56-02-03-01,2026-08-14,56.375,2558.5,96,0.0
DM-56-02-03-01,2026-08-15,56.25,2643.5,96,0.0
DM-56-02-03-01,2026-08-16,58.375,2575.5,96,0.0
DM-56-02-05-01,2026-07-25,73.0,3269.0,96,
DM-56-02-05-01,2026-07-26,73.125,3213.25,96,
DM-56-02-05-01,2026-07-27,78.25,3055.75,96,
DM-56-02-05-01,2026-07-28,69.875,3037.5,96,
DM-56-02-05-01,2026-07-29,72.0,3012.25,96,
DM-56-02-05-01,2026-07-30,76.125,3110.0,96,
DM-56-02-05-01,2026-07-31,78.5,3064.75,96,
DM-56-02-05-01,2026-08-01,80.25,3237.25,96,
DM-56-02-05-01,2026-08-02,74.25,3247.5,96,
DM-56-02-05-01,2026-08-03,72.75,3176.75,96,
DM-56-02-05-01,2026-08-04,78.875,3129.25,96,
DM-56-02-05-01,2026-08-05,73.625,3103.25,96,
DM-56-02-05-01,2026-08-06,75.375,3036.5,96,
DM-56-02-05-01,2026-08-07,74.5,3053.75,96,
DM-56-02-05-01,2026-08-08,80.75,3204.75,96,4.267
DM-56-02-05-01,2026-08-09,75.5,3212.5,96,3.284
DM-56-02-05-01,2026-08-10,76.75,3035.25,96,3.551
DM-56-02-05-01,2026-08-11,61.5,2631.5,96,0.0
DM-56-02-05-01,2026-08-12,63.125,2864.5,96,0.0
DM-56-02-05-01,2026-08-13,61.75,2712.5,96,0.0
DM-56-02-05-01,2026-08-14,60.5,2748.25,96,0.0
DM-56-02-05-01,2026-08-15,61.375,2913.0,96,0.0
DM-56-02-05-01,2026-08-16,64.875,2877.25,96,0.0
DM-56-02-07-01,2026-07-25,94.375,4185.25,96,
DM-56-02-07-01,2026-07-26,93.875,4164.25,96,
DM-56-02-07-01,2026-07-27,94.375,3923.75,96,
DM-56-02-07-01,2026-07-28,89.25,3821.25,96,
DM-56-02-07-01,2026-07-29,89.375,3908.75,96,
DM-56-02-07-01,2026-07-30,93.75,3966.5,96,
DM-56-02-07-01,2026-07-31,99.0,3880.25,96,
DM-56-02-07-01,2026-08-01,96.875,4061.0,96,
DM-56-02-07-01,2026-08-02,92.75,4086.75,96,
DM-56-02-07-01,2026-08-03,90.625,4052.0,96,
DM-56-02-07-01,2026-08-04,95.125,4034.75,96,
DM-56-02-07-01,2026-08-05,93.875,3961.25,96,
DM-56-02-07-01,2026-08-06,96.0,3954.5,96,
DM-56-02-07-01,2026-08-07,96.75,3973.5,96,
DM-56-02-07-01,2026-08-08,95.5,4072.0,96,0.141
DM-56-02-07-01,2026-08-09,91.75,4080.5,96,0.0
DM-56-02-07-01,2026-08-10,93.5,3866.75,96,0.0
DM-56-02-07-01,2026-08-11,92.75,3836.0,96,0.0
DM-56-02-07-01,2026-08-12,95.375,4029.5,96,0.016
DM-56-02-07-01,2026-08-13,95.25,3932.75,96,0.0
DM-56-02-07-01,2026-08-14,94.375,3987.5,96,0.0
DM-56-02-07-01,2026-08-15,94.25,4187.5,96,0.0
DM-56-02-07-01,2026-08-16,96.875,4145.5,96,1.516
DM-56-02-09-01,2026-07-25,52.0,2750.5,96,
DM-56-02-09-01,2026-07-26,45.75,2740.5,96,
DM-56-02-09-01,2026-07-27,49.5,2579.75,96,
DM-56-02-09-01,2026-07-28,51.0,2568.75,96,
DM-56-02-09-01,2026-07-29,43.875,2550.75,96,
DM-56-02-09-01,2026-07-30,45.25,2576.75,96,
DM-56-02-09-01,2026-07-31,46.875,2544.5,96,
DM-56-02-09-01,2026-08-01,48.75,2681.0,96,
DM-56-02-09-01,2026-08-02,50.0,2742.0,96,
DM-56-02-09-01,2026-08-03,46.75,2672.5,96,
DM-56-02-09-01,2026-08-04,43.625,2639.75,96,
DM-56-02-09-01,2026-08-05,50.5,2569.25,96,
DM-56-02-09-01,2026-08-06,47.875,2571.0,96,
DM-56-02-09-01,2026-08-07,47.375,2600.25,96,
DM-56-02-09-01,2026-08-08,46.625,2713.25,96,0.0
DM-56-02-09-01,2026-08-09,54.5,2768.25,96,5.441
DM-56-02-09-01,2026-08-10,46.75,2580.75,96,3.132
DM-56-02-09-01,2026-08-11,47.5,2533.0,96,1.574
DM-56-02-09-01,2026-08-12,46.625,2817.5,96,0.0
DM-56-02-09-01,2026-08-13,62.5,2751.75,96,13.441
DM-56-02-09-01,2026-08-14,43.625,2485.0,96,8.007
DM-56-02-09-01,2026-08-15,44.25,2606.5,96,3.199
DM-56-02-09-01,2026-08-16,43.625,2599.0,96,0.0
DM-56-02-10-01,2026-07-25,33.25,1482.25,96,
DM-56-02-10-01,2026-07-26,24.75,1334.5,96,
DM-56-02-10-01,2026-07-27,23.5,1245.75,96,
DM-56-02-10-01,2026-07-28,23.5,1150.75,96,
DM-56-02-10-01,2026-07-29,24.375,1197.25,96,
DM-56-02-10-01,2026-07-30,20.625,1202.0,96,
DM-56-02-10-01,2026-07-31,20.5,1174.5,96,
DM-56-02-10-01,2026-08-01,23.375,1239.75,96,
DM-56-02-10-01,2026-08-02,26.25,1306.5,96,
DM-56-02-10-01,2026-08-03,25.625,1305.25,96,
DM-56-02-10-01,2026-08-04,22.0,1269.5,96,
DM-56-02-10-01,2026-08-05,23.125,1222.25,96,
DM-56-02-10-01,2026-08-06,28.125,1205.75,96,
DM-56-02-10-01,2026-08-07,22.375,1211.0,96,
DM-56-02-10-01,2026-08-08,24.125,1226.75,96,0.0
DM-56-02-10-01,2026-08-09,23.875,1254.75,96,0.0
DM-56-02-10-01,2026-08-10,22.375,1209.25,96,0.0
DM-56-02-10-01,2026-08-11,21.875,1183.25,96,0.0
DM-56-02-10-01,2026-08-12,22.25,1275.25,96,0.0
DM-56-02-10-01,2026-08-13,25.375,1263.0,96,0.0
DM-56-02-10-01,2026-08-14,24.375,1281.5,96,0.0
DM-56-02-10-01,2026-08-15,23.75,1353.25,96,0.0
DM-56-02-10-01,2026-08-16,27.375,1304.25,96,1.405
DM-56-03-01-01,2026-07-25,112.375,5812.5,96,
DM-56-03-01-01,2026-07-26,105.875,5852.0,96,
DM-56-03-01-01,2026-07-27,107.0,5450.25,96,
DM-56-03-01-01,2026-07-28,110.375,5412.25,96,
DM-56-03-01-01,2026-07-29,104.75,5517.5,96,
DM-56-03-01-01,2026-07-30,106.0,5593.0,96,
DM-56-03-01-01,2026-07-31,111.375,5412.25,96,
DM-56-03-01-01,2026-08-01,112.125,5706.5,96,
DM-56-03-01-01,2026-08-02,112.25,5837.25,96,
DM-56-03-01-01,2026-08-03,109.0,5561.75,96,
DM-56-03-01-01,2026-08-04,106.25,5493.25,96,
DM-56-03-01-01,2026-08-05,116.0,5443.5,96,
DM-56-03-01-01,2026-08-06,109.875,5457.25,96,
DM-56-03-01-01,2026-08-07,120.875,5540.5,96,
DM-56-03-01-01,2026-08-08,113.5,5828.25,96,1.072
DM-56-03-01-01,2026-08-09,118.75,5891.25,96,7.393
DM-56-03-01-01,2026-08-10,110.75,5443.75,96,5.715
DM-56-03-01-01,2026-08-11,111.5,5395.25,96,4.787
DM-56-03-01-01,2026-08-12,114.375,5752.25,96,6.733
DM-56-03-01-01,2026-08-13,108.375,5370.5,96,2.68
DM-56-03-01-01,2026-08-14,103.625,5420.25,96,0.0
DM-56-03-01-01,2026-08-15,105.25,5798.5,96,0.0
DM-56-03-01-01,2026-08-16,108.625,5764.25,96,0.0
DM-56-03-02-01,2026-07-25,92.625,5333.25,96,
DM-56-03-02-01,2026-07-26,92.625,5333.25,96,
DM-56-03-02-01,2026-07-27,92.625,5333.25,96,
DM-56-03-02-01,2026-07-28,92.625,5333.25,96,
DM-56-03-02-01,2026-07-29,92.625,5333.25,96,
DM-56-03-02-01,2026-07-30,92.625,5333.25,96,
DM-56-03-02-01,2026-07-31,92.625,5333.25,96,
DM-56-03-02-01,2026-08-01,92.625,5333.25,96,
DM-56-03-02-01,2026-08-02,92.625,5333.25,96,
DM-56-03-02-01,2026-08-03,92.625,5333.25,96,
DM-56-03-02-01,2026-08-04,92.625,5333.25,96,
DM-56-03-02-01,2026-08-05,92.625,5333.25,96,
DM-56-03-02-01,2026-08-06,92.625,5333.25,96,
DM-56-03-02-01,2026-08-07,92.625,5333.25,96,
DM-56-03-02-01,2026-08-08,92.625,5333.25,96,0.0
DM-56-03-02-01,2026-08-09,92.625,5333.25,96,0.0
DM-56-03-02-01,2026-08-10,92.625,5333.25,96,0.0
DM-56-03-02-01,2026-08-11,92.625,5333.25,96,0.0
DM-56-03-02-01,2026-08-12,92.625,5333.25,96,0.0
DM-56-03-02-01,2026-08-13,92.625,5333.25,96,0.0
DM-56-03-02-01,2026-08-14,92.625,5333.25,96,0.0
DM-56-03-02-01,2026-08-15,92.625,5333.25,96,0.0
DM-56-03-02-01,2026-08-16,92.625,5333.25,96,0.0
DM-56-03-03-01,2026-07-25,59.75,3966.5,96,
DM-56-03-03-01,2026-07-26,57.75,3903.25,96,
DM-56-03-03-01,2026-07-27,59.375,3558.5,96,
DM-56-03-03-01,2026-07-28,57.125,3567.5,96,
DM-56-03-03-01,2026-07-29,55.5,3626.5,96,
DM-56-03-03-01,2026-07-30,60.5,3677.5,96,
DM-56-03-03-01,2026-07-31,59.0,3553.25,96,
DM-56-03-03-01,2026-08-01,61.25,3771.0,96,
DM-56-03-03-01,2026-08-02,58.25,3891.5,96,
DM-56-03-03-01,2026-08-03,57.375,3674.0,96,
DM-56-03-03-01,2026-08-04,61.875,3616.0,96,
DM-56-03-03-01,2026-08-05,59.25,3558.0,96,
DM-56-03-03-01,2026-08-06,55.5,3530.0,96,
DM-56-03-03-01,2026-08-07,57.625,3532.25,96,
DM-56-03-03-01,2026-08-08,63.375,3828.25,96,3.864
DM-56-03-03-01,2026-08-09,58.125,3895.75,96,2.477
DM-56-03-03-01,2026-08-10,60.0,3520.25,96,2.966
DM-56-03-03-01,2026-08-11,57.0,3498.0,96,0.454
DM-56-03-03-01,2026-08-12,58.25,3785.25,96,0.0
DM-56-03-03-01,2026-08-13,60.125,3573.75,96,0.614
DM-56-03-03-01,2026-08-14,56.5,3615.25,96,0.0
DM-56-03-03-01,2026-08-15,60.625,3920.5,96,1.114
DM-56-03-03-01,2026-08-16,58.75,3925.0,96,0.352
DM-56-03-05-01,2026-07-25,410.625,6997.5,96,
DM-56-03-05-01,2026-07-26,380.875,6613.25,96,
DM-56-03-05-01,2026-07-27,383.625,6603.5,96,
DM-56-03-05-01,2026-07-28,323.75,6353.25,96,
DM-56-03-05-01,2026-07-29,356.25,6704.25,96,
DM-56-03-05-01,2026-07-30,349.375,6850.25,96,
DM-56-03-05-01,2026-07-31,346.0,6507.75,96,
DM-56-03-05-01,2026-08-01,349.75,6564.25,96,
DM-56-03-05-01,2026-08-02,348.375,6559.75,96,
DM-56-03-05-01,2026-08-03,204.375,6393.0,96,
DM-56-03-05-01,2026-08-04,142.375,6735.25,96,
DM-56-03-05-01,2026-08-05,146.5,6586.5,96,
DM-56-03-05-01,2026-08-06,142.625,6395.5,96,
DM-56-03-05-01,2026-08-07,139.25,6644.5,96,
DM-56-03-05-01,2026-08-08,142.375,6890.25,96,0.0
DM-56-03-05-01,2026-08-09,144.5,6722.75,96,0.0
DM-56-03-05-01,2026-08-10,124.375,6404.0,96,0.0
DM-56-03-05-01,2026-08-11,146.75,6601.25,96,0.0
DM-56-03-05-01,2026-08-12,125.375,6723.75,96,0.0
DM-56-03-05-01,2026-08-13,133.75,6754.75,96,0.0
DM-56-03-05-01,2026-08-14,144.875,6829.0,96,0.0
DM-56-03-05-01,2026-08-15,151.625,7238.25,96,0.0
DM-56-03-05-01,2026-08-16,147.5,6987.0,96,0.0
DM-56-03-06-01,2026-07-25,62.5,2339.75,96,
DM-56-03-06-01,2026-07-26,62.5,2339.75,96,
DM-56-03-06-01,2026-07-27,62.5,2339.75,96,
DM-56-03-06-01,2026-07-28,62.5,2339.75,96,
DM-56-03-06-01,2026-07-29,62.5,2339.75,96,
DM-56-03-06-01,2026-07-30,62.5,2339.75,96,
DM-56-03-06-01,2026-07-31,62.5,2339.75,96,
DM-56-03-06-01,2026-08-01,62.5,2339.75,96,
DM-56-03-06-01,2026-08-02,62.5,2339.75,96,
DM-56-03-06-01,2026-08-03,62.5,2339.75,96,
DM-56-03-06-01,2026-08-04,62.5,2339.75,96,
DM-56-03-06-01,2026-08-05,62.5,2339.75,96,
DM-56-03-06-01,2026-08-06,62.5,2339.75,96,
DM-56-03-06-01,2026-08-07,62.5,2339.75,96,
DM-56-03-06-01,2026-08-08,62.5,2339.75,96,0.0
DM-56-03-06-01,2026-08-09,62.5,2339.75,96,0.0
DM-56-03-06-01,2026-08-10,62.5,2339.75,96,0.0
DM-56-03-06-01,2026-08-11,62.5,2339.75,96,0.0
DM-56-03-06-01,2026-08-12,62.5,2339.75,96,0.0
DM-56-03-06-01,2026-08-13,62.5,2339.75,96,0.0
DM-56-03-06-01,2026-08-14,62.5,2339.75,96,0.0
DM-56-03-06-01,2026-08-15,62.5,2339.75,96,0.0
DM-56-03-06-01,2026-08-16,62.5,2339.75,96,0.0
DM-56-03-06-02,2026-07-25,75.125,2937.75,96,
DM-56-03-06-02,2026-07-26,68.875,2913.25,96,
DM-56-03-06-02,2026-07-27,70.375,2791.0,96,
DM-56-03-06-02,2026-07-28,74.25,2790.25,96,
DM-56-03-06-02,2026-07-29,67.75,2793.5,96,
DM-56-03-06-02,2026-07-30,68.5,2818.75,96,
DM-56-03-06-02,2026-07-31,67.625,2755.0,96,
DM-56-03-06-02,2026-08-01,71.75,2873.0,96,
DM-56-03-06-02,2026-08-02,71.875,2891.75,96,
DM-56-03-06-02,2026-08-03,69.25,2855.25,96,
DM-56-03-06-02,2026-08-04,69.375,2831.25,96,
DM-56-03-06-02,2026-08-05,72.125,2822.0,96,
DM-56-03-06-02,2026-08-06,69.625,2759.75,96,
DM-56-03-06-02,2026-08-07,68.5,2793.25,96,
DM-56-03-06-02,2026-08-08,69.5,2842.25,96,0.0
DM-56-03-06-02,2026-08-09,71.75,2892.5,96,0.264
DM-56-03-06-02,2026-08-10,69.875,2765.0,96,0.0
DM-56-03-06-02,2026-08-11,68.75,2736.25,96,0.0
DM-56-03-06-02,2026-08-12,71.375,2857.25,96,0.0
DM-56-03-06-02,2026-08-13,71.625,2806.25,96,0.139
DM-56-03-06-02,2026-08-14,68.5,2789.0,96,0.0
DM-56-03-06-02,2026-08-15,69.0,2869.25,96,0.0
DM-56-03-06-02,2026-08-16,67.625,2851.0,96,0.0
DM-56-04-02-01,2026-07-25,92.875,6069.5,96,
DM-56-04-02-01,2026-07-26,88.0,6066.75,96,
DM-56-04-02-01,2026-07-27,90.0,5648.75,96,
DM-56-04-02-01,2026-07-28,93.75,5476.0,96,
DM-56-04-02-01,2026-07-29,88.25,5660.25,96,
DM-56-04-02-01,2026-07-30,86.375,5599.5,96,
DM-56-04-02-01,2026-07-31,94.375,5331.5,96,
DM-56-04-02-01,2026-08-01,93.25,5725.0,96,
DM-56-04-02-01,2026-08-02,98.25,5827.25,96,
DM-56-04-02-01,2026-08-03,92.375,5720.75,96,
DM-56-04-02-01,2026-08-04,88.0,5783.25,96,
DM-56-04-02-01,2026-08-05,89.0,5472.25,96,
DM-56-04-02-01,2026-08-06,85.875,5420.5,96,
DM-56-04-02-01,2026-08-07,88.0,5388.0,96,
DM-56-04-02-01,2026-08-08,90.625,5789.25,96,0.0
DM-56-04-02-01,2026-08-09,94.75,5729.25,96,2.425
DM-56-04-02-01,2026-08-10,89.25,5465.5,96,0.0
DM-56-04-02-01,2026-08-11,88.125,5541.25,96,0.0
DM-56-04-02-01,2026-08-12,92.75,5744.5,96,0.425
DM-56-04-02-01,2026-08-13,91.625,5467.0,96,0.0
DM-56-04-02-01,2026-08-14,85.125,5752.5,96,0.0
DM-56-04-02-01,2026-08-15,90.5,6143.25,96,0.0
DM-56-04-02-01,2026-08-16,92.125,5987.25,96,0.0
DM-56-04-04-01,2026-07-25,62.75,3075.0,96,
DM-56-04-04-01,2026-07-26,51.25,3105.0,96,
DM-56-04-04-01,2026-07-27,51.875,2892.0,96,
DM-56-04-04-01,2026-07-28,56.5,2802.0,96,
DM-56-04-04-01,2026-07-29,50.75,2831.0,96,
DM-56-04-04-01,2026-07-30,54.75,2949.0,96,
DM-56-04-04-01,2026-07-31,57.625,2817.25,96,
DM-56-04-04-01,2026-08-01,54.25,2942.25,96,
DM-56-04-04-01,2026-08-02,58.0,3005.75,96,
DM-56-04-04-01,2026-08-03,48.375,2954.25,96,
DM-56-04-04-01,2026-08-04,49.875,2907.0,96,
DM-56-04-04-01,2026-08-05,51.25,2839.5,96,
DM-56-04-04-01,2026-08-06,48.375,2850.75,96,
DM-56-04-04-01,2026-08-07,50.25,2843.5,96,
DM-56-04-04-01,2026-08-08,50.0,2956.25,96,0.0
DM-56-04-04-01,2026-08-09,55.75,3023.0,96,0.447
DM-56-04-04-01,2026-08-10,53.0,2859.25,96,0.0
DM-56-04-04-01,2026-08-11,50.0,2838.75,96,0.0
DM-56-04-04-01,2026-08-12,50.125,2894.25,96,0.0
DM-56-04-04-01,2026-08-13,54.125,2928.5,96,0.0
DM-56-04-04-01,2026-08-14,51.125,2924.5,96,0.0
DM-56-04-04-01,2026-08-15,49.375,3087.25,96,0.0
DM-56-04-04-01,2026-08-16,55.375,3087.75,96,0.072
DM-56-04-04-02,2026-07-25,66.875,3372.0,96,
DM-56-04-04-02,2026-07-26,60.5,3388.25,96,
DM-56-04-04-02,2026-07-27,61.625,3248.0,96,
DM-56-04-04-02,2026-07-28,65.125,3142.75,96,
DM-56-04-04-02,2026-07-29,60.375,3186.0,96,
DM-56-04-04-02,2026-07-30,61.5,3298.25,96,
DM-56-04-04-02,2026-07-31,62.625,3186.25,96,
DM-56-04-04-02,2026-08-01,68.625,3366.75,96,
DM-56-04-04-02,2026-08-02,67.375,3436.25,96,
DM-56-04-04-02,2026-08-03,60.5,3451.0,96,
DM-56-04-04-02,2026-08-04,60.375,3413.0,96,
DM-56-04-04-02,2026-08-05,65.375,3377.0,96,
DM-56-04-04-02,2026-08-06,63.5,3392.0,96,
DM-56-04-04-02,2026-08-07,64.125,3405.75,96,
DM-56-04-04-02,2026-08-08,63.625,3560.0,96,0.0
DM-56-04-04-02,2026-08-09,70.375,3602.75,96,5.541
DM-56-04-04-02,2026-08-10,66.5,3511.75,96,7.208
DM-56-04-04-02,2026-08-11,66.125,3456.75,96,8.499
DM-56-04-04-02,2026-08-12,66.875,3567.25,96,10.54
DM-56-04-04-02,2026-08-13,67.375,3614.0,96,13.082
DM-56-04-04-02,2026-08-14,67.5,3596.5,96,15.748
DM-56-04-04-02,2026-08-15,65.25,3775.25,96,16.164
DM-56-04-04-02,2026-08-16,68.625,3783.0,96,19.956
DM-56-04-05-02,2026-07-25,66.25,3181.75,96,
DM-56-04-05-02,2026-07-26,66.25,3197.0,96,
DM-56-04-05-02,2026-07-27,66.75,2990.0,96,
DM-56-04-05-02,2026-07-28,65.75,2929.5,96,
DM-56-04-05-02,2026-07-29,67.0,2989.5,96,
DM-56-04-05-02,2026-07-30,66.125,3011.75,96,
DM-56-04-05-02,2026-07-31,66.0,2913.25,96,
DM-56-04-05-02,2026-08-01,67.375,3057.0,96,
DM-56-04-05-02,2026-08-02,66.125,3122.5,96,
DM-56-04-05-02,2026-08-03,65.625,3082.0,96,
DM-56-04-05-02,2026-08-04,65.625,3039.25,96,
DM-56-04-05-02,2026-08-05,65.5,2964.0,96,
DM-56-04-05-02,2026-08-06,66.0,2923.25,96,
DM-56-04-05-02,2026-08-07,66.75,2934.5,96,
DM-56-04-05-02,2026-08-08,67.875,3079.5,96,1.382
DM-56-04-05-02,2026-08-09,67.125,3110.25,96,2.015
DM-56-04-05-02,2026-08-10,67.375,2958.5,96,2.897
DM-56-04-05-02,2026-08-11,66.5,2505.5,96,2.904
DM-56-04-05-02,2026-08-12,66.25,3056.75,96,2.661
DM-56-04-05-02,2026-08-13,66.125,2952.75,96,2.294
DM-56-04-05-02,2026-08-14,65.75,2954.0,96,1.551
DM-56-04-05-02,2026-08-15,65.75,3131.0,96,0.808
DM-56-04-05-02,2026-08-16,65.25,3141.5,96,0.0
DM-56-05-02-01,2026-07-25,88.375,4192.5,96,
DM-56-05-02-01,2026-07-26,81.25,4140.0,96,
DM-56-05-02-01,2026-07-27,77.875,3905.25,96,
DM-56-05-02-01,2026-07-28,84.5,3991.0,96,
DM-56-05-02-01,2026-07-29,77.75,3955.0,96,
DM-56-05-02-01,2026-07-30,78.75,3961.75,96,
DM-56-05-02-01,2026-07-31,79.625,3893.0,96,
DM-56-05-02-01,2026-08-01,85.125,4091.0,96,
DM-56-05-02-01,2026-08-02,82.25,4130.5,96,
DM-56-05-02-01,2026-08-03,80.5,3972.0,96,
DM-56-05-02-01,2026-08-04,72.125,3817.0,96,
DM-56-05-02-01,2026-08-05,78.375,3793.0,96,
DM-56-05-02-01,2026-08-06,75.625,3805.25,96,
DM-56-05-02-01,2026-08-07,76.25,3806.75,96,
DM-56-05-02-01,2026-08-08,75.625,3958.75,96,0.0
DM-56-05-02-01,2026-08-09,78.375,3964.75,96,0.0
DM-56-05-02-01,2026-08-10,76.375,3807.25,96,0.0
DM-56-05-02-01,2026-08-11,76.875,3724.0,96,0.0
DM-56-05-02-01,2026-08-12,77.0,3921.5,96,0.0
DM-56-05-02-01,2026-08-13,76.375,3821.5,96,0.0
DM-56-05-02-01,2026-08-14,76.0,3872.25,96,0.0
DM-56-05-02-01,2026-08-15,75.875,4030.0,96,0.0
DM-56-05-02-01,2026-08-16,75.375,3997.5,96,0.0
DM-56-05-03-01,2026-07-25,107.25,4986.25,96,
DM-56-05-03-01,2026-07-26,109.25,4974.75,96,
DM-56-05-03-01,2026-07-27,113.125,4811.0,96,
DM-56-05-03-01,2026-07-28,104.125,4717.25,96,
DM-56-05-03-01,2026-07-29,103.75,4730.0,96,
DM-56-05-03-01,2026-07-30,105.75,4731.25,96,
DM-56-05-03-01,2026-07-31,111.875,4637.25,96,
DM-56-05-03-01,2026-08-01,111.25,4905.0,96,
DM-56-05-03-01,2026-08-02,104.375,4939.25,96,
DM-56-05-03-01,2026-08-03,101.125,4880.0,96,
DM-56-05-03-01,2026-08-04,110.0,4823.5,96,
DM-56-05-03-01,2026-08-05,107.375,4771.25,96,
DM-56-05-03-01,2026-08-06,105.5,4783.5,96,
DM-56-05-03-01,2026-08-07,107.375,4772.0,96,
DM-56-05-03-01,2026-08-08,111.25,4888.0,96,2.283
DM-56-05-03-01,2026-08-09,110.375,4975.5,96,3.691
DM-56-05-03-01,2026-08-10,108.5,4803.25,96,3.225
DM-56-05-03-01,2026-08-11,110.0,4717.75,96,4.258
DM-56-05-03-01,2026-08-12,107.0,4821.25,96,2.291
DM-56-05-03-01,2026-08-13,109.625,4866.25,96,2.949
DM-56-05-03-01,2026-08-14,108.25,4906.0,96,2.232
DM-56-05-03-01,2026-08-15,108.25,5004.75,96,1.516
DM-56-05-03-01,2026-08-16,114.625,4980.5,96,7.174
DM-56-05-04-01,2026-07-25,94.625,4681.5,96,
DM-56-05-04-01,2026-07-26,89.375,4738.25,96,
DM-56-05-04-01,2026-07-27,91.125,4425.25,96,
DM-56-05-04-01,2026-07-28,99.375,4510.75,96,
DM-56-05-04-01,2026-07-29,90.0,4495.0,96,
DM-56-05-04-01,2026-07-30,85.75,4458.5,96,
DM-56-05-04-01,2026-07-31,87.75,4350.0,96,
DM-56-05-04-01,2026-08-01,95.125,4569.75,96,
DM-56-05-04-01,2026-08-02,91.875,4632.0,96,
DM-56-05-04-01,2026-08-03,84.875,4442.5,96,
DM-56-05-04-01,2026-08-04,85.875,4282.25,96,
DM-56-05-04-01,2026-08-05,90.875,4291.25,96,
DM-56-05-04-01,2026-08-06,87.875,4301.75,96,
DM-56-05-04-01,2026-08-07,86.75,4340.0,96,
DM-56-05-04-01,2026-08-08,88.5,4546.25,96,0.0
DM-56-05-04-01,2026-08-09,96.0,4625.75,96,3.916
DM-56-05-04-01,2026-08-10,89.75,4376.75,96,1.582
DM-56-05-04-01,2026-08-11,90.75,4326.0,96,0.247
DM-56-05-04-01,2026-08-12,88.125,4529.25,96,0.0
DM-56-05-04-01,2026-08-13,88.0,4385.5,96,0.0
DM-56-05-04-01,2026-08-14,89.375,4368.5,96,0.0
DM-56-05-04-01,2026-08-15,89.25,4592.25,96,0.0
DM-56-05-04-01,2026-08-16,86.375,4622.75,96,0.0
DM-56-05-06-01,2026-07-25,60.875,3531.5,96,
DM-56-05-06-01,2026-07-26,41.375,3503.75,96,
DM-56-05-06-01,2026-07-27,41.0,3256.5,96,
DM-56-05-06-01,2026-07-28,46.75,3187.25,96,
DM-56-05-06-01,2026-07-29,41.25,3288.75,96,
DM-56-05-06-01,2026-07-30,42.375,3341.25,96,
DM-56-05-06-01,2026-07-31,41.5,3122.25,96,
DM-56-05-06-01,2026-08-01,45.25,3316.5,96,
DM-56-05-06-01,2026-08-02,44.0,3373.25,96,
DM-56-05-06-01,2026-08-03,40.25,3325.5,96,
DM-56-05-06-01,2026-08-04,38.125,3458.75,96,
DM-56-05-06-01,2026-08-05,46.75,3225.5,96,
DM-56-05-06-01,2026-08-06,41.375,3148.5,96,
DM-56-05-06-01,2026-08-07,42.125,3241.75,96,
DM-56-05-06-01,2026-08-08,41.0,3360.0,96,0.0
DM-56-05-06-01,2026-08-09,49.375,3335.25,96,2.943
DM-56-05-06-01,2026-08-10,41.0,3098.0,96,0.0
DM-56-05-06-01,2026-08-11,39.125,3016.5,96,0.0
DM-56-05-06-01,2026-08-12,40.25,3290.0,96,0.0
DM-56-05-06-01,2026-08-13,41.5,3166.25,96,0.0
DM-56-05-06-01,2026-08-14,41.5,3302.0,96,0.0
DM-56-05-06-01,2026-08-15,40.125,3429.75,96,0.0
DM-56-05-06-01,2026-08-16,43.125,3472.25,96,0.0
DM-56-07-01-01,2026-07-25,207.25,9381.0,96,
DM-56-07-01-01,2026-07-26,193.125,9307.75,96,
DM-56-07-01-01,2026-07-27,190.875,9104.5,96,
DM-56-07-01-01,2026-07-28,197.5,9125.25,96,
DM-56-07-01-01,2026-07-29,198.75,9208.75,96,
DM-56-07-01-01,2026-07-30,196.5,9230.0,96,
DM-56-07-01-01,2026-07-31,209.125,9071.0,96,
DM-56-07-01-01,2026-08-01,213.375,9372.5,96,
DM-56-07-01-01,2026-08-02,193.0,9543.5,96,
DM-56-07-01-01,2026-08-03,205.875,9493.5,96,
DM-56-07-01-01,2026-08-04,214.875,9425.0,96,
DM-56-07-01-01,2026-08-05,204.75,9111.0,96,
DM-56-07-01-01,2026-08-06,190.0,9146.0,96,
DM-56-07-01-01,2026-08-07,204.875,9086.25,96,
DM-56-07-01-01,2026-08-08,220.875,9499.75,96,15.473
DM-56-07-01-01,2026-08-09,205.25,9504.0,96,15.321
DM-56-07-01-01,2026-08-10,196.625,9138.75,96,6.543
DM-56-07-01-01,2026-08-11,186.5,9065.5,96,0.0
DM-56-07-01-01,2026-08-12,212.875,9757.5,96,7.473
DM-56-07-01-01,2026-08-13,200.25,9204.75,96,2.321
DM-56-07-01-01,2026-08-14,197.625,9227.75,96,0.0
DM-56-07-01-01,2026-08-15,200.875,9492.25,96,0.0
DM-56-07-01-01,2026-08-16,207.625,9575.0,96,2.223
DM-56-07-02-01,2026-07-25,194.375,8709.25,96,
DM-56-07-02-01,2026-07-26,189.375,8676.75,96,
DM-56-07-02-01,2026-07-27,197.125,8316.5,96,
DM-56-07-02-01,2026-07-28,194.875,8201.75,96,
DM-56-07-02-01,2026-07-29,189.875,8392.75,96,
DM-56-07-02-01,2026-07-30,194.375,8519.75,96,
DM-56-07-02-01,2026-07-31,201.125,8237.5,96,
DM-56-07-02-01,2026-08-01,199.5,8577.25,96,
DM-56-07-02-01,2026-08-02,193.625,8634.75,96,
DM-56-07-02-01,2026-08-03,194.625,8607.75,96,
DM-56-07-02-01,2026-08-04,201.25,8541.25,96,
DM-56-07-02-01,2026-08-05,195.75,8290.5,96,
DM-56-07-02-01,2026-08-06,193.625,8220.0,96,
DM-56-07-02-01,2026-08-07,194.5,8265.0,96,
DM-56-07-02-01,2026-08-08,200.125,8537.75,96,3.13
DM-56-07-02-01,2026-08-09,191.125,8499.75,96,0.0
DM-56-07-02-01,2026-08-10,193.0,8204.5,96,0.0
DM-56-07-02-01,2026-08-11,190.75,8118.5,96,0.0
DM-56-07-02-01,2026-08-12,194.5,8536.25,96,0.0
DM-56-07-02-01,2026-08-13,195.5,8368.5,96,0.0
DM-56-07-02-01,2026-08-14,194.5,8533.5,96,0.0
DM-56-07-02-01,2026-08-15,193.375,8759.5,96,0.0
DM-56-07-02-01,2026-08-16,193.125,8661.5,96,0.0
DM-56-07-04-01,2026-07-25,59.625,2795.75,96,
DM-56-07-04-01,2026-07-26,57.625,2882.75,96,
DM-56-07-04-01,2026-07-27,58.875,2670.25,96,
DM-56-07-04-01,2026-07-28,60.25,2644.25,96,
DM-56-07-04-01,2026-07-29,57.875,2744.0,96,
DM-56-07-04-01,2026-07-30,59.0,2766.5,96,
DM-56-07-04-01,2026-07-31,60.125,2634.0,96,
DM-56-07-04-01,2026-08-01,62.375,2733.5,96,
DM-56-07-04-01,2026-08-02,61.125,2787.75,96,
DM-56-07-04-01,2026-08-03,55.25,2699.5,96,
DM-56-07-04-01,2026-08-04,61.75,2956.0,96,
DM-56-07-04-01,2026-08-05,71.75,2962.0,96,
DM-56-07-04-01,2026-08-06,72.5,3036.5,96,
DM-56-07-04-01,2026-08-07,76.75,3083.5,96,
DM-56-07-04-01,2026-08-08,77.625,3239.25,96,12.048
DM-56-07-04-01,2026-08-09,84.75,3295.75,96,31.222
DM-56-07-04-01,2026-08-10,77.5,3134.0,96,43.145
DM-56-07-04-01,2026-08-11,80.5,3284.0,96,58.068
DM-56-07-04-01,2026-08-12,84.125,3365.75,96,76.617
DM-56-07-04-01,2026-08-13,85.5,3250.0,96,96.54
DM-56-07-04-01,2026-08-14,83.125,3313.0,96,114.088
DM-56-07-04-01,2026-08-15,83.125,3417.0,96,131.637
DM-56-07-04-01,2026-08-16,83.125,3472.5,96,149.185
DM-56-07-04-02,2026-07-25,214.75,10932.5,96,
DM-56-07-04-02,2026-07-26,205.25,10877.5,96,
DM-56-07-04-02,2026-07-27,201.875,10042.75,96,
DM-56-07-04-02,2026-07-28,210.875,10022.0,96,
DM-56-07-04-02,2026-07-29,201.5,10139.5,96,
DM-56-07-04-02,2026-07-30,200.25,10259.0,96,
DM-56-07-04-02,2026-07-31,202.25,9821.0,96,
DM-56-07-04-02,2026-08-01,210.375,10410.25,96,
DM-56-07-04-02,2026-08-02,208.5,10693.5,96,
DM-56-07-04-02,2026-08-03,193.875,10311.0,96,
DM-56-07-04-02,2026-08-04,188.25,9926.75,96,
DM-56-07-04-02,2026-08-05,197.625,9689.0,96,
DM-56-07-04-02,2026-08-06,193.625,9728.0,96,
DM-56-07-04-02,2026-08-07,196.375,9840.5,96,
DM-56-07-04-02,2026-08-08,200.75,10434.75,96,0.0
DM-56-07-04-02,2026-08-09,206.375,10579.25,96,0.92
DM-56-07-04-02,2026-08-10,195.125,9722.75,96,0.0
DM-56-07-04-02,2026-08-11,191.0,9583.0,96,0.0
DM-56-07-04-02,2026-08-12,196.625,10270.5,96,0.0
DM-56-07-04-02,2026-08-13,194.875,9861.5,96,0.0
DM-56-07-04-02,2026-08-14,193.625,10147.25,96,0.0
DM-56-07-04-02,2026-08-15,199.375,10798.25,96,0.0
DM-56-07-04-02,2026-08-16,202.75,10786.25,96,0.0
DM-56-07-05-01,2026-07-25,157.0,6939.5,96,
DM-56-07-05-01,2026-07-26,150.5,6937.25,96,
DM-56-07-05-01,2026-07-27,148.625,6568.25,96,
DM-56-07-05-01,2026-07-28,157.5,6486.75,96,
DM-56-07-05-01,2026-07-29,144.25,6531.25,96,
DM-56-07-05-01,2026-07-30,146.75,6602.0,96,
DM-56-07-05-01,2026-07-31,147.0,6325.0,96,
DM-56-07-05-01,2026-08-01,152.875,6602.5,96,
DM-56-07-05-01,2026-08-02,149.0,6702.5,96,
DM-56-07-05-01,2026-08-03,142.25,6640.0,96,
DM-56-07-05-01,2026-08-04,141.75,6574.25,96,
DM-56-07-05-01,2026-08-05,154.25,6486.25,96,
DM-56-07-05-01,2026-08-06,145.0,6464.0,96,
DM-56-07-05-01,2026-08-07,149.75,6539.75,96,
DM-56-07-05-01,2026-08-08,150.375,6791.25,96,0.0
DM-56-07-05-01,2026-08-09,158.25,6868.0,96,6.796
DM-56-07-05-01,2026-08-10,151.375,6546.0,96,6.717
DM-56-07-05-01,2026-08-11,150.875,6430.0,96,6.138
DM-56-07-05-01,2026-08-12,148.875,6740.75,96,3.559
DM-56-07-05-01,2026-08-13,152.25,6594.25,96,4.355
DM-56-07-05-01,2026-08-14,147.25,6730.25,96,0.151
DM-56-07-05-01,2026-08-15,148.5,7024.75,96,0.0
DM-56-07-05-01,2026-08-16,152.625,6946.0,96,1.171
DM-56-07-05-02,2026-07-25,110.75,6124.25,96,
DM-56-07-05-02,2026-07-26,108.5,6180.25,96,
DM-56-07-05-02,2026-07-27,112.0,5733.0,96,
DM-56-07-05-02,2026-07-28,113.75,5689.0,96,
DM-56-07-05-02,2026-07-29,111.75,5884.75,96,
DM-56-07-05-02,2026-07-30,113.0,6038.5,96,
DM-56-07-05-02,2026-07-31,119.5,5787.0,96,
DM-56-07-05-02,2026-08-01,118.25,6135.0,96,
DM-56-07-05-02,2026-08-02,116.75,6291.5,96,
DM-56-07-05-02,2026-08-03,121.5,6259.75,96,
DM-56-07-05-02,2026-08-04,128.125,6350.5,96,
DM-56-07-05-02,2026-08-05,112.0,5790.75,96,
DM-56-07-05-02,2026-08-06,115.875,5990.5,96,
DM-56-07-05-02,2026-08-07,127.375,6161.75,96,
DM-56-07-05-02,2026-08-08,136.875,6571.75,96,17.61
DM-56-07-05-02,2026-08-09,125.875,6581.0,96,24.22
DM-56-07-05-02,2026-08-10,129.25,6252.75,96,34.205
DM-56-07-05-02,2026-08-11,128.5,6167.5,96,43.44
DM-56-07-05-02,2026-08-12,124.0,5898.75,96,48.175
DM-56-07-05-02,2026-08-13,112.0,5999.0,96,40.91
DM-56-07-05-02,2026-08-14,346.75,6373.5,96,268.395
DM-56-07-05-02,2026-08-15,320.625,6524.75,96,469.755
DM-56-07-05-02,2026-08-16,320.75,6382.5,96,671.24
