dma_code,dma_name,case,status,case_reason,mnf_start,mnf_end,current_mnf,baseline_mean,baseline_sd,threshold,watch_threshold,mk_z,mk_trend,mk_significant,cusum_h,cusum_breached,cusum_recent_breach,cusum_step_rapid,cusum_rise_days,mnf_recovered,mnf_excess_ratio,excess_too_small,sustained_flow_breach,sustained_run_intervals,pressure_drop_confirmed,hard_threshold_breached,excess_per_hour,est_loss_per_day,base_win_len,last_data_date,last_day_coverage,last_day_full,r_eff_median,loss_factor_median,proximity_estimate,favad_volume_total,user_type,pipe_material,rtu_zigzag_ratio,rtu_zigzag_flag,generated_at
DM-01-01-01-01,DM-01-01-01-01,C,ok,ไม่พบสัญญาณผิดปกติเชิงสถิติ (ใช้น้ำตามพฤติกรรมปกติ),01:00,03:00,47.125,48.893,13.136,75.165,62.029,-0.557,ลดลงเล็กน้อย,False,52.545,False,False,False,,True,-0.0362,True,False,0,False,False,0.0,0.0,14,2026-10-05,96,True,7e-05,46.35714,,0.0,RESIDENTIAL,PVC,0.6196,False,2026-10-06 07:18:40
DM-01-01-02-01,DM-01-01-02-01,A,alert,Flow สูงกว่าเกณฑ์ต่อเนื่อง 10 intervals + CUSUM ขยับฐานฉับพลันและเพิ่งตัดเกณฑ์ใน 7 วันล่าสุด,03:00,05:00,52.75,20.196,18.617,57.429,38.813,2.561,เพิ่มขึ้นชัดเจน,True,74.466,True,True,True,4.0,False,1.6118,False,True,10,False,False,32.554,781.29,14,2026-10-05,96,True,0.0,0.0,ใกล้กับ RTU (< 2 กม. โดยประมาณ),781.29,RESIDENTIAL,PVC,0.4022,False,2026-10-06 07:18:40
DM-01-01-03-01,DM-01-01-03-01,C,ok,ไม่พบสัญญาณผิดปกติเชิงสถิติ (ใช้น้ำตามพฤติกรรมปกติ),01:45,03:45,22.75,27.884,2.369,32.621,30.253,0.537,เพิ่มขึ้นเล็กน้อย,False,9.475,False,False,False,,True,-0.1841,True,False,2,True,False,0.0,0.0,14,2026-10-05,96,True,0.0,0.1,,0.0,RESIDENTIAL,PVC,0.6383,False,2026-10-06 07:18:40
DM-01-01-05-01,DM-01-01-05-01,C,ok,ไม่พบสัญญาณผิดปกติเชิงสถิติ (ใช้น้ำตามพฤติกรรมปกติ),02:00,04:00,93.625,97.411,10.632,118.675,108.043,-0.779,ลดลงเล็กน้อย,False,42.529,False,False,False,,True,-0.0389,True,False,0,False,False,0.0,0.0,14,2026-10-05,96,True,0.0,0.1,,0.0,RESIDENTIAL,PVC,0.6087,False,2026-10-06 07:18:40
DM-01-01-06-01,DM-01-01-06-01,C,ok,MNF ล่าสุด (74.0 m³/hr) / ส่วนเกินเฉลี่ย 3 วัน (+5.0 m³/hr) กลับมาที่ระดับค่าเฉลี่ยฐาน (78.6 m³/hr) แล้ว — ไม่มีน้ำสูญเสียส่วนเกินเหลืออยู่ ถือว่าเหตุการณ์จบ/ซ่อมเสร็จแล้ว จึงไม่ขึ้นเตือน,01:45,03:45,74.0,78.58,4.34,87.26,82.92,0.716,เพิ่มขึ้นเล็กน้อย,False,17.359,True,False,True,6.0,True,-0.0583,True,False,0,False,False,5.003,120.07,14,2026-10-05,96,True,0.0,0.1,,120.07,RESIDENTIAL,PVC,0.5806,False,2026-10-06 07:18:40
DM-01-02-02-01,DM-01-02-02-01,C,ok,ไม่พบสัญญาณผิดปกติเชิงสถิติ (ใช้น้ำตามพฤติกรรมปกติ),02:15,04:15,196.125,179.098,53.802,286.703,232.901,-1.431,ลดลงเล็กน้อย,False,215.209,False,False,False,,False,0.0951,True,False,0,False,False,15.485,371.64,14,2026-10-05,96,True,0.0,5e-05,,371.64,RESIDENTIAL,PVC,0.5426,False,2026-10-06 07:18:40
DM-01-02-02-02,DM-01-02-02-02,C,ok,ไม่พบสัญญาณผิดปกติเชิงสถิติ (ใช้น้ำตามพฤติกรรมปกติ),02:00,04:00,5.875,13.616,12.791,39.198,26.407,0.0,ทรงตัว,False,51.164,False,False,False,,True,-0.5685,True,False,0,False,False,0.0,0.0,14,2026-10-05,96,True,0.00032,0.25943,,0.0,RESIDENTIAL,PVC,0.5376,False,2026-10-06 07:18:40
DM-01-02-04-02,DM-01-02-04-02,C,ok,ไม่พบสัญญาณผิดปกติเชิงสถิติ (ใช้น้ำตามพฤติกรรมปกติ),02:00,04:00,41.125,40.438,3.77,47.977,44.207,0.269,เพิ่มขึ้นเล็กน้อย,False,15.079,False,False,False,,False,0.017,True,False,0,False,False,3.271,78.5,14,2026-10-05,96,True,0.0,0.1,,78.5,RESIDENTIAL,PVC,0.5957,False,2026-10-06 07:18:40
DM-01-02-04-03,DM-01-02-04-03,C,ok,มีสัญญาณเชิงสถิติ แต่ส่วนเกิน MNF อยู่แค่ 0.8 m³/hr (2.3% ของค่าเฉลี่ยฐาน 32.2 m³/hr) ต่ำกว่าเกณฑ์ปริมาณขั้นต่ำที่ตั้งไว้ (20%) — ยังไม่คุ้มส่งตรวจ เฝ้าดูต่อ,02:15,04:15,33.0,32.25,3.39,39.029,35.64,0.0,ทรงตัว,False,13.558,True,False,True,6.0,False,0.0233,True,False,0,False,False,0.75,18.0,14,2026-10-05,57,False,1e-05,0.02,,18.0,RESIDENTIAL,PVC,0.5849,False,2026-10-06 07:18:40
DM-01-02-05-01,DM-01-02-05-01,C,ok,มีสัญญาณเชิงสถิติ แต่ส่วนเกิน MNF อยู่แค่ 1.1 m³/hr (2.1% ของค่าเฉลี่ยฐาน 50.8 m³/hr) ต่ำกว่าเกณฑ์ปริมาณขั้นต่ำที่ตั้งไว้ (20%) — ยังไม่คุ้มส่งตรวจ เฝ้าดูต่อ,01:15,03:15,51.875,50.821,2.275,55.37,53.096,2.338,เพิ่มขึ้นชัดเจน,True,9.098,False,False,False,,False,0.0207,True,False,0,False,False,1.054,25.29,14,2026-10-05,96,True,0.0,0.00472,,25.29,RESIDENTIAL,PVC,0.6383,False,2026-10-06 07:18:40
DM-01-03-02-01,DM-01-03-02-01,C,ok,ไม่พบสัญญาณผิดปกติเชิงสถิติ (ใช้น้ำตามพฤติกรรมปกติ),02:30,04:30,101.625,108.223,13.04,134.303,121.263,-0.179,ลดลงเล็กน้อย,False,52.159,False,False,False,,True,-0.061,True,False,1,False,False,0.0,0.0,14,2026-10-05,96,True,0.0,0.1,,0.0,RESIDENTIAL,PVC,0.4681,False,2026-10-06 07:18:40
DM-01-03-04-01,DM-01-03-04-01,C,ok,ไม่พบสัญญาณผิดปกติเชิงสถิติ (ใช้น้ำตามพฤติกรรมปกติ),02:00,04:00,281.375,285.402,13.117,311.635,298.518,0.179,เพิ่มขึ้นเล็กน้อย,False,52.466,False,False,False,,True,-0.0141,True,False,1,False,False,13.223,317.36,14,2026-10-05,96,True,0.0,1.0,,317.36,RESIDENTIAL,PVC,0.5914,False,2026-10-06 07:18:40
DM-01-03-05-01,DM-01-03-05-01,C,ok,มีสัญญาณเชิงสถิติ แต่ส่วนเกิน MNF อยู่แค่ 23.6 m³/hr (9.6% ของค่าเฉลี่ยฐาน 246.8 m³/hr) ต่ำกว่าเกณฑ์ปริมาณขั้นต่ำที่ตั้งไว้ (20%) — ยังไม่คุ้มส่งตรวจ เฝ้าดูต่อ,21:45,23:45,270.375,246.75,58.864,364.479,305.614,0.537,เพิ่มขึ้นเล็กน้อย,False,235.457,False,False,False,,False,0.0957,True,True,12,False,False,24.458,587.0,14,2026-10-05,96,True,0.0,0.0,,587.0,RESIDENTIAL,PVC,0.5,False,2026-10-06 07:18:40
DM-01-03-06-01,DM-01-03-06-01,C,ok,ไม่พบสัญญาณผิดปกติเชิงสถิติ (ใช้น้ำตามพฤติกรรมปกติ),00:00,02:00,42.562,47.491,5.991,59.473,53.482,-0.557,ลดลงเล็กน้อย,False,23.964,False,False,False,,True,-0.1038,True,False,0,False,False,0.0,0.0,14,2026-10-05,96,True,0.0,0.00014,,0.0,RESIDENTIAL,PVC,0.5652,False,2026-10-06 07:18:40
DM-01-03-06-02,DM-01-03-06-02,C,ok,ไม่พบสัญญาณผิดปกติเชิงสถิติ (ใช้น้ำตามพฤติกรรมปกติ),00:00,02:00,27.0,30.393,3.171,36.735,33.564,0.0,ทรงตัว,False,12.684,False,False,False,,True,-0.1116,True,False,0,False,False,0.0,0.0,14,2026-10-05,57,False,4e-05,20.07143,,0.0,RESIDENTIAL,PVC,0.5577,False,2026-10-06 07:18:40
DM-01-04-01-01,DM-01-04-01-01,B,watch,CUSUM สะสมเป็นบวกต่อเนื่อง (ยังไม่ Step-up ฉับพลัน),00:00,02:00,61.25,50.286,6.446,63.177,56.731,0.716,เพิ่มขึ้นเล็กน้อย,False,25.783,True,False,True,2.0,False,0.218,False,False,1,False,False,12.839,308.14,14,2026-10-05,96,True,0.0,0.1,ไกลจาก RTU (> 2 กม. โดยประมาณ),308.14,RESIDENTIAL,PVC,0.6882,False,2026-10-06 07:18:40
DM-01-04-03-03,DM-01-04-03-03,C,ok,มีสัญญาณเชิงสถิติ แต่ส่วนเกิน MNF อยู่แค่ 3.4 m³/hr (10.1% ของค่าเฉลี่ยฐาน 33.1 m³/hr) ต่ำกว่าเกณฑ์ปริมาณขั้นต่ำที่ตั้งไว้ (20%) — ยังไม่คุ้มส่งตรวจ เฝ้าดูต่อ,01:15,03:15,36.5,33.143,4.0,41.143,37.143,2.245,เพิ่มขึ้นชัดเจน,True,16.0,False,False,False,,False,0.1013,True,False,1,False,False,3.065,73.57,14,2026-10-05,96,True,0.0,0.1,,73.57,RESIDENTIAL,PVC,0.5,False,2026-10-06 07:18:40
DM-01-04-04-02,DM-01-04-04-02,C,ok,ไม่พบสัญญาณผิดปกติเชิงสถิติ (ใช้น้ำตามพฤติกรรมปกติ),04:15,06:15,35.125,31.442,13.944,59.329,45.386,-1.073,ลดลงเล็กน้อย,False,55.775,False,False,False,,False,0.1171,True,False,5,False,False,1.141,27.39,14,2026-10-05,96,True,4e-05,0.1,,27.39,RESIDENTIAL,PVC,0.4362,False,2026-10-06 07:18:40
DM-01-04-05-01,DM-01-04-05-01,C,ok,ไม่พบสัญญาณผิดปกติเชิงสถิติ (ใช้น้ำตามพฤติกรรมปกติ),00:00,02:00,79.375,83.46,19.909,123.278,103.369,-0.779,ลดลงเล็กน้อย,False,79.637,False,False,False,,True,-0.0489,True,False,0,False,False,0.0,0.0,14,2026-10-05,96,True,0.0,4.39286,,0.0,RESIDENTIAL,PVC,0.5055,False,2026-10-06 07:18:40
DM-01-04-06-01,DM-01-04-06-01,C,ok,MNF ล่าสุด (232.9 m³/hr) / ส่วนเกินเฉลี่ย 3 วัน (-4.9 m³/hr) กลับมาที่ระดับค่าเฉลี่ยฐาน (239.2 m³/hr) แล้ว — ไม่มีน้ำสูญเสียส่วนเกินเหลืออยู่ ถือว่าเหตุการณ์จบ/ซ่อมเสร็จแล้ว จึงไม่ขึ้นเตือน,03:00,05:00,232.875,239.17,7.688,254.546,246.858,0.0,ทรงตัว,False,30.753,True,False,True,1.0,True,-0.0263,True,False,3,False,False,0.0,0.0,14,2026-10-05,96,True,0.0,0.16883,,0.0,RESIDENTIAL,PVC,0.4086,False,2026-10-06 07:18:40
DM-01-04-07-01,DM-01-04-07-01,C,ok,MNF ล่าสุด (44.1 m³/hr) / ส่วนเกินเฉลี่ย 3 วัน (-27.5 m³/hr) กลับมาที่ระดับค่าเฉลี่ยฐาน (71.5 m³/hr) แล้ว — ไม่มีน้ำสูญเสียส่วนเกินเหลืออยู่ ถือว่าเหตุการณ์จบ/ซ่อมเสร็จแล้ว จึงไม่ขึ้นเตือน,00:15,02:15,44.062,71.518,19.613,110.745,91.131,-0.557,ลดลงเล็กน้อย,False,78.454,True,False,True,2.0,True,-0.3839,True,False,0,False,False,0.0,0.0,14,2026-10-05,96,True,0.0,2.67857,,0.0,RESIDENTIAL,PVC,0.5054,False,2026-10-06 07:18:40
DM-01-05-01-02,DM-01-05-01-02,B,watch,Mann-Kendall ยืนยันแนวโน้มขึ้นต่อเนื่อง,01:00,03:00,93.375,77.366,11.313,99.992,88.679,2.862,เพิ่มขึ้นชัดเจน,True,45.252,True,True,False,8.0,False,0.2069,False,False,3,False,False,15.426,370.21,14,2026-10-05,96,True,0.0,1e-05,ใกล้กับ RTU (< 2 กม. โดยประมาณ),370.21,RESIDENTIAL,PVC,0.6383,False,2026-10-06 07:18:40
DM-01-05-02-01,DM-01-05-02-01,C,ok,มีสัญญาณเชิงสถิติ แต่ส่วนเกิน MNF อยู่แค่ 12.2 m³/hr (15.7% ของค่าเฉลี่ยฐาน 77.6 m³/hr) ต่ำกว่าเกณฑ์ปริมาณขั้นต่ำที่ตั้งไว้ (20%) — ยังไม่คุ้มส่งตรวจ เฝ้าดูต่อ,02:00,04:00,89.75,77.571,7.73,93.032,85.301,1.073,เพิ่มขึ้นเล็กน้อย,False,30.92,True,True,True,2.0,False,0.157,True,False,3,True,False,10.512,252.29,14,2026-10-05,96,True,0.0,0.00025,,252.29,RESIDENTIAL,PVC,0.5,False,2026-10-06 07:18:40
DM-01-05-03-02,DM-01-05-03-02,C,ok,มีสัญญาณเชิงสถิติ แต่ส่วนเกิน MNF อยู่แค่ 0.9 m³/hr (1.9% ของค่าเฉลี่ยฐาน 45.5 m³/hr) ต่ำกว่าเกณฑ์ปริมาณขั้นต่ำที่ตั้งไว้ (20%) — ยังไม่คุ้มส่งตรวจ เฝ้าดูต่อ,02:00,04:00,46.312,45.455,2.848,51.152,48.304,1.298,เพิ่มขึ้นเล็กน้อย,False,11.393,True,False,True,1.0,False,0.0189,True,False,0,False,False,0.857,20.57,14,2026-10-05,57,False,0.0,0.00196,,20.57,RESIDENTIAL,PVC,0.6545,False,2026-10-06 07:18:40
DM-01-05-04-01,DM-01-05-04-01,C,ok,ไม่พบสัญญาณผิดปกติเชิงสถิติ (ใช้น้ำตามพฤติกรรมปกติ),01:30,03:30,58.875,60.839,7.368,75.575,68.207,0.179,เพิ่มขึ้นเล็กน้อย,False,29.472,False,False,False,,True,-0.0323,True,False,0,False,False,0.0,0.0,14,2026-10-05,96,True,7e-05,64.57143,,0.0,RESIDENTIAL,PVC,0.5851,False,2026-10-06 07:18:40
DM-01-05-04-02,DM-01-05-04-02,C,ok,ไม่พบสัญญาณผิดปกติเชิงสถิติ (ใช้น้ำตามพฤติกรรมปกติ),01:00,03:00,52.875,49.071,2.623,54.317,51.694,1.082,เพิ่มขึ้นเล็กน้อย,False,10.491,False,False,False,,False,0.0775,True,False,2,False,False,3.22,77.29,14,2026-10-05,96,True,0.0,0.0849,,77.29,RESIDENTIAL,PVC,0.6129,False,2026-10-06 07:18:40
DM-01-06-01-01,DM-01-06-01-01,C,ok,ไม่พบสัญญาณผิดปกติเชิงสถิติ (ใช้น้ำตามพฤติกรรมปกติ),02:00,04:00,66.25,62.312,2.97,68.252,65.282,0.0,ทรงตัว,False,11.88,False,False,False,,False,0.0632,True,False,1,False,False,2.271,54.5,14,2026-10-05,96,True,0.0,0.0001,,54.5,RESIDENTIAL,PVC,0.6522,False,2026-10-06 07:18:40
DM-01-06-03-02,DM-01-06-03-02,B,watch,Mann-Kendall ยืนยันแนวโน้มขึ้นต่อเนื่อง,01:30,03:30,51.875,41.812,6.241,54.295,48.054,2.326,เพิ่มขึ้นชัดเจน,True,24.965,True,False,True,5.0,False,0.2407,False,False,2,False,False,9.021,216.5,14,2026-10-05,96,True,0.0,0.00022,ใกล้กับ RTU (< 2 กม. โดยประมาณ),216.5,RESIDENTIAL,PVC,0.5699,False,2026-10-06 07:18:40
DM-01-06-04-01,DM-01-06-04-01,C,ok,มีสัญญาณเชิงสถิติ แต่ส่วนเกิน MNF อยู่แค่ 12.8 m³/hr (13.6% ของค่าเฉลี่ยฐาน 94.0 m³/hr) ต่ำกว่าเกณฑ์ปริมาณขั้นต่ำที่ตั้งไว้ (20%) — ยังไม่คุ้มส่งตรวจ เฝ้าดูต่อ,02:00,04:00,106.875,94.045,9.964,113.973,104.009,2.326,เพิ่มขึ้นชัดเจน,True,39.857,False,False,False,,False,0.1364,True,False,1,True,False,13.122,314.93,14,2026-10-05,96,True,0.0,1e-05,,314.93,RESIDENTIAL,PVC,0.5319,False,2026-10-06 07:18:40
DM-01-06-04-02,DM-01-06-04-02,C,ok,มีสัญญาณเชิงสถิติ แต่ส่วนเกิน MNF อยู่แค่ 17.5 m³/hr (12.7% ของค่าเฉลี่ยฐาน 138.2 m³/hr) ต่ำกว่าเกณฑ์ปริมาณขั้นต่ำที่ตั้งไว้ (20%) — ยังไม่คุ้มส่งตรวจ เฝ้าดูต่อ,02:00,04:00,155.75,138.205,7.907,154.02,146.113,2.963,เพิ่มขึ้นชัดเจน,True,31.63,True,True,True,6.0,False,0.1269,True,True,10,True,False,14.92,358.07,14,2026-10-05,96,True,0.0,1e-05,,358.07,RESIDENTIAL,PVC,0.6277,False,2026-10-06 07:18:40
DM-01-06-05-01,DM-01-06-05-01,C,ok,มีสัญญาณเชิงสถิติ แต่ส่วนเกิน MNF อยู่แค่ 11.1 m³/hr (12.6% ของค่าเฉลี่ยฐาน 88.4 m³/hr) ต่ำกว่าเกณฑ์ปริมาณขั้นต่ำที่ตั้งไว้ (20%) — ยังไม่คุ้มส่งตรวจ เฝ้าดูต่อ,01:45,03:45,99.5,88.393,4.096,96.585,92.489,1.347,เพิ่มขึ้นเล็กน้อย,False,16.384,True,True,True,6.0,False,0.1257,True,True,10,False,False,10.44,250.57,14,2026-10-05,96,True,0.0,1e-05,,250.57,RESIDENTIAL,PVC,0.5957,False,2026-10-06 07:18:40
DM-01-06-05-05,DM-01-06-05-05,C,ok,MNF ล่าสุด (87.0 m³/hr) / ส่วนเกินเฉลี่ย 3 วัน (-12.8 m³/hr) กลับมาที่ระดับค่าเฉลี่ยฐาน (98.6 m³/hr) แล้ว — ไม่มีน้ำสูญเสียส่วนเกินเหลืออยู่ ถือว่าเหตุการณ์จบ/ซ่อมเสร็จแล้ว จึงไม่ขึ้นเตือน,02:00,04:00,87.0,98.571,7.262,113.096,105.834,1.706,เพิ่มขึ้นชัดเจน,True,29.048,False,False,False,,True,-0.1174,True,False,0,False,False,0.0,0.0,14,2026-10-05,96,True,0.0,0.1,,0.0,RESIDENTIAL,PVC,0.5914,False,2026-10-06 07:18:40
DM-01-07-01-01,DM-01-07-01-01,C,ok,ไม่พบสัญญาณผิดปกติเชิงสถิติ (ใช้น้ำตามพฤติกรรมปกติ),00:15,02:15,77.375,74.964,8.77,92.504,83.734,1.347,เพิ่มขึ้นเล็กน้อย,False,35.08,False,False,False,,False,0.0322,True,False,7,True,False,5.702,136.86,14,2026-10-05,96,True,0.0,0.0001,,136.86,RESIDENTIAL,PVC,0.4681,False,2026-10-06 07:18:40
DM-01-07-02-01,DM-01-07-02-01,B,watch,Flow สูงกว่าเกณฑ์ต่อเนื่อง 22 intervals พร้อมแรงดันตก แต่ไม่ใช่การเปลี่ยนแปลงฉับพลันใน 1-2 วัน (น่าจะเป็นรั่วที่ดำเนินมาระยะหนึ่งแล้วและขยายจนคงที่) — ควรตรวจสอบโดยเร็วแต่ไม่ใช่เหตุฉุกเฉินแบบท่อแตกใหม่,01:45,03:45,161.625,116.152,6.714,129.58,122.866,2.147,เพิ่มขึ้นชัดเจน,True,26.856,True,False,True,3.0,False,0.3915,False,True,22,True,False,42.89,1029.36,14,2026-10-05,96,True,0.0,0.0,ใกล้กับ RTU (< 2 กม. โดยประมาณ),1029.36,RESIDENTIAL,PVC,0.5213,False,2026-10-06 07:18:40
DM-01-07-02-03,DM-01-07-02-03,B,watch,Flow สูงกว่าเกณฑ์ต่อเนื่อง 21 intervals พร้อมแรงดันตก แต่ไม่ใช่การเปลี่ยนแปลงฉับพลันใน 1-2 วัน (น่าจะเป็นรั่วที่ดำเนินมาระยะหนึ่งแล้วและขยายจนคงที่) — ควรตรวจสอบโดยเร็วแต่ไม่ใช่เหตุฉุกเฉินแบบท่อแตกใหม่,01:45,03:45,27.625,19.018,1.557,22.132,20.575,1.073,เพิ่มขึ้นเล็กน้อย,False,6.227,True,False,True,5.0,False,0.4526,False,True,21,True,False,4.94,118.57,14,2026-10-05,96,True,0.0,0.00011,ใกล้กับ RTU (< 2 กม. โดยประมาณ),118.57,RESIDENTIAL,PVC,0.6087,False,2026-10-06 07:18:40
DM-01-07-03-01,DM-01-07-03-01,C,ok,มีสัญญาณเชิงสถิติ แต่ส่วนเกิน MNF อยู่แค่ 7.8 m³/hr (9.9% ของค่าเฉลี่ยฐาน 79.0 m³/hr) ต่ำกว่าเกณฑ์ปริมาณขั้นต่ำที่ตั้งไว้ (20%) — ยังไม่คุ้มส่งตรวจ เฝ้าดูต่อ,23:30,01:30,86.75,78.955,3.062,85.079,82.017,1.252,เพิ่มขึ้นเล็กน้อย,False,12.247,True,False,True,2.0,False,0.0987,True,False,4,False,False,7.836,188.07,14,2026-10-05,96,True,0.0,7e-05,,188.07,RESIDENTIAL,PVC,0.4574,False,2026-10-06 07:18:40
DM-01-07-03-02,DM-01-07-03-02,C,ok,มีสัญญาณเชิงสถิติ แต่ส่วนเกิน MNF อยู่แค่ 4.3 m³/hr (9.9% ของค่าเฉลี่ยฐาน 43.1 m³/hr) ต่ำกว่าเกณฑ์ปริมาณขั้นต่ำที่ตั้งไว้ (20%) — ยังไม่คุ้มส่งตรวจ เฝ้าดูต่อ,01:30,03:30,47.375,43.107,4.222,51.552,47.329,0.0,ทรงตัว,False,16.889,True,True,False,11.0,False,0.099,True,False,5,False,False,5.31,127.43,14,2026-10-05,96,True,0.0,2e-05,,127.43,RESIDENTIAL,PVC,0.5652,False,2026-10-06 07:18:40
DM-01-07-04-01,DM-01-07-04-01,C,ok,มีสัญญาณเชิงสถิติ แต่ส่วนเกิน MNF อยู่แค่ 3.7 m³/hr (9.3% ของค่าเฉลี่ยฐาน 39.6 m³/hr) ต่ำกว่าเกณฑ์ปริมาณขั้นต่ำที่ตั้งไว้ (20%) — ยังไม่คุ้มส่งตรวจ เฝ้าดูต่อ,00:15,02:15,43.25,39.562,2.386,44.334,41.948,0.988,เพิ่มขึ้นเล็กน้อย,False,9.543,True,False,True,4.0,False,0.0932,True,False,6,True,False,4.479,107.5,14,2026-10-05,96,True,0.0,0.00014,,107.5,RESIDENTIAL,PVC,0.5,False,2026-10-06 07:18:40
DM-01-07-04-03,DM-01-07-04-03,C,ok,มีสัญญาณเชิงสถิติ แต่ส่วนเกิน MNF อยู่แค่ 2.8 m³/hr (8.7% ของค่าเฉลี่ยฐาน 31.9 m³/hr) ต่ำกว่าเกณฑ์ปริมาณขั้นต่ำที่ตั้งไว้ (20%) — ยังไม่คุ้มส่งตรวจ เฝ้าดูต่อ,01:30,03:30,34.625,31.866,1.25,34.365,33.116,1.431,เพิ่มขึ้นเล็กน้อย,False,4.998,True,False,True,3.0,False,0.0866,True,False,5,False,False,3.134,75.21,14,2026-10-05,96,True,0.0,0.00016,,75.21,RESIDENTIAL,PVC,0.5319,False,2026-10-06 07:18:40
DM-01-07-05-01,DM-01-07-05-01,C,ok,มีสัญญาณเชิงสถิติ แต่ส่วนเกิน MNF อยู่แค่ 5.6 m³/hr (9.6% ของค่าเฉลี่ยฐาน 57.8 m³/hr) ต่ำกว่าเกณฑ์ปริมาณขั้นต่ำที่ตั้งไว้ (20%) — ยังไม่คุ้มส่งตรวจ เฝ้าดูต่อ,02:00,04:00,63.375,57.804,3.332,64.468,61.136,-0.179,ลดลงเล็กน้อย,False,13.328,True,False,True,2.0,False,0.0964,True,False,6,True,False,7.613,182.71,14,2026-10-05,96,True,0.0,2e-05,,182.71,RESIDENTIAL,PVC,0.6344,False,2026-10-06 07:18:40
DM-01-07-06-01,DM-01-07-06-01,A,alert,Flow สูงกว่าเกณฑ์ต่อเนื่อง 15 intervals + CUSUM ขยับฐานฉับพลันและเพิ่งตัดเกณฑ์ใน 7 วันล่าสุด + แรงดันตกยืนยัน,01:45,03:45,20.125,13.152,2.488,18.129,15.64,3.041,เพิ่มขึ้นชัดเจน,True,9.954,True,True,True,4.0,False,0.5302,False,True,15,True,False,5.598,134.36,14,2026-10-05,96,True,0.0,2e-05,ใกล้กับ RTU (< 2 กม. โดยประมาณ),134.36,RESIDENTIAL,PVC,0.6848,False,2026-10-06 07:18:40
DM-01-08-01-03,DM-01-08-01-03,B,watch,Mann-Kendall ยืนยันแนวโน้มขึ้นต่อเนื่อง,23:00,01:00,77.5,63.866,3.228,70.322,67.094,1.886,เพิ่มขึ้นชัดเจน,True,12.912,True,False,True,4.0,False,0.2135,False,True,30,False,False,14.926,358.21,14,2026-10-05,96,True,0.0,0.0,ใกล้กับ RTU (< 2 กม. โดยประมาณ),358.21,RESIDENTIAL,PVC,0.5319,False,2026-10-06 07:18:40
DM-01-08-02-01,DM-01-08-02-01,C,ok,MNF ล่าสุด (65.2 m³/hr) / ส่วนเกินเฉลี่ย 3 วัน (-2.8 m³/hr) กลับมาที่ระดับค่าเฉลี่ยฐาน (68.0 m³/hr) แล้ว — ไม่มีน้ำสูญเสียส่วนเกินเหลืออยู่ ถือว่าเหตุการณ์จบ/ซ่อมเสร็จแล้ว จึงไม่ขึ้นเตือน,01:30,03:30,65.25,68.009,3.559,75.127,71.568,-2.115,ลดลงชัดเจน,True,14.236,True,False,True,4.0,True,-0.0406,True,False,0,False,False,0.0,0.0,14,2026-10-05,57,False,0.0,1.0,,0.0,RESIDENTIAL,PVC,0.5294,False,2026-10-06 07:18:40
DM-01-08-04-01,DM-01-08-04-01,C,ok,ไม่พบสัญญาณผิดปกติเชิงสถิติ (ใช้น้ำตามพฤติกรรมปกติ),01:45,03:45,43.0,40.482,3.074,46.631,43.556,1.347,เพิ่มขึ้นเล็กน้อย,False,12.297,False,False,False,,False,0.0622,True,False,1,False,False,3.476,83.43,14,2026-10-05,96,True,0.0,0.1,,83.43,RESIDENTIAL,PVC,0.6277,False,2026-10-06 07:18:40
DM-01-08-04-03,DM-01-08-04-03,C,ok,มีสัญญาณเชิงสถิติ แต่ส่วนเกิน MNF อยู่แค่ 5.1 m³/hr (2.7% ของค่าเฉลี่ยฐาน 188.8 m³/hr) ต่ำกว่าเกณฑ์ปริมาณขั้นต่ำที่ตั้งไว้ (20%) — ยังไม่คุ้มส่งตรวจ เฝ้าดูต่อ,23:45,01:45,193.875,188.768,12.343,213.455,201.111,2.326,เพิ่มขึ้นชัดเจน,True,49.374,False,False,False,,False,0.0271,True,False,2,False,False,8.399,201.57,14,2026-10-05,96,True,0.0,2e-05,,201.57,RESIDENTIAL,PVC,0.5851,False,2026-10-06 07:18:40
DM-01-09-01-01,DM-01-09-01-01,C,ok,ไม่พบสัญญาณผิดปกติเชิงสถิติ (ใช้น้ำตามพฤติกรรมปกติ),02:00,04:00,142.25,139.938,10.671,161.279,150.608,0.0,ทรงตัว,False,42.683,False,False,False,,True,0.0165,True,False,0,False,False,0.0,0.0,14,2026-10-05,96,True,0.0,0.02607,,0.0,RESIDENTIAL,PVC,0.5957,False,2026-10-06 07:18:40
DM-01-09-02-01,DM-01-09-02-01,C,ok,MNF ล่าสุด (37.8 m³/hr) / ส่วนเกินเฉลี่ย 3 วัน (-0.8 m³/hr) กลับมาที่ระดับค่าเฉลี่ยฐาน (38.6 m³/hr) แล้ว — ไม่มีน้ำสูญเสียส่วนเกินเหลืออยู่ ถือว่าเหตุการณ์จบ/ซ่อมเสร็จแล้ว จึงไม่ขึ้นเตือน,01:45,03:45,37.812,38.643,5.663,49.968,44.306,1.893,เพิ่มขึ้นชัดเจน,True,22.651,False,False,False,,True,-0.0215,True,False,0,False,False,0.0,0.0,14,2026-10-05,96,True,0.0,0.00162,,0.0,RESIDENTIAL,PVC,0.6304,False,2026-10-06 07:18:40
DM-01-09-02-02,DM-01-09-02-02,C,ok,ไม่พบสัญญาณผิดปกติเชิงสถิติ (ใช้น้ำตามพฤติกรรมปกติ),02:00,04:00,31.938,31.786,2.437,36.66,34.223,0.779,เพิ่มขึ้นเล็กน้อย,False,9.748,False,False,False,,False,0.0048,True,False,0,False,False,0.152,3.64,14,2026-10-05,96,True,0.0,0.00136,,3.64,RESIDENTIAL,PVC,0.5638,False,2026-10-06 07:18:40
DM-01-09-03-01,DM-01-09-03-01,C,ok,ไม่พบสัญญาณผิดปกติเชิงสถิติ (ใช้น้ำตามพฤติกรรมปกติ),02:00,04:00,72.125,70.08,3.146,76.373,73.227,0.0,ทรงตัว,False,12.585,False,False,False,,False,0.0292,True,False,0,False,False,2.045,49.07,14,2026-10-05,96,True,0.0,0.00077,,49.07,RESIDENTIAL,PVC,0.5604,False,2026-10-06 07:18:40
DM-01-09-04-01,DM-01-09-04-01,C,ok,มีสัญญาณเชิงสถิติ แต่ส่วนเกิน MNF อยู่แค่ 7.3 m³/hr (6.6% ของค่าเฉลี่ยฐาน 109.5 m³/hr) ต่ำกว่าเกณฑ์ปริมาณขั้นต่ำที่ตั้งไว้ (20%) — ยังไม่คุ้มส่งตรวจ เฝ้าดูต่อ,01:45,03:45,116.75,109.482,5.066,119.615,114.548,-0.557,ลดลงเล็กน้อย,False,20.265,True,False,True,7.0,False,0.0664,True,False,7,False,False,7.268,174.43,14,2026-10-05,96,True,0.0,0.00027,,174.43,RESIDENTIAL,PVC,0.6196,False,2026-10-06 07:18:40
DM-01-09-06-01,DM-01-09-06-01,C,ok,มีสัญญาณเชิงสถิติ แต่ส่วนเกิน MNF อยู่แค่ 1.4 m³/hr (3.2% ของค่าเฉลี่ยฐาน 42.1 m³/hr) ต่ำกว่าเกณฑ์ปริมาณขั้นต่ำที่ตั้งไว้ (20%) — ยังไม่คุ้มส่งตรวจ เฝ้าดูต่อ,01:30,03:30,43.438,42.08,3.541,49.163,45.621,2.338,เพิ่มขึ้นชัดเจน,True,14.164,False,False,False,,False,0.0323,True,False,0,False,False,1.357,32.57,14,2026-10-05,96,True,0.0,0.00087,,32.57,RESIDENTIAL,PVC,0.5889,False,2026-10-06 07:18:40
DM-01-09-07-01,DM-01-09-07-01,C,ok,มีสัญญาณเชิงสถิติ แต่ส่วนเกิน MNF อยู่แค่ 5.5 m³/hr (5.5% ของค่าเฉลี่ยฐาน 98.7 m³/hr) ต่ำกว่าเกณฑ์ปริมาณขั้นต่ำที่ตั้งไว้ (20%) — ยังไม่คุ้มส่งตรวจ เฝ้าดูต่อ,02:15,04:15,104.125,98.67,4.265,107.2,102.935,2.338,เพิ่มขึ้นชัดเจน,True,17.061,True,True,True,6.0,False,0.0553,True,False,0,False,False,5.455,130.93,14,2026-10-05,96,True,0.0,2e-05,,130.93,RESIDENTIAL,PVC,0.6237,False,2026-10-06 07:18:40
DM-01-09-09-01,DM-01-09-09-01,C,ok,ไม่พบสัญญาณผิดปกติเชิงสถิติ (ใช้น้ำตามพฤติกรรมปกติ),02:00,04:00,58.125,58.786,8.031,74.848,66.817,0.091,เพิ่มขึ้นเล็กน้อย,False,32.126,False,False,False,,True,-0.0112,True,False,0,False,False,0.0,0.0,14,2026-10-05,57,False,0.0,0.1,,0.0,RESIDENTIAL,PVC,0.5283,False,2026-10-06 07:18:40
DM-01-09-10-01,DM-01-09-10-01,C,ok,มีสัญญาณเชิงสถิติ แต่ส่วนเกิน MNF อยู่แค่ 2.5 m³/hr (3.8% ของค่าเฉลี่ยฐาน 66.7 m³/hr) ต่ำกว่าเกณฑ์ปริมาณขั้นต่ำที่ตั้งไว้ (20%) — ยังไม่คุ้มส่งตรวจ เฝ้าดูต่อ,02:00,04:00,69.25,66.723,6.308,79.338,73.031,2.504,เพิ่มขึ้นชัดเจน,True,25.23,False,False,False,,False,0.0379,True,False,3,True,False,4.777,114.64,14,2026-10-05,96,True,0.0,0.00596,,114.64,RESIDENTIAL,PVC,0.6237,False,2026-10-06 07:18:40
DM-02-01-01-01,DM-02-01-01-01,B,watch,Flow สูงกว่าเกณฑ์ต่อเนื่อง 19 intervals พร้อมแรงดันตก แต่ไม่ใช่การเปลี่ยนแปลงฉับพลันใน 1-2 วัน (น่าจะเป็นรั่วที่ดำเนินมาระยะหนึ่งแล้วและขยายจนคงที่) — ควรตรวจสอบโดยเร็วแต่ไม่ใช่เหตุฉุกเฉินแบบท่อแตกใหม่,00:45,02:45,53.125,39.679,3.133,45.945,42.812,1.789,เพิ่มขึ้นชัดเจน,True,12.532,True,False,True,7.0,False,0.3389,False,True,19,True,False,7.905,189.71,14,2026-10-05,96,True,0.0,0.00074,ไกลจาก RTU (> 2 กม. โดยประมาณ),189.71,RESIDENTIAL,PVC,0.5532,False,2026-10-06 07:18:40
DM-02-01-01-02,DM-02-01-01-02,C,ok,มีสัญญาณเชิงสถิติ แต่ส่วนเกิน MNF อยู่แค่ 4.4 m³/hr (7.3% ของค่าเฉลี่ยฐาน 60.9 m³/hr) ต่ำกว่าเกณฑ์ปริมาณขั้นต่ำที่ตั้งไว้ (20%) — ยังไม่คุ้มส่งตรวจ เฝ้าดูต่อ,01:45,03:45,65.375,60.938,1.883,64.704,62.821,2.326,เพิ่มขึ้นชัดเจน,True,7.533,True,True,True,3.0,False,0.0728,True,True,22,True,False,4.271,102.5,14,2026-10-05,96,True,0.0,6e-05,,102.5,RESIDENTIAL,PVC,0.5745,False,2026-10-06 07:18:40
DM-02-01-02-01,DM-02-01-02-01,C,ok,ไม่พบสัญญาณผิดปกติเชิงสถิติ (ใช้น้ำตามพฤติกรรมปกติ),02:15,04:15,57.0,54.455,3.828,62.111,58.283,0.269,เพิ่มขึ้นเล็กน้อย,False,15.311,False,False,False,,False,0.0467,True,False,3,True,False,1.42,34.07,14,2026-10-05,96,True,0.0,0.0026,,34.07,RESIDENTIAL,PVC,0.617,False,2026-10-06 07:18:40
DM-02-01-02-02,DM-02-01-02-02,C,ok,มีสัญญาณเชิงสถิติ แต่ส่วนเกิน MNF อยู่แค่ 7.9 m³/hr (15.0% ของค่าเฉลี่ยฐาน 52.8 m³/hr) ต่ำกว่าเกณฑ์ปริมาณขั้นต่ำที่ตั้งไว้ (20%) — ยังไม่คุ้มส่งตรวจ เฝ้าดูต่อ,02:00,04:00,60.75,52.821,1.934,56.689,54.755,2.504,เพิ่มขึ้นชัดเจน,True,7.736,True,True,True,3.0,False,0.1501,True,False,7,True,False,6.387,153.29,14,2026-10-05,96,True,0.0,0.00234,,153.29,RESIDENTIAL,PVC,0.6383,False,2026-10-06 07:18:40
DM-02-01-03-02,DM-02-01-03-02,C,ok,ไม่พบสัญญาณผิดปกติเชิงสถิติ (ใช้น้ำตามพฤติกรรมปกติ),01:30,03:30,34.0,33.652,1.395,36.442,35.047,0.179,เพิ่มขึ้นเล็กน้อย,False,5.581,False,False,False,,False,0.0103,True,False,4,False,False,0.39,9.36,14,2026-10-05,96,True,0.0,0.03658,,9.36,RESIDENTIAL,PVC,0.6383,False,2026-10-06 07:18:40
DM-02-01-03-03,DM-02-01-03-03,C,ok,ไม่พบสัญญาณผิดปกติเชิงสถิติ (ใช้น้ำตามพฤติกรรมปกติ),01:30,03:30,146.125,147.589,10.507,168.603,158.096,-0.894,ลดลงเล็กน้อย,False,42.027,False,False,False,,True,-0.0099,True,False,4,True,False,0.0,0.0,14,2026-10-05,96,True,0.0,0.00603,,0.0,RESIDENTIAL,PVC,0.5745,False,2026-10-06 07:18:40
DM-02-01-04-01,DM-02-01-04-01,B,watch,CUSUM สะสมเป็นบวกต่อเนื่อง (ยังไม่ Step-up ฉับพลัน),01:45,03:45,66.125,53.848,8.553,70.955,62.402,0.988,เพิ่มขึ้นเล็กน้อย,False,34.213,True,True,False,10.0,False,0.228,False,False,5,True,False,15.193,364.64,14,2026-10-05,96,True,0.0,0.1,ไกลจาก RTU (> 2 กม. โดยประมาณ),364.64,RESIDENTIAL,PVC,0.6809,False,2026-10-06 07:18:40
DM-02-01-04-03,DM-02-01-04-03,C,ok,มีสัญญาณเชิงสถิติ แต่ส่วนเกิน MNF อยู่แค่ 8.6 m³/hr (14.3% ของค่าเฉลี่ยฐาน 59.8 m³/hr) ต่ำกว่าเกณฑ์ปริมาณขั้นต่ำที่ตั้งไว้ (20%) — ยังไม่คุ้มส่งตรวจ เฝ้าดูต่อ,02:15,04:15,68.375,59.812,4.198,68.208,64.01,1.252,เพิ่มขึ้นเล็กน้อย,False,16.79,True,True,True,6.0,False,0.1432,True,False,2,True,False,12.146,291.5,14,2026-10-05,96,True,0.0,0.03792,,291.5,RESIDENTIAL,PVC,0.383,False,2026-10-06 07:18:40
DM-02-01-07-01,DM-02-01-07-01,C,ok,ไม่พบสัญญาณผิดปกติเชิงสถิติ (ใช้น้ำตามพฤติกรรมปกติ),02:00,04:00,32.375,31.348,9.766,50.879,41.114,1.073,เพิ่มขึ้นเล็กน้อย,False,39.062,False,False,False,,False,0.0328,True,False,0,False,False,0.402,9.64,14,2026-10-05,96,True,0.0,0.00139,,9.64,RESIDENTIAL,PVC,0.6129,False,2026-10-06 07:18:40
DM-02-02-01-01,DM-02-02-01-01,C,ok,ไม่พบสัญญาณผิดปกติเชิงสถิติ (ใช้น้ำตามพฤติกรรมปกติ),02:00,04:00,115.0,122.848,4.434,131.716,127.282,1.61,เพิ่มขึ้นเล็กน้อย,False,17.735,False,False,False,,True,-0.0639,True,False,1,True,False,0.0,0.0,14,2026-10-05,96,True,0.0,0.1,,0.0,RESIDENTIAL,PVC,0.6383,False,2026-10-06 07:18:40
DM-02-02-01-02,DM-02-02-01-02,C,ok,มีสัญญาณเชิงสถิติ แต่ส่วนเกิน MNF อยู่แค่ 7.0 m³/hr (11.7% ของค่าเฉลี่ยฐาน 59.3 m³/hr) ต่ำกว่าเกณฑ์ปริมาณขั้นต่ำที่ตั้งไว้ (20%) — ยังไม่คุ้มส่งตรวจ เฝ้าดูต่อ,01:45,03:45,66.25,59.286,2.095,63.476,61.381,1.906,เพิ่มขึ้นชัดเจน,True,8.38,True,False,True,2.0,False,0.1175,True,False,6,False,False,6.964,167.14,14,2026-10-05,96,True,0.0,1e-05,,167.14,RESIDENTIAL,PVC,0.4457,False,2026-10-06 07:18:40
DM-02-02-02-01,DM-02-02-02-01,C,ok,มีสัญญาณเชิงสถิติ แต่ส่วนเกิน MNF อยู่แค่ 19.1 m³/hr (19.1% ของค่าเฉลี่ยฐาน 100.2 m³/hr) ต่ำกว่าเกณฑ์ปริมาณขั้นต่ำที่ตั้งไว้ (20%) — ยังไม่คุ้มส่งตรวจ เฝ้าดูต่อ,02:15,04:15,119.375,100.241,5.138,110.517,105.379,0.894,เพิ่มขึ้นเล็กน้อย,False,20.551,True,False,True,2.0,False,0.1909,True,False,7,True,False,16.092,386.21,14,2026-10-05,96,True,0.0,0.00073,,386.21,RESIDENTIAL,PVC,0.5106,False,2026-10-06 07:18:40
DM-02-02-03-01,DM-02-02-03-01,C,ok,ไม่พบสัญญาณผิดปกติเชิงสถิติ (ใช้น้ำตามพฤติกรรมปกติ),02:00,04:00,40.25,46.464,3.057,52.579,49.522,-0.716,ลดลงเล็กน้อย,False,12.229,False,False,False,,True,-0.1337,True,False,2,True,False,0.0,0.0,14,2026-10-05,96,True,0.0,0.1,,0.0,RESIDENTIAL,PVC,0.5484,False,2026-10-06 07:18:40
DM-02-02-04-01,DM-02-02-04-01,C,ok,ไม่พบสัญญาณผิดปกติเชิงสถิติ (ใช้น้ำตามพฤติกรรมปกติ),01:45,03:45,23.25,26.312,3.805,33.923,30.118,-1.358,ลดลงเล็กน้อย,False,15.221,False,False,False,,True,-0.1164,True,False,0,False,False,0.0,0.0,14,2026-10-05,96,True,0.0,0.1,,0.0,RESIDENTIAL,PVC,0.6237,False,2026-10-06 07:18:40
DM-02-02-04-02,DM-02-02-04-02,C,ok,ไม่พบสัญญาณผิดปกติเชิงสถิติ (ใช้น้ำตามพฤติกรรมปกติ),01:45,03:45,66.125,62.777,2.733,68.244,65.51,0.894,เพิ่มขึ้นเล็กน้อย,False,10.934,False,False,False,,False,0.0533,True,False,4,False,False,4.848,116.36,14,2026-10-05,96,True,0.0,0.01488,,116.36,RESIDENTIAL,PVC,0.5269,False,2026-10-06 07:18:40
DM-02-02-05-01,DM-02-02-05-01,C,ok,ไม่พบสัญญาณผิดปกติเชิงสถิติ (ใช้น้ำตามพฤติกรรมปกติ),02:15,04:15,19.0,20.893,7.186,35.265,28.079,-0.902,ลดลงเล็กน้อย,False,28.744,False,False,False,,True,-0.0906,True,False,1,False,False,0.0,0.0,14,2026-10-05,96,True,0.0,0.1,,0.0,RESIDENTIAL,PVC,0.5699,False,2026-10-06 07:18:40
DM-02-02-05-02,DM-02-02-05-02,C,ok,ไม่พบสัญญาณผิดปกติเชิงสถิติ (ใช้น้ำตามพฤติกรรมปกติ),02:00,04:00,38.0,49.42,8.252,65.923,57.671,-0.894,ลดลงเล็กน้อย,False,33.006,False,False,False,,True,-0.2311,True,False,3,True,False,0.0,0.0,14,2026-10-05,96,True,0.0,0.1,,0.0,RESIDENTIAL,PVC,0.4731,False,2026-10-06 07:18:40
DM-02-02-06-01,DM-02-02-06-01,B,watch,Mann-Kendall ยืนยันแนวโน้มขึ้นต่อเนื่อง,02:15,04:15,49.25,39.607,6.811,53.23,46.419,2.504,เพิ่มขึ้นชัดเจน,True,27.245,True,True,True,3.0,False,0.2435,False,False,4,True,False,12.81,307.43,14,2026-10-05,96,True,0.0,0.0176,ไกลจาก RTU (> 2 กม. โดยประมาณ),307.43,RESIDENTIAL,PVC,0.5426,False,2026-10-06 07:18:40
DM-02-02-06-02,DM-02-02-06-02,C,ok,ไม่พบสัญญาณผิดปกติเชิงสถิติ (ใช้น้ำตามพฤติกรรมปกติ),00:00,02:00,18.625,20.134,5.267,30.668,25.401,0.635,เพิ่มขึ้นเล็กน้อย,False,21.068,False,False,False,,True,-0.0749,True,False,0,False,False,0.0,0.0,14,2026-10-05,96,True,0.0,0.0102,,0.0,RESIDENTIAL,PVC,0.5484,False,2026-10-06 07:18:40
DM-02-02-07-01,DM-02-02-07-01,C,ok,มีสัญญาณเชิงสถิติ แต่ส่วนเกิน MNF อยู่แค่ 1.0 m³/hr (3.5% ของค่าเฉลี่ยฐาน 29.5 m³/hr) ต่ำกว่าเกณฑ์ปริมาณขั้นต่ำที่ตั้งไว้ (20%) — ยังไม่คุ้มส่งตรวจ เฝ้าดูต่อ,02:15,04:15,30.5,29.464,1.921,33.307,31.385,0.361,เพิ่มขึ้นเล็กน้อย,False,7.684,True,False,True,3.0,False,0.0352,True,False,3,False,False,2.869,68.86,14,2026-10-05,96,True,0.0,0.1,,68.86,RESIDENTIAL,PVC,0.5319,False,2026-10-06 07:18:40
DM-02-02-07-03,DM-02-02-07-03,B,watch,CUSUM สะสมเป็นบวกต่อเนื่อง (ยังไม่ Step-up ฉับพลัน),02:00,04:00,29.75,24.429,1.294,27.018,25.723,1.167,เพิ่มขึ้นเล็กน้อย,False,5.178,True,False,True,4.0,False,0.2178,False,False,4,True,False,3.53,84.71,14,2026-10-05,96,True,0.0,0.1,ไกลจาก RTU (> 2 กม. โดยประมาณ),84.71,RESIDENTIAL,PVC,0.6277,False,2026-10-06 07:18:40
DM-02-03-03-01,DM-02-03-03-01,C,ok,ไม่พบสัญญาณผิดปกติเชิงสถิติ (ใช้น้ำตามพฤติกรรมปกติ),01:30,03:30,30.5,31.304,3.132,37.568,34.436,0.449,เพิ่มขึ้นเล็กน้อย,False,12.528,False,False,False,,True,-0.0257,True,False,1,True,False,1.28,30.71,14,2026-10-05,96,True,8e-05,9.0,,30.71,RESIDENTIAL,PVC,0.6489,False,2026-10-06 07:18:40
DM-02-03-03-02,DM-02-03-03-02,B,watch,Mann-Kendall ยืนยันแนวโน้มขึ้นต่อเนื่อง,02:00,04:00,32.25,19.848,2.669,25.187,22.518,2.326,เพิ่มขึ้นชัดเจน,True,10.677,True,True,True,2.0,False,0.6248,False,False,5,False,False,9.235,221.64,14,2026-10-05,96,True,9e-05,0.20804,ไกลจาก RTU (> 2 กม. โดยประมาณ),221.64,RESIDENTIAL,PVC,0.5109,False,2026-10-06 07:18:40
DM-02-03-04-01,DM-02-03-04-01,C,ok,มีสัญญาณเชิงสถิติ แต่ส่วนเกิน MNF อยู่แค่ 1.8 m³/hr (2.2% ของค่าเฉลี่ยฐาน 78.9 m³/hr) ต่ำกว่าเกณฑ์ปริมาณขั้นต่ำที่ตั้งไว้ (20%) — ยังไม่คุ้มส่งตรวจ เฝ้าดูต่อ,02:00,04:00,80.625,78.866,3.13,85.126,81.996,0.449,เพิ่มขึ้นเล็กน้อย,False,12.521,True,True,False,10.0,False,0.0223,True,False,0,False,False,15.217,365.21,14,2026-10-05,96,True,0.0,0.0002,,365.21,RESIDENTIAL,PVC,0.5761,False,2026-10-06 07:18:40
DM-02-03-06-01,DM-02-03-06-01,C,ok,ไม่พบสัญญาณผิดปกติเชิงสถิติ (ใช้น้ำตามพฤติกรรมปกติ),02:00,04:00,52.875,55.848,6.278,68.404,62.126,-0.716,ลดลงเล็กน้อย,False,25.111,False,False,False,,True,-0.0532,True,False,4,True,False,0.277,6.64,14,2026-10-05,96,True,0.0,0.1,,6.64,RESIDENTIAL,PVC,0.5319,False,2026-10-06 07:18:40
DM-02-03-06-03,DM-02-03-06-03,B,watch,CUSUM สะสมเป็นบวกต่อเนื่อง (ยังไม่ Step-up ฉับพลัน),11:45,13:45,82.25,64.955,5.307,75.57,70.263,1.252,เพิ่มขึ้นเล็กน้อย,False,21.23,True,False,True,3.0,False,0.2663,False,False,4,True,False,7.586,182.07,14,2026-10-05,96,True,0.0,0.00678,ไกลจาก RTU (> 2 กม. โดยประมาณ),182.07,RESIDENTIAL,PVC,0.5319,False,2026-10-06 07:18:40
DM-02-04-01-02,DM-02-04-01-02,C,ok,มีสัญญาณเชิงสถิติ แต่ส่วนเกิน MNF อยู่แค่ 1.7 m³/hr (3.3% ของค่าเฉลี่ยฐาน 50.9 m³/hr) ต่ำกว่าเกณฑ์ปริมาณขั้นต่ำที่ตั้งไว้ (20%) — ยังไม่คุ้มส่งตรวจ เฝ้าดูต่อ,01:15,03:15,52.625,50.92,2.407,55.734,53.327,-1.431,ลดลงเล็กน้อย,False,9.628,True,False,True,5.0,False,0.0335,True,False,1,False,False,2.789,66.93,14,2026-10-05,96,True,0.0,0.01481,,66.93,RESIDENTIAL,PVC,0.6022,False,2026-10-06 07:18:40
DM-02-04-01-03,DM-02-04-01-03,C,ok,มีสัญญาณเชิงสถิติ แต่ส่วนเกิน MNF อยู่แค่ 1.3 m³/hr (4.5% ของค่าเฉลี่ยฐาน 30.2 m³/hr) ต่ำกว่าเกณฑ์ปริมาณขั้นต่ำที่ตั้งไว้ (20%) — ยังไม่คุ้มส่งตรวจ เฝ้าดูต่อ,00:00,02:00,31.5,30.152,1.589,33.33,31.741,0.269,เพิ่มขึ้นเล็กน้อย,False,6.356,True,True,True,5.0,False,0.0447,True,False,2,False,False,2.14,51.36,14,2026-10-05,96,True,0.0,0.1,,51.36,RESIDENTIAL,PVC,0.6383,False,2026-10-06 07:18:40
DM-02-04-02-01,DM-02-04-02-01,C,ok,มีสัญญาณเชิงสถิติ แต่ส่วนเกิน MNF อยู่แค่ 0.3 m³/hr (1.7% ของค่าเฉลี่ยฐาน 19.9 m³/hr) ต่ำกว่าเกณฑ์ปริมาณขั้นต่ำที่ตั้งไว้ (20%) — ยังไม่คุ้มส่งตรวจ เฝ้าดูต่อ,00:45,02:45,20.25,19.911,2.103,24.116,22.013,-1.789,ลดลงชัดเจน,True,8.41,True,True,False,11.0,False,0.017,True,False,4,True,False,1.214,29.14,14,2026-10-05,96,True,0.0,0.03534,,29.14,RESIDENTIAL,PVC,0.6196,False,2026-10-06 07:18:40
DM-02-04-02-02,DM-02-04-02-02,C,ok,MNF ล่าสุด (117.8 m³/hr) / ส่วนเกินเฉลี่ย 3 วัน (-7.5 m³/hr) กลับมาที่ระดับค่าเฉลี่ยฐาน (130.0 m³/hr) แล้ว — ไม่มีน้ำสูญเสียส่วนเกินเหลืออยู่ ถือว่าเหตุการณ์จบ/ซ่อมเสร็จแล้ว จึงไม่ขึ้นเตือน,01:45,03:45,117.75,130.0,3.986,137.971,133.986,-2.147,ลดลงชัดเจน,True,15.943,False,False,False,,True,-0.0942,True,False,0,False,False,0.0,0.0,14,2026-10-05,96,True,6e-05,232.53571,,0.0,RESIDENTIAL,PVC,0.6989,False,2026-10-06 07:18:40
DM-02-04-03-01,DM-02-04-03-01,C,ok,ไม่พบสัญญาณผิดปกติเชิงสถิติ (ใช้น้ำตามพฤติกรรมปกติ),01:45,03:45,164.25,168.527,5.004,178.534,173.53,-0.537,ลดลงเล็กน้อย,False,20.014,False,False,False,,True,-0.0254,True,False,0,False,False,0.848,20.36,14,2026-10-05,96,True,0.0,0.1,,20.36,RESIDENTIAL,PVC,0.6064,False,2026-10-06 07:18:40
DM-02-04-04-01,DM-02-04-04-01,C,ok,ไม่พบสัญญาณผิดปกติเชิงสถิติ (ใช้น้ำตามพฤติกรรมปกติ),02:00,04:00,140.375,145.357,28.563,202.482,173.92,-1.431,ลดลงเล็กน้อย,False,114.25,False,False,False,,True,-0.0343,True,False,0,False,False,3.31,79.43,14,2026-10-05,96,True,0.0,0.1,,79.43,RESIDENTIAL,PVC,0.5851,False,2026-10-06 07:18:40
DM-02-04-05-01,DM-02-04-05-01,C,ok,MNF ล่าสุด (103.9 m³/hr) / ส่วนเกินเฉลี่ย 3 วัน (+3.2 m³/hr) กลับมาที่ระดับค่าเฉลี่ยฐาน (113.2 m³/hr) แล้ว — ไม่มีน้ำสูญเสียส่วนเกินเหลืออยู่ ถือว่าเหตุการณ์จบ/ซ่อมเสร็จแล้ว จึงไม่ขึ้นเตือน,01:15,03:15,103.875,113.152,7.616,128.384,120.768,0.358,เพิ่มขึ้นเล็กน้อย,False,30.464,True,True,True,6.0,True,-0.082,True,False,1,True,False,3.223,77.36,14,2026-10-05,96,True,0.0,0.1,,77.36,RESIDENTIAL,PVC,0.5426,False,2026-10-06 07:18:40
DM-02-04-05-02,DM-02-04-05-02,C,ok,ไม่พบสัญญาณผิดปกติเชิงสถิติ (ใช้น้ำตามพฤติกรรมปกติ),23:30,01:30,96.625,93.223,6.682,106.588,99.905,-0.894,ลดลงเล็กน้อย,False,26.729,False,False,False,,False,0.0365,True,False,1,True,False,1.443,34.64,14,2026-10-05,96,True,0.0,0.1,,34.64,RESIDENTIAL,PVC,0.617,False,2026-10-06 07:18:40
DM-02-08-01-01,DM-02-08-01-01,C,ok,มีสัญญาณเชิงสถิติ แต่ส่วนเกิน MNF อยู่แค่ 18.1 m³/hr (13.2% ของค่าเฉลี่ยฐาน 136.4 m³/hr) ต่ำกว่าเกณฑ์ปริมาณขั้นต่ำที่ตั้งไว้ (20%) — ยังไม่คุ้มส่งตรวจ เฝ้าดูต่อ,00:15,02:15,154.5,136.429,5.035,146.498,141.463,0.0,ทรงตัว,False,20.138,True,False,True,7.0,False,0.1325,True,False,3,True,False,14.53,348.71,14,2026-10-05,96,True,0.0,0.00385,,348.71,RESIDENTIAL,PVC,0.5319,False,2026-10-06 07:18:40
DM-02-08-02-01,DM-02-08-02-01,C,ok,ไม่พบสัญญาณผิดปกติเชิงสถิติ (ใช้น้ำตามพฤติกรรมปกติ),01:00,03:00,98.5,95.25,4.448,104.147,99.698,-0.988,ลดลงเล็กน้อย,False,17.793,False,False,False,,False,0.0341,True,False,1,False,False,0.5,12.0,14,2026-10-05,96,True,1e-05,25.39286,,12.0,RESIDENTIAL,PVC,0.5851,False,2026-10-06 07:18:40
DM-02-08-03-02,DM-02-08-03-02,C,ok,MNF ล่าสุด (108.8 m³/hr) / ส่วนเกินเฉลี่ย 3 วัน (-16.9 m³/hr) กลับมาที่ระดับค่าเฉลี่ยฐาน (125.5 m³/hr) แล้ว — ไม่มีน้ำสูญเสียส่วนเกินเหลืออยู่ ถือว่าเหตุการณ์จบ/ซ่อมเสร็จแล้ว จึงไม่ขึ้นเตือน,00:45,02:45,108.75,125.545,3.207,131.959,128.752,-1.789,ลดลงชัดเจน,True,12.828,False,False,False,,True,-0.1338,True,False,0,False,False,0.0,0.0,14,2026-10-05,96,True,0.0,7.82143,,0.0,RESIDENTIAL,PVC,0.6064,False,2026-10-06 07:18:40
DM-02-08-03-03,DM-02-08-03-03,C,ok,ไม่พบสัญญาณผิดปกติเชิงสถิติ (ใช้น้ำตามพฤติกรรมปกติ),00:45,02:45,146.0,133.25,4.963,143.177,138.213,0.894,เพิ่มขึ้นเล็กน้อย,False,19.853,False,False,False,,False,0.0957,True,False,5,True,False,6.333,152.0,14,2026-10-05,96,True,6e-05,0.09093,,152.0,RESIDENTIAL,PVC,0.5532,False,2026-10-06 07:18:40
DM-02-08-04-01,DM-02-08-04-01,C,ok,MNF ล่าสุด (35.9 m³/hr) / ส่วนเกินเฉลี่ย 3 วัน (+19.3 m³/hr) กลับมาที่ระดับค่าเฉลี่ยฐาน (36.2 m³/hr) แล้ว — ไม่มีน้ำสูญเสียส่วนเกินเหลืออยู่ ถือว่าเหตุการณ์จบ/ซ่อมเสร็จแล้ว จึงไม่ขึ้นเตือน,01:45,03:45,35.875,36.223,2.28,40.783,38.503,-0.179,ลดลงเล็กน้อย,False,9.119,True,True,True,1.0,True,-0.0096,True,False,0,False,False,19.277,462.64,14,2026-10-05,96,True,0.0,0.1,,462.64,RESIDENTIAL,PVC,0.5824,False,2026-10-06 07:18:40
DM-02-08-04-02,DM-02-08-04-02,C,ok,ไม่พบสัญญาณผิดปกติเชิงสถิติ (ใช้น้ำตามพฤติกรรมปกติ),01:45,03:45,80.25,80.688,7.264,95.216,87.952,0.0,ทรงตัว,False,29.057,False,False,False,,True,-0.0054,True,False,1,False,False,1.438,34.5,14,2026-10-05,96,True,0.0,0.06692,,34.5,RESIDENTIAL,PVC,0.6383,False,2026-10-06 07:18:40
DM-02-12-01-01,DM-02-12-01-01,C,ok,มีสัญญาณเชิงสถิติ แต่ส่วนเกิน MNF อยู่แค่ 14.3 m³/hr (12.9% ของค่าเฉลี่ยฐาน 111.4 m³/hr) ต่ำกว่าเกณฑ์ปริมาณขั้นต่ำที่ตั้งไว้ (20%) — ยังไม่คุ้มส่งตรวจ เฝ้าดูต่อ,01:45,03:45,125.75,111.429,2.929,117.287,114.358,-0.449,ลดลงเล็กน้อย,False,11.716,True,False,True,3.0,False,0.1285,True,True,8,False,False,10.571,253.71,14,2026-10-05,96,True,0.0,0.00122,,253.71,RESIDENTIAL,PVC,0.5319,False,2026-10-06 07:18:40
DM-02-12-01-02,DM-02-12-01-02,B,watch,CUSUM สะสมเป็นบวกต่อเนื่อง (ยังไม่ Step-up ฉับพลัน),00:15,02:15,194.125,112.446,3.962,120.369,116.408,0.894,เพิ่มขึ้นเล็กน้อย,False,15.846,True,False,True,3.0,False,0.7264,False,False,7,False,False,57.304,1375.29,14,2026-10-05,96,True,0.0,0.1,ไกลจาก RTU (> 2 กม. โดยประมาณ),1375.29,RESIDENTIAL,PVC,0.4839,False,2026-10-06 07:18:40
DM-02-12-01-03,DM-02-12-01-03,C,ok,มีสัญญาณเชิงสถิติ แต่ส่วนเกิน MNF อยู่แค่ 7.0 m³/hr (7.7% ของค่าเฉลี่ยฐาน 91.0 m³/hr) ต่ำกว่าเกณฑ์ปริมาณขั้นต่ำที่ตั้งไว้ (20%) — ยังไม่คุ้มส่งตรวจ เฝ้าดูต่อ,00:15,02:15,98.0,90.982,3.231,97.444,94.213,0.808,เพิ่มขึ้นเล็กน้อย,False,12.924,True,True,True,7.0,False,0.0771,True,True,11,False,False,4.476,107.43,14,2026-10-05,96,True,0.0,0.00321,,107.43,RESIDENTIAL,PVC,0.6383,False,2026-10-06 07:18:40
DM-02-12-02-02,DM-02-12-02-02,C,ok,มีสัญญาณเชิงสถิติ แต่ส่วนเกิน MNF อยู่แค่ 6.7 m³/hr (17.0% ของค่าเฉลี่ยฐาน 39.7 m³/hr) ต่ำกว่าเกณฑ์ปริมาณขั้นต่ำที่ตั้งไว้ (20%) — ยังไม่คุ้มส่งตรวจ เฝ้าดูต่อ,02:00,04:00,46.375,39.652,5.474,50.6,45.126,3.22,เพิ่มขึ้นชัดเจน,True,21.896,False,False,False,,False,0.1696,True,False,1,False,False,6.848,164.36,14,2026-10-05,96,True,0.0,0.00218,,164.36,RESIDENTIAL,PVC,0.6667,False,2026-10-06 07:18:40
DM-02-12-02-03,DM-02-12-02-03,C,ok,MNF ล่าสุด (42.1 m³/hr) / ส่วนเกินเฉลี่ย 3 วัน (+5.4 m³/hr) กลับมาที่ระดับค่าเฉลี่ยฐาน (42.5 m³/hr) แล้ว — ไม่มีน้ำสูญเสียส่วนเกินเหลืออยู่ ถือว่าเหตุการณ์จบ/ซ่อมเสร็จแล้ว จึงไม่ขึ้นเตือน,00:15,02:15,42.062,42.464,4.33,51.125,46.795,-1.167,ลดลงเล็กน้อย,False,17.322,True,False,True,2.0,True,-0.0095,True,False,0,False,False,5.411,129.86,14,2026-10-05,96,True,0.0,0.1,,129.86,RESIDENTIAL,PVC,0.5699,False,2026-10-06 07:18:40
DM-02-12-03-01,DM-02-12-03-01,C,ok,มีสัญญาณเชิงสถิติ แต่ส่วนเกิน MNF อยู่แค่ 5.1 m³/hr (10.6% ของค่าเฉลี่ยฐาน 48.5 m³/hr) ต่ำกว่าเกณฑ์ปริมาณขั้นต่ำที่ตั้งไว้ (20%) — ยังไม่คุ้มส่งตรวจ เฝ้าดูต่อ,01:30,03:30,53.625,48.482,1.235,50.951,49.717,0.179,เพิ่มขึ้นเล็กน้อย,False,4.938,True,False,True,2.0,False,0.1061,True,False,7,False,False,3.476,83.43,14,2026-10-05,96,True,0.0,0.1,,83.43,RESIDENTIAL,PVC,0.6237,False,2026-10-06 07:18:40
DM-02-12-03-02,DM-02-12-03-02,C,ok,MNF ล่าสุด (107.8 m³/hr) / ส่วนเกินเฉลี่ย 3 วัน (-6.5 m³/hr) กลับมาที่ระดับค่าเฉลี่ยฐาน (104.6 m³/hr) แล้ว — ไม่มีน้ำสูญเสียส่วนเกินเหลืออยู่ ถือว่าเหตุการณ์จบ/ซ่อมเสร็จแล้ว จึงไม่ขึ้นเตือน,02:00,04:00,107.75,104.607,3.717,112.041,108.324,-0.537,ลดลงเล็กน้อย,False,14.867,True,False,True,2.0,True,0.03,True,False,0,False,False,0.0,0.0,14,2026-10-05,96,True,0.0,0.1,,0.0,RESIDENTIAL,PVC,0.5745,False,2026-10-06 07:18:40
DM-02-13-01-01,DM-02-13-01-01,C,ok,มีสัญญาณเชิงสถิติ แต่ส่วนเกิน MNF อยู่แค่ 14.7 m³/hr (16.9% ของค่าเฉลี่ยฐาน 87.2 m³/hr) ต่ำกว่าเกณฑ์ปริมาณขั้นต่ำที่ตั้งไว้ (20%) — ยังไม่คุ้มส่งตรวจ เฝ้าดูต่อ,01:30,03:30,101.875,87.179,2.635,92.449,89.814,0.0,ทรงตัว,False,10.54,True,False,True,4.0,False,0.1686,True,True,12,False,False,10.363,248.71,14,2026-10-05,96,True,0.0,5e-05,,248.71,RESIDENTIAL,PVC,0.6915,False,2026-10-06 07:18:40
DM-02-13-02-01,DM-02-13-02-01,C,ok,มีสัญญาณเชิงสถิติ แต่ส่วนเกิน MNF อยู่แค่ 9.3 m³/hr (12.0% ของค่าเฉลี่ยฐาน 77.8 m³/hr) ต่ำกว่าเกณฑ์ปริมาณขั้นต่ำที่ตั้งไว้ (20%) — ยังไม่คุ้มส่งตรวจ เฝ้าดูต่อ,02:00,04:00,87.125,77.786,2.299,82.384,80.085,0.988,เพิ่มขึ้นเล็กน้อย,False,9.197,True,False,True,3.0,False,0.1201,True,False,4,False,False,5.756,138.14,14,2026-10-05,96,True,0.0,0.1,,138.14,RESIDENTIAL,PVC,0.5957,False,2026-10-06 07:18:40
DM-02-13-03-01,DM-02-13-03-01,C,ok,ไม่พบสัญญาณผิดปกติเชิงสถิติ (ใช้น้ำตามพฤติกรรมปกติ),01:15,03:15,38.0,44.25,6.212,56.674,50.462,-0.988,ลดลงเล็กน้อย,False,24.849,False,False,False,,True,-0.1412,True,False,0,False,False,0.0,0.0,14,2026-10-05,96,True,0.0,0.1,,0.0,RESIDENTIAL,PVC,0.5851,False,2026-10-06 07:18:40
DM-02-13-03-02,DM-02-13-03-02,C,ok,ไม่พบสัญญาณผิดปกติเชิงสถิติ (ใช้น้ำตามพฤติกรรมปกติ),00:45,02:45,61.375,62.438,5.696,73.83,68.134,0.0,ทรงตัว,False,22.785,False,False,False,,True,-0.017,True,False,1,True,False,0.0,0.0,14,2026-10-05,96,True,0.0,0.1,,0.0,RESIDENTIAL,PVC,0.6383,False,2026-10-06 07:18:40
DM-02-13-04-01,DM-02-13-04-01,C,ok,ไม่พบสัญญาณผิดปกติเชิงสถิติ (ใช้น้ำตามพฤติกรรมปกติ),02:00,04:00,75.625,72.286,8.092,88.47,80.378,0.358,เพิ่มขึ้นเล็กน้อย,False,32.368,False,False,False,,False,0.0462,True,False,1,False,False,0.798,19.14,14,2026-10-05,96,True,0.0,0.1,,19.14,RESIDENTIAL,PVC,0.617,False,2026-10-06 07:18:40
DM-02-13-04-02,DM-02-13-04-02,C,ok,ไม่พบสัญญาณผิดปกติเชิงสถิติ (ใช้น้ำตามพฤติกรรมปกติ),02:00,04:00,40.5,46.223,6.83,59.884,53.053,-0.808,ลดลงเล็กน้อย,False,27.321,False,False,False,,True,-0.1238,True,False,0,False,False,0.0,0.0,14,2026-10-05,96,True,0.0,0.1,,0.0,RESIDENTIAL,PVC,0.6237,False,2026-10-06 07:18:40
DM-02-13-05-01,DM-02-13-05-01,B,watch,Mann-Kendall ยืนยันแนวโน้มขึ้นต่อเนื่อง,00:15,02:15,112.0,92.054,11.903,115.86,103.957,2.862,เพิ่มขึ้นชัดเจน,True,47.612,True,True,True,5.0,False,0.2167,False,False,2,False,False,17.905,429.71,14,2026-10-05,96,True,0.0,0.0,ใกล้กับ RTU (< 2 กม. โดยประมาณ),429.71,RESIDENTIAL,PVC,0.6022,False,2026-10-06 07:18:40
DM-02-13-06-01,DM-02-13-06-01,C,ok,มีสัญญาณเชิงสถิติ แต่ส่วนเกิน MNF อยู่แค่ 6.1 m³/hr (17.3% ของค่าเฉลี่ยฐาน 35.2 m³/hr) ต่ำกว่าเกณฑ์ปริมาณขั้นต่ำที่ตั้งไว้ (20%) — ยังไม่คุ้มส่งตรวจ เฝ้าดูต่อ,01:45,03:45,41.25,35.17,1.311,37.791,36.48,-1.167,ลดลงเล็กน้อย,False,5.243,True,False,True,2.0,False,0.1729,True,False,3,True,False,3.122,74.93,14,2026-10-05,96,True,0.0,0.0002,,74.93,RESIDENTIAL,PVC,0.5914,False,2026-10-06 07:18:40
DM-02-13-06-02,DM-02-13-06-02,C,ok,ไม่พบสัญญาณผิดปกติเชิงสถิติ (ใช้น้ำตามพฤติกรรมปกติ),01:30,03:30,82.0,64.08,26.429,116.938,90.509,0.0,ทรงตัว,False,105.716,False,False,False,,False,0.2796,False,False,0,False,False,14.211,341.07,14,2026-10-05,96,True,0.0,0.0,,341.07,RESIDENTIAL,PVC,0.5106,False,2026-10-06 07:18:40
DM-02-14-03-01,DM-02-14-03-01,C,ok,MNF ล่าสุด (79.9 m³/hr) / ส่วนเกินเฉลี่ย 3 วัน (+2.6 m³/hr) กลับมาที่ระดับค่าเฉลี่ยฐาน (85.6 m³/hr) แล้ว — ไม่มีน้ำสูญเสียส่วนเกินเหลืออยู่ ถือว่าเหตุการณ์จบ/ซ่อมเสร็จแล้ว จึงไม่ขึ้นเตือน,02:00,04:00,79.875,85.634,7.77,101.174,93.404,1.706,เพิ่มขึ้นชัดเจน,True,31.08,False,False,False,,True,-0.0673,True,False,0,False,False,2.574,61.79,14,2026-10-05,96,True,0.0,0.1,,61.79,RESIDENTIAL,PVC,0.5532,False,2026-10-06 07:18:40
DM-02-14-03-02,DM-02-14-03-02,C,ok,ไม่พบสัญญาณผิดปกติเชิงสถิติ (ใช้น้ำตามพฤติกรรมปกติ),01:00,03:00,86.5,87.339,5.189,97.718,92.528,0.179,เพิ่มขึ้นเล็กน้อย,False,20.757,False,False,False,,True,-0.0096,True,False,0,False,False,0.0,0.0,14,2026-10-05,96,True,1e-05,0.74143,,0.0,RESIDENTIAL,PVC,0.5213,False,2026-10-06 07:18:40
DM-02-14-04-01,DM-02-14-04-01,C,ok,มีสัญญาณเชิงสถิติ แต่ส่วนเกิน MNF อยู่แค่ 8.6 m³/hr (5.7% ของค่าเฉลี่ยฐาน 152.6 m³/hr) ต่ำกว่าเกณฑ์ปริมาณขั้นต่ำที่ตั้งไว้ (20%) — ยังไม่คุ้มส่งตรวจ เฝ้าดูต่อ,07:30,09:30,161.25,152.616,3.05,158.715,155.666,2.245,เพิ่มขึ้นชัดเจน,True,12.198,True,True,True,3.0,False,0.0566,True,True,13,True,False,7.217,173.21,14,2026-10-05,96,True,3e-05,0.01702,,173.21,RESIDENTIAL,PVC,0.5484,False,2026-10-06 07:18:40
DM-02-14-04-02,DM-02-14-04-02,C,ok,ไม่พบสัญญาณผิดปกติเชิงสถิติ (ใช้น้ำตามพฤติกรรมปกติ),01:15,03:15,37.25,35.732,1.789,39.31,37.521,0.988,เพิ่มขึ้นเล็กน้อย,False,7.156,False,False,False,,True,0.0425,True,False,1,True,False,0.0,0.0,14,2026-10-05,96,True,3e-05,0.10351,,0.0,RESIDENTIAL,PVC,0.6596,False,2026-10-06 07:18:40
DM-02-14-04-03,DM-02-14-04-03,C,ok,ไม่พบสัญญาณผิดปกติเชิงสถิติ (ใช้น้ำตามพฤติกรรมปกติ),01:15,03:15,137.875,136.982,9.2,155.382,146.182,0.358,เพิ่มขึ้นเล็กน้อย,False,36.8,False,False,False,,True,0.0065,True,False,0,False,False,0.0,0.0,14,2026-10-05,96,True,0.0,0.1,,0.0,RESIDENTIAL,PVC,0.5532,False,2026-10-06 07:18:40
DM-02-14-04-04,DM-02-14-04-04,C,ok,ไม่พบสัญญาณผิดปกติเชิงสถิติ (ใช้น้ำตามพฤติกรรมปกติ),01:00,03:00,75.75,73.33,2.942,79.214,76.272,-0.091,ลดลงเล็กน้อย,False,11.768,False,False,False,,False,0.033,True,False,1,False,False,1.711,41.07,14,2026-10-05,96,True,0.0,0.1,,41.07,RESIDENTIAL,PVC,0.4783,False,2026-10-06 07:18:40
DM-02-14-05-01,DM-02-14-05-01,C,ok,ไม่พบสัญญาณผิดปกติเชิงสถิติ (ใช้น้ำตามพฤติกรรมปกติ),01:00,03:00,59.562,60.429,1.881,64.191,62.31,-0.187,ลดลงเล็กน้อย,False,7.525,False,False,False,,True,-0.0143,True,False,0,False,False,0.0,0.0,14,2026-10-05,96,True,0.0,0.1,,0.0,RESIDENTIAL,PVC,0.4725,False,2026-10-06 07:18:40
DM-02-14-05-02,DM-02-14-05-02,C,ok,ไม่พบสัญญาณผิดปกติเชิงสถิติ (ใช้น้ำตามพฤติกรรมปกติ),00:15,02:15,100.625,97.991,8.966,115.922,106.957,0.894,เพิ่มขึ้นเล็กน้อย,False,35.863,False,False,False,,True,0.0269,True,False,1,False,False,0.0,0.0,14,2026-10-05,96,True,0.0,0.07846,,0.0,RESIDENTIAL,PVC,0.5376,False,2026-10-06 07:18:40
DM-02-14-06-02,DM-02-14-06-02,C,ok,มีสัญญาณเชิงสถิติ แต่ส่วนเกิน MNF อยู่แค่ 6.6 m³/hr (7.3% ของค่าเฉลี่ยฐาน 91.4 m³/hr) ต่ำกว่าเกณฑ์ปริมาณขั้นต่ำที่ตั้งไว้ (20%) — ยังไม่คุ้มส่งตรวจ เฝ้าดูต่อ,00:00,02:00,98.0,91.375,2.363,96.101,93.738,1.252,เพิ่มขึ้นเล็กน้อย,False,9.453,True,False,True,5.0,False,0.0725,True,False,2,False,False,2.208,53.0,14,2026-10-05,96,True,0.0,0.33141,,53.0,RESIDENTIAL,PVC,0.5806,False,2026-10-06 07:18:40
DM-02-14-07-02,DM-02-14-07-02,C,ok,ไม่พบสัญญาณผิดปกติเชิงสถิติ (ใช้น้ำตามพฤติกรรมปกติ),01:00,03:00,159.125,159.58,3.093,165.767,162.674,0.0,ทรงตัว,False,12.373,False,False,False,,True,-0.0029,True,False,0,False,False,0.0,0.0,14,2026-10-05,96,True,0.0,0.1,,0.0,RESIDENTIAL,PVC,0.5213,False,2026-10-06 07:18:40
DM-02-14-07-03,DM-02-14-07-03,C,ok,MNF ล่าสุด (46.8 m³/hr) / ส่วนเกินเฉลี่ย 3 วัน (+1.0 m³/hr) กลับมาที่ระดับค่าเฉลี่ยฐาน (48.1 m³/hr) แล้ว — ไม่มีน้ำสูญเสียส่วนเกินเหลืออยู่ ถือว่าเหตุการณ์จบ/ซ่อมเสร็จแล้ว จึงไม่ขึ้นเตือน,01:00,03:00,46.75,48.08,3.991,56.062,52.071,-1.968,ลดลงชัดเจน,True,15.964,False,False,False,,True,-0.0277,True,False,2,False,False,1.045,25.07,14,2026-10-05,96,True,0.0,0.01398,,25.07,RESIDENTIAL,PVC,0.6596,False,2026-10-06 07:18:40
DM-02-14-07-05,DM-02-14-07-05,C,ok,MNF ล่าสุด (34.9 m³/hr) / ส่วนเกินเฉลี่ย 3 วัน (-6.7 m³/hr) กลับมาที่ระดับค่าเฉลี่ยฐาน (43.5 m³/hr) แล้ว — ไม่มีน้ำสูญเสียส่วนเกินเหลืออยู่ ถือว่าเหตุการณ์จบ/ซ่อมเสร็จแล้ว จึงไม่ขึ้นเตือน,01:30,03:30,34.875,43.509,2.763,49.034,46.272,-2.147,ลดลงชัดเจน,True,11.051,False,False,False,,True,-0.1984,True,False,1,False,False,0.0,0.0,14,2026-10-05,96,True,0.0,0.1,,0.0,RESIDENTIAL,PVC,0.5638,False,2026-10-06 07:18:40
DM-02-14-08-01,DM-02-14-08-01,C,ok,MNF ล่าสุด (110.8 m³/hr) / ส่วนเกินเฉลี่ย 3 วัน (-57.3 m³/hr) กลับมาที่ระดับค่าเฉลี่ยฐาน (170.2 m³/hr) แล้ว — ไม่มีน้ำสูญเสียส่วนเกินเหลืออยู่ ถือว่าเหตุการณ์จบ/ซ่อมเสร็จแล้ว จึงไม่ขึ้นเตือน,00:30,02:30,110.75,170.161,4.039,178.238,174.199,-2.504,ลดลงชัดเจน,True,16.155,False,False,False,,True,-0.3491,True,False,0,False,False,0.0,0.0,14,2026-10-05,96,True,0.0,0.1,,0.0,RESIDENTIAL,PVC,0.5106,False,2026-10-06 07:18:40
DM-02-14-09-01,DM-02-14-09-01,C,ok,ไม่พบสัญญาณผิดปกติเชิงสถิติ (ใช้น้ำตามพฤติกรรมปกติ),01:45,03:45,187.25,201.411,11.101,223.614,212.512,-1.431,ลดลงเล็กน้อย,False,44.406,False,False,False,,True,-0.0703,True,False,0,False,False,0.0,0.0,14,2026-10-05,96,True,0.0,0.1,,0.0,RESIDENTIAL,PVC,0.5484,False,2026-10-06 07:18:40
DM-02-14-09-02,DM-02-14-09-02,C,ok,ไม่พบสัญญาณผิดปกติเชิงสถิติ (ใช้น้ำตามพฤติกรรมปกติ),01:30,03:30,150.875,141.839,11.974,165.787,153.813,0.537,เพิ่มขึ้นเล็กน้อย,False,47.896,False,False,False,,False,0.0637,True,False,6,True,False,4.161,99.86,14,2026-10-05,96,True,0.0,0.00094,,99.86,RESIDENTIAL,PVC,0.5745,False,2026-10-06 07:18:40
DM-02-15-02-01,DM-02-15-02-01,C,ok,ไม่พบสัญญาณผิดปกติเชิงสถิติ (ใช้น้ำตามพฤติกรรมปกติ),02:15,04:15,108.75,101.161,5.715,112.59,106.876,1.61,เพิ่มขึ้นเล็กน้อย,False,22.859,False,False,False,,False,0.075,True,False,2,True,False,2.964,71.14,14,2026-10-05,96,True,0.0,0.1,,71.14,RESIDENTIAL,PVC,0.5638,False,2026-10-06 07:18:40
DM-02-15-03-01,DM-02-15-03-01,C,ok,ไม่พบสัญญาณผิดปกติเชิงสถิติ (ใช้น้ำตามพฤติกรรมปกติ),02:15,04:15,84.375,88.884,13.107,115.097,101.991,-0.716,ลดลงเล็กน้อย,False,52.427,False,False,False,,True,-0.0507,True,False,0,False,False,0.0,0.0,14,2026-10-05,96,True,0.0,0.1,,0.0,RESIDENTIAL,PVC,0.5213,False,2026-10-06 07:18:40
DM-02-15-04-01,DM-02-15-04-01,C,ok,ไม่พบสัญญาณผิดปกติเชิงสถิติ (ใช้น้ำตามพฤติกรรมปกติ),02:30,04:30,45.875,53.143,8.383,69.909,61.526,-0.894,ลดลงเล็กน้อย,False,33.533,False,False,False,,True,-0.1368,True,False,3,True,False,0.0,0.0,14,2026-10-05,96,True,0.0,0.1,,0.0,RESIDENTIAL,PVC,0.5532,False,2026-10-06 07:18:40
DM-02-15-04-02,DM-02-15-04-02,C,ok,ไม่พบสัญญาณผิดปกติเชิงสถิติ (ใช้น้ำตามพฤติกรรมปกติ),02:15,04:15,34.25,41.241,14.457,70.156,55.699,1.167,เพิ่มขึ้นเล็กน้อย,False,57.83,False,False,False,,True,-0.1695,True,False,2,True,False,0.0,0.0,14,2026-10-05,96,True,0.0,0.1,,0.0,RESIDENTIAL,PVC,0.5745,False,2026-10-06 07:18:40
DM-02-16-01-01,DM-02-16-01-01,C,ok,มีสัญญาณเชิงสถิติ แต่ส่วนเกิน MNF อยู่แค่ 2.3 m³/hr (10.1% ของค่าเฉลี่ยฐาน 22.9 m³/hr) ต่ำกว่าเกณฑ์ปริมาณขั้นต่ำที่ตั้งไว้ (20%) — ยังไม่คุ้มส่งตรวจ เฝ้าดูต่อ,02:00,04:00,25.25,22.929,0.783,24.495,23.712,0.0,ทรงตัว,False,3.132,True,False,True,5.0,False,0.1012,True,False,3,False,False,1.03,24.71,14,2026-10-05,96,True,0.0,0.04097,,24.71,RESIDENTIAL,PVC,0.6774,False,2026-10-06 07:18:40
DM-02-16-02-01,DM-02-16-02-01,C,ok,มีสัญญาณเชิงสถิติ แต่ส่วนเกิน MNF อยู่แค่ 5.0 m³/hr (13.5% ของค่าเฉลี่ยฐาน 37.2 m³/hr) ต่ำกว่าเกณฑ์ปริมาณขั้นต่ำที่ตั้งไว้ (20%) — ยังไม่คุ้มส่งตรวจ เฝ้าดูต่อ,02:00,04:00,42.25,37.232,0.841,38.914,38.073,0.0,ทรงตัว,False,3.364,True,False,True,2.0,False,0.1348,True,True,9,False,False,3.435,82.43,14,2026-10-05,96,True,0.0,0.00034,,82.43,RESIDENTIAL,PVC,0.5914,False,2026-10-06 07:18:40
DM-02-16-02-02,DM-02-16-02-02,B,watch,CUSUM สะสมเป็นบวกต่อเนื่อง (ยังไม่ Step-up ฉับพลัน),01:45,03:45,74.875,51.732,2.947,57.626,54.679,1.252,เพิ่มขึ้นเล็กน้อย,False,11.788,True,True,True,1.0,False,0.4474,False,False,5,False,False,19.143,459.43,14,2026-10-05,96,True,0.0,0.1,ไกลจาก RTU (> 2 กม. โดยประมาณ),459.43,RESIDENTIAL,PVC,0.5699,False,2026-10-06 07:18:40
DM-02-16-03-01,DM-02-16-03-01,C,ok,ไม่พบสัญญาณผิดปกติเชิงสถิติ (ใช้น้ำตามพฤติกรรมปกติ),00:45,02:45,58.5,57.009,6.719,70.447,63.728,1.073,เพิ่มขึ้นเล็กน้อย,False,26.876,False,False,False,,False,0.0262,True,False,7,True,False,0.491,11.79,14,2026-10-05,96,True,0.0,0.1,,11.79,RESIDENTIAL,PVC,0.6522,False,2026-10-06 07:18:40
DM-02-16-04-02,DM-02-16-04-02,C,ok,ไม่พบสัญญาณผิดปกติเชิงสถิติ (ใช้น้ำตามพฤติกรรมปกติ),02:00,04:00,77.75,83.589,12.919,109.427,96.508,0.334,เพิ่มขึ้นเล็กน้อย,False,51.676,False,False,False,,True,-0.0699,True,False,0,False,False,0.0,0.0,14,2026-10-05,96,True,0.0,0.1,,0.0,RESIDENTIAL,PVC,0.4783,False,2026-10-06 07:18:40
DM-02-16-05-01,DM-02-16-05-01,B,watch,Flow สูงกว่าเกณฑ์ต่อเนื่อง 18 intervals พร้อมแรงดันตก แต่ไม่ใช่การเปลี่ยนแปลงฉับพลันใน 1-2 วัน (น่าจะเป็นรั่วที่ดำเนินมาระยะหนึ่งแล้วและขยายจนคงที่) — ควรตรวจสอบโดยเร็วแต่ไม่ใช่เหตุฉุกเฉินแบบท่อแตกใหม่,02:00,04:00,139.125,81.804,6.489,94.782,88.293,0.0,ทรงตัว,False,25.956,True,False,True,5.0,False,0.7007,False,True,18,True,False,23.238,557.71,14,2026-10-05,96,True,0.0,0.00016,ใกล้กับ RTU (< 2 กม. โดยประมาณ),557.71,RESIDENTIAL,PVC,0.4149,False,2026-10-06 07:18:40
DM-02-16-06-02,DM-02-16-06-02,C,ok,มีสัญญาณเชิงสถิติ แต่ส่วนเกิน MNF อยู่แค่ 5.8 m³/hr (16.9% ของค่าเฉลี่ยฐาน 34.1 m³/hr) ต่ำกว่าเกณฑ์ปริมาณขั้นต่ำที่ตั้งไว้ (20%) — ยังไม่คุ้มส่งตรวจ เฝ้าดูต่อ,01:30,03:30,39.875,34.098,1.89,37.878,35.988,0.537,เพิ่มขึ้นเล็กน้อย,False,7.56,True,False,True,4.0,False,0.1694,True,True,12,True,False,5.36,128.64,14,2026-10-05,96,True,0.0,0.00191,,128.64,RESIDENTIAL,PVC,0.6344,False,2026-10-06 07:18:40
DM-02-16-06-03,DM-02-16-06-03,B,watch,Mann-Kendall ยืนยันแนวโน้มขึ้นต่อเนื่อง,02:00,04:00,24.25,18.973,0.966,20.906,19.939,3.22,เพิ่มขึ้นชัดเจน,True,3.865,True,True,True,4.0,False,0.2781,False,False,7,True,False,3.818,91.64,14,2026-10-05,96,True,0.0,0.00285,ไกลจาก RTU (> 2 กม. โดยประมาณ),91.64,RESIDENTIAL,PVC,0.5851,False,2026-10-06 07:18:40
DM-02-16-07-01,DM-02-16-07-01,C,ok,มีสัญญาณเชิงสถิติ แต่ส่วนเกิน MNF อยู่แค่ 6.9 m³/hr (10.0% ของค่าเฉลี่ยฐาน 69.0 m³/hr) ต่ำกว่าเกณฑ์ปริมาณขั้นต่ำที่ตั้งไว้ (20%) — ยังไม่คุ้มส่งตรวจ เฝ้าดูต่อ,02:15,04:15,75.875,69.0,1.97,72.94,70.97,-1.073,ลดลงเล็กน้อย,False,7.881,True,False,True,2.0,False,0.0996,True,False,5,True,False,5.458,131.0,14,2026-10-05,96,True,0.0,0.0031,,131.0,RESIDENTIAL,PVC,0.6237,False,2026-10-06 07:18:40
DM-03-01-01-01,DM-03-01-01-01,C,ok,มีสัญญาณเชิงสถิติ แต่ส่วนเกิน MNF อยู่แค่ 7.7 m³/hr (8.4% ของค่าเฉลี่ยฐาน 92.6 m³/hr) ต่ำกว่าเกณฑ์ปริมาณขั้นต่ำที่ตั้งไว้ (20%) — ยังไม่คุ้มส่งตรวจ เฝ้าดูต่อ,02:30,04:30,100.375,92.634,13.023,118.68,105.657,-0.537,ลดลงเล็กน้อย,False,52.092,True,False,True,1.0,False,0.0836,True,False,0,False,False,1.741,41.79,14,2026-10-05,96,True,0.0,0.1,,41.79,RESIDENTIAL,PVC,0.4787,False,2026-10-06 07:18:40
DM-03-01-02-01,DM-03-01-02-01,B,watch,CUSUM สะสมเป็นบวกต่อเนื่อง (ยังไม่ Step-up ฉับพลัน),02:15,04:15,72.25,45.929,6.008,57.946,51.937,0.0,ทรงตัว,False,24.034,True,True,True,2.0,False,0.5731,False,False,4,True,False,8.405,201.71,14,2026-10-05,96,True,2e-05,0.00107,ไกลจาก RTU (> 2 กม. โดยประมาณ),201.71,RESIDENTIAL,PVC,0.5106,False,2026-10-06 07:18:40
DM-03-01-02-03,DM-03-01-02-03,C,ok,ไม่พบสัญญาณผิดปกติเชิงสถิติ (ใช้น้ำตามพฤติกรรมปกติ),23:00,01:00,32.5,27.08,4.956,36.993,32.037,0.179,เพิ่มขึ้นเล็กน้อย,False,19.825,False,False,False,,True,0.2001,False,False,2,True,False,0.0,0.0,14,2026-10-05,96,True,7e-05,0.0051,,0.0,RESIDENTIAL,PVC,0.5,False,2026-10-06 07:18:40
DM-03-01-04-01,DM-03-01-04-01,C,ok,ไม่พบสัญญาณผิดปกติเชิงสถิติ (ใช้น้ำตามพฤติกรรมปกติ),00:00,02:00,158.375,157.732,49.54,256.812,207.272,0.716,เพิ่มขึ้นเล็กน้อย,False,198.16,False,False,False,,False,0.0041,True,False,1,True,False,11.226,269.43,14,2026-10-05,96,True,0.0,0.1,,269.43,RESIDENTIAL,PVC,0.5269,False,2026-10-06 07:18:40
DM-03-01-06-01,DM-03-01-06-01,C,ok,MNF ล่าสุด (85.1 m³/hr) / ส่วนเกินเฉลี่ย 3 วัน (-7.6 m³/hr) กลับมาที่ระดับค่าเฉลี่ยฐาน (93.8 m³/hr) แล้ว — ไม่มีน้ำสูญเสียส่วนเกินเหลืออยู่ ถือว่าเหตุการณ์จบ/ซ่อมเสร็จแล้ว จึงไม่ขึ้นเตือน,02:00,04:00,85.125,93.848,9.727,113.302,103.575,1.968,เพิ่มขึ้นชัดเจน,True,38.907,False,False,False,,True,-0.093,True,False,0,False,False,0.0,0.0,14,2026-10-05,96,True,1e-05,3.10714,,0.0,RESIDENTIAL,PVC,0.5638,False,2026-10-06 07:18:40
DM-03-01-06-02,DM-03-01-06-02,C,ok,ไม่พบสัญญาณผิดปกติเชิงสถิติ (ใช้น้ำตามพฤติกรรมปกติ),23:45,01:45,49.75,54.812,6.056,66.925,60.869,-0.09,ลดลงเล็กน้อย,False,24.226,False,False,False,,True,-0.0924,True,False,3,True,False,0.0,0.0,14,2026-10-05,96,True,2e-05,1.20966,,0.0,RESIDENTIAL,PVC,0.6277,False,2026-10-06 07:18:40
DM-03-01-08-01,DM-03-01-08-01,C,ok,ไม่พบสัญญาณผิดปกติเชิงสถิติ (ใช้น้ำตามพฤติกรรมปกติ),02:00,04:00,178.125,158.893,12.224,183.34,171.117,1.252,เพิ่มขึ้นเล็กน้อย,False,48.895,False,False,False,,False,0.121,True,False,3,True,False,10.524,252.57,14,2026-10-05,96,True,0.0,0.00184,,252.57,RESIDENTIAL,PVC,0.5638,False,2026-10-06 07:18:40
DM-03-02-01-01,DM-03-02-01-01,C,ok,ไม่พบสัญญาณผิดปกติเชิงสถิติ (ใช้น้ำตามพฤติกรรมปกติ),00:30,02:30,65.375,69.312,6.5,82.313,75.813,0.358,เพิ่มขึ้นเล็กน้อย,False,26.001,False,False,False,,True,-0.0568,True,False,0,False,False,1.812,43.5,14,2026-10-05,96,True,2e-05,10.03571,,43.5,RESIDENTIAL,PVC,0.5319,False,2026-10-06 07:18:40
DM-03-02-02-01,DM-03-02-02-01,C,ok,ไม่พบสัญญาณผิดปกติเชิงสถิติ (ใช้น้ำตามพฤติกรรมปกติ),02:00,04:00,51.125,63.464,9.008,81.48,72.472,0.0,ทรงตัว,False,36.031,False,False,False,,True,-0.1944,True,False,4,False,False,0.0,0.0,14,2026-10-05,96,True,1e-05,1.96429,,0.0,RESIDENTIAL,PVC,0.6596,False,2026-10-06 07:18:40
DM-03-02-03-01,DM-03-02-03-01,C,ok,มีสัญญาณเชิงสถิติ แต่ส่วนเกิน MNF อยู่แค่ 2.0 m³/hr (0.9% ของค่าเฉลี่ยฐาน 214.5 m³/hr) ต่ำกว่าเกณฑ์ปริมาณขั้นต่ำที่ตั้งไว้ (20%) — ยังไม่คุ้มส่งตรวจ เฝ้าดูต่อ,02:30,04:30,216.5,214.464,13.332,241.128,227.796,1.968,เพิ่มขึ้นชัดเจน,True,53.327,False,False,False,,False,0.0095,True,False,5,True,False,4.911,117.86,14,2026-10-05,96,True,0.0,7.32143,,117.86,RESIDENTIAL,PVC,0.5106,False,2026-10-06 07:18:40
DM-03-02-06-01,DM-03-02-06-01,C,ok,ไม่พบสัญญาณผิดปกติเชิงสถิติ (ใช้น้ำตามพฤติกรรมปกติ),02:00,04:00,29.75,31.259,1.4,34.058,32.658,0.269,เพิ่มขึ้นเล็กน้อย,False,5.598,False,False,False,,True,-0.0483,True,False,3,True,False,0.699,16.79,14,2026-10-05,96,True,6e-05,0.92076,,16.79,RESIDENTIAL,PVC,0.4894,False,2026-10-06 07:18:40
DM-03-02-07-01,DM-03-02-07-01,C,ok,ไม่พบสัญญาณผิดปกติเชิงสถิติ (ใช้น้ำตามพฤติกรรมปกติ),02:45,04:45,157.25,163.839,11.341,186.522,175.181,0.449,เพิ่มขึ้นเล็กน้อย,False,45.366,False,False,False,,True,-0.0402,True,False,1,True,False,1.494,35.86,14,2026-10-05,96,True,0.0,0.00633,,35.86,RESIDENTIAL,PVC,0.4946,False,2026-10-06 07:18:40
DM-03-02-09-01,DM-03-02-09-01,C,ok,มีสัญญาณเชิงสถิติ แต่ส่วนเกิน MNF อยู่แค่ 0.9 m³/hr (1.0% ของค่าเฉลี่ยฐาน 97.6 m³/hr) ต่ำกว่าเกณฑ์ปริมาณขั้นต่ำที่ตั้งไว้ (20%) — ยังไม่คุ้มส่งตรวจ เฝ้าดูต่อ,02:15,04:15,98.5,97.562,6.254,110.071,103.817,-0.358,ลดลงเล็กน้อย,False,25.017,True,True,True,5.0,False,0.0096,True,False,1,True,False,7.062,169.5,14,2026-10-05,96,True,1e-05,0.03179,,169.5,RESIDENTIAL,PVC,0.5213,False,2026-10-06 07:18:40
DM-03-03-02-01,DM-03-03-02-01,C,ok,MNF ล่าสุด (87.2 m³/hr) / ส่วนเกินเฉลี่ย 3 วัน (-24.6 m³/hr) กลับมาที่ระดับค่าเฉลี่ยฐาน (105.6 m³/hr) แล้ว — ไม่มีน้ำสูญเสียส่วนเกินเหลืออยู่ ถือว่าเหตุการณ์จบ/ซ่อมเสร็จแล้ว จึงไม่ขึ้นเตือน,02:45,04:45,87.25,105.625,29.599,164.822,135.224,1.706,เพิ่มขึ้นชัดเจน,True,118.395,False,False,False,,True,-0.174,True,False,3,True,False,0.0,0.0,14,2026-10-05,96,True,1e-05,0.00114,,0.0,RESIDENTIAL,PVC,0.4681,False,2026-10-06 07:18:40
DM-03-03-02-02,DM-03-03-02-02,A,alert,Flow สูงกว่าเกณฑ์ต่อเนื่อง 15 intervals + CUSUM ขยับฐานฉับพลันและเพิ่งตัดเกณฑ์ใน 7 วันล่าสุด + แรงดันตกยืนยัน,02:30,04:30,194.0,128.714,10.31,149.334,139.024,2.963,เพิ่มขึ้นชัดเจน,True,41.239,True,True,True,2.0,False,0.5072,False,True,15,True,False,59.411,1425.86,14,2026-10-05,96,True,1e-05,5.5,ไกลจาก RTU (> 2 กม. โดยประมาณ),1425.86,RESIDENTIAL,PVC,0.5957,False,2026-10-06 07:18:40
DM-03-03-03-01,DM-03-03-03-01,C,ok,ไม่พบสัญญาณผิดปกติเชิงสถิติ (ใช้น้ำตามพฤติกรรมปกติ),02:30,04:30,25.375,33.357,3.499,40.355,36.856,-0.449,ลดลงเล็กน้อย,False,13.996,False,False,False,,True,-0.2393,True,False,1,True,False,0.0,0.0,14,2026-10-05,96,True,0.00013,48.28571,,0.0,RESIDENTIAL,PVC,0.4894,False,2026-10-06 07:18:40
DM-03-03-03-02,DM-03-03-03-02,C,ok,ไม่พบสัญญาณผิดปกติเชิงสถิติ (ใช้น้ำตามพฤติกรรมปกติ),02:15,04:15,86.875,94.643,6.486,107.615,101.129,1.073,เพิ่มขึ้นเล็กน้อย,False,25.945,False,False,False,,True,-0.0821,True,False,1,True,False,0.0,0.0,14,2026-10-05,96,True,1e-05,25.28571,,0.0,RESIDENTIAL,PVC,0.5376,False,2026-10-06 07:18:40
DM-03-03-04-02,DM-03-03-04-02,C,ok,MNF ล่าสุด (112.0 m³/hr) / ส่วนเกินเฉลี่ย 3 วัน (+8.3 m³/hr) กลับมาที่ระดับค่าเฉลี่ยฐาน (116.8 m³/hr) แล้ว — ไม่มีน้ำสูญเสียส่วนเกินเหลืออยู่ ถือว่าเหตุการณ์จบ/ซ่อมเสร็จแล้ว จึงไม่ขึ้นเตือน,02:30,04:30,112.0,116.786,6.583,129.952,123.369,0.716,เพิ่มขึ้นเล็กน้อย,False,26.332,True,True,False,8.0,True,-0.041,True,False,2,True,False,8.298,199.14,14,2026-10-05,96,True,0.0,0.1,,199.14,RESIDENTIAL,PVC,0.5161,False,2026-10-06 07:18:40
DM-03-03-06-01,DM-03-03-06-01,C,ok,มีสัญญาณเชิงสถิติ แต่ส่วนเกิน MNF อยู่แค่ 2.1 m³/hr (3.5% ของค่าเฉลี่ยฐาน 58.7 m³/hr) ต่ำกว่าเกณฑ์ปริมาณขั้นต่ำที่ตั้งไว้ (20%) — ยังไม่คุ้มส่งตรวจ เฝ้าดูต่อ,03:00,05:00,60.75,58.679,5.856,70.39,64.534,-0.537,ลดลงเล็กน้อย,False,23.423,True,False,True,5.0,False,0.0353,True,False,2,True,False,4.196,100.71,14,2026-10-05,96,True,2e-05,0.00692,,100.71,RESIDENTIAL,PVC,0.4894,False,2026-10-06 07:18:40
DM-03-03-06-02,DM-03-03-06-02,C,ok,มีสัญญาณเชิงสถิติ แต่ส่วนเกิน MNF อยู่แค่ 0.1 m³/hr (0.6% ของค่าเฉลี่ยฐาน 24.1 m³/hr) ต่ำกว่าเกณฑ์ปริมาณขั้นต่ำที่ตั้งไว้ (20%) — ยังไม่คุ้มส่งตรวจ เฝ้าดูต่อ,01:45,03:45,24.25,24.107,0.701,25.508,24.808,1.886,เพิ่มขึ้นชัดเจน,True,2.802,True,True,True,1.0,False,0.0059,True,False,1,True,False,1.143,27.43,14,2026-10-05,96,True,0.0002,1.07205,,27.43,RESIDENTIAL,PVC,0.6064,False,2026-10-06 07:18:40
DM-03-03-07-01,DM-03-03-07-01,C,ok,มีสัญญาณเชิงสถิติ แต่ส่วนเกิน MNF อยู่แค่ 0.1 m³/hr (0.3% ของค่าเฉลี่ยฐาน 44.9 m³/hr) ต่ำกว่าเกณฑ์ปริมาณขั้นต่ำที่ตั้งไว้ (20%) — ยังไม่คุ้มส่งตรวจ เฝ้าดูต่อ,03:00,05:00,45.0,44.866,3.144,51.153,48.01,0.894,เพิ่มขึ้นเล็กน้อย,False,12.575,True,False,True,3.0,False,0.003,True,False,3,True,False,9.342,224.21,14,2026-10-05,96,True,5e-05,5.62286,,224.21,RESIDENTIAL,PVC,0.5269,False,2026-10-06 07:18:40
DM-03-03-07-02,DM-03-03-07-02,C,ok,ไม่พบสัญญาณผิดปกติเชิงสถิติ (ใช้น้ำตามพฤติกรรมปกติ),02:30,04:30,77.875,84.107,3.788,91.682,87.895,-0.537,ลดลงเล็กน้อย,False,15.15,False,False,False,,True,-0.0741,True,False,4,True,False,0.0,0.0,14,2026-10-05,96,True,2e-05,22.73679,,0.0,RESIDENTIAL,PVC,0.5699,False,2026-10-06 07:18:40
DM-03-03-08-01,DM-03-03-08-01,C,ok,ไม่พบสัญญาณผิดปกติเชิงสถิติ (ใช้น้ำตามพฤติกรรมปกติ),03:15,05:15,51.75,58.411,4.544,67.499,62.955,0.894,เพิ่มขึ้นเล็กน้อย,False,18.176,False,False,False,,True,-0.114,True,False,2,True,False,0.298,7.14,14,2026-10-05,96,True,3e-05,3.03571,,7.14,RESIDENTIAL,PVC,0.4468,False,2026-10-06 07:18:40
DM-03-03-10-01,DM-03-03-10-01,C,ok,ไม่พบสัญญาณผิดปกติเชิงสถิติ (ใช้น้ำตามพฤติกรรมปกติ),03:00,05:00,40.75,44.973,5.08,55.133,50.053,0.541,เพิ่มขึ้นเล็กน้อย,False,20.32,False,False,False,,True,-0.0939,True,False,5,True,False,0.0,0.0,14,2026-10-05,96,True,3e-05,2.25616,,0.0,RESIDENTIAL,PVC,0.4043,False,2026-10-06 07:18:40
DM-03-03-10-02,DM-03-03-10-02,C,ok,ไม่พบสัญญาณผิดปกติเชิงสถิติ (ใช้น้ำตามพฤติกรรมปกติ),01:30,03:30,29.625,33.201,8.732,50.665,41.933,-0.716,ลดลงเล็กน้อย,False,34.928,False,False,False,,True,-0.1077,True,False,3,True,False,0.0,0.0,14,2026-10-05,96,True,5e-05,0.02163,,0.0,RESIDENTIAL,PVC,0.5,False,2026-10-06 07:18:40
DM-03-03-12-01,DM-03-03-12-01,C,ok,ไม่พบสัญญาณผิดปกติเชิงสถิติ (ใช้น้ำตามพฤติกรรมปกติ),02:30,04:30,166.5,175.768,9.773,195.313,185.541,-0.537,ลดลงเล็กน้อย,False,39.091,False,False,False,,True,-0.0527,True,False,0,False,False,0.0,0.0,14,2026-10-05,96,True,0.0,12.14286,,0.0,RESIDENTIAL,PVC,0.5319,False,2026-10-06 07:18:40
DM-03-03-13-02,DM-03-03-13-02,C,ok,มีสัญญาณเชิงสถิติ แต่ส่วนเกิน MNF อยู่แค่ 2.2 m³/hr (3.9% ของค่าเฉลี่ยฐาน 55.6 m³/hr) ต่ำกว่าเกณฑ์ปริมาณขั้นต่ำที่ตั้งไว้ (20%) — ยังไม่คุ้มส่งตรวจ เฝ้าดูต่อ,01:30,03:30,57.75,55.58,6.922,69.424,62.502,0.537,เพิ่มขึ้นเล็กน้อย,False,27.687,True,False,True,3.0,False,0.039,True,False,0,False,False,6.42,154.07,14,2026-10-05,96,True,4e-05,0.1,,154.07,RESIDENTIAL,PVC,0.4891,False,2026-10-06 07:18:40
DM-03-04-02-01,DM-03-04-02-01,C,ok,มีสัญญาณเชิงสถิติ แต่ส่วนเกิน MNF อยู่แค่ 3.4 m³/hr (2.5% ของค่าเฉลี่ยฐาน 132.5 m³/hr) ต่ำกว่าเกณฑ์ปริมาณขั้นต่ำที่ตั้งไว้ (20%) — ยังไม่คุ้มส่งตรวจ เฝ้าดูต่อ,02:15,04:15,135.875,132.5,5.398,143.296,137.898,0.0,ทรงตัว,False,21.592,True,False,True,2.0,False,0.0255,True,False,2,True,False,1.375,33.0,14,2026-10-05,96,True,1e-05,9.35714,,33.0,RESIDENTIAL,PVC,0.5426,False,2026-10-06 07:18:40
DM-03-04-03-01,DM-03-04-03-01,C,ok,มีสัญญาณเชิงสถิติ แต่ส่วนเกิน MNF อยู่แค่ 1.8 m³/hr (1.0% ของค่าเฉลี่ยฐาน 176.3 m³/hr) ต่ำกว่าเกณฑ์ปริมาณขั้นต่ำที่ตั้งไว้ (20%) — ยังไม่คุ้มส่งตรวจ เฝ้าดูต่อ,02:30,04:30,178.125,176.286,7.949,192.184,184.235,2.328,เพิ่มขึ้นชัดเจน,True,31.797,False,False,False,,False,0.0104,True,False,0,False,False,1.839,44.14,14,2026-10-05,96,True,0.0,0.07722,,44.14,RESIDENTIAL,PVC,0.5761,False,2026-10-06 07:18:40
DM-03-04-06-01,DM-03-04-06-01,C,ok,MNF ล่าสุด (75.8 m³/hr) / ส่วนเกินเฉลี่ย 3 วัน (+0.2 m³/hr) กลับมาที่ระดับค่าเฉลี่ยฐาน (81.8 m³/hr) แล้ว — ไม่มีน้ำสูญเสียส่วนเกินเหลืออยู่ ถือว่าเหตุการณ์จบ/ซ่อมเสร็จแล้ว จึงไม่ขึ้นเตือน,02:30,04:30,75.75,81.804,4.302,90.407,86.105,0.0,ทรงตัว,False,17.206,True,False,True,4.0,True,-0.074,True,False,0,False,False,0.155,3.71,14,2026-10-05,96,True,2e-05,12.12254,,3.71,RESIDENTIAL,PVC,0.5426,False,2026-10-06 07:18:40
DM-03-04-07-01,DM-03-04-07-01,C,ok,ไม่พบสัญญาณผิดปกติเชิงสถิติ (ใช้น้ำตามพฤติกรรมปกติ),03:30,05:30,33.25,41.446,9.815,61.076,51.261,-1.167,ลดลงเล็กน้อย,False,39.259,False,False,False,,True,-0.1978,True,False,2,False,False,0.429,10.29,14,2026-10-05,96,True,5e-05,0.15859,,10.29,RESIDENTIAL,PVC,0.5106,False,2026-10-06 07:18:40
DM-03-05-01-01,DM-03-05-01-01,C,ok,ไม่พบสัญญาณผิดปกติเชิงสถิติ (ใช้น้ำตามพฤติกรรมปกติ),02:15,04:15,161.375,166.045,5.057,176.159,171.102,1.073,เพิ่มขึ้นเล็กน้อย,False,20.23,False,False,False,,True,-0.0281,True,False,2,True,False,0.997,23.93,14,2026-10-05,96,True,1e-05,27.85714,,23.93,RESIDENTIAL,PVC,0.5319,False,2026-10-06 07:18:40
DM-03-05-02-01,DM-03-05-02-01,C,ok,ไม่พบสัญญาณผิดปกติเชิงสถิติ (ใช้น้ำตามพฤติกรรมปกติ),03:00,05:00,77.125,101.545,9.207,119.959,110.752,-0.537,ลดลงเล็กน้อย,False,36.829,False,False,False,,True,-0.2405,True,False,1,True,False,0.0,0.0,14,2026-10-05,96,True,1e-05,17.67857,,0.0,RESIDENTIAL,PVC,0.5532,False,2026-10-06 07:18:40
DM-03-05-02-02,DM-03-05-02-02,C,ok,ไม่พบสัญญาณผิดปกติเชิงสถิติ (ใช้น้ำตามพฤติกรรมปกติ),02:30,04:30,141.625,150.241,8.011,166.263,158.252,0.716,เพิ่มขึ้นเล็กน้อย,False,32.043,False,False,False,,True,-0.0573,True,False,1,False,False,0.0,0.0,14,2026-10-05,96,True,0.0,0.16901,,0.0,RESIDENTIAL,PVC,0.5269,False,2026-10-06 07:18:40
DM-03-05-03-01,DM-03-05-03-01,C,ok,ไม่พบสัญญาณผิดปกติเชิงสถิติ (ใช้น้ำตามพฤติกรรมปกติ),02:15,04:15,68.0,71.473,2.815,77.104,74.289,1.431,เพิ่มขึ้นเล็กน้อย,False,11.262,False,False,False,,True,-0.0486,True,False,4,True,False,0.0,0.0,14,2026-10-05,96,True,3e-05,0.67286,,0.0,RESIDENTIAL,PVC,0.3936,False,2026-10-06 07:18:40
DM-03-05-04-01,DM-03-05-04-01,C,ok,ไม่พบสัญญาณผิดปกติเชิงสถิติ (ใช้น้ำตามพฤติกรรมปกติ),01:30,03:30,201.125,207.768,7.011,221.79,214.779,1.073,เพิ่มขึ้นเล็กน้อย,False,28.045,False,False,False,,True,-0.032,True,False,0,False,False,0.0,0.0,14,2026-10-05,57,False,0.0,3.9375,,0.0,RESIDENTIAL,PVC,0.4909,False,2026-10-06 07:18:40
DM-03-05-04-02,DM-03-05-04-02,C,ok,ไม่พบสัญญาณผิดปกติเชิงสถิติ (ใช้น้ำตามพฤติกรรมปกติ),14:30,16:30,32.125,34.116,11.382,56.881,45.498,-1.073,ลดลงเล็กน้อย,False,45.53,False,False,False,,True,-0.0584,True,False,1,False,False,8.009,192.21,14,2026-10-05,96,True,0.0002,14.0,,192.21,RESIDENTIAL,PVC,0.5851,False,2026-10-06 07:18:40
DM-03-05-05-01,DM-03-05-05-01,C,ok,ไม่พบสัญญาณผิดปกติเชิงสถิติ (ใช้น้ำตามพฤติกรรมปกติ),02:30,04:30,180.25,198.071,7.813,213.697,205.884,0.179,เพิ่มขึ้นเล็กน้อย,False,31.251,False,False,False,,True,-0.09,True,False,0,False,False,0.0,0.0,14,2026-10-05,96,True,0.0,24.21429,,0.0,RESIDENTIAL,PVC,0.5,False,2026-10-06 07:18:40
DM-03-05-06-03,DM-03-05-06-03,C,ok,MNF ล่าสุด (38.1 m³/hr) / ส่วนเกินเฉลี่ย 3 วัน (+1.2 m³/hr) กลับมาที่ระดับค่าเฉลี่ยฐาน (39.7 m³/hr) แล้ว — ไม่มีน้ำสูญเสียส่วนเกินเหลืออยู่ ถือว่าเหตุการณ์จบ/ซ่อมเสร็จแล้ว จึงไม่ขึ้นเตือน,03:15,05:15,38.125,39.652,1.87,43.391,41.522,0.358,เพิ่มขึ้นเล็กน้อย,False,7.479,True,True,True,7.0,True,-0.0385,True,False,1,False,False,1.182,28.36,14,2026-10-05,96,True,6e-05,0.10236,,28.36,RESIDENTIAL,PVC,0.4681,False,2026-10-06 07:18:40
DM-03-05-06-04,DM-03-05-06-04,C,ok,ไม่พบสัญญาณผิดปกติเชิงสถิติ (ใช้น้ำตามพฤติกรรมปกติ),02:15,04:15,218.875,231.625,13.513,258.65,245.138,0.537,เพิ่มขึ้นเล็กน้อย,False,54.051,False,False,False,,True,-0.055,True,False,1,False,False,6.667,160.0,14,2026-10-05,96,True,0.0,0.1,,160.0,RESIDENTIAL,PVC,0.5532,False,2026-10-06 07:18:40
DM-03-05-08-01,DM-03-05-08-01,C,ok,มีสัญญาณเชิงสถิติ แต่ส่วนเกิน MNF อยู่แค่ 9.4 m³/hr (10.8% ของค่าเฉลี่ยฐาน 87.0 m³/hr) ต่ำกว่าเกณฑ์ปริมาณขั้นต่ำที่ตั้งไว้ (20%) — ยังไม่คุ้มส่งตรวจ เฝ้าดูต่อ,02:15,04:15,96.375,86.982,3.843,94.668,90.825,0.716,เพิ่มขึ้นเล็กน้อย,False,15.371,True,False,True,1.0,False,0.108,True,False,2,False,False,5.643,135.43,14,2026-10-05,96,True,1e-05,0.1,,135.43,RESIDENTIAL,PVC,0.6559,False,2026-10-06 07:18:40
DM-03-05-10-01,DM-03-05-10-01,C,ok,ไม่พบสัญญาณผิดปกติเชิงสถิติ (ใช้น้ำตามพฤติกรรมปกติ),02:30,04:30,112.5,201.268,7.103,215.474,208.371,-0.629,ลดลงเล็กน้อย,False,28.411,False,False,False,,True,-0.441,True,False,0,False,False,0.0,0.0,14,2026-10-05,96,True,0.0,0.1,,0.0,RESIDENTIAL,PVC,0.5638,False,2026-10-06 07:18:40
DM-03-05-11-01,DM-03-05-11-01,C,ok,ไม่พบสัญญาณผิดปกติเชิงสถิติ (ใช้น้ำตามพฤติกรรมปกติ),02:45,04:45,116.0,133.107,15.226,163.56,148.334,0.179,เพิ่มขึ้นเล็กน้อย,False,60.906,False,False,False,,True,-0.1285,True,False,2,True,False,0.0,0.0,14,2026-10-05,96,True,1e-05,13.85714,,0.0,RESIDENTIAL,PVC,0.5319,False,2026-10-06 07:18:40
DM-03-05-12-01,DM-03-05-12-01,C,ok,ไม่พบสัญญาณผิดปกติเชิงสถิติ (ใช้น้ำตามพฤติกรรมปกติ),02:15,04:15,224.625,215.134,32.388,279.91,247.522,1.431,เพิ่มขึ้นเล็กน้อย,False,129.552,False,False,False,,False,0.0441,True,False,0,False,False,3.199,76.79,14,2026-10-05,96,True,0.0,0.01585,,76.79,RESIDENTIAL,PVC,0.5269,False,2026-10-06 07:18:40
DM-03-06-02-01,DM-03-06-02-01,C,ok,ไม่พบสัญญาณผิดปกติเชิงสถิติ (ใช้น้ำตามพฤติกรรมปกติ),17:45,19:45,162.875,162.339,17.442,197.223,179.781,-0.358,ลดลงเล็กน้อย,False,69.768,False,False,False,,False,0.0033,True,False,0,False,False,9.661,231.86,14,2026-10-05,96,True,3e-05,31.57143,,231.86,RESIDENTIAL,PVC,0.4468,False,2026-10-06 07:18:40
DM-03-06-02-02,DM-03-06-02-02,C,ok,ไม่พบสัญญาณผิดปกติเชิงสถิติ (ใช้น้ำตามพฤติกรรมปกติ),00:00,02:00,122.5,136.929,6.166,149.261,143.095,-1.073,ลดลงเล็กน้อย,False,24.664,False,False,False,,True,-0.1054,True,False,1,False,False,0.0,0.0,14,2026-10-05,96,True,1e-05,26.39286,,0.0,RESIDENTIAL,PVC,0.5851,False,2026-10-06 07:18:40
DM-03-06-03-01,DM-03-06-03-01,C,ok,MNF ล่าสุด (268.0 m³/hr) / ส่วนเกินเฉลี่ย 3 วัน (-0.1 m³/hr) กลับมาที่ระดับค่าเฉลี่ยฐาน (268.4 m³/hr) แล้ว — ไม่มีน้ำสูญเสียส่วนเกินเหลืออยู่ ถือว่าเหตุการณ์จบ/ซ่อมเสร็จแล้ว จึงไม่ขึ้นเตือน,02:00,04:00,268.0,268.375,11.941,292.257,280.316,-1.789,ลดลงชัดเจน,True,47.765,True,True,True,5.0,True,-0.0014,True,False,1,False,False,0.0,0.0,14,2026-10-05,96,True,0.0,26.57143,,0.0,RESIDENTIAL,PVC,0.5484,False,2026-10-06 07:18:40
DM-03-06-04-02,DM-03-06-04-02,C,ok,MNF ล่าสุด (53.1 m³/hr) / ส่วนเกินเฉลี่ย 3 วัน (-3.2 m³/hr) กลับมาที่ระดับค่าเฉลี่ยฐาน (55.9 m³/hr) แล้ว — ไม่มีน้ำสูญเสียส่วนเกินเหลืออยู่ ถือว่าเหตุการณ์จบ/ซ่อมเสร็จแล้ว จึงไม่ขึ้นเตือน,00:00,02:00,53.125,55.929,4.25,64.428,60.178,-1.431,ลดลงเล็กน้อย,False,16.999,True,True,False,9.0,True,-0.0501,True,False,3,True,False,0.0,0.0,14,2026-10-05,96,True,5e-05,0.38762,,0.0,RESIDENTIAL,PVC,0.5319,False,2026-10-06 07:18:40
DM-03-06-04-03,DM-03-06-04-03,C,ok,มีสัญญาณเชิงสถิติ แต่ส่วนเกิน MNF อยู่แค่ 0.9 m³/hr (2.7% ของค่าเฉลี่ยฐาน 33.5 m³/hr) ต่ำกว่าเกณฑ์ปริมาณขั้นต่ำที่ตั้งไว้ (20%) — ยังไม่คุ้มส่งตรวจ เฝ้าดูต่อ,02:30,04:30,34.375,33.473,3.225,39.924,36.698,1.431,เพิ่มขึ้นเล็กน้อย,False,12.901,True,True,True,6.0,False,0.0269,True,False,7,True,False,5.11,122.64,14,2026-10-05,96,True,4e-05,0.0009,,122.64,RESIDENTIAL,PVC,0.5851,False,2026-10-06 07:18:40
DM-03-06-05-02,DM-03-06-05-02,C,ok,ไม่พบสัญญาณผิดปกติเชิงสถิติ (ใช้น้ำตามพฤติกรรมปกติ),03:00,05:00,24.625,36.464,11.785,60.034,48.249,-1.61,ลดลงเล็กน้อย,False,47.14,False,False,False,,True,-0.3247,True,False,1,True,False,0.0,0.0,14,2026-10-05,96,True,5e-05,1.67857,,0.0,RESIDENTIAL,PVC,0.4681,False,2026-10-06 07:18:40
DM-03-06-05-03,DM-03-06-05-03,C,ok,ไม่พบสัญญาณผิดปกติเชิงสถิติ (ใช้น้ำตามพฤติกรรมปกติ),00:15,02:15,92.375,92.375,4.619,101.612,96.994,0.0,ทรงตัว,False,18.475,False,False,False,,True,0.0,True,False,0,False,False,0.0,0.0,14,2026-10-05,68,False,0.0,0.1,,0.0,RESIDENTIAL,PVC,,False,2026-10-06 07:18:40
DM-03-06-07-01,DM-03-06-07-01,C,ok,MNF ล่าสุด (63.1 m³/hr) / ส่วนเกินเฉลี่ย 3 วัน (-9.0 m³/hr) กลับมาที่ระดับค่าเฉลี่ยฐาน (67.4 m³/hr) แล้ว — ไม่มีน้ำสูญเสียส่วนเกินเหลืออยู่ ถือว่าเหตุการณ์จบ/ซ่อมเสร็จแล้ว จึงไม่ขึ้นเตือน,00:15,02:15,63.125,67.411,9.17,85.75,76.58,-1.789,ลดลงชัดเจน,True,36.679,True,False,True,6.0,True,-0.0636,True,False,1,False,False,0.0,0.0,14,2026-10-05,96,True,0.0,0.0065,,0.0,RESIDENTIAL,PVC,0.5213,False,2026-10-06 07:18:40
DM-03-06-07-02,DM-03-06-07-02,C,ok,ไม่พบสัญญาณผิดปกติเชิงสถิติ (ใช้น้ำตามพฤติกรรมปกติ),00:30,02:30,42.625,46.205,7.884,61.973,54.089,-0.716,ลดลงเล็กน้อย,False,31.535,False,False,False,,True,-0.0775,True,False,5,False,False,0.0,0.0,14,2026-10-05,96,True,0.0,0.00729,,0.0,RESIDENTIAL,PVC,0.5978,False,2026-10-06 07:18:40
DM-03-06-08-01,DM-03-06-08-01,C,ok,ไม่พบสัญญาณผิดปกติเชิงสถิติ (ใช้น้ำตามพฤติกรรมปกติ),20:30,22:30,127.0,135.821,13.535,162.891,149.356,-0.716,ลดลงเล็กน้อย,False,54.14,False,False,False,,True,-0.0649,True,False,0,False,False,0.0,0.0,14,2026-10-05,96,True,3e-05,15.46429,,0.0,RESIDENTIAL,PVC,0.5,False,2026-10-06 07:18:40
DM-03-06-08-02,DM-03-06-08-02,C,ok,MNF ล่าสุด (58.8 m³/hr) / ส่วนเกินเฉลี่ย 3 วัน (-61.7 m³/hr) กลับมาที่ระดับค่าเฉลี่ยฐาน (105.4 m³/hr) แล้ว — ไม่มีน้ำสูญเสียส่วนเกินเหลืออยู่ ถือว่าเหตุการณ์จบ/ซ่อมเสร็จแล้ว จึงไม่ขึ้นเตือน,00:15,02:15,58.75,105.42,25.967,157.354,131.387,-2.683,ลดลงชัดเจน,True,103.869,False,False,False,,True,-0.4427,True,False,0,False,False,0.0,0.0,14,2026-10-05,96,True,0.0,0.1,,0.0,RESIDENTIAL,PVC,0.5591,False,2026-10-06 07:18:40
DM-03-06-09-01,DM-03-06-09-01,C,ok,ไม่พบสัญญาณผิดปกติเชิงสถิติ (ใช้น้ำตามพฤติกรรมปกติ),04:45,06:45,1.227,11.372,9.022,29.416,20.394,0.0,ทรงตัว,False,36.089,False,False,False,,True,-0.8921,True,False,0,False,False,0.0,0.0,14,2026-10-05,96,True,8e-05,25.17857,,0.0,RESIDENTIAL,PVC,0.4255,False,2026-10-06 07:18:40
DM-03-06-10-01,DM-03-06-10-01,C,ok,MNF ล่าสุด (1.6 m³/hr) / ส่วนเกินเฉลี่ย 3 วัน (-17.2 m³/hr) กลับมาที่ระดับค่าเฉลี่ยฐาน (21.0 m³/hr) แล้ว — ไม่มีน้ำสูญเสียส่วนเกินเหลืออยู่ ถือว่าเหตุการณ์จบ/ซ่อมเสร็จแล้ว จึงไม่ขึ้นเตือน,00:15,02:15,1.625,21.018,20.271,61.56,41.289,-3.041,ลดลงชัดเจน,True,81.084,True,True,False,9.0,True,-0.9227,True,False,1,True,False,0.0,0.0,14,2026-10-05,96,True,2e-05,0.00221,,0.0,RESIDENTIAL,PVC,0.3936,False,2026-10-06 07:18:40
DM-04-03-01-01,DM-04-03-01-01,C,ok,ไม่พบสัญญาณผิดปกติเชิงสถิติ (ใช้น้ำตามพฤติกรรมปกติ),00:15,02:15,90.75,93.089,3.303,99.695,96.392,-0.449,ลดลงเล็กน้อย,False,13.212,False,False,False,,True,-0.0251,True,False,0,False,False,0.0,0.0,14,2026-10-05,96,True,3e-05,49.78571,,0.0,RESIDENTIAL,PVC,0.5652,False,2026-10-06 07:18:40
DM-04-03-04-01,DM-04-03-04-01,C,ok,ไม่พบสัญญาณผิดปกติเชิงสถิติ (ใช้น้ำตามพฤติกรรมปกติ),00:00,02:00,87.875,89.536,6.419,102.373,95.954,0.0,ทรงตัว,False,25.674,False,False,False,,True,-0.0185,True,False,2,False,False,0.0,0.0,14,2026-10-05,96,True,1e-05,4.03571,,0.0,RESIDENTIAL,PVC,0.4894,False,2026-10-06 07:18:40
DM-04-03-05-01,DM-04-03-05-01,C,ok,ไม่พบสัญญาณผิดปกติเชิงสถิติ (ใช้น้ำตามพฤติกรรมปกติ),02:15,04:15,105.75,102.518,6.521,115.56,109.039,1.431,เพิ่มขึ้นเล็กน้อย,False,26.085,False,False,False,,False,0.0315,True,False,2,True,False,4.149,99.57,14,2026-10-05,96,True,9e-05,0.4281,,99.57,RESIDENTIAL,PVC,0.5745,False,2026-10-06 07:18:40
DM-04-03-07-01,DM-04-03-07-01,C,ok,MNF ล่าสุด (122.4 m³/hr) / ส่วนเกินเฉลี่ย 3 วัน (+3.6 m³/hr) กลับมาที่ระดับค่าเฉลี่ยฐาน (123.7 m³/hr) แล้ว — ไม่มีน้ำสูญเสียส่วนเกินเหลืออยู่ ถือว่าเหตุการณ์จบ/ซ่อมเสร็จแล้ว จึงไม่ขึ้นเตือน,01:15,03:15,122.375,123.741,5.573,134.888,129.314,-1.789,ลดลงชัดเจน,True,22.293,True,False,False,8.0,True,-0.011,True,False,1,False,False,3.592,86.21,14,2026-10-05,96,True,1e-05,1.89286,,86.21,RESIDENTIAL,PVC,0.5319,False,2026-10-06 07:18:40
DM-04-03-08-01,DM-04-03-08-01,C,ok,ไม่พบสัญญาณผิดปกติเชิงสถิติ (ใช้น้ำตามพฤติกรรมปกติ),04:45,06:45,20.0,23.384,9.388,42.159,32.771,-0.179,ลดลงเล็กน้อย,False,37.55,False,False,False,,True,-0.1447,True,False,0,False,False,9.116,218.79,14,2026-10-05,96,True,0.00029,16.82143,,218.79,RESIDENTIAL,PVC,0.5699,False,2026-10-06 07:18:40
DM-04-03-09-01,DM-04-03-09-01,C,ok,ไม่พบสัญญาณผิดปกติเชิงสถิติ (ใช้น้ำตามพฤติกรรมปกติ),23:15,01:15,180.75,176.08,9.738,195.556,185.818,0.358,เพิ่มขึ้นเล็กน้อย,False,38.951,False,False,False,,False,0.0265,True,False,1,False,False,4.628,111.07,14,2026-10-05,96,True,0.0,2.14286,,111.07,RESIDENTIAL,PVC,0.5213,False,2026-10-06 07:18:40
DM-04-03-10-01,DM-04-03-10-01,C,ok,ไม่พบสัญญาณผิดปกติเชิงสถิติ (ใช้น้ำตามพฤติกรรมปกติ),00:00,02:00,147.5,157.295,8.477,174.248,165.771,1.073,เพิ่มขึ้นเล็กน้อย,False,33.906,False,False,False,,True,-0.0623,True,False,2,True,False,1.205,28.93,14,2026-10-05,96,True,0.0,1.57143,,28.93,RESIDENTIAL,PVC,0.663,False,2026-10-06 07:18:40
DM-04-03-11-01,DM-04-03-11-01,C,ok,MNF ล่าสุด (117.8 m³/hr) / ส่วนเกินเฉลี่ย 3 วัน (-1.4 m³/hr) กลับมาที่ระดับค่าเฉลี่ยฐาน (120.6 m³/hr) แล้ว — ไม่มีน้ำสูญเสียส่วนเกินเหลืออยู่ ถือว่าเหตุการณ์จบ/ซ่อมเสร็จแล้ว จึงไม่ขึ้นเตือน,02:30,04:30,117.75,120.58,6.265,133.11,126.845,-0.894,ลดลงเล็กน้อย,False,25.06,True,True,True,5.0,True,-0.0235,True,False,3,True,False,0.0,0.0,14,2026-10-05,96,True,1e-05,0.1584,,0.0,RESIDENTIAL,PVC,0.5269,False,2026-10-06 07:18:40
DM-04-03-12-01,DM-04-03-12-01,C,ok,เคยมีสัญญาณผิดปกติ (Mann-Kendall/CUSUM สะสม) แต่ MNF ล่าสุด (91.4) ลดลงมาต่ำกว่า 70% ของพีคล่าสุด (107.0) แล้ว — น่าจะเป็นเหตุการณ์ที่จบไปแล้ว/ซ่อมเสร็จแล้ว จึงไม่ขึ้นเตือน,02:30,04:30,91.375,73.161,19.697,112.554,92.857,1.968,เพิ่มขึ้นชัดเจน,True,78.787,False,False,False,,False,0.249,False,False,4,True,False,27.006,648.14,14,2026-10-05,96,True,1e-05,0.00021,,648.14,RESIDENTIAL,PVC,0.4149,False,2026-10-06 07:18:40
DM-04-05-01-01,DM-04-05-01-01,C,ok,ไม่พบสัญญาณผิดปกติเชิงสถิติ (ใช้น้ำตามพฤติกรรมปกติ),01:15,03:15,93.312,92.25,13.067,118.384,105.317,-0.576,ลดลงเล็กน้อย,False,52.269,False,False,False,,False,0.0115,True,False,0,False,False,1.062,25.5,14,2026-10-05,96,True,0.0,0.1,,25.5,RESIDENTIAL,PVC,0.6237,False,2026-10-06 07:18:40
DM-04-05-02-01,DM-04-05-02-01,A,alert,Flow สูงกว่าเกณฑ์ต่อเนื่อง 20 intervals + CUSUM ขยับฐานฉับพลันและเพิ่งตัดเกณฑ์ใน 7 วันล่าสุด + แรงดันตกยืนยัน,02:45,04:45,89.0,63.821,5.126,74.073,68.947,2.411,เพิ่มขึ้นชัดเจน,True,20.504,True,True,True,1.0,False,0.3945,False,True,20,True,False,25.179,604.29,14,2026-10-05,96,True,2e-05,1.53571,ไกลจาก RTU (> 2 กม. โดยประมาณ),604.29,RESIDENTIAL,PVC,0.4149,False,2026-10-06 07:18:40
DM-04-05-03-01,DM-04-05-03-01,C,ok,ไม่พบสัญญาณผิดปกติเชิงสถิติ (ใช้น้ำตามพฤติกรรมปกติ),01:00,03:00,89.125,86.554,4.305,95.163,90.858,0.988,เพิ่มขึ้นเล็กน้อย,False,17.219,False,False,False,,False,0.0297,True,False,3,False,False,3.071,73.71,14,2026-10-05,96,True,1e-05,0.05857,,73.71,RESIDENTIAL,PVC,0.6596,False,2026-10-06 07:18:40
DM-04-05-04-01,DM-04-05-04-01,C,ok,MNF ล่าสุด (161.9 m³/hr) / ส่วนเกินเฉลี่ย 3 วัน (-2.7 m³/hr) กลับมาที่ระดับค่าเฉลี่ยฐาน (164.6 m³/hr) แล้ว — ไม่มีน้ำสูญเสียส่วนเกินเหลืออยู่ ถือว่าเหตุการณ์จบ/ซ่อมเสร็จแล้ว จึงไม่ขึ้นเตือน,00:00,02:00,161.938,164.643,9.812,184.267,174.455,2.306,เพิ่มขึ้นชัดเจน,True,39.249,False,False,False,,True,-0.0164,True,False,0,False,False,0.0,0.0,14,2026-10-05,96,True,0.0,0.1,,0.0,RESIDENTIAL,PVC,0.2979,False,2026-10-06 07:18:40
DM-04-05-08-01,DM-04-05-08-01,C,ok,มีสัญญาณเชิงสถิติ แต่ส่วนเกิน MNF อยู่แค่ 23.1 m³/hr (17.0% ของค่าเฉลี่ยฐาน 135.8 m³/hr) ต่ำกว่าเกณฑ์ปริมาณขั้นต่ำที่ตั้งไว้ (20%) — ยังไม่คุ้มส่งตรวจ เฝ้าดูต่อ,02:30,04:30,158.875,135.768,8.768,153.304,144.536,2.683,เพิ่มขึ้นชัดเจน,True,35.072,True,True,True,3.0,False,0.1702,True,True,8,True,False,16.565,397.57,14,2026-10-05,96,True,0.0,0.001,,397.57,RESIDENTIAL,PVC,0.5106,False,2026-10-06 07:18:40
DM-04-05-09-01,DM-04-05-09-01,C,ok,มีสัญญาณเชิงสถิติ แต่ส่วนเกิน MNF อยู่แค่ 3.1 m³/hr (5.3% ของค่าเฉลี่ยฐาน 59.5 m³/hr) ต่ำกว่าเกณฑ์ปริมาณขั้นต่ำที่ตั้งไว้ (20%) — ยังไม่คุ้มส่งตรวจ เฝ้าดูต่อ,02:15,04:15,62.625,59.5,3.293,66.087,62.793,2.065,เพิ่มขึ้นชัดเจน,True,13.173,False,False,False,,False,0.0525,True,False,2,False,False,2.375,57.0,14,2026-10-05,57,False,2e-05,3.07143,,57.0,RESIDENTIAL,PVC,0.4444,False,2026-10-06 07:18:40
DM-04-05-10-01,DM-04-05-10-01,C,ok,มีสัญญาณเชิงสถิติ แต่ส่วนเกิน MNF อยู่แค่ 2.1 m³/hr (2.8% ของค่าเฉลี่ยฐาน 73.4 m³/hr) ต่ำกว่าเกณฑ์ปริมาณขั้นต่ำที่ตั้งไว้ (20%) — ยังไม่คุ้มส่งตรวจ เฝ้าดูต่อ,02:15,04:15,75.5,73.446,4.185,81.816,77.631,2.326,เพิ่มขึ้นชัดเจน,True,16.738,False,False,False,,False,0.028,True,False,7,False,False,3.637,87.29,14,2026-10-05,96,True,1e-05,0.01854,,87.29,RESIDENTIAL,PVC,0.5435,False,2026-10-06 07:18:40
DM-04-05-13-01,DM-04-05-13-01,C,ok,MNF ล่าสุด (124.2 m³/hr) / ส่วนเกินเฉลี่ย 3 วัน (-18.1 m³/hr) กลับมาที่ระดับค่าเฉลี่ยฐาน (142.4 m³/hr) แล้ว — ไม่มีน้ำสูญเสียส่วนเกินเหลืออยู่ ถือว่าเหตุการณ์จบ/ซ่อมเสร็จแล้ว จึงไม่ขึ้นเตือน,17:30,19:30,124.25,142.384,12.865,168.113,155.249,-1.729,ลดลงชัดเจน,True,51.459,True,True,True,4.0,True,-0.1274,True,False,0,False,False,0.0,0.0,14,2026-10-05,96,True,0.0,0.1,,0.0,RESIDENTIAL,PVC,0.3298,False,2026-10-06 07:18:40
DM-04-05-14-01,DM-04-05-14-01,C,ok,ไม่พบสัญญาณผิดปกติเชิงสถิติ (ใช้น้ำตามพฤติกรรมปกติ),02:30,04:30,93.375,95.804,8.46,112.725,104.264,1.537,เพิ่มขึ้นเล็กน้อย,False,33.842,False,False,False,,True,-0.0253,True,False,0,False,False,0.0,0.0,14,2026-10-05,96,True,0.0,0.1,,0.0,RESIDENTIAL,PVC,0.5376,False,2026-10-06 07:18:40
DM-04-06-02-01,DM-04-06-02-01,C,ok,ไม่พบสัญญาณผิดปกติเชิงสถิติ (ใช้น้ำตามพฤติกรรมปกติ),01:15,03:15,105.375,106.375,9.418,125.211,115.793,0.808,เพิ่มขึ้นเล็กน้อย,False,37.672,False,False,False,,True,-0.0094,True,False,1,False,False,0.75,18.0,14,2026-10-05,96,True,0.0,0.1,,18.0,RESIDENTIAL,PVC,0.6596,False,2026-10-06 07:18:40
DM-04-06-04-01,DM-04-06-04-01,C,ok,ไม่พบสัญญาณผิดปกติเชิงสถิติ (ใช้น้ำตามพฤติกรรมปกติ),02:00,04:00,68.75,66.848,4.795,76.439,71.643,0.358,เพิ่มขึ้นเล็กน้อย,False,19.181,False,False,False,,False,0.0284,True,False,2,False,False,1.985,47.64,14,2026-10-05,96,True,0.0,0.05469,,47.64,RESIDENTIAL,PVC,0.5806,False,2026-10-06 07:18:40
DM-04-06-05-01,DM-04-06-05-01,C,ok,ไม่พบสัญญาณผิดปกติเชิงสถิติ (ใช้น้ำตามพฤติกรรมปกติ),02:15,04:15,31.125,33.411,2.628,38.666,36.038,-0.179,ลดลงเล็กน้อย,False,10.511,False,False,False,,True,-0.0684,True,False,3,False,False,0.506,12.14,14,2026-10-05,96,True,1e-05,0.64223,,12.14,RESIDENTIAL,PVC,0.6596,False,2026-10-06 07:18:40
DM-04-06-06-01,DM-04-06-06-01,C,ok,ไม่พบสัญญาณผิดปกติเชิงสถิติ (ใช้น้ำตามพฤติกรรมปกติ),01:00,03:00,81.625,97.188,14.434,126.056,111.622,1.431,เพิ่มขึ้นเล็กน้อย,False,57.738,False,False,False,,True,-0.1601,True,False,0,False,False,0.0,0.0,14,2026-10-05,96,True,3e-05,90.35714,,0.0,RESIDENTIAL,PVC,0.5484,False,2026-10-06 07:18:40
DM-04-06-08-01,DM-04-06-08-01,C,ok,MNF ล่าสุด (48.2 m³/hr) / ส่วนเกินเฉลี่ย 3 วัน (-1.2 m³/hr) กลับมาที่ระดับค่าเฉลี่ยฐาน (50.0 m³/hr) แล้ว — ไม่มีน้ำสูญเสียส่วนเกินเหลืออยู่ ถือว่าเหตุการณ์จบ/ซ่อมเสร็จแล้ว จึงไม่ขึ้นเตือน,02:15,04:15,48.25,50.018,2.239,54.497,52.257,0.0,ทรงตัว,False,8.958,True,False,True,2.0,True,-0.0353,True,False,1,False,False,0.0,0.0,14,2026-10-05,96,True,1e-05,3.14286,,0.0,RESIDENTIAL,PVC,0.5638,False,2026-10-06 07:18:40
DM-04-06-10-01,DM-04-06-10-01,C,ok,ไม่พบสัญญาณผิดปกติเชิงสถิติ (ใช้น้ำตามพฤติกรรมปกติ),01:45,03:45,42.5,45.009,2.655,50.319,47.664,0.629,เพิ่มขึ้นเล็กน้อย,False,10.619,False,False,False,,True,-0.0557,True,False,1,True,False,0.0,0.0,14,2026-10-05,96,True,0.0007,62.14286,,0.0,RESIDENTIAL,PVC,0.4839,False,2026-10-06 07:18:40
DM-04-06-12-01,DM-04-06-12-01,C,ok,มีสัญญาณเชิงสถิติ แต่ส่วนเกิน MNF อยู่แค่ 2.6 m³/hr (1.9% ของค่าเฉลี่ยฐาน 132.1 m³/hr) ต่ำกว่าเกณฑ์ปริมาณขั้นต่ำที่ตั้งไว้ (20%) — ยังไม่คุ้มส่งตรวจ เฝ้าดูต่อ,02:30,04:30,134.625,132.062,5.949,143.961,138.012,1.431,เพิ่มขึ้นเล็กน้อย,False,23.797,True,True,True,1.0,False,0.0194,True,False,1,True,False,1.604,38.5,14,2026-10-05,96,True,6e-05,225.92857,,38.5,RESIDENTIAL,PVC,0.5638,False,2026-10-06 07:18:40
DM-04-06-13-01,DM-04-06-13-01,C,ok,ไม่พบสัญญาณผิดปกติเชิงสถิติ (ใช้น้ำตามพฤติกรรมปกติ),02:30,04:30,82.125,111.179,9.214,129.606,120.392,-1.61,ลดลงเล็กน้อย,False,36.855,False,False,False,,True,-0.2613,True,False,0,False,False,0.0,0.0,14,2026-10-05,96,True,1e-05,16.17857,,0.0,RESIDENTIAL,PVC,0.4731,False,2026-10-06 07:18:40
DM-04-06-14-01,DM-04-06-14-01,C,ok,ไม่พบสัญญาณผิดปกติเชิงสถิติ (ใช้น้ำตามพฤติกรรมปกติ),01:30,03:30,19.625,23.839,1.949,27.737,25.788,1.082,เพิ่มขึ้นเล็กน้อย,False,7.795,False,False,False,,True,-0.1768,True,False,0,False,False,0.0,0.0,14,2026-10-05,96,True,2e-05,5.03571,,0.0,RESIDENTIAL,PVC,0.6452,False,2026-10-06 07:18:40
DM-04-08-01-01,DM-04-08-01-01,C,ok,มีสัญญาณเชิงสถิติ แต่ส่วนเกิน MNF อยู่แค่ 0.4 m³/hr (1.2% ของค่าเฉลี่ยฐาน 34.7 m³/hr) ต่ำกว่าเกณฑ์ปริมาณขั้นต่ำที่ตั้งไว้ (20%) — ยังไม่คุ้มส่งตรวจ เฝ้าดูต่อ,23:45,01:45,35.125,34.714,1.729,38.172,36.443,1.729,เพิ่มขึ้นชัดเจน,True,6.916,False,False,False,,False,0.0118,True,False,2,False,False,0.411,9.86,14,2026-10-05,96,True,0.0,0.1,,9.86,RESIDENTIAL,PVC,0.5806,False,2026-10-06 07:18:40
DM-04-08-02-01,DM-04-08-02-01,C,ok,ไม่พบสัญญาณผิดปกติเชิงสถิติ (ใช้น้ำตามพฤติกรรมปกติ),02:15,04:15,88.375,128.661,7.966,144.592,136.627,0.269,เพิ่มขึ้นเล็กน้อย,False,31.863,False,False,False,,True,-0.3131,True,False,0,False,False,0.0,0.0,14,2026-10-05,96,True,0.00022,359.5,,0.0,RESIDENTIAL,PVC,0.3478,False,2026-10-06 07:18:40
DM-04-08-03-01,DM-04-08-03-01,C,ok,มีสัญญาณเชิงสถิติ แต่ส่วนเกิน MNF อยู่แค่ 2.4 m³/hr (3.1% ของค่าเฉลี่ยฐาน 77.2 m³/hr) ต่ำกว่าเกณฑ์ปริมาณขั้นต่ำที่ตั้งไว้ (20%) — ยังไม่คุ้มส่งตรวจ เฝ้าดูต่อ,01:30,03:30,79.625,77.205,7.923,93.051,85.128,0.179,เพิ่มขึ้นเล็กน้อย,False,31.691,True,True,True,1.0,False,0.0313,True,False,1,False,False,5.128,123.07,14,2026-10-05,96,True,0.0,0.10311,,123.07,RESIDENTIAL,PVC,0.4574,False,2026-10-06 07:18:40
DM-04-08-05-01,DM-04-08-05-01,C,ok,มีสัญญาณเชิงสถิติ แต่ส่วนเกิน MNF อยู่แค่ 2.1 m³/hr (5.8% ของค่าเฉลี่ยฐาน 35.4 m³/hr) ต่ำกว่าเกณฑ์ปริมาณขั้นต่ำที่ตั้งไว้ (20%) — ยังไม่คุ้มส่งตรวจ เฝ้าดูต่อ,01:45,03:45,37.5,35.429,4.251,43.93,39.679,-2.114,ลดลงชัดเจน,True,17.003,True,False,True,2.0,False,0.0585,True,False,0,False,False,2.071,49.71,14,2026-10-05,96,True,1e-05,0.00309,,49.71,RESIDENTIAL,PVC,0.5914,False,2026-10-06 07:18:40
DM-04-08-06-01,DM-04-08-06-01,C,ok,ไม่พบสัญญาณผิดปกติเชิงสถิติ (ใช้น้ำตามพฤติกรรมปกติ),01:15,03:15,129.875,127.348,10.247,147.842,137.595,0.358,เพิ่มขึ้นเล็กน้อย,False,40.987,False,False,False,,False,0.0198,True,False,5,True,False,9.443,226.64,14,2026-10-05,96,True,7e-05,1.75672,,226.64,RESIDENTIAL,PVC,0.4043,False,2026-10-06 07:18:40
DM-04-08-08-01,DM-04-08-08-01,C,ok,ไม่พบสัญญาณผิดปกติเชิงสถิติ (ใช้น้ำตามพฤติกรรมปกติ),02:30,04:30,40.0,45.58,8.205,61.991,53.786,0.576,เพิ่มขึ้นเล็กน้อย,False,32.821,False,False,False,,True,-0.1224,True,False,0,False,False,0.0,0.0,14,2026-10-05,96,True,0.0,0.1,,0.0,RESIDENTIAL,PVC,0.6739,False,2026-10-06 07:18:40
DM-04-09-01-01,DM-04-09-01-01,C,ok,ไม่พบสัญญาณผิดปกติเชิงสถิติ (ใช้น้ำตามพฤติกรรมปกติ),02:00,04:00,134.5,135.955,12.516,160.987,148.471,1.431,เพิ่มขึ้นเล็กน้อย,False,50.063,False,False,False,,True,-0.0107,True,False,0,False,False,8.045,193.07,14,2026-10-05,96,True,0.0,0.00281,,193.07,RESIDENTIAL,PVC,0.6087,False,2026-10-06 07:18:40
DM-04-09-02-01,DM-04-09-02-01,C,ok,ไม่พบสัญญาณผิดปกติเชิงสถิติ (ใช้น้ำตามพฤติกรรมปกติ),00:15,02:15,38.75,50.812,18.099,87.01,68.911,-0.179,ลดลงเล็กน้อย,False,72.394,False,False,False,,True,-0.2374,True,False,0,False,False,2.771,66.5,14,2026-10-05,96,True,0.001,453.82143,,66.5,RESIDENTIAL,PVC,0.5851,False,2026-10-06 07:18:40
DM-04-09-03-01,DM-04-09-03-01,C,ok,ไม่พบสัญญาณผิดปกติเชิงสถิติ (ใช้น้ำตามพฤติกรรมปกติ),02:30,04:30,30.375,30.571,7.005,44.581,37.576,0.358,เพิ่มขึ้นเล็กน้อย,False,28.019,False,False,False,,True,-0.0064,True,False,1,False,False,0.0,0.0,14,2026-10-05,96,True,0.0,0.1,,0.0,RESIDENTIAL,PVC,0.5426,False,2026-10-06 07:18:40
DM-04-09-05-01,DM-04-09-05-01,C,ok,MNF ล่าสุด (36.6 m³/hr) / ส่วนเกินเฉลี่ย 3 วัน (-2.5 m³/hr) กลับมาที่ระดับค่าเฉลี่ยฐาน (34.5 m³/hr) แล้ว — ไม่มีน้ำสูญเสียส่วนเกินเหลืออยู่ ถือว่าเหตุการณ์จบ/ซ่อมเสร็จแล้ว จึงไม่ขึ้นเตือน,02:00,04:00,36.625,34.518,5.547,45.612,40.065,2.504,เพิ่มขึ้นชัดเจน,True,22.187,False,False,False,,True,0.061,True,False,3,True,False,0.0,0.0,14,2026-10-05,96,True,2e-05,0.03638,,0.0,RESIDENTIAL,PVC,0.5109,False,2026-10-06 07:18:40
DM-04-09-07-02,DM-04-09-07-02,C,ok,ไม่พบสัญญาณผิดปกติเชิงสถิติ (ใช้น้ำตามพฤติกรรมปกติ),01:15,03:15,76.625,85.527,8.088,101.702,93.614,0.179,เพิ่มขึ้นเล็กน้อย,False,32.351,False,False,False,,True,-0.1041,True,False,1,False,False,0.0,0.0,14,2026-10-05,96,True,0.0,0.04463,,0.0,RESIDENTIAL,PVC,0.5376,False,2026-10-06 07:18:40
DM-04-09-08-01,DM-04-09-08-01,C,ok,ไม่พบสัญญาณผิดปกติเชิงสถิติ (ใช้น้ำตามพฤติกรรมปกติ),02:00,04:00,44.25,38.071,7.571,53.214,45.642,0.716,เพิ่มขึ้นเล็กน้อย,False,30.284,False,False,False,,False,0.1623,True,False,2,True,False,0.429,10.29,14,2026-10-05,96,True,0.0,0.1,,10.29,RESIDENTIAL,PVC,0.5106,False,2026-10-06 07:18:40
DM-04-09-10-01,DM-04-09-10-01,C,ok,ไม่พบสัญญาณผิดปกติเชิงสถิติ (ใช้น้ำตามพฤติกรรมปกติ),01:45,03:45,2.25,2.098,1.884,5.867,3.982,1.527,เพิ่มขึ้นเล็กน้อย,False,7.537,False,False,False,,True,0.0723,True,False,1,True,False,0.0,0.0,14,2026-10-05,96,True,3e-05,0.1,,0.0,RESIDENTIAL,PVC,0.5699,False,2026-10-06 07:18:40
DM-04-09-11-01,DM-04-09-11-01,C,ok,ไม่พบสัญญาณผิดปกติเชิงสถิติ (ใช้น้ำตามพฤติกรรมปกติ),01:45,03:45,53.125,61.58,7.229,76.038,68.809,1.61,เพิ่มขึ้นเล็กน้อย,False,28.916,False,False,False,,True,-0.1373,True,False,4,True,False,3.128,75.07,14,2026-10-05,96,True,0.0,0.1,,75.07,RESIDENTIAL,PVC,0.5806,False,2026-10-06 07:18:40
DM-04-09-12-01,DM-04-09-12-01,C,ok,ไม่พบสัญญาณผิดปกติเชิงสถิติ (ใช้น้ำตามพฤติกรรมปกติ),00:00,02:00,108.875,114.714,12.21,139.134,126.924,-0.537,ลดลงเล็กน้อย,False,48.84,False,False,False,,True,-0.0509,True,False,2,True,False,0.0,0.0,14,2026-10-05,96,True,3e-05,0.96634,,0.0,RESIDENTIAL,PVC,0.4255,False,2026-10-06 07:18:40
DM-04-09-14-01,DM-04-09-14-01,C,ok,MNF ล่าสุด (45.2 m³/hr) / ส่วนเกินเฉลี่ย 3 วัน (+7.3 m³/hr) กลับมาที่ระดับค่าเฉลี่ยฐาน (52.1 m³/hr) แล้ว — ไม่มีน้ำสูญเสียส่วนเกินเหลืออยู่ ถือว่าเหตุการณ์จบ/ซ่อมเสร็จแล้ว จึงไม่ขึ้นเตือน,00:00,02:00,45.25,52.112,5.313,62.738,57.425,1.252,เพิ่มขึ้นเล็กน้อย,False,21.252,True,True,True,3.0,True,-0.1317,True,False,1,True,False,7.305,175.32,14,2026-10-05,96,True,0.00011,0.1,,175.32,RESIDENTIAL,PVC,0.5106,False,2026-10-06 07:18:40
DM-05-01-01-01,DM-05-01-01-01,C,ok,ไม่พบสัญญาณผิดปกติเชิงสถิติ (ใช้น้ำตามพฤติกรรมปกติ),00:15,02:15,105.625,137.92,37.439,212.798,175.359,-0.894,ลดลงเล็กน้อย,False,149.756,False,False,False,,True,-0.2342,True,False,3,True,False,0.0,0.0,14,2026-10-05,96,True,6e-05,0.00079,,0.0,RESIDENTIAL,PVC,0.5213,False,2026-10-06 07:18:40
DM-05-01-02-01,DM-05-01-02-01,C,ok,ไม่พบสัญญาณผิดปกติเชิงสถิติ (ใช้น้ำตามพฤติกรรมปกติ),01:30,03:30,90.625,105.152,16.335,137.822,121.487,0.0,ทรงตัว,False,65.34,False,False,False,,True,-0.1382,True,False,5,True,False,8.932,214.36,14,2026-10-05,96,True,0.0,0.1,,214.36,RESIDENTIAL,PVC,0.4787,False,2026-10-06 07:18:40
DM-05-01-03-03,DM-05-01-03-03,C,ok,MNF ล่าสุด (119.6 m³/hr) / ส่วนเกินเฉลี่ย 3 วัน (+4.5 m³/hr) กลับมาที่ระดับค่าเฉลี่ยฐาน (122.4 m³/hr) แล้ว — ไม่มีน้ำสูญเสียส่วนเกินเหลืออยู่ ถือว่าเหตุการณ์จบ/ซ่อมเสร็จแล้ว จึงไม่ขึ้นเตือน,02:30,04:30,119.625,122.429,6.901,136.231,129.33,-1.073,ลดลงเล็กน้อย,False,27.605,True,True,True,6.0,True,-0.0229,True,False,4,True,False,4.53,108.71,14,2026-10-05,96,True,0.0,0.00294,,108.71,RESIDENTIAL,PVC,0.5213,False,2026-10-06 07:18:40
DM-05-01-04-01,DM-05-01-04-01,C,ok,ไม่พบสัญญาณผิดปกติเชิงสถิติ (ใช้น้ำตามพฤติกรรมปกติ),03:00,05:00,54.625,50.482,5.448,61.378,55.93,0.179,เพิ่มขึ้นเล็กน้อย,False,21.792,False,False,False,,True,0.0821,True,False,1,True,False,0.0,0.0,14,2026-10-05,96,True,1e-05,0.08774,,0.0,RESIDENTIAL,PVC,0.617,False,2026-10-06 07:18:40
DM-05-01-04-02,DM-05-01-04-02,C,ok,ไม่พบสัญญาณผิดปกติเชิงสถิติ (ใช้น้ำตามพฤติกรรมปกติ),03:00,05:00,38.25,40.911,4.27,49.45,45.18,-0.09,ลดลงเล็กน้อย,False,17.078,False,False,False,,True,-0.065,True,False,2,True,False,0.0,0.0,14,2026-10-05,96,True,2e-05,0.1,,0.0,RESIDENTIAL,PVC,0.5319,False,2026-10-06 07:18:40
DM-05-01-05-01,DM-05-01-05-01,C,ok,มีสัญญาณเชิงสถิติ แต่ส่วนเกิน MNF อยู่แค่ 9.2 m³/hr (16.1% ของค่าเฉลี่ยฐาน 57.0 m³/hr) ต่ำกว่าเกณฑ์ปริมาณขั้นต่ำที่ตั้งไว้ (20%) — ยังไม่คุ้มส่งตรวจ เฝ้าดูต่อ,01:45,03:45,66.125,56.964,7.185,71.334,64.149,2.326,เพิ่มขึ้นชัดเจน,True,28.74,False,False,False,,False,0.1608,True,False,2,True,False,3.869,92.86,14,2026-10-05,96,True,0.0,0.00158,,92.86,RESIDENTIAL,PVC,0.6129,False,2026-10-06 07:18:40
DM-05-01-06-01,DM-05-01-06-01,C,ok,ไม่พบสัญญาณผิดปกติเชิงสถิติ (ใช้น้ำตามพฤติกรรมปกติ),02:00,04:00,74.25,52.92,19.924,92.767,72.843,0.0,ทรงตัว,False,79.694,False,False,False,,True,0.4031,False,False,2,False,False,0.0,0.0,14,2026-10-05,96,True,1e-05,0.00516,,0.0,RESIDENTIAL,PVC,0.5851,False,2026-10-06 07:18:40
DM-05-02-02-01,DM-05-02-02-01,C,ok,ไม่พบสัญญาณผิดปกติเชิงสถิติ (ใช้น้ำตามพฤติกรรมปกติ),01:30,03:30,96.625,100.393,5.608,111.609,106.001,-1.431,ลดลงเล็กน้อย,False,22.433,False,False,False,,True,-0.0375,True,False,4,False,False,0.0,0.0,14,2026-10-05,96,True,1e-05,15.39286,,0.0,RESIDENTIAL,PVC,0.5745,False,2026-10-06 07:18:40
DM-05-02-02-02,DM-05-02-02-02,C,ok,ไม่พบสัญญาณผิดปกติเชิงสถิติ (ใช้น้ำตามพฤติกรรมปกติ),00:00,02:00,60.75,60.839,2.978,66.796,63.817,-0.716,ลดลงเล็กน้อย,False,11.913,False,False,False,,True,-0.0015,True,False,3,False,False,0.0,0.0,14,2026-10-05,96,True,2e-05,1.28571,,0.0,RESIDENTIAL,PVC,0.5106,False,2026-10-06 07:18:40
DM-05-02-05-01,DM-05-02-05-01,C,ok,ไม่พบสัญญาณผิดปกติเชิงสถิติ (ใช้น้ำตามพฤติกรรมปกติ),01:15,03:15,119.0,125.58,10.149,145.877,135.729,-0.358,ลดลงเล็กน้อย,False,40.594,False,False,False,,True,-0.0524,True,False,6,True,False,7.628,183.07,14,2026-10-05,96,True,1e-05,0.1,,183.07,RESIDENTIAL,PVC,0.5376,False,2026-10-06 07:18:40
DM-05-02-06-02,DM-05-02-06-02,C,ok,มีสัญญาณเชิงสถิติ แต่ส่วนเกิน MNF อยู่แค่ 8.3 m³/hr (9.2% ของค่าเฉลี่ยฐาน 90.8 m³/hr) ต่ำกว่าเกณฑ์ปริมาณขั้นต่ำที่ตั้งไว้ (20%) — ยังไม่คุ้มส่งตรวจ เฝ้าดูต่อ,01:15,03:15,99.125,90.804,5.012,100.827,95.815,1.073,เพิ่มขึ้นเล็กน้อย,False,20.047,True,True,False,11.0,False,0.0916,True,False,4,True,False,15.655,375.71,14,2026-10-05,96,True,1e-05,0.00333,,375.71,RESIDENTIAL,PVC,0.5213,False,2026-10-06 07:18:40
DM-05-02-07-01,DM-05-02-07-01,C,ok,มีสัญญาณเชิงสถิติ แต่ส่วนเกิน MNF อยู่แค่ 2.2 m³/hr (2.1% ของค่าเฉลี่ยฐาน 103.7 m³/hr) ต่ำกว่าเกณฑ์ปริมาณขั้นต่ำที่ตั้งไว้ (20%) — ยังไม่คุ้มส่งตรวจ เฝ้าดูต่อ,01:15,03:15,105.875,103.714,2.955,109.624,106.669,0.0,ทรงตัว,False,11.819,True,True,True,6.0,False,0.0208,True,False,3,True,False,1.952,46.86,14,2026-10-05,96,True,1e-05,0.03767,,46.86,RESIDENTIAL,PVC,0.6383,False,2026-10-06 07:18:40
DM-05-02-08-01,DM-05-02-08-01,C,ok,ไม่พบสัญญาณผิดปกติเชิงสถิติ (ใช้น้ำตามพฤติกรรมปกติ),00:00,02:00,60.625,64.848,4.332,73.512,69.18,-1.252,ลดลงเล็กน้อย,False,17.328,False,False,False,,True,-0.0651,True,False,4,True,False,0.0,0.0,14,2026-10-05,96,True,1e-05,0.1,,0.0,RESIDENTIAL,PVC,0.5319,False,2026-10-06 07:18:40
DM-05-03-01-02,DM-05-03-01-02,C,ok,มีสัญญาณเชิงสถิติ แต่ส่วนเกิน MNF อยู่แค่ 11.6 m³/hr (19.5% ของค่าเฉลี่ยฐาน 59.3 m³/hr) ต่ำกว่าเกณฑ์ปริมาณขั้นต่ำที่ตั้งไว้ (20%) — ยังไม่คุ้มส่งตรวจ เฝ้าดูต่อ,00:30,02:30,70.875,59.321,5.46,70.242,64.782,0.0,ทรงตัว,False,21.841,True,True,True,5.0,False,0.1948,True,False,3,True,False,4.429,106.29,14,2026-10-05,96,True,2e-05,0.00192,,106.29,RESIDENTIAL,PVC,0.5638,False,2026-10-06 07:18:40
DM-05-03-02-02,DM-05-03-02-02,C,ok,มีสัญญาณเชิงสถิติ แต่ส่วนเกิน MNF อยู่แค่ 0.7 m³/hr (1.4% ของค่าเฉลี่ยฐาน 47.2 m³/hr) ต่ำกว่าเกณฑ์ปริมาณขั้นต่ำที่ตั้งไว้ (20%) — ยังไม่คุ้มส่งตรวจ เฝ้าดูต่อ,01:45,03:45,47.875,47.214,1.836,50.885,49.05,-0.729,ลดลงเล็กน้อย,False,7.342,True,False,True,3.0,False,0.014,True,False,5,False,False,2.744,65.86,14,2026-10-05,96,True,2e-05,0.04233,,65.86,RESIDENTIAL,PVC,0.5745,False,2026-10-06 07:18:40
DM-05-03-03-02,DM-05-03-03-02,B,watch,Flow สูงกว่าเกณฑ์ต่อเนื่อง 32 intervals พร้อมแรงดันตก แต่ไม่ใช่การเปลี่ยนแปลงฉับพลันใน 1-2 วัน (น่าจะเป็นรั่วที่ดำเนินมาระยะหนึ่งแล้วและขยายจนคงที่) — ควรตรวจสอบโดยเร็วแต่ไม่ใช่เหตุฉุกเฉินแบบท่อแตกใหม่,01:30,03:30,45.875,38.205,2.025,42.256,40.231,0.808,เพิ่มขึ้นเล็กน้อย,False,8.101,True,False,True,3.0,False,0.2007,False,True,32,True,False,8.045,193.07,14,2026-10-05,96,True,3e-05,0.00102,ไกลจาก RTU (> 2 กม. โดยประมาณ),193.07,RESIDENTIAL,PVC,0.6489,False,2026-10-06 07:18:40
DM-05-03-03-03,DM-05-03-03-03,C,ok,ไม่พบสัญญาณผิดปกติเชิงสถิติ (ใช้น้ำตามพฤติกรรมปกติ),01:15,03:15,51.5,52.464,2.603,57.671,55.068,-0.894,ลดลงเล็กน้อย,False,10.414,False,False,False,,True,-0.0184,True,False,5,False,False,1.077,25.86,14,2026-10-05,96,True,2e-05,0.16153,,25.86,RESIDENTIAL,PVC,0.6596,False,2026-10-06 07:18:40
DM-05-03-04-02,DM-05-03-04-02,C,ok,ไม่พบสัญญาณผิดปกติเชิงสถิติ (ใช้น้ำตามพฤติกรรมปกติ),01:30,03:30,60.125,64.67,3.38,71.43,68.05,-0.269,ลดลงเล็กน้อย,False,13.521,False,False,False,,True,-0.0703,True,False,3,False,False,0.0,0.0,14,2026-10-05,96,True,2e-05,15.57143,,0.0,RESIDENTIAL,PVC,0.6129,False,2026-10-06 07:18:40
DM-05-03-05-01,DM-05-03-05-01,C,ok,ไม่พบสัญญาณผิดปกติเชิงสถิติ (ใช้น้ำตามพฤติกรรมปกติ),01:30,03:30,15.625,16.33,1.218,18.766,17.548,-1.167,ลดลงเล็กน้อย,False,4.872,False,False,False,,True,-0.0432,True,False,4,True,False,0.0,0.0,14,2026-10-05,96,True,0.00015,0.66923,,0.0,RESIDENTIAL,PVC,0.587,False,2026-10-06 07:18:40
DM-05-03-05-02,DM-05-03-05-02,C,ok,MNF ล่าสุด (29.0 m³/hr) / ส่วนเกินเฉลี่ย 3 วัน (-0.3 m³/hr) กลับมาที่ระดับค่าเฉลี่ยฐาน (29.3 m³/hr) แล้ว — ไม่มีน้ำสูญเสียส่วนเกินเหลืออยู่ ถือว่าเหตุการณ์จบ/ซ่อมเสร็จแล้ว จึงไม่ขึ้นเตือน,01:15,03:15,29.0,29.304,1.75,32.803,31.053,-0.269,ลดลงเล็กน้อย,False,6.999,True,True,True,4.0,True,-0.0104,True,False,2,True,False,0.0,0.0,14,2026-10-05,96,True,6e-05,0.27664,,0.0,RESIDENTIAL,PVC,0.6489,False,2026-10-06 07:18:40
DM-05-03-06-01,DM-05-03-06-01,C,ok,มีสัญญาณเชิงสถิติ แต่ส่วนเกิน MNF อยู่แค่ 3.7 m³/hr (7.8% ของค่าเฉลี่ยฐาน 47.3 m³/hr) ต่ำกว่าเกณฑ์ปริมาณขั้นต่ำที่ตั้งไว้ (20%) — ยังไม่คุ้มส่งตรวจ เฝ้าดูต่อ,00:00,02:00,51.0,47.33,6.182,59.695,53.513,0.0,ทรงตัว,False,24.729,True,True,True,1.0,False,0.0775,True,False,2,True,False,11.211,269.07,14,2026-10-05,96,True,3e-05,0.1,,269.07,RESIDENTIAL,PVC,0.5426,False,2026-10-06 07:18:40
DM-05-03-06-02,DM-05-03-06-02,C,ok,ไม่พบสัญญาณผิดปกติเชิงสถิติ (ใช้น้ำตามพฤติกรรมปกติ),01:15,03:15,63.375,62.625,5.785,74.195,68.41,1.431,เพิ่มขึ้นเล็กน้อย,False,23.139,False,False,False,,True,0.012,True,False,1,True,False,0.0,0.0,14,2026-10-05,96,True,1e-05,0.1,,0.0,RESIDENTIAL,PVC,0.4891,False,2026-10-06 07:18:40
DM-05-04-02-01,DM-05-04-02-01,C,ok,ไม่พบสัญญาณผิดปกติเชิงสถิติ (ใช้น้ำตามพฤติกรรมปกติ),01:15,03:15,52.25,58.5,5.788,70.075,64.288,-1.61,ลดลงเล็กน้อย,False,23.151,False,False,False,,True,-0.1068,True,False,4,False,False,0.0,0.0,14,2026-10-05,96,True,1e-05,8.71429,,0.0,RESIDENTIAL,PVC,0.6344,False,2026-10-06 07:18:40
DM-05-04-02-02,DM-05-04-02-02,C,ok,ไม่พบสัญญาณผิดปกติเชิงสถิติ (ใช้น้ำตามพฤติกรรมปกติ),01:15,03:15,69.375,71.161,5.506,82.172,76.666,-0.716,ลดลงเล็กน้อย,False,22.023,False,False,False,,True,-0.0251,True,False,2,False,False,0.548,13.14,14,2026-10-05,96,True,1e-05,0.10937,,13.14,RESIDENTIAL,PVC,0.5532,False,2026-10-06 07:18:40
DM-05-04-03-01,DM-05-04-03-01,C,ok,ไม่พบสัญญาณผิดปกติเชิงสถิติ (ใช้น้ำตามพฤติกรรมปกติ),01:15,03:15,61.75,90.625,16.41,123.445,107.035,0.358,เพิ่มขึ้นเล็กน้อย,False,65.64,False,False,False,,True,-0.3186,True,False,0,False,False,0.0,0.0,14,2026-10-05,96,True,0.0,1.78571,,0.0,RESIDENTIAL,PVC,0.5745,False,2026-10-06 07:18:40
DM-05-04-03-02,DM-05-04-03-02,C,ok,ไม่พบสัญญาณผิดปกติเชิงสถิติ (ใช้น้ำตามพฤติกรรมปกติ),01:15,03:15,39.75,53.973,7.622,69.217,61.595,-0.09,ลดลงเล็กน้อย,False,30.487,False,False,False,,True,-0.2635,True,False,0,False,False,0.0,0.0,14,2026-10-05,96,True,2e-05,14.46429,,0.0,RESIDENTIAL,PVC,0.5914,False,2026-10-06 07:18:40
DM-05-04-06-02,DM-05-04-06-02,C,ok,MNF ล่าสุด (61.8 m³/hr) / ส่วนเกินเฉลี่ย 3 วัน (+1.5 m³/hr) กลับมาที่ระดับค่าเฉลี่ยฐาน (61.9 m³/hr) แล้ว — ไม่มีน้ำสูญเสียส่วนเกินเหลืออยู่ ถือว่าเหตุการณ์จบ/ซ่อมเสร็จแล้ว จึงไม่ขึ้นเตือน,01:15,03:15,61.75,61.938,1.904,65.746,63.842,0.358,เพิ่มขึ้นเล็กน้อย,False,7.618,True,True,False,12.0,True,-0.003,True,False,3,False,False,1.521,36.5,14,2026-10-05,96,True,2e-05,0.11254,,36.5,RESIDENTIAL,PVC,0.5543,False,2026-10-06 07:18:40
DM-05-04-06-03,DM-05-04-06-03,C,ok,มีสัญญาณเชิงสถิติ แต่ส่วนเกิน MNF อยู่แค่ 3.2 m³/hr (8.2% ของค่าเฉลี่ยฐาน 39.8 m³/hr) ต่ำกว่าเกณฑ์ปริมาณขั้นต่ำที่ตั้งไว้ (20%) — ยังไม่คุ้มส่งตรวจ เฝ้าดูต่อ,01:15,03:15,43.0,39.75,2.649,45.047,42.399,1.167,เพิ่มขึ้นเล็กน้อย,False,10.595,True,True,False,10.0,False,0.0818,True,False,1,True,False,3.5,84.0,14,2026-10-05,96,True,6e-05,0.0688,,84.0,RESIDENTIAL,PVC,0.6489,False,2026-10-06 07:18:40
DM-05-04-07-02,DM-05-04-07-02,C,ok,MNF ล่าสุด (66.0 m³/hr) / ส่วนเกินเฉลี่ย 3 วัน (+1.3 m³/hr) กลับมาที่ระดับค่าเฉลี่ยฐาน (66.3 m³/hr) แล้ว — ไม่มีน้ำสูญเสียส่วนเกินเหลืออยู่ ถือว่าเหตุการณ์จบ/ซ่อมเสร็จแล้ว จึงไม่ขึ้นเตือน,01:15,03:15,66.0,66.304,2.492,71.287,68.795,-0.988,ลดลงเล็กน้อย,False,9.967,True,False,True,7.0,True,-0.0046,True,False,4,False,False,1.28,30.71,14,2026-10-05,96,True,2e-05,0.11758,,30.71,RESIDENTIAL,PVC,0.6237,False,2026-10-06 07:18:40
DM-05-04-08-02,DM-05-04-08-02,C,ok,ไม่พบสัญญาณผิดปกติเชิงสถิติ (ใช้น้ำตามพฤติกรรมปกติ),01:00,03:00,91.625,92.196,7.208,106.613,99.405,-0.716,ลดลงเล็กน้อย,False,28.833,False,False,False,,True,-0.0062,True,False,0,False,False,0.429,10.29,14,2026-10-05,96,True,1e-05,0.73598,,10.29,RESIDENTIAL,PVC,0.4891,False,2026-10-06 07:18:40
DM-05-04-09-01,DM-05-04-09-01,C,ok,ไม่พบสัญญาณผิดปกติเชิงสถิติ (ใช้น้ำตามพฤติกรรมปกติ),00:00,02:00,30.625,34.438,4.013,42.464,38.451,0.18,เพิ่มขึ้นเล็กน้อย,False,16.053,False,False,False,,True,-0.1107,True,False,5,False,False,0.0,0.0,14,2026-10-05,96,True,7e-05,15.28571,,0.0,RESIDENTIAL,PVC,0.5652,False,2026-10-06 07:18:40
DM-05-04-10-01,DM-05-04-10-01,C,ok,ไม่พบสัญญาณผิดปกติเชิงสถิติ (ใช้น้ำตามพฤติกรรมปกติ),01:15,03:15,57.625,58.652,3.945,66.542,62.597,-1.073,ลดลงเล็กน้อย,False,15.78,False,False,False,,True,-0.0175,True,False,1,True,False,0.0,0.0,14,2026-10-05,96,True,2e-05,0.03484,,0.0,RESIDENTIAL,PVC,0.5319,False,2026-10-06 07:18:40
DM-05-04-10-04,DM-05-04-10-04,C,ok,ไม่พบสัญญาณผิดปกติเชิงสถิติ (ใช้น้ำตามพฤติกรรมปกติ),23:45,01:45,53.375,51.902,3.571,59.043,55.473,-0.361,ลดลงเล็กน้อย,False,14.283,False,False,False,,False,0.0284,True,False,1,True,False,0.307,7.36,14,2026-10-05,96,True,2e-05,0.01074,,7.36,RESIDENTIAL,PVC,0.5745,False,2026-10-06 07:18:40
DM-05-04-11-01,DM-05-04-11-01,C,ok,MNF ล่าสุด (23.4 m³/hr) / ส่วนเกินเฉลี่ย 3 วัน (+1.0 m³/hr) กลับมาที่ระดับค่าเฉลี่ยฐาน (25.2 m³/hr) แล้ว — ไม่มีน้ำสูญเสียส่วนเกินเหลืออยู่ ถือว่าเหตุการณ์จบ/ซ่อมเสร็จแล้ว จึงไม่ขึ้นเตือน,00:00,02:00,23.375,25.17,4.937,35.044,30.107,-1.167,ลดลงเล็กน้อย,False,19.749,True,False,True,1.0,True,-0.0713,True,False,3,True,False,0.997,23.93,14,2026-10-05,96,True,8e-05,0.45581,,23.93,RESIDENTIAL,PVC,0.5638,False,2026-10-06 07:18:40
DM-05-05-01-01,DM-05-05-01-01,C,ok,ไม่พบสัญญาณผิดปกติเชิงสถิติ (ใช้น้ำตามพฤติกรรมปกติ),02:00,04:00,238.875,226.438,19.884,266.206,246.322,0.449,เพิ่มขึ้นเล็กน้อย,False,79.537,False,False,False,,False,0.0549,True,False,4,True,False,18.354,440.5,14,2026-10-05,96,True,0.0,0.00112,,440.5,RESIDENTIAL,PVC,0.5638,False,2026-10-06 07:18:40
DM-05-05-02-03,DM-05-05-02-03,C,ok,ไม่พบสัญญาณผิดปกติเชิงสถิติ (ใช้น้ำตามพฤติกรรมปกติ),03:15,05:15,108.25,113.571,17.206,147.983,130.777,-1.252,ลดลงเล็กน้อย,False,68.823,False,False,False,,True,-0.0469,True,False,1,True,False,0.0,0.0,14,2026-10-05,96,True,0.0,0.1,,0.0,RESIDENTIAL,PVC,0.6087,False,2026-10-06 07:18:40
DM-05-05-03-01,DM-05-05-03-01,C,ok,ไม่พบสัญญาณผิดปกติเชิงสถิติ (ใช้น้ำตามพฤติกรรมปกติ),01:15,03:15,34.25,34.598,1.92,38.438,36.518,1.073,เพิ่มขึ้นเล็กน้อย,False,7.679,False,False,False,,True,-0.0101,True,False,4,False,False,0.0,0.0,14,2026-10-05,96,True,6e-05,0.35164,,0.0,RESIDENTIAL,PVC,0.4787,False,2026-10-06 07:18:40
DM-05-05-07-02,DM-05-05-07-02,C,ok,ไม่พบสัญญาณผิดปกติเชิงสถิติ (ใช้น้ำตามพฤติกรรมปกติ),03:00,05:00,58.25,46.616,12.268,71.153,58.885,0.0,ทรงตัว,False,49.074,False,False,False,,False,0.2496,False,False,3,True,False,12.092,290.21,14,2026-10-05,96,True,2e-05,0.00533,,290.21,RESIDENTIAL,PVC,0.5376,False,2026-10-06 07:18:40
DM-05-05-08-01,DM-05-05-08-01,C,ok,ไม่พบสัญญาณผิดปกติเชิงสถิติ (ใช้น้ำตามพฤติกรรมปกติ),00:00,02:00,79.625,85.357,4.783,94.923,90.14,-1.431,ลดลงเล็กน้อย,False,19.131,False,False,False,,True,-0.0672,True,False,5,True,False,0.0,0.0,14,2026-10-05,96,True,1e-05,6.03571,,0.0,RESIDENTIAL,PVC,0.5426,False,2026-10-06 07:18:40
DM-05-05-08-02,DM-05-05-08-02,C,ok,MNF ล่าสุด (76.6 m³/hr) / ส่วนเกินเฉลี่ย 3 วัน (-5.0 m³/hr) กลับมาที่ระดับค่าเฉลี่ยฐาน (82.6 m³/hr) แล้ว — ไม่มีน้ำสูญเสียส่วนเกินเหลืออยู่ ถือว่าเหตุการณ์จบ/ซ่อมเสร็จแล้ว จึงไม่ขึ้นเตือน,01:15,03:15,76.625,82.589,3.173,88.935,85.762,-2.525,ลดลงชัดเจน,True,12.691,True,False,True,4.0,True,-0.0722,True,True,9,True,False,0.0,0.0,14,2026-10-05,96,True,1e-05,11.28571,,0.0,RESIDENTIAL,PVC,0.5426,False,2026-10-06 07:18:40
DM-05-05-09-01,DM-05-05-09-01,C,ok,MNF ล่าสุด (57.1 m³/hr) / ส่วนเกินเฉลี่ย 3 วัน (-5.4 m³/hr) กลับมาที่ระดับค่าเฉลี่ยฐาน (57.7 m³/hr) แล้ว — ไม่มีน้ำสูญเสียส่วนเกินเหลืออยู่ ถือว่าเหตุการณ์จบ/ซ่อมเสร็จแล้ว จึงไม่ขึ้นเตือน,00:00,02:00,57.125,57.732,4.387,66.506,62.119,-1.789,ลดลงชัดเจน,True,17.547,False,False,False,,True,-0.0105,True,False,0,False,False,0.0,0.0,14,2026-10-05,96,True,2e-05,9.21429,,0.0,RESIDENTIAL,PVC,0.5745,False,2026-10-06 07:18:40
DM-05-05-09-02,DM-05-05-09-02,C,ok,มีสัญญาณเชิงสถิติ แต่ส่วนเกิน MNF อยู่แค่ 5.8 m³/hr (16.8% ของค่าเฉลี่ยฐาน 34.4 m³/hr) ต่ำกว่าเกณฑ์ปริมาณขั้นต่ำที่ตั้งไว้ (20%) — ยังไม่คุ้มส่งตรวจ เฝ้าดูต่อ,00:00,02:00,40.25,34.446,2.976,40.398,37.422,-1.706,ลดลงชัดเจน,True,11.902,True,True,True,5.0,False,0.1685,True,False,4,True,False,0.679,16.29,14,2026-10-05,96,True,5e-05,0.10293,,16.29,RESIDENTIAL,PVC,0.5,False,2026-10-06 07:18:40
DM-05-05-09-03,DM-05-05-09-03,C,ok,MNF ล่าสุด (28.9 m³/hr) / ส่วนเกินเฉลี่ย 3 วัน (-8.3 m³/hr) กลับมาที่ระดับค่าเฉลี่ยฐาน (36.7 m³/hr) แล้ว — ไม่มีน้ำสูญเสียส่วนเกินเหลืออยู่ ถือว่าเหตุการณ์จบ/ซ่อมเสร็จแล้ว จึงไม่ขึ้นเตือน,00:00,02:00,28.875,36.723,1.927,40.577,38.65,-1.789,ลดลงชัดเจน,True,7.707,False,False,False,,True,-0.2137,True,False,1,False,False,0.0,0.0,14,2026-10-05,96,True,6e-05,12.57143,,0.0,RESIDENTIAL,PVC,0.4946,False,2026-10-06 07:18:40
DM-05-05-09-04,DM-05-05-09-04,C,ok,MNF ล่าสุด (46.8 m³/hr) / ส่วนเกินเฉลี่ย 3 วัน (-7.8 m³/hr) กลับมาที่ระดับค่าเฉลี่ยฐาน (54.5 m³/hr) แล้ว — ไม่มีน้ำสูญเสียส่วนเกินเหลืออยู่ ถือว่าเหตุการณ์จบ/ซ่อมเสร็จแล้ว จึงไม่ขึ้นเตือน,00:00,02:00,46.75,54.5,2.544,59.588,57.044,-1.886,ลดลงชัดเจน,True,10.175,False,False,False,,True,-0.1422,True,False,6,False,False,0.0,0.0,14,2026-10-05,96,True,3e-05,12.82143,,0.0,RESIDENTIAL,PVC,0.5591,False,2026-10-06 07:18:40
DM-05-05-10-01,DM-05-05-10-01,C,ok,ไม่พบสัญญาณผิดปกติเชิงสถิติ (ใช้น้ำตามพฤติกรรมปกติ),00:00,02:00,43.0,51.83,5.832,63.495,57.663,-1.167,ลดลงเล็กน้อย,False,23.329,False,False,False,,True,-0.1704,True,False,1,True,False,0.0,0.0,14,2026-10-05,96,True,3e-05,0.01709,,0.0,RESIDENTIAL,PVC,0.5914,False,2026-10-06 07:18:40
DM-05-05-11-01,DM-05-05-11-01,B,watch,CUSUM สะสมเป็นบวกต่อเนื่อง (ยังไม่ Step-up ฉับพลัน),00:00,02:00,53.75,44.75,8.544,61.839,53.294,-0.179,ลดลงเล็กน้อย,False,34.177,True,True,False,8.0,False,0.2011,False,False,1,True,False,6.667,160.0,14,2026-10-05,96,True,2e-05,0.08034,ไกลจาก RTU (> 2 กม. โดยประมาณ),160.0,RESIDENTIAL,PVC,0.4731,False,2026-10-06 07:18:40
DM-05-05-12-01,DM-05-05-12-01,C,ok,ไม่พบสัญญาณผิดปกติเชิงสถิติ (ใช้น้ำตามพฤติกรรมปกติ),01:45,03:45,50.0,55.625,4.362,64.35,59.987,0.358,เพิ่มขึ้นเล็กน้อย,False,17.45,False,False,False,,True,-0.1011,True,False,2,False,False,0.375,9.0,14,2026-10-05,96,True,2e-05,0.1,,9.0,RESIDENTIAL,PVC,0.5054,False,2026-10-06 07:18:40
DM-05-05-12-02,DM-05-05-12-02,C,ok,ไม่พบสัญญาณผิดปกติเชิงสถิติ (ใช้น้ำตามพฤติกรรมปกติ),00:15,02:15,27.375,30.321,2.619,35.56,32.941,-0.358,ลดลงเล็กน้อย,False,10.477,False,False,False,,True,-0.0972,True,False,0,False,False,0.0,0.0,14,2026-10-05,96,True,7e-05,15.60714,,0.0,RESIDENTIAL,PVC,0.5106,False,2026-10-06 07:18:40
DM-05-05-13-01,DM-05-05-13-01,C,ok,มีสัญญาณเชิงสถิติ แต่ส่วนเกิน MNF อยู่แค่ 5.7 m³/hr (13.7% ของค่าเฉลี่ยฐาน 41.6 m³/hr) ต่ำกว่าเกณฑ์ปริมาณขั้นต่ำที่ตั้งไว้ (20%) — ยังไม่คุ้มส่งตรวจ เฝ้าดูต่อ,02:15,04:15,47.25,41.562,4.51,50.583,46.073,1.706,เพิ่มขึ้นชัดเจน,True,18.04,True,True,True,4.0,False,0.1368,True,False,0,False,False,5.188,124.5,14,2026-10-05,96,True,2e-05,0.01271,,124.5,RESIDENTIAL,PVC,0.5532,False,2026-10-06 07:18:40
DM-05-05-14-01,DM-05-05-14-01,C,ok,ไม่พบสัญญาณผิดปกติเชิงสถิติ (ใช้น้ำตามพฤติกรรมปกติ),00:45,02:45,24.875,27.661,5.245,38.152,32.906,-0.716,ลดลงเล็กน้อย,False,20.982,False,False,False,,True,-0.1007,True,False,2,True,False,0.0,0.0,14,2026-10-05,96,True,5e-05,5.57143,,0.0,RESIDENTIAL,PVC,0.5319,False,2026-10-06 07:18:40
DM-06-01-02-01,DM-06-01-02-01,C,ok,มีสัญญาณเชิงสถิติ แต่ส่วนเกิน MNF อยู่แค่ 3.4 m³/hr (5.4% ของค่าเฉลี่ยฐาน 63.7 m³/hr) ต่ำกว่าเกณฑ์ปริมาณขั้นต่ำที่ตั้งไว้ (20%) — ยังไม่คุ้มส่งตรวจ เฝ้าดูต่อ,01:15,03:15,67.125,63.688,16.832,97.352,80.52,1.968,เพิ่มขึ้นชัดเจน,True,67.33,False,False,False,,False,0.054,True,False,0,False,False,8.229,197.5,14,2026-10-05,96,True,3e-05,0.13714,,197.5,RESIDENTIAL,PVC,0.5745,False,2026-10-06 07:18:40
DM-06-01-03-01,DM-06-01-03-01,C,ok,ไม่พบสัญญาณผิดปกติเชิงสถิติ (ใช้น้ำตามพฤติกรรมปกติ),23:45,01:45,33.75,34.402,16.712,67.826,51.114,0.541,เพิ่มขึ้นเล็กน้อย,False,66.848,False,False,False,,True,-0.0189,True,False,0,False,False,0.0,0.0,14,2026-10-05,96,True,4e-05,5.92857,,0.0,RESIDENTIAL,PVC,0.4516,False,2026-10-06 07:18:40
DM-06-01-03-02,DM-06-01-03-02,C,ok,MNF ล่าสุด (20.4 m³/hr) / ส่วนเกินเฉลี่ย 3 วัน (-2.1 m³/hr) กลับมาที่ระดับค่าเฉลี่ยฐาน (21.4 m³/hr) แล้ว — ไม่มีน้ำสูญเสียส่วนเกินเหลืออยู่ ถือว่าเหตุการณ์จบ/ซ่อมเสร็จแล้ว จึงไม่ขึ้นเตือน,01:15,03:15,20.375,21.438,1.816,25.069,23.253,-1.073,ลดลงเล็กน้อย,False,7.262,True,False,False,8.0,True,-0.0496,True,False,0,False,False,0.0,0.0,14,2026-10-05,96,True,0.00017,14.525,,0.0,RESIDENTIAL,PVC,0.6022,False,2026-10-06 07:18:40
DM-06-01-03-04,DM-06-01-03-04,C,ok,ไม่พบสัญญาณผิดปกติเชิงสถิติ (ใช้น้ำตามพฤติกรรมปกติ),00:45,02:45,35.125,34.42,1.7,37.819,36.12,0.0,ทรงตัว,False,6.8,False,False,False,,False,0.0205,True,False,0,False,False,0.705,16.93,14,2026-10-05,57,False,0.0,0.0006,,16.93,RESIDENTIAL,PVC,0.6111,False,2026-10-06 07:18:40
DM-06-01-03-05,DM-06-01-03-05,C,ok,ไม่พบสัญญาณผิดปกติเชิงสถิติ (ใช้น้ำตามพฤติกรรมปกติ),01:15,03:15,51.0,36.523,22.11,80.744,58.633,0.0,ทรงตัว,False,88.441,False,False,False,,False,0.3964,False,False,0,False,False,14.477,347.44,14,2026-10-05,57,False,0.0,1e-05,,347.44,RESIDENTIAL,PVC,0.6,False,2026-10-06 07:18:40
DM-06-01-04-02,DM-06-01-04-02,C,ok,ไม่พบสัญญาณผิดปกติเชิงสถิติ (ใช้น้ำตามพฤติกรรมปกติ),02:15,04:15,24.0,25.062,2.823,30.709,27.886,0.269,เพิ่มขึ้นเล็กน้อย,False,11.293,False,False,False,,True,-0.0424,True,False,3,True,False,0.729,17.5,14,2026-10-05,96,True,0.00012,0.16376,,17.5,RESIDENTIAL,PVC,0.5161,False,2026-10-06 07:18:40
DM-06-01-04-03,DM-06-01-04-03,C,ok,ไม่พบสัญญาณผิดปกติเชิงสถิติ (ใช้น้ำตามพฤติกรรมปกติ),01:30,03:30,35.875,54.946,2.07,59.085,57.016,1.61,เพิ่มขึ้นเล็กน้อย,False,8.278,False,False,False,,True,-0.3471,True,False,0,False,False,0.0,0.0,14,2026-10-05,96,True,0.0,1.28571,,0.0,RESIDENTIAL,PVC,0.5435,False,2026-10-06 07:18:40
DM-06-01-05-01,DM-06-01-05-01,C,ok,ไม่พบสัญญาณผิดปกติเชิงสถิติ (ใช้น้ำตามพฤติกรรมปกติ),01:30,03:30,39.875,60.089,2.261,64.611,62.35,-0.09,ลดลงเล็กน้อย,False,9.044,False,False,False,,True,-0.3364,True,False,0,False,False,0.0,0.0,14,2026-10-05,96,True,3e-05,13.75,,0.0,RESIDENTIAL,PVC,0.6383,False,2026-10-06 07:18:40
DM-06-01-05-03,DM-06-01-05-03,C,ok,ไม่พบสัญญาณผิดปกติเชิงสถิติ (ใช้น้ำตามพฤติกรรมปกติ),00:45,02:45,89.5,91.5,5.921,103.342,97.421,0.0,ทรงตัว,False,23.683,False,False,False,,True,-0.0219,True,False,0,False,False,0.0,0.0,14,2026-10-05,57,False,0.0,0.1,,0.0,RESIDENTIAL,PVC,0.4545,False,2026-10-06 07:18:40
DM-06-01-05-04,DM-06-01-05-04,C,ok,ไม่พบสัญญาณผิดปกติเชิงสถิติ (ใช้น้ำตามพฤติกรรมปกติ),01:00,03:00,73.75,73.161,3.866,80.893,77.027,0.0,ทรงตัว,False,15.464,False,False,False,,False,0.0081,True,False,2,True,False,0.756,18.14,14,2026-10-05,96,True,2e-05,0.75,,18.14,RESIDENTIAL,PVC,0.4681,False,2026-10-06 07:18:40
DM-06-01-06-01,DM-06-01-06-01,C,ok,ไม่พบสัญญาณผิดปกติเชิงสถิติ (ใช้น้ำตามพฤติกรรมปกติ),01:30,03:30,74.75,79.705,3.751,87.207,83.456,-1.252,ลดลงเล็กน้อย,False,15.003,False,False,False,,True,-0.0622,True,False,2,True,False,0.0,0.0,14,2026-10-05,96,True,2e-05,19.03571,,0.0,RESIDENTIAL,PVC,0.4787,False,2026-10-06 07:18:40
DM-06-02-01-02,DM-06-02-01-02,C,ok,ไม่พบสัญญาณผิดปกติเชิงสถิติ (ใช้น้ำตามพฤติกรรมปกติ),22:30,00:30,77.375,73.42,4.101,81.621,77.52,-0.541,ลดลงเล็กน้อย,False,16.403,False,False,False,,True,0.0539,True,False,1,False,False,0.0,0.0,14,2026-10-05,96,True,3e-05,0.4079,,0.0,RESIDENTIAL,PVC,0.6702,False,2026-10-06 07:18:40
DM-06-02-02-01,DM-06-02-02-01,C,ok,MNF ล่าสุด (89.0 m³/hr) / ส่วนเกินเฉลี่ย 3 วัน (-0.3 m³/hr) กลับมาที่ระดับค่าเฉลี่ยฐาน (89.9 m³/hr) แล้ว — ไม่มีน้ำสูญเสียส่วนเกินเหลืออยู่ ถือว่าเหตุการณ์จบ/ซ่อมเสร็จแล้ว จึงไม่ขึ้นเตือน,01:30,03:30,89.0,89.946,6.411,102.768,96.357,-0.358,ลดลงเล็กน้อย,False,25.642,True,False,True,3.0,True,-0.0105,True,False,3,False,False,0.0,0.0,14,2026-10-05,96,True,1e-05,0.04656,,0.0,RESIDENTIAL,PVC,0.4731,False,2026-10-06 07:18:40
DM-06-02-03-03,DM-06-02-03-03,C,ok,ไม่พบสัญญาณผิดปกติเชิงสถิติ (ใช้น้ำตามพฤติกรรมปกติ),02:00,04:00,100.625,101.402,3.914,109.23,105.316,0.0,ทรงตัว,False,15.657,False,False,False,,True,-0.0077,True,False,1,True,False,0.0,0.0,14,2026-10-05,96,True,5e-05,73.53571,,0.0,RESIDENTIAL,PVC,0.4574,False,2026-10-06 07:18:40
DM-06-02-04-01,DM-06-02-04-01,C,ok,ไม่พบสัญญาณผิดปกติเชิงสถิติ (ใช้น้ำตามพฤติกรรมปกติ),02:00,04:00,45.375,42.036,4.593,51.221,46.628,1.252,เพิ่มขึ้นเล็กน้อย,False,18.371,False,False,False,,False,0.0794,True,False,3,True,False,0.756,18.14,14,2026-10-05,96,True,4e-05,0.00965,,18.14,RESIDENTIAL,PVC,0.6129,False,2026-10-06 07:18:40
DM-06-02-04-02,DM-06-02-04-02,C,ok,MNF ล่าสุด (68.9 m³/hr) / ส่วนเกินเฉลี่ย 3 วัน (-2.3 m³/hr) กลับมาที่ระดับค่าเฉลี่ยฐาน (72.7 m³/hr) แล้ว — ไม่มีน้ำสูญเสียส่วนเกินเหลืออยู่ ถือว่าเหตุการณ์จบ/ซ่อมเสร็จแล้ว จึงไม่ขึ้นเตือน,02:15,04:15,68.875,72.714,5.537,83.789,78.252,0.716,เพิ่มขึ้นเล็กน้อย,False,22.149,True,False,True,2.0,True,-0.0528,True,False,1,True,False,0.0,0.0,14,2026-10-05,96,True,1e-05,0.1,,0.0,RESIDENTIAL,PVC,0.6383,False,2026-10-06 07:18:40
DM-06-02-05-01,DM-06-02-05-01,C,ok,MNF ล่าสุด (64.2 m³/hr) / ส่วนเกินเฉลี่ย 3 วัน (+1.0 m³/hr) กลับมาที่ระดับค่าเฉลี่ยฐาน (67.2 m³/hr) แล้ว — ไม่มีน้ำสูญเสียส่วนเกินเหลืออยู่ ถือว่าเหตุการณ์จบ/ซ่อมเสร็จแล้ว จึงไม่ขึ้นเตือน,00:00,02:00,64.25,67.232,2.877,72.987,70.109,-0.179,ลดลงเล็กน้อย,False,11.509,True,True,False,11.0,True,-0.0444,True,False,6,True,False,0.976,23.43,14,2026-10-05,96,True,2e-05,0.02037,,23.43,RESIDENTIAL,PVC,0.5269,False,2026-10-06 07:18:40
DM-06-02-06-02,DM-06-02-06-02,C,ok,MNF ล่าสุด (24.6 m³/hr) / ส่วนเกินเฉลี่ย 3 วัน (-1.5 m³/hr) กลับมาที่ระดับค่าเฉลี่ยฐาน (26.6 m³/hr) แล้ว — ไม่มีน้ำสูญเสียส่วนเกินเหลืออยู่ ถือว่าเหตุการณ์จบ/ซ่อมเสร็จแล้ว จึงไม่ขึ้นเตือน,00:00,02:00,24.625,26.625,1.097,28.819,27.722,-1.706,ลดลงชัดเจน,True,4.387,False,False,False,,True,-0.0751,True,False,1,False,False,0.0,0.0,14,2026-10-05,96,True,9e-05,14.10714,,0.0,RESIDENTIAL,PVC,0.5106,False,2026-10-06 07:18:40
DM-06-02-07-03,DM-06-02-07-03,C,ok,ไม่พบสัญญาณผิดปกติเชิงสถิติ (ใช้น้ำตามพฤติกรรมปกติ),01:30,03:30,88.5,89.973,6.967,103.907,96.94,-0.358,ลดลงเล็กน้อย,False,27.868,False,False,False,,True,-0.0164,True,False,1,True,False,0.0,0.0,14,2026-10-05,96,True,2e-05,21.46429,,0.0,RESIDENTIAL,PVC,0.5,False,2026-10-06 07:18:40
DM-06-03-01-01,DM-06-03-01-01,C,ok,มีสัญญาณเชิงสถิติ แต่ส่วนเกิน MNF อยู่แค่ 7.9 m³/hr (15.9% ของค่าเฉลี่ยฐาน 49.5 m³/hr) ต่ำกว่าเกณฑ์ปริมาณขั้นต่ำที่ตั้งไว้ (20%) — ยังไม่คุ้มส่งตรวจ เฝ้าดูต่อ,01:45,03:45,57.375,49.518,4.871,59.26,54.389,2.147,เพิ่มขึ้นชัดเจน,True,19.484,True,True,True,3.0,False,0.1587,True,False,4,True,False,12.815,307.57,14,2026-10-05,96,True,2e-05,0.00211,,307.57,RESIDENTIAL,PVC,0.4505,False,2026-10-06 07:18:40
DM-06-03-02-01,DM-06-03-02-01,C,ok,ไม่พบสัญญาณผิดปกติเชิงสถิติ (ใช้น้ำตามพฤติกรรมปกติ),02:00,04:00,58.375,55.58,4.151,63.881,59.731,0.09,เพิ่มขึ้นเล็กน้อย,False,16.602,False,False,False,,False,0.0503,True,False,1,False,False,3.586,86.07,14,2026-10-05,96,True,2e-05,0.1,,86.07,RESIDENTIAL,PVC,0.4574,False,2026-10-06 07:18:40
DM-06-03-02-02,DM-06-03-02-02,C,ok,มีสัญญาณเชิงสถิติ แต่ส่วนเกิน MNF อยู่แค่ 8.8 m³/hr (8.9% ของค่าเฉลี่ยฐาน 98.4 m³/hr) ต่ำกว่าเกณฑ์ปริมาณขั้นต่ำที่ตั้งไว้ (20%) — ยังไม่คุ้มส่งตรวจ เฝ้าดูต่อ,02:00,04:00,107.125,98.357,4.107,106.572,102.464,1.789,เพิ่มขึ้นชัดเจน,True,16.429,True,False,True,1.0,False,0.0891,True,False,2,True,False,13.143,315.43,14,2026-10-05,96,True,1e-05,0.00435,,315.43,RESIDENTIAL,PVC,0.4946,False,2026-10-06 07:18:40
DM-06-03-03-01,DM-06-03-03-01,C,ok,ไม่พบสัญญาณผิดปกติเชิงสถิติ (ใช้น้ำตามพฤติกรรมปกติ),01:30,03:30,20.125,23.911,1.615,27.141,25.526,1.347,เพิ่มขึ้นเล็กน้อย,False,6.46,False,False,False,,True,-0.1583,True,False,6,True,False,0.0,0.0,14,2026-10-05,96,True,0.00011,0.1,,0.0,RESIDENTIAL,PVC,0.4362,False,2026-10-06 07:18:40
DM-06-03-03-02,DM-06-03-03-02,C,ok,ไม่พบสัญญาณผิดปกติเชิงสถิติ (ใช้น้ำตามพฤติกรรมปกติ),01:15,03:15,50.375,47.911,3.609,55.128,51.519,0.179,เพิ่มขึ้นเล็กน้อย,False,14.435,False,False,False,,False,0.0514,True,False,4,True,False,0.881,21.14,14,2026-10-05,96,True,5e-05,0.0363,,21.14,RESIDENTIAL,PVC,0.5426,False,2026-10-06 07:18:40
DM-06-03-03-03,DM-06-03-03-03,C,ok,มีสัญญาณเชิงสถิติ แต่ส่วนเกิน MNF อยู่แค่ 4.9 m³/hr (11.2% ของค่าเฉลี่ยฐาน 43.6 m³/hr) ต่ำกว่าเกณฑ์ปริมาณขั้นต่ำที่ตั้งไว้ (20%) — ยังไม่คุ้มส่งตรวจ เฝ้าดูต่อ,01:45,03:45,48.5,43.598,1.726,47.05,45.324,1.968,เพิ่มขึ้นชัดเจน,True,6.903,True,False,True,4.0,False,0.1124,True,False,3,True,False,7.568,181.64,14,2026-10-05,96,True,3e-05,0.1,,181.64,RESIDENTIAL,PVC,0.6129,False,2026-10-06 07:18:40
DM-06-03-04-01,DM-06-03-04-01,C,ok,ไม่พบสัญญาณผิดปกติเชิงสถิติ (ใช้น้ำตามพฤติกรรมปกติ),01:45,03:45,41.0,38.536,2.765,44.066,41.301,0.894,เพิ่มขึ้นเล็กน้อย,False,11.061,False,False,False,,False,0.0639,True,False,1,False,False,0.964,23.14,14,2026-10-05,96,True,5e-05,0.1,,23.14,RESIDENTIAL,PVC,0.4409,False,2026-10-06 07:18:40
DM-06-03-05-01,DM-06-03-05-01,C,ok,MNF ล่าสุด (22.0 m³/hr) / ส่วนเกินเฉลี่ย 3 วัน (+0.1 m³/hr) กลับมาที่ระดับค่าเฉลี่ยฐาน (22.3 m³/hr) แล้ว — ไม่มีน้ำสูญเสียส่วนเกินเหลืออยู่ ถือว่าเหตุการณ์จบ/ซ่อมเสร็จแล้ว จึงไม่ขึ้นเตือน,01:15,03:15,22.0,22.277,0.691,23.66,22.968,-1.459,ลดลงเล็กน้อย,False,2.766,True,False,True,5.0,True,-0.0124,True,False,2,True,False,0.14,3.36,14,2026-10-05,96,True,0.00012,0.35972,,3.36,RESIDENTIAL,PVC,0.5326,False,2026-10-06 07:18:40
DM-06-03-06-01,DM-06-03-06-01,C,ok,ไม่พบสัญญาณผิดปกติเชิงสถิติ (ใช้น้ำตามพฤติกรรมปกติ),00:00,02:00,39.625,40.616,1.994,44.604,42.61,0.988,เพิ่มขึ้นเล็กน้อย,False,7.976,False,False,False,,True,-0.0244,True,False,1,True,False,0.092,2.21,14,2026-10-05,96,True,4e-05,0.1,,2.21,RESIDENTIAL,PVC,0.5745,False,2026-10-06 07:18:40
DM-06-03-06-02,DM-06-03-06-02,C,ok,มีสัญญาณเชิงสถิติ แต่ส่วนเกิน MNF อยู่แค่ 6.5 m³/hr (17.5% ของค่าเฉลี่ยฐาน 36.9 m³/hr) ต่ำกว่าเกณฑ์ปริมาณขั้นต่ำที่ตั้งไว้ (20%) — ยังไม่คุ้มส่งตรวจ เฝ้าดูต่อ,01:30,03:30,43.375,36.92,4.781,46.481,41.7,0.902,เพิ่มขึ้นเล็กน้อย,False,19.122,True,False,True,5.0,False,0.1748,True,False,3,True,False,7.08,169.93,14,2026-10-05,96,True,4e-05,0.1,,169.93,RESIDENTIAL,PVC,0.4574,False,2026-10-06 07:18:40
DM-06-03-07-01,DM-06-03-07-01,C,ok,MNF ล่าสุด (45.2 m³/hr) / ส่วนเกินเฉลี่ย 3 วัน (+1.3 m³/hr) กลับมาที่ระดับค่าเฉลี่ยฐาน (46.0 m³/hr) แล้ว — ไม่มีน้ำสูญเสียส่วนเกินเหลืออยู่ ถือว่าเหตุการณ์จบ/ซ่อมเสร็จแล้ว จึงไม่ขึ้นเตือน,01:15,03:15,45.25,46.045,1.409,48.863,47.454,-0.988,ลดลงเล็กน้อย,False,5.637,True,True,False,9.0,True,-0.0173,True,False,2,False,False,1.289,30.93,14,2026-10-05,96,True,4e-05,0.16184,,30.93,RESIDENTIAL,PVC,0.6129,False,2026-10-06 07:18:40
DM-06-03-08-01,DM-06-03-08-01,C,ok,ไม่พบสัญญาณผิดปกติเชิงสถิติ (ใช้น้ำตามพฤติกรรมปกติ),01:45,03:45,65.875,46.705,23.107,92.919,69.812,1.431,เพิ่มขึ้นเล็กน้อย,False,92.427,False,False,False,,False,0.4104,False,False,0,False,False,9.045,217.07,14,2026-10-05,96,True,0.0,0.1,,217.07,RESIDENTIAL,PVC,0.6489,False,2026-10-06 07:18:40
DM-06-03-08-03,DM-06-03-08-03,C,ok,ไม่พบสัญญาณผิดปกติเชิงสถิติ (ใช้น้ำตามพฤติกรรมปกติ),01:45,03:45,59.125,58.964,7.191,73.347,66.156,-0.988,ลดลงเล็กน้อย,False,28.766,False,False,False,,False,0.0027,True,False,1,False,False,1.869,44.86,14,2026-10-05,96,True,2e-05,0.1,,44.86,RESIDENTIAL,PVC,0.5532,False,2026-10-06 07:18:40
DM-06-04-01-02,DM-06-04-01-02,C,ok,ไม่พบสัญญาณผิดปกติเชิงสถิติ (ใช้น้ำตามพฤติกรรมปกติ),01:45,03:45,155.875,175.339,5.784,186.908,181.124,-1.431,ลดลงเล็กน้อย,False,23.137,False,False,False,,True,-0.111,True,False,0,False,False,0.0,0.0,14,2026-10-05,96,True,0.0,19.03571,,0.0,RESIDENTIAL,PVC,0.5426,False,2026-10-06 07:18:40
DM-06-04-01-03,DM-06-04-01-03,C,ok,มีสัญญาณเชิงสถิติ แต่ส่วนเกิน MNF อยู่แค่ 0.6 m³/hr (1.1% ของค่าเฉลี่ยฐาน 51.4 m³/hr) ต่ำกว่าเกณฑ์ปริมาณขั้นต่ำที่ตั้งไว้ (20%) — ยังไม่คุ้มส่งตรวจ เฝ้าดูต่อ,03:30,05:30,52.0,51.411,9.794,70.998,61.205,0.988,เพิ่มขึ้นเล็กน้อย,False,39.175,True,False,True,3.0,False,0.0115,True,False,2,True,False,4.089,98.14,14,2026-10-05,96,True,2e-05,0.1,,98.14,RESIDENTIAL,PVC,0.4468,False,2026-10-06 07:18:40
DM-06-04-02-01,DM-06-04-02-01,C,ok,ไม่พบสัญญาณผิดปกติเชิงสถิติ (ใช้น้ำตามพฤติกรรมปกติ),06:00,08:00,23.0,39.277,32.314,103.905,71.591,1.61,เพิ่มขึ้นเล็กน้อย,False,129.256,False,False,False,,True,-0.4144,True,False,1,False,False,7.765,186.36,14,2026-10-05,96,True,2e-05,0.00205,,186.36,RESIDENTIAL,PVC,0.4894,False,2026-10-06 07:18:40
DM-06-04-04-02,DM-06-04-04-02,C,ok,ไม่พบสัญญาณผิดปกติเชิงสถิติ (ใช้น้ำตามพฤติกรรมปกติ),02:00,04:00,66.875,92.888,16.729,126.345,109.617,1.431,เพิ่มขึ้นเล็กน้อย,False,66.914,False,False,False,,True,-0.28,True,False,0,False,False,0.0,0.0,14,2026-10-05,96,True,2e-05,14.55357,,0.0,RESIDENTIAL,PVC,0.5161,False,2026-10-06 07:18:40
DM-06-04-04-03,DM-06-04-04-03,C,ok,ไม่พบสัญญาณผิดปกติเชิงสถิติ (ใช้น้ำตามพฤติกรรมปกติ),02:30,04:30,143.25,160.607,7.299,175.205,167.906,-1.073,ลดลงเล็กน้อย,False,29.195,False,False,False,,True,-0.1081,True,False,2,True,False,0.0,0.0,14,2026-10-05,96,True,0.0,0.1,,0.0,RESIDENTIAL,PVC,0.4468,False,2026-10-06 07:18:40
DM-06-04-04-04,DM-06-04-04-04,C,ok,ไม่พบสัญญาณผิดปกติเชิงสถิติ (ใช้น้ำตามพฤติกรรมปกติ),02:00,04:00,40.25,44.571,3.958,52.487,48.529,0.179,เพิ่มขึ้นเล็กน้อย,False,15.831,False,False,False,,True,-0.097,True,False,0,False,False,0.0,0.0,14,2026-10-05,96,True,3e-05,0.1,,0.0,RESIDENTIAL,PVC,0.5269,False,2026-10-06 07:18:40
DM-06-04-05-02,DM-06-04-05-02,C,ok,ไม่พบสัญญาณผิดปกติเชิงสถิติ (ใช้น้ำตามพฤติกรรมปกติ),02:45,04:45,135.25,155.152,19.998,195.148,175.15,-0.988,ลดลงเล็กน้อย,False,79.992,False,False,False,,True,-0.1283,True,False,2,False,False,0.0,0.0,14,2026-10-05,96,True,0.0,0.1,,0.0,RESIDENTIAL,PVC,0.4681,False,2026-10-06 07:18:40
DM-06-04-05-03,DM-06-04-05-03,C,ok,มีสัญญาณเชิงสถิติ แต่ส่วนเกิน MNF อยู่แค่ 0.1 m³/hr (0.2% ของค่าเฉลี่ยฐาน 41.8 m³/hr) ต่ำกว่าเกณฑ์ปริมาณขั้นต่ำที่ตั้งไว้ (20%) — ยังไม่คุ้มส่งตรวจ เฝ้าดูต่อ,02:15,04:15,41.875,41.777,1.702,45.18,43.478,1.252,เพิ่มขึ้นเล็กน้อย,False,6.806,True,True,True,2.0,False,0.0024,True,False,5,True,False,1.057,25.36,14,2026-10-05,96,True,4e-05,0.1,,25.36,RESIDENTIAL,PVC,0.6452,False,2026-10-06 07:18:40
DM-06-04-06-01,DM-06-04-06-01,C,ok,ไม่พบสัญญาณผิดปกติเชิงสถิติ (ใช้น้ำตามพฤติกรรมปกติ),02:30,04:30,16.0,25.268,10.906,47.08,36.174,-0.635,ลดลงเล็กน้อย,False,43.625,False,False,False,,True,-0.3668,True,False,6,True,False,0.0,0.0,14,2026-10-05,96,True,5e-05,6.39286,,0.0,RESIDENTIAL,PVC,0.5319,False,2026-10-06 07:18:40
DM-06-04-06-05,DM-06-04-06-05,C,ok,ไม่พบสัญญาณผิดปกติเชิงสถิติ (ใช้น้ำตามพฤติกรรมปกติ),02:00,04:00,40.125,39.402,6.673,52.748,46.075,0.0,ทรงตัว,False,26.691,False,False,False,,False,0.0184,True,False,0,False,False,0.723,17.36,14,2026-10-05,57,False,0.0,0.06125,,17.36,RESIDENTIAL,PVC,0.5455,False,2026-10-06 07:18:40
DM-06-04-07-01,DM-06-04-07-01,C,ok,ไม่พบสัญญาณผิดปกติเชิงสถิติ (ใช้น้ำตามพฤติกรรมปกติ),01:00,03:00,95.125,98.786,15.817,130.42,114.603,0.537,เพิ่มขึ้นเล็กน้อย,False,63.269,False,False,False,,True,-0.0371,True,False,3,True,False,10.589,254.14,14,2026-10-05,96,True,1e-05,0.00161,,254.14,RESIDENTIAL,PVC,0.4043,False,2026-10-06 07:18:40
DM-06-04-07-02,DM-06-04-07-02,C,ok,ไม่พบสัญญาณผิดปกติเชิงสถิติ (ใช้น้ำตามพฤติกรรมปกติ),01:30,03:30,119.625,110.17,14.601,139.371,124.77,-1.431,ลดลงเล็กน้อย,False,58.403,False,False,False,,True,0.0858,True,False,5,True,False,0.0,0.0,14,2026-10-05,96,True,1e-05,0.00953,,0.0,RESIDENTIAL,PVC,0.5851,False,2026-10-06 07:18:40
DM-06-04-07-03,DM-06-04-07-03,C,ok,ไม่พบสัญญาณผิดปกติเชิงสถิติ (ใช้น้ำตามพฤติกรรมปกติ),02:00,04:00,133.75,138.027,13.399,164.825,151.426,-0.721,ลดลงเล็กน้อย,False,53.596,False,False,False,,True,-0.031,True,False,3,True,False,0.0,0.0,14,2026-10-05,96,True,1e-05,0.06619,,0.0,RESIDENTIAL,PVC,0.5532,False,2026-10-06 07:18:40
DM-06-04-08-01,DM-06-04-08-01,B,watch,Mann-Kendall ยืนยันแนวโน้มขึ้นต่อเนื่อง,00:45,02:45,85.25,70.759,13.464,97.687,84.223,1.789,เพิ่มขึ้นชัดเจน,True,53.857,False,False,False,,False,0.2048,False,False,3,True,False,14.366,344.79,14,2026-10-05,96,True,1e-05,0.01375,ไกลจาก RTU (> 2 กม. โดยประมาณ),344.79,RESIDENTIAL,PVC,0.4468,False,2026-10-06 07:18:40
DM-06-04-08-02,DM-06-04-08-02,C,ok,MNF ล่าสุด (58.0 m³/hr) / ส่วนเกินเฉลี่ย 3 วัน (-12.0 m³/hr) กลับมาที่ระดับค่าเฉลี่ยฐาน (76.6 m³/hr) แล้ว — ไม่มีน้ำสูญเสียส่วนเกินเหลืออยู่ ถือว่าเหตุการณ์จบ/ซ่อมเสร็จแล้ว จึงไม่ขึ้นเตือน,01:45,03:45,58.0,76.598,24.014,124.626,100.612,0.179,เพิ่มขึ้นเล็กน้อย,False,96.056,False,False,False,,True,-0.2428,True,True,9,True,False,0.0,0.0,14,2026-10-05,96,True,1e-05,0.1,,0.0,RESIDENTIAL,PVC,0.5,False,2026-10-06 07:18:40
DM-06-04-08-03,DM-06-04-08-03,C,ok,ไม่พบสัญญาณผิดปกติเชิงสถิติ (ใช้น้ำตามพฤติกรรมปกติ),02:45,04:45,140.0,157.812,49.866,257.545,207.679,0.716,เพิ่มขึ้นเล็กน้อย,False,199.464,False,False,False,,True,-0.1129,True,False,2,True,False,0.0,0.0,14,2026-10-05,96,True,0.0,0.1,,0.0,RESIDENTIAL,PVC,0.5106,False,2026-10-06 07:18:40
DM-06-05-01-01,DM-06-05-01-01,B,watch,CUSUM สะสมเป็นบวกต่อเนื่อง (ยังไม่ Step-up ฉับพลัน),02:30,04:30,76.25,60.643,7.322,75.287,67.965,-0.358,ลดลงเล็กน้อย,False,29.289,True,False,True,4.0,False,0.2574,False,True,8,False,False,10.399,249.57,14,2026-10-05,96,True,1e-05,0.00476,ไกลจาก RTU (> 2 กม. โดยประมาณ),249.57,RESIDENTIAL,PVC,0.4839,False,2026-10-06 07:18:40
DM-06-05-01-02,DM-06-05-01-02,C,ok,ไม่พบสัญญาณผิดปกติเชิงสถิติ (ใช้น้ำตามพฤติกรรมปกติ),02:00,04:00,33.5,39.304,5.643,50.59,44.947,0.0,ทรงตัว,False,22.573,False,False,False,,True,-0.1477,True,False,0,False,False,0.0,0.0,14,2026-10-05,96,True,6e-05,18.89286,,0.0,RESIDENTIAL,PVC,0.4574,False,2026-10-06 07:18:40
DM-06-05-03-01,DM-06-05-03-01,C,ok,มีสัญญาณเชิงสถิติ แต่ส่วนเกิน MNF อยู่แค่ 4.8 m³/hr (6.3% ของค่าเฉลี่ยฐาน 75.1 m³/hr) ต่ำกว่าเกณฑ์ปริมาณขั้นต่ำที่ตั้งไว้ (20%) — ยังไม่คุ้มส่งตรวจ เฝ้าดูต่อ,01:45,03:45,79.875,75.116,4.622,84.36,79.738,1.789,เพิ่มขึ้นชัดเจน,True,18.487,False,False,False,,False,0.0634,True,False,0,False,False,2.967,71.21,14,2026-10-05,96,True,1e-05,0.00777,,71.21,RESIDENTIAL,PVC,0.5,False,2026-10-06 07:18:40
DM-06-05-03-02,DM-06-05-03-02,C,ok,ไม่พบสัญญาณผิดปกติเชิงสถิติ (ใช้น้ำตามพฤติกรรมปกติ),02:00,04:00,61.875,54.946,5.755,66.457,60.702,1.431,เพิ่มขึ้นเล็กน้อย,False,23.021,False,False,False,,False,0.1261,True,False,1,False,False,2.137,51.29,14,2026-10-05,96,True,2e-05,0.1,,51.29,RESIDENTIAL,PVC,0.4409,False,2026-10-06 07:18:40
DM-06-05-03-03,DM-06-05-03-03,C,ok,MNF ล่าสุด (95.4 m³/hr) / ส่วนเกินเฉลี่ย 3 วัน (+9.9 m³/hr) กลับมาที่ระดับค่าเฉลี่ยฐาน (98.5 m³/hr) แล้ว — ไม่มีน้ำสูญเสียส่วนเกินเหลืออยู่ ถือว่าเหตุการณ์จบ/ซ่อมเสร็จแล้ว จึงไม่ขึ้นเตือน,01:45,03:45,95.375,98.464,5.541,109.547,104.005,0.894,เพิ่มขึ้นเล็กน้อย,False,22.165,True,True,True,3.0,True,-0.0314,True,False,0,False,False,9.869,236.86,14,2026-10-05,96,True,2e-05,15.53571,,236.86,RESIDENTIAL,PVC,0.4731,False,2026-10-06 07:18:40
DM-06-05-04-02,DM-06-05-04-02,C,ok,มีสัญญาณเชิงสถิติ แต่ส่วนเกิน MNF อยู่แค่ 0.8 m³/hr (2.3% ของค่าเฉลี่ยฐาน 35.7 m³/hr) ต่ำกว่าเกณฑ์ปริมาณขั้นต่ำที่ตั้งไว้ (20%) — ยังไม่คุ้มส่งตรวจ เฝ้าดูต่อ,01:45,03:45,36.5,35.688,2.349,40.386,38.037,0.0,ทรงตัว,False,9.397,True,False,True,4.0,False,0.0228,True,False,2,True,False,3.688,88.5,14,2026-10-05,96,True,5e-05,0.1,,88.5,RESIDENTIAL,PVC,0.5,False,2026-10-06 07:18:40
DM-06-05-05-02,DM-06-05-05-02,C,ok,มีสัญญาณเชิงสถิติ แต่ส่วนเกิน MNF อยู่แค่ 8.8 m³/hr (10.8% ของค่าเฉลี่ยฐาน 81.4 m³/hr) ต่ำกว่าเกณฑ์ปริมาณขั้นต่ำที่ตั้งไว้ (20%) — ยังไม่คุ้มส่งตรวจ เฝ้าดูต่อ,02:00,04:00,90.125,81.366,5.094,91.555,86.46,1.968,เพิ่มขึ้นชัดเจน,True,20.377,True,True,True,7.0,False,0.1076,True,True,8,False,False,18.967,455.21,14,2026-10-05,96,True,0.0,4e-05,,455.21,RESIDENTIAL,PVC,0.4574,False,2026-10-06 07:18:40
DM-06-05-05-03,DM-06-05-05-03,C,ok,มีสัญญาณเชิงสถิติ แต่ส่วนเกิน MNF อยู่แค่ 13.9 m³/hr (16.8% ของค่าเฉลี่ยฐาน 82.5 m³/hr) ต่ำกว่าเกณฑ์ปริมาณขั้นต่ำที่ตั้งไว้ (20%) — ยังไม่คุ้มส่งตรวจ เฝ้าดูต่อ,02:00,04:00,96.375,82.518,4.671,91.86,87.189,2.245,เพิ่มขึ้นชัดเจน,True,18.683,True,True,False,8.0,False,0.1679,True,True,14,True,False,19.982,479.57,14,2026-10-05,96,True,1e-05,0.00118,,479.57,RESIDENTIAL,PVC,0.3871,False,2026-10-06 07:18:40
DM-06-05-06-01,DM-06-05-06-01,C,ok,ไม่พบสัญญาณผิดปกติเชิงสถิติ (ใช้น้ำตามพฤติกรรมปกติ),03:00,05:00,69.125,75.393,11.738,98.868,87.13,1.431,เพิ่มขึ้นเล็กน้อย,False,46.95,False,False,False,,True,-0.0831,True,False,0,False,False,4.107,98.57,14,2026-10-05,96,True,2e-05,9.07143,,98.57,RESIDENTIAL,PVC,0.4468,False,2026-10-06 07:18:40
DM-06-05-09-01,DM-06-05-09-01,C,ok,MNF ล่าสุด (58.6 m³/hr) / ส่วนเกินเฉลี่ย 3 วัน (+8.9 m³/hr) กลับมาที่ระดับค่าเฉลี่ยฐาน (60.9 m³/hr) แล้ว — ไม่มีน้ำสูญเสียส่วนเกินเหลืออยู่ ถือว่าเหตุการณ์จบ/ซ่อมเสร็จแล้ว จึงไม่ขึ้นเตือน,02:00,04:00,58.625,60.946,5.447,71.841,66.394,1.61,เพิ่มขึ้นเล็กน้อย,False,21.789,True,True,True,5.0,True,-0.0381,True,False,2,True,False,8.929,214.29,14,2026-10-05,96,True,2e-05,2.37571,,214.29,RESIDENTIAL,PVC,0.5761,False,2026-10-06 07:18:40
DM-06-05-09-02,DM-06-05-09-02,C,ok,มีสัญญาณเชิงสถิติ แต่ส่วนเกิน MNF อยู่แค่ 23.7 m³/hr (19.6% ของค่าเฉลี่ยฐาน 120.6 m³/hr) ต่ำกว่าเกณฑ์ปริมาณขั้นต่ำที่ตั้งไว้ (20%) — ยังไม่คุ้มส่งตรวจ เฝ้าดูต่อ,00:30,02:30,144.25,120.58,15.225,151.03,135.805,0.0,ทรงตัว,False,60.899,True,False,True,5.0,False,0.1963,True,False,2,True,False,19.586,470.07,14,2026-10-05,96,True,1e-05,0.1,,470.07,RESIDENTIAL,PVC,0.5106,False,2026-10-06 07:18:40
DM-06-05-09-03,DM-06-05-09-03,B,watch,Flow สูงกว่าเกณฑ์ต่อเนื่อง 35 intervals พร้อมแรงดันตก แต่ไม่ใช่การเปลี่ยนแปลงฉับพลันใน 1-2 วัน (น่าจะเป็นรั่วที่ดำเนินมาระยะหนึ่งแล้วและขยายจนคงที่) — ควรตรวจสอบโดยเร็วแต่ไม่ใช่เหตุฉุกเฉินแบบท่อแตกใหม่,01:15,03:15,76.75,62.295,4.605,71.504,66.899,0.179,เพิ่มขึ้นเล็กน้อย,False,18.418,True,False,True,5.0,False,0.232,False,True,35,True,False,13.122,314.93,14,2026-10-05,96,True,2e-05,0.00062,ไกลจาก RTU (> 2 กม. โดยประมาณ),314.93,RESIDENTIAL,PVC,0.4891,False,2026-10-06 07:18:40
DM-06-05-10-02,DM-06-05-10-02,C,ok,ไม่พบสัญญาณผิดปกติเชิงสถิติ (ใช้น้ำตามพฤติกรรมปกติ),01:00,03:00,90.0,94.286,7.753,109.792,102.039,0.449,เพิ่มขึ้นเล็กน้อย,False,31.012,False,False,False,,True,-0.0455,True,False,2,True,False,0.048,1.14,14,2026-10-05,96,True,1e-05,7.53571,,1.14,RESIDENTIAL,PVC,0.4043,False,2026-10-06 07:18:40
DM-06-05-10-03,DM-06-05-10-03,B,watch,CUSUM สะสมเป็นบวกต่อเนื่อง (ยังไม่ Step-up ฉับพลัน),00:00,02:00,53.25,25.304,7.95,41.204,33.254,-1.073,ลดลงเล็กน้อย,False,31.801,True,False,True,1.0,False,1.1044,False,False,3,True,False,1.863,44.71,14,2026-10-05,96,True,7e-05,2.5,ไกลจาก RTU (> 2 กม. โดยประมาณ),44.71,RESIDENTIAL,PVC,0.4681,False,2026-10-06 07:18:40
DM-06-06-01-02,DM-06-06-01-02,C,ok,ไม่พบสัญญาณผิดปกติเชิงสถิติ (ใช้น้ำตามพฤติกรรมปกติ),02:15,04:15,95.375,106.232,8.353,122.939,114.586,0.0,ทรงตัว,False,33.414,False,False,False,,True,-0.1022,True,False,0,False,False,0.0,0.0,14,2026-10-05,96,True,1e-05,0.84385,,0.0,RESIDENTIAL,PVC,0.4409,False,2026-10-06 07:18:40
DM-06-06-03-01,DM-06-06-03-01,C,ok,ไม่พบสัญญาณผิดปกติเชิงสถิติ (ใช้น้ำตามพฤติกรรมปกติ),02:45,04:45,108.5,113.679,10.066,133.811,123.745,1.073,เพิ่มขึ้นเล็กน้อย,False,40.265,False,False,False,,True,-0.0456,True,False,1,True,False,7.488,179.71,14,2026-10-05,96,True,1e-05,0.00831,,179.71,RESIDENTIAL,PVC,0.6237,False,2026-10-06 07:18:40
DM-06-06-03-02,DM-06-06-03-02,B,watch,CUSUM สะสมเป็นบวกต่อเนื่อง (ยังไม่ Step-up ฉับพลัน),00:15,02:15,145.0,108.938,21.926,152.789,130.863,1.252,เพิ่มขึ้นเล็กน้อย,False,87.702,True,True,False,11.0,False,0.331,False,False,3,True,False,33.354,800.5,14,2026-10-05,96,True,1e-05,0.00023,ใกล้กับ RTU (< 2 กม. โดยประมาณ),800.5,RESIDENTIAL,PVC,0.4624,False,2026-10-06 07:18:40
DM-06-06-04-01,DM-06-06-04-01,C,ok,มีสัญญาณเชิงสถิติ แต่ส่วนเกิน MNF อยู่แค่ 6.8 m³/hr (6.1% ของค่าเฉลี่ยฐาน 111.4 m³/hr) ต่ำกว่าเกณฑ์ปริมาณขั้นต่ำที่ตั้งไว้ (20%) — ยังไม่คุ้มส่งตรวจ เฝ้าดูต่อ,03:00,05:00,118.25,111.438,4.064,119.566,115.502,0.894,เพิ่มขึ้นเล็กน้อย,False,16.257,True,False,True,3.0,False,0.0611,True,False,2,True,False,5.688,136.5,14,2026-10-05,96,True,0.0,0.04744,,136.5,RESIDENTIAL,PVC,0.4681,False,2026-10-06 07:18:40
DM-06-06-05-01,DM-06-06-05-01,C,ok,ไม่พบสัญญาณผิดปกติเชิงสถิติ (ใช้น้ำตามพฤติกรรมปกติ),01:15,03:15,61.0,63.161,2.43,68.02,65.59,0.449,เพิ่มขึ้นเล็กน้อย,False,9.718,False,False,False,,True,-0.0342,True,False,2,True,False,0.0,0.0,14,2026-10-05,96,True,9e-05,69.28571,,0.0,RESIDENTIAL,PVC,0.6915,False,2026-10-06 07:18:40
DM-06-06-05-02,DM-06-06-05-02,C,ok,ไม่พบสัญญาณผิดปกติเชิงสถิติ (ใช้น้ำตามพฤติกรรมปกติ),02:15,04:15,64.25,58.027,16.795,91.617,74.822,-0.179,ลดลงเล็กน้อย,False,67.18,False,False,False,,False,0.1072,True,False,5,True,False,10.765,258.36,14,2026-10-05,96,True,1e-05,0.0029,,258.36,RESIDENTIAL,PVC,0.4894,False,2026-10-06 07:18:40
DM-06-06-06-03,DM-06-06-06-03,C,ok,ไม่พบสัญญาณผิดปกติเชิงสถิติ (ใช้น้ำตามพฤติกรรมปกติ),02:45,04:45,162.875,140.598,8.922,158.443,149.521,-0.358,ลดลงเล็กน้อย,False,35.689,False,False,False,,False,0.1584,True,False,3,True,False,0.318,7.64,14,2026-10-05,96,True,1e-05,0.02445,,7.64,RESIDENTIAL,PVC,0.5,False,2026-10-06 07:18:40
DM-06-06-06-04,DM-06-06-06-04,B,watch,CUSUM สะสมเป็นบวกต่อเนื่อง (ยังไม่ Step-up ฉับพลัน),03:30,05:30,109.375,90.339,9.605,109.549,99.944,-1.431,ลดลงเล็กน้อย,False,38.42,True,False,True,3.0,False,0.2107,False,False,2,True,False,16.661,399.86,14,2026-10-05,96,True,1e-05,0.07414,ไกลจาก RTU (> 2 กม. โดยประมาณ),399.86,RESIDENTIAL,PVC,0.4255,False,2026-10-06 07:18:40
DM-06-06-07-01,DM-06-06-07-01,C,ok,ไม่พบสัญญาณผิดปกติเชิงสถิติ (ใช้น้ำตามพฤติกรรมปกติ),02:15,04:15,100.875,98.062,6.242,110.547,104.305,-1.61,ลดลงเล็กน้อย,False,24.969,False,False,False,,True,0.0287,True,False,2,True,False,0.0,0.0,14,2026-10-05,96,True,1e-05,10.10714,,0.0,RESIDENTIAL,PVC,0.4891,False,2026-10-06 07:18:40
DM-06-06-07-02,DM-06-06-07-02,C,ok,ไม่พบสัญญาณผิดปกติเชิงสถิติ (ใช้น้ำตามพฤติกรรมปกติ),00:00,02:00,18.25,19.607,2.338,24.284,21.946,0.0,ทรงตัว,False,9.354,False,False,False,,True,-0.0692,True,False,2,True,False,0.0,0.0,14,2026-10-05,96,True,0.00019,3.30114,,0.0,RESIDENTIAL,PVC,0.4409,False,2026-10-06 07:18:40
DM-06-06-07-03,DM-06-06-07-03,C,ok,มีสัญญาณเชิงสถิติ แต่ส่วนเกิน MNF อยู่แค่ 36.0 m³/hr (13.0% ของค่าเฉลี่ยฐาน 276.8 m³/hr) ต่ำกว่าเกณฑ์ปริมาณขั้นต่ำที่ตั้งไว้ (20%) — ยังไม่คุ้มส่งตรวจ เฝ้าดูต่อ,03:00,05:00,312.875,276.839,22.385,321.61,299.225,2.683,เพิ่มขึ้นชัดเจน,True,89.541,False,False,False,,False,0.1302,True,False,2,True,False,26.952,646.86,14,2026-10-05,96,True,0.0,0.00092,,646.86,RESIDENTIAL,PVC,0.4255,False,2026-10-06 07:18:40
DM-06-06-08-01,DM-06-06-08-01,C,ok,ไม่พบสัญญาณผิดปกติเชิงสถิติ (ใช้น้ำตามพฤติกรรมปกติ),00:00,02:00,126.5,132.357,6.738,145.833,139.095,0.449,เพิ่มขึ้นเล็กน้อย,False,26.952,False,False,False,,True,-0.0443,True,False,2,False,False,0.0,0.0,14,2026-10-05,96,True,1e-05,3.39578,,0.0,RESIDENTIAL,PVC,0.5638,False,2026-10-06 07:18:40
DM-06-06-08-03,DM-06-06-08-03,C,ok,ไม่พบสัญญาณผิดปกติเชิงสถิติ (ใช้น้ำตามพฤติกรรมปกติ),02:00,04:00,61.125,62.732,3.592,69.916,66.324,0.537,เพิ่มขึ้นเล็กน้อย,False,14.367,False,False,False,,True,-0.0256,True,False,0,False,False,0.0,0.0,14,2026-10-05,96,True,2e-05,2.03571,,0.0,RESIDENTIAL,PVC,0.4894,False,2026-10-06 07:18:40
DM-06-06-09-01,DM-06-06-09-01,C,ok,ไม่พบสัญญาณผิดปกติเชิงสถิติ (ใช้น้ำตามพฤติกรรมปกติ),02:00,04:00,127.75,176.83,11.696,200.222,188.526,-0.358,ลดลงเล็กน้อย,False,46.783,False,False,False,,True,-0.2776,True,False,0,False,False,0.0,0.0,14,2026-10-05,96,True,0.0,0.1,,0.0,RESIDENTIAL,PVC,0.6129,False,2026-10-06 07:18:40
DM-06-06-09-02,DM-06-06-09-02,C,ok,ไม่พบสัญญาณผิดปกติเชิงสถิติ (ใช้น้ำตามพฤติกรรมปกติ),03:15,05:15,78.25,76.482,18.321,113.124,94.803,-1.347,ลดลงเล็กน้อย,False,73.284,False,False,False,,True,0.0231,True,False,1,True,False,0.0,0.0,14,2026-10-05,96,True,3e-05,2.77901,,0.0,RESIDENTIAL,PVC,0.4255,False,2026-10-06 07:18:40
DM-06-06-10-02,DM-06-06-10-02,C,ok,ไม่พบสัญญาณผิดปกติเชิงสถิติ (ใช้น้ำตามพฤติกรรมปกติ),01:00,03:00,26.0,30.946,8.559,48.065,39.506,0.358,เพิ่มขึ้นเล็กน้อย,False,34.238,False,False,False,,True,-0.1598,True,False,1,True,False,0.0,0.0,14,2026-10-05,96,True,3e-05,0.1,,0.0,RESIDENTIAL,PVC,0.5,False,2026-10-06 07:18:40
DM-06-06-12-01,DM-06-06-12-01,C,ok,ไม่พบสัญญาณผิดปกติเชิงสถิติ (ใช้น้ำตามพฤติกรรมปกติ),01:00,03:00,21.125,42.312,7.859,58.031,50.172,0.0,ทรงตัว,False,31.436,False,False,False,,True,-0.5007,True,False,2,True,False,0.0,0.0,14,2026-10-05,96,True,1e-05,0.1,,0.0,RESIDENTIAL,PVC,0.3978,False,2026-10-06 07:18:40
DM-07-01-01-01,DM-07-01-01-01,C,ok,MNF ล่าสุด (257.6 m³/hr) / ส่วนเกินเฉลี่ย 3 วัน (+7.8 m³/hr) กลับมาที่ระดับค่าเฉลี่ยฐาน (257.9 m³/hr) แล้ว — ไม่มีน้ำสูญเสียส่วนเกินเหลืออยู่ ถือว่าเหตุการณ์จบ/ซ่อมเสร็จแล้ว จึงไม่ขึ้นเตือน,00:00,02:00,257.625,257.92,8.292,274.504,266.212,0.629,เพิ่มขึ้นเล็กน้อย,False,33.168,True,True,False,9.0,True,-0.0011,True,True,8,True,False,7.83,187.93,14,2026-10-05,96,True,0.0,0.00044,,187.93,RESIDENTIAL,PVC,0.5376,False,2026-10-06 07:18:40
DM-07-01-02-02,DM-07-01-02-02,C,ok,ไม่พบสัญญาณผิดปกติเชิงสถิติ (ใช้น้ำตามพฤติกรรมปกติ),01:45,03:45,203.25,211.973,10.918,233.809,222.891,-0.716,ลดลงเล็กน้อย,False,43.671,False,False,False,,True,-0.0412,True,False,1,False,False,0.0,0.0,14,2026-10-05,96,True,0.0,0.03811,,0.0,RESIDENTIAL,PVC,0.4149,False,2026-10-06 07:18:40
DM-07-01-04-01,DM-07-01-04-01,A,alert,Flow สูงกว่าเกณฑ์ต่อเนื่อง 96 intervals + CUSUM ขยับฐานฉับพลันและเพิ่งตัดเกณฑ์ใน 7 วันล่าสุด + แรงดันตกยืนยัน,01:15,03:15,144.625,99.946,8.612,117.171,108.559,2.504,เพิ่มขึ้นชัดเจน,True,34.449,True,True,True,3.0,False,0.447,False,True,96,True,False,54.72,1313.29,14,2026-10-05,96,True,1e-05,7e-05,ใกล้กับ RTU (< 2 กม. โดยประมาณ),1313.29,RESIDENTIAL,PVC,0.4787,False,2026-10-06 07:18:40
DM-07-01-04-02,DM-07-01-04-02,C,ok,ไม่พบสัญญาณผิดปกติเชิงสถิติ (ใช้น้ำตามพฤติกรรมปกติ),01:30,03:30,144.5,139.929,7.164,154.256,147.092,0.0,ทรงตัว,False,28.655,False,False,False,,False,0.0327,True,False,3,True,False,6.571,157.71,14,2026-10-05,96,True,1e-05,0.00575,,157.71,RESIDENTIAL,PVC,0.4839,False,2026-10-06 07:18:40
DM-07-01-04-04,DM-07-01-04-04,C,ok,MNF ล่าสุด (50.6 m³/hr) / ส่วนเกินเฉลี่ย 3 วัน (+28.1 m³/hr) กลับมาที่ระดับค่าเฉลี่ยฐาน (56.1 m³/hr) แล้ว — ไม่มีน้ำสูญเสียส่วนเกินเหลืออยู่ ถือว่าเหตุการณ์จบ/ซ่อมเสร็จแล้ว จึงไม่ขึ้นเตือน,01:30,03:30,50.625,56.054,10.124,76.301,66.177,0.629,เพิ่มขึ้นเล็กน้อย,False,40.495,True,True,True,1.0,True,-0.0968,True,False,1,True,False,28.113,674.71,14,2026-10-05,96,True,1e-05,0.1,,674.71,RESIDENTIAL,PVC,0.5,False,2026-10-06 07:18:40
DM-07-01-05-04,DM-07-01-05-04,C,ok,ไม่พบสัญญาณผิดปกติเชิงสถิติ (ใช้น้ำตามพฤติกรรมปกติ),01:30,03:30,73.375,74.71,3.832,82.375,78.542,-0.808,ลดลงเล็กน้อย,False,15.33,False,False,False,,True,-0.0179,True,False,1,True,False,0.165,3.96,14,2026-10-05,96,True,2e-05,0.13697,,3.96,RESIDENTIAL,PVC,0.4409,False,2026-10-06 07:18:40
DM-07-01-06-01,DM-07-01-06-01,C,ok,ไม่พบสัญญาณผิดปกติเชิงสถิติ (ใช้น้ำตามพฤติกรรมปกติ),01:15,03:15,85.375,87.5,7.672,102.844,95.172,0.0,ทรงตัว,False,30.687,False,False,False,,True,-0.0243,True,False,2,True,False,0.0,0.0,14,2026-10-05,96,True,1e-05,0.11517,,0.0,RESIDENTIAL,PVC,0.5532,False,2026-10-06 07:18:40
DM-07-01-06-02,DM-07-01-06-02,C,ok,ไม่พบสัญญาณผิดปกติเชิงสถิติ (ใช้น้ำตามพฤติกรรมปกติ),01:30,03:30,134.75,133.964,14.291,162.546,148.255,0.179,เพิ่มขึ้นเล็กน้อย,False,57.164,False,False,False,,False,0.0059,True,False,0,False,False,0.411,9.86,14,2026-10-05,96,True,0.0,0.1,,9.86,RESIDENTIAL,PVC,0.5426,False,2026-10-06 07:18:40
DM-07-01-06-04,DM-07-01-06-04,B,watch,CUSUM สะสมเป็นบวกต่อเนื่อง (ยังไม่ Step-up ฉับพลัน),02:15,04:15,51.5,31.33,19.582,70.494,50.912,0.894,เพิ่มขึ้นเล็กน้อย,False,78.326,True,True,False,10.0,False,0.6438,False,False,3,False,False,22.128,531.07,14,2026-10-05,96,True,0.0,0.0,ใกล้กับ RTU (< 2 กม. โดยประมาณ),531.07,RESIDENTIAL,PVC,0.5269,False,2026-10-06 07:18:40
DM-07-01-07-01,DM-07-01-07-01,C,ok,MNF ล่าสุด (150.8 m³/hr) / ส่วนเกินเฉลี่ย 3 วัน (-9.0 m³/hr) กลับมาที่ระดับค่าเฉลี่ยฐาน (163.3 m³/hr) แล้ว — ไม่มีน้ำสูญเสียส่วนเกินเหลืออยู่ ถือว่าเหตุการณ์จบ/ซ่อมเสร็จแล้ว จึงไม่ขึ้นเตือน,01:15,03:15,150.75,163.312,15.022,193.356,178.334,-1.968,ลดลงชัดเจน,True,60.087,False,False,False,,True,-0.0769,True,False,0,False,False,0.0,0.0,14,2026-10-05,96,True,0.0,1.03571,,0.0,RESIDENTIAL,PVC,0.4787,False,2026-10-06 07:18:40
DM-07-01-07-02,DM-07-01-07-02,C,ok,MNF ล่าสุด (136.0 m³/hr) / ส่วนเกินเฉลี่ย 3 วัน (-4.5 m³/hr) กลับมาที่ระดับค่าเฉลี่ยฐาน (143.1 m³/hr) แล้ว — ไม่มีน้ำสูญเสียส่วนเกินเหลืออยู่ ถือว่าเหตุการณ์จบ/ซ่อมเสร็จแล้ว จึงไม่ขึ้นเตือน,01:15,03:15,136.0,143.098,14.502,172.101,157.6,-1.789,ลดลงชัดเจน,True,58.006,False,False,False,,True,-0.0496,True,False,1,False,False,0.0,0.0,14,2026-10-05,96,True,1e-05,17.14286,,0.0,RESIDENTIAL,PVC,0.4787,False,2026-10-06 07:18:40
DM-07-01-08-02,DM-07-01-08-02,C,ok,มีสัญญาณเชิงสถิติ แต่ส่วนเกิน MNF อยู่แค่ 6.6 m³/hr (5.6% ของค่าเฉลี่ยฐาน 119.1 m³/hr) ต่ำกว่าเกณฑ์ปริมาณขั้นต่ำที่ตั้งไว้ (20%) — ยังไม่คุ้มส่งตรวจ เฝ้าดูต่อ,01:30,03:30,125.75,119.125,8.013,135.15,127.138,2.326,เพิ่มขึ้นชัดเจน,True,32.051,False,False,False,,False,0.0556,True,False,0,False,False,2.792,67.0,14,2026-10-05,96,True,1e-05,0.1,,67.0,RESIDENTIAL,PVC,0.5106,False,2026-10-06 07:18:40
DM-07-01-09-02,DM-07-01-09-02,C,ok,มีสัญญาณเชิงสถิติ แต่ส่วนเกิน MNF อยู่แค่ 1.5 m³/hr (4.3% ของค่าเฉลี่ยฐาน 35.1 m³/hr) ต่ำกว่าเกณฑ์ปริมาณขั้นต่ำที่ตั้งไว้ (20%) — ยังไม่คุ้มส่งตรวจ เฝ้าดูต่อ,23:30,01:30,36.625,35.112,2.885,40.881,37.997,-0.716,ลดลงเล็กน้อย,False,11.54,True,False,True,3.0,False,0.0431,True,False,1,False,False,1.597,38.32,14,2026-10-05,96,True,8e-05,0.11824,,38.32,RESIDENTIAL,PVC,0.5213,False,2026-10-06 07:18:40
DM-07-01-09-03,DM-07-01-09-03,C,ok,MNF ล่าสุด (107.8 m³/hr) / ส่วนเกินเฉลี่ย 3 วัน (-24.7 m³/hr) กลับมาที่ระดับค่าเฉลี่ยฐาน (131.3 m³/hr) แล้ว — ไม่มีน้ำสูญเสียส่วนเกินเหลืออยู่ ถือว่าเหตุการณ์จบ/ซ่อมเสร็จแล้ว จึงไม่ขึ้นเตือน,00:00,02:00,107.75,131.304,10.519,152.341,141.822,-1.968,ลดลงชัดเจน,True,42.074,False,False,False,,True,-0.1794,True,False,0,False,False,0.0,0.0,14,2026-10-05,96,True,0.0,13.17857,,0.0,RESIDENTIAL,PVC,0.5532,False,2026-10-06 07:18:40
DM-07-01-10-01,DM-07-01-10-01,C,ok,ไม่พบสัญญาณผิดปกติเชิงสถิติ (ใช้น้ำตามพฤติกรรมปกติ),01:45,03:45,140.875,143.33,10.034,163.398,153.364,0.0,ทรงตัว,False,40.136,False,False,False,,True,-0.0171,True,False,2,True,False,0.0,0.0,14,2026-10-05,96,True,1e-05,0.01372,,0.0,RESIDENTIAL,PVC,0.5532,False,2026-10-06 07:18:40
DM-07-01-11-01,DM-07-01-11-01,C,ok,ไม่พบสัญญาณผิดปกติเชิงสถิติ (ใช้น้ำตามพฤติกรรมปกติ),01:30,03:30,47.75,47.982,4.216,56.414,52.198,-0.358,ลดลงเล็กน้อย,False,16.864,False,False,False,,True,-0.0048,True,False,2,False,False,0.851,20.43,14,2026-10-05,96,True,3e-05,11.57143,,20.43,RESIDENTIAL,PVC,0.5652,False,2026-10-06 07:18:40
DM-07-01-11-03,DM-07-01-11-03,C,ok,ไม่พบสัญญาณผิดปกติเชิงสถิติ (ใช้น้ำตามพฤติกรรมปกติ),01:15,03:15,163.875,164.286,12.071,188.427,176.357,-0.358,ลดลงเล็กน้อย,False,48.284,False,False,False,,True,-0.0025,True,False,1,False,False,0.0,0.0,14,2026-10-05,96,True,0.0,1.13679,,0.0,RESIDENTIAL,PVC,0.4409,False,2026-10-06 07:18:40
DM-07-04-01-01,DM-07-04-01-01,C,ok,MNF ล่าสุด (138.2 m³/hr) / ส่วนเกินเฉลี่ย 3 วัน (+6.8 m³/hr) กลับมาที่ระดับค่าเฉลี่ยฐาน (140.3 m³/hr) แล้ว — ไม่มีน้ำสูญเสียส่วนเกินเหลืออยู่ ถือว่าเหตุการณ์จบ/ซ่อมเสร็จแล้ว จึงไม่ขึ้นเตือน,02:15,04:15,138.25,140.321,4.798,149.917,145.119,2.326,เพิ่มขึ้นชัดเจน,True,19.191,True,True,True,4.0,True,-0.0148,True,False,2,True,False,6.804,163.29,14,2026-10-05,96,True,1e-05,0.32165,,163.29,RESIDENTIAL,PVC,0.4787,False,2026-10-06 07:18:40
DM-07-04-02-01,DM-07-04-02-01,C,ok,ไม่พบสัญญาณผิดปกติเชิงสถิติ (ใช้น้ำตามพฤติกรรมปกติ),02:15,04:15,131.625,161.277,14.677,190.63,175.954,0.0,ทรงตัว,False,58.707,False,False,False,,True,-0.1839,True,False,0,False,False,0.0,0.0,14,2026-10-05,96,True,0.0,19.17857,,0.0,RESIDENTIAL,PVC,0.4149,False,2026-10-06 07:18:40
DM-07-04-02-02,DM-07-04-02-02,B,watch,Flow สูงกว่าเกณฑ์ต่อเนื่อง 12 intervals พร้อมแรงดันตก แต่ไม่ใช่การเปลี่ยนแปลงฉับพลันใน 1-2 วัน (น่าจะเป็นรั่วที่ดำเนินมาระยะหนึ่งแล้วและขยายจนคงที่) — ควรตรวจสอบโดยเร็วแต่ไม่ใช่เหตุฉุกเฉินแบบท่อแตกใหม่,02:30,04:30,123.25,73.92,14.329,102.578,88.249,0.537,เพิ่มขึ้นเล็กน้อย,False,57.316,False,False,False,,False,0.6674,False,True,12,True,False,12.372,296.93,14,2026-10-05,96,True,2e-05,25.35714,ไกลจาก RTU (> 2 กม. โดยประมาณ),296.93,RESIDENTIAL,PVC,0.3804,False,2026-10-06 07:18:40
DM-07-04-05-01,DM-07-04-05-01,C,ok,มีสัญญาณเชิงสถิติ แต่ส่วนเกิน MNF อยู่แค่ 9.1 m³/hr (11.2% ของค่าเฉลี่ยฐาน 80.9 m³/hr) ต่ำกว่าเกณฑ์ปริมาณขั้นต่ำที่ตั้งไว้ (20%) — ยังไม่คุ้มส่งตรวจ เฝ้าดูต่อ,01:30,03:30,90.0,80.906,14.439,109.784,95.345,1.789,เพิ่มขึ้นชัดเจน,True,57.755,False,False,False,,False,0.1124,True,False,0,False,False,1.927,46.25,14,2026-10-05,96,True,1e-05,1.09536,,46.25,RESIDENTIAL,PVC,0.4946,False,2026-10-06 07:18:40
DM-07-04-06-01,DM-07-04-06-01,C,ok,ไม่พบสัญญาณผิดปกติเชิงสถิติ (ใช้น้ำตามพฤติกรรมปกติ),02:00,04:00,106.5,108.348,8.062,124.472,116.41,1.431,เพิ่มขึ้นเล็กน้อย,False,32.247,False,False,False,,True,-0.0171,True,False,2,True,False,0.0,0.0,14,2026-10-05,96,True,1e-05,31.10714,,0.0,RESIDENTIAL,PVC,0.5,False,2026-10-06 07:18:40
DM-07-04-07-01,DM-07-04-07-01,C,ok,มีสัญญาณเชิงสถิติ แต่ส่วนเกิน MNF อยู่แค่ 2.9 m³/hr (4.4% ของค่าเฉลี่ยฐาน 66.8 m³/hr) ต่ำกว่าเกณฑ์ปริมาณขั้นต่ำที่ตั้งไว้ (20%) — ยังไม่คุ้มส่งตรวจ เฝ้าดูต่อ,02:15,04:15,69.75,66.839,7.043,80.925,73.882,-0.537,ลดลงเล็กน้อย,False,28.172,True,True,True,5.0,False,0.0435,True,False,5,True,False,1.994,47.86,14,2026-10-05,96,True,4e-05,26.75,,47.86,RESIDENTIAL,PVC,0.4301,False,2026-10-06 07:18:40
DM-07-04-08-01,DM-07-04-08-01,C,ok,ไม่พบสัญญาณผิดปกติเชิงสถิติ (ใช้น้ำตามพฤติกรรมปกติ),01:15,03:15,70.375,73.312,10.548,94.409,83.861,1.61,เพิ่มขึ้นเล็กน้อย,False,42.194,False,False,False,,True,-0.0401,True,False,3,True,False,0.0,0.0,14,2026-10-05,96,True,2e-05,0.04034,,0.0,RESIDENTIAL,PVC,0.5714,False,2026-10-06 07:18:40
DM-07-04-08-02,DM-07-04-08-02,C,ok,MNF ล่าสุด (57.1 m³/hr) / ส่วนเกินเฉลี่ย 3 วัน (+5.2 m³/hr) กลับมาที่ระดับค่าเฉลี่ยฐาน (57.4 m³/hr) แล้ว — ไม่มีน้ำสูญเสียส่วนเกินเหลืออยู่ ถือว่าเหตุการณ์จบ/ซ่อมเสร็จแล้ว จึงไม่ขึ้นเตือน,02:15,04:15,57.125,57.429,5.771,68.971,63.2,-0.894,ลดลงเล็กน้อย,False,23.085,True,False,True,4.0,True,-0.0053,True,False,2,False,False,5.155,123.71,14,2026-10-05,96,True,1e-05,0.00417,,123.71,RESIDENTIAL,PVC,0.4894,False,2026-10-06 07:18:40
DM-07-04-11-01,DM-07-04-11-01,C,ok,มีสัญญาณเชิงสถิติ แต่ส่วนเกิน MNF อยู่แค่ 1.0 m³/hr (1.8% ของค่าเฉลี่ยฐาน 58.2 m³/hr) ต่ำกว่าเกณฑ์ปริมาณขั้นต่ำที่ตั้งไว้ (20%) — ยังไม่คุ้มส่งตรวจ เฝ้าดูต่อ,02:15,04:15,59.25,58.223,3.192,64.607,61.415,1.431,เพิ่มขึ้นเล็กน้อย,False,12.767,True,True,True,3.0,False,0.0176,True,False,1,True,False,3.443,82.64,14,2026-10-05,96,True,3e-05,0.12206,,82.64,RESIDENTIAL,PVC,0.5213,False,2026-10-06 07:18:40
DM-07-04-11-03,DM-07-04-11-03,C,ok,มีสัญญาณเชิงสถิติ แต่ส่วนเกิน MNF อยู่แค่ 5.3 m³/hr (3.4% ของค่าเฉลี่ยฐาน 155.3 m³/hr) ต่ำกว่าเกณฑ์ปริมาณขั้นต่ำที่ตั้งไว้ (20%) — ยังไม่คุ้มส่งตรวจ เฝ้าดูต่อ,02:30,04:30,160.625,155.286,15.035,185.355,170.32,1.252,เพิ่มขึ้นเล็กน้อย,False,60.138,True,True,True,3.0,False,0.0344,True,False,1,True,False,21.006,504.14,14,2026-10-05,96,True,1e-05,0.07557,,504.14,RESIDENTIAL,PVC,0.5484,False,2026-10-06 07:18:40
DM-07-04-12-01,DM-07-04-12-01,C,ok,MNF ล่าสุด (69.9 m³/hr) / ส่วนเกินเฉลี่ย 3 วัน (-36.6 m³/hr) กลับมาที่ระดับค่าเฉลี่ยฐาน (103.7 m³/hr) แล้ว — ไม่มีน้ำสูญเสียส่วนเกินเหลืออยู่ ถือว่าเหตุการณ์จบ/ซ่อมเสร็จแล้ว จึงไม่ขึ้นเตือน,02:45,04:45,69.875,103.732,16.063,135.859,119.795,2.326,เพิ่มขึ้นชัดเจน,True,64.253,False,False,False,,True,-0.3264,True,False,0,False,False,0.0,0.0,14,2026-10-05,96,True,2e-05,21.75,,0.0,RESIDENTIAL,PVC,0.4362,False,2026-10-06 07:18:40
DM-07-04-12-02,DM-07-04-12-02,C,ok,ไม่พบสัญญาณผิดปกติเชิงสถิติ (ใช้น้ำตามพฤติกรรมปกติ),02:30,04:30,106.25,104.214,8.226,120.666,112.44,0.537,เพิ่มขึ้นเล็กน้อย,False,32.903,False,False,False,,False,0.0195,True,False,2,True,False,0.911,21.86,14,2026-10-05,96,True,1e-05,0.57483,,21.86,RESIDENTIAL,PVC,0.5161,False,2026-10-06 07:18:40
DM-07-04-13-02,DM-07-04-13-02,C,ok,ไม่พบสัญญาณผิดปกติเชิงสถิติ (ใช้น้ำตามพฤติกรรมปกติ),01:30,03:30,15.25,42.125,5.831,53.787,47.956,0.0,ทรงตัว,False,23.323,False,False,False,,True,-0.638,True,False,0,False,False,0.0,0.0,14,2026-10-05,96,True,0.00012,34.5,,0.0,RESIDENTIAL,PVC,0.4787,False,2026-10-06 07:18:40
DM-07-04-14-01,DM-07-04-14-01,C,ok,มีสัญญาณเชิงสถิติ แต่ส่วนเกิน MNF อยู่แค่ 4.0 m³/hr (4.5% ของค่าเฉลี่ยฐาน 88.0 m³/hr) ต่ำกว่าเกณฑ์ปริมาณขั้นต่ำที่ตั้งไว้ (20%) — ยังไม่คุ้มส่งตรวจ เฝ้าดูต่อ,01:15,03:15,92.0,88.04,2.77,93.581,90.81,0.894,เพิ่มขึ้นเล็กน้อย,False,11.081,True,True,False,9.0,False,0.045,True,False,2,True,False,5.085,122.04,14,2026-10-05,96,True,1e-05,0.00803,,122.04,RESIDENTIAL,PVC,0.5161,False,2026-10-06 07:18:40
DM-07-04-15-01,DM-07-04-15-01,C,ok,ไม่พบสัญญาณผิดปกติเชิงสถิติ (ใช้น้ำตามพฤติกรรมปกติ),02:15,04:15,104.5,111.768,19.447,150.663,131.215,0.894,เพิ่มขึ้นเล็กน้อย,False,77.79,False,False,False,,True,-0.065,True,False,0,False,False,0.0,0.0,14,2026-10-05,96,True,1e-05,33.75,,0.0,RESIDENTIAL,PVC,0.4624,False,2026-10-06 07:18:40
DM-07-04-15-02,DM-07-04-15-02,C,ok,ไม่พบสัญญาณผิดปกติเชิงสถิติ (ใช้น้ำตามพฤติกรรมปกติ),02:15,04:15,85.25,82.929,6.128,95.185,89.057,1.431,เพิ่มขึ้นเล็กน้อย,False,24.514,False,False,False,,False,0.028,True,False,0,False,False,2.238,53.71,14,2026-10-05,96,True,0.0,4.67857,,53.71,RESIDENTIAL,PVC,0.4468,False,2026-10-06 07:18:40
DM-07-04-16-01,DM-07-04-16-01,C,ok,มีสัญญาณเชิงสถิติ แต่ส่วนเกิน MNF อยู่แค่ 12.3 m³/hr (14.5% ของค่าเฉลี่ยฐาน 84.5 m³/hr) ต่ำกว่าเกณฑ์ปริมาณขั้นต่ำที่ตั้งไว้ (20%) — ยังไม่คุ้มส่งตรวจ เฝ้าดูต่อ,01:15,03:15,96.75,84.482,17.695,119.872,102.177,0.0,ทรงตัว,False,70.78,False,False,False,,False,0.1452,True,True,9,False,False,14.56,349.43,14,2026-10-05,96,True,0.0,0.00059,,349.43,RESIDENTIAL,PVC,0.5745,False,2026-10-06 07:18:40
DM-07-04-16-02,DM-07-04-16-02,C,ok,ไม่พบสัญญาณผิดปกติเชิงสถิติ (ใช้น้ำตามพฤติกรรมปกติ),01:15,03:15,53.125,50.089,9.829,69.747,59.918,1.167,เพิ่มขึ้นเล็กน้อย,False,39.315,False,False,False,,False,0.0606,True,False,2,True,False,4.786,114.86,14,2026-10-05,96,True,6e-05,0.04955,,114.86,RESIDENTIAL,PVC,0.5217,False,2026-10-06 07:18:40
DM-07-04-16-05,DM-07-04-16-05,C,ok,ไม่พบสัญญาณผิดปกติเชิงสถิติ (ใช้น้ำตามพฤติกรรมปกติ),04:00,06:00,1.562,9.723,19.916,49.556,29.64,0.09,เพิ่มขึ้นเล็กน้อย,False,79.666,False,False,False,,True,-0.8393,True,False,0,False,False,0.0,0.0,14,2026-10-05,96,True,0.00987,55.85714,,0.0,RESIDENTIAL,PVC,0.4681,False,2026-10-06 07:18:40
DM-07-04-19-01,DM-07-04-19-01,C,ok,ไม่พบสัญญาณผิดปกติเชิงสถิติ (ใช้น้ำตามพฤติกรรมปกติ),02:45,04:45,90.0,90.518,6.066,102.65,96.584,0.537,เพิ่มขึ้นเล็กน้อย,False,24.263,False,False,False,,True,-0.0057,True,False,1,False,False,3.815,91.57,14,2026-10-05,96,True,1e-05,9.88429,,91.57,RESIDENTIAL,PVC,0.4468,False,2026-10-06 07:18:40
DM-07-04-20-01,DM-07-04-20-01,C,ok,ไม่พบสัญญาณผิดปกติเชิงสถิติ (ใช้น้ำตามพฤติกรรมปกติ),01:30,03:30,24.125,26.509,3.929,34.368,30.438,0.09,เพิ่มขึ้นเล็กน้อย,False,15.718,False,False,False,,True,-0.0899,True,False,1,True,False,0.0,0.0,14,2026-10-05,96,True,0.00016,25.17857,,0.0,RESIDENTIAL,PVC,0.6593,False,2026-10-06 07:18:40
DM-07-04-21-01,DM-07-04-21-01,C,ok,ไม่พบสัญญาณผิดปกติเชิงสถิติ (ใช้น้ำตามพฤติกรรมปกติ),03:00,05:00,34.0,35.652,7.509,50.67,43.161,0.269,เพิ่มขึ้นเล็กน้อย,False,30.036,False,False,False,,True,-0.0463,True,False,3,True,False,0.0,0.0,14,2026-10-05,96,True,0.0,0.1,,0.0,RESIDENTIAL,PVC,0.4362,False,2026-10-06 07:18:40
DM-07-04-22-01,DM-07-04-22-01,C,ok,ไม่พบสัญญาณผิดปกติเชิงสถิติ (ใช้น้ำตามพฤติกรรมปกติ),02:30,04:30,74.25,75.696,2.871,81.438,78.567,1.252,เพิ่มขึ้นเล็กน้อย,False,11.482,False,False,False,,True,-0.0191,True,False,0,False,False,0.0,0.0,14,2026-10-05,96,True,3e-05,25.42857,,0.0,RESIDENTIAL,PVC,0.5,False,2026-10-06 07:18:40
DM-07-04-22-02,DM-07-04-22-02,C,ok,MNF ล่าสุด (93.0 m³/hr) / ส่วนเกินเฉลี่ย 3 วัน (-0.5 m³/hr) กลับมาที่ระดับค่าเฉลี่ยฐาน (92.1 m³/hr) แล้ว — ไม่มีน้ำสูญเสียส่วนเกินเหลืออยู่ ถือว่าเหตุการณ์จบ/ซ่อมเสร็จแล้ว จึงไม่ขึ้นเตือน,02:15,04:15,93.0,92.08,4.372,100.825,96.452,-1.527,ลดลงเล็กน้อย,False,17.488,True,True,False,9.0,True,0.01,True,False,2,True,False,0.0,0.0,14,2026-10-05,96,True,1e-05,24.53571,,0.0,RESIDENTIAL,PVC,0.4725,False,2026-10-06 07:18:40
DM-07-04-23-01,DM-07-04-23-01,C,ok,MNF ล่าสุด (121.6 m³/hr) / ส่วนเกินเฉลี่ย 3 วัน (+1.9 m³/hr) กลับมาที่ระดับค่าเฉลี่ยฐาน (126.5 m³/hr) แล้ว — ไม่มีน้ำสูญเสียส่วนเกินเหลืออยู่ ถือว่าเหตุการณ์จบ/ซ่อมเสร็จแล้ว จึงไม่ขึ้นเตือน,02:30,04:30,121.625,126.54,8.562,143.664,135.102,2.065,เพิ่มขึ้นชัดเจน,True,34.247,False,False,False,,True,-0.0388,True,False,1,True,False,1.876,45.04,14,2026-10-05,96,True,1e-05,15.125,,45.04,RESIDENTIAL,PVC,0.6064,False,2026-10-06 07:18:40
DM-07-05-01-01,DM-07-05-01-01,C,ok,ไม่พบสัญญาณผิดปกติเชิงสถิติ (ใช้น้ำตามพฤติกรรมปกติ),00:00,02:00,212.625,215.0,8.625,232.25,223.625,-0.179,ลดลงเล็กน้อย,False,34.499,False,False,False,,True,-0.011,True,False,2,True,False,4.458,107.0,14,2026-10-05,96,True,0.0,0.1,,107.0,RESIDENTIAL,PVC,0.4894,False,2026-10-06 07:18:40
DM-07-05-02-03,DM-07-05-02-03,C,ok,MNF ล่าสุด (29.4 m³/hr) / ส่วนเกินเฉลี่ย 3 วัน (-2.7 m³/hr) กลับมาที่ระดับค่าเฉลี่ยฐาน (31.2 m³/hr) แล้ว — ไม่มีน้ำสูญเสียส่วนเกินเหลืออยู่ ถือว่าเหตุการณ์จบ/ซ่อมเสร็จแล้ว จึงไม่ขึ้นเตือน,00:00,02:00,29.375,31.152,5.594,42.34,36.746,-1.901,ลดลงชัดเจน,True,22.377,False,False,False,,True,-0.057,True,False,0,False,False,0.0,0.0,14,2026-10-05,96,True,2e-05,0.1,,0.0,RESIDENTIAL,PVC,0.5652,False,2026-10-06 07:18:40
DM-07-05-03-02,DM-07-05-03-02,A,alert,Flow สูงกว่าเกณฑ์ต่อเนื่อง 69 intervals + CUSUM ขยับฐานฉับพลันและเพิ่งตัดเกณฑ์ใน 7 วันล่าสุด + แรงดันตกยืนยัน,01:30,03:30,162.0,113.866,7.257,128.381,121.123,1.968,เพิ่มขึ้นชัดเจน,True,29.029,True,True,True,1.0,False,0.4227,False,True,69,True,False,57.384,1377.21,14,2026-10-05,96,True,1e-05,0.00013,ใกล้กับ RTU (< 2 กม. โดยประมาณ),1377.21,RESIDENTIAL,PVC,0.4362,False,2026-10-06 07:18:40
DM-07-05-04-01,DM-07-05-04-01,B,watch,Flow สูงกว่าเกณฑ์ต่อเนื่อง 81 intervals พร้อมแรงดันตก แต่ไม่ใช่การเปลี่ยนแปลงฉับพลันใน 1-2 วัน (น่าจะเป็นรั่วที่ดำเนินมาระยะหนึ่งแล้วและขยายจนคงที่) — ควรตรวจสอบโดยเร็วแต่ไม่ใช่เหตุฉุกเฉินแบบท่อแตกใหม่,00:00,02:00,104.625,47.991,3.128,54.247,51.119,2.604,เพิ่มขึ้นชัดเจน,True,12.512,True,False,True,3.0,False,1.1801,False,True,81,True,False,55.634,1335.21,14,2026-10-05,96,True,2e-05,9e-05,ใกล้กับ RTU (< 2 กม. โดยประมาณ),1335.21,RESIDENTIAL,PVC,0.4516,False,2026-10-06 07:18:40
DM-07-05-04-02,DM-07-05-04-02,C,ok,มีสัญญาณเชิงสถิติ แต่ส่วนเกิน MNF อยู่แค่ 6.6 m³/hr (5.4% ของค่าเฉลี่ยฐาน 121.9 m³/hr) ต่ำกว่าเกณฑ์ปริมาณขั้นต่ำที่ตั้งไว้ (20%) — ยังไม่คุ้มส่งตรวจ เฝ้าดูต่อ,01:15,03:15,128.5,121.866,4.976,131.818,126.842,-0.18,ลดลงเล็กน้อย,False,19.904,True,False,False,8.0,False,0.0544,True,True,20,True,False,8.259,198.21,14,2026-10-05,96,True,0.0,0.00068,,198.21,RESIDENTIAL,PVC,0.5745,False,2026-10-06 07:18:40
DM-07-05-05-02,DM-07-05-05-02,C,ok,มีสัญญาณเชิงสถิติ แต่ส่วนเกิน MNF อยู่แค่ 7.2 m³/hr (5.1% ของค่าเฉลี่ยฐาน 140.0 m³/hr) ต่ำกว่าเกณฑ์ปริมาณขั้นต่ำที่ตั้งไว้ (20%) — ยังไม่คุ้มส่งตรวจ เฝ้าดูต่อ,01:30,03:30,147.125,139.964,6.921,153.806,146.885,0.635,เพิ่มขึ้นเล็กน้อย,False,27.684,False,False,False,,False,0.0512,True,True,11,True,False,6.077,145.86,14,2026-10-05,96,True,0.0,0.00186,,145.86,RESIDENTIAL,PVC,0.5106,False,2026-10-06 07:18:40
DM-07-05-06-01,DM-07-05-06-01,C,ok,มีสัญญาณเชิงสถิติ แต่ส่วนเกิน MNF อยู่แค่ 0.8 m³/hr (1.2% ของค่าเฉลี่ยฐาน 70.4 m³/hr) ต่ำกว่าเกณฑ์ปริมาณขั้นต่ำที่ตั้งไว้ (20%) — ยังไม่คุ้มส่งตรวจ เฝ้าดูต่อ,03:15,05:15,71.25,70.42,11.747,93.914,82.167,-0.716,ลดลงเล็กน้อย,False,46.989,True,False,True,5.0,False,0.0118,True,False,4,True,False,9.914,237.93,14,2026-10-05,96,True,2e-05,0.00174,,237.93,RESIDENTIAL,PVC,0.4362,False,2026-10-06 07:18:40
DM-07-05-06-02,DM-07-05-06-02,C,ok,ไม่พบสัญญาณผิดปกติเชิงสถิติ (ใช้น้ำตามพฤติกรรมปกติ),01:15,03:15,45.5,56.652,16.279,89.209,72.93,0.988,เพิ่มขึ้นเล็กน้อย,False,65.114,False,False,False,,True,-0.1968,True,False,0,False,False,0.0,0.0,14,2026-10-05,96,True,5e-05,24.21429,,0.0,RESIDENTIAL,PVC,0.4725,False,2026-10-06 07:18:40
DM-07-05-07-01,DM-07-05-07-01,C,ok,MNF ล่าสุด (132.8 m³/hr) / ส่วนเกินเฉลี่ย 3 วัน (+0.6 m³/hr) กลับมาที่ระดับค่าเฉลี่ยฐาน (135.5 m³/hr) แล้ว — ไม่มีน้ำสูญเสียส่วนเกินเหลืออยู่ ถือว่าเหตุการณ์จบ/ซ่อมเสร็จแล้ว จึงไม่ขึ้นเตือน,01:15,03:15,132.75,135.497,94.736,324.969,230.233,2.425,เพิ่มขึ้นชัดเจน,True,378.945,False,False,False,,True,-0.0203,True,False,0,False,False,0.628,15.08,14,2026-10-05,96,True,0.0,0.01308,,15.08,RESIDENTIAL,PVC,0.4574,False,2026-10-06 07:18:40
DM-07-05-08-01,DM-07-05-08-01,C,ok,ไม่พบสัญญาณผิดปกติเชิงสถิติ (ใช้น้ำตามพฤติกรรมปกติ),01:30,03:30,275.5,281.455,9.804,301.064,291.26,0.894,เพิ่มขึ้นเล็กน้อย,False,39.217,False,False,False,,True,-0.0212,True,False,1,False,False,0.0,0.0,14,2026-10-05,96,True,0.0,0.1,,0.0,RESIDENTIAL,PVC,0.4839,False,2026-10-06 07:18:40
DM-07-05-09-02,DM-07-05-09-02,C,ok,มีสัญญาณเชิงสถิติ แต่ส่วนเกิน MNF อยู่แค่ 37.7 m³/hr (16.9% ของค่าเฉลี่ยฐาน 223.5 m³/hr) ต่ำกว่าเกณฑ์ปริมาณขั้นต่ำที่ตั้งไว้ (20%) — ยังไม่คุ้มส่งตรวจ เฝ้าดูต่อ,05:00,07:00,261.25,223.536,12.891,249.317,236.427,0.269,เพิ่มขึ้นเล็กน้อย,False,51.563,True,False,True,5.0,False,0.1687,True,True,12,True,False,31.464,755.14,14,2026-10-05,96,True,0.0,0.00029,,755.14,RESIDENTIAL,PVC,0.4731,False,2026-10-06 07:18:40
DM-07-05-11-01,DM-07-05-11-01,C,ok,ไม่พบสัญญาณผิดปกติเชิงสถิติ (ใช้น้ำตามพฤติกรรมปกติ),00:45,02:45,105.625,124.652,15.527,155.706,140.179,0.541,เพิ่มขึ้นเล็กน้อย,False,62.108,False,False,False,,True,-0.1526,True,False,0,False,False,0.0,0.0,14,2026-10-05,96,True,0.0,0.1,,0.0,RESIDENTIAL,PVC,0.5319,False,2026-10-06 07:18:40
DM-07-05-11-02,DM-07-05-11-02,C,ok,ไม่พบสัญญาณผิดปกติเชิงสถิติ (ใช้น้ำตามพฤติกรรมปกติ),02:30,04:30,62.125,63.696,6.714,77.124,70.41,0.358,เพิ่มขึ้นเล็กน้อย,False,26.856,False,False,False,,True,-0.0247,True,False,1,True,False,0.554,13.29,14,2026-10-05,96,True,1e-05,0.1,,13.29,RESIDENTIAL,PVC,0.4894,False,2026-10-06 07:18:40
DM-07-05-11-03,DM-07-05-11-03,C,ok,ไม่พบสัญญาณผิดปกติเชิงสถิติ (ใช้น้ำตามพฤติกรรมปกติ),00:45,02:45,89.375,126.17,28.08,182.33,154.25,0.0,ทรงตัว,False,112.321,False,False,False,,True,-0.2916,True,False,0,False,False,0.0,0.0,14,2026-10-05,96,True,0.0,0.3,,0.0,RESIDENTIAL,PVC,0.5161,False,2026-10-06 07:18:40
DM-07-05-11-04,DM-07-05-11-04,B,watch,CUSUM สะสมเป็นบวกต่อเนื่อง (ยังไม่ Step-up ฉับพลัน),00:15,02:15,177.125,135.982,27.456,190.894,163.438,0.358,เพิ่มขึ้นเล็กน้อย,False,109.824,True,False,True,6.0,False,0.3026,False,False,1,False,False,40.976,983.43,14,2026-10-05,96,True,0.0,1e-05,ใกล้กับ RTU (< 2 กม. โดยประมาณ),983.43,RESIDENTIAL,PVC,0.5213,False,2026-10-06 07:18:40
DM-07-05-12-04,DM-07-05-12-04,C,ok,ไม่พบสัญญาณผิดปกติเชิงสถิติ (ใช้น้ำตามพฤติกรรมปกติ),00:15,02:15,65.375,64.161,3.078,70.316,67.238,0.0,ทรงตัว,False,12.311,False,False,False,,False,0.0189,True,False,0,False,False,1.214,29.14,14,2026-10-05,57,False,0.0,0.004,,29.14,RESIDENTIAL,PVC,0.5818,False,2026-10-06 07:18:40
DM-07-05-13-02,DM-07-05-13-02,C,ok,ไม่พบสัญญาณผิดปกติเชิงสถิติ (ใช้น้ำตามพฤติกรรมปกติ),03:00,05:00,37.5,42.312,9.664,61.641,51.977,0.179,เพิ่มขึ้นเล็กน้อย,False,38.656,False,False,False,,True,-0.1137,True,False,0,False,False,0.0,0.0,14,2026-10-05,96,True,3e-05,0.1,,0.0,RESIDENTIAL,PVC,0.3871,False,2026-10-06 07:18:40
DM-07-06-01-01,DM-07-06-01-01,C,ok,MNF ล่าสุด (27.5 m³/hr) / ส่วนเกินเฉลี่ย 3 วัน (+2.9 m³/hr) กลับมาที่ระดับค่าเฉลี่ยฐาน (35.5 m³/hr) แล้ว — ไม่มีน้ำสูญเสียส่วนเกินเหลืออยู่ ถือว่าเหตุการณ์จบ/ซ่อมเสร็จแล้ว จึงไม่ขึ้นเตือน,14:45,16:45,27.5,35.473,9.73,54.932,45.203,1.789,เพิ่มขึ้นชัดเจน,True,38.918,False,False,False,,True,-0.2248,True,False,0,False,False,2.943,70.64,14,2026-10-05,96,True,0.00038,37.71429,,70.64,RESIDENTIAL,PVC,0.4086,False,2026-10-06 07:18:40
DM-07-06-01-03,DM-07-06-01-03,B,watch,CUSUM สะสมเป็นบวกต่อเนื่อง (ยังไม่ Step-up ฉับพลัน),01:45,03:45,96.125,75.857,10.168,96.194,86.025,0.894,เพิ่มขึ้นเล็กน้อย,False,40.673,True,True,False,10.0,False,0.2672,False,False,4,True,False,12.56,301.43,14,2026-10-05,96,True,2e-05,0.01577,ไกลจาก RTU (> 2 กม. โดยประมาณ),301.43,RESIDENTIAL,PVC,0.4731,False,2026-10-06 07:18:40
DM-07-06-02-02,DM-07-06-02-02,C,ok,มีสัญญาณเชิงสถิติ แต่ส่วนเกิน MNF อยู่แค่ 0.6 m³/hr (0.8% ของค่าเฉลี่ยฐาน 67.6 m³/hr) ต่ำกว่าเกณฑ์ปริมาณขั้นต่ำที่ตั้งไว้ (20%) — ยังไม่คุ้มส่งตรวจ เฝ้าดูต่อ,01:45,03:45,68.125,67.554,2.017,71.588,69.571,0.894,เพิ่มขึ้นเล็กน้อย,False,8.068,True,False,True,2.0,False,0.0085,True,False,0,False,False,3.405,81.71,14,2026-10-05,96,True,2e-05,25.25,,81.71,RESIDENTIAL,PVC,0.5426,False,2026-10-06 07:18:40
DM-07-06-02-05,DM-07-06-02-05,C,ok,MNF ล่าสุด (0.9 m³/hr) / ส่วนเกินเฉลี่ย 3 วัน (-5.6 m³/hr) กลับมาที่ระดับค่าเฉลี่ยฐาน (6.4 m³/hr) แล้ว — ไม่มีน้ำสูญเสียส่วนเกินเหลืออยู่ ถือว่าเหตุการณ์จบ/ซ่อมเสร็จแล้ว จึงไม่ขึ้นเตือน,00:30,02:30,0.875,6.433,7.881,22.195,14.314,0.547,เพิ่มขึ้นเล็กน้อย,False,31.524,True,False,True,1.0,True,-0.864,True,False,1,True,False,0.0,0.0,14,2026-10-05,96,True,0.00082,0.03019,,0.0,RESIDENTIAL,PVC,0.5532,False,2026-10-06 07:18:40
DM-07-06-03-01,DM-07-06-03-01,C,ok,MNF ล่าสุด (109.0 m³/hr) / ส่วนเกินเฉลี่ย 3 วัน (-2.1 m³/hr) กลับมาที่ระดับค่าเฉลี่ยฐาน (115.3 m³/hr) แล้ว — ไม่มีน้ำสูญเสียส่วนเกินเหลืออยู่ ถือว่าเหตุการณ์จบ/ซ่อมเสร็จแล้ว จึงไม่ขึ้นเตือน,02:00,04:00,109.0,115.268,10.746,136.761,126.014,-2.504,ลดลงชัดเจน,True,42.985,True,False,True,2.0,True,-0.0544,True,False,3,True,False,0.0,0.0,14,2026-10-05,96,True,1e-05,0.02735,,0.0,RESIDENTIAL,PVC,0.4731,False,2026-10-06 07:18:40
DM-07-06-03-02,DM-07-06-03-02,C,ok,ไม่พบสัญญาณผิดปกติเชิงสถิติ (ใช้น้ำตามพฤติกรรมปกติ),02:30,04:30,46.625,24.161,7.935,40.03,32.095,-1.347,ลดลงเล็กน้อย,False,31.738,False,False,False,,False,0.9298,False,True,11,False,False,3.964,95.14,14,2026-10-05,96,True,0.0,0.1,,95.14,RESIDENTIAL,PVC,0.5106,False,2026-10-06 07:18:40
DM-07-06-04-03,DM-07-06-04-03,C,ok,ไม่พบสัญญาณผิดปกติเชิงสถิติ (ใช้น้ำตามพฤติกรรมปกติ),02:00,04:00,63.75,63.696,1.219,66.134,64.915,0.0,ทรงตัว,False,4.876,False,False,False,,False,0.0008,True,False,0,False,False,0.054,1.29,14,2026-10-05,57,False,0.0,0.1,,1.29,RESIDENTIAL,PVC,0.56,False,2026-10-06 07:18:40
DM-07-06-05-02,DM-07-06-05-02,C,ok,ไม่พบสัญญาณผิดปกติเชิงสถิติ (ใช้น้ำตามพฤติกรรมปกติ),02:00,04:00,64.5,65.295,4.527,74.349,69.822,0.269,เพิ่มขึ้นเล็กน้อย,False,18.109,False,False,False,,True,-0.0122,True,False,1,True,False,0.789,18.93,14,2026-10-05,96,True,3e-05,0.00889,,18.93,RESIDENTIAL,PVC,0.5652,False,2026-10-06 07:18:40
DM-07-06-07-01,DM-07-06-07-01,C,ok,ไม่พบสัญญาณผิดปกติเชิงสถิติ (ใช้น้ำตามพฤติกรรมปกติ),01:15,03:15,76.5,134.107,23.477,181.061,157.584,0.358,เพิ่มขึ้นเล็กน้อย,False,93.908,False,False,False,,True,-0.4296,True,False,0,False,False,0.0,0.0,14,2026-10-05,96,True,0.0,10.57143,,0.0,RESIDENTIAL,PVC,0.5638,False,2026-10-06 07:18:40
DM-07-06-08-01,DM-07-06-08-01,C,ok,มีสัญญาณเชิงสถิติ แต่ส่วนเกิน MNF อยู่แค่ 0.6 m³/hr (3.7% ของค่าเฉลี่ยฐาน 16.3 m³/hr) ต่ำกว่าเกณฑ์ปริมาณขั้นต่ำที่ตั้งไว้ (20%) — ยังไม่คุ้มส่งตรวจ เฝ้าดูต่อ,01:30,03:30,16.875,16.268,0.926,18.119,17.194,0.817,เพิ่มขึ้นเล็กน้อย,False,3.703,True,True,False,10.0,False,0.0373,True,False,3,True,False,1.607,38.57,14,2026-10-05,96,True,8e-05,2.03525,,38.57,RESIDENTIAL,PVC,0.5484,False,2026-10-06 07:18:40
DM-07-06-09-01,DM-07-06-09-01,C,ok,ไม่พบสัญญาณผิดปกติเชิงสถิติ (ใช้น้ำตามพฤติกรรมปกติ),02:45,04:45,75.375,71.348,14.247,99.842,85.595,0.537,เพิ่มขึ้นเล็กน้อย,False,56.988,False,False,False,,False,0.0564,True,False,1,True,False,5.86,140.64,14,2026-10-05,96,True,1e-05,0.00495,,140.64,RESIDENTIAL,PVC,0.4574,False,2026-10-06 07:18:40
DM-07-06-10-01,DM-07-06-10-01,C,ok,ไม่พบสัญญาณผิดปกติเชิงสถิติ (ใช้น้ำตามพฤติกรรมปกติ),01:45,03:45,43.75,40.384,4.033,48.45,44.417,0.449,เพิ่มขึ้นเล็กน้อย,False,16.133,False,False,False,,False,0.0834,True,False,0,False,False,4.991,119.79,14,2026-10-05,96,True,3e-05,3.07143,,119.79,RESIDENTIAL,PVC,0.5109,False,2026-10-06 07:18:40
DM-07-06-11-01,DM-07-06-11-01,C,ok,ไม่พบสัญญาณผิดปกติเชิงสถิติ (ใช้น้ำตามพฤติกรรมปกติ),01:15,03:15,38.75,60.875,11.851,84.578,72.726,0.361,เพิ่มขึ้นเล็กน้อย,False,47.406,False,False,False,,True,-0.3634,True,False,0,False,False,0.0,0.0,14,2026-10-05,96,True,1e-05,13.10714,,0.0,RESIDENTIAL,PVC,0.5326,False,2026-10-06 07:18:40
DM-07-07-01-01,DM-07-07-01-01,C,ok,ไม่พบสัญญาณผิดปกติเชิงสถิติ (ใช้น้ำตามพฤติกรรมปกติ),02:15,04:15,146.875,146.339,10.9,168.14,157.24,1.431,เพิ่มขึ้นเล็กน้อย,False,43.601,False,False,False,,False,0.0037,True,False,6,True,False,10.702,256.86,14,2026-10-05,96,True,1e-05,0.00376,,256.86,RESIDENTIAL,PVC,0.5213,False,2026-10-06 07:18:40
DM-07-07-02-01,DM-07-07-02-01,C,ok,ไม่พบสัญญาณผิดปกติเชิงสถิติ (ใช้น้ำตามพฤติกรรมปกติ),02:00,04:00,113.125,118.214,17.13,152.475,135.344,0.09,เพิ่มขึ้นเล็กน้อย,False,68.52,False,False,False,,True,-0.0431,True,False,0,False,False,8.536,204.86,14,2026-10-05,96,True,0.0,5e-05,,204.86,RESIDENTIAL,PVC,0.5761,False,2026-10-06 07:18:40
DM-07-07-03-01,DM-07-07-03-01,C,ok,MNF ล่าสุด (46.6 m³/hr) / ส่วนเกินเฉลี่ย 3 วัน (+1.7 m³/hr) กลับมาที่ระดับค่าเฉลี่ยฐาน (51.6 m³/hr) แล้ว — ไม่มีน้ำสูญเสียส่วนเกินเหลืออยู่ ถือว่าเหตุการณ์จบ/ซ่อมเสร็จแล้ว จึงไม่ขึ้นเตือน,02:00,04:00,46.625,51.607,2.496,56.599,54.103,-0.537,ลดลงเล็กน้อย,False,9.984,True,False,True,6.0,True,-0.0965,True,False,1,False,False,1.726,41.43,14,2026-10-05,96,True,3e-05,0.00848,,41.43,RESIDENTIAL,PVC,0.5806,False,2026-10-06 07:18:40
DM-07-07-04-01,DM-07-07-04-01,C,ok,MNF ล่าสุด (49.8 m³/hr) / ส่วนเกินเฉลี่ย 3 วัน (+4.4 m³/hr) กลับมาที่ระดับค่าเฉลี่ยฐาน (56.8 m³/hr) แล้ว — ไม่มีน้ำสูญเสียส่วนเกินเหลืออยู่ ถือว่าเหตุการณ์จบ/ซ่อมเสร็จแล้ว จึงไม่ขึ้นเตือน,02:00,04:00,49.75,56.848,9.633,76.115,66.481,0.716,เพิ่มขึ้นเล็กน้อย,False,38.533,True,True,False,13.0,True,-0.1249,True,False,2,True,False,4.36,104.64,14,2026-10-05,96,True,2e-05,0.01796,,104.64,RESIDENTIAL,PVC,0.4894,False,2026-10-06 07:18:40
DM-07-07-04-02,DM-07-07-04-02,C,ok,มีสัญญาณเชิงสถิติ แต่ส่วนเกิน MNF อยู่แค่ 7.8 m³/hr (8.9% ของค่าเฉลี่ยฐาน 87.8 m³/hr) ต่ำกว่าเกณฑ์ปริมาณขั้นต่ำที่ตั้งไว้ (20%) — ยังไม่คุ้มส่งตรวจ เฝ้าดูต่อ,02:00,04:00,95.625,87.83,14.336,116.503,102.167,1.431,เพิ่มขึ้นเล็กน้อย,False,57.345,True,False,True,5.0,False,0.0887,True,True,14,True,False,17.336,416.07,14,2026-10-05,96,True,1e-05,0.00078,,416.07,RESIDENTIAL,PVC,0.5591,False,2026-10-06 07:18:40
DM-07-07-05-01,DM-07-07-05-01,C,ok,ไม่พบสัญญาณผิดปกติเชิงสถิติ (ใช้น้ำตามพฤติกรรมปกติ),02:00,04:00,125.625,140.536,36.461,213.458,176.997,0.716,เพิ่มขึ้นเล็กน้อย,False,145.845,False,False,False,,True,-0.1061,True,False,4,False,False,7.923,190.14,14,2026-10-05,96,True,0.0,0.00093,,190.14,RESIDENTIAL,PVC,0.5745,False,2026-10-06 07:18:40
DM-07-07-05-02,DM-07-07-05-02,C,ok,เคยมีสัญญาณผิดปกติ (Mann-Kendall/CUSUM สะสม) แต่ MNF ล่าสุด (58.1) ลดลงมาต่ำกว่า 70% ของพีคล่าสุด (83.6) แล้ว — น่าจะเป็นเหตุการณ์ที่จบไปแล้ว/ซ่อมเสร็จแล้ว จึงไม่ขึ้นเตือน,08:00,10:00,58.125,36.58,18.878,74.335,55.458,-0.988,ลดลงเล็กน้อย,False,75.51,True,False,True,6.0,False,0.589,False,False,1,True,False,2.045,49.07,14,2026-10-05,96,True,8e-05,0.00635,,49.07,RESIDENTIAL,PVC,0.4301,False,2026-10-06 07:18:40
DM-07-07-06-01,DM-07-07-06-01,C,ok,มีสัญญาณเชิงสถิติ แต่ส่วนเกิน MNF อยู่แค่ 16.9 m³/hr (10.6% ของค่าเฉลี่ยฐาน 160.4 m³/hr) ต่ำกว่าเกณฑ์ปริมาณขั้นต่ำที่ตั้งไว้ (20%) — ยังไม่คุ้มส่งตรวจ เฝ้าดูต่อ,00:00,02:00,177.375,160.438,26.373,213.184,186.811,2.504,เพิ่มขึ้นชัดเจน,True,105.492,False,False,False,,False,0.1056,True,False,0,False,False,21.396,513.5,14,2026-10-05,96,True,0.0,0.00021,,513.5,RESIDENTIAL,PVC,0.4783,False,2026-10-06 07:18:40
DM-07-07-06-02,DM-07-07-06-02,C,ok,มีสัญญาณเชิงสถิติ แต่ส่วนเกิน MNF อยู่แค่ 3.8 m³/hr (7.1% ของค่าเฉลี่ยฐาน 52.9 m³/hr) ต่ำกว่าเกณฑ์ปริมาณขั้นต่ำที่ตั้งไว้ (20%) — ยังไม่คุ้มส่งตรวจ เฝ้าดูต่อ,01:45,03:45,56.625,52.866,1.582,56.03,54.448,0.629,เพิ่มขึ้นเล็กน้อย,False,6.329,True,False,True,2.0,False,0.0711,True,False,4,True,False,5.051,121.21,14,2026-10-05,96,True,4e-05,0.02415,,121.21,RESIDENTIAL,PVC,0.6277,False,2026-10-06 07:18:40
DM-07-07-07-01,DM-07-07-07-01,C,ok,ไม่พบสัญญาณผิดปกติเชิงสถิติ (ใช้น้ำตามพฤติกรรมปกติ),02:00,04:00,49.875,48.536,7.885,64.305,56.421,1.252,เพิ่มขึ้นเล็กน้อย,False,31.539,False,False,False,,False,0.0276,True,False,0,False,False,8.256,198.14,14,2026-10-05,96,True,4e-05,0.14907,,198.14,RESIDENTIAL,PVC,0.5,False,2026-10-06 07:18:40
DM-07-07-07-02,DM-07-07-07-02,C,ok,MNF ล่าสุด (74.6 m³/hr) / ส่วนเกินเฉลี่ย 3 วัน (+1.3 m³/hr) กลับมาที่ระดับค่าเฉลี่ยฐาน (75.6 m³/hr) แล้ว — ไม่มีน้ำสูญเสียส่วนเกินเหลืออยู่ ถือว่าเหตุการณ์จบ/ซ่อมเสร็จแล้ว จึงไม่ขึ้นเตือน,02:15,04:15,74.625,75.607,3.542,82.691,79.149,-1.262,ลดลงเล็กน้อย,False,14.167,True,False,True,7.0,True,-0.013,True,False,1,True,False,1.268,30.43,14,2026-10-05,96,True,3e-05,0.22395,,30.43,RESIDENTIAL,PVC,0.5761,False,2026-10-06 07:18:40
DM-07-07-09-01,DM-07-07-09-01,B,watch,Mann-Kendall ยืนยันแนวโน้มขึ้นต่อเนื่อง,00:45,02:45,36.5,28.607,3.719,36.046,32.327,1.968,เพิ่มขึ้นชัดเจน,True,14.878,False,False,False,,False,0.2759,False,False,7,True,False,4.31,103.43,14,2026-10-05,96,True,8e-05,2.88166,ไกลจาก RTU (> 2 กม. โดยประมาณ),103.43,RESIDENTIAL,PVC,0.4681,False,2026-10-06 07:18:40
DM-11-03-01-01,DM-11-03-01-01,C,ok,มีสัญญาณเชิงสถิติ แต่ส่วนเกิน MNF อยู่แค่ 5.5 m³/hr (6.7% ของค่าเฉลี่ยฐาน 81.0 m³/hr) ต่ำกว่าเกณฑ์ปริมาณขั้นต่ำที่ตั้งไว้ (20%) — ยังไม่คุ้มส่งตรวจ เฝ้าดูต่อ,01:30,03:30,86.5,81.045,1.546,84.136,82.591,0.269,เพิ่มขึ้นเล็กน้อย,False,6.184,True,False,True,3.0,False,0.0673,True,False,5,True,False,4.955,118.93,14,2026-10-05,96,True,0.0,0.00092,,118.93,RESIDENTIAL,PVC,0.6087,False,2026-10-06 07:18:40
DM-11-03-01-02,DM-11-03-01-02,C,ok,ไม่พบสัญญาณผิดปกติเชิงสถิติ (ใช้น้ำตามพฤติกรรมปกติ),01:45,03:45,52.125,51.411,2.029,55.469,53.44,0.721,เพิ่มขึ้นเล็กน้อย,False,8.116,False,False,False,,False,0.0139,True,False,1,False,False,1.339,32.14,14,2026-10-05,96,True,0.0,0.1,,32.14,RESIDENTIAL,PVC,0.7065,False,2026-10-06 07:18:40
DM-11-03-03-01,DM-11-03-03-01,C,ok,มีสัญญาณเชิงสถิติ แต่ส่วนเกิน MNF อยู่แค่ 7.0 m³/hr (6.0% ของค่าเฉลี่ยฐาน 116.5 m³/hr) ต่ำกว่าเกณฑ์ปริมาณขั้นต่ำที่ตั้งไว้ (20%) — ยังไม่คุ้มส่งตรวจ เฝ้าดูต่อ,01:30,03:30,123.5,116.527,2.98,122.487,119.507,2.147,เพิ่มขึ้นชัดเจน,True,11.92,True,True,False,8.0,False,0.0598,True,False,3,True,False,7.973,191.36,14,2026-10-05,96,True,0.0,0.00394,,191.36,RESIDENTIAL,PVC,0.5543,False,2026-10-06 07:18:40
DM-11-03-06-01,DM-11-03-06-01,C,ok,ไม่พบสัญญาณผิดปกติเชิงสถิติ (ใช้น้ำตามพฤติกรรมปกติ),03:30,05:30,158.125,121.955,28.643,179.24,150.598,-0.537,ลดลงเล็กน้อย,False,114.57,False,False,False,,False,0.2966,False,False,2,True,False,18.211,437.07,14,2026-10-05,96,True,0.0,0.1,,437.07,RESIDENTIAL,PVC,0.5426,False,2026-10-06 07:18:40
DM-11-03-10-02,DM-11-03-10-02,C,ok,มีสัญญาณเชิงสถิติ แต่ส่วนเกิน MNF อยู่แค่ 2.3 m³/hr (9.7% ของค่าเฉลี่ยฐาน 23.5 m³/hr) ต่ำกว่าเกณฑ์ปริมาณขั้นต่ำที่ตั้งไว้ (20%) — ยังไม่คุ้มส่งตรวจ เฝ้าดูต่อ,02:00,04:00,25.75,23.464,1.426,26.317,24.891,0.988,เพิ่มขึ้นเล็กน้อย,False,5.705,True,True,False,11.0,False,0.0974,True,False,3,False,False,1.911,45.86,14,2026-10-05,96,True,0.0,0.0153,,45.86,RESIDENTIAL,PVC,0.5851,False,2026-10-06 07:18:40
DM-11-03-32-01,DM-11-03-32-01,C,ok,ไม่พบสัญญาณผิดปกติเชิงสถิติ (ใช้น้ำตามพฤติกรรมปกติ),19:15,21:15,280.0,302.08,11.29,324.66,313.37,0.358,เพิ่มขึ้นเล็กน้อย,False,45.159,False,False,False,,True,-0.0731,True,False,1,True,False,0.0,0.0,14,2026-10-05,96,True,0.0,0.1,,0.0,RESIDENTIAL,PVC,0.4894,False,2026-10-06 07:18:40
DM-11-03-33-01,DM-11-03-33-01,C,ok,มีสัญญาณเชิงสถิติ แต่ส่วนเกิน MNF อยู่แค่ 15.7 m³/hr (8.4% ของค่าเฉลี่ยฐาน 186.2 m³/hr) ต่ำกว่าเกณฑ์ปริมาณขั้นต่ำที่ตั้งไว้ (20%) — ยังไม่คุ้มส่งตรวจ เฝ้าดูต่อ,02:15,04:15,201.875,186.205,10.798,207.802,197.004,1.789,เพิ่มขึ้นชัดเจน,True,43.193,False,False,False,,False,0.0842,True,False,1,False,False,7.92,190.07,14,2026-10-05,96,True,0.0,0.1,,190.07,RESIDENTIAL,PVC,0.5426,False,2026-10-06 07:18:40
DM-11-03-41-01,DM-11-03-41-01,C,ok,MNF ล่าสุด (114.9 m³/hr) / ส่วนเกินเฉลี่ย 3 วัน (+1.5 m³/hr) กลับมาที่ระดับค่าเฉลี่ยฐาน (116.3 m³/hr) แล้ว — ไม่มีน้ำสูญเสียส่วนเกินเหลืออยู่ ถือว่าเหตุการณ์จบ/ซ่อมเสร็จแล้ว จึงไม่ขึ้นเตือน,02:00,04:00,114.875,116.339,3.5,123.34,119.839,0.179,เพิ่มขึ้นเล็กน้อย,False,14.001,True,False,True,1.0,True,-0.0126,True,False,1,True,False,1.494,35.86,14,2026-10-05,96,True,0.0,0.1,,35.86,RESIDENTIAL,PVC,0.6064,False,2026-10-06 07:18:40
DM-11-03-43-01,DM-11-03-43-01,C,ok,MNF ล่าสุด (85.2 m³/hr) / ส่วนเกินเฉลี่ย 3 วัน (-0.8 m³/hr) กลับมาที่ระดับค่าเฉลี่ยฐาน (85.6 m³/hr) แล้ว — ไม่มีน้ำสูญเสียส่วนเกินเหลืออยู่ ถือว่าเหตุการณ์จบ/ซ่อมเสร็จแล้ว จึงไม่ขึ้นเตือน,01:15,03:15,85.25,85.589,1.687,88.963,87.276,-0.449,ลดลงเล็กน้อย,False,6.747,True,True,True,5.0,True,-0.004,True,False,0,False,False,0.0,0.0,14,2026-10-05,96,True,0.0,1.01429,,0.0,RESIDENTIAL,PVC,0.5806,False,2026-10-06 07:18:40
DM-11-03-43-02,DM-11-03-43-02,C,ok,ไม่พบสัญญาณผิดปกติเชิงสถิติ (ใช้น้ำตามพฤติกรรมปกติ),02:00,04:00,108.875,109.143,5.261,119.665,114.404,0.0,ทรงตัว,False,21.044,False,False,False,,True,-0.0025,True,False,1,False,False,0.0,0.0,14,2026-10-05,96,True,0.0,0.1,,0.0,RESIDENTIAL,PVC,0.5851,False,2026-10-06 07:18:40
DM-11-05-26-01,DM-11-05-26-01,B,watch,CUSUM สะสมเป็นบวกต่อเนื่อง (ยังไม่ Step-up ฉับพลัน),02:00,04:00,127.0,101.804,6.081,113.965,107.884,-1.61,ลดลงเล็กน้อย,False,24.323,True,False,True,2.0,False,0.2475,False,True,19,False,False,26.905,645.71,14,2026-10-05,96,True,0.0,0.0,ใกล้กับ RTU (< 2 กม. โดยประมาณ),645.71,RESIDENTIAL,PVC,0.5806,False,2026-10-06 07:18:40
DM-11-05-29-01,DM-11-05-29-01,C,ok,มีสัญญาณเชิงสถิติ แต่ส่วนเกิน MNF อยู่แค่ 4.8 m³/hr (7.3% ของค่าเฉลี่ยฐาน 65.8 m³/hr) ต่ำกว่าเกณฑ์ปริมาณขั้นต่ำที่ตั้งไว้ (20%) — ยังไม่คุ้มส่งตรวจ เฝ้าดูต่อ,02:15,04:15,70.625,65.821,8.704,83.23,74.526,1.252,เพิ่มขึ้นเล็กน้อย,False,34.818,True,False,True,1.0,False,0.073,True,False,1,True,False,0.012,0.29,14,2026-10-05,96,True,0.0,0.1,,0.29,RESIDENTIAL,PVC,0.5213,False,2026-10-06 07:18:40
DM-11-05-30-01,DM-11-05-30-01,B,watch,Flow สูงกว่าเกณฑ์ต่อเนื่อง 14 intervals พร้อมแรงดันตก แต่ไม่ใช่การเปลี่ยนแปลงฉับพลันใน 1-2 วัน (น่าจะเป็นรั่วที่ดำเนินมาระยะหนึ่งแล้วและขยายจนคงที่) — ควรตรวจสอบโดยเร็วแต่ไม่ใช่เหตุฉุกเฉินแบบท่อแตกใหม่,02:00,04:00,39.625,32.795,1.419,35.633,34.214,-1.623,ลดลงเล็กน้อย,False,5.678,True,False,True,2.0,False,0.2083,False,True,14,True,False,7.872,188.93,14,2026-10-05,96,True,0.0,7e-05,ใกล้กับ RTU (< 2 กม. โดยประมาณ),188.93,RESIDENTIAL,PVC,0.5745,False,2026-10-06 07:18:40
DM-11-05-30-02,DM-11-05-30-02,C,ok,ไม่พบสัญญาณผิดปกติเชิงสถิติ (ใช้น้ำตามพฤติกรรมปกติ),01:15,03:15,28.875,27.571,3.601,34.774,31.173,-0.358,ลดลงเล็กน้อย,False,14.405,False,False,False,,False,0.0473,True,False,0,False,False,1.179,28.29,14,2026-10-05,96,True,0.0,0.1,,28.29,RESIDENTIAL,PVC,0.5484,False,2026-10-06 07:18:40
DM-11-05-31-01,DM-11-05-31-01,B,watch,Flow สูงกว่าเกณฑ์ต่อเนื่อง 22 intervals พร้อมแรงดันตก แต่ไม่ใช่การเปลี่ยนแปลงฉับพลันใน 1-2 วัน (น่าจะเป็นรั่วที่ดำเนินมาระยะหนึ่งแล้วและขยายจนคงที่) — ควรตรวจสอบโดยเร็วแต่ไม่ใช่เหตุฉุกเฉินแบบท่อแตกใหม่,01:45,03:45,259.0,56.705,3.117,62.939,59.822,0.808,เพิ่มขึ้นเล็กน้อย,False,12.467,True,False,True,4.0,False,3.5675,False,True,22,True,False,75.545,1813.07,14,2026-10-05,96,True,0.0,0.0,ใกล้กับ RTU (< 2 กม. โดยประมาณ),1813.07,RESIDENTIAL,PVC,0.3191,False,2026-10-06 07:18:40
DM-11-06-06-02,DM-11-06-06-02,C,ok,ไม่พบสัญญาณผิดปกติเชิงสถิติ (ใช้น้ำตามพฤติกรรมปกติ),01:45,03:45,87.125,79.071,9.622,98.315,88.693,0.0,ทรงตัว,False,38.486,False,False,False,,False,0.1019,True,False,1,False,False,3.262,78.29,14,2026-10-05,96,True,0.0,0.00425,,78.29,RESIDENTIAL,PVC,0.5385,False,2026-10-06 07:18:40
DM-11-06-09-01,DM-11-06-09-01,C,ok,มีสัญญาณเชิงสถิติ แต่ส่วนเกิน MNF อยู่แค่ 17.3 m³/hr (11.4% ของค่าเฉลี่ยฐาน 151.5 m³/hr) ต่ำกว่าเกณฑ์ปริมาณขั้นต่ำที่ตั้งไว้ (20%) — ยังไม่คุ้มส่งตรวจ เฝ้าดูต่อ,02:15,04:15,168.875,151.527,6.26,164.047,157.787,0.0,ทรงตัว,False,25.041,True,False,True,3.0,False,0.1145,True,False,5,False,False,12.307,295.36,14,2026-10-05,96,True,0.0,2e-05,,295.36,RESIDENTIAL,PVC,0.5161,False,2026-10-06 07:18:40
DM-11-06-09-02,DM-11-06-09-02,C,ok,ไม่พบสัญญาณผิดปกติเชิงสถิติ (ใช้น้ำตามพฤติกรรมปกติ),00:15,02:15,161.625,170.67,26.005,222.679,196.674,-0.537,ลดลงเล็กน้อย,False,104.019,False,False,False,,True,-0.053,True,False,0,False,False,0.0,0.0,14,2026-10-05,96,True,0.0,0.1,,0.0,RESIDENTIAL,PVC,0.5,False,2026-10-06 07:18:40
DM-11-06-09-04,DM-11-06-09-04,B,watch,Flow สูงกว่าเกณฑ์ต่อเนื่อง 96 intervals พร้อมแรงดันตก แต่ไม่ใช่การเปลี่ยนแปลงฉับพลันใน 1-2 วัน (น่าจะเป็นรั่วที่ดำเนินมาระยะหนึ่งแล้วและขยายจนคงที่) — ควรตรวจสอบโดยเร็วแต่ไม่ใช่เหตุฉุกเฉินแบบท่อแตกใหม่,02:15,04:15,93.125,49.232,1.335,51.901,50.567,1.073,เพิ่มขึ้นเล็กน้อย,False,5.338,True,False,True,3.0,False,0.8915,False,True,96,True,False,41.435,994.43,14,2026-10-05,96,True,0.0,0.0,ใกล้กับ RTU (< 2 กม. โดยประมาณ),994.43,RESIDENTIAL,PVC,0.5638,False,2026-10-06 07:18:40
DM-11-06-10-01,DM-11-06-10-01,C,ok,มีสัญญาณเชิงสถิติ แต่ส่วนเกิน MNF อยู่แค่ 10.3 m³/hr (11.1% ของค่าเฉลี่ยฐาน 93.5 m³/hr) ต่ำกว่าเกณฑ์ปริมาณขั้นต่ำที่ตั้งไว้ (20%) — ยังไม่คุ้มส่งตรวจ เฝ้าดูต่อ,01:45,03:45,103.875,93.536,2.124,97.783,95.659,0.449,เพิ่มขึ้นเล็กน้อย,False,8.495,True,False,True,3.0,False,0.1105,True,False,4,False,False,7.673,184.14,14,2026-10-05,96,True,0.0,0.00194,,184.14,RESIDENTIAL,PVC,0.5699,False,2026-10-06 07:18:40
DM-11-06-15-01,DM-11-06-15-01,C,ok,มีสัญญาณเชิงสถิติ แต่ส่วนเกิน MNF อยู่แค่ 13.4 m³/hr (8.0% ของค่าเฉลี่ยฐาน 167.7 m³/hr) ต่ำกว่าเกณฑ์ปริมาณขั้นต่ำที่ตั้งไว้ (20%) — ยังไม่คุ้มส่งตรวจ เฝ้าดูต่อ,02:00,04:00,181.125,167.705,7.795,183.296,175.501,-0.358,ลดลงเล็กน้อย,False,31.182,True,False,True,1.0,False,0.08,True,False,2,False,False,13.086,314.07,14,2026-10-05,96,True,0.0,3e-05,,314.07,RESIDENTIAL,PVC,0.5426,False,2026-10-06 07:18:40
DM-11-06-18-01,DM-11-06-18-01,B,watch,CUSUM สะสมเป็นบวกต่อเนื่อง (ยังไม่ Step-up ฉับพลัน),02:30,04:30,68.0,54.661,2.155,58.972,56.816,0.0,ทรงตัว,False,8.622,True,False,True,1.0,False,0.244,False,True,17,False,False,9.423,226.14,14,2026-10-05,96,True,0.0,3e-05,ใกล้กับ RTU (< 2 กม. โดยประมาณ),226.14,RESIDENTIAL,PVC,0.5591,False,2026-10-06 07:18:40
DM-11-06-19-02,DM-11-06-19-02,B,watch,CUSUM สะสมเป็นบวกต่อเนื่อง (ยังไม่ Step-up ฉับพลัน),02:15,04:15,134.0,107.241,3.111,113.463,110.352,0.0,ทรงตัว,False,12.445,True,False,True,1.0,False,0.2495,False,True,12,False,False,17.051,409.21,14,2026-10-05,96,True,0.0,1e-05,ใกล้กับ RTU (< 2 กม. โดยประมาณ),409.21,RESIDENTIAL,PVC,0.6022,False,2026-10-06 07:18:40
DM-11-06-24-01,DM-11-06-24-01,C,ok,ไม่พบสัญญาณผิดปกติเชิงสถิติ (ใช้น้ำตามพฤติกรรมปกติ),04:45,06:45,91.875,94.482,8.243,110.967,102.725,0.0,ทรงตัว,False,32.97,False,False,False,,True,-0.0276,True,False,4,False,False,0.0,0.0,14,2026-10-05,96,True,0.0,0.1,,0.0,RESIDENTIAL,PVC,0.5,False,2026-10-06 07:18:40
DM-11-06-24-02,DM-11-06-24-02,C,ok,มีสัญญาณเชิงสถิติ แต่ส่วนเกิน MNF อยู่แค่ 20.0 m³/hr (9.5% ของค่าเฉลี่ยฐาน 211.4 m³/hr) ต่ำกว่าเกณฑ์ปริมาณขั้นต่ำที่ตั้งไว้ (20%) — ยังไม่คุ้มส่งตรวจ เฝ้าดูต่อ,02:15,04:15,231.375,211.375,8.632,228.638,220.007,2.862,เพิ่มขึ้นชัดเจน,True,34.526,False,False,False,,False,0.0946,True,False,5,False,False,12.042,289.0,14,2026-10-05,96,True,0.0,0.00096,,289.0,RESIDENTIAL,PVC,0.5213,False,2026-10-06 07:18:40
DM-11-06-25-01,DM-11-06-25-01,C,ok,มีสัญญาณเชิงสถิติ แต่ส่วนเกิน MNF อยู่แค่ 29.0 m³/hr (12.0% ของค่าเฉลี่ยฐาน 241.5 m³/hr) ต่ำกว่าเกณฑ์ปริมาณขั้นต่ำที่ตั้งไว้ (20%) — ยังไม่คุ้มส่งตรวจ เฝ้าดูต่อ,01:30,03:30,270.5,241.464,15.158,271.78,256.622,0.0,ทรงตัว,False,60.632,True,False,True,5.0,False,0.1202,True,False,0,False,False,19.577,469.86,14,2026-10-05,96,True,0.0,1e-05,,469.86,RESIDENTIAL,PVC,0.4468,False,2026-10-06 07:18:40
DM-11-07-47-01,DM-11-07-47-01,C,ok,มีสัญญาณเชิงสถิติ แต่ส่วนเกิน MNF อยู่แค่ 12.2 m³/hr (13.2% ของค่าเฉลี่ยฐาน 92.1 m³/hr) ต่ำกว่าเกณฑ์ปริมาณขั้นต่ำที่ตั้งไว้ (20%) — ยังไม่คุ้มส่งตรวจ เฝ้าดูต่อ,02:00,04:00,104.25,92.062,2.834,97.731,94.897,0.0,ทรงตัว,False,11.337,True,False,True,2.0,False,0.1324,True,False,6,False,False,10.938,262.5,14,2026-10-05,96,True,0.0,1e-05,,262.5,RESIDENTIAL,PVC,0.6064,False,2026-10-06 07:18:40
DM-11-07-48-01,DM-11-07-48-01,C,ok,มีสัญญาณเชิงสถิติ แต่ส่วนเกิน MNF อยู่แค่ 2.6 m³/hr (8.1% ของค่าเฉลี่ยฐาน 31.7 m³/hr) ต่ำกว่าเกณฑ์ปริมาณขั้นต่ำที่ตั้งไว้ (20%) — ยังไม่คุ้มส่งตรวจ เฝ้าดูต่อ,02:00,04:00,34.25,31.67,1.534,34.738,33.204,-1.252,ลดลงเล็กน้อย,False,6.137,True,False,True,1.0,False,0.0815,True,False,1,False,False,2.247,53.93,14,2026-10-05,96,True,0.0,0.00014,,53.93,RESIDENTIAL,PVC,0.5269,False,2026-10-06 07:18:40
DM-11-07-49-02,DM-11-07-49-02,C,ok,มีสัญญาณเชิงสถิติ แต่ส่วนเกิน MNF อยู่แค่ 3.3 m³/hr (8.3% ของค่าเฉลี่ยฐาน 39.7 m³/hr) ต่ำกว่าเกณฑ์ปริมาณขั้นต่ำที่ตั้งไว้ (20%) — ยังไม่คุ้มส่งตรวจ เฝ้าดูต่อ,02:00,04:00,43.0,39.696,4.295,48.286,43.991,-1.431,ลดลงเล็กน้อย,False,17.178,True,False,True,3.0,False,0.0832,True,False,1,False,False,1.637,39.29,14,2026-10-05,96,True,0.0,0.1,,39.29,RESIDENTIAL,PVC,0.5106,False,2026-10-06 07:18:40
DM-11-07-50-01,DM-11-07-50-01,C,ok,มีสัญญาณเชิงสถิติ แต่ส่วนเกิน MNF อยู่แค่ 12.1 m³/hr (9.3% ของค่าเฉลี่ยฐาน 130.6 m³/hr) ต่ำกว่าเกณฑ์ปริมาณขั้นต่ำที่ตั้งไว้ (20%) — ยังไม่คุ้มส่งตรวจ เฝ้าดูต่อ,02:00,04:00,142.75,130.625,3.066,136.756,133.691,2.504,เพิ่มขึ้นชัดเจน,True,12.262,True,True,True,6.0,False,0.0928,True,True,8,False,False,10.125,243.0,14,2026-10-05,96,True,0.0,0.0,,243.0,RESIDENTIAL,PVC,0.5532,False,2026-10-06 07:18:40
DM-11-07-51-01,DM-11-07-51-01,C,ok,มีสัญญาณเชิงสถิติ แต่ส่วนเกิน MNF อยู่แค่ 30.5 m³/hr (14.1% ของค่าเฉลี่ยฐาน 216.0 m³/hr) ต่ำกว่าเกณฑ์ปริมาณขั้นต่ำที่ตั้งไว้ (20%) — ยังไม่คุ้มส่งตรวจ เฝ้าดูต่อ,02:00,04:00,246.5,216.045,3.592,223.229,219.637,0.0,ทรงตัว,False,14.368,True,False,True,1.0,False,0.141,True,True,19,False,False,26.372,632.93,14,2026-10-05,96,True,0.0,0.0,,632.93,RESIDENTIAL,PVC,0.5426,False,2026-10-06 07:18:40
DM-11-07-52-01,DM-11-07-52-01,C,ok,มีสัญญาณเชิงสถิติ แต่ส่วนเกิน MNF อยู่แค่ 9.9 m³/hr (8.7% ของค่าเฉลี่ยฐาน 113.9 m³/hr) ต่ำกว่าเกณฑ์ปริมาณขั้นต่ำที่ตั้งไว้ (20%) — ยังไม่คุ้มส่งตรวจ เฝ้าดูต่อ,02:00,04:00,123.875,113.946,3.734,121.415,117.681,-0.808,ลดลงเล็กน้อย,False,14.936,True,False,True,2.0,False,0.0871,True,False,3,False,False,5.97,143.29,14,2026-10-05,96,True,0.0,1e-05,,143.29,RESIDENTIAL,PVC,0.4043,False,2026-10-06 07:18:40
DM-11-07-53-03,DM-11-07-53-03,C,ok,มีสัญญาณเชิงสถิติ แต่ส่วนเกิน MNF อยู่แค่ 5.3 m³/hr (3.4% ของค่าเฉลี่ยฐาน 155.2 m³/hr) ต่ำกว่าเกณฑ์ปริมาณขั้นต่ำที่ตั้งไว้ (20%) — ยังไม่คุ้มส่งตรวจ เฝ้าดูต่อ,02:00,04:00,160.5,155.17,6.508,168.186,161.678,0.358,เพิ่มขึ้นเล็กน้อย,False,26.033,True,False,True,3.0,False,0.0344,True,False,1,False,False,4.247,101.93,14,2026-10-05,96,True,0.0,1e-05,,101.93,RESIDENTIAL,PVC,0.4731,False,2026-10-06 07:18:40
DM-11-07-53-05,DM-11-07-53-05,C,ok,มีสัญญาณเชิงสถิติ แต่ส่วนเกิน MNF อยู่แค่ 8.1 m³/hr (9.3% ของค่าเฉลี่ยฐาน 87.1 m³/hr) ต่ำกว่าเกณฑ์ปริมาณขั้นต่ำที่ตั้งไว้ (20%) — ยังไม่คุ้มส่งตรวจ เฝ้าดูต่อ,02:15,04:15,95.25,87.116,3.26,93.636,90.376,1.347,เพิ่มขึ้นเล็กน้อย,False,13.039,True,False,True,1.0,False,0.0934,True,False,3,True,False,6.176,148.21,14,2026-10-05,96,True,7e-05,0.05511,,148.21,RESIDENTIAL,PVC,0.5161,False,2026-10-06 07:18:40
DM-11-07-54-01,DM-11-07-54-01,C,ok,มีสัญญาณเชิงสถิติ แต่ส่วนเกิน MNF อยู่แค่ 4.1 m³/hr (19.6% ของค่าเฉลี่ยฐาน 20.8 m³/hr) ต่ำกว่าเกณฑ์ปริมาณขั้นต่ำที่ตั้งไว้ (20%) — ยังไม่คุ้มส่งตรวจ เฝ้าดูต่อ,01:30,03:30,24.875,20.795,1.263,23.321,22.058,0.537,เพิ่มขึ้นเล็กน้อย,False,5.052,True,False,True,4.0,False,0.1962,True,True,8,True,False,3.164,75.93,14,2026-10-05,96,True,0.0,5e-05,,75.93,RESIDENTIAL,PVC,0.6087,False,2026-10-06 07:18:40
DM-11-07-56-01,DM-11-07-56-01,C,ok,มีสัญญาณเชิงสถิติ แต่ส่วนเกิน MNF อยู่แค่ 12.9 m³/hr (17.0% ของค่าเฉลี่ยฐาน 75.8 m³/hr) ต่ำกว่าเกณฑ์ปริมาณขั้นต่ำที่ตั้งไว้ (20%) — ยังไม่คุ้มส่งตรวจ เฝ้าดูต่อ,02:00,04:00,88.75,75.848,3.894,83.637,79.743,0.537,เพิ่มขึ้นเล็กน้อย,False,15.577,True,False,True,3.0,False,0.1701,True,True,11,False,False,12.568,301.64,14,2026-10-05,96,True,0.0,2e-05,,301.64,RESIDENTIAL,PVC,0.4731,False,2026-10-06 07:18:40
DM-11-07-57-01,DM-11-07-57-01,C,ok,ไม่พบสัญญาณผิดปกติเชิงสถิติ (ใช้น้ำตามพฤติกรรมปกติ),02:00,04:00,53.0,82.964,7.55,98.063,90.514,-0.716,ลดลงเล็กน้อย,False,30.198,False,False,False,,True,-0.3612,True,False,0,False,False,0.0,0.0,14,2026-10-05,96,True,0.0,0.1,,0.0,RESIDENTIAL,PVC,0.5638,False,2026-10-06 07:18:40
DM-11-08-08-02,DM-11-08-08-02,B,watch,CUSUM สะสมเป็นบวกต่อเนื่อง (ยังไม่ Step-up ฉับพลัน),02:00,04:00,18.75,14.607,1.087,16.78,15.694,0.629,เพิ่มขึ้นเล็กน้อย,False,4.346,True,False,True,2.0,False,0.2836,False,False,5,False,False,3.435,82.43,14,2026-10-05,96,True,0.0,6e-05,ใกล้กับ RTU (< 2 กม. โดยประมาณ),82.43,RESIDENTIAL,PVC,0.5806,False,2026-10-06 07:18:40
DM-11-08-08-03,DM-11-08-08-03,B,watch,CUSUM สะสมเป็นบวกต่อเนื่อง (ยังไม่ Step-up ฉับพลัน),02:00,04:00,38.875,30.509,1.922,34.354,32.431,-0.179,ลดลงเล็กน้อย,False,7.689,True,False,True,3.0,False,0.2742,False,True,8,False,False,5.949,142.79,14,2026-10-05,96,True,0.0,3e-05,ใกล้กับ RTU (< 2 กม. โดยประมาณ),142.79,RESIDENTIAL,PVC,0.4839,False,2026-10-06 07:18:40
DM-11-08-12-02,DM-11-08-12-02,C,ok,มีสัญญาณเชิงสถิติ แต่ส่วนเกิน MNF อยู่แค่ 16.4 m³/hr (17.4% ของค่าเฉลี่ยฐาน 94.3 m³/hr) ต่ำกว่าเกณฑ์ปริมาณขั้นต่ำที่ตั้งไว้ (20%) — ยังไม่คุ้มส่งตรวจ เฝ้าดูต่อ,00:15,02:15,110.75,94.304,4.673,103.649,98.977,0.358,เพิ่มขึ้นเล็กน้อย,False,18.692,True,False,True,1.0,False,0.1744,True,True,13,True,False,15.655,375.71,14,2026-10-05,96,True,0.0,1e-05,,375.71,RESIDENTIAL,PVC,0.5638,False,2026-10-06 07:18:40
DM-11-08-13-02,DM-11-08-13-02,B,watch,Mann-Kendall ยืนยันแนวโน้มขึ้นต่อเนื่อง,00:15,02:15,49.125,40.411,4.628,49.666,45.038,-1.968,ลดลงชัดเจน,True,18.51,True,False,True,3.0,False,0.2156,False,False,5,False,False,8.048,193.14,14,2026-10-05,96,True,0.0,0.00027,ใกล้กับ RTU (< 2 กม. โดยประมาณ),193.14,RESIDENTIAL,PVC,0.5054,False,2026-10-06 07:18:40
DM-11-08-14-01,DM-11-08-14-01,C,ok,มีสัญญาณเชิงสถิติ แต่ส่วนเกิน MNF อยู่แค่ 21.9 m³/hr (12.3% ของค่าเฉลี่ยฐาน 178.2 m³/hr) ต่ำกว่าเกณฑ์ปริมาณขั้นต่ำที่ตั้งไว้ (20%) — ยังไม่คุ้มส่งตรวจ เฝ้าดูต่อ,02:00,04:00,200.125,178.179,7.302,192.782,185.481,-0.358,ลดลงเล็กน้อย,False,29.208,True,False,True,1.0,False,0.1232,True,False,5,False,False,16.03,384.71,14,2026-10-05,96,True,0.0,1e-05,,384.71,RESIDENTIAL,PVC,0.5376,False,2026-10-06 07:18:40
DM-11-08-16-01,DM-11-08-16-01,C,ok,มีสัญญาณเชิงสถิติ แต่ส่วนเกิน MNF อยู่แค่ 14.9 m³/hr (12.3% ของค่าเฉลี่ยฐาน 120.5 m³/hr) ต่ำกว่าเกณฑ์ปริมาณขั้นต่ำที่ตั้งไว้ (20%) — ยังไม่คุ้มส่งตรวจ เฝ้าดูต่อ,02:00,04:00,135.375,120.5,3.359,127.218,123.859,-0.358,ลดลงเล็กน้อย,False,13.436,True,False,True,3.0,False,0.1234,True,False,6,False,False,11.667,280.0,14,2026-10-05,96,True,0.0,2e-05,,280.0,RESIDENTIAL,PVC,0.5426,False,2026-10-06 07:18:40
DM-11-08-20-01,DM-11-08-20-01,C,ok,มีสัญญาณเชิงสถิติ แต่ส่วนเกิน MNF อยู่แค่ 15.4 m³/hr (16.6% ของค่าเฉลี่ยฐาน 92.5 m³/hr) ต่ำกว่าเกณฑ์ปริมาณขั้นต่ำที่ตั้งไว้ (20%) — ยังไม่คุ้มส่งตรวจ เฝ้าดูต่อ,01:45,03:45,107.875,92.509,3.394,99.296,95.903,0.894,เพิ่มขึ้นเล็กน้อย,False,13.574,True,False,True,3.0,False,0.1661,True,True,8,True,False,12.449,298.79,14,2026-10-05,96,True,0.0,1e-05,,298.79,RESIDENTIAL,PVC,0.4362,False,2026-10-06 07:18:40
DM-11-08-22-01,DM-11-08-22-01,C,ok,มีสัญญาณเชิงสถิติ แต่ส่วนเกิน MNF อยู่แค่ 7.4 m³/hr (8.9% ของค่าเฉลี่ยฐาน 83.1 m³/hr) ต่ำกว่าเกณฑ์ปริมาณขั้นต่ำที่ตั้งไว้ (20%) — ยังไม่คุ้มส่งตรวจ เฝ้าดูต่อ,02:00,04:00,90.5,83.089,4.708,92.505,87.797,-0.358,ลดลงเล็กน้อย,False,18.83,True,False,True,1.0,False,0.0892,True,False,2,False,False,8.702,208.86,14,2026-10-05,96,True,0.0,0.1,,208.86,RESIDENTIAL,PVC,0.5484,False,2026-10-06 07:18:40
DM-11-08-23-01,DM-11-08-23-01,C,ok,มีสัญญาณเชิงสถิติ แต่ส่วนเกิน MNF อยู่แค่ 0.8 m³/hr (1.9% ของค่าเฉลี่ยฐาน 43.9 m³/hr) ต่ำกว่าเกณฑ์ปริมาณขั้นต่ำที่ตั้งไว้ (20%) — ยังไม่คุ้มส่งตรวจ เฝ้าดูต่อ,02:00,04:00,44.75,43.929,1.415,46.758,45.343,-2.525,ลดลงชัดเจน,True,5.659,True,False,True,3.0,False,0.0187,True,False,1,False,False,0.988,23.71,14,2026-10-05,96,True,0.0,0.00196,,23.71,RESIDENTIAL,PVC,0.617,False,2026-10-06 07:18:40
DM-11-10-58-01,DM-11-10-58-01,C,ok,มีสัญญาณเชิงสถิติ แต่ส่วนเกิน MNF อยู่แค่ 5.6 m³/hr (9.8% ของค่าเฉลี่ยฐาน 56.6 m³/hr) ต่ำกว่าเกณฑ์ปริมาณขั้นต่ำที่ตั้งไว้ (20%) — ยังไม่คุ้มส่งตรวจ เฝ้าดูต่อ,02:00,04:00,62.125,56.571,0.925,58.422,57.497,0.358,เพิ่มขึ้นเล็กน้อย,False,3.702,True,False,True,3.0,False,0.0982,True,True,15,True,False,4.845,116.29,14,2026-10-05,96,True,0.0,0.00069,,116.29,RESIDENTIAL,PVC,0.6129,False,2026-10-06 07:18:40
DM-11-10-58-02,DM-11-10-58-02,C,ok,มีสัญญาณเชิงสถิติ แต่ส่วนเกิน MNF อยู่แค่ 11.3 m³/hr (9.3% ของค่าเฉลี่ยฐาน 121.8 m³/hr) ต่ำกว่าเกณฑ์ปริมาณขั้นต่ำที่ตั้งไว้ (20%) — ยังไม่คุ้มส่งตรวจ เฝ้าดูต่อ,01:30,03:30,133.125,121.821,5.321,132.464,127.143,0.716,เพิ่มขึ้นเล็กน้อย,False,21.284,True,False,True,5.0,False,0.0928,True,True,8,False,False,9.054,217.29,14,2026-10-05,96,True,0.0,1e-05,,217.29,RESIDENTIAL,PVC,0.5591,False,2026-10-06 07:18:40
DM-11-10-59-01,DM-11-10-59-01,C,ok,มีสัญญาณเชิงสถิติ แต่ส่วนเกิน MNF อยู่แค่ 15.3 m³/hr (16.3% ของค่าเฉลี่ยฐาน 93.7 m³/hr) ต่ำกว่าเกณฑ์ปริมาณขั้นต่ำที่ตั้งไว้ (20%) — ยังไม่คุ้มส่งตรวจ เฝ้าดูต่อ,02:15,04:15,109.0,93.723,3.263,100.249,96.986,-0.629,ลดลงเล็กน้อย,False,13.052,True,False,True,3.0,False,0.163,True,True,17,True,False,10.527,252.64,14,2026-10-05,96,True,1e-05,0.1,,252.64,RESIDENTIAL,PVC,0.5426,False,2026-10-06 07:18:40
DM-11-10-61-01,DM-11-10-61-01,B,watch,CUSUM สะสมเป็นบวกต่อเนื่อง (ยังไม่ Step-up ฉับพลัน),02:00,04:00,103.0,53.696,1.857,57.411,55.554,1.073,เพิ่มขึ้นเล็กน้อย,False,7.43,True,False,True,3.0,False,0.9182,False,True,22,False,False,18.054,433.29,14,2026-10-05,96,True,0.0,0.00165,ไกลจาก RTU (> 2 กม. โดยประมาณ),433.29,RESIDENTIAL,PVC,0.3011,False,2026-10-06 07:18:40
DM-11-10-62-01,DM-11-10-62-01,C,ok,มีสัญญาณเชิงสถิติ แต่ส่วนเกิน MNF อยู่แค่ 8.0 m³/hr (6.7% ของค่าเฉลี่ยฐาน 118.6 m³/hr) ต่ำกว่าเกณฑ์ปริมาณขั้นต่ำที่ตั้งไว้ (20%) — ยังไม่คุ้มส่งตรวจ เฝ้าดูต่อ,02:15,04:15,126.625,118.634,3.978,126.59,122.612,0.0,ทรงตัว,False,15.912,True,False,True,4.0,False,0.0674,True,False,4,False,False,6.366,152.79,14,2026-10-05,96,True,0.0,1e-05,,152.79,RESIDENTIAL,PVC,0.5638,False,2026-10-06 07:18:40
DM-11-10-63-01,DM-11-10-63-01,C,ok,มีสัญญาณเชิงสถิติ แต่ส่วนเกิน MNF อยู่แค่ 7.9 m³/hr (8.0% ของค่าเฉลี่ยฐาน 97.9 m³/hr) ต่ำกว่าเกณฑ์ปริมาณขั้นต่ำที่ตั้งไว้ (20%) — ยังไม่คุ้มส่งตรวจ เฝ้าดูต่อ,01:45,03:45,105.75,97.893,5.008,107.908,102.9,0.716,เพิ่มขึ้นเล็กน้อย,False,20.03,True,False,True,3.0,False,0.0803,True,False,4,True,False,9.065,217.57,14,2026-10-05,96,True,0.0,0.00036,,217.57,RESIDENTIAL,PVC,0.5851,False,2026-10-06 07:18:40
DM-11-10-65-01,DM-11-10-65-01,C,ok,ไม่พบสัญญาณผิดปกติเชิงสถิติ (ใช้น้ำตามพฤติกรรมปกติ),02:00,04:00,131.625,129.598,3.231,136.06,132.829,-0.988,ลดลงเล็กน้อย,False,12.924,False,False,False,,True,0.0156,True,False,1,False,False,0.0,0.0,14,2026-10-05,96,True,0.0,14.5,,0.0,RESIDENTIAL,PVC,0.4731,False,2026-10-06 07:18:40
DM-11-10-66-01,DM-11-10-66-01,C,ok,MNF ล่าสุด (102.5 m³/hr) / ส่วนเกินเฉลี่ย 3 วัน (-12.9 m³/hr) กลับมาที่ระดับค่าเฉลี่ยฐาน (117.1 m³/hr) แล้ว — ไม่มีน้ำสูญเสียส่วนเกินเหลืออยู่ ถือว่าเหตุการณ์จบ/ซ่อมเสร็จแล้ว จึงไม่ขึ้นเตือน,02:00,04:00,102.5,117.054,10.898,138.85,127.952,-2.683,ลดลงชัดเจน,True,43.593,False,False,False,,True,-0.1243,True,False,0,False,False,0.0,0.0,14,2026-10-05,96,True,0.0,0.1,,0.0,RESIDENTIAL,PVC,0.4787,False,2026-10-06 07:18:40
DM-11-10-69-01,DM-11-10-69-01,B,watch,CUSUM สะสมเป็นบวกต่อเนื่อง (ยังไม่ Step-up ฉับพลัน),00:15,02:15,43.75,36.08,2.328,40.737,38.409,0.361,เพิ่มขึ้นเล็กน้อย,False,9.313,True,False,True,3.0,False,0.2126,False,False,4,False,False,7.378,177.07,14,2026-10-05,96,True,0.0,0.0001,ใกล้กับ RTU (< 2 กม. โดยประมาณ),177.07,RESIDENTIAL,PVC,0.5806,False,2026-10-06 07:18:40
DM-11-10-69-02,DM-11-10-69-02,B,watch,CUSUM สะสมเป็นบวกต่อเนื่อง (ยังไม่ Step-up ฉับพลัน),00:15,02:15,130.625,92.857,8.288,109.434,101.145,-0.179,ลดลงเล็กน้อย,False,33.153,True,False,True,2.0,False,0.4067,False,True,21,False,False,15.476,371.43,14,2026-10-05,96,True,0.0,0.0,ใกล้กับ RTU (< 2 กม. โดยประมาณ),371.43,RESIDENTIAL,PVC,0.4468,False,2026-10-06 07:18:40
DM-11-10-71-01,DM-11-10-71-01,C,ok,ไม่พบสัญญาณผิดปกติเชิงสถิติ (ใช้น้ำตามพฤติกรรมปกติ),01:15,03:15,72.75,59.402,21.756,102.913,81.158,0.808,เพิ่มขึ้นเล็กน้อย,False,87.023,False,False,False,,False,0.2247,False,False,1,False,False,10.098,242.36,14,2026-10-05,96,True,0.0,2e-05,,242.36,RESIDENTIAL,PVC,0.4468,False,2026-10-06 07:18:40
DM-11-10-71-02,DM-11-10-71-02,C,ok,มีสัญญาณเชิงสถิติ แต่ส่วนเกิน MNF อยู่แค่ 5.5 m³/hr (16.4% ของค่าเฉลี่ยฐาน 33.3 m³/hr) ต่ำกว่าเกณฑ์ปริมาณขั้นต่ำที่ตั้งไว้ (20%) — ยังไม่คุ้มส่งตรวจ เฝ้าดูต่อ,02:00,04:00,38.75,33.295,2.862,39.019,36.157,-1.968,ลดลงชัดเจน,True,11.448,True,False,True,3.0,False,0.1639,True,False,4,False,False,6.914,165.93,14,2026-10-05,96,True,0.0,6e-05,,165.93,RESIDENTIAL,PVC,0.5591,False,2026-10-06 07:18:40
DM-11-10-72-02,DM-11-10-72-02,C,ok,MNF ล่าสุด (27.5 m³/hr) / ส่วนเกินเฉลี่ย 3 วัน (-0.5 m³/hr) กลับมาที่ระดับค่าเฉลี่ยฐาน (17.8 m³/hr) แล้ว — ไม่มีน้ำสูญเสียส่วนเกินเหลืออยู่ ถือว่าเหตุการณ์จบ/ซ่อมเสร็จแล้ว จึงไม่ขึ้นเตือน,02:00,04:00,27.5,17.777,3.212,24.201,20.989,-0.894,ลดลงเล็กน้อย,False,12.848,False,False,False,,True,0.547,False,True,40,False,False,0.0,0.0,14,2026-10-05,96,True,0.00026,38.85714,,0.0,RESIDENTIAL,PVC,0.5532,False,2026-10-06 07:18:40
DM-11-10-72-03,DM-11-10-72-03,C,ok,ไม่พบสัญญาณผิดปกติเชิงสถิติ (ใช้น้ำตามพฤติกรรมปกติ),11:45,13:45,26.125,25.004,13.144,51.292,38.148,1.61,เพิ่มขึ้นเล็กน้อย,False,52.576,False,False,False,,False,0.0448,True,False,4,False,False,2.121,50.89,14,2026-10-05,96,True,0.0,8e-05,,50.89,RESIDENTIAL,PVC,0.6596,False,2026-10-06 07:18:40
DM-12-01-01-02,DM-12-01-01-02,C,ok,มีสัญญาณเชิงสถิติ แต่ส่วนเกิน MNF อยู่แค่ 4.5 m³/hr (4.6% ของค่าเฉลี่ยฐาน 96.8 m³/hr) ต่ำกว่าเกณฑ์ปริมาณขั้นต่ำที่ตั้งไว้ (20%) — ยังไม่คุ้มส่งตรวจ เฝ้าดูต่อ,01:45,03:45,101.25,96.768,3.769,104.306,100.537,-0.716,ลดลงเล็กน้อย,False,15.076,True,False,True,1.0,False,0.0463,True,True,8,False,False,2.607,62.57,14,2026-10-05,57,False,1e-05,10.85714,,62.57,RESIDENTIAL,PVC,0.5741,False,2026-10-06 07:18:40
DM-12-01-02-01,DM-12-01-02-01,C,ok,ไม่พบสัญญาณผิดปกติเชิงสถิติ (ใช้น้ำตามพฤติกรรมปกติ),01:45,03:45,83.125,87.33,5.046,97.422,92.376,1.073,เพิ่มขึ้นเล็กน้อย,False,20.183,False,False,False,,True,-0.0482,True,False,0,False,False,0.0,0.0,14,2026-10-05,96,True,1e-05,17.5,,0.0,RESIDENTIAL,PVC,0.5638,False,2026-10-06 07:18:40
DM-12-01-03-02,DM-12-01-03-02,C,ok,มีสัญญาณเชิงสถิติ แต่ส่วนเกิน MNF อยู่แค่ 7.8 m³/hr (9.6% ของค่าเฉลี่ยฐาน 81.0 m³/hr) ต่ำกว่าเกณฑ์ปริมาณขั้นต่ำที่ตั้งไว้ (20%) — ยังไม่คุ้มส่งตรวจ เฝ้าดูต่อ,00:45,02:45,88.75,80.982,3.311,87.604,84.293,2.326,เพิ่มขึ้นชัดเจน,True,13.243,False,False,False,,False,0.0959,True,False,2,False,False,3.768,90.43,14,2026-10-05,96,True,0.0,3e-05,,90.43,RESIDENTIAL,PVC,0.5161,False,2026-10-06 07:18:40
DM-12-01-05-01,DM-12-01-05-01,C,ok,MNF ล่าสุด (109.1 m³/hr) / ส่วนเกินเฉลี่ย 3 วัน (-13.2 m³/hr) กลับมาที่ระดับค่าเฉลี่ยฐาน (113.3 m³/hr) แล้ว — ไม่มีน้ำสูญเสียส่วนเกินเหลืออยู่ ถือว่าเหตุการณ์จบ/ซ่อมเสร็จแล้ว จึงไม่ขึ้นเตือน,01:15,03:15,109.125,113.277,6.521,126.319,119.798,-1.706,ลดลงชัดเจน,True,26.084,False,False,False,,True,-0.0367,True,False,0,False,False,0.0,0.0,14,2026-10-05,57,False,0.0,2.78571,,0.0,RESIDENTIAL,PVC,0.6727,False,2026-10-06 07:18:40
DM-12-01-06-01,DM-12-01-06-01,B,watch,CUSUM สะสมเป็นบวกต่อเนื่อง (ยังไม่ Step-up ฉับพลัน),02:00,04:00,72.375,29.875,1.753,33.381,31.628,1.61,เพิ่มขึ้นเล็กน้อย,False,7.013,True,False,True,3.0,False,1.4226,False,True,12,False,False,27.958,671.0,14,2026-10-05,96,True,3e-05,0.01381,ไกลจาก RTU (> 2 กม. โดยประมาณ),671.0,RESIDENTIAL,PVC,0.6489,False,2026-10-06 07:18:40
DM-12-01-07-01,DM-12-01-07-01,C,ok,MNF ล่าสุด (56.1 m³/hr) / ส่วนเกินเฉลี่ย 3 วัน (-4.4 m³/hr) กลับมาที่ระดับค่าเฉลี่ยฐาน (65.3 m³/hr) แล้ว — ไม่มีน้ำสูญเสียส่วนเกินเหลืออยู่ ถือว่าเหตุการณ์จบ/ซ่อมเสร็จแล้ว จึงไม่ขึ้นเตือน,01:45,03:45,56.125,65.268,19.312,103.892,84.58,-2.147,ลดลงชัดเจน,True,77.249,True,False,True,2.0,True,-0.1401,True,False,1,True,False,0.0,0.0,14,2026-10-05,96,True,4e-05,18.14286,,0.0,RESIDENTIAL,PVC,0.6383,False,2026-10-06 07:18:40
DM-12-02-01-02,DM-12-02-01-02,C,ok,มีสัญญาณเชิงสถิติ แต่ส่วนเกิน MNF อยู่แค่ 5.7 m³/hr (6.0% ของค่าเฉลี่ยฐาน 94.7 m³/hr) ต่ำกว่าเกณฑ์ปริมาณขั้นต่ำที่ตั้งไว้ (20%) — ยังไม่คุ้มส่งตรวจ เฝ้าดูต่อ,02:00,04:00,100.375,94.67,4.085,102.839,98.755,0.09,เพิ่มขึ้นเล็กน้อย,False,16.34,True,False,True,2.0,False,0.0603,True,False,1,False,False,7.289,174.93,14,2026-10-05,96,True,1e-05,0.00439,,174.93,RESIDENTIAL,PVC,0.5532,False,2026-10-06 07:18:40
DM-12-02-02-03,DM-12-02-02-03,C,ok,ไม่พบสัญญาณผิดปกติเชิงสถิติ (ใช้น้ำตามพฤติกรรมปกติ),00:15,02:15,46.25,58.411,19.582,97.575,77.993,0.537,เพิ่มขึ้นเล็กน้อย,False,78.33,False,False,False,,True,-0.2082,True,False,0,False,False,0.0,0.0,14,2026-10-05,25,False,0.0,0.85714,,0.0,RESIDENTIAL,PVC,0.7826,False,2026-10-06 07:18:40
DM-12-02-03-01,DM-12-02-03-01,C,ok,MNF ล่าสุด (85.0 m³/hr) / ส่วนเกินเฉลี่ย 3 วัน (-0.1 m³/hr) กลับมาที่ระดับค่าเฉลี่ยฐาน (110.6 m³/hr) แล้ว — ไม่มีน้ำสูญเสียส่วนเกินเหลืออยู่ ถือว่าเหตุการณ์จบ/ซ่อมเสร็จแล้ว จึงไม่ขึ้นเตือน,00:45,02:45,85.0,110.571,8.911,128.394,119.483,-1.073,ลดลงเล็กน้อย,False,35.646,True,False,False,8.0,True,-0.2313,True,False,0,False,False,0.0,0.0,14,2026-10-05,96,True,0.0,0.1,,0.0,RESIDENTIAL,PVC,0.5376,False,2026-10-06 07:18:40
DM-12-02-06-01,DM-12-02-06-01,C,ok,ไม่พบสัญญาณผิดปกติเชิงสถิติ (ใช้น้ำตามพฤติกรรมปกติ),02:00,04:00,127.375,129.804,4.778,139.36,134.582,0.0,ทรงตัว,False,19.112,False,False,False,,True,-0.0187,True,False,0,False,False,0.0,0.0,14,2026-10-05,57,False,0.0,0.1,,0.0,RESIDENTIAL,PVC,0.5385,False,2026-10-06 07:18:40
DM-12-02-07-01,DM-12-02-07-01,C,ok,ไม่พบสัญญาณผิดปกติเชิงสถิติ (ใช้น้ำตามพฤติกรรมปกติ),02:15,04:15,122.0,118.696,4.283,127.263,122.98,1.431,เพิ่มขึ้นเล็กน้อย,False,17.133,False,False,False,,False,0.0278,True,False,0,False,False,0.22,5.29,14,2026-10-05,57,False,0.0,0.02178,,5.29,RESIDENTIAL,PVC,0.5741,False,2026-10-06 07:18:40
DM-12-02-07-02,DM-12-02-07-02,C,ok,ไม่พบสัญญาณผิดปกติเชิงสถิติ (ใช้น้ำตามพฤติกรรมปกติ),02:00,04:00,111.375,111.732,5.804,123.341,117.537,0.894,เพิ่มขึ้นเล็กน้อย,False,23.218,False,False,False,,True,-0.0032,True,False,1,True,False,0.0,0.0,14,2026-10-05,96,True,1e-05,0.88571,,0.0,RESIDENTIAL,PVC,0.5532,False,2026-10-06 07:18:40
DM-12-02-08-01,DM-12-02-08-01,C,ok,มีสัญญาณเชิงสถิติ แต่ส่วนเกิน MNF อยู่แค่ 0.9 m³/hr (0.8% ของค่าเฉลี่ยฐาน 117.6 m³/hr) ต่ำกว่าเกณฑ์ปริมาณขั้นต่ำที่ตั้งไว้ (20%) — ยังไม่คุ้มส่งตรวจ เฝ้าดูต่อ,01:45,03:45,118.5,117.58,14.374,146.328,131.954,-1.922,ลดลงชัดเจน,True,57.494,False,False,False,,False,0.0078,True,False,0,False,False,0.92,22.07,14,2026-10-05,57,False,0.0,0.1,,22.07,RESIDENTIAL,PVC,0.5818,False,2026-10-06 07:18:40
DM-12-02-08-02,DM-12-02-08-02,C,ok,มีสัญญาณเชิงสถิติ แต่ส่วนเกิน MNF อยู่แค่ 1.6 m³/hr (2.1% ของค่าเฉลี่ยฐาน 77.9 m³/hr) ต่ำกว่าเกณฑ์ปริมาณขั้นต่ำที่ตั้งไว้ (20%) — ยังไม่คุ้มส่งตรวจ เฝ้าดูต่อ,02:00,04:00,79.5,77.857,4.038,85.933,81.895,0.179,เพิ่มขึ้นเล็กน้อย,False,16.151,True,False,True,1.0,False,0.0211,True,False,2,True,False,2.185,52.43,14,2026-10-05,96,True,1e-05,2.67857,,52.43,RESIDENTIAL,PVC,0.5269,False,2026-10-06 07:18:40
DM-12-03-01-02,DM-12-03-01-02,C,ok,ไม่พบสัญญาณผิดปกติเชิงสถิติ (ใช้น้ำตามพฤติกรรมปกติ),01:45,03:45,95.625,92.75,5.198,103.146,97.948,1.393,เพิ่มขึ้นเล็กน้อย,False,20.791,False,False,False,,False,0.031,True,False,0,False,False,2.875,69.0,14,2026-10-05,57,False,0.0,0.00037,,69.0,RESIDENTIAL,PVC,0.5741,False,2026-10-06 07:18:40
DM-12-03-02-02,DM-12-03-02-02,C,ok,ไม่พบสัญญาณผิดปกติเชิงสถิติ (ใช้น้ำตามพฤติกรรมปกติ),03:00,05:00,34.75,35.196,3.546,42.289,38.743,0.358,เพิ่มขึ้นเล็กน้อย,False,14.186,False,False,False,,True,-0.0127,True,False,1,True,False,0.0,0.0,14,2026-10-05,96,True,5e-05,22.5,,0.0,RESIDENTIAL,PVC,0.5532,False,2026-10-06 07:18:40
DM-12-03-04-01,DM-12-03-04-01,C,ok,เคยมีสัญญาณผิดปกติ (Mann-Kendall/CUSUM สะสม) แต่ MNF ล่าสุด (24.1) ลดลงมาต่ำกว่า 70% ของพีคล่าสุด (24.1) แล้ว — น่าจะเป็นเหตุการณ์ที่จบไปแล้ว/ซ่อมเสร็จแล้ว จึงไม่ขึ้นเตือน,01:45,03:45,24.125,17.009,7.245,31.498,24.253,0.0,ทรงตัว,False,28.978,True,True,False,9.0,False,0.4184,False,False,0,False,False,7.116,170.79,14,2026-10-05,57,False,0.0,3e-05,,170.79,RESIDENTIAL,PVC,0.5091,False,2026-10-06 07:18:40
DM-12-03-04-02,DM-12-03-04-02,C,ok,ไม่พบสัญญาณผิดปกติเชิงสถิติ (ใช้น้ำตามพฤติกรรมปกติ),01:15,03:15,72.75,70.438,3.849,78.135,74.286,0.894,เพิ่มขึ้นเล็กน้อย,False,15.395,False,False,False,,False,0.0328,True,False,4,True,False,3.188,76.5,14,2026-10-05,96,True,3e-05,0.03662,,76.5,RESIDENTIAL,PVC,0.5217,False,2026-10-06 07:18:40
DM-12-03-04-03,DM-12-03-04-03,C,ok,มีสัญญาณเชิงสถิติ แต่ส่วนเกิน MNF อยู่แค่ 3.7 m³/hr (2.3% ของค่าเฉลี่ยฐาน 156.0 m³/hr) ต่ำกว่าเกณฑ์ปริมาณขั้นต่ำที่ตั้งไว้ (20%) — ยังไม่คุ้มส่งตรวจ เฝ้าดูต่อ,02:00,04:00,159.625,155.964,6.21,168.385,162.174,-0.179,ลดลงเล็กน้อย,False,24.841,True,False,True,1.0,False,0.0235,True,False,2,True,False,3.244,77.86,14,2026-10-05,96,True,1e-05,0.00734,,77.86,RESIDENTIAL,PVC,0.5319,False,2026-10-06 07:18:40
DM-12-03-05-01,DM-12-03-05-01,C,ok,ไม่พบสัญญาณผิดปกติเชิงสถิติ (ใช้น้ำตามพฤติกรรมปกติ),02:00,04:00,67.25,67.054,4.876,76.805,71.929,-1.393,ลดลงเล็กน้อย,False,19.503,False,False,False,,False,0.0029,True,False,0,False,False,0.196,4.71,14,2026-10-05,57,False,0.0,0.1,,4.71,RESIDENTIAL,PVC,0.4815,False,2026-10-06 07:18:40
DM-12-03-06-01,DM-12-03-06-01,C,ok,มีสัญญาณเชิงสถิติ แต่ส่วนเกิน MNF อยู่แค่ 6.9 m³/hr (8.6% ของค่าเฉลี่ยฐาน 80.5 m³/hr) ต่ำกว่าเกณฑ์ปริมาณขั้นต่ำที่ตั้งไว้ (20%) — ยังไม่คุ้มส่งตรวจ เฝ้าดูต่อ,02:30,04:30,87.375,80.455,5.394,91.243,85.849,1.789,เพิ่มขึ้นชัดเจน,True,21.575,True,True,True,6.0,False,0.086,True,False,1,True,False,6.42,154.07,14,2026-10-05,96,True,3e-05,0.01613,,154.07,RESIDENTIAL,PVC,0.6087,False,2026-10-06 07:18:40
DM-12-03-07-01,DM-12-03-07-01,C,ok,ไม่พบสัญญาณผิดปกติเชิงสถิติ (ใช้น้ำตามพฤติกรรมปกติ),02:00,04:00,80.625,76.509,4.947,86.402,81.456,1.431,เพิ่มขึ้นเล็กน้อย,False,19.787,False,False,False,,False,0.0538,True,False,2,True,False,4.199,100.79,14,2026-10-05,96,True,3e-05,0.01351,,100.79,RESIDENTIAL,PVC,0.5914,False,2026-10-06 07:18:40
DM-12-03-08-01,DM-12-03-08-01,C,ok,ไม่พบสัญญาณผิดปกติเชิงสถิติ (ใช้น้ำตามพฤติกรรมปกติ),02:00,04:00,37.625,35.688,3.459,42.605,39.146,0.361,เพิ่มขึ้นเล็กน้อย,False,13.834,False,False,False,,False,0.0543,True,False,0,False,False,1.604,38.5,14,2026-10-05,96,True,9e-05,0.16633,,38.5,RESIDENTIAL,PVC,0.5161,False,2026-10-06 07:18:40
DM-12-03-08-02,DM-12-03-08-02,C,ok,ไม่พบสัญญาณผิดปกติเชิงสถิติ (ใช้น้ำตามพฤติกรรมปกติ),02:00,04:00,74.75,74.304,7.404,89.112,81.708,0.358,เพิ่มขึ้นเล็กน้อย,False,29.618,False,False,False,,False,0.006,True,False,0,False,False,0.03,0.71,14,2026-10-05,96,True,2e-05,1.60951,,0.71,RESIDENTIAL,PVC,0.617,False,2026-10-06 07:18:40
DM-12-03-09-01,DM-12-03-09-01,C,ok,ไม่พบสัญญาณผิดปกติเชิงสถิติ (ใช้น้ำตามพฤติกรรมปกติ),17:45,19:45,173.0,179.152,10.305,199.761,189.456,0.358,เพิ่มขึ้นเล็กน้อย,False,41.218,False,False,False,,True,-0.0343,True,False,2,True,False,3.848,92.36,14,2026-10-05,96,True,2e-05,0.01696,,92.36,RESIDENTIAL,PVC,0.5426,False,2026-10-06 07:18:40
DM-12-03-11-01,DM-12-03-11-01,C,ok,ไม่พบสัญญาณผิดปกติเชิงสถิติ (ใช้น้ำตามพฤติกรรมปกติ),02:15,04:15,70.0,89.295,5.98,101.255,95.275,-0.358,ลดลงเล็กน้อย,False,23.921,False,False,False,,True,-0.2161,True,False,0,False,False,0.0,0.0,14,2026-10-05,96,True,1e-05,28.64286,,0.0,RESIDENTIAL,PVC,0.5319,False,2026-10-06 07:18:40
DM-12-04-01-01,DM-12-04-01-01,C,ok,ไม่พบสัญญาณผิดปกติเชิงสถิติ (ใช้น้ำตามพฤติกรรมปกติ),02:15,04:15,47.625,48.009,3.137,54.282,51.146,0.902,เพิ่มขึ้นเล็กน้อย,False,12.546,False,False,False,,True,-0.008,True,False,0,False,False,1.616,38.79,14,2026-10-05,96,True,3e-05,5.10714,,38.79,RESIDENTIAL,PVC,0.5426,False,2026-10-06 07:18:40
DM-12-04-02-02,DM-12-04-02-02,C,ok,ไม่พบสัญญาณผิดปกติเชิงสถิติ (ใช้น้ำตามพฤติกรรมปกติ),02:00,04:00,115.812,115.759,6.381,128.522,122.14,0.0,ทรงตัว,False,25.526,False,False,False,,False,0.0005,True,False,0,False,False,0.054,1.29,14,2026-10-05,57,False,0.0,0.1,,1.29,RESIDENTIAL,PVC,0.5455,False,2026-10-06 07:18:40
DM-12-04-03-01,DM-12-04-03-01,C,ok,ไม่พบสัญญาณผิดปกติเชิงสถิติ (ใช้น้ำตามพฤติกรรมปกติ),02:15,04:15,55.5,59.143,2.84,64.823,61.983,-0.716,ลดลงเล็กน้อย,False,11.361,False,False,False,,True,-0.0616,True,False,3,True,False,0.0,0.0,14,2026-10-05,96,True,2e-05,22.60714,,0.0,RESIDENTIAL,PVC,0.4362,False,2026-10-06 07:18:40
DM-12-04-04-03,DM-12-04-04-03,C,ok,MNF ล่าสุด (114.4 m³/hr) / ส่วนเกินเฉลี่ย 3 วัน (-1.8 m³/hr) กลับมาที่ระดับค่าเฉลี่ยฐาน (123.3 m³/hr) แล้ว — ไม่มีน้ำสูญเสียส่วนเกินเหลืออยู่ ถือว่าเหตุการณ์จบ/ซ่อมเสร็จแล้ว จึงไม่ขึ้นเตือน,00:00,02:00,114.375,123.348,4.794,132.936,128.142,0.0,ทรงตัว,False,19.176,False,False,False,,True,-0.0727,True,True,9,False,False,0.0,0.0,14,2026-10-05,96,True,0.0,0.03207,,0.0,RESIDENTIAL,PVC,0.5426,False,2026-10-06 07:18:40
DM-12-04-05-01,DM-12-04-05-01,C,ok,ไม่พบสัญญาณผิดปกติเชิงสถิติ (ใช้น้ำตามพฤติกรรมปกติ),02:15,04:15,69.0,71.812,9.397,90.606,81.209,1.61,เพิ่มขึ้นเล็กน้อย,False,37.587,False,False,False,,True,-0.0392,True,False,1,True,False,1.771,42.5,14,2026-10-05,96,True,2e-05,0.1,,42.5,RESIDENTIAL,PVC,0.5,False,2026-10-06 07:18:40
DM-12-04-05-02,DM-12-04-05-02,A,alert,Flow สูงกว่าเกณฑ์ต่อเนื่อง 19 intervals + CUSUM ขยับฐานฉับพลันและเพิ่งตัดเกณฑ์ใน 7 วันล่าสุด + แรงดันตกยืนยัน,02:00,04:00,287.0,137.134,9.675,156.484,146.809,0.629,เพิ่มขึ้นเล็กน้อย,False,38.7,True,True,True,6.0,False,1.0928,False,True,19,True,False,49.283,1182.79,14,2026-10-05,57,False,0.0,0.1,ไกลจาก RTU (> 2 กม. โดยประมาณ),1182.79,RESIDENTIAL,PVC,0.1455,False,2026-10-06 07:18:40
DM-12-04-07-01,DM-12-04-07-01,C,ok,มีสัญญาณเชิงสถิติ แต่ส่วนเกิน MNF อยู่แค่ 15.5 m³/hr (9.7% ของค่าเฉลี่ยฐาน 160.5 m³/hr) ต่ำกว่าเกณฑ์ปริมาณขั้นต่ำที่ตั้งไว้ (20%) — ยังไม่คุ้มส่งตรวจ เฝ้าดูต่อ,02:45,04:45,176.0,160.464,5.671,171.807,166.136,2.326,เพิ่มขึ้นชัดเจน,True,22.685,True,True,True,5.0,False,0.0968,True,False,7,True,False,11.494,275.86,14,2026-10-05,96,True,1e-05,0.01177,,275.86,RESIDENTIAL,PVC,0.4787,False,2026-10-06 07:18:40
DM-12-04-07-02,DM-12-04-07-02,C,ok,MNF ล่าสุด (132.5 m³/hr) / ส่วนเกินเฉลี่ย 3 วัน (-16.9 m³/hr) กลับมาที่ระดับค่าเฉลี่ยฐาน (141.2 m³/hr) แล้ว — ไม่มีน้ำสูญเสียส่วนเกินเหลืออยู่ ถือว่าเหตุการณ์จบ/ซ่อมเสร็จแล้ว จึงไม่ขึ้นเตือน,03:00,05:00,132.5,141.232,26.022,193.277,167.254,3.041,เพิ่มขึ้นชัดเจน,True,104.089,False,False,False,,True,-0.0618,True,False,1,True,False,0.0,0.0,14,2026-10-05,96,True,2e-05,9.5,,0.0,RESIDENTIAL,PVC,0.4681,False,2026-10-06 07:18:40
DM-12-04-08-01,DM-12-04-08-01,C,ok,ไม่พบสัญญาณผิดปกติเชิงสถิติ (ใช้น้ำตามพฤติกรรมปกติ),02:15,04:15,129.125,127.929,8.445,144.819,136.374,0.358,เพิ่มขึ้นเล็กน้อย,False,33.78,False,False,False,,True,0.0094,True,False,3,True,False,0.0,0.0,14,2026-10-05,96,True,1e-05,0.13936,,0.0,RESIDENTIAL,PVC,0.5106,False,2026-10-06 07:18:40
DM-12-04-09-01,DM-12-04-09-01,A,alert,Flow สูงกว่าเกณฑ์ต่อเนื่อง 11 intervals + CUSUM ขยับฐานฉับพลันและเพิ่งตัดเกณฑ์ใน 7 วันล่าสุด + แรงดันตกยืนยัน,03:00,05:00,69.625,39.92,9.648,59.216,49.568,2.147,เพิ่มขึ้นชัดเจน,True,38.593,True,True,True,2.0,False,0.7441,False,True,11,True,False,18.58,445.93,14,2026-10-05,96,True,6e-05,0.00182,ไกลจาก RTU (> 2 กม. โดยประมาณ),445.93,RESIDENTIAL,PVC,0.4362,False,2026-10-06 07:18:40
DM-12-05-01-01,DM-12-05-01-01,C,ok,ไม่พบสัญญาณผิดปกติเชิงสถิติ (ใช้น้ำตามพฤติกรรมปกติ),02:15,04:15,99.5,93.375,27.083,147.54,120.458,-1.073,ลดลงเล็กน้อย,False,108.33,False,False,False,,False,0.0656,True,False,0,False,False,6.208,149.0,14,2026-10-05,96,True,1e-05,22.39286,,149.0,RESIDENTIAL,PVC,0.5319,False,2026-10-06 07:18:40
DM-12-05-03-01,DM-12-05-03-01,C,ok,มีสัญญาณเชิงสถิติ แต่ส่วนเกิน MNF อยู่แค่ 3.9 m³/hr (3.3% ของค่าเฉลี่ยฐาน 119.7 m³/hr) ต่ำกว่าเกณฑ์ปริมาณขั้นต่ำที่ตั้งไว้ (20%) — ยังไม่คุ้มส่งตรวจ เฝ้าดูต่อ,02:00,04:00,123.625,119.714,9.644,139.003,129.359,2.425,เพิ่มขึ้นชัดเจน,True,38.578,False,False,False,,False,0.0327,True,False,1,False,False,5.577,133.86,14,2026-10-05,96,True,1e-05,0.23793,,133.86,RESIDENTIAL,PVC,0.5376,False,2026-10-06 07:18:40
DM-12-05-04-01,DM-12-05-04-01,C,ok,มีสัญญาณเชิงสถิติ แต่ส่วนเกิน MNF อยู่แค่ 2.7 m³/hr (8.4% ของค่าเฉลี่ยฐาน 32.3 m³/hr) ต่ำกว่าเกณฑ์ปริมาณขั้นต่ำที่ตั้งไว้ (20%) — ยังไม่คุ้มส่งตรวจ เฝ้าดูต่อ,02:15,04:15,35.0,32.295,3.591,39.478,35.886,0.0,ทรงตัว,False,14.366,True,False,True,5.0,False,0.0838,True,False,0,False,False,2.705,64.93,14,2026-10-05,57,False,0.0,0.0063,,64.93,RESIDENTIAL,PVC,0.6038,False,2026-10-06 07:18:40
DM-12-05-05-02,DM-12-05-05-02,C,ok,ไม่พบสัญญาณผิดปกติเชิงสถิติ (ใช้น้ำตามพฤติกรรมปกติ),00:00,02:00,2.625,9.196,17.761,44.719,26.958,-1.61,ลดลงเล็กน้อย,False,71.045,False,False,False,,True,-0.7146,True,False,0,False,False,0.0,0.0,14,2026-10-05,96,True,0.00038,44.32143,,0.0,RESIDENTIAL,PVC,0.4894,False,2026-10-06 07:18:40
DM-12-05-05-03,DM-12-05-05-03,C,ok,ไม่พบสัญญาณผิดปกติเชิงสถิติ (ใช้น้ำตามพฤติกรรมปกติ),02:15,04:15,48.625,45.125,3.282,51.69,48.407,0.09,เพิ่มขึ้นเล็กน้อย,False,13.13,False,False,False,,False,0.0776,True,False,1,True,False,0.833,20.0,14,2026-10-05,57,False,1e-05,0.1,,20.0,RESIDENTIAL,PVC,0.5556,False,2026-10-06 07:18:40
DM-12-05-06-02,DM-12-05-06-02,C,ok,มีสัญญาณเชิงสถิติ แต่ส่วนเกิน MNF อยู่แค่ 7.7 m³/hr (8.5% ของค่าเฉลี่ยฐาน 90.6 m³/hr) ต่ำกว่าเกณฑ์ปริมาณขั้นต่ำที่ตั้งไว้ (20%) — ยังไม่คุ้มส่งตรวจ เฝ้าดูต่อ,02:00,04:00,98.375,90.643,5.953,102.548,96.595,1.789,เพิ่มขึ้นชัดเจน,True,23.81,False,False,False,,False,0.0853,True,False,1,True,False,5.565,133.57,14,2026-10-05,96,True,2e-05,0.01224,,133.57,RESIDENTIAL,PVC,0.6022,False,2026-10-06 07:18:40
DM-12-05-07-01,DM-12-05-07-01,C,ok,ไม่พบสัญญาณผิดปกติเชิงสถิติ (ใช้น้ำตามพฤติกรรมปกติ),02:00,04:00,84.875,84.527,10.354,105.235,94.881,0.902,เพิ่มขึ้นเล็กน้อย,False,41.416,False,False,False,,True,0.0041,True,False,0,False,False,0.0,0.0,14,2026-10-05,96,True,2e-05,17.5,,0.0,RESIDENTIAL,PVC,0.5532,False,2026-10-06 07:18:40
DM-12-05-09-01,DM-12-05-09-01,C,ok,ไม่พบสัญญาณผิดปกติเชิงสถิติ (ใช้น้ำตามพฤติกรรมปกติ),02:15,04:15,96.5,91.357,6.31,103.976,97.667,0.716,เพิ่มขึ้นเล็กน้อย,False,25.238,False,False,False,,False,0.0563,True,False,4,False,False,3.143,75.43,14,2026-10-05,96,True,0.0,0.00019,,75.43,RESIDENTIAL,PVC,0.5161,False,2026-10-06 07:18:40
DM-12-05-09-02,DM-12-05-09-02,C,ok,MNF ล่าสุด (45.0 m³/hr) / ส่วนเกินเฉลี่ย 3 วัน (-1.1 m³/hr) กลับมาที่ระดับค่าเฉลี่ยฐาน (45.6 m³/hr) แล้ว — ไม่มีน้ำสูญเสียส่วนเกินเหลืออยู่ ถือว่าเหตุการณ์จบ/ซ่อมเสร็จแล้ว จึงไม่ขึ้นเตือน,02:45,04:45,45.0,45.643,18.781,83.206,64.424,1.789,เพิ่มขึ้นชัดเจน,True,75.126,False,False,False,,True,-0.0141,True,False,0,False,False,0.0,0.0,14,2026-10-05,96,True,0.00014,17.17857,,0.0,RESIDENTIAL,PVC,0.4681,False,2026-10-06 07:18:40
DM-12-05-10-01,DM-12-05-10-01,C,ok,ไม่พบสัญญาณผิดปกติเชิงสถิติ (ใช้น้ำตามพฤติกรรมปกติ),02:00,04:00,122.75,123.25,18.714,160.679,141.964,0.269,เพิ่มขึ้นเล็กน้อย,False,74.857,False,False,False,,True,-0.0041,True,False,2,True,False,0.0,0.0,14,2026-10-05,96,True,1e-05,33.14286,,0.0,RESIDENTIAL,PVC,0.5106,False,2026-10-06 07:18:40
DM-12-06-01-01,DM-12-06-01-01,C,ok,ไม่พบสัญญาณผิดปกติเชิงสถิติ (ใช้น้ำตามพฤติกรรมปกติ),02:15,04:15,112.75,111.946,11.927,135.8,123.873,-0.179,ลดลงเล็กน้อย,False,47.706,False,False,False,,True,0.0072,True,False,1,False,False,0.0,0.0,14,2026-10-05,96,True,1e-05,0.18931,,0.0,RESIDENTIAL,PVC,0.5484,False,2026-10-06 07:18:40
DM-12-06-02-01,DM-12-06-02-01,C,ok,ไม่พบสัญญาณผิดปกติเชิงสถิติ (ใช้น้ำตามพฤติกรรมปกติ),00:00,02:00,34.875,34.683,3.043,40.77,37.726,-1.073,ลดลงเล็กน้อย,False,12.174,False,False,False,,False,0.0055,True,False,2,True,False,1.067,25.61,14,2026-10-05,96,True,0.00014,0.17094,,25.61,RESIDENTIAL,PVC,0.5806,False,2026-10-06 07:18:40
DM-12-06-02-02,DM-12-06-02-02,C,ok,มีสัญญาณเชิงสถิติ แต่ส่วนเกิน MNF อยู่แค่ 1.7 m³/hr (2.4% ของค่าเฉลี่ยฐาน 73.5 m³/hr) ต่ำกว่าเกณฑ์ปริมาณขั้นต่ำที่ตั้งไว้ (20%) — ยังไม่คุ้มส่งตรวจ เฝ้าดูต่อ,01:45,03:45,75.25,73.509,3.289,80.086,76.798,0.358,เพิ่มขึ้นเล็กน้อย,False,13.155,True,True,True,3.0,False,0.0237,True,False,1,True,False,1.033,24.79,14,2026-10-05,96,True,3e-05,0.1,,24.79,RESIDENTIAL,PVC,0.4516,False,2026-10-06 07:18:40
DM-12-06-04-01,DM-12-06-04-01,C,ok,มีสัญญาณเชิงสถิติ แต่ส่วนเกิน MNF อยู่แค่ 0.6 m³/hr (1.0% ของค่าเฉลี่ยฐาน 59.5 m³/hr) ต่ำกว่าเกณฑ์ปริมาณขั้นต่ำที่ตั้งไว้ (20%) — ยังไม่คุ้มส่งตรวจ เฝ้าดูต่อ,02:30,04:30,60.125,59.527,3.906,67.338,63.433,0.0,ทรงตัว,False,15.623,True,True,True,1.0,False,0.01,True,False,0,False,False,1.307,31.36,14,2026-10-05,57,False,0.0,0.00115,,31.36,RESIDENTIAL,PVC,0.6,False,2026-10-06 07:18:40
DM-12-06-05-01,DM-12-06-05-01,C,ok,MNF ล่าสุด (112.0 m³/hr) / ส่วนเกินเฉลี่ย 3 วัน (+47.7 m³/hr) กลับมาที่ระดับค่าเฉลี่ยฐาน (113.0 m³/hr) แล้ว — ไม่มีน้ำสูญเสียส่วนเกินเหลืออยู่ ถือว่าเหตุการณ์จบ/ซ่อมเสร็จแล้ว จึงไม่ขึ้นเตือน,13:15,15:15,112.0,113.009,19.105,151.218,132.114,2.147,เพิ่มขึ้นชัดเจน,True,76.419,True,True,True,1.0,True,-0.0089,True,False,5,True,False,47.741,1145.79,14,2026-10-05,96,True,2e-05,0.01799,,1145.79,RESIDENTIAL,PVC,0.4787,False,2026-10-06 07:18:40
DM-12-06-07-01,DM-12-06-07-01,C,ok,ไม่พบสัญญาณผิดปกติเชิงสถิติ (ใช้น้ำตามพฤติกรรมปกติ),01:15,03:15,45.625,56.491,26.921,110.332,83.412,1.252,เพิ่มขึ้นเล็กน้อย,False,107.683,False,False,False,,True,-0.1924,True,False,1,True,False,0.0,0.0,14,2026-10-05,96,True,4e-05,0.01208,,0.0,RESIDENTIAL,PVC,0.5,False,2026-10-06 07:18:40
DM-12-06-08-01,DM-12-06-08-01,C,ok,มีสัญญาณเชิงสถิติ แต่ส่วนเกิน MNF อยู่แค่ 3.2 m³/hr (14.6% ของค่าเฉลี่ยฐาน 21.6 m³/hr) ต่ำกว่าเกณฑ์ปริมาณขั้นต่ำที่ตั้งไว้ (20%) — ยังไม่คุ้มส่งตรวจ เฝ้าดูต่อ,00:45,02:45,24.75,21.589,1.316,24.221,22.905,-1.61,ลดลงเล็กน้อย,False,5.262,True,False,True,3.0,False,0.1464,True,True,38,True,False,1.286,30.86,14,2026-10-05,96,True,7e-05,0.00268,,30.86,RESIDENTIAL,PVC,0.6129,False,2026-10-06 07:18:40
DM-12-07-02-03,DM-12-07-02-03,C,ok,MNF ล่าสุด (25.4 m³/hr) / ส่วนเกินเฉลี่ย 3 วัน (-0.6 m³/hr) กลับมาที่ระดับค่าเฉลี่ยฐาน (30.9 m³/hr) แล้ว — ไม่มีน้ำสูญเสียส่วนเกินเหลืออยู่ ถือว่าเหตุการณ์จบ/ซ่อมเสร็จแล้ว จึงไม่ขึ้นเตือน,00:00,02:00,25.375,30.938,2.084,35.106,33.022,0.0,ทรงตัว,False,8.336,True,True,True,2.0,True,-0.1798,True,False,5,True,False,0.0,0.0,14,2026-10-05,96,True,0.00018,0.08647,,0.0,RESIDENTIAL,PVC,0.6489,False,2026-10-06 07:18:40
DM-12-07-03-01,DM-12-07-03-01,C,ok,MNF ล่าสุด (98.8 m³/hr) / ส่วนเกินเฉลี่ย 3 วัน (-2.2 m³/hr) กลับมาที่ระดับค่าเฉลี่ยฐาน (93.7 m³/hr) แล้ว — ไม่มีน้ำสูญเสียส่วนเกินเหลืออยู่ ถือว่าเหตุการณ์จบ/ซ่อมเสร็จแล้ว จึงไม่ขึ้นเตือน,02:45,04:45,98.75,93.696,7.551,108.799,101.248,0.0,ทรงตัว,False,30.206,True,False,True,1.0,True,0.0539,True,False,1,False,False,0.0,0.0,14,2026-10-05,96,True,2e-05,27.92857,,0.0,RESIDENTIAL,PVC,0.5106,False,2026-10-06 07:18:40
DM-12-07-03-02,DM-12-07-03-02,C,ok,MNF ล่าสุด (58.4 m³/hr) / ส่วนเกินเฉลี่ย 3 วัน (-4.2 m³/hr) กลับมาที่ระดับค่าเฉลี่ยฐาน (61.8 m³/hr) แล้ว — ไม่มีน้ำสูญเสียส่วนเกินเหลืออยู่ ถือว่าเหตุการณ์จบ/ซ่อมเสร็จแล้ว จึงไม่ขึ้นเตือน,02:00,04:00,58.375,61.768,8.692,79.151,70.46,1.789,เพิ่มขึ้นชัดเจน,True,34.767,False,False,False,,True,-0.0549,True,False,0,False,False,0.0,0.0,14,2026-10-05,96,True,4e-05,30.42857,,0.0,RESIDENTIAL,PVC,0.5161,False,2026-10-06 07:18:40
DM-12-07-04-01,DM-12-07-04-01,C,ok,ไม่พบสัญญาณผิดปกติเชิงสถิติ (ใช้น้ำตามพฤติกรรมปกติ),02:15,04:15,32.25,30.804,3.843,38.49,34.647,0.894,เพิ่มขึ้นเล็กน้อย,False,15.374,False,False,False,,False,0.047,True,False,1,True,False,0.113,2.71,14,2026-10-05,96,True,6e-05,1.01166,,2.71,RESIDENTIAL,PVC,0.4787,False,2026-10-06 07:18:40
DM-12-07-04-02,DM-12-07-04-02,C,ok,มีสัญญาณเชิงสถิติ แต่ส่วนเกิน MNF อยู่แค่ 17.8 m³/hr (16.3% ของค่าเฉลี่ยฐาน 108.7 m³/hr) ต่ำกว่าเกณฑ์ปริมาณขั้นต่ำที่ตั้งไว้ (20%) — ยังไม่คุ้มส่งตรวจ เฝ้าดูต่อ,02:30,04:30,126.5,108.732,17.512,143.756,126.244,1.073,เพิ่มขึ้นเล็กน้อย,False,70.048,True,True,True,2.0,False,0.1634,True,False,1,True,False,2.143,51.43,14,2026-10-05,57,False,1e-05,0.1,,51.43,RESIDENTIAL,PVC,0.4909,False,2026-10-06 07:18:40
DM-12-07-05-01,DM-12-07-05-01,C,ok,MNF ล่าสุด (133.5 m³/hr) / ส่วนเกินเฉลี่ย 3 วัน (-3.9 m³/hr) กลับมาที่ระดับค่าเฉลี่ยฐาน (128.3 m³/hr) แล้ว — ไม่มีน้ำสูญเสียส่วนเกินเหลืออยู่ ถือว่าเหตุการณ์จบ/ซ่อมเสร็จแล้ว จึงไม่ขึ้นเตือน,00:15,02:15,133.5,128.321,13.466,155.254,141.788,1.706,เพิ่มขึ้นชัดเจน,True,53.865,False,False,False,,True,0.0404,True,False,0,False,False,0.0,0.0,14,2026-10-05,96,True,1e-05,26.14286,,0.0,RESIDENTIAL,PVC,0.5484,False,2026-10-06 07:18:40
DM-12-07-08-01,DM-12-07-08-01,C,ok,ไม่พบสัญญาณผิดปกติเชิงสถิติ (ใช้น้ำตามพฤติกรรมปกติ),02:00,04:00,35.125,36.875,3.538,43.952,40.413,-1.623,ลดลงเล็กน้อย,False,14.153,False,False,False,,True,-0.0475,True,False,0,False,False,0.0,0.0,14,2026-10-05,96,True,6e-05,24.89286,,0.0,RESIDENTIAL,PVC,0.6882,False,2026-10-06 07:18:40
DM-12-07-09-01,DM-12-07-09-01,C,ok,MNF ล่าสุด (84.6 m³/hr) / ส่วนเกินเฉลี่ย 3 วัน (-1.1 m³/hr) กลับมาที่ระดับค่าเฉลี่ยฐาน (83.7 m³/hr) แล้ว — ไม่มีน้ำสูญเสียส่วนเกินเหลืออยู่ ถือว่าเหตุการณ์จบ/ซ่อมเสร็จแล้ว จึงไม่ขึ้นเตือน,01:45,03:45,84.625,83.732,8.989,101.711,92.721,2.784,เพิ่มขึ้นชัดเจน,True,35.957,False,False,False,,True,0.0107,True,False,2,False,False,0.0,0.0,14,2026-10-05,96,True,1e-05,11.14286,,0.0,RESIDENTIAL,PVC,0.6129,False,2026-10-06 07:18:40
DM-13-01-01-02,DM-13-01-01-02,C,ok,MNF ล่าสุด (2.4 m³/hr) / ส่วนเกินเฉลี่ย 3 วัน (+0.1 m³/hr) กลับมาที่ระดับค่าเฉลี่ยฐาน (4.5 m³/hr) แล้ว — ไม่มีน้ำสูญเสียส่วนเกินเหลืออยู่ ถือว่าเหตุการณ์จบ/ซ่อมเสร็จแล้ว จึงไม่ขึ้นเตือน,01:15,03:15,2.375,4.5,5.556,15.612,10.056,-1.431,ลดลงเล็กน้อย,False,22.225,True,False,True,6.0,True,-0.4722,True,False,4,True,False,0.146,3.5,14,2026-10-05,96,True,8e-05,0.00335,,3.5,RESIDENTIAL,PVC,0.5,False,2026-10-06 07:18:40
DM-13-01-03-01,DM-13-01-03-01,C,ok,ไม่พบสัญญาณผิดปกติเชิงสถิติ (ใช้น้ำตามพฤติกรรมปกติ),01:30,03:30,113.0,121.277,5.843,132.962,127.12,-0.988,ลดลงเล็กน้อย,False,23.371,False,False,False,,True,-0.0682,True,False,0,False,False,0.0,0.0,14,2026-10-05,96,True,1e-05,23.32143,,0.0,RESIDENTIAL,PVC,0.5532,False,2026-10-06 07:18:40
DM-13-01-03-02,DM-13-01-03-02,C,ok,ไม่พบสัญญาณผิดปกติเชิงสถิติ (ใช้น้ำตามพฤติกรรมปกติ),02:00,04:00,94.625,102.536,5.046,112.627,107.581,-0.894,ลดลงเล็กน้อย,False,20.183,False,False,False,,True,-0.0772,True,False,0,False,False,0.0,0.0,14,2026-10-05,96,True,1e-05,29.85714,,0.0,RESIDENTIAL,PVC,0.5426,False,2026-10-06 07:18:40
DM-13-01-03-03,DM-13-01-03-03,C,ok,ไม่พบสัญญาณผิดปกติเชิงสถิติ (ใช้น้ำตามพฤติกรรมปกติ),01:30,03:30,15.812,16.438,12.326,41.089,28.763,0.0,ทรงตัว,False,49.303,False,False,False,,True,-0.038,True,False,0,False,False,0.0,0.0,14,2026-10-05,57,False,0.0,0.1,,0.0,RESIDENTIAL,PVC,0.4906,False,2026-10-06 07:18:40
DM-13-01-04-01,DM-13-01-04-01,C,ok,ไม่พบสัญญาณผิดปกติเชิงสถิติ (ใช้น้ำตามพฤติกรรมปกติ),02:00,04:00,108.75,113.116,4.207,121.531,117.323,-0.988,ลดลงเล็กน้อย,False,16.829,False,False,False,,True,-0.0386,True,False,0,False,False,0.0,0.0,14,2026-10-05,96,True,1e-05,26.39286,,0.0,RESIDENTIAL,PVC,0.5376,False,2026-10-06 07:18:40
DM-13-01-04-02,DM-13-01-04-02,C,ok,ไม่พบสัญญาณผิดปกติเชิงสถิติ (ใช้น้ำตามพฤติกรรมปกติ),01:30,03:30,136.25,142.42,6.788,155.995,149.208,-1.167,ลดลงเล็กน้อย,False,27.151,False,False,False,,True,-0.0433,True,False,0,False,False,0.0,0.0,14,2026-10-05,96,True,1e-05,26.46429,,0.0,RESIDENTIAL,PVC,0.5532,False,2026-10-06 07:18:40
DM-13-01-05-02,DM-13-01-05-02,C,ok,ไม่พบสัญญาณผิดปกติเชิงสถิติ (ใช้น้ำตามพฤติกรรมปกติ),23:00,01:00,73.75,93.634,18.251,130.135,111.885,0.0,ทรงตัว,False,73.003,False,False,False,,True,-0.2124,True,False,1,True,False,0.0,0.0,14,2026-10-05,96,True,0.0,16.89286,,0.0,RESIDENTIAL,PVC,0.5745,False,2026-10-06 07:18:40
DM-13-01-06-01,DM-13-01-06-01,C,ok,ไม่พบสัญญาณผิดปกติเชิงสถิติ (ใช้น้ำตามพฤติกรรมปกติ),01:30,03:30,126.0,114.241,16.882,148.006,131.123,1.073,เพิ่มขึ้นเล็กน้อย,False,67.529,False,False,False,,False,0.1029,True,False,2,True,False,12.134,291.21,14,2026-10-05,96,True,1e-05,0.01062,,291.21,RESIDENTIAL,PVC,0.4787,False,2026-10-06 07:18:40
DM-13-01-06-02,DM-13-01-06-02,C,ok,มีสัญญาณเชิงสถิติ แต่ส่วนเกิน MNF อยู่แค่ 17.8 m³/hr (18.5% ของค่าเฉลี่ยฐาน 96.1 m³/hr) ต่ำกว่าเกณฑ์ปริมาณขั้นต่ำที่ตั้งไว้ (20%) — ยังไม่คุ้มส่งตรวจ เฝ้าดูต่อ,01:30,03:30,113.875,96.116,21.074,138.263,117.19,2.245,เพิ่มขึ้นชัดเจน,True,84.294,False,False,False,,False,0.1848,True,False,1,True,False,15.926,382.21,14,2026-10-05,96,True,1e-05,0.00611,,382.21,RESIDENTIAL,PVC,0.5161,False,2026-10-06 07:18:40
DM-13-01-07-02,DM-13-01-07-02,C,ok,ไม่พบสัญญาณผิดปกติเชิงสถิติ (ใช้น้ำตามพฤติกรรมปกติ),00:15,02:15,49.125,53.866,2.476,58.818,56.342,-0.449,ลดลงเล็กน้อย,False,9.904,False,False,False,,True,-0.088,True,False,0,False,False,0.0,0.0,14,2026-10-05,96,True,3e-05,21.21429,,0.0,RESIDENTIAL,PVC,0.5319,False,2026-10-06 07:18:40
DM-13-02-01-02,DM-13-02-01-02,C,ok,ไม่พบสัญญาณผิดปกติเชิงสถิติ (ใช้น้ำตามพฤติกรรมปกติ),03:30,05:30,35.25,29.812,3.697,37.207,33.51,0.988,เพิ่มขึ้นเล็กน้อย,False,14.79,False,False,False,,False,0.1824,True,False,2,True,False,2.354,56.5,14,2026-10-05,96,True,0.00014,0.07937,,56.5,RESIDENTIAL,PVC,0.5745,False,2026-10-06 07:18:40
DM-13-02-01-03,DM-13-02-01-03,C,ok,ไม่พบสัญญาณผิดปกติเชิงสถิติ (ใช้น้ำตามพฤติกรรมปกติ),01:15,03:15,25.75,43.455,9.859,63.174,53.315,-1.431,ลดลงเล็กน้อย,False,39.438,False,False,False,,True,-0.4074,True,False,1,True,False,0.0,0.0,14,2026-10-05,96,True,4e-05,36.25,,0.0,RESIDENTIAL,PVC,0.4362,False,2026-10-06 07:18:40
DM-13-02-02-01,DM-13-02-02-01,C,ok,MNF ล่าสุด (56.4 m³/hr) / ส่วนเกินเฉลี่ย 3 วัน (-8.8 m³/hr) กลับมาที่ระดับค่าเฉลี่ยฐาน (77.3 m³/hr) แล้ว — ไม่มีน้ำสูญเสียส่วนเกินเหลืออยู่ ถือว่าเหตุการณ์จบ/ซ่อมเสร็จแล้ว จึงไม่ขึ้นเตือน,11:00,13:00,56.375,77.339,9.333,96.004,86.672,-1.968,ลดลงชัดเจน,True,37.33,False,False,False,,True,-0.2711,True,False,0,False,False,0.0,0.0,14,2026-10-05,96,True,2e-05,26.32143,,0.0,RESIDENTIAL,PVC,0.6277,False,2026-10-06 07:18:40
DM-13-02-03-01,DM-13-02-03-01,B,watch,Flow สูงกว่าเกณฑ์ต่อเนื่อง 10 intervals พร้อมแรงดันตก แต่ไม่ใช่การเปลี่ยนแปลงฉับพลันใน 1-2 วัน (น่าจะเป็นรั่วที่ดำเนินมาระยะหนึ่งแล้วและขยายจนคงที่) — ควรตรวจสอบโดยเร็วแต่ไม่ใช่เหตุฉุกเฉินแบบท่อแตกใหม่,01:30,03:30,93.0,76.393,6.998,90.389,83.391,1.262,เพิ่มขึ้นเล็กน้อย,False,27.992,True,False,True,3.0,False,0.2174,False,True,10,True,False,18.107,434.57,14,2026-10-05,96,True,2e-05,0.0005,ไกลจาก RTU (> 2 กม. โดยประมาณ),434.57,RESIDENTIAL,PVC,0.6196,False,2026-10-06 07:18:40
DM-13-02-03-02,DM-13-02-03-02,C,ok,ไม่พบสัญญาณผิดปกติเชิงสถิติ (ใช้น้ำตามพฤติกรรมปกติ),01:15,03:15,85.5,99.464,7.015,113.494,106.479,-0.988,ลดลงเล็กน้อย,False,28.06,False,False,False,,True,-0.1404,True,False,0,False,False,0.0,0.0,14,2026-10-05,96,True,2e-05,35.78571,,0.0,RESIDENTIAL,PVC,0.5851,False,2026-10-06 07:18:40
DM-13-02-04-01,DM-13-02-04-01,C,ok,MNF ล่าสุด (77.2 m³/hr) / ส่วนเกินเฉลี่ย 3 วัน (-5.8 m³/hr) กลับมาที่ระดับค่าเฉลี่ยฐาน (83.0 m³/hr) แล้ว — ไม่มีน้ำสูญเสียส่วนเกินเหลืออยู่ ถือว่าเหตุการณ์จบ/ซ่อมเสร็จแล้ว จึงไม่ขึ้นเตือน,02:30,04:30,77.25,83.009,36.166,155.341,119.175,0.0,ทรงตัว,False,144.664,True,False,True,2.0,True,-0.0694,True,False,0,False,False,0.0,0.0,14,2026-10-05,96,True,0.0,0.1,,0.0,RESIDENTIAL,PVC,0.5699,False,2026-10-06 07:18:40
DM-13-02-04-02,DM-13-02-04-02,C,ok,มีสัญญาณเชิงสถิติ แต่ส่วนเกิน MNF อยู่แค่ 37.1 m³/hr (11.1% ของค่าเฉลี่ยฐาน 333.3 m³/hr) ต่ำกว่าเกณฑ์ปริมาณขั้นต่ำที่ตั้งไว้ (20%) — ยังไม่คุ้มส่งตรวจ เฝ้าดูต่อ,03:30,05:30,370.375,333.259,29.683,392.625,362.942,2.683,เพิ่มขึ้นชัดเจน,True,118.731,False,False,False,,False,0.1114,True,False,3,True,False,47.283,1134.79,14,2026-10-05,96,True,0.0,0.0008,,1134.79,RESIDENTIAL,PVC,0.6915,False,2026-10-06 07:18:40
DM-13-02-04-03,DM-13-02-04-03,C,ok,มีสัญญาณเชิงสถิติ แต่ส่วนเกิน MNF อยู่แค่ 3.9 m³/hr (5.9% ของค่าเฉลี่ยฐาน 65.4 m³/hr) ต่ำกว่าเกณฑ์ปริมาณขั้นต่ำที่ตั้งไว้ (20%) — ยังไม่คุ้มส่งตรวจ เฝ้าดูต่อ,02:15,04:15,69.25,65.393,3.53,72.452,68.923,0.0,ทรงตัว,False,14.119,True,False,True,3.0,False,0.059,True,False,2,False,False,5.107,122.57,14,2026-10-05,96,True,0.0,0.1,,122.57,RESIDENTIAL,PVC,0.6064,False,2026-10-06 07:18:40
DM-13-02-04-05,DM-13-02-04-05,C,ok,ไม่พบสัญญาณผิดปกติเชิงสถิติ (ใช้น้ำตามพฤติกรรมปกติ),00:45,02:45,61.625,65.491,8.881,83.253,74.372,-0.894,ลดลงเล็กน้อย,False,35.523,False,False,False,,True,-0.059,True,False,1,True,False,0.0,0.0,14,2026-10-05,96,True,1e-05,0.1,,0.0,RESIDENTIAL,PVC,0.5106,False,2026-10-06 07:18:40
DM-13-02-05-01,DM-13-02-05-01,C,ok,ไม่พบสัญญาณผิดปกติเชิงสถิติ (ใช้น้ำตามพฤติกรรมปกติ),01:30,03:30,161.125,172.616,16.363,205.343,188.979,0.358,เพิ่มขึ้นเล็กน้อย,False,49.09,False,False,False,,True,-0.0666,True,False,2,True,False,0.0,0.0,14,2026-10-05,96,True,0.0,0.1,,0.0,RESIDENTIAL,PVC,0.5213,False,2026-10-06 07:18:40
DM-13-02-05-03,DM-13-02-05-03,B,watch,Flow สูงกว่าเกณฑ์ต่อเนื่อง 9 intervals พร้อมแรงดันตก แต่ไม่ใช่การเปลี่ยนแปลงฉับพลันใน 1-2 วัน (น่าจะเป็นรั่วที่ดำเนินมาระยะหนึ่งแล้วและขยายจนคงที่) — ควรตรวจสอบโดยเร็วแต่ไม่ใช่เหตุฉุกเฉินแบบท่อแตกใหม่,03:45,05:45,47.125,18.705,17.467,53.639,36.172,2.504,เพิ่มขึ้นชัดเจน,True,52.401,False,False,False,,False,1.5194,False,True,9,True,False,16.462,395.09,14,2026-10-05,96,True,3e-05,0.00244,ไกลจาก RTU (> 2 กม. โดยประมาณ),395.09,RESIDENTIAL,PVC,0.5435,False,2026-10-06 07:18:40
DM-13-02-06-01,DM-13-02-06-01,B,watch,Mann-Kendall ยืนยันแนวโน้มขึ้นต่อเนื่อง,02:00,04:00,166.75,124.455,9.633,143.721,134.088,1.789,เพิ่มขึ้นชัดเจน,True,38.531,False,False,False,,False,0.3398,False,True,20,False,False,15.42,370.07,14,2026-10-05,96,True,0.0,0.0001,ใกล้กับ RTU (< 2 กม. โดยประมาณ),370.07,RESIDENTIAL,PVC,0.3723,False,2026-10-06 07:18:40
DM-13-02-06-04,DM-13-02-06-04,B,watch,Mann-Kendall ยืนยันแนวโน้มขึ้นต่อเนื่อง,01:45,03:45,255.125,170.991,19.264,209.519,190.255,1.789,เพิ่มขึ้นชัดเจน,True,77.056,False,False,False,,False,0.492,False,True,20,False,False,29.051,697.21,14,2026-10-05,96,True,0.0,0.05912,ไกลจาก RTU (> 2 กม. โดยประมาณ),697.21,RESIDENTIAL,PVC,0.4362,False,2026-10-06 07:18:40
DM-13-02-07-01,DM-13-02-07-01,C,ok,มีสัญญาณเชิงสถิติ แต่ส่วนเกิน MNF อยู่แค่ 16.3 m³/hr (16.0% ของค่าเฉลี่ยฐาน 102.0 m³/hr) ต่ำกว่าเกณฑ์ปริมาณขั้นต่ำที่ตั้งไว้ (20%) — ยังไม่คุ้มส่งตรวจ เฝ้าดูต่อ,02:15,04:15,118.25,101.955,7.719,117.394,109.675,3.399,เพิ่มขึ้นชัดเจน,True,30.877,False,False,False,,False,0.1598,True,False,3,False,False,9.253,222.07,14,2026-10-05,96,True,0.0,0.00133,,222.07,RESIDENTIAL,PVC,0.5161,False,2026-10-06 07:18:40
DM-13-02-07-02,DM-13-02-07-02,C,ok,MNF ล่าสุด (27.8 m³/hr) / ส่วนเกินเฉลี่ย 3 วัน (-2.8 m³/hr) กลับมาที่ระดับค่าเฉลี่ยฐาน (30.0 m³/hr) แล้ว — ไม่มีน้ำสูญเสียส่วนเกินเหลืออยู่ ถือว่าเหตุการณ์จบ/ซ่อมเสร็จแล้ว จึงไม่ขึ้นเตือน,01:45,03:45,27.75,29.964,2.78,35.524,32.744,-2.065,ลดลงชัดเจน,True,11.12,False,False,False,,True,-0.0739,True,False,0,False,False,0.0,0.0,14,2026-10-05,96,True,0.0,0.1,,0.0,RESIDENTIAL,PVC,0.7234,False,2026-10-06 07:18:40
DM-13-02-08-01,DM-13-02-08-01,C,ok,MNF ล่าสุด (259.5 m³/hr) / ส่วนเกินเฉลี่ย 3 วัน (-64.3 m³/hr) กลับมาที่ระดับค่าเฉลี่ยฐาน (314.0 m³/hr) แล้ว — ไม่มีน้ำสูญเสียส่วนเกินเหลืออยู่ ถือว่าเหตุการณ์จบ/ซ่อมเสร็จแล้ว จึงไม่ขึ้นเตือน,16:30,18:30,259.5,314.045,9.589,333.222,323.633,-1.61,ลดลงเล็กน้อย,False,38.354,False,False,False,,True,-0.1737,True,True,20,False,False,0.0,0.0,14,2026-10-05,96,True,0.0,0.1,,0.0,RESIDENTIAL,PVC,0.234,False,2026-10-06 07:18:40
DM-13-03-01-01,DM-13-03-01-01,C,ok,ไม่พบสัญญาณผิดปกติเชิงสถิติ (ใช้น้ำตามพฤติกรรมปกติ),01:30,03:30,48.25,48.08,2.47,53.021,50.551,0.0,ทรงตัว,False,9.881,False,False,False,,False,0.0035,True,False,0,False,False,1.836,44.07,14,2026-10-05,96,True,4e-05,15.64286,,44.07,RESIDENTIAL,PVC,0.5495,False,2026-10-06 07:18:40
DM-13-03-01-03,DM-13-03-01-03,C,ok,ไม่พบสัญญาณผิดปกติเชิงสถิติ (ใช้น้ำตามพฤติกรรมปกติ),01:30,03:30,55.125,56.536,2.552,61.64,59.088,-0.358,ลดลงเล็กน้อย,False,10.209,False,False,False,,True,-0.025,True,False,1,True,False,0.0,0.0,14,2026-10-05,96,True,3e-05,13.2225,,0.0,RESIDENTIAL,PVC,0.4839,False,2026-10-06 07:18:40
DM-13-03-02-03,DM-13-03-02-03,C,ok,มีสัญญาณเชิงสถิติ แต่ส่วนเกิน MNF อยู่แค่ 1.7 m³/hr (2.7% ของค่าเฉลี่ยฐาน 63.8 m³/hr) ต่ำกว่าเกณฑ์ปริมาณขั้นต่ำที่ตั้งไว้ (20%) — ยังไม่คุ้มส่งตรวจ เฝ้าดูต่อ,02:00,04:00,65.5,63.804,2.571,68.946,66.375,2.147,เพิ่มขึ้นชัดเจน,True,10.285,False,False,False,,False,0.0266,True,False,1,False,False,2.53,60.71,14,2026-10-05,96,True,2e-05,0.84653,,60.71,RESIDENTIAL,PVC,0.5269,False,2026-10-06 07:18:40
DM-13-03-04-01,DM-13-03-04-01,C,ok,ไม่พบสัญญาณผิดปกติเชิงสถิติ (ใช้น้ำตามพฤติกรรมปกติ),00:00,02:00,63.375,117.643,45.363,208.369,163.006,-0.358,ลดลงเล็กน้อย,False,181.452,False,False,False,,True,-0.4613,True,False,0,False,False,0.0,0.0,14,2026-10-05,96,True,1e-05,5.67857,,0.0,RESIDENTIAL,PVC,0.5761,False,2026-10-06 07:18:40
DM-13-03-04-03,DM-13-03-04-03,C,ok,ไม่พบสัญญาณผิดปกติเชิงสถิติ (ใช้น้ำตามพฤติกรรมปกติ),01:15,03:15,60.375,65.536,9.188,83.913,74.724,1.073,เพิ่มขึ้นเล็กน้อย,False,36.754,False,False,False,,True,-0.0787,True,False,2,True,False,0.0,0.0,14,2026-10-05,96,True,2e-05,17.28571,,0.0,RESIDENTIAL,PVC,0.5851,False,2026-10-06 07:18:40
DM-13-03-05-01,DM-13-03-05-01,C,ok,ไม่พบสัญญาณผิดปกติเชิงสถิติ (ใช้น้ำตามพฤติกรรมปกติ),01:15,03:15,72.75,72.321,2.926,78.174,75.248,0.0,ทรงตัว,False,11.706,False,False,False,,False,0.0059,True,False,0,False,False,0.429,10.29,14,2026-10-05,96,True,0.0,0.1,,10.29,RESIDENTIAL,PVC,0.5213,False,2026-10-06 07:18:40
DM-13-03-06-03,DM-13-03-06-03,C,ok,MNF ล่าสุด (47.0 m³/hr) / ส่วนเกินเฉลี่ย 3 วัน (-1.8 m³/hr) กลับมาที่ระดับค่าเฉลี่ยฐาน (48.2 m³/hr) แล้ว — ไม่มีน้ำสูญเสียส่วนเกินเหลืออยู่ ถือว่าเหตุการณ์จบ/ซ่อมเสร็จแล้ว จึงไม่ขึ้นเตือน,23:30,01:30,47.0,48.161,1.571,51.302,49.732,-2.065,ลดลงชัดเจน,True,6.283,True,False,True,3.0,True,-0.0241,True,False,1,False,False,0.0,0.0,14,2026-10-05,96,True,4e-05,0.03941,,0.0,RESIDENTIAL,PVC,0.6196,False,2026-10-06 07:18:40
DM-13-03-07-02,DM-13-03-07-02,C,ok,ไม่พบสัญญาณผิดปกติเชิงสถิติ (ใช้น้ำตามพฤติกรรมปกติ),02:15,04:15,34.875,101.616,14.765,131.146,116.381,-0.269,ลดลงเล็กน้อย,False,59.059,False,False,False,,True,-0.6568,True,False,0,False,False,0.0,0.0,14,2026-10-05,96,True,0.0,20.67857,,0.0,RESIDENTIAL,PVC,0.5326,False,2026-10-06 07:18:40
DM-13-03-08-01,DM-13-03-08-01,C,ok,ไม่พบสัญญาณผิดปกติเชิงสถิติ (ใช้น้ำตามพฤติกรรมปกติ),01:15,03:15,16.5,25.25,2.83,30.909,28.08,1.073,เพิ่มขึ้นเล็กน้อย,False,11.318,False,False,False,,True,-0.3465,True,False,1,False,False,0.0,0.0,14,2026-10-05,96,True,6e-05,0.11515,,0.0,RESIDENTIAL,PVC,0.5106,False,2026-10-06 07:18:40
DM-13-03-09-02,DM-13-03-09-02,A,alert,Flow สูงกว่าเกณฑ์ต่อเนื่อง 8 intervals + CUSUM ขยับฐานฉับพลันและเพิ่งตัดเกณฑ์ใน 7 วันล่าสุด + แรงดันตกยืนยัน,02:30,04:30,39.5,29.286,3.121,35.527,32.406,2.147,เพิ่มขึ้นชัดเจน,True,12.482,True,True,True,5.0,False,0.3488,False,True,8,True,False,4.256,102.14,14,2026-10-05,96,True,0.00012,0.00853,ไกลจาก RTU (> 2 กม. โดยประมาณ),102.14,RESIDENTIAL,PVC,0.4681,False,2026-10-06 07:18:40
DM-13-04-01-01,DM-13-04-01-01,C,ok,ไม่พบสัญญาณผิดปกติเชิงสถิติ (ใช้น้ำตามพฤติกรรมปกติ),02:45,04:45,92.125,96.902,10.742,118.386,107.644,-0.449,ลดลงเล็กน้อย,False,42.969,False,False,False,,True,-0.0493,True,False,3,True,False,1.348,32.36,14,2026-10-05,96,True,0.0,0.1,,32.36,RESIDENTIAL,PVC,0.6489,False,2026-10-06 07:18:40
DM-13-04-02-01,DM-13-04-02-01,C,ok,มีสัญญาณเชิงสถิติ แต่ส่วนเกิน MNF อยู่แค่ 22.3 m³/hr (13.5% ของค่าเฉลี่ยฐาน 165.2 m³/hr) ต่ำกว่าเกณฑ์ปริมาณขั้นต่ำที่ตั้งไว้ (20%) — ยังไม่คุ้มส่งตรวจ เฝ้าดูต่อ,02:00,04:00,187.5,165.152,8.71,182.572,173.862,2.504,เพิ่มขึ้นชัดเจน,True,34.841,True,True,False,9.0,False,0.1353,True,False,7,True,False,22.973,551.36,14,2026-10-05,96,True,0.0,0.00033,,551.36,RESIDENTIAL,PVC,0.6129,False,2026-10-06 07:18:40
DM-13-04-03-01,DM-13-04-03-01,C,ok,ไม่พบสัญญาณผิดปกติเชิงสถิติ (ใช้น้ำตามพฤติกรรมปกติ),01:45,03:45,207.5,201.348,9.846,221.04,211.194,1.431,เพิ่มขึ้นเล็กน้อย,False,39.383,False,False,False,,False,0.0306,True,False,0,False,False,8.152,195.64,14,2026-10-05,96,True,0.0,0.1,,195.64,RESIDENTIAL,PVC,0.6489,False,2026-10-06 07:18:40
DM-13-04-04-01,DM-13-04-04-01,C,ok,มีสัญญาณเชิงสถิติ แต่ส่วนเกิน MNF อยู่แค่ 8.8 m³/hr (13.3% ของค่าเฉลี่ยฐาน 66.3 m³/hr) ต่ำกว่าเกณฑ์ปริมาณขั้นต่ำที่ตั้งไว้ (20%) — ยังไม่คุ้มส่งตรวจ เฝ้าดูต่อ,02:00,04:00,75.125,66.295,3.962,74.219,70.257,3.426,เพิ่มขึ้นชัดเจน,True,15.849,True,True,True,5.0,False,0.1332,True,False,5,False,False,7.33,175.93,14,2026-10-05,96,True,1e-05,0.0304,,175.93,RESIDENTIAL,PVC,0.5543,False,2026-10-06 07:18:40
DM-13-04-04-02,DM-13-04-04-02,A,alert,Flow สูงกว่าเกณฑ์ต่อเนื่อง 10 intervals + CUSUM ขยับฐานฉับพลันและเพิ่งตัดเกณฑ์ใน 7 วันล่าสุด,02:15,04:15,175.75,145.464,10.496,166.456,155.96,3.041,เพิ่มขึ้นชัดเจน,True,41.983,True,True,True,4.0,False,0.2082,False,True,10,False,False,23.827,571.86,14,2026-10-05,96,True,0.0,0.00497,ไกลจาก RTU (> 2 กม. โดยประมาณ),571.86,RESIDENTIAL,PVC,0.4574,False,2026-10-06 07:18:40
DM-13-04-05-01,DM-13-04-05-01,C,ok,มีสัญญาณเชิงสถิติ แต่ส่วนเกิน MNF อยู่แค่ 6.5 m³/hr (3.3% ของค่าเฉลี่ยฐาน 194.4 m³/hr) ต่ำกว่าเกณฑ์ปริมาณขั้นต่ำที่ตั้งไว้ (20%) — ยังไม่คุ้มส่งตรวจ เฝ้าดูต่อ,02:00,04:00,200.875,194.366,7.147,208.661,201.514,1.968,เพิ่มขึ้นชัดเจน,True,28.59,False,False,False,,False,0.0335,True,False,0,False,False,7.342,176.21,14,2026-10-05,96,True,0.0,0.75135,,176.21,RESIDENTIAL,PVC,0.5591,False,2026-10-06 07:18:40
DM-13-04-06-03,DM-13-04-06-03,C,ok,ไม่พบสัญญาณผิดปกติเชิงสถิติ (ใช้น้ำตามพฤติกรรมปกติ),00:45,02:45,82.875,78.598,14.776,108.151,93.374,0.0,ทรงตัว,False,59.105,False,False,False,,True,0.0544,True,False,3,True,False,0.0,0.0,14,2026-10-05,96,True,1e-05,0.14353,,0.0,RESIDENTIAL,PVC,0.6489,False,2026-10-06 07:18:40
DM-13-04-07-01,DM-13-04-07-01,C,ok,มีสัญญาณเชิงสถิติ แต่ส่วนเกิน MNF อยู่แค่ 21.4 m³/hr (18.1% ของค่าเฉลี่ยฐาน 118.4 m³/hr) ต่ำกว่าเกณฑ์ปริมาณขั้นต่ำที่ตั้งไว้ (20%) — ยังไม่คุ้มส่งตรวจ เฝ้าดูต่อ,03:15,05:15,139.75,118.375,16.959,152.293,135.334,3.578,เพิ่มขึ้นชัดเจน,True,67.836,False,False,False,,False,0.1806,True,False,4,False,False,15.417,370.0,14,2026-10-05,96,True,0.0,0.01818,,370.0,RESIDENTIAL,PVC,0.4681,False,2026-10-06 07:18:40
DM-13-04-08-01,DM-13-04-08-01,C,ok,มีสัญญาณเชิงสถิติ แต่ส่วนเกิน MNF อยู่แค่ 18.9 m³/hr (12.3% ของค่าเฉลี่ยฐาน 154.3 m³/hr) ต่ำกว่าเกณฑ์ปริมาณขั้นต่ำที่ตั้งไว้ (20%) — ยังไม่คุ้มส่งตรวจ เฝ้าดูต่อ,02:45,04:45,173.25,154.339,6.618,167.576,160.958,2.147,เพิ่มขึ้นชัดเจน,True,26.474,True,True,True,6.0,False,0.1225,True,False,2,True,False,11.994,287.86,14,2026-10-05,96,True,0.0,0.01511,,287.86,RESIDENTIAL,PVC,0.4787,False,2026-10-06 07:18:40
DM-13-04-08-02,DM-13-04-08-02,C,ok,มีสัญญาณเชิงสถิติ แต่ส่วนเกิน MNF อยู่แค่ 5.5 m³/hr (7.4% ของค่าเฉลี่ยฐาน 74.8 m³/hr) ต่ำกว่าเกณฑ์ปริมาณขั้นต่ำที่ตั้งไว้ (20%) — ยังไม่คุ้มส่งตรวจ เฝ้าดูต่อ,02:30,04:30,80.375,74.848,3.116,81.081,77.965,1.886,เพิ่มขึ้นชัดเจน,True,12.466,True,True,True,6.0,False,0.0738,True,False,2,True,False,3.777,90.64,14,2026-10-05,96,True,1e-05,1.06795,,90.64,RESIDENTIAL,PVC,0.5165,False,2026-10-06 07:18:40
DM-13-04-08-03,DM-13-04-08-03,C,ok,มีสัญญาณเชิงสถิติ แต่ส่วนเกิน MNF อยู่แค่ 7.3 m³/hr (8.1% ของค่าเฉลี่ยฐาน 89.9 m³/hr) ต่ำกว่าเกณฑ์ปริมาณขั้นต่ำที่ตั้งไว้ (20%) — ยังไม่คุ้มส่งตรวจ เฝ้าดูต่อ,02:30,04:30,97.125,89.866,3.47,96.807,93.336,1.706,เพิ่มขึ้นชัดเจน,True,13.881,True,True,True,5.0,False,0.0808,True,False,2,False,False,5.592,134.21,14,2026-10-05,96,True,1e-05,0.16587,,134.21,RESIDENTIAL,PVC,0.4946,False,2026-10-06 07:18:40
DM-13-04-09-01,DM-13-04-09-01,C,ok,ไม่พบสัญญาณผิดปกติเชิงสถิติ (ใช้น้ำตามพฤติกรรมปกติ),02:00,04:00,83.25,82.446,8.318,99.082,90.764,0.0,ทรงตัว,False,33.271,False,False,False,,False,0.0097,True,False,0,False,False,3.72,89.29,14,2026-10-05,96,True,1e-05,0.33161,,89.29,RESIDENTIAL,PVC,0.5745,False,2026-10-06 07:18:40
DM-13-04-09-02,DM-13-04-09-02,C,ok,ไม่พบสัญญาณผิดปกติเชิงสถิติ (ใช้น้ำตามพฤติกรรมปกติ),00:00,02:00,85.0,115.214,47.481,210.176,162.695,1.073,เพิ่มขึ้นเล็กน้อย,False,189.924,False,False,False,,True,-0.2622,True,False,0,False,False,0.0,0.0,14,2026-10-05,96,True,0.0,0.1,,0.0,RESIDENTIAL,PVC,0.4574,False,2026-10-06 07:18:40
DM-13-04-09-03,DM-13-04-09-03,C,ok,ไม่พบสัญญาณผิดปกติเชิงสถิติ (ใช้น้ำตามพฤติกรรมปกติ),03:00,05:00,39.25,37.152,11.225,59.602,48.377,0.361,เพิ่มขึ้นเล็กน้อย,False,44.9,False,False,False,,False,0.0565,True,False,0,False,False,0.057,1.36,14,2026-10-05,65,False,4e-05,0.19017,,1.36,RESIDENTIAL,PVC,0.4762,False,2026-10-06 07:18:40
DM-13-05-01-01,DM-13-05-01-01,C,ok,ไม่พบสัญญาณผิดปกติเชิงสถิติ (ใช้น้ำตามพฤติกรรมปกติ),02:30,04:30,80.375,78.527,19.141,116.81,97.668,0.179,เพิ่มขึ้นเล็กน้อย,False,76.566,False,False,False,,False,0.0235,True,False,4,True,False,1.973,47.36,14,2026-10-05,96,True,0.0,0.1,,47.36,RESIDENTIAL,PVC,0.5161,False,2026-10-06 07:18:40
DM-13-05-01-03,DM-13-05-01-03,C,ok,ไม่พบสัญญาณผิดปกติเชิงสถิติ (ใช้น้ำตามพฤติกรรมปกติ),02:15,04:15,45.625,46.75,7.656,62.061,54.406,0.716,เพิ่มขึ้นเล็กน้อย,False,30.623,False,False,False,,True,-0.0241,True,False,3,True,False,2.167,52.0,14,2026-10-05,96,True,2e-05,0.1,,52.0,RESIDENTIAL,PVC,0.5532,False,2026-10-06 07:18:40
DM-13-05-02-01,DM-13-05-02-01,C,ok,เคยมีสัญญาณผิดปกติ (Mann-Kendall/CUSUM สะสม) แต่ MNF ล่าสุด (15.9) ลดลงมาต่ำกว่า 70% ของพีคล่าสุด (17.6) แล้ว — น่าจะเป็นเหตุการณ์ที่จบไปแล้ว/ซ่อมเสร็จแล้ว จึงไม่ขึ้นเตือน,02:45,04:45,15.875,12.241,4.568,21.378,16.809,1.706,เพิ่มขึ้นชัดเจน,True,18.273,False,False,False,,False,0.2969,False,False,1,False,False,3.509,84.21,14,2026-10-05,96,True,0.00015,0.52064,,84.21,RESIDENTIAL,PVC,0.6452,False,2026-10-06 07:18:40
DM-13-05-02-02,DM-13-05-02-02,C,ok,MNF ล่าสุด (58.0 m³/hr) / ส่วนเกินเฉลี่ย 3 วัน (-1.2 m³/hr) กลับมาที่ระดับค่าเฉลี่ยฐาน (59.9 m³/hr) แล้ว — ไม่มีน้ำสูญเสียส่วนเกินเหลืออยู่ ถือว่าเหตุการณ์จบ/ซ่อมเสร็จแล้ว จึงไม่ขึ้นเตือน,01:15,03:15,58.0,59.92,4.067,68.053,63.986,1.725,เพิ่มขึ้นชัดเจน,True,16.267,False,False,False,,True,-0.032,True,False,0,False,False,0.0,0.0,14,2026-10-05,96,True,3e-05,22.71429,,0.0,RESIDENTIAL,PVC,0.5851,False,2026-10-06 07:18:40
DM-13-05-03-01,DM-13-05-03-01,C,ok,MNF ล่าสุด (23.0 m³/hr) / ส่วนเกินเฉลี่ย 3 วัน (-4.4 m³/hr) กลับมาที่ระดับค่าเฉลี่ยฐาน (29.2 m³/hr) แล้ว — ไม่มีน้ำสูญเสียส่วนเกินเหลืออยู่ ถือว่าเหตุการณ์จบ/ซ่อมเสร็จแล้ว จึงไม่ขึ้นเตือน,02:00,04:00,23.0,29.223,3.091,35.406,32.315,-2.065,ลดลงชัดเจน,True,12.365,False,False,False,,True,-0.213,True,False,3,True,False,0.0,0.0,14,2026-10-05,96,True,6e-05,14.25,,0.0,RESIDENTIAL,PVC,0.5319,False,2026-10-06 07:18:40
DM-13-05-04-03,DM-13-05-04-03,C,ok,MNF ล่าสุด (16.5 m³/hr) / ส่วนเกินเฉลี่ย 3 วัน (-5.4 m³/hr) กลับมาที่ระดับค่าเฉลี่ยฐาน (23.0 m³/hr) แล้ว — ไม่มีน้ำสูญเสียส่วนเกินเหลืออยู่ ถือว่าเหตุการณ์จบ/ซ่อมเสร็จแล้ว จึงไม่ขึ้นเตือน,00:15,02:15,16.5,22.964,2.004,26.973,24.968,-2.784,ลดลงชัดเจน,True,8.017,False,False,False,,True,-0.2815,True,False,0,False,False,0.0,0.0,14,2026-10-05,96,True,0.00012,20.82143,,0.0,RESIDENTIAL,PVC,0.5914,False,2026-10-06 07:18:40
DM-13-05-04-04,DM-13-05-04-04,C,ok,มีสัญญาณเชิงสถิติ แต่ส่วนเกิน MNF อยู่แค่ 1.8 m³/hr (3.1% ของค่าเฉลี่ยฐาน 59.2 m³/hr) ต่ำกว่าเกณฑ์ปริมาณขั้นต่ำที่ตั้งไว้ (20%) — ยังไม่คุ้มส่งตรวจ เฝ้าดูต่อ,02:00,04:00,61.0,59.17,2.543,64.255,61.712,1.252,เพิ่มขึ้นเล็กน้อย,False,10.171,True,True,False,9.0,False,0.0309,True,False,0,False,False,4.33,103.93,14,2026-10-05,96,True,1e-05,0.02606,,103.93,RESIDENTIAL,PVC,0.6383,False,2026-10-06 07:18:40
DM-13-05-05-02,DM-13-05-05-02,A,alert,Flow สูงกว่าเกณฑ์ต่อเนื่อง 16 intervals + CUSUM ขยับฐานฉับพลันและเพิ่งตัดเกณฑ์ใน 7 วันล่าสุด,02:15,04:15,49.0,27.42,7.041,41.502,34.461,3.399,เพิ่มขึ้นชัดเจน,True,28.164,True,True,True,4.0,False,0.787,False,True,16,False,False,14.122,338.93,14,2026-10-05,57,False,1e-05,0.09143,ไกลจาก RTU (> 2 กม. โดยประมาณ),338.93,RESIDENTIAL,PVC,0.4545,False,2026-10-06 07:18:40
DM-13-05-06-01,DM-13-05-06-01,C,ok,ไม่พบสัญญาณผิดปกติเชิงสถิติ (ใช้น้ำตามพฤติกรรมปกติ),00:45,02:45,54.75,60.714,1.828,64.371,62.543,0.0,ทรงตัว,False,7.313,False,False,False,,True,-0.0982,True,False,0,False,False,0.0,0.0,14,2026-10-05,96,True,2e-05,23.07143,,0.0,RESIDENTIAL,PVC,0.5652,False,2026-10-06 07:18:40
DM-13-05-06-02,DM-13-05-06-02,C,ok,มีสัญญาณเชิงสถิติ แต่ส่วนเกิน MNF อยู่แค่ 5.1 m³/hr (8.1% ของค่าเฉลี่ยฐาน 63.5 m³/hr) ต่ำกว่าเกณฑ์ปริมาณขั้นต่ำที่ตั้งไว้ (20%) — ยังไม่คุ้มส่งตรวจ เฝ้าดูต่อ,01:30,03:30,68.625,63.5,2.46,68.421,65.96,2.245,เพิ่มขึ้นชัดเจน,True,9.842,True,True,True,4.0,False,0.0807,True,False,6,True,False,6.542,157.0,14,2026-10-05,96,True,1e-05,0.00831,,157.0,RESIDENTIAL,PVC,0.5745,False,2026-10-06 07:18:40
DM-13-05-07-02,DM-13-05-07-02,C,ok,MNF ล่าสุด (62.4 m³/hr) / ส่วนเกินเฉลี่ย 3 วัน (-1.0 m³/hr) กลับมาที่ระดับค่าเฉลี่ยฐาน (62.7 m³/hr) แล้ว — ไม่มีน้ำสูญเสียส่วนเกินเหลืออยู่ ถือว่าเหตุการณ์จบ/ซ่อมเสร็จแล้ว จึงไม่ขึ้นเตือน,02:00,04:00,62.375,62.688,13.561,89.81,76.249,1.968,เพิ่มขึ้นชัดเจน,True,54.244,False,False,False,,True,-0.005,True,False,0,False,False,0.0,0.0,14,2026-10-05,96,True,0.0,0.1,,0.0,RESIDENTIAL,PVC,0.5426,False,2026-10-06 07:18:40
DM-13-05-08-01,DM-13-05-08-01,C,ok,มีสัญญาณเชิงสถิติ แต่ส่วนเกิน MNF อยู่แค่ 14.3 m³/hr (17.6% ของค่าเฉลี่ยฐาน 81.1 m³/hr) ต่ำกว่าเกณฑ์ปริมาณขั้นต่ำที่ตั้งไว้ (20%) — ยังไม่คุ้มส่งตรวจ เฝ้าดูต่อ,02:15,04:15,95.375,81.107,4.459,90.025,85.566,2.604,เพิ่มขึ้นชัดเจน,True,17.836,True,True,True,5.0,False,0.1759,True,False,6,True,False,8.726,209.43,14,2026-10-05,96,True,1e-05,0.00527,,209.43,RESIDENTIAL,PVC,0.5106,False,2026-10-06 07:18:40
DM-13-05-08-02,DM-13-05-08-02,C,ok,ไม่พบสัญญาณผิดปกติเชิงสถิติ (ใช้น้ำตามพฤติกรรมปกติ),02:15,04:15,57.375,63.429,3.456,70.34,66.885,0.716,เพิ่มขึ้นเล็กน้อย,False,13.824,False,False,False,,True,-0.0954,True,False,1,False,False,0.0,0.0,14,2026-10-05,96,True,1e-05,0.96429,,0.0,RESIDENTIAL,PVC,0.4681,False,2026-10-06 07:18:40
DM-13-05-09-01,DM-13-05-09-01,C,ok,มีสัญญาณเชิงสถิติ แต่ส่วนเกิน MNF อยู่แค่ 13.6 m³/hr (16.4% ของค่าเฉลี่ยฐาน 83.0 m³/hr) ต่ำกว่าเกณฑ์ปริมาณขั้นต่ำที่ตั้งไว้ (20%) — ยังไม่คุ้มส่งตรวจ เฝ้าดูต่อ,22:30,00:30,96.625,83.027,15.847,114.721,98.874,1.252,เพิ่มขึ้นเล็กน้อย,False,63.389,False,False,False,,False,0.1638,True,True,13,True,False,11.598,278.36,14,2026-10-05,96,True,1e-05,0.00053,,278.36,RESIDENTIAL,PVC,0.5851,False,2026-10-06 07:18:40
DM-13-05-09-02,DM-13-05-09-02,C,ok,ไม่พบสัญญาณผิดปกติเชิงสถิติ (ใช้น้ำตามพฤติกรรมปกติ),02:30,04:30,27.25,30.866,2.823,36.512,33.689,0.0,ทรงตัว,False,11.292,False,False,False,,True,-0.1172,True,False,0,False,False,0.0,0.0,14,2026-10-05,96,True,8e-05,25.85714,,0.0,RESIDENTIAL,PVC,0.5806,False,2026-10-06 07:18:40
DM-13-05-10-01,DM-13-05-10-01,C,ok,ไม่พบสัญญาณผิดปกติเชิงสถิติ (ใช้น้ำตามพฤติกรรมปกติ),02:45,04:45,67.375,105.58,15.446,136.473,121.027,-0.716,ลดลงเล็กน้อย,False,61.785,False,False,False,,True,-0.3619,True,False,0,False,False,0.0,0.0,14,2026-10-05,96,True,1e-05,13.10714,,0.0,RESIDENTIAL,PVC,0.4681,False,2026-10-06 07:18:40
DM-13-05-10-03,DM-13-05-10-03,C,ok,ไม่พบสัญญาณผิดปกติเชิงสถิติ (ใช้น้ำตามพฤติกรรมปกติ),02:45,04:45,78.25,84.848,5.139,95.127,89.987,-0.179,ลดลงเล็กน้อย,False,20.557,False,False,False,,True,-0.0778,True,False,2,True,False,0.0,0.0,14,2026-10-05,96,True,1e-05,0.06425,,0.0,RESIDENTIAL,PVC,0.4574,False,2026-10-06 07:18:40
DM-13-05-11-01,DM-13-05-11-01,C,ok,ไม่พบสัญญาณผิดปกติเชิงสถิติ (ใช้น้ำตามพฤติกรรมปกติ),00:15,02:15,73.25,80.571,6.051,92.674,86.623,-0.629,ลดลงเล็กน้อย,False,24.206,False,False,False,,True,-0.0909,True,False,1,False,False,0.0,0.0,14,2026-10-05,96,True,1e-05,10.25,,0.0,RESIDENTIAL,PVC,0.5055,False,2026-10-06 07:18:40
DM-13-05-12-01,DM-13-05-12-01,C,ok,MNF ล่าสุด (41.1 m³/hr) / ส่วนเกินเฉลี่ย 3 วัน (-33.3 m³/hr) กลับมาที่ระดับค่าเฉลี่ยฐาน (91.8 m³/hr) แล้ว — ไม่มีน้ำสูญเสียส่วนเกินเหลืออยู่ ถือว่าเหตุการณ์จบ/ซ่อมเสร็จแล้ว จึงไม่ขึ้นเตือน,00:00,02:00,41.125,91.759,4.748,101.254,96.507,-1.073,ลดลงเล็กน้อย,False,18.991,True,False,True,3.0,True,-0.5518,True,False,0,False,False,0.0,0.0,14,2026-10-05,96,True,2e-05,16.5,,0.0,RESIDENTIAL,PVC,0.5435,False,2026-10-06 07:18:40
DM-13-05-13-01,DM-13-05-13-01,C,ok,MNF ล่าสุด (73.6 m³/hr) / ส่วนเกินเฉลี่ย 3 วัน (-1.3 m³/hr) กลับมาที่ระดับค่าเฉลี่ยฐาน (76.1 m³/hr) แล้ว — ไม่มีน้ำสูญเสียส่วนเกินเหลืออยู่ ถือว่าเหตุการณ์จบ/ซ่อมเสร็จแล้ว จึงไม่ขึ้นเตือน,01:45,03:45,73.625,76.062,2.659,81.38,78.721,-2.633,ลดลงชัดเจน,True,10.635,True,False,True,2.0,True,-0.032,True,False,1,False,False,0.0,0.0,14,2026-10-05,96,True,3e-05,26.78571,,0.0,RESIDENTIAL,PVC,0.5109,False,2026-10-06 07:18:40
DM-13-06-01-04,DM-13-06-01-04,C,ok,MNF ล่าสุด (48.2 m³/hr) / ส่วนเกินเฉลี่ย 3 วัน (+6.9 m³/hr) กลับมาที่ระดับค่าเฉลี่ยฐาน (48.6 m³/hr) แล้ว — ไม่มีน้ำสูญเสียส่วนเกินเหลืออยู่ ถือว่าเหตุการณ์จบ/ซ่อมเสร็จแล้ว จึงไม่ขึ้นเตือน,02:45,04:45,48.25,48.625,6.855,62.334,55.48,1.789,เพิ่มขึ้นชัดเจน,True,27.419,False,False,False,,True,-0.0077,True,False,0,False,False,6.875,165.0,14,2026-10-05,57,False,2e-05,15.64286,,165.0,RESIDENTIAL,PVC,0.4727,False,2026-10-06 07:18:40
DM-13-06-02-01,DM-13-06-02-01,C,ok,MNF ล่าสุด (43.9 m³/hr) / ส่วนเกินเฉลี่ย 3 วัน (-6.0 m³/hr) กลับมาที่ระดับค่าเฉลี่ยฐาน (52.7 m³/hr) แล้ว — ไม่มีน้ำสูญเสียส่วนเกินเหลืออยู่ ถือว่าเหตุการณ์จบ/ซ่อมเสร็จแล้ว จึงไม่ขึ้นเตือน,00:00,02:00,43.875,52.67,4.452,61.574,57.122,-1.61,ลดลงเล็กน้อย,False,17.809,True,False,True,7.0,True,-0.167,True,False,1,True,False,0.0,0.0,14,2026-10-05,96,True,0.00024,0.07516,,0.0,RESIDENTIAL,PVC,0.4839,False,2026-10-06 07:18:40
DM-13-06-03-01,DM-13-06-03-01,C,ok,MNF ล่าสุด (422.2 m³/hr) / ส่วนเกินเฉลี่ย 3 วัน (+17.2 m³/hr) กลับมาที่ระดับค่าเฉลี่ยฐาน (428.0 m³/hr) แล้ว — ไม่มีน้ำสูญเสียส่วนเกินเหลืออยู่ ถือว่าเหตุการณ์จบ/ซ่อมเสร็จแล้ว จึงไม่ขึ้นเตือน,02:00,04:00,422.25,428.036,21.374,470.784,449.41,-0.358,ลดลงเล็กน้อย,False,85.497,True,False,True,4.0,True,-0.0135,True,False,3,True,False,17.214,413.14,14,2026-10-05,96,True,0.0,0.00102,,413.14,RESIDENTIAL,PVC,0.5426,False,2026-10-06 07:18:40
DM-13-06-04-02,DM-13-06-04-02,C,ok,ไม่พบสัญญาณผิดปกติเชิงสถิติ (ใช้น้ำตามพฤติกรรมปกติ),02:30,04:30,130.5,119.598,14.305,148.208,133.903,0.556,เพิ่มขึ้นเล็กน้อย,False,57.22,False,False,False,,False,0.0912,True,False,0,False,False,10.902,261.64,14,2026-10-05,96,True,0.0,2e-05,,261.64,RESIDENTIAL,PVC,0.5761,False,2026-10-06 07:18:40
DM-13-06-04-04,DM-13-06-04-04,C,ok,ไม่พบสัญญาณผิดปกติเชิงสถิติ (ใช้น้ำตามพฤติกรรมปกติ),02:15,04:15,50.25,22.46,8.754,39.969,31.214,-1.252,ลดลงเล็กน้อย,False,35.018,False,False,False,,False,1.2373,False,True,17,False,False,6.915,165.96,14,2026-10-05,96,True,0.0,0.1,,165.96,RESIDENTIAL,PVC,0.4362,False,2026-10-06 07:18:40
DM-13-06-05-03,DM-13-06-05-03,C,ok,MNF ล่าสุด (15.1 m³/hr) / ส่วนเกินเฉลี่ย 3 วัน (-19.9 m³/hr) กลับมาที่ระดับค่าเฉลี่ยฐาน (49.8 m³/hr) แล้ว — ไม่มีน้ำสูญเสียส่วนเกินเหลืออยู่ ถือว่าเหตุการณ์จบ/ซ่อมเสร็จแล้ว จึงไม่ขึ้นเตือน,02:15,04:15,15.125,49.777,5.545,60.867,55.322,-3.22,ลดลงชัดเจน,True,22.18,False,False,False,,True,-0.6961,True,False,0,False,False,0.0,0.0,14,2026-10-05,96,True,0.0,0.1,,0.0,RESIDENTIAL,PVC,0.5851,False,2026-10-06 07:18:40
DM-13-07-01-02,DM-13-07-01-02,C,ok,ไม่พบสัญญาณผิดปกติเชิงสถิติ (ใช้น้ำตามพฤติกรรมปกติ),02:00,04:00,78.75,84.339,4.121,92.582,88.461,0.449,เพิ่มขึ้นเล็กน้อย,False,16.485,False,False,False,,True,-0.0663,True,False,0,False,False,0.0,0.0,14,2026-10-05,96,True,0.0,0.1,,0.0,RESIDENTIAL,PVC,0.4681,False,2026-10-06 07:18:40
DM-13-07-01-03,DM-13-07-01-03,C,ok,ไม่พบสัญญาณผิดปกติเชิงสถิติ (ใช้น้ำตามพฤติกรรมปกติ),02:00,04:00,128.875,122.991,8.98,140.952,131.972,1.61,เพิ่มขึ้นเล็กน้อย,False,35.922,False,False,False,,False,0.0478,True,False,2,False,False,7.426,178.21,14,2026-10-05,96,True,0.0,0.1,,178.21,RESIDENTIAL,PVC,0.5109,False,2026-10-06 07:18:40
DM-13-07-01-04,DM-13-07-01-04,C,ok,มีสัญญาณเชิงสถิติ แต่ส่วนเกิน MNF อยู่แค่ 14.0 m³/hr (11.0% ของค่าเฉลี่ยฐาน 126.9 m³/hr) ต่ำกว่าเกณฑ์ปริมาณขั้นต่ำที่ตั้งไว้ (20%) — ยังไม่คุ้มส่งตรวจ เฝ้าดูต่อ,02:30,04:30,140.875,126.875,9.012,144.9,135.887,2.862,เพิ่มขึ้นชัดเจน,True,36.049,False,False,False,,False,0.1103,True,False,1,False,False,8.292,199.0,14,2026-10-05,96,True,0.0,0.1,,199.0,RESIDENTIAL,PVC,0.4574,False,2026-10-06 07:18:40
DM-13-07-02-01,DM-13-07-02-01,C,ok,มีสัญญาณเชิงสถิติ แต่ส่วนเกิน MNF อยู่แค่ 15.9 m³/hr (13.8% ของค่าเฉลี่ยฐาน 115.0 m³/hr) ต่ำกว่าเกณฑ์ปริมาณขั้นต่ำที่ตั้งไว้ (20%) — ยังไม่คุ้มส่งตรวจ เฝ้าดูต่อ,02:00,04:00,130.875,114.964,7.344,129.652,122.308,3.041,เพิ่มขึ้นชัดเจน,True,29.375,True,True,True,6.0,False,0.1384,True,False,3,True,False,10.994,263.86,14,2026-10-05,96,True,0.0,0.00574,,263.86,RESIDENTIAL,PVC,0.4681,False,2026-10-06 07:18:40
DM-13-07-02-02,DM-13-07-02-02,C,ok,MNF ล่าสุด (43.4 m³/hr) / ส่วนเกินเฉลี่ย 3 วัน (-7.2 m³/hr) กลับมาที่ระดับค่าเฉลี่ยฐาน (49.3 m³/hr) แล้ว — ไม่มีน้ำสูญเสียส่วนเกินเหลืออยู่ ถือว่าเหตุการณ์จบ/ซ่อมเสร็จแล้ว จึงไม่ขึ้นเตือน,00:00,02:00,43.375,49.277,2.868,55.013,52.145,-2.326,ลดลงชัดเจน,True,11.472,False,False,False,,True,-0.1198,True,False,0,False,False,0.0,0.0,14,2026-10-05,57,False,0.0,0.1,,0.0,RESIDENTIAL,PVC,0.4906,False,2026-10-06 07:18:40
DM-13-07-03-01,DM-13-07-03-01,A,alert,Flow สูงกว่าเกณฑ์ต่อเนื่อง 13 intervals + CUSUM ขยับฐานฉับพลันและเพิ่งตัดเกณฑ์ใน 7 วันล่าสุด,02:00,04:00,80.375,57.812,4.53,66.873,62.343,0.449,เพิ่มขึ้นเล็กน้อย,False,18.12,True,True,True,2.0,False,0.3903,False,True,13,False,False,9.229,221.5,14,2026-10-05,96,True,0.0,4e-05,ใกล้กับ RTU (< 2 กม. โดยประมาณ),221.5,RESIDENTIAL,PVC,0.4731,False,2026-10-06 07:18:40
DM-13-07-03-02,DM-13-07-03-02,C,ok,มีสัญญาณเชิงสถิติ แต่ส่วนเกิน MNF อยู่แค่ 6.8 m³/hr (9.2% ของค่าเฉลี่ยฐาน 74.2 m³/hr) ต่ำกว่าเกณฑ์ปริมาณขั้นต่ำที่ตั้งไว้ (20%) — ยังไม่คุ้มส่งตรวจ เฝ้าดูต่อ,02:00,04:00,81.0,74.17,3.687,81.543,77.856,1.61,เพิ่มขึ้นเล็กน้อย,False,14.747,True,True,True,2.0,False,0.0921,True,False,3,True,False,7.455,178.93,14,2026-10-05,96,True,0.0,0.08076,,178.93,RESIDENTIAL,PVC,0.5426,False,2026-10-06 07:18:40
DM-13-07-04-01,DM-13-07-04-01,C,ok,มีสัญญาณเชิงสถิติ แต่ส่วนเกิน MNF อยู่แค่ 12.8 m³/hr (12.0% ของค่าเฉลี่ยฐาน 106.8 m³/hr) ต่ำกว่าเกณฑ์ปริมาณขั้นต่ำที่ตั้งไว้ (20%) — ยังไม่คุ้มส่งตรวจ เฝ้าดูต่อ,02:15,04:15,119.625,106.804,7.969,122.742,114.773,2.425,เพิ่มขึ้นชัดเจน,True,31.876,True,True,True,4.0,False,0.12,True,False,1,False,False,11.446,274.71,14,2026-10-05,96,True,0.0,0.05533,,274.71,RESIDENTIAL,PVC,0.4731,False,2026-10-06 07:18:40
DM-13-07-04-02,DM-13-07-04-02,C,ok,MNF ล่าสุด (15.6 m³/hr) / ส่วนเกินเฉลี่ย 3 วัน (-15.2 m³/hr) กลับมาที่ระดับค่าเฉลี่ยฐาน (41.4 m³/hr) แล้ว — ไม่มีน้ำสูญเสียส่วนเกินเหลืออยู่ ถือว่าเหตุการณ์จบ/ซ่อมเสร็จแล้ว จึงไม่ขึ้นเตือน,00:30,02:30,15.625,41.438,3.634,48.706,45.072,-1.706,ลดลงชัดเจน,True,14.537,False,False,False,,True,-0.6229,True,False,0,False,False,0.0,0.0,14,2026-10-05,96,True,2e-05,0.1403,,0.0,RESIDENTIAL,PVC,0.5532,False,2026-10-06 07:18:40
DM-13-07-04-03,DM-13-07-04-03,C,ok,ไม่พบสัญญาณผิดปกติเชิงสถิติ (ใช้น้ำตามพฤติกรรมปกติ),00:30,02:30,50.25,82.536,6.286,95.107,88.821,0.358,เพิ่มขึ้นเล็กน้อย,False,25.143,False,False,False,,True,-0.3912,True,False,1,False,False,0.0,0.0,14,2026-10-05,96,True,0.0,0.1,,0.0,RESIDENTIAL,PVC,0.3871,False,2026-10-06 07:18:40
DM-13-07-04-04,DM-13-07-04-04,C,ok,ไม่พบสัญญาณผิดปกติเชิงสถิติ (ใช้น้ำตามพฤติกรรมปกติ),01:30,03:30,103.0,109.134,5.265,119.664,114.399,0.894,เพิ่มขึ้นเล็กน้อย,False,21.06,False,False,False,,True,-0.0562,True,False,0,False,False,0.0,0.0,14,2026-10-05,96,True,0.0,1.91768,,0.0,RESIDENTIAL,PVC,0.5761,False,2026-10-06 07:18:40
DM-13-07-05-01,DM-13-07-05-01,C,ok,MNF ล่าสุด (89.0 m³/hr) / ส่วนเกินเฉลี่ย 3 วัน (+5.0 m³/hr) กลับมาที่ระดับค่าเฉลี่ยฐาน (119.8 m³/hr) แล้ว — ไม่มีน้ำสูญเสียส่วนเกินเหลืออยู่ ถือว่าเหตุการณ์จบ/ซ่อมเสร็จแล้ว จึงไม่ขึ้นเตือน,02:00,04:00,89.0,119.75,11.172,142.093,130.922,0.894,เพิ่มขึ้นเล็กน้อย,False,44.686,True,True,True,3.0,True,-0.2568,True,True,15,False,False,5.0,120.0,14,2026-10-05,96,True,0.0,0.1,,120.0,RESIDENTIAL,PVC,0.5161,False,2026-10-06 07:18:40
DM-13-07-05-02,DM-13-07-05-02,C,ok,ไม่พบสัญญาณผิดปกติเชิงสถิติ (ใช้น้ำตามพฤติกรรมปกติ),01:45,03:45,6.75,6.174,6.386,18.947,12.561,1.073,เพิ่มขึ้นเล็กน้อย,False,25.546,False,False,False,,False,0.0933,True,False,0,False,False,2.409,57.82,14,2026-10-05,96,True,4e-05,0.46429,,57.82,RESIDENTIAL,PVC,0.4516,False,2026-10-06 07:18:40
DM-13-07-05-03,DM-13-07-05-03,A,alert,Flow สูงกว่าเกณฑ์ต่อเนื่อง 24 intervals + CUSUM ขยับฐานฉับพลันและเพิ่งตัดเกณฑ์ใน 7 วันล่าสุด,02:15,04:15,556.875,362.875,29.77,422.416,392.645,3.22,เพิ่มขึ้นชัดเจน,True,119.082,True,True,True,1.0,False,0.5346,False,True,24,False,False,66.708,1601.0,14,2026-10-05,96,True,0.0,0.0,ใกล้กับ RTU (< 2 กม. โดยประมาณ),1601.0,RESIDENTIAL,PVC,0.3191,False,2026-10-06 07:18:40
DM-13-07-06-01,DM-13-07-06-01,A,alert,Flow สูงกว่าเกณฑ์ต่อเนื่อง 24 intervals + CUSUM ขยับฐานฉับพลันและเพิ่งตัดเกณฑ์ใน 7 วันล่าสุด,02:15,04:15,270.0,186.911,11.483,209.877,198.394,1.073,เพิ่มขึ้นเล็กน้อย,False,45.932,True,True,True,3.0,False,0.4445,False,True,24,False,False,37.173,892.14,14,2026-10-05,96,True,0.0,2e-05,ใกล้กับ RTU (< 2 กม. โดยประมาณ),892.14,RESIDENTIAL,PVC,0.4681,False,2026-10-06 07:18:40
DM-13-07-06-03,DM-13-07-06-03,C,ok,MNF ล่าสุด (28.6 m³/hr) / ส่วนเกินเฉลี่ย 3 วัน (-29.6 m³/hr) กลับมาที่ระดับค่าเฉลี่ยฐาน (123.8 m³/hr) แล้ว — ไม่มีน้ำสูญเสียส่วนเกินเหลืออยู่ ถือว่าเหตุการณ์จบ/ซ่อมเสร็จแล้ว จึงไม่ขึ้นเตือน,00:00,02:00,28.625,123.795,14.772,153.339,138.567,0.179,เพิ่มขึ้นเล็กน้อย,False,59.088,True,True,True,4.0,True,-0.7688,True,False,0,False,False,0.0,0.0,14,2026-10-05,96,True,0.0,0.61381,,0.0,RESIDENTIAL,PVC,0.4894,False,2026-10-06 07:18:40
DM-13-07-07-01,DM-13-07-07-01,C,ok,MNF ล่าสุด (55.4 m³/hr) / ส่วนเกินเฉลี่ย 3 วัน (+3.9 m³/hr) กลับมาที่ระดับค่าเฉลี่ยฐาน (68.2 m³/hr) แล้ว — ไม่มีน้ำสูญเสียส่วนเกินเหลืออยู่ ถือว่าเหตุการณ์จบ/ซ่อมเสร็จแล้ว จึงไม่ขึ้นเตือน,01:30,03:30,55.375,68.188,4.849,77.886,73.037,0.894,เพิ่มขึ้นเล็กน้อย,False,19.397,True,True,True,2.0,True,-0.1879,True,False,2,False,False,3.896,93.5,14,2026-10-05,96,True,0.0,0.1,,93.5,RESIDENTIAL,PVC,0.5591,False,2026-10-06 07:18:40
DM-13-07-07-02,DM-13-07-07-02,C,ok,ไม่พบสัญญาณผิดปกติเชิงสถิติ (ใช้น้ำตามพฤติกรรมปกติ),02:00,04:00,77.75,64.321,3.291,70.902,67.612,0.358,เพิ่มขึ้นเล็กน้อย,False,13.162,False,False,False,,False,0.2088,False,True,14,False,False,4.637,111.29,14,2026-10-05,96,True,0.0,0.00042,,111.29,RESIDENTIAL,PVC,0.4783,False,2026-10-06 07:18:40
DM-13-07-07-03,DM-13-07-07-03,A,alert,Flow สูงกว่าเกณฑ์ต่อเนื่อง 10 intervals + CUSUM ขยับฐานฉับพลันและเพิ่งตัดเกณฑ์ใน 7 วันล่าสุด,02:00,04:00,67.75,48.929,5.318,59.564,54.246,2.065,เพิ่มขึ้นชัดเจน,True,21.27,True,True,True,6.0,False,0.3847,False,True,10,False,False,8.696,208.71,14,2026-10-05,96,True,0.0,0.00126,ไกลจาก RTU (> 2 กม. โดยประมาณ),208.71,RESIDENTIAL,PVC,0.4565,False,2026-10-06 07:18:40
DM-13-07-07-04,DM-13-07-07-04,C,ok,ไม่พบสัญญาณผิดปกติเชิงสถิติ (ใช้น้ำตามพฤติกรรมปกติ),00:30,02:30,27.875,66.982,5.459,77.9,72.441,0.0,ทรงตัว,False,21.835,False,False,False,,True,-0.5838,True,False,2,False,False,0.0,0.0,14,2026-10-05,96,True,0.0,0.1,,0.0,RESIDENTIAL,PVC,0.4839,False,2026-10-06 07:18:40
DM-14-05-01-02,DM-14-05-01-02,C,ok,มีสัญญาณเชิงสถิติ แต่ส่วนเกิน MNF อยู่แค่ 10.9 m³/hr (6.3% ของค่าเฉลี่ยฐาน 174.4 m³/hr) ต่ำกว่าเกณฑ์ปริมาณขั้นต่ำที่ตั้งไว้ (20%) — ยังไม่คุ้มส่งตรวจ เฝ้าดูต่อ,01:45,03:45,185.375,174.429,8.438,191.305,182.867,3.041,เพิ่มขึ้นชัดเจน,True,33.754,False,False,False,,False,0.0628,True,False,2,False,False,5.53,132.71,14,2026-10-05,96,True,0.0,0.03422,,132.71,RESIDENTIAL,PVC,0.5638,False,2026-10-06 07:18:40
DM-14-05-02-01,DM-14-05-02-01,C,ok,ไม่พบสัญญาณผิดปกติเชิงสถิติ (ใช้น้ำตามพฤติกรรมปกติ),01:45,03:45,173.625,167.446,5.039,177.525,172.486,-0.541,ลดลงเล็กน้อย,False,20.157,False,False,False,,False,0.0369,True,False,2,False,False,3.345,80.29,14,2026-10-05,96,True,0.0,24.42857,,80.29,RESIDENTIAL,PVC,0.5824,False,2026-10-06 07:18:40
DM-14-05-03-01,DM-14-05-03-01,C,ok,มีสัญญาณเชิงสถิติ แต่ส่วนเกิน MNF อยู่แค่ 13.2 m³/hr (18.1% ของค่าเฉลี่ยฐาน 72.8 m³/hr) ต่ำกว่าเกณฑ์ปริมาณขั้นต่ำที่ตั้งไว้ (20%) — ยังไม่คุ้มส่งตรวจ เฝ้าดูต่อ,01:15,03:15,86.0,72.821,5.241,83.304,78.063,-0.179,ลดลงเล็กน้อย,False,20.965,True,True,False,10.0,False,0.181,True,False,5,True,False,8.72,209.29,14,2026-10-05,96,True,2e-05,0.00656,,209.29,RESIDENTIAL,PVC,0.4839,False,2026-10-06 07:18:40
DM-14-05-05-01,DM-14-05-05-01,C,ok,ไม่พบสัญญาณผิดปกติเชิงสถิติ (ใช้น้ำตามพฤติกรรมปกติ),01:30,03:30,116.125,126.223,18.915,164.053,145.138,0.358,เพิ่มขึ้นเล็กน้อย,False,75.66,False,False,False,,True,-0.08,True,False,0,False,False,0.0,0.0,14,2026-10-05,96,True,1e-05,41.57143,,0.0,RESIDENTIAL,PVC,0.6064,False,2026-10-06 07:18:40
DM-14-05-06-01,DM-14-05-06-01,C,ok,ไม่พบสัญญาณผิดปกติเชิงสถิติ (ใช้น้ำตามพฤติกรรมปกติ),01:15,03:15,139.125,134.92,2.387,139.693,137.306,0.358,เพิ่มขึ้นเล็กน้อย,False,9.546,False,False,False,,False,0.0312,True,False,2,True,False,1.164,27.93,14,2026-10-05,96,True,2e-05,183.35714,,27.93,RESIDENTIAL,PVC,0.617,False,2026-10-06 07:18:40
DM-14-05-06-02,DM-14-05-06-02,C,ok,ไม่พบสัญญาณผิดปกติเชิงสถิติ (ใช้น้ำตามพฤติกรรมปกติ),00:15,02:15,85.75,86.661,5.117,96.894,91.778,0.716,เพิ่มขึ้นเล็กน้อย,False,20.467,False,False,False,,True,-0.0105,True,False,0,False,False,0.0,0.0,14,2026-10-05,96,True,1e-05,21.78571,,0.0,RESIDENTIAL,PVC,0.4681,False,2026-10-06 07:18:40
DM-14-05-07-01,DM-14-05-07-01,C,ok,ไม่พบสัญญาณผิดปกติเชิงสถิติ (ใช้น้ำตามพฤติกรรมปกติ),01:45,03:45,171.0,162.179,7.195,176.568,169.374,0.716,เพิ่มขึ้นเล็กน้อย,False,28.78,False,False,False,,False,0.0544,True,False,3,False,False,3.863,92.71,14,2026-10-05,96,True,0.0,0.00526,,92.71,RESIDENTIAL,PVC,0.4787,False,2026-10-06 07:18:40
DM-14-06-01-01,DM-14-06-01-01,C,ok,ไม่พบสัญญาณผิดปกติเชิงสถิติ (ใช้น้ำตามพฤติกรรมปกติ),01:30,03:30,45.125,48.562,1.818,52.199,50.381,-0.269,ลดลงเล็กน้อย,False,7.272,False,False,False,,True,-0.0708,True,False,0,False,False,0.0,0.0,14,2026-10-05,96,True,3e-05,25.57143,,0.0,RESIDENTIAL,PVC,0.5914,False,2026-10-06 07:18:40
DM-14-06-01-02,DM-14-06-01-02,C,ok,ไม่พบสัญญาณผิดปกติเชิงสถิติ (ใช้น้ำตามพฤติกรรมปกติ),00:45,02:45,26.625,26.214,1.777,29.768,27.991,0.988,เพิ่มขึ้นเล็กน้อย,False,7.107,False,False,False,,True,0.0157,True,False,0,False,False,0.0,0.0,14,2026-10-05,96,True,0.00014,21.28571,,0.0,RESIDENTIAL,PVC,0.5495,False,2026-10-06 07:18:40
DM-14-06-03-01,DM-14-06-03-01,C,ok,MNF ล่าสุด (62.0 m³/hr) / ส่วนเกินเฉลี่ย 3 วัน (-18.0 m³/hr) กลับมาที่ระดับค่าเฉลี่ยฐาน (44.5 m³/hr) แล้ว — ไม่มีน้ำสูญเสียส่วนเกินเหลืออยู่ ถือว่าเหตุการณ์จบ/ซ่อมเสร็จแล้ว จึงไม่ขึ้นเตือน,00:15,02:15,62.0,44.536,8.859,62.253,53.395,-0.179,ลดลงเล็กน้อย,False,35.435,True,True,False,11.0,True,0.3921,False,False,7,True,False,0.0,0.0,14,2026-10-05,96,True,3e-05,0.08534,,0.0,RESIDENTIAL,PVC,0.5269,False,2026-10-06 07:18:40
DM-14-06-04-01,DM-14-06-04-01,C,ok,มีสัญญาณเชิงสถิติ แต่ส่วนเกิน MNF อยู่แค่ 11.7 m³/hr (10.0% ของค่าเฉลี่ยฐาน 116.2 m³/hr) ต่ำกว่าเกณฑ์ปริมาณขั้นต่ำที่ตั้งไว้ (20%) — ยังไม่คุ้มส่งตรวจ เฝ้าดูต่อ,00:30,02:30,127.875,116.205,4.556,125.317,120.761,2.147,เพิ่มขึ้นชัดเจน,True,18.223,True,True,True,6.0,False,0.1004,True,False,5,False,False,6.711,161.07,14,2026-10-05,96,True,1e-05,0.01806,,161.07,RESIDENTIAL,PVC,0.5484,False,2026-10-06 07:18:40
DM-14-06-04-02,DM-14-06-04-02,C,ok,MNF ล่าสุด (53.0 m³/hr) / ส่วนเกินเฉลี่ย 3 วัน (-18.3 m³/hr) กลับมาที่ระดับค่าเฉลี่ยฐาน (74.6 m³/hr) แล้ว — ไม่มีน้ำสูญเสียส่วนเกินเหลืออยู่ ถือว่าเหตุการณ์จบ/ซ่อมเสร็จแล้ว จึงไม่ขึ้นเตือน,00:15,02:15,53.0,74.562,10.335,95.233,84.898,-1.789,ลดลงชัดเจน,True,41.342,False,False,False,,True,-0.2892,True,False,1,True,False,0.0,0.0,14,2026-10-05,96,True,0.0,0.1,,0.0,RESIDENTIAL,PVC,0.617,False,2026-10-06 07:18:40
DM-14-06-04-03,DM-14-06-04-03,C,ok,ไม่พบสัญญาณผิดปกติเชิงสถิติ (ใช้น้ำตามพฤติกรรมปกติ),01:15,03:15,69.625,67.679,5.454,78.587,73.133,0.179,เพิ่มขึ้นเล็กน้อย,False,21.816,False,False,False,,True,0.0288,True,False,1,False,False,0.0,0.0,14,2026-10-05,96,True,2e-05,23.03571,,0.0,RESIDENTIAL,PVC,0.6596,False,2026-10-06 07:18:40
DM-14-06-05-01,DM-14-06-05-01,C,ok,MNF ล่าสุด (88.4 m³/hr) / ส่วนเกินเฉลี่ย 3 วัน (-25.9 m³/hr) กลับมาที่ระดับค่าเฉลี่ยฐาน (74.2 m³/hr) แล้ว — ไม่มีน้ำสูญเสียส่วนเกินเหลืออยู่ ถือว่าเหตุการณ์จบ/ซ่อมเสร็จแล้ว จึงไม่ขึ้นเตือน,00:15,02:15,88.375,74.214,9.17,92.555,83.385,-0.716,ลดลงเล็กน้อย,False,36.681,True,False,True,7.0,True,0.1908,True,False,0,False,False,0.0,0.0,14,2026-10-05,96,True,1e-05,38.03571,,0.0,RESIDENTIAL,PVC,0.5957,False,2026-10-06 07:18:40
DM-14-06-06-02,DM-14-06-06-02,C,ok,ไม่พบสัญญาณผิดปกติเชิงสถิติ (ใช้น้ำตามพฤติกรรมปกติ),00:45,02:45,52.25,48.594,3.673,55.941,52.267,-1.073,ลดลงเล็กน้อย,False,14.694,False,False,False,,True,0.0752,True,False,0,False,False,0.0,0.0,14,2026-10-05,96,True,2e-05,33.89286,,0.0,RESIDENTIAL,PVC,0.5745,False,2026-10-06 07:18:40
DM-14-07-01-02,DM-14-07-01-02,C,ok,ไม่พบสัญญาณผิดปกติเชิงสถิติ (ใช้น้ำตามพฤติกรรมปกติ),00:00,02:00,30.75,38.411,4.748,47.906,43.158,0.0,ทรงตัว,False,18.99,False,False,False,,True,-0.1994,True,False,0,False,False,0.0,0.0,14,2026-10-05,57,False,0.0,0.1,,0.0,RESIDENTIAL,PVC,0.5741,False,2026-10-06 07:18:40
DM-14-07-01-03,DM-14-07-01-03,C,ok,มีสัญญาณเชิงสถิติ แต่ส่วนเกิน MNF อยู่แค่ 5.6 m³/hr (16.0% ของค่าเฉลี่ยฐาน 35.4 m³/hr) ต่ำกว่าเกณฑ์ปริมาณขั้นต่ำที่ตั้งไว้ (20%) — ยังไม่คุ้มส่งตรวจ เฝ้าดูต่อ,00:15,02:15,41.0,35.357,3.381,42.118,38.738,-0.716,ลดลงเล็กน้อย,False,13.522,False,False,False,,False,0.1596,True,True,10,True,False,0.393,9.43,14,2026-10-05,96,True,0.0,0.00196,,9.43,RESIDENTIAL,PVC,0.5326,False,2026-10-06 07:18:40
DM-14-07-03-01,DM-14-07-03-01,C,ok,มีสัญญาณเชิงสถิติ แต่ส่วนเกิน MNF อยู่แค่ 7.9 m³/hr (15.1% ของค่าเฉลี่ยฐาน 52.5 m³/hr) ต่ำกว่าเกณฑ์ปริมาณขั้นต่ำที่ตั้งไว้ (20%) — ยังไม่คุ้มส่งตรวจ เฝ้าดูต่อ,01:45,03:45,60.375,52.473,2.259,56.99,54.732,0.09,เพิ่มขึ้นเล็กน้อย,False,9.034,False,False,False,,False,0.1506,True,True,10,False,False,1.235,29.64,14,2026-10-05,57,False,0.0,0.0002,,29.64,RESIDENTIAL,PVC,0.5556,False,2026-10-06 07:18:40
DM-14-07-03-02,DM-14-07-03-02,C,ok,MNF ล่าสุด (60.4 m³/hr) / ส่วนเกินเฉลี่ย 3 วัน (-2.7 m³/hr) กลับมาที่ระดับค่าเฉลี่ยฐาน (47.2 m³/hr) แล้ว — ไม่มีน้ำสูญเสียส่วนเกินเหลืออยู่ ถือว่าเหตุการณ์จบ/ซ่อมเสร็จแล้ว จึงไม่ขึ้นเตือน,01:15,03:15,60.375,47.214,10.262,67.738,57.476,-0.179,ลดลงเล็กน้อย,False,41.048,True,True,True,1.0,True,0.2787,False,False,1,False,False,0.0,0.0,14,2026-10-05,96,True,0.0,0.00121,,0.0,RESIDENTIAL,PVC,0.4787,False,2026-10-06 07:18:40
DM-14-07-03-04,DM-14-07-03-04,C,ok,ไม่พบสัญญาณผิดปกติเชิงสถิติ (ใช้น้ำตามพฤติกรรมปกติ),00:15,02:15,76.75,67.634,15.504,98.642,83.138,0.0,ทรงตัว,False,62.017,False,False,False,,False,0.1348,True,False,0,False,False,9.116,218.79,14,2026-10-05,57,False,0.0,3e-05,,218.79,RESIDENTIAL,PVC,0.4182,False,2026-10-06 07:18:40
DM-14-07-04-01,DM-14-07-04-01,C,ok,มีสัญญาณเชิงสถิติ แต่ส่วนเกิน MNF อยู่แค่ 9.9 m³/hr (6.1% ของค่าเฉลี่ยฐาน 162.4 m³/hr) ต่ำกว่าเกณฑ์ปริมาณขั้นต่ำที่ตั้งไว้ (20%) — ยังไม่คุ้มส่งตรวจ เฝ้าดูต่อ,00:45,02:45,172.312,162.411,9.832,182.074,172.242,0.0,ทรงตัว,False,39.327,True,True,False,8.0,False,0.061,True,False,0,False,False,9.902,237.64,14,2026-10-05,57,False,0.0,3e-05,,237.64,RESIDENTIAL,PVC,0.6182,False,2026-10-06 07:18:40
DM-14-07-05-01,DM-14-07-05-01,C,ok,ไม่พบสัญญาณผิดปกติเชิงสถิติ (ใช้น้ำตามพฤติกรรมปกติ),01:00,03:00,84.25,82.196,8.196,98.587,90.392,0.0,ทรงตัว,False,32.782,False,False,False,,False,0.025,True,False,0,False,False,2.054,49.29,14,2026-10-05,57,False,0.0,0.00037,,49.29,RESIDENTIAL,PVC,0.6364,False,2026-10-06 07:18:40
DM-14-07-07-01,DM-14-07-07-01,C,ok,MNF ล่าสุด (121.6 m³/hr) / ส่วนเกินเฉลี่ย 3 วัน (+5.3 m³/hr) กลับมาที่ระดับค่าเฉลี่ยฐาน (123.1 m³/hr) แล้ว — ไม่มีน้ำสูญเสียส่วนเกินเหลืออยู่ ถือว่าเหตุการณ์จบ/ซ่อมเสร็จแล้ว จึงไม่ขึ้นเตือน,00:45,02:45,121.625,123.08,2.932,128.944,126.012,1.789,เพิ่มขึ้นชัดเจน,True,11.727,True,True,True,5.0,True,-0.0118,True,False,1,False,False,5.295,127.07,14,2026-10-05,96,True,0.0,0.1,,127.07,RESIDENTIAL,PVC,0.5,False,2026-10-06 07:18:40
DM-14-07-07-02,DM-14-07-07-02,C,ok,ไม่พบสัญญาณผิดปกติเชิงสถิติ (ใช้น้ำตามพฤติกรรมปกติ),01:15,03:15,146.75,144.741,1.661,148.064,146.402,1.527,เพิ่มขึ้นเล็กน้อย,False,6.645,False,False,False,,False,0.0139,True,False,0,False,False,2.426,58.21,14,2026-10-05,57,False,0.0,0.1,,58.21,RESIDENTIAL,PVC,0.5636,False,2026-10-06 07:18:40
DM-14-07-10-01,DM-14-07-10-01,C,ok,ไม่พบสัญญาณผิดปกติเชิงสถิติ (ใช้น้ำตามพฤติกรรมปกติ),01:00,03:00,21.375,25.857,10.197,46.251,36.054,0.0,ทรงตัว,False,40.789,False,False,False,,True,-0.1733,True,False,0,False,False,0.0,0.0,14,2026-10-05,57,False,0.0,0.1,,0.0,RESIDENTIAL,PVC,0.537,False,2026-10-06 07:18:40
DM-14-09-01-01,DM-14-09-01-01,C,ok,มีสัญญาณเชิงสถิติ แต่ส่วนเกิน MNF อยู่แค่ 13.4 m³/hr (12.1% ของค่าเฉลี่ยฐาน 110.6 m³/hr) ต่ำกว่าเกณฑ์ปริมาณขั้นต่ำที่ตั้งไว้ (20%) — ยังไม่คุ้มส่งตรวจ เฝ้าดูต่อ,01:15,03:15,124.0,110.598,15.508,141.614,126.106,0.0,ทรงตัว,False,62.031,True,False,True,3.0,False,0.1212,True,False,0,False,False,9.818,235.64,14,2026-10-05,96,True,0.00028,0.2631,,235.64,RESIDENTIAL,PVC,0.5426,False,2026-10-06 07:18:40
DM-14-09-02-01,DM-14-09-02-01,C,ok,ไม่พบสัญญาณผิดปกติเชิงสถิติ (ใช้น้ำตามพฤติกรรมปกติ),00:45,02:45,202.75,191.196,4.61,200.417,195.807,-0.179,ลดลงเล็กน้อย,False,18.441,False,False,False,,False,0.0604,True,False,4,False,False,1.137,27.29,14,2026-10-05,96,True,0.0,2.46429,,27.29,RESIDENTIAL,PVC,0.5914,False,2026-10-06 07:18:40
DM-14-09-02-03,DM-14-09-02-03,B,watch,Flow สูงกว่าเกณฑ์ต่อเนื่อง 11 intervals พร้อมแรงดันตก แต่ไม่ใช่การเปลี่ยนแปลงฉับพลันใน 1-2 วัน (น่าจะเป็นรั่วที่ดำเนินมาระยะหนึ่งแล้วและขยายจนคงที่) — ควรตรวจสอบโดยเร็วแต่ไม่ใช่เหตุฉุกเฉินแบบท่อแตกใหม่,00:45,02:45,58.875,44.143,2.691,49.525,46.834,0.0,ทรงตัว,False,10.765,True,False,True,1.0,False,0.3337,False,True,11,True,False,8.44,202.57,14,2026-10-05,96,True,4e-05,0.00637,ไกลจาก RTU (> 2 กม. โดยประมาณ),202.57,RESIDENTIAL,PVC,0.5,False,2026-10-06 07:18:40
DM-14-09-02-04,DM-14-09-02-04,C,ok,MNF ล่าสุด (73.6 m³/hr) / ส่วนเกินเฉลี่ย 3 วัน (-1.2 m³/hr) กลับมาที่ระดับค่าเฉลี่ยฐาน (73.8 m³/hr) แล้ว — ไม่มีน้ำสูญเสียส่วนเกินเหลืออยู่ ถือว่าเหตุการณ์จบ/ซ่อมเสร็จแล้ว จึงไม่ขึ้นเตือน,01:30,03:30,73.625,73.777,4.243,82.263,78.02,-2.326,ลดลงชัดเจน,True,16.973,False,False,False,,True,-0.0021,True,False,1,True,False,0.0,0.0,14,2026-10-05,96,True,1e-05,7.10714,,0.0,RESIDENTIAL,PVC,0.5532,False,2026-10-06 07:18:40
DM-14-09-03-01,DM-14-09-03-01,C,ok,มีสัญญาณเชิงสถิติ แต่ส่วนเกิน MNF อยู่แค่ 4.2 m³/hr (4.9% ของค่าเฉลี่ยฐาน 85.1 m³/hr) ต่ำกว่าเกณฑ์ปริมาณขั้นต่ำที่ตั้งไว้ (20%) — ยังไม่คุ้มส่งตรวจ เฝ้าดูต่อ,01:30,03:30,89.25,85.062,2.358,89.778,87.42,-0.449,ลดลงเล็กน้อย,False,9.432,True,True,True,5.0,False,0.0492,True,False,1,False,False,2.479,59.5,14,2026-10-05,96,True,1e-05,10.92857,,59.5,RESIDENTIAL,PVC,0.4674,False,2026-10-06 07:18:40
DM-14-10-01-01,DM-14-10-01-01,C,ok,ไม่พบสัญญาณผิดปกติเชิงสถิติ (ใช้น้ำตามพฤติกรรมปกติ),01:45,03:45,42.875,42.134,1.622,45.378,43.756,-1.347,ลดลงเล็กน้อย,False,6.488,False,False,False,,False,0.0176,True,False,2,False,False,0.616,14.79,14,2026-10-05,96,True,5e-05,17.46429,,14.79,RESIDENTIAL,PVC,0.5217,False,2026-10-06 07:18:40
DM-14-10-02-01,DM-14-10-02-01,C,ok,ไม่พบสัญญาณผิดปกติเชิงสถิติ (ใช้น้ำตามพฤติกรรมปกติ),01:30,03:30,33.125,31.554,2.432,36.417,33.985,0.629,เพิ่มขึ้นเล็กน้อย,False,9.726,False,False,False,,False,0.0498,True,False,1,False,False,0.321,7.71,14,2026-10-05,96,True,0.0,0.1,,7.71,RESIDENTIAL,PVC,0.5532,False,2026-10-06 07:18:40
DM-14-10-03-01,DM-14-10-03-01,C,ok,ไม่พบสัญญาณผิดปกติเชิงสถิติ (ใช้น้ำตามพฤติกรรมปกติ),02:00,04:00,24.125,32.75,12.921,58.593,45.671,-1.252,ลดลงเล็กน้อย,False,51.685,False,False,False,,True,-0.2634,True,False,2,True,False,0.0,0.0,14,2026-10-05,96,True,9e-05,7.32143,,0.0,RESIDENTIAL,PVC,0.5532,False,2026-10-06 07:18:40
DM-14-10-04-02,DM-14-10-04-02,C,ok,มีสัญญาณเชิงสถิติ แต่ส่วนเกิน MNF อยู่แค่ 4.0 m³/hr (7.7% ของค่าเฉลี่ยฐาน 52.2 m³/hr) ต่ำกว่าเกณฑ์ปริมาณขั้นต่ำที่ตั้งไว้ (20%) — ยังไม่คุ้มส่งตรวจ เฝ้าดูต่อ,01:15,03:15,56.25,52.241,3.326,58.892,55.567,0.0,ทรงตัว,False,13.302,True,True,True,6.0,False,0.0767,True,False,0,False,False,4.009,96.21,14,2026-10-05,57,False,0.0,0.00242,,96.21,RESIDENTIAL,PVC,0.6,False,2026-10-06 07:18:40
DM-14-10-05-02,DM-14-10-05-02,C,ok,ไม่พบสัญญาณผิดปกติเชิงสถิติ (ใช้น้ำตามพฤติกรรมปกติ),01:45,03:45,56.125,54.339,2.391,59.121,56.73,0.894,เพิ่มขึ้นเล็กน้อย,False,9.563,False,False,False,,False,0.0329,True,False,2,True,False,3.411,81.86,14,2026-10-05,96,True,2e-05,0.09486,,81.86,RESIDENTIAL,PVC,0.6064,False,2026-10-06 07:18:40
DM-14-10-06-01,DM-14-10-06-01,C,ok,ไม่พบสัญญาณผิดปกติเชิงสถิติ (ใช้น้ำตามพฤติกรรมปกติ),00:00,02:00,87.875,84.223,2.912,90.047,87.135,1.252,เพิ่มขึ้นเล็กน้อย,False,11.648,False,False,False,,False,0.0434,True,False,2,True,False,0.777,18.64,14,2026-10-05,96,True,1e-05,1.63955,,18.64,RESIDENTIAL,PVC,0.5426,False,2026-10-06 07:18:40
DM-14-10-07-02,DM-14-10-07-02,C,ok,มีสัญญาณเชิงสถิติ แต่ส่วนเกิน MNF อยู่แค่ 2.2 m³/hr (3.9% ของค่าเฉลี่ยฐาน 54.8 m³/hr) ต่ำกว่าเกณฑ์ปริมาณขั้นต่ำที่ตั้งไว้ (20%) — ยังไม่คุ้มส่งตรวจ เฝ้าดูต่อ,02:15,04:15,57.0,54.848,4.675,64.198,59.523,0.894,เพิ่มขึ้นเล็กน้อย,False,18.699,True,True,False,15.0,False,0.0392,True,False,1,True,False,4.985,119.64,14,2026-10-05,96,True,3e-05,0.1,,119.64,RESIDENTIAL,PVC,0.5745,False,2026-10-06 07:18:40
DM-14-11-03-04,DM-14-11-03-04,C,ok,ไม่พบสัญญาณผิดปกติเชิงสถิติ (ใช้น้ำตามพฤติกรรมปกติ),00:45,02:45,9.875,19.036,6.709,32.455,25.745,1.556,เพิ่มขึ้นเล็กน้อย,False,26.838,False,False,False,,True,-0.4812,True,False,0,False,False,0.0,0.0,14,2026-10-05,57,False,0.00015,26.21429,,0.0,RESIDENTIAL,PVC,0.6792,False,2026-10-06 07:18:40
DM-14-11-03-05,DM-14-11-03-05,B,watch,Flow สูงกว่าเกณฑ์ต่อเนื่อง 16 intervals พร้อมแรงดันตก แต่ไม่ใช่การเปลี่ยนแปลงฉับพลันใน 1-2 วัน (น่าจะเป็นรั่วที่ดำเนินมาระยะหนึ่งแล้วและขยายจนคงที่) — ควรตรวจสอบโดยเร็วแต่ไม่ใช่เหตุฉุกเฉินแบบท่อแตกใหม่,01:15,03:15,109.0,82.571,1.827,86.226,84.399,0.988,เพิ่มขึ้นเล็กน้อย,False,7.309,True,False,True,1.0,False,0.3201,False,True,16,True,False,20.97,503.29,14,2026-10-05,57,False,0.0,0.0019,ไกลจาก RTU (> 2 กม. โดยประมาณ),503.29,RESIDENTIAL,PVC,0.4528,False,2026-10-06 07:18:40
DM-14-17-01-01,DM-14-17-01-01,C,ok,ไม่พบสัญญาณผิดปกติเชิงสถิติ (ใช้น้ำตามพฤติกรรมปกติ),01:15,03:15,104.0,107.527,3.073,113.672,110.6,-1.431,ลดลงเล็กน้อย,False,12.291,False,False,False,,True,-0.0328,True,False,0,False,False,0.0,0.0,14,2026-10-05,96,True,1e-05,26.35714,,0.0,RESIDENTIAL,PVC,0.5806,False,2026-10-06 07:18:40
DM-14-17-02-01,DM-14-17-02-01,C,ok,มีสัญญาณเชิงสถิติ แต่ส่วนเกิน MNF อยู่แค่ 4.7 m³/hr (17.8% ของค่าเฉลี่ยฐาน 26.2 m³/hr) ต่ำกว่าเกณฑ์ปริมาณขั้นต่ำที่ตั้งไว้ (20%) — ยังไม่คุ้มส่งตรวจ เฝ้าดูต่อ,01:30,03:30,30.875,26.214,1.305,28.825,27.519,-0.179,ลดลงเล็กน้อย,False,5.221,True,False,True,3.0,False,0.1778,True,True,8,True,False,5.452,130.86,14,2026-10-05,96,True,0.0,0.0001,,130.86,RESIDENTIAL,PVC,0.5543,False,2026-10-06 07:18:40
DM-14-17-02-02,DM-14-17-02-02,C,ok,ไม่พบสัญญาณผิดปกติเชิงสถิติ (ใช้น้ำตามพฤติกรรมปกติ),01:00,03:00,78.5,72.125,3.092,78.308,75.217,1.082,เพิ่มขึ้นเล็กน้อย,False,12.366,False,False,False,,False,0.0884,True,False,2,True,False,1.875,45.0,14,2026-10-05,96,True,1e-05,0.29042,,45.0,RESIDENTIAL,PVC,0.587,False,2026-10-06 07:18:40
DM-14-17-03-01,DM-14-17-03-01,C,ok,มีสัญญาณเชิงสถิติ แต่ส่วนเกิน MNF อยู่แค่ 2.6 m³/hr (4.6% ของค่าเฉลี่ยฐาน 55.4 m³/hr) ต่ำกว่าเกณฑ์ปริมาณขั้นต่ำที่ตั้งไว้ (20%) — ยังไม่คุ้มส่งตรวจ เฝ้าดูต่อ,01:45,03:45,58.0,55.446,1.352,58.15,56.798,-0.537,ลดลงเล็กน้อย,False,5.407,True,True,True,5.0,False,0.0461,True,False,2,False,False,0.429,10.29,14,2026-10-05,96,True,3e-05,4.68527,,10.29,RESIDENTIAL,PVC,0.5484,False,2026-10-06 07:18:40
DM-14-17-04-01,DM-14-17-04-01,C,ok,ไม่พบสัญญาณผิดปกติเชิงสถิติ (ใช้น้ำตามพฤติกรรมปกติ),01:15,03:15,67.5,64.071,1.994,68.06,66.066,0.894,เพิ่มขึ้นเล็กน้อย,False,7.976,False,False,False,,False,0.0535,True,False,2,False,False,1.845,44.29,14,2026-10-05,96,True,1e-05,0.1,,44.29,RESIDENTIAL,PVC,0.5806,False,2026-10-06 07:18:40
DM-14-17-05-01,DM-14-17-05-01,C,ok,ไม่พบสัญญาณผิดปกติเชิงสถิติ (ใช้น้ำตามพฤติกรรมปกติ),01:45,03:45,80.75,85.83,6.709,99.249,92.539,1.073,เพิ่มขึ้นเล็กน้อย,False,26.836,False,False,False,,True,-0.0592,True,False,5,True,False,0.0,0.0,14,2026-10-05,96,True,1e-05,0.0227,,0.0,RESIDENTIAL,PVC,0.5591,False,2026-10-06 07:18:40
DM-14-17-06-01,DM-14-17-06-01,C,ok,ไม่พบสัญญาณผิดปกติเชิงสถิติ (ใช้น้ำตามพฤติกรรมปกติ),01:30,03:30,39.5,40.027,4.083,48.194,44.11,1.167,เพิ่มขึ้นเล็กน้อย,False,16.334,False,False,False,,True,-0.0132,True,False,1,False,False,0.0,0.0,14,2026-10-05,96,True,0.0,0.1,,0.0,RESIDENTIAL,PVC,0.5543,False,2026-10-06 07:18:40
DM-14-18-01-01,DM-14-18-01-01,C,ok,ไม่พบสัญญาณผิดปกติเชิงสถิติ (ใช้น้ำตามพฤติกรรมปกติ),00:45,02:45,85.312,86.478,8.492,103.462,94.97,0.0,ทรงตัว,False,33.969,False,False,False,,True,-0.0135,True,False,0,False,False,0.0,0.0,14,2026-10-05,96,True,0.0,0.00605,,0.0,RESIDENTIAL,PVC,0.6304,False,2026-10-06 07:18:40
DM-14-18-01-02,DM-14-18-01-02,B,watch,Flow สูงกว่าเกณฑ์ต่อเนื่อง 60 intervals พร้อมแรงดันตก แต่ไม่ใช่การเปลี่ยนแปลงฉับพลันใน 1-2 วัน (น่าจะเป็นรั่วที่ดำเนินมาระยะหนึ่งแล้วและขยายจนคงที่) — ควรตรวจสอบโดยเร็วแต่ไม่ใช่เหตุฉุกเฉินแบบท่อแตกใหม่,03:15,05:15,115.625,68.973,12.357,93.687,81.33,-1.789,ลดลงชัดเจน,True,49.428,True,False,True,2.0,False,0.6764,False,True,60,True,False,45.443,1090.64,14,2026-10-05,96,True,2e-05,0.00011,ใกล้กับ RTU (< 2 กม. โดยประมาณ),1090.64,RESIDENTIAL,PVC,0.3656,False,2026-10-06 07:18:40
DM-14-18-02-01,DM-14-18-02-01,C,ok,MNF ล่าสุด (107.8 m³/hr) / ส่วนเกินเฉลี่ย 3 วัน (-0.3 m³/hr) กลับมาที่ระดับค่าเฉลี่ยฐาน (87.5 m³/hr) แล้ว — ไม่มีน้ำสูญเสียส่วนเกินเหลืออยู่ ถือว่าเหตุการณ์จบ/ซ่อมเสร็จแล้ว จึงไม่ขึ้นเตือน,00:45,02:45,107.75,87.509,8.665,104.839,96.174,-0.179,ลดลงเล็กน้อย,False,34.66,False,False,False,,True,0.2313,False,True,16,False,False,0.0,0.0,14,2026-10-05,96,True,0.0,0.00147,,0.0,RESIDENTIAL,PVC,0.4894,False,2026-10-06 07:18:40
DM-14-18-02-02,DM-14-18-02-02,C,ok,เคยมีสัญญาณผิดปกติ (Mann-Kendall/CUSUM สะสม) แต่ MNF ล่าสุด (41.2) ลดลงมาต่ำกว่า 70% ของพีคล่าสุด (51.4) แล้ว — น่าจะเป็นเหตุการณ์ที่จบไปแล้ว/ซ่อมเสร็จแล้ว จึงไม่ขึ้นเตือน,01:15,03:15,41.25,24.241,19.657,63.556,43.898,0.449,เพิ่มขึ้นเล็กน้อย,False,78.63,True,False,True,2.0,False,0.7017,False,False,0,False,False,12.967,311.21,14,2026-10-05,96,True,0.0,0.0745,,311.21,RESIDENTIAL,PVC,0.5851,False,2026-10-06 07:18:40
DM-14-18-05-01,DM-14-18-05-01,C,ok,ไม่พบสัญญาณผิดปกติเชิงสถิติ (ใช้น้ำตามพฤติกรรมปกติ),02:00,04:00,43.375,43.554,1.145,45.844,44.699,-0.358,ลดลงเล็กน้อย,False,4.581,False,False,False,,True,-0.0041,True,False,2,True,False,1.488,35.71,14,2026-10-05,96,True,2e-05,0.1,,35.71,RESIDENTIAL,PVC,0.4731,False,2026-10-06 07:18:40
DM-14-18-06-01,DM-14-18-06-01,C,ok,มีสัญญาณเชิงสถิติ แต่ส่วนเกิน MNF อยู่แค่ 1.1 m³/hr (2.5% ของค่าเฉลี่ยฐาน 42.4 m³/hr) ต่ำกว่าเกณฑ์ปริมาณขั้นต่ำที่ตั้งไว้ (20%) — ยังไม่คุ้มส่งตรวจ เฝ้าดูต่อ,02:00,04:00,43.5,42.438,1.237,44.912,43.675,0.0,ทรงตัว,False,4.949,True,False,True,4.0,False,0.025,True,False,2,True,False,3.062,73.5,14,2026-10-05,96,True,2e-05,0.02057,,73.5,RESIDENTIAL,PVC,0.5161,False,2026-10-06 07:18:40
DM-15-01-01-01,DM-15-01-01-01,C,ok,ไม่พบสัญญาณผิดปกติเชิงสถิติ (ใช้น้ำตามพฤติกรรมปกติ),01:15,03:15,31.25,36.402,4.094,44.591,40.496,-0.09,ลดลงเล็กน้อย,False,16.377,False,False,False,,True,-0.1415,True,False,1,True,False,0.0,0.0,14,2026-10-05,96,True,5e-05,0.01497,,0.0,RESIDENTIAL,PVC,0.4624,False,2026-10-06 07:18:40
DM-15-01-02-01,DM-15-01-02-01,C,ok,มีสัญญาณเชิงสถิติ แต่ส่วนเกิน MNF อยู่แค่ 5.0 m³/hr (5.5% ของค่าเฉลี่ยฐาน 91.0 m³/hr) ต่ำกว่าเกณฑ์ปริมาณขั้นต่ำที่ตั้งไว้ (20%) — ยังไม่คุ้มส่งตรวจ เฝ้าดูต่อ,02:15,04:15,96.0,90.991,2.494,95.979,93.485,1.706,เพิ่มขึ้นชัดเจน,True,9.976,True,False,True,5.0,False,0.055,True,False,6,True,False,6.009,144.21,14,2026-10-05,96,True,1e-05,0.01032,,144.21,RESIDENTIAL,PVC,0.5745,False,2026-10-06 07:18:40
DM-15-01-05-01,DM-15-01-05-01,C,ok,มีสัญญาณเชิงสถิติ แต่ส่วนเกิน MNF อยู่แค่ 19.4 m³/hr (18.6% ของค่าเฉลี่ยฐาน 104.3 m³/hr) ต่ำกว่าเกณฑ์ปริมาณขั้นต่ำที่ตั้งไว้ (20%) — ยังไม่คุ้มส่งตรวจ เฝ้าดูต่อ,00:45,02:45,123.75,104.321,7.66,119.641,111.981,1.431,เพิ่มขึ้นเล็กน้อย,False,30.638,True,True,True,4.0,False,0.1862,True,False,5,False,False,46.637,1119.29,14,2026-10-05,96,True,0.0,0.03382,,1119.29,RESIDENTIAL,PVC,0.4624,False,2026-10-06 07:18:40
DM-15-01-06-01,DM-15-01-06-01,C,ok,ไม่พบสัญญาณผิดปกติเชิงสถิติ (ใช้น้ำตามพฤติกรรมปกติ),02:00,04:00,70.25,66.991,3.599,74.189,70.59,1.61,เพิ่มขึ้นเล็กน้อย,False,14.397,False,False,False,,False,0.0486,True,False,1,False,False,3.426,82.21,14,2026-10-05,96,True,2e-05,0.04198,,82.21,RESIDENTIAL,PVC,0.5806,False,2026-10-06 07:18:40
DM-15-01-07-01,DM-15-01-07-01,C,ok,ไม่พบสัญญาณผิดปกติเชิงสถิติ (ใช้น้ำตามพฤติกรรมปกติ),01:00,03:00,44.125,49.42,1.874,53.167,51.293,-1.527,ลดลงเล็กน้อย,False,7.494,False,False,False,,True,-0.1071,True,False,0,False,False,0.0,0.0,14,2026-10-05,96,True,4e-05,23.67857,,0.0,RESIDENTIAL,PVC,0.5543,False,2026-10-06 07:18:40
DM-15-02-02-01,DM-15-02-02-01,C,ok,ไม่พบสัญญาณผิดปกติเชิงสถิติ (ใช้น้ำตามพฤติกรรมปกติ),00:15,02:15,115.25,120.741,6.631,134.004,127.372,-0.716,ลดลงเล็กน้อย,False,26.525,False,False,False,,True,-0.0455,True,False,3,False,False,0.0,0.0,14,2026-10-05,96,True,1e-05,1.96429,,0.0,RESIDENTIAL,PVC,0.5213,False,2026-10-06 07:18:40
DM-15-02-03-01,DM-15-02-03-01,C,ok,มีสัญญาณเชิงสถิติ แต่ส่วนเกิน MNF อยู่แค่ 11.1 m³/hr (11.9% ของค่าเฉลี่ยฐาน 92.8 m³/hr) ต่ำกว่าเกณฑ์ปริมาณขั้นต่ำที่ตั้งไว้ (20%) — ยังไม่คุ้มส่งตรวจ เฝ้าดูต่อ,01:45,03:45,103.875,92.821,7.18,107.182,100.001,1.968,เพิ่มขึ้นชัดเจน,True,28.72,True,True,True,6.0,False,0.1191,True,False,1,False,False,12.429,298.29,14,2026-10-05,96,True,1e-05,0.0129,,298.29,RESIDENTIAL,PVC,0.5745,False,2026-10-06 07:18:40
DM-15-02-04-01,DM-15-02-04-01,C,ok,มีสัญญาณเชิงสถิติ แต่ส่วนเกิน MNF อยู่แค่ 8.1 m³/hr (6.5% ของค่าเฉลี่ยฐาน 123.1 m³/hr) ต่ำกว่าเกณฑ์ปริมาณขั้นต่ำที่ตั้งไว้ (20%) — ยังไม่คุ้มส่งตรวจ เฝ้าดูต่อ,01:45,03:45,131.125,123.071,7.249,137.569,130.32,1.886,เพิ่มขึ้นชัดเจน,True,28.996,True,True,True,7.0,False,0.0654,True,True,13,True,False,16.137,387.29,14,2026-10-05,96,True,1e-05,0.00075,,387.29,RESIDENTIAL,PVC,0.5376,False,2026-10-06 07:18:40
DM-15-03-01-01,DM-15-03-01-01,B,watch,Flow สูงกว่าเกณฑ์ต่อเนื่อง 8 intervals พร้อมแรงดันตก แต่ไม่ใช่การเปลี่ยนแปลงฉับพลันใน 1-2 วัน (น่าจะเป็นรั่วที่ดำเนินมาระยะหนึ่งแล้วและขยายจนคงที่) — ควรตรวจสอบโดยเร็วแต่ไม่ใช่เหตุฉุกเฉินแบบท่อแตกใหม่,01:45,03:45,121.75,98.527,4.915,108.356,103.441,1.886,เพิ่มขึ้นชัดเจน,True,19.659,True,False,True,2.0,False,0.2357,False,True,8,True,False,26.807,643.36,14,2026-10-05,96,True,1e-05,0.00126,ไกลจาก RTU (> 2 กม. โดยประมาณ),643.36,RESIDENTIAL,PVC,0.5,False,2026-10-06 07:18:40
DM-15-03-03-01,DM-15-03-03-01,C,ok,ไม่พบสัญญาณผิดปกติเชิงสถิติ (ใช้น้ำตามพฤติกรรมปกติ),02:30,04:30,124.0,120.241,4.209,128.658,124.45,1.61,เพิ่มขึ้นเล็กน้อย,False,16.835,False,False,False,,False,0.0313,True,False,1,False,False,3.926,94.21,14,2026-10-05,96,True,1e-05,0.1,,94.21,RESIDENTIAL,PVC,0.5484,False,2026-10-06 07:18:40
DM-15-03-04-01,DM-15-03-04-01,C,ok,ไม่พบสัญญาณผิดปกติเชิงสถิติ (ใช้น้ำตามพฤติกรรมปกติ),00:45,02:45,115.0,123.08,12.209,147.499,135.29,0.537,เพิ่มขึ้นเล็กน้อย,False,48.838,False,False,False,,True,-0.0657,True,False,0,False,False,0.0,0.0,14,2026-10-05,96,True,1e-05,6.82143,,0.0,RESIDENTIAL,PVC,0.4468,False,2026-10-06 07:18:40
DM-15-03-06-01,DM-15-03-06-01,C,ok,มีสัญญาณเชิงสถิติ แต่ส่วนเกิน MNF อยู่แค่ 7.6 m³/hr (12.9% ของค่าเฉลี่ยฐาน 58.6 m³/hr) ต่ำกว่าเกณฑ์ปริมาณขั้นต่ำที่ตั้งไว้ (20%) — ยังไม่คุ้มส่งตรวจ เฝ้าดูต่อ,02:15,04:15,66.125,58.562,8.732,76.027,67.295,2.504,เพิ่มขึ้นชัดเจน,True,34.929,False,False,False,,False,0.1291,True,False,4,True,False,10.854,260.5,14,2026-10-05,96,True,1e-05,0.1,,260.5,RESIDENTIAL,PVC,0.5435,False,2026-10-06 07:18:40
DM-15-04-01-01,DM-15-04-01-01,C,ok,ไม่พบสัญญาณผิดปกติเชิงสถิติ (ใช้น้ำตามพฤติกรรมปกติ),00:00,02:00,28.125,38.25,5.846,49.943,44.096,-0.716,ลดลงเล็กน้อย,False,23.386,False,False,False,,True,-0.2647,True,False,5,True,False,0.0,0.0,14,2026-10-05,96,True,4e-05,5.5,,0.0,RESIDENTIAL,PVC,0.4681,False,2026-10-06 07:18:40
DM-15-04-02-01,DM-15-04-02-01,C,ok,มีสัญญาณเชิงสถิติ แต่ส่วนเกิน MNF อยู่แค่ 0.7 m³/hr (1.6% ของค่าเฉลี่ยฐาน 47.0 m³/hr) ต่ำกว่าเกณฑ์ปริมาณขั้นต่ำที่ตั้งไว้ (20%) — ยังไม่คุ้มส่งตรวจ เฝ้าดูต่อ,01:45,03:45,47.75,47.018,1.842,50.703,48.86,-0.454,ลดลงเล็กน้อย,False,7.37,True,True,False,8.0,False,0.0156,True,False,5,True,False,1.482,35.57,14,2026-10-05,96,True,3e-05,0.20675,,35.57,RESIDENTIAL,PVC,0.5806,False,2026-10-06 07:18:40
DM-15-04-02-02,DM-15-04-02-02,C,ok,มีสัญญาณเชิงสถิติ แต่ส่วนเกิน MNF อยู่แค่ 3.2 m³/hr (6.2% ของค่าเฉลี่ยฐาน 52.0 m³/hr) ต่ำกว่าเกณฑ์ปริมาณขั้นต่ำที่ตั้งไว้ (20%) — ยังไม่คุ้มส่งตรวจ เฝ้าดูต่อ,02:00,04:00,55.25,52.027,3.962,59.952,55.989,1.252,เพิ่มขึ้นเล็กน้อย,False,15.85,True,True,True,1.0,False,0.062,True,False,2,True,False,6.14,147.36,14,2026-10-05,96,True,3e-05,1.45771,,147.36,RESIDENTIAL,PVC,0.4894,False,2026-10-06 07:18:40
DM-15-04-03-01,DM-15-04-03-01,C,ok,MNF ล่าสุด (140.5 m³/hr) / ส่วนเกินเฉลี่ย 3 วัน (-11.9 m³/hr) กลับมาที่ระดับค่าเฉลี่ยฐาน (157.3 m³/hr) แล้ว — ไม่มีน้ำสูญเสียส่วนเกินเหลืออยู่ ถือว่าเหตุการณ์จบ/ซ่อมเสร็จแล้ว จึงไม่ขึ้นเตือน,01:30,03:30,140.5,157.348,9.684,176.717,167.033,1.789,เพิ่มขึ้นชัดเจน,True,38.738,False,False,False,,True,-0.1071,True,False,1,True,False,0.0,0.0,14,2026-10-05,96,True,0.0,7.57143,,0.0,RESIDENTIAL,PVC,0.5426,False,2026-10-06 07:18:40
DM-15-04-04-01,DM-15-04-04-01,B,watch,Flow สูงกว่าเกณฑ์ต่อเนื่อง 8 intervals พร้อมแรงดันตก แต่ไม่ใช่การเปลี่ยนแปลงฉับพลันใน 1-2 วัน (น่าจะเป็นรั่วที่ดำเนินมาระยะหนึ่งแล้วและขยายจนคงที่) — ควรตรวจสอบโดยเร็วแต่ไม่ใช่เหตุฉุกเฉินแบบท่อแตกใหม่,01:15,03:15,80.125,43.429,14.898,73.225,58.327,1.252,เพิ่มขึ้นเล็กน้อย,False,59.593,False,False,False,,False,0.845,False,True,8,True,False,15.071,361.71,14,2026-10-05,96,True,2e-05,0.1,ไกลจาก RTU (> 2 กม. โดยประมาณ),361.71,RESIDENTIAL,PVC,0.5761,False,2026-10-06 07:18:40
DM-15-05-01-01,DM-15-05-01-01,C,ok,MNF ล่าสุด (27.1 m³/hr) / ส่วนเกินเฉลี่ย 3 วัน (-0.9 m³/hr) กลับมาที่ระดับค่าเฉลี่ยฐาน (27.5 m³/hr) แล้ว — ไม่มีน้ำสูญเสียส่วนเกินเหลืออยู่ ถือว่าเหตุการณ์จบ/ซ่อมเสร็จแล้ว จึงไม่ขึ้นเตือน,00:30,02:30,27.125,27.518,1.966,31.449,29.483,1.886,เพิ่มขึ้นชัดเจน,True,7.862,False,False,False,,True,-0.0143,True,False,5,True,False,0.0,0.0,14,2026-10-05,96,True,4e-05,0.1,,0.0,RESIDENTIAL,PVC,0.5269,False,2026-10-06 07:18:40
DM-15-05-02-01,DM-15-05-02-01,C,ok,มีสัญญาณเชิงสถิติ แต่ส่วนเกิน MNF อยู่แค่ 3.7 m³/hr (2.7% ของค่าเฉลี่ยฐาน 136.8 m³/hr) ต่ำกว่าเกณฑ์ปริมาณขั้นต่ำที่ตั้งไว้ (20%) — ยังไม่คุ้มส่งตรวจ เฝ้าดูต่อ,02:15,04:15,140.5,136.848,6.399,149.646,143.247,-1.393,ลดลงเล็กน้อย,False,25.595,True,False,True,1.0,False,0.0267,True,False,0,False,False,3.652,87.64,14,2026-10-05,57,False,0.0,0.00214,,87.64,RESIDENTIAL,PVC,0.4727,False,2026-10-06 07:18:40
DM-15-05-04-01,DM-15-05-04-01,C,ok,ไม่พบสัญญาณผิดปกติเชิงสถิติ (ใช้น้ำตามพฤติกรรมปกติ),01:30,03:30,56.25,64.071,5.534,75.14,69.606,0.988,เพิ่มขึ้นเล็กน้อย,False,22.137,False,False,False,,True,-0.1221,True,False,0,False,False,1.97,47.29,14,2026-10-05,96,True,0.0,0.01073,,47.29,RESIDENTIAL,PVC,0.4516,False,2026-10-06 07:18:40
DM-15-05-08-01,DM-15-05-08-01,A,alert,Flow สูงกว่าเกณฑ์ต่อเนื่อง 96 intervals + CUSUM ขยับฐานฉับพลันและเพิ่งตัดเกณฑ์ใน 7 วันล่าสุด + แรงดันตกยืนยัน,00:00,02:00,452.375,36.643,11.373,59.389,48.016,2.065,เพิ่มขึ้นชัดเจน,True,45.493,True,True,True,1.0,False,11.3455,False,True,96,True,False,415.815,9979.57,14,2026-10-05,96,True,0.0,0.0,ใกล้กับ RTU (< 2 กม. โดยประมาณ),9979.57,RESIDENTIAL,PVC,0.3978,False,2026-10-06 07:18:40
DM-15-06-01-01,DM-15-06-01-01,B,watch,Mann-Kendall ยืนยันแนวโน้มขึ้นต่อเนื่อง,02:00,04:00,151.75,121.795,8.024,137.843,129.819,2.683,เพิ่มขึ้นชัดเจน,True,32.097,True,True,True,6.0,False,0.2459,False,False,5,True,False,21.122,506.93,14,2026-10-05,96,True,1e-05,0.00155,ไกลจาก RTU (> 2 กม. โดยประมาณ),506.93,RESIDENTIAL,PVC,0.4409,False,2026-10-06 07:18:40
DM-15-06-02-01,DM-15-06-02-01,C,ok,ไม่พบสัญญาณผิดปกติเชิงสถิติ (ใช้น้ำตามพฤติกรรมปกติ),02:15,04:15,193.875,197.295,20.225,237.745,217.52,0.894,เพิ่มขึ้นเล็กน้อย,False,80.902,False,False,False,,True,-0.0173,True,False,0,False,False,3.664,87.93,14,2026-10-05,96,True,0.0,5.42857,,87.93,RESIDENTIAL,PVC,0.5319,False,2026-10-06 07:18:40
DM-15-06-03-01,DM-15-06-03-01,C,ok,ไม่พบสัญญาณผิดปกติเชิงสถิติ (ใช้น้ำตามพฤติกรรมปกติ),01:15,03:15,135.875,138.598,26.318,191.235,164.917,0.0,ทรงตัว,False,105.274,False,False,False,,True,-0.0196,True,False,3,False,False,0.902,21.64,14,2026-10-05,96,True,0.0,7.85714,,21.64,RESIDENTIAL,PVC,0.4894,False,2026-10-06 07:18:40
DM-15-06-04-01,DM-15-06-04-01,C,ok,ไม่พบสัญญาณผิดปกติเชิงสถิติ (ใช้น้ำตามพฤติกรรมปกติ),02:00,04:00,64.0,69.527,3.923,77.372,73.449,0.721,เพิ่มขึ้นเล็กน้อย,False,15.69,False,False,False,,True,-0.0795,True,False,3,False,False,1.557,37.36,14,2026-10-05,96,True,0.0,1.42857,,37.36,RESIDENTIAL,PVC,0.5213,False,2026-10-06 07:18:40
DM-15-07-01-01,DM-15-07-01-01,C,ok,มีสัญญาณเชิงสถิติ แต่ส่วนเกิน MNF อยู่แค่ 1.9 m³/hr (3.5% ของค่าเฉลี่ยฐาน 53.5 m³/hr) ต่ำกว่าเกณฑ์ปริมาณขั้นต่ำที่ตั้งไว้ (20%) — ยังไม่คุ้มส่งตรวจ เฝ้าดูต่อ,01:30,03:30,55.375,53.5,3.375,60.251,56.875,1.886,เพิ่มขึ้นชัดเจน,True,13.501,False,False,False,,False,0.035,True,True,20,True,False,3.958,95.0,14,2026-10-05,96,True,1e-05,0.00887,,95.0,RESIDENTIAL,PVC,0.5543,False,2026-10-06 07:18:40
DM-15-07-02-01,DM-15-07-02-01,C,ok,มีสัญญาณเชิงสถิติ แต่ส่วนเกิน MNF อยู่แค่ 7.8 m³/hr (6.0% ของค่าเฉลี่ยฐาน 131.3 m³/hr) ต่ำกว่าเกณฑ์ปริมาณขั้นต่ำที่ตั้งไว้ (20%) — ยังไม่คุ้มส่งตรวจ เฝ้าดูต่อ,01:45,03:45,139.125,131.277,5.919,143.115,137.196,2.147,เพิ่มขึ้นชัดเจน,True,23.677,True,True,True,6.0,False,0.0598,True,False,2,True,False,11.223,269.36,14,2026-10-05,96,True,0.0,0.0358,,269.36,RESIDENTIAL,PVC,0.5699,False,2026-10-06 07:18:40
DM-15-07-03-01,DM-15-07-03-01,B,watch,Flow สูงกว่าเกณฑ์ต่อเนื่อง 23 intervals พร้อมแรงดันตก แต่ไม่ใช่การเปลี่ยนแปลงฉับพลันใน 1-2 วัน (น่าจะเป็นรั่วที่ดำเนินมาระยะหนึ่งแล้วและขยายจนคงที่) — ควรตรวจสอบโดยเร็วแต่ไม่ใช่เหตุฉุกเฉินแบบท่อแตกใหม่,01:30,03:30,147.0,110.509,6.505,123.518,117.014,1.431,เพิ่มขึ้นเล็กน้อย,False,26.019,True,False,True,2.0,False,0.3302,False,True,23,True,False,40.783,978.79,14,2026-10-05,96,True,0.0,0.00016,ใกล้กับ RTU (< 2 กม. โดยประมาณ),978.79,RESIDENTIAL,PVC,0.617,False,2026-10-06 07:18:40
DM-15-07-04-01,DM-15-07-04-01,C,ok,มีสัญญาณเชิงสถิติ แต่ส่วนเกิน MNF อยู่แค่ 2.8 m³/hr (1.6% ของค่าเฉลี่ยฐาน 170.2 m³/hr) ต่ำกว่าเกณฑ์ปริมาณขั้นต่ำที่ตั้งไว้ (20%) — ยังไม่คุ้มส่งตรวจ เฝ้าดูต่อ,01:45,03:45,173.0,170.232,6.604,183.439,176.836,0.269,เพิ่มขึ้นเล็กน้อย,False,26.414,True,True,True,6.0,False,0.0163,True,False,1,True,False,12.018,288.43,14,2026-10-05,96,True,0.0,0.00994,,288.43,RESIDENTIAL,PVC,0.6277,False,2026-10-06 07:18:40
DM-15-07-05-01,DM-15-07-05-01,C,ok,ไม่พบสัญญาณผิดปกติเชิงสถิติ (ใช้น้ำตามพฤติกรรมปกติ),01:45,03:45,43.25,43.009,7.623,58.254,50.632,-0.09,ลดลงเล็กน้อย,False,30.49,False,False,False,,True,0.0056,True,False,0,False,False,0.0,0.0,14,2026-10-05,96,True,1e-05,1.44417,,0.0,RESIDENTIAL,PVC,0.5426,False,2026-10-06 07:18:40
DM-15-08-01-01,DM-15-08-01-01,C,ok,มีสัญญาณเชิงสถิติ แต่ส่วนเกิน MNF อยู่แค่ 2.5 m³/hr (8.6% ของค่าเฉลี่ยฐาน 28.9 m³/hr) ต่ำกว่าเกณฑ์ปริมาณขั้นต่ำที่ตั้งไว้ (20%) — ยังไม่คุ้มส่งตรวจ เฝ้าดูต่อ,01:30,03:30,31.375,28.893,1.777,32.447,30.67,1.61,เพิ่มขึ้นเล็กน้อย,False,7.108,True,True,True,6.0,False,0.0859,True,False,1,False,False,2.149,51.57,14,2026-10-05,96,True,3e-05,0.0675,,51.57,RESIDENTIAL,PVC,0.4946,False,2026-10-06 07:18:40
DM-15-08-01-02,DM-15-08-01-02,C,ok,มีสัญญาณเชิงสถิติ แต่ส่วนเกิน MNF อยู่แค่ 9.1 m³/hr (9.1% ของค่าเฉลี่ยฐาน 100.3 m³/hr) ต่ำกว่าเกณฑ์ปริมาณขั้นต่ำที่ตั้งไว้ (20%) — ยังไม่คุ้มส่งตรวจ เฝ้าดูต่อ,01:15,03:15,109.375,100.295,7.54,115.374,107.834,1.968,เพิ่มขึ้นชัดเจน,True,30.158,False,False,False,,False,0.0905,True,False,1,False,False,7.58,181.93,14,2026-10-05,96,True,1e-05,0.00919,,181.93,RESIDENTIAL,PVC,0.5638,False,2026-10-06 07:18:40
DM-15-08-03-01,DM-15-08-03-01,C,ok,มีสัญญาณเชิงสถิติ แต่ส่วนเกิน MNF อยู่แค่ 3.7 m³/hr (4.7% ของค่าเฉลี่ยฐาน 79.0 m³/hr) ต่ำกว่าเกณฑ์ปริมาณขั้นต่ำที่ตั้งไว้ (20%) — ยังไม่คุ้มส่งตรวจ เฝ้าดูต่อ,01:30,03:30,82.75,79.045,6.113,91.271,85.158,-2.147,ลดลงชัดเจน,True,24.452,True,False,True,3.0,False,0.0469,True,False,5,True,False,0.039,0.93,14,2026-10-05,96,True,0.0,0.1,,0.93,RESIDENTIAL,PVC,0.5699,False,2026-10-06 07:18:40
DM-15-08-04-01,DM-15-08-04-01,C,ok,มีสัญญาณเชิงสถิติ แต่ส่วนเกิน MNF อยู่แค่ 14.6 m³/hr (9.3% ของค่าเฉลี่ยฐาน 156.4 m³/hr) ต่ำกว่าเกณฑ์ปริมาณขั้นต่ำที่ตั้งไว้ (20%) — ยังไม่คุ้มส่งตรวจ เฝ้าดูต่อ,21:00,23:00,171.0,156.402,22.476,201.354,178.878,1.789,เพิ่มขึ้นชัดเจน,True,89.904,False,False,False,,False,0.0933,True,False,4,False,False,12.932,310.36,14,2026-10-05,96,True,0.0,0.0089,,310.36,RESIDENTIAL,PVC,0.5269,False,2026-10-06 07:18:40
DM-15-08-05-01,DM-15-08-05-01,C,ok,มีสัญญาณเชิงสถิติ แต่ส่วนเกิน MNF อยู่แค่ 3.8 m³/hr (3.5% ของค่าเฉลี่ยฐาน 109.9 m³/hr) ต่ำกว่าเกณฑ์ปริมาณขั้นต่ำที่ตั้งไว้ (20%) — ยังไม่คุ้มส่งตรวจ เฝ้าดูต่อ,01:30,03:30,113.75,109.911,6.36,122.631,116.271,0.716,เพิ่มขึ้นเล็กน้อย,False,25.44,True,True,True,6.0,False,0.0349,True,False,0,False,False,9.298,223.14,14,2026-10-05,96,True,0.0,0.08415,,223.14,RESIDENTIAL,PVC,0.6596,False,2026-10-06 07:18:40
DM-15-08-06-03,DM-15-08-06-03,C,ok,มีสัญญาณเชิงสถิติ แต่ส่วนเกิน MNF อยู่แค่ 1.1 m³/hr (2.2% ของค่าเฉลี่ยฐาน 50.5 m³/hr) ต่ำกว่าเกณฑ์ปริมาณขั้นต่ำที่ตั้งไว้ (20%) — ยังไม่คุ้มส่งตรวจ เฝ้าดูต่อ,01:15,03:15,51.625,50.509,2.874,56.258,53.383,1.073,เพิ่มขึ้นเล็กน้อย,False,11.498,True,False,True,1.0,False,0.0221,True,False,0,False,False,0.908,21.79,14,2026-10-05,96,True,1e-05,0.1,,21.79,RESIDENTIAL,PVC,0.5161,False,2026-10-06 07:18:40
DM-15-09-01-01,DM-15-09-01-01,C,ok,ไม่พบสัญญาณผิดปกติเชิงสถิติ (ใช้น้ำตามพฤติกรรมปกติ),01:30,03:30,114.75,122.571,9.176,140.924,131.747,-0.179,ลดลงเล็กน้อย,False,36.704,False,False,False,,True,-0.0638,True,False,0,False,False,0.0,0.0,14,2026-10-05,96,True,1e-05,0.1,,0.0,RESIDENTIAL,PVC,0.4516,False,2026-10-06 07:18:40
DM-15-09-01-02,DM-15-09-01-02,C,ok,MNF ล่าสุด (15.2 m³/hr) / ส่วนเกินเฉลี่ย 3 วัน (-1.0 m³/hr) กลับมาที่ระดับค่าเฉลี่ยฐาน (15.6 m³/hr) แล้ว — ไม่มีน้ำสูญเสียส่วนเกินเหลืออยู่ ถือว่าเหตุการณ์จบ/ซ่อมเสร็จแล้ว จึงไม่ขึ้นเตือน,02:15,04:15,15.25,15.625,1.385,18.394,17.01,-1.527,ลดลงเล็กน้อย,False,5.539,True,False,True,3.0,True,-0.024,True,False,2,True,False,0.0,0.0,14,2026-10-05,96,True,7e-05,0.11339,,0.0,RESIDENTIAL,PVC,0.5319,False,2026-10-06 07:18:40
DM-15-09-02-01,DM-15-09-02-01,C,ok,ไม่พบสัญญาณผิดปกติเชิงสถิติ (ใช้น้ำตามพฤติกรรมปกติ),23:00,01:00,85.125,87.509,26.431,140.372,113.94,-0.894,ลดลงเล็กน้อย,False,105.725,False,False,False,,True,-0.0272,True,False,0,False,False,0.0,0.0,14,2026-10-05,96,True,1e-05,0.00112,,0.0,RESIDENTIAL,PVC,0.6064,False,2026-10-06 07:18:40
DM-15-09-03-02,DM-15-09-03-02,C,ok,ไม่พบสัญญาณผิดปกติเชิงสถิติ (ใช้น้ำตามพฤติกรรมปกติ),01:45,03:45,96.0,95.741,5.613,106.968,101.354,0.716,เพิ่มขึ้นเล็กน้อย,False,22.453,False,False,False,,False,0.0027,True,False,0,False,False,1.884,45.21,14,2026-10-05,57,False,1e-05,5.92857,,45.21,RESIDENTIAL,PVC,0.4727,False,2026-10-06 07:18:40
DM-15-09-05-01,DM-15-09-05-01,C,ok,ไม่พบสัญญาณผิดปกติเชิงสถิติ (ใช้น้ำตามพฤติกรรมปกติ),00:45,02:45,57.125,63.679,5.941,75.56,69.619,-0.716,ลดลงเล็กน้อย,False,23.762,False,False,False,,True,-0.1029,True,False,2,False,False,0.0,0.0,14,2026-10-05,96,True,1e-05,7.0,,0.0,RESIDENTIAL,PVC,0.5957,False,2026-10-06 07:18:40
DM-15-09-05-03,DM-15-09-05-03,C,ok,ไม่พบสัญญาณผิดปกติเชิงสถิติ (ใช้น้ำตามพฤติกรรมปกติ),02:15,04:15,24.125,27.902,1.427,30.756,29.329,0.179,เพิ่มขึ้นเล็กน้อย,False,5.708,False,False,False,,True,-0.1354,True,False,0,False,False,0.0,0.0,14,2026-10-05,96,True,5e-05,16.57143,,0.0,RESIDENTIAL,PVC,0.5978,False,2026-10-06 07:18:40
DM-15-09-06-01,DM-15-09-06-01,C,ok,ไม่พบสัญญาณผิดปกติเชิงสถิติ (ใช้น้ำตามพฤติกรรมปกติ),01:45,03:45,104.25,103.366,5.082,113.529,108.448,0.0,ทรงตัว,False,20.326,False,False,False,,False,0.0086,True,False,0,False,False,0.884,21.21,14,2026-10-05,57,False,0.0,0.0006,,21.21,RESIDENTIAL,PVC,0.5,False,2026-10-06 07:18:40
DM-15-09-07-01,DM-15-09-07-01,C,ok,ไม่พบสัญญาณผิดปกติเชิงสถิติ (ใช้น้ำตามพฤติกรรมปกติ),01:45,03:45,131.375,126.616,18.09,162.795,144.706,1.252,เพิ่มขึ้นเล็กน้อย,False,72.359,False,False,False,,False,0.0376,True,False,0,False,False,1.176,28.21,14,2026-10-05,96,True,0.0,0.1,,28.21,RESIDENTIAL,PVC,0.5319,False,2026-10-06 07:18:40
DM-16-02-01-01,DM-16-02-01-01,C,ok,ไม่พบสัญญาณผิดปกติเชิงสถิติ (ใช้น้ำตามพฤติกรรมปกติ),01:30,03:30,94.375,106.393,6.045,118.482,112.438,-0.988,ลดลงเล็กน้อย,False,24.179,False,False,False,,True,-0.113,True,False,0,False,False,0.0,0.0,14,2026-10-05,96,True,0.0,8.25,,0.0,RESIDENTIAL,PVC,0.4731,False,2026-10-06 07:18:40
DM-16-02-01-02,DM-16-02-01-02,C,ok,ไม่พบสัญญาณผิดปกติเชิงสถิติ (ใช้น้ำตามพฤติกรรมปกติ),00:30,02:30,69.875,73.938,6.828,87.593,80.765,-0.629,ลดลงเล็กน้อย,False,27.31,False,False,False,,True,-0.0549,True,False,0,False,False,0.0,0.0,14,2026-10-05,96,True,1e-05,10.96429,,0.0,RESIDENTIAL,PVC,0.5591,False,2026-10-06 07:18:40
DM-16-02-02-01,DM-16-02-02-01,C,ok,ไม่พบสัญญาณผิดปกติเชิงสถิติ (ใช้น้ำตามพฤติกรรมปกติ),02:45,04:45,39.75,38.339,2.161,42.662,40.5,1.347,เพิ่มขึ้นเล็กน้อย,False,8.645,False,False,False,,False,0.0368,True,False,1,True,False,0.661,15.86,14,2026-10-05,96,True,2e-05,0.04216,,15.86,RESIDENTIAL,PVC,0.5376,False,2026-10-06 07:18:40
DM-16-02-02-02,DM-16-02-02-02,C,ok,ไม่พบสัญญาณผิดปกติเชิงสถิติ (ใช้น้ำตามพฤติกรรมปกติ),01:30,03:30,29.0,29.143,3.373,35.889,32.516,1.082,เพิ่มขึ้นเล็กน้อย,False,13.493,False,False,False,,True,-0.0049,True,False,0,False,False,2.024,48.57,14,2026-10-05,96,True,5e-05,16.85714,,48.57,RESIDENTIAL,PVC,0.6277,False,2026-10-06 07:18:40
DM-16-02-03-02,DM-16-02-03-02,C,ok,ไม่พบสัญญาณผิดปกติเชิงสถิติ (ใช้น้ำตามพฤติกรรมปกติ),13:30,15:30,22.0,17.438,10.844,39.126,28.282,0.988,เพิ่มขึ้นเล็กน้อย,False,43.377,False,False,False,,False,0.2616,False,False,0,False,False,1.896,45.5,14,2026-10-05,96,True,6e-05,0.1,,45.5,RESIDENTIAL,PVC,0.4681,False,2026-10-06 07:18:40
DM-16-02-04-01,DM-16-02-04-01,C,ok,ไม่พบสัญญาณผิดปกติเชิงสถิติ (ใช้น้ำตามพฤติกรรมปกติ),02:00,04:00,124.125,129.616,6.625,142.867,136.241,1.073,เพิ่มขึ้นเล็กน้อย,False,26.502,False,False,False,,True,-0.0424,True,False,0,False,False,0.0,0.0,14,2026-10-05,96,True,0.0,16.35714,,0.0,RESIDENTIAL,PVC,0.5376,False,2026-10-06 07:18:40
DM-16-02-04-02,DM-16-02-04-02,C,ok,ไม่พบสัญญาณผิดปกติเชิงสถิติ (ใช้น้ำตามพฤติกรรมปกติ),01:45,03:45,97.875,99.312,7.334,113.981,106.647,0.0,ทรงตัว,False,29.337,False,False,False,,True,-0.0145,True,False,0,False,False,0.0,0.0,14,2026-10-05,96,True,1e-05,10.92857,,0.0,RESIDENTIAL,PVC,0.5806,False,2026-10-06 07:18:40
DM-16-02-05-01,DM-16-02-05-01,C,ok,ไม่พบสัญญาณผิดปกติเชิงสถิติ (ใช้น้ำตามพฤติกรรมปกติ),01:00,03:00,44.25,42.438,2.671,47.779,45.108,0.999,เพิ่มขึ้นเล็กน้อย,False,10.683,False,False,False,,False,0.0427,True,False,1,False,False,0.479,11.5,14,2026-10-05,96,True,3e-05,2.77634,,11.5,RESIDENTIAL,PVC,0.5426,False,2026-10-06 07:18:40
DM-16-02-06-01,DM-16-02-06-01,C,ok,ไม่พบสัญญาณผิดปกติเชิงสถิติ (ใช้น้ำตามพฤติกรรมปกติ),01:45,03:45,31.375,34.0,2.576,39.152,36.576,-0.894,ลดลงเล็กน้อย,False,10.304,False,False,False,,True,-0.0772,True,False,0,False,False,0.0,0.0,14,2026-10-05,96,True,4e-05,1.05562,,0.0,RESIDENTIAL,PVC,0.6237,False,2026-10-06 07:18:40
DM-16-03-02-02,DM-16-03-02-02,C,ok,MNF ล่าสุด (68.0 m³/hr) / ส่วนเกินเฉลี่ย 3 วัน (-11.8 m³/hr) กลับมาที่ระดับค่าเฉลี่ยฐาน (79.7 m³/hr) แล้ว — ไม่มีน้ำสูญเสียส่วนเกินเหลืออยู่ ถือว่าเหตุการณ์จบ/ซ่อมเสร็จแล้ว จึงไม่ขึ้นเตือน,00:15,02:15,68.0,79.661,22.833,125.328,102.494,-2.344,ลดลงชัดเจน,True,91.334,False,False,False,,True,-0.1464,True,False,0,False,False,0.0,0.0,14,2026-10-05,96,True,2e-05,25.67857,,0.0,RESIDENTIAL,PVC,0.5109,False,2026-10-06 07:18:40
DM-16-03-03-01,DM-16-03-03-01,C,ok,MNF ล่าสุด (19.2 m³/hr) / ส่วนเกินเฉลี่ย 3 วัน (-0.7 m³/hr) กลับมาที่ระดับค่าเฉลี่ยฐาน (21.6 m³/hr) แล้ว — ไม่มีน้ำสูญเสียส่วนเกินเหลืออยู่ ถือว่าเหตุการณ์จบ/ซ่อมเสร็จแล้ว จึงไม่ขึ้นเตือน,02:30,04:30,19.25,21.598,1.456,24.509,23.054,1.082,เพิ่มขึ้นเล็กน้อย,False,5.822,True,False,True,5.0,True,-0.1087,True,False,0,False,False,0.0,0.0,14,2026-10-05,96,True,0.00016,16.57143,,0.0,RESIDENTIAL,PVC,0.5161,False,2026-10-06 07:18:40
DM-16-03-05-01,DM-16-03-05-01,C,ok,ไม่พบสัญญาณผิดปกติเชิงสถิติ (ใช้น้ำตามพฤติกรรมปกติ),02:30,04:30,80.625,84.036,6.768,97.571,90.803,-1.073,ลดลงเล็กน้อย,False,27.071,False,False,False,,True,-0.0406,True,False,1,True,False,0.0,0.0,14,2026-10-05,96,True,1e-05,0.1,,0.0,RESIDENTIAL,PVC,0.5638,False,2026-10-06 07:18:40
DM-16-03-05-02,DM-16-03-05-02,C,ok,มีสัญญาณเชิงสถิติ แต่ส่วนเกิน MNF อยู่แค่ 0.7 m³/hr (1.5% ของค่าเฉลี่ยฐาน 46.3 m³/hr) ต่ำกว่าเกณฑ์ปริมาณขั้นต่ำที่ตั้งไว้ (20%) — ยังไม่คุ้มส่งตรวจ เฝ้าดูต่อ,00:00,02:00,47.0,46.312,5.069,56.451,51.382,-0.179,ลดลงเล็กน้อย,False,20.277,False,False,False,,False,0.0148,True,True,14,False,False,3.896,93.5,14,2026-10-05,96,True,1e-05,0.06817,,93.5,RESIDENTIAL,PVC,0.3804,False,2026-10-06 07:18:40
DM-16-03-08-01,DM-16-03-08-01,C,ok,ไม่พบสัญญาณผิดปกติเชิงสถิติ (ใช้น้ำตามพฤติกรรมปกติ),02:00,04:00,71.625,69.759,4.06,77.879,73.819,1.073,เพิ่มขึ้นเล็กน้อย,False,16.241,False,False,False,,False,0.0268,True,False,1,False,False,2.824,67.79,14,2026-10-05,96,True,1e-05,1.35274,,67.79,RESIDENTIAL,PVC,0.5699,False,2026-10-06 07:18:40
DM-16-04-01-01,DM-16-04-01-01,C,ok,มีสัญญาณเชิงสถิติ แต่ส่วนเกิน MNF อยู่แค่ 7.4 m³/hr (14.5% ของค่าเฉลี่ยฐาน 51.3 m³/hr) ต่ำกว่าเกณฑ์ปริมาณขั้นต่ำที่ตั้งไว้ (20%) — ยังไม่คุ้มส่งตรวจ เฝ้าดูต่อ,01:45,03:45,58.75,51.312,4.432,60.177,55.745,-0.537,ลดลงเล็กน้อย,False,17.729,True,False,True,7.0,False,0.1449,True,True,9,True,False,6.146,147.5,14,2026-10-05,96,True,2e-05,0.00396,,147.5,RESIDENTIAL,PVC,0.5484,False,2026-10-06 07:18:40
DM-16-04-02-01,DM-16-04-02-01,C,ok,มีสัญญาณเชิงสถิติ แต่ส่วนเกิน MNF อยู่แค่ 2.8 m³/hr (8.2% ของค่าเฉลี่ยฐาน 34.7 m³/hr) ต่ำกว่าเกณฑ์ปริมาณขั้นต่ำที่ตั้งไว้ (20%) — ยังไม่คุ้มส่งตรวจ เฝ้าดูต่อ,02:15,04:15,37.5,34.652,2.642,39.936,37.294,0.09,เพิ่มขึ้นเล็กน้อย,False,10.568,True,True,False,8.0,False,0.0822,True,False,1,False,False,3.307,79.36,14,2026-10-05,96,True,4e-05,0.1,,79.36,RESIDENTIAL,PVC,0.5319,False,2026-10-06 07:18:40
DM-16-04-03-01,DM-16-04-03-01,C,ok,ไม่พบสัญญาณผิดปกติเชิงสถิติ (ใช้น้ำตามพฤติกรรมปกติ),02:15,04:15,52.625,48.679,6.009,60.697,54.688,0.894,เพิ่มขึ้นเล็กน้อย,False,24.037,False,False,False,,True,0.0811,True,False,0,False,False,0.0,0.0,14,2026-10-05,96,True,3e-05,0.11234,,0.0,RESIDENTIAL,PVC,0.5213,False,2026-10-06 07:18:40
DM-16-04-03-02,DM-16-04-03-02,C,ok,MNF ล่าสุด (48.6 m³/hr) / ส่วนเกินเฉลี่ย 3 วัน (-5.1 m³/hr) กลับมาที่ระดับค่าเฉลี่ยฐาน (52.6 m³/hr) แล้ว — ไม่มีน้ำสูญเสียส่วนเกินเหลืออยู่ ถือว่าเหตุการณ์จบ/ซ่อมเสร็จแล้ว จึงไม่ขึ้นเตือน,02:00,04:00,48.625,52.571,2.037,56.646,54.609,0.179,เพิ่มขึ้นเล็กน้อย,False,8.15,True,False,True,2.0,True,-0.0751,True,False,7,True,False,0.0,0.0,14,2026-10-05,96,True,3e-05,0.1,,0.0,RESIDENTIAL,PVC,0.4946,False,2026-10-06 07:18:40
DM-16-04-05-01,DM-16-04-05-01,C,ok,MNF ล่าสุด (0.0 m³/hr) / ส่วนเกินเฉลี่ย 3 วัน (-116.7 m³/hr) กลับมาที่ระดับค่าเฉลี่ยฐาน (116.7 m³/hr) แล้ว — ไม่มีน้ำสูญเสียส่วนเกินเหลืออยู่ ถือว่าเหตุการณ์จบ/ซ่อมเสร็จแล้ว จึงไม่ขึ้นเตือน,02:00,04:00,0.0,116.732,4.129,124.991,120.861,-1.298,ลดลงเล็กน้อย,False,16.517,True,False,True,1.0,True,-1.0,True,False,0,False,False,0.0,0.0,14,2026-10-05,96,True,0.00201,32.60714,,0.0,RESIDENTIAL,PVC,0.2473,False,2026-10-06 07:18:40
DM-16-04-05-02,DM-16-04-05-02,C,ok,มีสัญญาณเชิงสถิติ แต่ส่วนเกิน MNF อยู่แค่ 1.9 m³/hr (2.9% ของค่าเฉลี่ยฐาน 64.0 m³/hr) ต่ำกว่าเกณฑ์ปริมาณขั้นต่ำที่ตั้งไว้ (20%) — ยังไม่คุ้มส่งตรวจ เฝ้าดูต่อ,02:30,04:30,65.875,64.009,3.651,71.311,67.66,2.147,เพิ่มขึ้นชัดเจน,True,14.604,False,False,False,,False,0.0292,True,False,1,True,False,0.533,12.79,14,2026-10-05,96,True,1e-05,0.1,,12.79,RESIDENTIAL,PVC,0.5532,False,2026-10-06 07:18:40
DM-16-04-06-01,DM-16-04-06-01,C,ok,ไม่พบสัญญาณผิดปกติเชิงสถิติ (ใช้น้ำตามพฤติกรรมปกติ),22:00,00:00,192.125,204.804,12.124,229.052,216.928,1.431,เพิ่มขึ้นเล็กน้อย,False,48.497,False,False,False,,True,-0.0619,True,False,0,False,False,0.0,0.0,14,2026-10-05,96,True,1e-05,77.28571,,0.0,RESIDENTIAL,PVC,0.4516,False,2026-10-06 07:18:40
DM-16-04-07-01,DM-16-04-07-01,C,ok,MNF ล่าสุด (17.0 m³/hr) / ส่วนเกินเฉลี่ย 3 วัน (-0.7 m³/hr) กลับมาที่ระดับค่าเฉลี่ยฐาน (18.6 m³/hr) แล้ว — ไม่มีน้ำสูญเสียส่วนเกินเหลืออยู่ ถือว่าเหตุการณ์จบ/ซ่อมเสร็จแล้ว จึงไม่ขึ้นเตือน,02:00,04:00,17.0,18.643,1.35,21.343,19.993,-3.066,ลดลงชัดเจน,True,5.401,True,True,True,5.0,True,-0.0881,True,False,2,False,False,0.0,0.0,14,2026-10-05,96,True,0.00012,15.78571,,0.0,RESIDENTIAL,PVC,0.5217,False,2026-10-06 07:18:40
DM-16-05-01-01,DM-16-05-01-01,C,ok,ไม่พบสัญญาณผิดปกติเชิงสถิติ (ใช้น้ำตามพฤติกรรมปกติ),02:15,04:15,87.25,98.42,12.714,123.847,111.133,0.894,เพิ่มขึ้นเล็กน้อย,False,50.855,False,False,False,,True,-0.1135,True,False,2,True,False,0.0,0.0,14,2026-10-05,96,True,1e-05,0.1,,0.0,RESIDENTIAL,PVC,0.4468,False,2026-10-06 07:18:40
DM-16-05-02-02,DM-16-05-02-02,C,ok,ไม่พบสัญญาณผิดปกติเชิงสถิติ (ใช้น้ำตามพฤติกรรมปกติ),23:30,01:30,71.375,76.723,6.545,89.812,83.268,0.179,เพิ่มขึ้นเล็กน้อย,False,26.178,False,False,False,,True,-0.0697,True,False,1,True,False,0.0,0.0,14,2026-10-05,96,True,2e-05,0.1,,0.0,RESIDENTIAL,PVC,0.4516,False,2026-10-06 07:18:40
DM-16-05-04-01,DM-16-05-04-01,C,ok,มีสัญญาณเชิงสถิติ แต่ส่วนเกิน MNF อยู่แค่ 12.7 m³/hr (8.7% ของค่าเฉลี่ยฐาน 146.3 m³/hr) ต่ำกว่าเกณฑ์ปริมาณขั้นต่ำที่ตั้งไว้ (20%) — ยังไม่คุ้มส่งตรวจ เฝ้าดูต่อ,02:00,04:00,159.0,146.321,5.781,157.883,152.102,1.252,เพิ่มขึ้นเล็กน้อย,False,23.123,True,True,True,4.0,False,0.0866,True,False,1,True,False,8.762,210.29,14,2026-10-05,96,True,0.0,0.00826,,210.29,RESIDENTIAL,PVC,0.5495,False,2026-10-06 07:18:40
DM-16-05-05-01,DM-16-05-05-01,C,ok,ไม่พบสัญญาณผิดปกติเชิงสถิติ (ใช้น้ำตามพฤติกรรมปกติ),01:45,03:45,38.875,41.804,1.929,45.661,43.732,0.0,ทรงตัว,False,7.715,False,False,False,,True,-0.0701,True,False,0,False,False,0.0,0.0,14,2026-10-05,96,True,3e-05,9.96429,,0.0,RESIDENTIAL,PVC,0.5851,False,2026-10-06 07:18:40
DM-16-06-01-01,DM-16-06-01-01,C,ok,มีสัญญาณเชิงสถิติ แต่ส่วนเกิน MNF อยู่แค่ 1.8 m³/hr (6.4% ของค่าเฉลี่ยฐาน 28.9 m³/hr) ต่ำกว่าเกณฑ์ปริมาณขั้นต่ำที่ตั้งไว้ (20%) — ยังไม่คุ้มส่งตรวจ เฝ้าดูต่อ,00:45,02:45,30.75,28.911,2.508,33.927,31.419,1.886,เพิ่มขึ้นชัดเจน,True,10.033,False,False,False,,False,0.0636,True,False,0,False,False,2.673,64.14,14,2026-10-05,57,False,0.0,0.00306,,64.14,RESIDENTIAL,PVC,0.5192,False,2026-10-06 07:18:40
DM-16-06-02-01,DM-16-06-02-01,B,watch,Mann-Kendall ยืนยันแนวโน้มขึ้นต่อเนื่อง,01:45,03:45,86.25,68.884,3.078,75.039,71.962,1.789,เพิ่มขึ้นชัดเจน,True,12.311,True,False,True,3.0,False,0.2521,False,False,7,False,False,11.366,272.79,14,2026-10-05,96,True,0.0,5.53571,ไกลจาก RTU (> 2 กม. โดยประมาณ),272.79,RESIDENTIAL,PVC,0.5426,False,2026-10-06 07:18:40
DM-16-06-03-01,DM-16-06-03-01,C,ok,ไม่พบสัญญาณผิดปกติเชิงสถิติ (ใช้น้ำตามพฤติกรรมปกติ),01:45,03:45,62.375,58.723,3.884,66.492,62.607,0.894,เพิ่มขึ้นเล็กน้อย,False,15.537,False,False,False,,False,0.0622,True,False,0,False,False,1.568,37.64,14,2026-10-05,96,True,2e-05,2.95048,,37.64,RESIDENTIAL,PVC,0.617,False,2026-10-06 07:18:40
DM-16-06-04-01,DM-16-06-04-01,C,ok,ไม่พบสัญญาณผิดปกติเชิงสถิติ (ใช้น้ำตามพฤติกรรมปกติ),02:15,04:15,45.75,38.375,3.336,45.047,41.711,1.527,เพิ่มขึ้นเล็กน้อย,False,13.343,False,False,False,,False,0.1922,True,False,6,True,False,3.75,90.0,14,2026-10-05,96,True,4e-05,0.1,,90.0,RESIDENTIAL,PVC,0.5532,False,2026-10-06 07:18:40
DM-16-06-05-01,DM-16-06-05-01,C,ok,ไม่พบสัญญาณผิดปกติเชิงสถิติ (ใช้น้ำตามพฤติกรรมปกติ),02:00,04:00,71.875,70.393,3.568,77.529,73.961,-1.082,ลดลงเล็กน้อย,False,14.271,False,False,False,,False,0.0211,True,False,1,False,False,0.69,16.57,14,2026-10-05,96,True,2e-05,0.28155,,16.57,RESIDENTIAL,PVC,0.6489,False,2026-10-06 07:18:40
DM-16-06-05-02,DM-16-06-05-02,B,watch,Flow สูงกว่าเกณฑ์ต่อเนื่อง 25 intervals พร้อมแรงดันตก แต่ไม่ใช่การเปลี่ยนแปลงฉับพลันใน 1-2 วัน (น่าจะเป็นรั่วที่ดำเนินมาระยะหนึ่งแล้วและขยายจนคงที่) — ควรตรวจสอบโดยเร็วแต่ไม่ใช่เหตุฉุกเฉินแบบท่อแตกใหม่,02:00,04:00,334.125,223.054,20.852,264.757,243.905,1.968,เพิ่มขึ้นชัดเจน,True,83.406,True,False,True,3.0,False,0.498,False,True,25,True,False,98.196,2356.71,14,2026-10-05,57,False,0.0,5e-05,ใกล้กับ RTU (< 2 กม. โดยประมาณ),2356.71,RESIDENTIAL,PVC,0.2909,False,2026-10-06 07:18:40
DM-16-07-01-01,DM-16-07-01-01,C,ok,ไม่พบสัญญาณผิดปกติเชิงสถิติ (ใช้น้ำตามพฤติกรรมปกติ),01:30,03:30,115.875,115.562,8.825,133.212,124.387,1.61,เพิ่มขึ้นเล็กน้อย,False,35.299,False,False,False,,True,0.0027,True,False,6,True,False,0.0,0.0,14,2026-10-05,96,True,0.0,0.1,,0.0,RESIDENTIAL,PVC,0.5106,False,2026-10-06 07:18:40
DM-16-07-02-01,DM-16-07-02-01,C,ok,มีสัญญาณเชิงสถิติ แต่ส่วนเกิน MNF อยู่แค่ 8.0 m³/hr (5.4% ของค่าเฉลี่ยฐาน 146.3 m³/hr) ต่ำกว่าเกณฑ์ปริมาณขั้นต่ำที่ตั้งไว้ (20%) — ยังไม่คุ้มส่งตรวจ เฝ้าดูต่อ,02:30,04:30,154.25,146.295,7.18,160.655,153.475,1.968,เพิ่มขึ้นชัดเจน,True,28.72,False,False,False,,False,0.0544,True,False,4,True,False,7.705,184.93,14,2026-10-05,96,True,0.0,0.00145,,184.93,RESIDENTIAL,PVC,0.5217,False,2026-10-06 07:18:40
DM-16-07-03-01,DM-16-07-03-01,C,ok,ไม่พบสัญญาณผิดปกติเชิงสถิติ (ใช้น้ำตามพฤติกรรมปกติ),02:30,04:30,145.625,152.75,8.47,169.69,161.22,0.0,ทรงตัว,False,33.88,False,False,False,,True,-0.0466,True,False,0,False,False,0.0,0.0,14,2026-10-05,96,True,0.0,0.1,,0.0,RESIDENTIAL,PVC,0.5054,False,2026-10-06 07:18:40
DM-16-07-04-01,DM-16-07-04-01,C,ok,MNF ล่าสุด (21.0 m³/hr) / ส่วนเกินเฉลี่ย 3 วัน (-2.7 m³/hr) กลับมาที่ระดับค่าเฉลี่ยฐาน (21.0 m³/hr) แล้ว — ไม่มีน้ำสูญเสียส่วนเกินเหลืออยู่ ถือว่าเหตุการณ์จบ/ซ่อมเสร็จแล้ว จึงไม่ขึ้นเตือน,01:00,03:00,21.0,21.018,2.399,25.816,23.417,-0.894,ลดลงเล็กน้อย,False,9.597,True,False,True,2.0,True,-0.0008,True,False,0,False,False,0.0,0.0,14,2026-10-05,96,True,0.0,0.1,,0.0,RESIDENTIAL,PVC,0.4839,False,2026-10-06 07:18:40
DM-16-07-06-02,DM-16-07-06-02,C,ok,มีสัญญาณเชิงสถิติ แต่ส่วนเกิน MNF อยู่แค่ 2.3 m³/hr (2.5% ของค่าเฉลี่ยฐาน 91.2 m³/hr) ต่ำกว่าเกณฑ์ปริมาณขั้นต่ำที่ตั้งไว้ (20%) — ยังไม่คุ้มส่งตรวจ เฝ้าดูต่อ,02:00,04:00,93.5,91.223,4.882,100.988,96.106,-0.629,ลดลงเล็กน้อย,False,19.529,True,False,True,1.0,False,0.025,True,False,1,False,False,0.068,1.64,14,2026-10-05,96,True,1e-05,0.1,,1.64,RESIDENTIAL,PVC,0.5106,False,2026-10-06 07:18:40
DM-16-07-07-01,DM-16-07-07-01,C,ok,มีสัญญาณเชิงสถิติ แต่ส่วนเกิน MNF อยู่แค่ 2.3 m³/hr (4.5% ของค่าเฉลี่ยฐาน 51.9 m³/hr) ต่ำกว่าเกณฑ์ปริมาณขั้นต่ำที่ตั้งไว้ (20%) — ยังไม่คุ้มส่งตรวจ เฝ้าดูต่อ,01:30,03:30,54.25,51.929,3.597,59.122,55.525,2.784,เพิ่มขึ้นชัดเจน,True,14.387,True,True,True,1.0,False,0.0447,True,False,4,False,False,8.363,200.71,14,2026-10-05,96,True,3e-05,3.17857,,200.71,RESIDENTIAL,PVC,0.5543,False,2026-10-06 07:18:40
DM-16-07-07-02,DM-16-07-07-02,C,ok,MNF ล่าสุด (83.4 m³/hr) / ส่วนเกินเฉลี่ย 3 วัน (-5.8 m³/hr) กลับมาที่ระดับค่าเฉลี่ยฐาน (86.1 m³/hr) แล้ว — ไม่มีน้ำสูญเสียส่วนเกินเหลืออยู่ ถือว่าเหตุการณ์จบ/ซ่อมเสร็จแล้ว จึงไม่ขึ้นเตือน,01:00,03:00,83.375,86.098,7.523,101.145,93.621,-0.537,ลดลงเล็กน้อย,False,30.093,True,False,True,1.0,True,-0.0316,True,False,1,False,False,0.0,0.0,14,2026-10-05,96,True,1e-05,14.60714,,0.0,RESIDENTIAL,PVC,0.6277,False,2026-10-06 07:18:40
DM-16-07-08-01,DM-16-07-08-01,C,ok,ไม่พบสัญญาณผิดปกติเชิงสถิติ (ใช้น้ำตามพฤติกรรมปกติ),01:45,03:45,54.0,52.286,2.288,56.861,54.573,-0.18,ลดลงเล็กน้อย,False,9.15,False,False,False,,False,0.0328,True,False,1,False,False,1.423,34.14,14,2026-10-05,96,True,2e-05,0.14587,,34.14,RESIDENTIAL,PVC,0.5055,False,2026-10-06 07:18:40
DM-16-07-09-01,DM-16-07-09-01,C,ok,MNF ล่าสุด (81.4 m³/hr) / ส่วนเกินเฉลี่ย 3 วัน (-2.1 m³/hr) กลับมาที่ระดับค่าเฉลี่ยฐาน (84.7 m³/hr) แล้ว — ไม่มีน้ำสูญเสียส่วนเกินเหลืออยู่ ถือว่าเหตุการณ์จบ/ซ่อมเสร็จแล้ว จึงไม่ขึ้นเตือน,00:15,02:15,81.375,84.714,5.368,95.451,90.083,-0.358,ลดลงเล็กน้อย,False,21.473,True,False,True,1.0,True,-0.0394,True,False,0,False,False,0.0,0.0,14,2026-10-05,96,True,1e-05,16.17857,,0.0,RESIDENTIAL,PVC,0.4787,False,2026-10-06 07:18:40
DM-16-08-01-01,DM-16-08-01-01,C,ok,มีสัญญาณเชิงสถิติ แต่ส่วนเกิน MNF อยู่แค่ 4.7 m³/hr (5.1% ของค่าเฉลี่ยฐาน 91.5 m³/hr) ต่ำกว่าเกณฑ์ปริมาณขั้นต่ำที่ตั้งไว้ (20%) — ยังไม่คุ้มส่งตรวจ เฝ้าดูต่อ,02:15,04:15,96.25,91.545,9.951,111.446,101.495,-2.326,ลดลงชัดเจน,True,39.802,True,False,True,3.0,False,0.0514,True,False,0,False,False,4.747,113.93,14,2026-10-05,96,True,1e-05,8.93222,,113.93,RESIDENTIAL,PVC,0.6277,False,2026-10-06 07:18:40
DM-16-08-03-01,DM-16-08-03-01,C,ok,มีสัญญาณเชิงสถิติ แต่ส่วนเกิน MNF อยู่แค่ 7.9 m³/hr (10.6% ของค่าเฉลี่ยฐาน 74.0 m³/hr) ต่ำกว่าเกณฑ์ปริมาณขั้นต่ำที่ตั้งไว้ (20%) — ยังไม่คุ้มส่งตรวจ เฝ้าดูต่อ,01:45,03:45,81.875,74.009,10.401,94.81,84.41,-2.065,ลดลงชัดเจน,True,41.602,True,False,False,8.0,False,0.1063,True,False,0,False,False,8.491,203.79,14,2026-10-05,96,True,1e-05,0.00292,,203.79,RESIDENTIAL,PVC,0.5269,False,2026-10-06 07:18:40
DM-16-08-04-02,DM-16-08-04-02,C,ok,ไม่พบสัญญาณผิดปกติเชิงสถิติ (ใช้น้ำตามพฤติกรรมปกติ),01:30,03:30,61.875,61.312,10.474,82.261,71.787,0.0,ทรงตัว,False,41.897,False,False,False,,True,0.0092,True,False,0,False,False,0.0,0.0,14,2026-10-05,96,True,0.0,0.00042,,0.0,RESIDENTIAL,PVC,0.5319,False,2026-10-06 07:18:40
DM-17-01-02-01,DM-17-01-02-01,A,alert,Flow สูงกว่าเกณฑ์ต่อเนื่อง 20 intervals + CUSUM ขยับฐานฉับพลันและเพิ่งตัดเกณฑ์ใน 7 วันล่าสุด,01:30,03:30,129.25,79.804,9.307,98.418,89.111,1.431,เพิ่มขึ้นเล็กน้อย,False,37.228,True,True,True,5.0,False,0.6196,False,True,20,False,False,17.321,415.71,14,2026-10-05,96,True,0.0,0.0745,ไกลจาก RTU (> 2 กม. โดยประมาณ),415.71,RESIDENTIAL,PVC,0.4681,False,2026-10-06 07:18:40
DM-17-01-02-02,DM-17-01-02-02,C,ok,มีสัญญาณเชิงสถิติ แต่ส่วนเกิน MNF อยู่แค่ 3.9 m³/hr (3.3% ของค่าเฉลี่ยฐาน 117.3 m³/hr) ต่ำกว่าเกณฑ์ปริมาณขั้นต่ำที่ตั้งไว้ (20%) — ยังไม่คุ้มส่งตรวจ เฝ้าดูต่อ,22:45,00:45,121.25,117.33,4.872,127.075,122.203,2.326,เพิ่มขึ้นชัดเจน,True,19.489,False,False,False,,False,0.0334,True,False,2,False,False,1.378,33.07,14,2026-10-05,96,True,0.0,0.03051,,33.07,RESIDENTIAL,PVC,0.5638,False,2026-10-06 07:18:40
DM-17-01-03-01,DM-17-01-03-01,C,ok,มีสัญญาณเชิงสถิติ แต่ส่วนเกิน MNF อยู่แค่ 20.4 m³/hr (19.0% ของค่าเฉลี่ยฐาน 107.2 m³/hr) ต่ำกว่าเกณฑ์ปริมาณขั้นต่ำที่ตั้งไว้ (20%) — ยังไม่คุ้มส่งตรวจ เฝ้าดูต่อ,01:30,03:30,127.625,107.223,4.304,115.831,111.527,0.179,เพิ่มขึ้นเล็กน้อย,False,17.215,True,True,True,2.0,False,0.1903,True,True,9,False,False,8.443,202.64,14,2026-10-05,96,True,0.0,0.00063,,202.64,RESIDENTIAL,PVC,0.6383,False,2026-10-06 07:18:40
DM-17-01-04-01,DM-17-01-04-01,A,alert,Flow สูงกว่าเกณฑ์ต่อเนื่อง 18 intervals + CUSUM ขยับฐานฉับพลันและเพิ่งตัดเกณฑ์ใน 7 วันล่าสุด,02:00,04:00,127.625,94.08,5.373,104.827,99.454,0.988,เพิ่มขึ้นเล็กน้อย,False,21.493,True,True,True,3.0,False,0.3566,False,True,18,False,False,15.711,377.07,14,2026-10-05,96,True,0.0,0.00028,ใกล้กับ RTU (< 2 กม. โดยประมาณ),377.07,RESIDENTIAL,PVC,0.5745,False,2026-10-06 07:18:40
DM-17-01-05-01,DM-17-01-05-01,C,ok,ไม่พบสัญญาณผิดปกติเชิงสถิติ (ใช้น้ำตามพฤติกรรมปกติ),01:30,03:30,105.5,106.866,5.456,117.779,112.322,0.449,เพิ่มขึ้นเล็กน้อย,False,21.825,False,False,False,,True,-0.0128,True,False,4,False,False,0.0,0.0,14,2026-10-05,96,True,0.0,0.1,,0.0,RESIDENTIAL,PVC,0.5699,False,2026-10-06 07:18:40
DM-17-01-05-02,DM-17-01-05-02,C,ok,ไม่พบสัญญาณผิดปกติเชิงสถิติ (ใช้น้ำตามพฤติกรรมปกติ),01:30,03:30,63.75,46.375,4.828,56.031,51.203,0.269,เพิ่มขึ้นเล็กน้อย,False,19.311,False,False,False,,False,0.3747,False,True,21,False,False,7.833,188.0,14,2026-10-05,96,True,0.0,0.00084,,188.0,RESIDENTIAL,PVC,0.5914,False,2026-10-06 07:18:40
DM-17-01-06-01,DM-17-01-06-01,C,ok,มีสัญญาณเชิงสถิติ แต่ส่วนเกิน MNF อยู่แค่ 1.5 m³/hr (3.3% ของค่าเฉลี่ยฐาน 46.5 m³/hr) ต่ำกว่าเกณฑ์ปริมาณขั้นต่ำที่ตั้งไว้ (20%) — ยังไม่คุ้มส่งตรวจ เฝ้าดูต่อ,02:45,04:45,48.0,46.482,6.423,59.328,52.905,-0.269,ลดลงเล็กน้อย,False,25.692,False,False,False,,False,0.0327,True,True,8,True,False,0.726,17.43,14,2026-10-05,96,True,0.0,0.00032,,17.43,RESIDENTIAL,PVC,0.6064,False,2026-10-06 07:18:40
DM-17-01-07-02,DM-17-01-07-02,C,ok,ไม่พบสัญญาณผิดปกติเชิงสถิติ (ใช้น้ำตามพฤติกรรมปกติ),01:00,03:00,150.875,154.366,9.603,173.573,163.969,-0.358,ลดลงเล็กน้อย,False,38.413,False,False,False,,True,-0.0226,True,False,1,True,False,0.0,0.0,14,2026-10-05,96,True,0.0,0.1,,0.0,RESIDENTIAL,PVC,0.7128,False,2026-10-06 07:18:40
DM-17-01-08-01,DM-17-01-08-01,C,ok,ไม่พบสัญญาณผิดปกติเชิงสถิติ (ใช้น้ำตามพฤติกรรมปกติ),01:00,03:00,5.0,13.348,12.565,38.479,25.914,-1.073,ลดลงเล็กน้อย,False,50.262,False,False,False,,True,-0.6254,True,False,6,True,False,0.0,0.0,14,2026-10-05,96,True,6e-05,0.1,,0.0,RESIDENTIAL,PVC,0.5,False,2026-10-06 07:18:40
DM-17-01-08-02,DM-17-01-08-02,C,ok,ไม่พบสัญญาณผิดปกติเชิงสถิติ (ใช้น้ำตามพฤติกรรมปกติ),02:00,04:00,27.5,51.17,18.278,87.726,69.448,-1.073,ลดลงเล็กน้อย,False,73.113,False,False,False,,True,-0.4626,True,False,2,False,False,0.0,0.0,14,2026-10-05,96,True,0.0,0.1,,0.0,RESIDENTIAL,PVC,0.5319,False,2026-10-06 07:18:40
DM-17-01-08-03,DM-17-01-08-03,B,watch,Flow สูงกว่าเกณฑ์ต่อเนื่อง 11 intervals พร้อมแรงดันตก แต่ไม่ใช่การเปลี่ยนแปลงฉับพลันใน 1-2 วัน (น่าจะเป็นรั่วที่ดำเนินมาระยะหนึ่งแล้วและขยายจนคงที่) — ควรตรวจสอบโดยเร็วแต่ไม่ใช่เหตุฉุกเฉินแบบท่อแตกใหม่,00:45,02:45,42.75,30.5,6.516,43.532,37.016,-0.358,ลดลงเล็กน้อย,False,26.064,False,False,False,,False,0.4016,False,True,11,True,False,3.292,79.0,14,2026-10-05,96,True,4e-05,0.00752,ไกลจาก RTU (> 2 กม. โดยประมาณ),79.0,RESIDENTIAL,PVC,0.5376,False,2026-10-06 07:18:40
DM-17-01-09-01,DM-17-01-09-01,C,ok,มีสัญญาณเชิงสถิติ แต่ส่วนเกิน MNF อยู่แค่ 27.6 m³/hr (13.0% ของค่าเฉลี่ยฐาน 212.3 m³/hr) ต่ำกว่าเกณฑ์ปริมาณขั้นต่ำที่ตั้งไว้ (20%) — ยังไม่คุ้มส่งตรวจ เฝ้าดูต่อ,02:00,04:00,239.875,212.259,5.528,223.316,217.787,0.537,เพิ่มขึ้นเล็กน้อย,False,22.114,True,True,True,2.0,False,0.1301,True,True,15,False,False,12.033,288.79,14,2026-10-05,96,True,0.0,0.0801,,288.79,RESIDENTIAL,PVC,0.4468,False,2026-10-06 07:18:40
DM-17-01-10-01,DM-17-01-10-01,B,watch,Flow สูงกว่าเกณฑ์ต่อเนื่อง 33 intervals พร้อมแรงดันตก แต่ไม่ใช่การเปลี่ยนแปลงฉับพลันใน 1-2 วัน (น่าจะเป็นรั่วที่ดำเนินมาระยะหนึ่งแล้วและขยายจนคงที่) — ควรตรวจสอบโดยเร็วแต่ไม่ใช่เหตุฉุกเฉินแบบท่อแตกใหม่,01:15,03:15,143.125,76.848,4.775,86.398,81.623,0.0,ทรงตัว,False,19.1,True,False,True,3.0,False,0.8624,False,True,33,True,False,53.818,1291.64,14,2026-10-05,96,True,1e-05,7e-05,ใกล้กับ RTU (< 2 กม. โดยประมาณ),1291.64,RESIDENTIAL,PVC,0.4894,False,2026-10-06 07:18:40
DM-17-01-10-02,DM-17-01-10-02,B,watch,Flow สูงกว่าเกณฑ์ต่อเนื่อง 19 intervals พร้อมแรงดันตก แต่ไม่ใช่การเปลี่ยนแปลงฉับพลันใน 1-2 วัน (น่าจะเป็นรั่วที่ดำเนินมาระยะหนึ่งแล้วและขยายจนคงที่) — ควรตรวจสอบโดยเร็วแต่ไม่ใช่เหตุฉุกเฉินแบบท่อแตกใหม่,02:00,04:00,66.5,32.804,4.569,41.942,37.373,0.272,เพิ่มขึ้นเล็กน้อย,False,18.277,True,False,True,6.0,False,1.0272,False,True,19,True,False,21.238,509.71,14,2026-10-05,96,True,4e-05,0.05835,ไกลจาก RTU (> 2 กม. โดยประมาณ),509.71,RESIDENTIAL,PVC,0.6237,False,2026-10-06 07:18:40
DM-17-01-11-01,DM-17-01-11-01,C,ok,MNF ล่าสุด (0.8 m³/hr) / ส่วนเกินเฉลี่ย 3 วัน (-64.2 m³/hr) กลับมาที่ระดับค่าเฉลี่ยฐาน (64.4 m³/hr) แล้ว — ไม่มีน้ำสูญเสียส่วนเกินเหลืออยู่ ถือว่าเหตุการณ์จบ/ซ่อมเสร็จแล้ว จึงไม่ขึ้นเตือน,00:00,02:00,0.75,64.411,12.262,88.935,76.673,-2.225,ลดลงชัดเจน,True,49.048,False,False,False,,True,-0.9884,True,False,1,True,False,0.0,0.0,14,2026-10-05,96,True,1e-05,0.1,,0.0,RESIDENTIAL,PVC,0.5,False,2026-10-06 07:18:40
DM-17-02-02-01,DM-17-02-02-01,C,ok,มีสัญญาณเชิงสถิติ แต่ส่วนเกิน MNF อยู่แค่ 18.7 m³/hr (11.7% ของค่าเฉลี่ยฐาน 159.6 m³/hr) ต่ำกว่าเกณฑ์ปริมาณขั้นต่ำที่ตั้งไว้ (20%) — ยังไม่คุ้มส่งตรวจ เฝ้าดูต่อ,02:30,04:30,178.25,159.598,7.775,175.148,167.373,1.61,เพิ่มขึ้นเล็กน้อย,False,31.1,True,True,True,3.0,False,0.1169,True,False,3,False,False,16.402,393.64,14,2026-10-05,96,True,0.0,0.10677,,393.64,RESIDENTIAL,PVC,0.5638,False,2026-10-06 07:18:40
DM-17-03-01-01,DM-17-03-01-01,A,alert,Flow สูงกว่าเกณฑ์ต่อเนื่อง 20 intervals + CUSUM ขยับฐานฉับพลันและเพิ่งตัดเกณฑ์ใน 7 วันล่าสุด + แรงดันตกยืนยัน,01:45,03:45,199.25,131.75,14.579,160.908,146.329,3.041,เพิ่มขึ้นชัดเจน,True,58.315,True,True,True,1.0,False,0.5123,False,True,20,True,False,23.333,560.0,14,2026-10-05,96,True,0.0,0.00067,ไกลจาก RTU (> 2 กม. โดยประมาณ),560.0,RESIDENTIAL,PVC,0.4362,False,2026-10-06 07:18:40
DM-17-03-01-02,DM-17-03-01-02,C,ok,ไม่พบสัญญาณผิดปกติเชิงสถิติ (ใช้น้ำตามพฤติกรรมปกติ),02:00,04:00,203.25,150.67,18.738,188.146,169.408,1.431,เพิ่มขึ้นเล็กน้อย,False,74.952,False,False,False,,False,0.349,False,False,6,True,False,18.122,434.93,14,2026-10-05,96,True,0.0,5e-05,,434.93,RESIDENTIAL,PVC,0.4787,False,2026-10-06 07:18:40
DM-17-03-02-01,DM-17-03-02-01,C,ok,MNF ล่าสุด (49.1 m³/hr) / ส่วนเกินเฉลี่ย 3 วัน (-3.9 m³/hr) กลับมาที่ระดับค่าเฉลี่ยฐาน (51.8 m³/hr) แล้ว — ไม่มีน้ำสูญเสียส่วนเกินเหลืออยู่ ถือว่าเหตุการณ์จบ/ซ่อมเสร็จแล้ว จึงไม่ขึ้นเตือน,21:30,23:30,49.125,51.821,5.843,63.507,57.664,-1.789,ลดลงชัดเจน,True,23.371,False,False,False,,True,-0.052,True,False,2,False,False,0.0,0.0,14,2026-10-05,96,True,0.0,0.1,,0.0,RESIDENTIAL,PVC,0.5699,False,2026-10-06 07:18:40
DM-17-03-03-03,DM-17-03-03-03,B,watch,Mann-Kendall ยืนยันแนวโน้มขึ้นต่อเนื่อง,02:00,04:00,89.125,70.339,12.286,94.912,82.625,1.789,เพิ่มขึ้นชัดเจน,True,49.145,False,False,False,,False,0.2671,False,False,4,False,False,10.077,241.86,14,2026-10-05,96,True,0.0,0.1,ไกลจาก RTU (> 2 กม. โดยประมาณ),241.86,RESIDENTIAL,PVC,0.5319,False,2026-10-06 07:18:40
DM-17-03-05-02,DM-17-03-05-02,C,ok,ไม่พบสัญญาณผิดปกติเชิงสถิติ (ใช้น้ำตามพฤติกรรมปกติ),00:30,02:30,172.75,145.375,22.297,189.97,167.672,1.252,เพิ่มขึ้นเล็กน้อย,False,89.189,False,False,False,,False,0.1883,True,False,1,False,False,5.958,143.0,14,2026-10-05,96,True,0.0,0.1,,143.0,RESIDENTIAL,PVC,0.5532,False,2026-10-06 07:18:40
DM-17-03-05-03,DM-17-03-05-03,C,ok,ไม่พบสัญญาณผิดปกติเชิงสถิติ (ใช้น้ำตามพฤติกรรมปกติ),03:45,05:45,112.625,221.438,66.644,354.725,288.081,-0.635,ลดลงเล็กน้อย,False,266.574,False,False,False,,True,-0.4914,True,False,1,True,False,0.0,0.0,14,2026-10-05,96,True,0.0,0.1,,0.0,RESIDENTIAL,PVC,0.5745,False,2026-10-06 07:18:40
DM-17-03-05-04,DM-17-03-05-04,C,ok,มีสัญญาณเชิงสถิติ แต่ส่วนเกิน MNF อยู่แค่ 19.8 m³/hr (14.5% ของค่าเฉลี่ยฐาน 137.3 m³/hr) ต่ำกว่าเกณฑ์ปริมาณขั้นต่ำที่ตั้งไว้ (20%) — ยังไม่คุ้มส่งตรวจ เฝ้าดูต่อ,02:15,04:15,157.125,137.286,13.196,163.678,150.482,1.789,เพิ่มขึ้นชัดเจน,True,52.785,False,False,False,,False,0.1445,True,False,4,False,False,4.464,107.14,14,2026-10-05,96,True,0.0,0.1,,107.14,RESIDENTIAL,PVC,0.6559,False,2026-10-06 07:18:40
DM-17-03-06-02,DM-17-03-06-02,C,ok,ไม่พบสัญญาณผิดปกติเชิงสถิติ (ใช้น้ำตามพฤติกรรมปกติ),01:45,03:45,171.0,133.384,15.894,165.172,149.278,0.0,ทรงตัว,False,63.576,False,False,False,,True,0.282,False,False,4,False,False,0.0,0.0,14,2026-10-05,96,True,0.0,0.00227,,0.0,RESIDENTIAL,PVC,0.4574,False,2026-10-06 07:18:40
DM-17-03-07-01,DM-17-03-07-01,C,ok,ไม่พบสัญญาณผิดปกติเชิงสถิติ (ใช้น้ำตามพฤติกรรมปกติ),02:15,04:15,97.0,70.286,13.854,97.993,84.139,1.252,เพิ่มขึ้นเล็กน้อย,False,55.415,False,False,False,,False,0.3801,False,False,2,False,False,8.214,197.14,14,2026-10-05,96,True,0.0,0.1,,197.14,RESIDENTIAL,PVC,0.5213,False,2026-10-06 07:18:40
DM-17-03-07-02,DM-17-03-07-02,C,ok,ไม่พบสัญญาณผิดปกติเชิงสถิติ (ใช้น้ำตามพฤติกรรมปกติ),02:15,04:15,112.5,110.679,42.824,196.327,153.503,0.988,เพิ่มขึ้นเล็กน้อย,False,171.296,False,False,False,,True,0.0165,True,False,0,False,False,0.0,0.0,14,2026-10-05,96,True,0.0,0.1,,0.0,RESIDENTIAL,PVC,0.5532,False,2026-10-06 07:18:40
DM-17-04-02-01,DM-17-04-02-01,A,alert,Flow สูงกว่าเกณฑ์ต่อเนื่อง 10 intervals + CUSUM ขยับฐานฉับพลันและเพิ่งตัดเกณฑ์ใน 7 วันล่าสุด + แรงดันตกยืนยัน,02:00,04:00,259.0,214.875,14.011,242.898,228.886,2.147,เพิ่มขึ้นชัดเจน,True,56.046,True,True,True,3.0,False,0.2054,False,True,10,True,False,28.542,685.0,14,2026-10-05,96,True,0.0,0.00015,ใกล้กับ RTU (< 2 กม. โดยประมาณ),685.0,RESIDENTIAL,PVC,0.5638,False,2026-10-06 07:18:40
DM-17-04-02-02,DM-17-04-02-02,B,watch,Mann-Kendall ยืนยันแนวโน้มขึ้นต่อเนื่อง,02:00,04:00,176.375,135.268,8.033,151.334,143.301,2.326,เพิ่มขึ้นชัดเจน,True,32.131,True,True,False,8.0,False,0.3039,False,True,22,False,False,26.69,640.57,14,2026-10-05,96,True,0.0,1e-05,ใกล้กับ RTU (< 2 กม. โดยประมาณ),640.57,RESIDENTIAL,PVC,0.5106,False,2026-10-06 07:18:40
DM-17-04-03-01,DM-17-04-03-01,C,ok,ไม่พบสัญญาณผิดปกติเชิงสถิติ (ใช้น้ำตามพฤติกรรมปกติ),01:45,03:45,128.25,103.446,6.964,117.375,110.411,0.894,เพิ่มขึ้นเล็กน้อย,False,27.857,False,False,False,,False,0.2398,False,True,19,False,False,9.887,237.29,14,2026-10-05,96,True,0.0,0.06568,,237.29,RESIDENTIAL,PVC,0.4894,False,2026-10-06 07:18:40
DM-17-04-03-02,DM-17-04-03-02,C,ok,มีสัญญาณเชิงสถิติ แต่ส่วนเกิน MNF อยู่แค่ 13.0 m³/hr (9.7% ของค่าเฉลี่ยฐาน 134.2 m³/hr) ต่ำกว่าเกณฑ์ปริมาณขั้นต่ำที่ตั้งไว้ (20%) — ยังไม่คุ้มส่งตรวจ เฝ้าดูต่อ,06:15,08:15,147.25,134.25,7.598,149.445,141.848,-1.252,ลดลงเล็กน้อย,False,30.39,True,False,True,3.0,False,0.0968,True,True,19,True,False,12.5,300.0,14,2026-10-05,96,True,0.0,0.0,,300.0,RESIDENTIAL,PVC,0.4468,False,2026-10-06 07:18:40
DM-17-04-04-01,DM-17-04-04-01,C,ok,ไม่พบสัญญาณผิดปกติเชิงสถิติ (ใช้น้ำตามพฤติกรรมปกติ),02:00,04:00,148.625,143.464,7.433,158.33,150.897,1.18,เพิ่มขึ้นเล็กน้อย,False,29.731,False,False,False,,False,0.036,True,False,0,False,False,5.161,123.86,14,2026-10-05,96,True,0.0,0.00073,,123.86,RESIDENTIAL,PVC,0.4787,False,2026-10-06 07:18:40
DM-17-04-04-02,DM-17-04-04-02,A,alert,Flow สูงกว่าเกณฑ์ต่อเนื่อง 8 intervals + CUSUM ขยับฐานฉับพลันและเพิ่งตัดเกณฑ์ใน 7 วันล่าสุด,01:45,03:45,68.75,56.804,3.711,64.226,60.515,2.326,เพิ่มขึ้นชัดเจน,True,14.845,True,True,True,3.0,False,0.2103,False,True,8,False,False,8.405,201.71,14,2026-10-05,96,True,0.0,6e-05,ใกล้กับ RTU (< 2 กม. โดยประมาณ),201.71,RESIDENTIAL,PVC,0.5376,False,2026-10-06 07:18:40
DM-17-04-05-02,DM-17-04-05-02,C,ok,มีสัญญาณเชิงสถิติ แต่ส่วนเกิน MNF อยู่แค่ 13.6 m³/hr (7.0% ของค่าเฉลี่ยฐาน 193.4 m³/hr) ต่ำกว่าเกณฑ์ปริมาณขั้นต่ำที่ตั้งไว้ (20%) — ยังไม่คุ้มส่งตรวจ เฝ้าดูต่อ,01:45,03:45,207.0,193.402,5.565,204.533,198.967,2.504,เพิ่มขึ้นชัดเจน,True,22.262,False,False,False,,False,0.0703,True,False,6,False,False,9.39,225.36,14,2026-10-05,96,True,0.0,1e-05,,225.36,RESIDENTIAL,PVC,0.5319,False,2026-10-06 07:18:40
DM-17-04-06-01,DM-17-04-06-01,C,ok,มีสัญญาณเชิงสถิติ แต่ส่วนเกิน MNF อยู่แค่ 12.2 m³/hr (12.4% ของค่าเฉลี่ยฐาน 99.0 m³/hr) ต่ำกว่าเกณฑ์ปริมาณขั้นต่ำที่ตั้งไว้ (20%) — ยังไม่คุ้มส่งตรวจ เฝ้าดูต่อ,02:15,04:15,111.25,99.0,5.606,110.211,104.606,2.504,เพิ่มขึ้นชัดเจน,True,22.423,True,True,True,3.0,False,0.1237,True,False,5,False,False,11.25,270.0,14,2026-10-05,96,True,0.0,0.0009,,270.0,RESIDENTIAL,PVC,0.5699,False,2026-10-06 07:18:40
DM-17-05-01-01,DM-17-05-01-01,C,ok,MNF ล่าสุด (154.5 m³/hr) / ส่วนเกินเฉลี่ย 3 วัน (-22.4 m³/hr) กลับมาที่ระดับค่าเฉลี่ยฐาน (208.3 m³/hr) แล้ว — ไม่มีน้ำสูญเสียส่วนเกินเหลืออยู่ ถือว่าเหตุการณ์จบ/ซ่อมเสร็จแล้ว จึงไม่ขึ้นเตือน,02:30,04:30,154.5,208.268,24.84,257.948,233.108,0.894,เพิ่มขึ้นเล็กน้อย,False,99.36,False,False,False,,True,-0.2582,True,True,8,False,False,0.0,0.0,14,2026-10-05,96,True,0.0,0.1,,0.0,RESIDENTIAL,PVC,0.4362,False,2026-10-06 07:18:40
DM-17-05-02-01,DM-17-05-02-01,C,ok,ไม่พบสัญญาณผิดปกติเชิงสถิติ (ใช้น้ำตามพฤติกรรมปกติ),02:00,04:00,139.625,156.295,9.795,175.884,166.089,-0.537,ลดลงเล็กน้อย,False,39.178,False,False,False,,True,-0.1067,True,False,1,False,False,0.0,0.0,14,2026-10-05,96,True,0.0,1e-05,,0.0,RESIDENTIAL,PVC,0.4946,False,2026-10-06 07:18:40
DM-17-05-03-01,DM-17-05-03-01,C,ok,ไม่พบสัญญาณผิดปกติเชิงสถิติ (ใช้น้ำตามพฤติกรรมปกติ),02:15,04:15,64.0,57.5,6.126,69.751,63.626,1.61,เพิ่มขึ้นเล็กน้อย,False,24.502,False,False,False,,True,0.113,True,False,1,False,False,0.0,0.0,14,2026-10-05,96,True,0.0,0.00088,,0.0,RESIDENTIAL,PVC,0.5638,False,2026-10-06 07:18:40
DM-17-05-04-01,DM-17-05-04-01,C,ok,ไม่พบสัญญาณผิดปกติเชิงสถิติ (ใช้น้ำตามพฤติกรรมปกติ),02:00,04:00,219.75,262.652,36.141,334.934,298.793,0.537,เพิ่มขึ้นเล็กน้อย,False,144.565,False,False,False,,True,-0.1633,True,False,0,False,False,0.0,0.0,14,2026-10-05,96,True,0.0,1e-05,,0.0,RESIDENTIAL,PVC,0.4894,False,2026-10-06 07:18:40
DM-17-05-05-02,DM-17-05-05-02,C,ok,มีสัญญาณเชิงสถิติ แต่ส่วนเกิน MNF อยู่แค่ 3.6 m³/hr (12.0% ของค่าเฉลี่ยฐาน 30.4 m³/hr) ต่ำกว่าเกณฑ์ปริมาณขั้นต่ำที่ตั้งไว้ (20%) — ยังไม่คุ้มส่งตรวจ เฝ้าดูต่อ,02:00,04:00,34.0,30.366,2.553,35.472,32.919,-0.449,ลดลงเล็กน้อย,False,10.213,True,True,False,10.0,False,0.1197,True,False,2,True,False,1.467,35.21,14,2026-10-05,96,True,0.0,0.0028,,35.21,RESIDENTIAL,PVC,0.5806,False,2026-10-06 07:18:40
DM-17-05-06-01,DM-17-05-06-01,C,ok,ไม่พบสัญญาณผิดปกติเชิงสถิติ (ใช้น้ำตามพฤติกรรมปกติ),02:00,04:00,236.375,250.866,12.538,275.942,263.404,1.61,เพิ่มขึ้นเล็กน้อย,False,50.153,False,False,False,,True,-0.0578,True,False,6,True,False,0.0,0.0,14,2026-10-05,96,True,0.0,0.1,,0.0,RESIDENTIAL,PVC,0.4086,False,2026-10-06 07:18:40
DM-17-06-01-01,DM-17-06-01-01,C,ok,ไม่พบสัญญาณผิดปกติเชิงสถิติ (ใช้น้ำตามพฤติกรรมปกติ),02:00,04:00,135.25,92.196,14.472,121.141,106.669,0.988,เพิ่มขึ้นเล็กน้อย,False,57.89,False,False,False,,False,0.467,False,True,19,False,False,15.887,381.29,14,2026-10-05,96,True,0.0,7e-05,,381.29,RESIDENTIAL,PVC,0.5,False,2026-10-06 07:18:40
DM-17-06-01-02,DM-17-06-01-02,C,ok,ไม่พบสัญญาณผิดปกติเชิงสถิติ (ใช้น้ำตามพฤติกรรมปกติ),01:45,03:45,166.875,159.982,15.354,190.69,175.336,-0.358,ลดลงเล็กน้อย,False,61.415,False,False,False,,True,0.0431,True,False,0,False,False,0.0,0.0,14,2026-10-05,96,True,0.0,0.1,,0.0,RESIDENTIAL,PVC,0.6489,False,2026-10-06 07:18:40
DM-17-06-02-01,DM-17-06-02-01,A,alert,Flow สูงกว่าเกณฑ์ต่อเนื่อง 16 intervals + CUSUM ขยับฐานฉับพลันและเพิ่งตัดเกณฑ์ใน 7 วันล่าสุด,02:15,04:15,167.125,124.696,8.461,141.619,133.158,2.963,เพิ่มขึ้นชัดเจน,True,33.845,True,True,True,3.0,False,0.3403,False,True,16,False,False,17.554,421.29,14,2026-10-05,96,True,0.0,0.00032,ใกล้กับ RTU (< 2 กม. โดยประมาณ),421.29,RESIDENTIAL,PVC,0.5638,False,2026-10-06 07:18:40
DM-17-06-02-02,DM-17-06-02-02,A,alert,Flow สูงกว่าเกณฑ์ต่อเนื่อง 20 intervals + CUSUM ขยับฐานฉับพลันและเพิ่งตัดเกณฑ์ใน 7 วันล่าสุด,02:00,04:00,266.75,196.116,14.049,224.214,210.165,3.399,เพิ่มขึ้นชัดเจน,True,56.196,True,True,True,3.0,False,0.3602,False,True,20,False,False,30.301,727.21,14,2026-10-05,96,True,0.0,0.00017,ใกล้กับ RTU (< 2 กม. โดยประมาณ),727.21,RESIDENTIAL,PVC,0.4255,False,2026-10-06 07:18:40
DM-17-06-03-01,DM-17-06-03-01,A,alert,Flow สูงกว่าเกณฑ์ต่อเนื่อง 11 intervals + CUSUM ขยับฐานฉับพลันและเพิ่งตัดเกณฑ์ใน 7 วันล่าสุด,01:30,03:30,267.25,203.241,16.915,237.071,220.156,2.735,เพิ่มขึ้นชัดเจน,True,67.66,True,True,True,3.0,False,0.3149,False,True,11,False,False,36.634,879.21,14,2026-10-05,96,True,0.0,0.0288,ไกลจาก RTU (> 2 กม. โดยประมาณ),879.21,RESIDENTIAL,PVC,0.5319,False,2026-10-06 07:18:40
DM-17-06-04-01,DM-17-06-04-01,B,watch,Mann-Kendall ยืนยันแนวโน้มขึ้นต่อเนื่อง,01:30,03:30,65.75,49.036,5.603,60.242,54.639,2.862,เพิ่มขึ้นชัดเจน,True,22.412,False,False,False,,False,0.3409,False,False,5,True,False,7.006,168.14,14,2026-10-05,96,True,0.0,0.00022,ใกล้กับ RTU (< 2 กม. โดยประมาณ),168.14,RESIDENTIAL,PVC,0.617,False,2026-10-06 07:18:40
DM-17-06-04-02,DM-17-06-04-02,C,ok,ไม่พบสัญญาณผิดปกติเชิงสถิติ (ใช้น้ำตามพฤติกรรมปกติ),01:45,03:45,33.625,41.786,4.869,51.523,46.654,-1.252,ลดลงเล็กน้อย,False,19.475,False,False,False,,True,-0.1953,True,False,4,True,False,0.0,0.0,14,2026-10-05,96,True,0.0,0.1,,0.0,RESIDENTIAL,PVC,0.617,False,2026-10-06 07:18:40
DM-17-06-05-01,DM-17-06-05-01,A,alert,Flow สูงกว่าเกณฑ์ต่อเนื่อง 21 intervals + CUSUM ขยับฐานฉับพลันและเพิ่งตัดเกณฑ์ใน 7 วันล่าสุด,02:00,04:00,306.625,215.152,18.796,252.743,233.948,1.431,เพิ่มขึ้นเล็กน้อย,False,75.183,True,True,True,1.0,False,0.4252,False,True,21,False,False,34.682,832.36,14,2026-10-05,96,True,0.0,0.00014,ใกล้กับ RTU (< 2 กม. โดยประมาณ),832.36,RESIDENTIAL,PVC,0.4731,False,2026-10-06 07:18:40
DM-17-06-06-01,DM-17-06-06-01,B,watch,Mann-Kendall ยืนยันแนวโน้มขึ้นต่อเนื่อง,01:30,03:30,112.25,90.134,5.079,100.291,95.212,1.789,เพิ่มขึ้นชัดเจน,True,20.314,True,True,True,3.0,False,0.2454,False,False,5,True,False,12.283,294.79,14,2026-10-05,96,True,0.0,0.00046,ใกล้กับ RTU (< 2 กม. โดยประมาณ),294.79,RESIDENTIAL,PVC,0.5213,False,2026-10-06 07:18:40
DM-17-06-07-01,DM-17-06-07-01,C,ok,ไม่พบสัญญาณผิดปกติเชิงสถิติ (ใช้น้ำตามพฤติกรรมปกติ),02:30,04:30,116.375,77.366,9.648,96.662,87.014,1.61,เพิ่มขึ้นเล็กน้อย,False,38.592,False,False,False,,False,0.5042,False,True,22,False,False,15.676,376.21,14,2026-10-05,96,True,0.0,0.00015,,376.21,RESIDENTIAL,PVC,0.6277,False,2026-10-06 07:18:40
DM-17-06-07-02,DM-17-06-07-02,C,ok,ไม่พบสัญญาณผิดปกติเชิงสถิติ (ใช้น้ำตามพฤติกรรมปกติ),02:00,04:00,55.5,64.402,3.321,71.044,67.723,-0.537,ลดลงเล็กน้อย,False,13.284,False,False,False,,True,-0.1382,True,False,1,False,False,0.0,0.0,14,2026-10-05,96,True,0.0,0.1,,0.0,RESIDENTIAL,PVC,0.5652,False,2026-10-06 07:18:40
DM-17-06-08-01,DM-17-06-08-01,C,ok,มีสัญญาณเชิงสถิติ แต่ส่วนเกิน MNF อยู่แค่ 10.6 m³/hr (13.0% ของค่าเฉลี่ยฐาน 81.2 m³/hr) ต่ำกว่าเกณฑ์ปริมาณขั้นต่ำที่ตั้งไว้ (20%) — ยังไม่คุ้มส่งตรวจ เฝ้าดูต่อ,02:00,04:00,91.75,81.17,3.063,87.296,84.233,0.537,เพิ่มขึ้นเล็กน้อย,False,12.253,False,False,False,,False,0.1303,True,True,9,False,False,5.33,127.93,14,2026-10-05,96,True,0.0,0.00075,,127.93,RESIDENTIAL,PVC,0.5699,False,2026-10-06 07:18:40
DM-17-06-08-02,DM-17-06-08-02,A,alert,Flow สูงกว่าเกณฑ์ต่อเนื่อง 20 intervals + CUSUM ขยับฐานฉับพลันและเพิ่งตัดเกณฑ์ใน 7 วันล่าสุด,02:00,04:00,119.125,87.232,5.869,98.97,93.101,1.252,เพิ่มขึ้นเล็กน้อย,False,23.476,True,True,True,2.0,False,0.3656,False,True,20,False,False,12.768,306.43,14,2026-10-05,96,True,0.0,9e-05,ใกล้กับ RTU (< 2 กม. โดยประมาณ),306.43,RESIDENTIAL,PVC,0.5161,False,2026-10-06 07:18:40
DM-17-07-01-01,DM-17-07-01-01,C,ok,ไม่พบสัญญาณผิดปกติเชิงสถิติ (ใช้น้ำตามพฤติกรรมปกติ),02:15,04:15,71.125,47.277,6.082,59.441,53.359,1.61,เพิ่มขึ้นเล็กน้อย,False,24.328,False,False,False,,False,0.5044,False,True,18,False,False,9.765,234.36,14,2026-10-05,96,True,0.0,0.00116,,234.36,RESIDENTIAL,PVC,0.4894,False,2026-10-06 07:18:40
DM-17-07-04-01,DM-17-07-04-01,B,watch,Mann-Kendall ยืนยันแนวโน้มขึ้นต่อเนื่อง,02:00,04:00,84.5,64.875,5.45,75.775,70.325,2.683,เพิ่มขึ้นชัดเจน,True,21.8,False,False,False,,False,0.3025,False,True,16,False,False,9.208,221.0,14,2026-10-05,96,True,1e-05,0.1,ไกลจาก RTU (> 2 กม. โดยประมาณ),221.0,RESIDENTIAL,PVC,0.5591,False,2026-10-06 07:18:40
DM-17-07-04-02,DM-17-07-04-02,C,ok,ไม่พบสัญญาณผิดปกติเชิงสถิติ (ใช้น้ำตามพฤติกรรมปกติ),01:30,03:30,64.375,73.161,3.738,80.637,76.899,0.358,เพิ่มขึ้นเล็กน้อย,False,14.953,False,False,False,,True,-0.1201,True,False,0,False,False,0.0,0.0,14,2026-10-05,96,True,0.0,0.1,,0.0,RESIDENTIAL,PVC,0.7204,False,2026-10-06 07:18:40
DM-17-07-05-01,DM-17-07-05-01,A,alert,Flow สูงกว่าเกณฑ์ต่อเนื่อง 21 intervals + CUSUM ขยับฐานฉับพลันและเพิ่งตัดเกณฑ์ใน 7 วันล่าสุด,02:00,04:00,45.5,23.232,5.497,34.225,28.729,1.431,เพิ่มขึ้นเล็กน้อย,False,21.986,True,True,True,4.0,False,0.9585,False,True,21,False,False,11.643,279.43,14,2026-10-05,96,True,0.0,0.00234,ไกลจาก RTU (> 2 กม. โดยประมาณ),279.43,RESIDENTIAL,PVC,0.5914,False,2026-10-06 07:18:40
DM-17-07-06-01,DM-17-07-06-01,C,ok,ไม่พบสัญญาณผิดปกติเชิงสถิติ (ใช้น้ำตามพฤติกรรมปกติ),02:00,04:00,78.875,72.884,3.126,79.136,76.01,1.252,เพิ่มขึ้นเล็กน้อย,False,12.505,False,False,False,,False,0.0822,True,False,6,False,False,2.741,65.79,14,2026-10-05,96,True,0.0,0.1,,65.79,RESIDENTIAL,PVC,0.5957,False,2026-10-06 07:18:40
DM-17-07-06-02,DM-17-07-06-02,C,ok,ไม่พบสัญญาณผิดปกติเชิงสถิติ (ใช้น้ำตามพฤติกรรมปกติ),02:00,04:00,100.875,98.973,4.599,108.171,103.572,0.808,เพิ่มขึ้นเล็กน้อย,False,18.396,False,False,False,,False,0.0192,True,False,2,False,False,1.277,30.64,14,2026-10-05,96,True,0.0,0.1,,30.64,RESIDENTIAL,PVC,0.617,False,2026-10-06 07:18:40
DM-17-07-07-01,DM-17-07-07-01,C,ok,ไม่พบสัญญาณผิดปกติเชิงสถิติ (ใช้น้ำตามพฤติกรรมปกติ),02:00,04:00,60.75,63.929,3.97,71.869,67.899,0.0,ทรงตัว,False,15.881,False,False,False,,True,-0.0497,True,False,1,False,False,0.0,0.0,14,2026-10-05,96,True,1e-05,0.73303,,0.0,RESIDENTIAL,PVC,0.6383,False,2026-10-06 07:18:40
DM-17-07-07-02,DM-17-07-07-02,A,alert,Flow สูงกว่าเกณฑ์ต่อเนื่อง 29 intervals + CUSUM ขยับฐานฉับพลันและเพิ่งตัดเกณฑ์ใน 7 วันล่าสุด + แรงดันตกยืนยัน,01:45,03:45,81.125,48.884,4.775,58.434,53.659,1.906,เพิ่มขึ้นชัดเจน,True,19.1,True,True,True,2.0,False,0.6595,False,True,29,True,False,7.866,188.79,14,2026-10-05,96,True,2e-05,0.1,ไกลจาก RTU (> 2 กม. โดยประมาณ),188.79,RESIDENTIAL,PVC,0.6383,False,2026-10-06 07:18:40
DM-17-07-08-01,DM-17-07-08-01,C,ok,ไม่พบสัญญาณผิดปกติเชิงสถิติ (ใช้น้ำตามพฤติกรรมปกติ),02:30,04:30,100.625,104.455,13.602,131.659,118.057,1.61,เพิ่มขึ้นเล็กน้อย,False,54.408,False,False,False,,True,-0.0367,True,False,1,True,False,7.503,180.07,14,2026-10-05,96,True,0.0,0.1,,180.07,RESIDENTIAL,PVC,0.4787,False,2026-10-06 07:18:40
DM-17-07-09-01,DM-17-07-09-01,C,ok,มีสัญญาณเชิงสถิติ แต่ส่วนเกิน MNF อยู่แค่ 2.0 m³/hr (0.7% ของค่าเฉลี่ยฐาน 276.4 m³/hr) ต่ำกว่าเกณฑ์ปริมาณขั้นต่ำที่ตั้งไว้ (20%) — ยังไม่คุ้มส่งตรวจ เฝ้าดูต่อ,09:30,11:30,278.375,276.375,3.711,283.797,280.086,1.72,เพิ่มขึ้นชัดเจน,True,14.843,False,False,False,,False,0.0072,True,False,1,False,False,0.125,3.0,14,2026-10-05,96,True,0.0,0.1,,3.0,RESIDENTIAL,PVC,0.5851,False,2026-10-06 07:18:40
DM-17-07-09-02,DM-17-07-09-02,A,alert,Flow สูงกว่าเกณฑ์ต่อเนื่อง 9 intervals + CUSUM ขยับฐานฉับพลันและเพิ่งตัดเกณฑ์ใน 7 วันล่าสุด,02:15,04:15,33.5,26.545,2.0,30.544,28.544,1.886,เพิ่มขึ้นชัดเจน,True,7.999,True,True,True,3.0,False,0.262,False,True,9,False,False,3.747,89.93,14,2026-10-05,96,True,0.0,0.00099,ไกลจาก RTU (> 2 กม. โดยประมาณ),89.93,RESIDENTIAL,PVC,0.4894,False,2026-10-06 07:18:40
DM-17-07-10-02,DM-17-07-10-02,C,ok,ไม่พบสัญญาณผิดปกติเชิงสถิติ (ใช้น้ำตามพฤติกรรมปกติ),01:15,03:15,94.75,92.259,3.153,98.564,95.411,-0.179,ลดลงเล็กน้อย,False,12.61,False,False,False,,False,0.027,True,False,0,False,False,0.116,2.79,14,2026-10-05,96,True,0.0,6.78571,,2.79,RESIDENTIAL,PVC,0.6304,False,2026-10-06 07:18:40
DM-17-08-01-02,DM-17-08-01-02,C,ok,มีสัญญาณเชิงสถิติ แต่ส่วนเกิน MNF อยู่แค่ 19.5 m³/hr (6.0% ของค่าเฉลี่ยฐาน 324.2 m³/hr) ต่ำกว่าเกณฑ์ปริมาณขั้นต่ำที่ตั้งไว้ (20%) — ยังไม่คุ้มส่งตรวจ เฝ้าดูต่อ,02:00,04:00,343.75,324.232,17.445,359.122,341.677,-1.073,ลดลงเล็กน้อย,False,69.78,True,False,True,4.0,False,0.0602,True,False,6,False,False,22.143,531.43,14,2026-10-05,96,True,0.0,0.00011,,531.43,RESIDENTIAL,PVC,0.5326,False,2026-10-06 07:18:40
DM-17-08-02-01,DM-17-08-02-01,C,ok,MNF ล่าสุด (153.6 m³/hr) / ส่วนเกินเฉลี่ย 3 วัน (+30.7 m³/hr) กลับมาที่ระดับค่าเฉลี่ยฐาน (166.1 m³/hr) แล้ว — ไม่มีน้ำสูญเสียส่วนเกินเหลืออยู่ ถือว่าเหตุการณ์จบ/ซ่อมเสร็จแล้ว จึงไม่ขึ้นเตือน,02:15,04:15,153.625,166.054,10.465,186.985,176.519,0.0,ทรงตัว,False,41.862,True,True,False,10.0,True,-0.0748,True,True,20,True,False,30.738,737.71,14,2026-10-05,96,True,1e-05,0.00014,,737.71,RESIDENTIAL,PVC,0.5106,False,2026-10-06 07:18:40
DM-17-08-04-01,DM-17-08-04-01,B,watch,Flow สูงกว่าเกณฑ์ต่อเนื่อง 54 intervals พร้อมแรงดันตก แต่ไม่ใช่การเปลี่ยนแปลงฉับพลันใน 1-2 วัน (น่าจะเป็นรั่วที่ดำเนินมาระยะหนึ่งแล้วและขยายจนคงที่) — ควรตรวจสอบโดยเร็วแต่ไม่ใช่เหตุฉุกเฉินแบบท่อแตกใหม่,01:45,03:45,64.75,30.04,10.294,50.629,40.335,1.252,เพิ่มขึ้นเล็กน้อย,False,41.178,True,False,True,3.0,False,1.1554,False,True,54,True,False,34.001,816.04,14,2026-10-05,96,True,0.0,0.0,ใกล้กับ RTU (< 2 กม. โดยประมาณ),816.04,RESIDENTIAL,PVC,0.5532,False,2026-10-06 07:18:40
DM-17-08-04-02,DM-17-08-04-02,C,ok,ไม่พบสัญญาณผิดปกติเชิงสถิติ (ใช้น้ำตามพฤติกรรมปกติ),02:00,04:00,63.5,69.652,2.98,75.612,72.632,0.179,เพิ่มขึ้นเล็กน้อย,False,11.92,False,False,False,,True,-0.0883,True,False,4,True,False,0.14,3.36,14,2026-10-05,96,True,1e-05,0.01193,,3.36,RESIDENTIAL,PVC,0.5806,False,2026-10-06 07:18:40
DM-17-09-01-01,DM-17-09-01-01,C,ok,ไม่พบสัญญาณผิดปกติเชิงสถิติ (ใช้น้ำตามพฤติกรรมปกติ),00:15,02:15,43.5,64.643,14.996,94.636,79.639,-1.073,ลดลงเล็กน้อย,False,59.986,False,False,False,,True,-0.3271,True,False,1,True,False,0.0,0.0,14,2026-10-05,96,True,0.0,0.1,,0.0,RESIDENTIAL,PVC,0.5914,False,2026-10-06 07:18:40
DM-17-09-01-02,DM-17-09-01-02,C,ok,MNF ล่าสุด (137.1 m³/hr) / ส่วนเกินเฉลี่ย 3 วัน (-7.5 m³/hr) กลับมาที่ระดับค่าเฉลี่ยฐาน (145.9 m³/hr) แล้ว — ไม่มีน้ำสูญเสียส่วนเกินเหลืออยู่ ถือว่าเหตุการณ์จบ/ซ่อมเสร็จแล้ว จึงไม่ขึ้นเตือน,00:00,02:00,137.125,145.866,5.652,157.169,151.518,0.808,เพิ่มขึ้นเล็กน้อย,False,22.606,True,False,True,5.0,True,-0.0599,True,False,1,True,False,0.0,0.0,14,2026-10-05,96,True,0.0,0.1,,0.0,RESIDENTIAL,PVC,0.5,False,2026-10-06 07:18:40
DM-17-09-02-02,DM-17-09-02-02,C,ok,มีสัญญาณเชิงสถิติ แต่ส่วนเกิน MNF อยู่แค่ 1.3 m³/hr (0.6% ของค่าเฉลี่ยฐาน 229.5 m³/hr) ต่ำกว่าเกณฑ์ปริมาณขั้นต่ำที่ตั้งไว้ (20%) — ยังไม่คุ้มส่งตรวจ เฝ้าดูต่อ,02:15,04:15,230.75,229.464,13.717,256.899,243.182,0.537,เพิ่มขึ้นเล็กน้อย,False,54.869,False,False,False,,False,0.0056,True,True,11,False,False,4.202,100.86,14,2026-10-05,96,True,0.0,0.03698,,100.86,RESIDENTIAL,PVC,0.5914,False,2026-10-06 07:18:40
DM-17-09-04-01,DM-17-09-04-01,C,ok,ไม่พบสัญญาณผิดปกติเชิงสถิติ (ใช้น้ำตามพฤติกรรมปกติ),01:15,03:15,131.75,254.089,29.421,312.931,283.51,0.537,เพิ่มขึ้นเล็กน้อย,False,117.683,False,False,False,,True,-0.4815,True,False,0,False,False,0.0,0.0,14,2026-10-05,96,True,0.0,0.1,,0.0,RESIDENTIAL,PVC,0.4468,False,2026-10-06 07:18:40
DM-17-10-04-01,DM-17-10-04-01,C,ok,ไม่พบสัญญาณผิดปกติเชิงสถิติ (ใช้น้ำตามพฤติกรรมปกติ),02:15,04:15,40.5,39.054,3.971,46.995,43.024,0.269,เพิ่มขึ้นเล็กน้อย,False,15.882,False,False,False,,True,0.037,True,False,2,False,False,0.0,0.0,14,2026-10-05,96,True,2e-05,0.02109,,0.0,RESIDENTIAL,PVC,0.6277,False,2026-10-06 07:18:40
DM-17-10-06-01,DM-17-10-06-01,C,ok,ไม่พบสัญญาณผิดปกติเชิงสถิติ (ใช้น้ำตามพฤติกรรมปกติ),02:00,04:00,147.25,138.152,7.105,152.362,145.257,0.894,เพิ่มขึ้นเล็กน้อย,False,28.42,False,False,False,,False,0.0659,True,False,1,True,False,8.973,215.36,14,2026-10-05,96,True,0.0,6.60714,,215.36,RESIDENTIAL,PVC,0.5426,False,2026-10-06 07:18:40
DM-17-11-01-03,DM-17-11-01-03,C,ok,ไม่พบสัญญาณผิดปกติเชิงสถิติ (ใช้น้ำตามพฤติกรรมปกติ),02:00,04:00,60.5,63.152,21.424,105.999,84.575,-0.808,ลดลงเล็กน้อย,False,85.694,False,False,False,,True,-0.042,True,False,1,True,False,0.0,0.0,14,2026-10-05,96,True,0.0,0.00151,,0.0,RESIDENTIAL,PVC,0.5699,False,2026-10-06 07:18:40
DM-17-11-01-04,DM-17-11-01-04,C,ok,ไม่พบสัญญาณผิดปกติเชิงสถิติ (ใช้น้ำตามพฤติกรรมปกติ),02:00,04:00,21.625,34.161,58.585,151.331,92.746,0.988,เพิ่มขึ้นเล็กน้อย,False,234.34,False,False,False,,True,-0.367,True,False,2,False,False,0.0,0.0,14,2026-10-05,96,True,0.0,0.1,,0.0,RESIDENTIAL,PVC,0.5745,False,2026-10-06 07:18:40
DM-17-11-02-01,DM-17-11-02-01,C,ok,MNF ล่าสุด (38.0 m³/hr) / ส่วนเกินเฉลี่ย 3 วัน (-3.2 m³/hr) กลับมาที่ระดับค่าเฉลี่ยฐาน (47.9 m³/hr) แล้ว — ไม่มีน้ำสูญเสียส่วนเกินเหลืออยู่ ถือว่าเหตุการณ์จบ/ซ่อมเสร็จแล้ว จึงไม่ขึ้นเตือน,02:00,04:00,38.0,47.929,3.692,55.313,51.621,-0.09,ลดลงเล็กน้อย,False,14.768,True,False,True,3.0,True,-0.2072,True,False,6,False,False,0.0,0.0,14,2026-10-05,96,True,0.0,5e-05,,0.0,RESIDENTIAL,PVC,0.6277,False,2026-10-06 07:18:40
DM-17-11-02-02,DM-17-11-02-02,C,ok,ไม่พบสัญญาณผิดปกติเชิงสถิติ (ใช้น้ำตามพฤติกรรมปกติ),02:00,04:00,48.75,57.58,4.374,66.328,61.954,0.894,เพิ่มขึ้นเล็กน้อย,False,17.496,False,False,False,,True,-0.1534,True,False,7,False,False,0.0,0.0,14,2026-10-05,96,True,0.0,4e-05,,0.0,RESIDENTIAL,PVC,0.5745,False,2026-10-06 07:18:40
DM-17-11-02-03,DM-17-11-02-03,C,ok,ไม่พบสัญญาณผิดปกติเชิงสถิติ (ใช้น้ำตามพฤติกรรมปกติ),01:45,03:45,40.5,57.643,5.919,69.482,63.562,1.073,เพิ่มขึ้นเล็กน้อย,False,23.678,False,False,False,,True,-0.2974,True,False,3,False,False,0.0,0.0,14,2026-10-05,96,True,0.0,0.00029,,0.0,RESIDENTIAL,PVC,0.5745,False,2026-10-06 07:18:40
DM-17-11-02-04,DM-17-11-02-04,C,ok,ไม่พบสัญญาณผิดปกติเชิงสถิติ (ใช้น้ำตามพฤติกรรมปกติ),01:45,03:45,40.5,49.116,15.461,80.039,64.578,0.537,เพิ่มขึ้นเล็กน้อย,False,61.846,False,False,False,,True,-0.1754,True,False,1,False,False,4.634,111.21,14,2026-10-05,96,True,0.0,0.1,,111.21,RESIDENTIAL,PVC,0.5851,False,2026-10-06 07:18:40
DM-17-11-03-01,DM-17-11-03-01,C,ok,มีสัญญาณเชิงสถิติ แต่ส่วนเกิน MNF อยู่แค่ 2.6 m³/hr (6.3% ของค่าเฉลี่ยฐาน 40.8 m³/hr) ต่ำกว่าเกณฑ์ปริมาณขั้นต่ำที่ตั้งไว้ (20%) — ยังไม่คุ้มส่งตรวจ เฝ้าดูต่อ,02:30,04:30,43.375,40.812,5.067,50.947,45.88,2.147,เพิ่มขึ้นชัดเจน,True,20.269,True,False,True,2.0,False,0.0628,True,True,23,True,False,7.854,188.5,14,2026-10-05,96,True,0.0,0.00014,,188.5,RESIDENTIAL,PVC,0.5106,False,2026-10-06 07:18:40
DM-17-11-04-01,DM-17-11-04-01,C,ok,ไม่พบสัญญาณผิดปกติเชิงสถิติ (ใช้น้ำตามพฤติกรรมปกติ),02:00,04:00,63.625,59.955,10.25,80.456,70.206,1.431,เพิ่มขึ้นเล็กน้อย,False,41.002,False,False,False,,True,0.0612,True,False,0,False,False,0.0,0.0,14,2026-10-05,96,True,1e-05,0.39898,,0.0,RESIDENTIAL,PVC,0.6489,False,2026-10-06 07:18:40
DM-53-01-02-01,DM-53-01-02-01,C,ok,ไม่พบสัญญาณผิดปกติเชิงสถิติ (ใช้น้ำตามพฤติกรรมปกติ),02:00,04:00,91.125,91.143,8.608,108.36,99.751,0.0,ทรงตัว,False,34.434,False,False,False,,True,-0.0002,True,False,0,False,False,2.482,59.57,14,2026-10-05,96,True,0.0,0.1,,59.57,RESIDENTIAL,PVC,0.6022,False,2026-10-06 07:18:40
DM-53-01-02-02,DM-53-01-02-02,C,ok,มีสัญญาณเชิงสถิติ แต่ส่วนเกิน MNF อยู่แค่ 1.6 m³/hr (3.4% ของค่าเฉลี่ยฐาน 49.0 m³/hr) ต่ำกว่าเกณฑ์ปริมาณขั้นต่ำที่ตั้งไว้ (20%) — ยังไม่คุ้มส่งตรวจ เฝ้าดูต่อ,00:00,02:00,50.625,48.982,4.258,57.498,53.24,2.065,เพิ่มขึ้นชัดเจน,True,17.032,False,False,False,,False,0.0335,True,False,0,False,False,2.31,55.43,14,2026-10-05,96,True,0.0,0.1,,55.43,RESIDENTIAL,PVC,0.6129,False,2026-10-06 07:18:40
DM-53-01-05-01,DM-53-01-05-01,C,ok,ไม่พบสัญญาณผิดปกติเชิงสถิติ (ใช้น้ำตามพฤติกรรมปกติ),02:00,04:00,25.875,23.491,2.283,28.057,25.774,0.629,เพิ่มขึ้นเล็กน้อย,False,9.131,False,False,False,,False,0.1015,True,False,1,False,False,2.301,55.21,14,2026-10-05,96,True,1e-05,0.04725,,55.21,RESIDENTIAL,PVC,0.6237,False,2026-10-06 07:18:40
DM-53-01-05-04,DM-53-01-05-04,C,ok,ไม่พบสัญญาณผิดปกติเชิงสถิติ (ใช้น้ำตามพฤติกรรมปกติ),02:00,04:00,38.375,37.089,3.766,44.621,40.855,-0.091,ลดลงเล็กน้อย,False,15.063,False,False,False,,False,0.0347,True,False,1,False,False,2.661,63.86,14,2026-10-05,96,True,0.0,0.01641,,63.86,RESIDENTIAL,PVC,0.6489,False,2026-10-06 07:18:40
DM-53-01-07-01,DM-53-01-07-01,C,ok,มีสัญญาณเชิงสถิติ แต่ส่วนเกิน MNF อยู่แค่ 16.9 m³/hr (17.5% ของค่าเฉลี่ยฐาน 96.8 m³/hr) ต่ำกว่าเกณฑ์ปริมาณขั้นต่ำที่ตั้งไว้ (20%) — ยังไม่คุ้มส่งตรวจ เฝ้าดูต่อ,02:00,04:00,113.75,96.848,7.694,112.236,104.542,-0.894,ลดลงเล็กน้อย,False,30.775,True,False,True,6.0,False,0.1745,True,False,2,False,False,14.277,342.64,14,2026-10-05,96,True,0.0,0.01339,,342.64,RESIDENTIAL,PVC,0.5914,False,2026-10-06 07:18:40
DM-53-01-08-01,DM-53-01-08-01,C,ok,มีสัญญาณเชิงสถิติ แต่ส่วนเกิน MNF อยู่แค่ 0.3 m³/hr (0.6% ของค่าเฉลี่ยฐาน 56.2 m³/hr) ต่ำกว่าเกณฑ์ปริมาณขั้นต่ำที่ตั้งไว้ (20%) — ยังไม่คุ้มส่งตรวจ เฝ้าดูต่อ,02:00,04:00,56.5,56.152,3.7,63.551,59.852,-0.179,ลดลงเล็กน้อย,False,14.799,True,True,True,5.0,False,0.0062,True,False,1,True,False,3.89,93.36,14,2026-10-05,96,True,2e-05,0.0255,,93.36,RESIDENTIAL,PVC,0.5745,False,2026-10-06 07:18:40
DM-53-01-08-02,DM-53-01-08-02,C,ok,มีสัญญาณเชิงสถิติ แต่ส่วนเกิน MNF อยู่แค่ 14.6 m³/hr (12.2% ของค่าเฉลี่ยฐาน 119.6 m³/hr) ต่ำกว่าเกณฑ์ปริมาณขั้นต่ำที่ตั้งไว้ (20%) — ยังไม่คุ้มส่งตรวจ เฝ้าดูต่อ,02:15,04:15,134.25,119.607,10.555,140.717,130.162,-1.968,ลดลงชัดเจน,True,42.219,True,False,True,1.0,False,0.1224,True,False,0,False,False,11.935,286.43,14,2026-10-05,57,False,0.0,0.1,,286.43,RESIDENTIAL,PVC,0.5273,False,2026-10-06 07:18:40
DM-53-01-09-01,DM-53-01-09-01,C,ok,มีสัญญาณเชิงสถิติ แต่ส่วนเกิน MNF อยู่แค่ 0.5 m³/hr (0.6% ของค่าเฉลี่ยฐาน 76.2 m³/hr) ต่ำกว่าเกณฑ์ปริมาณขั้นต่ำที่ตั้งไว้ (20%) — ยังไม่คุ้มส่งตรวจ เฝ้าดูต่อ,02:00,04:00,76.625,76.161,6.894,89.948,83.054,-0.449,ลดลงเล็กน้อย,False,27.575,True,True,True,6.0,False,0.0061,True,False,1,True,False,5.006,120.14,14,2026-10-05,96,True,1e-05,0.02509,,120.14,RESIDENTIAL,PVC,0.5426,False,2026-10-06 07:18:40
DM-53-02-01-01,DM-53-02-01-01,C,ok,มีสัญญาณเชิงสถิติ แต่ส่วนเกิน MNF อยู่แค่ 6.5 m³/hr (6.2% ของค่าเฉลี่ยฐาน 104.7 m³/hr) ต่ำกว่าเกณฑ์ปริมาณขั้นต่ำที่ตั้งไว้ (20%) — ยังไม่คุ้มส่งตรวจ เฝ้าดูต่อ,02:00,04:00,111.188,104.67,5.882,116.433,110.551,0.0,ทรงตัว,False,23.527,True,True,True,7.0,False,0.0623,True,False,0,False,False,6.518,156.43,14,2026-10-05,57,False,0.0,3e-05,,156.43,RESIDENTIAL,PVC,0.3704,False,2026-10-06 07:18:40
DM-53-02-03-02,DM-53-02-03-02,C,ok,ไม่พบสัญญาณผิดปกติเชิงสถิติ (ใช้น้ำตามพฤติกรรมปกติ),01:45,03:45,93.125,90.946,7.962,106.87,98.908,0.537,เพิ่มขึ้นเล็กน้อย,False,31.847,False,False,False,,False,0.024,True,False,5,True,False,5.179,124.29,14,2026-10-05,96,True,0.0,0.00709,,124.29,RESIDENTIAL,PVC,0.4787,False,2026-10-06 07:18:40
DM-53-02-03-03,DM-53-02-03-03,C,ok,มีสัญญาณเชิงสถิติ แต่ส่วนเกิน MNF อยู่แค่ 12.7 m³/hr (8.9% ของค่าเฉลี่ยฐาน 141.7 m³/hr) ต่ำกว่าเกณฑ์ปริมาณขั้นต่ำที่ตั้งไว้ (20%) — ยังไม่คุ้มส่งตรวจ เฝ้าดูต่อ,02:00,04:00,154.375,141.696,10.152,162.0,151.848,0.179,เพิ่มขึ้นเล็กน้อย,False,40.607,True,True,False,9.0,False,0.0895,True,False,6,False,False,12.929,310.29,14,2026-10-05,96,True,0.0,0.00126,,310.29,RESIDENTIAL,PVC,0.5426,False,2026-10-06 07:18:40
DM-53-02-04-02,DM-53-02-04-02,C,ok,มีสัญญาณเชิงสถิติ แต่ส่วนเกิน MNF อยู่แค่ 2.7 m³/hr (3.6% ของค่าเฉลี่ยฐาน 74.8 m³/hr) ต่ำกว่าเกณฑ์ปริมาณขั้นต่ำที่ตั้งไว้ (20%) — ยังไม่คุ้มส่งตรวจ เฝ้าดูต่อ,02:00,04:00,77.5,74.795,4.467,83.729,79.262,-0.808,ลดลงเล็กน้อย,False,17.868,True,False,True,6.0,False,0.0362,True,False,2,False,False,1.622,38.93,14,2026-10-05,96,True,0.0,0.00868,,38.93,RESIDENTIAL,PVC,0.5745,False,2026-10-06 07:18:40
DM-53-02-04-03,DM-53-02-04-03,B,watch,Flow สูงกว่าเกณฑ์ต่อเนื่อง 11 intervals พร้อมแรงดันตก แต่ไม่ใช่การเปลี่ยนแปลงฉับพลันใน 1-2 วัน (น่าจะเป็นรั่วที่ดำเนินมาระยะหนึ่งแล้วและขยายจนคงที่) — ควรตรวจสอบโดยเร็วแต่ไม่ใช่เหตุฉุกเฉินแบบท่อแตกใหม่,02:00,04:00,44.375,36.464,3.684,43.833,40.149,0.808,เพิ่มขึ้นเล็กน้อย,False,14.737,True,False,True,5.0,False,0.2169,False,True,11,True,False,7.952,190.86,14,2026-10-05,96,True,2e-05,0.00133,ไกลจาก RTU (> 2 กม. โดยประมาณ),190.86,RESIDENTIAL,PVC,0.5543,False,2026-10-06 07:18:40
DM-53-02-05-01,DM-53-02-05-01,C,ok,มีสัญญาณเชิงสถิติ แต่ส่วนเกิน MNF อยู่แค่ 11.2 m³/hr (16.9% ของค่าเฉลี่ยฐาน 66.3 m³/hr) ต่ำกว่าเกณฑ์ปริมาณขั้นต่ำที่ตั้งไว้ (20%) — ยังไม่คุ้มส่งตรวจ เฝ้าดูต่อ,00:00,02:00,77.5,66.295,5.021,76.337,71.316,1.431,เพิ่มขึ้นเล็กน้อย,False,20.085,True,False,True,1.0,False,0.169,True,True,11,True,False,6.414,153.93,14,2026-10-05,96,True,1e-05,0.00392,,153.93,RESIDENTIAL,PVC,0.5426,False,2026-10-06 07:18:40
DM-53-02-05-02,DM-53-02-05-02,C,ok,ไม่พบสัญญาณผิดปกติเชิงสถิติ (ใช้น้ำตามพฤติกรรมปกติ),02:15,04:15,86.125,75.777,12.953,101.684,88.73,1.073,เพิ่มขึ้นเล็กน้อย,False,51.814,False,False,False,,False,0.1366,True,False,2,True,False,9.557,229.36,14,2026-10-05,96,True,1e-05,0.00097,,229.36,RESIDENTIAL,PVC,0.5638,False,2026-10-06 07:18:40
DM-53-02-07-01,DM-53-02-07-01,C,ok,มีสัญญาณเชิงสถิติ แต่ส่วนเกิน MNF อยู่แค่ 17.4 m³/hr (15.1% ของค่าเฉลี่ยฐาน 115.2 m³/hr) ต่ำกว่าเกณฑ์ปริมาณขั้นต่ำที่ตั้งไว้ (20%) — ยังไม่คุ้มส่งตรวจ เฝ้าดูต่อ,01:45,03:45,132.625,115.241,12.57,140.381,127.811,1.431,เพิ่มขึ้นเล็กน้อย,False,50.279,True,True,False,13.0,False,0.1508,True,False,3,True,False,14.301,343.21,14,2026-10-05,96,True,1e-05,0.00301,,343.21,RESIDENTIAL,PVC,0.5484,False,2026-10-06 07:18:40
DM-53-02-09-01,DM-53-02-09-01,C,ok,เคยมีสัญญาณผิดปกติ (Mann-Kendall/CUSUM สะสม) แต่ MNF ล่าสุด (34.5) ลดลงมาต่ำกว่า 70% ของพีคล่าสุด (68.5) แล้ว — น่าจะเป็นเหตุการณ์ที่จบไปแล้ว/ซ่อมเสร็จแล้ว จึงไม่ขึ้นเตือน,01:45,03:45,34.5,25.679,7.812,41.304,33.491,-0.999,ลดลงเล็กน้อย,False,31.25,True,False,True,7.0,False,0.3435,False,False,2,True,False,7.863,188.71,14,2026-10-05,96,True,6e-05,0.00175,,188.71,RESIDENTIAL,PVC,0.6237,False,2026-10-06 07:18:40
DM-53-02-09-02,DM-53-02-09-02,C,ok,MNF ล่าสุด (76.0 m³/hr) / ส่วนเกินเฉลี่ย 3 วัน (-5.7 m³/hr) กลับมาที่ระดับค่าเฉลี่ยฐาน (80.7 m³/hr) แล้ว — ไม่มีน้ำสูญเสียส่วนเกินเหลืออยู่ ถือว่าเหตุการณ์จบ/ซ่อมเสร็จแล้ว จึงไม่ขึ้นเตือน,01:45,03:45,76.0,80.688,8.11,96.907,88.797,-0.358,ลดลงเล็กน้อย,False,32.439,True,True,True,1.0,True,-0.0581,True,False,0,False,False,0.0,0.0,14,2026-10-05,96,True,3e-05,101.96429,,0.0,RESIDENTIAL,PVC,0.5426,False,2026-10-06 07:18:40
DM-53-03-01-03,DM-53-03-01-03,C,ok,เคยมีสัญญาณผิดปกติ (Mann-Kendall/CUSUM สะสม) แต่ MNF ล่าสุด (69.5) ลดลงมาต่ำกว่า 70% ของพีคล่าสุด (74.1) แล้ว — น่าจะเป็นเหตุการณ์ที่จบไปแล้ว/ซ่อมเสร็จแล้ว จึงไม่ขึ้นเตือน,02:00,04:00,69.5,53.478,16.111,85.699,69.588,2.504,เพิ่มขึ้นชัดเจน,True,64.442,False,False,False,,False,0.2996,False,False,3,False,False,16.356,392.54,14,2026-10-05,96,True,0.0,2e-05,,392.54,RESIDENTIAL,PVC,0.5319,False,2026-10-06 07:18:40
DM-53-03-02-01,DM-53-03-02-01,C,ok,มีสัญญาณเชิงสถิติ แต่ส่วนเกิน MNF อยู่แค่ 1.8 m³/hr (3.3% ของค่าเฉลี่ยฐาน 54.3 m³/hr) ต่ำกว่าเกณฑ์ปริมาณขั้นต่ำที่ตั้งไว้ (20%) — ยังไม่คุ้มส่งตรวจ เฝ้าดูต่อ,02:00,04:00,56.125,54.339,5.83,66.0,60.17,-1.073,ลดลงเล็กน้อย,False,23.322,True,True,True,5.0,False,0.0329,True,False,0,False,False,3.161,75.86,14,2026-10-05,96,True,0.0,0.1,,75.86,RESIDENTIAL,PVC,0.6383,False,2026-10-06 07:18:40
DM-53-03-03-01,DM-53-03-03-01,C,ok,มีสัญญาณเชิงสถิติ แต่ส่วนเกิน MNF อยู่แค่ 2.9 m³/hr (9.3% ของค่าเฉลี่ยฐาน 30.9 m³/hr) ต่ำกว่าเกณฑ์ปริมาณขั้นต่ำที่ตั้งไว้ (20%) — ยังไม่คุ้มส่งตรวจ เฝ้าดูต่อ,01:45,03:45,33.75,30.875,4.085,39.046,34.96,0.902,เพิ่มขึ้นเล็กน้อย,False,16.341,True,False,True,1.0,False,0.0931,True,False,0,False,False,4.292,103.0,14,2026-10-05,96,True,0.0,0.00067,,103.0,RESIDENTIAL,PVC,0.6129,False,2026-10-06 07:18:40
DM-53-03-04-01,DM-53-03-04-01,C,ok,MNF ล่าสุด (87.8 m³/hr) / ส่วนเกินเฉลี่ย 3 วัน (-1.2 m³/hr) กลับมาที่ระดับค่าเฉลี่ยฐาน (88.8 m³/hr) แล้ว — ไม่มีน้ำสูญเสียส่วนเกินเหลืออยู่ ถือว่าเหตุการณ์จบ/ซ่อมเสร็จแล้ว จึงไม่ขึ้นเตือน,02:00,04:00,87.75,88.812,8.146,105.104,96.958,-0.894,ลดลงเล็กน้อย,False,32.582,True,False,True,6.0,True,-0.012,True,False,0,False,False,0.0,0.0,14,2026-10-05,96,True,4e-05,141.28571,,0.0,RESIDENTIAL,PVC,0.6667,False,2026-10-06 07:18:40
DM-53-03-04-02,DM-53-03-04-02,C,ok,ไม่พบสัญญาณผิดปกติเชิงสถิติ (ใช้น้ำตามพฤติกรรมปกติ),01:30,03:30,20.875,18.205,2.389,22.984,20.595,-0.629,ลดลงเล็กน้อย,False,9.557,False,False,False,,False,0.1466,True,False,1,True,False,2.086,50.07,14,2026-10-05,96,True,0.0,0.00523,,50.07,RESIDENTIAL,PVC,0.6702,False,2026-10-06 07:18:40
DM-53-03-05-02,DM-53-03-05-02,C,ok,มีสัญญาณเชิงสถิติ แต่ส่วนเกิน MNF อยู่แค่ 26.9 m³/hr (17.5% ของค่าเฉลี่ยฐาน 153.1 m³/hr) ต่ำกว่าเกณฑ์ปริมาณขั้นต่ำที่ตั้งไว้ (20%) — ยังไม่คุ้มส่งตรวจ เฝ้าดูต่อ,01:45,03:45,180.0,153.143,19.532,192.207,172.675,0.894,เพิ่มขึ้นเล็กน้อย,False,78.128,True,True,False,9.0,False,0.1754,True,False,4,False,False,26.899,645.57,14,2026-10-05,96,True,0.0,0.0,,645.57,RESIDENTIAL,PVC,0.5851,False,2026-10-06 07:18:40
DM-53-03-06-02,DM-53-03-06-02,C,ok,ไม่พบสัญญาณผิดปกติเชิงสถิติ (ใช้น้ำตามพฤติกรรมปกติ),01:30,03:30,79.75,83.705,9.619,102.943,93.324,1.431,เพิ่มขึ้นเล็กน้อย,False,38.474,False,False,False,,True,-0.0473,True,False,0,False,False,0.0,0.0,14,2026-10-05,96,True,0.0,0.1,,0.0,RESIDENTIAL,PVC,0.6064,False,2026-10-06 07:18:40
DM-53-04-02-01,DM-53-04-02-01,C,ok,มีสัญญาณเชิงสถิติ แต่ส่วนเกิน MNF อยู่แค่ 5.4 m³/hr (14.1% ของค่าเฉลี่ยฐาน 38.0 m³/hr) ต่ำกว่าเกณฑ์ปริมาณขั้นต่ำที่ตั้งไว้ (20%) — ยังไม่คุ้มส่งตรวจ เฝ้าดูต่อ,01:45,03:45,43.375,38.018,6.967,51.952,44.985,-0.629,ลดลงเล็กน้อย,False,27.868,True,True,False,8.0,False,0.1409,True,False,0,False,False,8.149,195.57,14,2026-10-05,96,True,1e-05,0.00083,,195.57,RESIDENTIAL,PVC,0.6237,False,2026-10-06 07:18:40
DM-53-04-02-03,DM-53-04-02-03,C,ok,ไม่พบสัญญาณผิดปกติเชิงสถิติ (ใช้น้ำตามพฤติกรรมปกติ),00:00,02:00,51.625,51.321,6.897,65.115,58.218,0.716,เพิ่มขึ้นเล็กน้อย,False,27.587,False,False,False,,False,0.0059,True,False,0,False,False,1.179,28.29,14,2026-10-05,96,True,3e-05,6.10714,,28.29,RESIDENTIAL,PVC,0.6809,False,2026-10-06 07:18:40
DM-53-05-01-03,DM-53-05-01-03,B,watch,Flow สูงกว่าเกณฑ์ต่อเนื่อง 96 intervals พร้อมแรงดันตก แต่ไม่ใช่การเปลี่ยนแปลงฉับพลันใน 1-2 วัน (น่าจะเป็นรั่วที่ดำเนินมาระยะหนึ่งแล้วและขยายจนคงที่) — ควรตรวจสอบโดยเร็วแต่ไม่ใช่เหตุฉุกเฉินแบบท่อแตกใหม่,01:30,03:30,437.75,54.089,5.666,65.421,59.755,0.988,เพิ่มขึ้นเล็กน้อย,False,22.662,True,False,True,6.0,False,7.0931,False,True,96,True,False,383.536,9204.86,14,2026-10-05,96,True,0.0,0.0,ใกล้กับ RTU (< 2 กม. โดยประมาณ),9204.86,RESIDENTIAL,PVC,0.2581,False,2026-10-06 07:18:40
DM-53-05-01-04,DM-53-05-01-04,B,watch,Flow สูงกว่าเกณฑ์ต่อเนื่อง 21 intervals พร้อมแรงดันตก แต่ไม่ใช่การเปลี่ยนแปลงฉับพลันใน 1-2 วัน (น่าจะเป็นรั่วที่ดำเนินมาระยะหนึ่งแล้วและขยายจนคงที่) — ควรตรวจสอบโดยเร็วแต่ไม่ใช่เหตุฉุกเฉินแบบท่อแตกใหม่,01:30,03:30,95.625,73.232,6.849,86.93,80.081,2.147,เพิ่มขึ้นชัดเจน,True,27.396,True,False,True,4.0,False,0.3058,False,True,21,True,False,23.435,562.43,14,2026-10-05,96,True,0.0,0.00016,ใกล้กับ RTU (< 2 กม. โดยประมาณ),562.43,RESIDENTIAL,PVC,0.5,False,2026-10-06 07:18:40
DM-53-05-03-03,DM-53-05-03-03,C,ok,ไม่พบสัญญาณผิดปกติเชิงสถิติ (ใช้น้ำตามพฤติกรรมปกติ),01:45,03:45,16.375,103.455,5.232,113.92,108.688,0.179,เพิ่มขึ้นเล็กน้อย,False,20.93,False,False,False,,True,-0.8417,True,False,0,False,False,0.0,0.0,14,2026-10-05,96,True,0.00016,55.82143,,0.0,RESIDENTIAL,PVC,0.5532,False,2026-10-06 07:18:40
DM-53-05-03-04,DM-53-05-03-04,C,ok,ไม่พบสัญญาณผิดปกติเชิงสถิติ (ใช้น้ำตามพฤติกรรมปกติ),01:45,03:45,57.0,56.571,4.154,64.878,60.725,0.537,เพิ่มขึ้นเล็กน้อย,False,16.614,False,False,False,,False,0.0076,True,False,2,False,False,3.929,94.29,14,2026-10-05,96,True,1e-05,0.1,,94.29,RESIDENTIAL,PVC,0.5699,False,2026-10-06 07:18:40
DM-53-05-04-01,DM-53-05-04-01,C,ok,ไม่พบสัญญาณผิดปกติเชิงสถิติ (ใช้น้ำตามพฤติกรรมปกติ),01:30,03:30,38.875,37.92,3.524,44.968,41.444,-0.988,ลดลงเล็กน้อย,False,14.096,False,False,False,,True,0.0252,True,False,0,False,False,0.0,0.0,14,2026-10-05,96,True,2e-05,0.10229,,0.0,RESIDENTIAL,PVC,0.6915,False,2026-10-06 07:18:40
DM-53-05-05-01,DM-53-05-05-01,C,ok,ไม่พบสัญญาณผิดปกติเชิงสถิติ (ใช้น้ำตามพฤติกรรมปกติ),02:30,04:30,40.0,32.357,17.452,67.26,49.809,0.894,เพิ่มขึ้นเล็กน้อย,False,69.806,False,False,False,,False,0.2362,False,False,3,True,False,3.06,73.43,14,2026-10-05,96,True,3e-05,0.00209,,73.43,RESIDENTIAL,PVC,0.7979,False,2026-10-06 07:18:40
DM-53-05-07-01,DM-53-05-07-01,C,ok,MNF ล่าสุด (22.7 m³/hr) / ส่วนเกินเฉลี่ย 3 วัน (-175.1 m³/hr) กลับมาที่ระดับค่าเฉลี่ยฐาน (201.3 m³/hr) แล้ว — ไม่มีน้ำสูญเสียส่วนเกินเหลืออยู่ ถือว่าเหตุการณ์จบ/ซ่อมเสร็จแล้ว จึงไม่ขึ้นเตือน,00:15,02:15,22.688,201.286,84.525,370.335,285.81,-2.504,ลดลงชัดเจน,True,338.099,True,False,True,2.0,True,-0.8873,True,False,0,False,False,0.0,0.0,14,2026-10-05,96,True,3e-05,13.67857,,0.0,RESIDENTIAL,PVC,0.617,False,2026-10-06 07:18:40
DM-53-05-09-02,DM-53-05-09-02,C,ok,MNF ล่าสุด (59.0 m³/hr) / ส่วนเกินเฉลี่ย 3 วัน (-1.1 m³/hr) กลับมาที่ระดับค่าเฉลี่ยฐาน (60.1 m³/hr) แล้ว — ไม่มีน้ำสูญเสียส่วนเกินเหลืออยู่ ถือว่าเหตุการณ์จบ/ซ่อมเสร็จแล้ว จึงไม่ขึ้นเตือน,01:30,03:30,59.0,60.125,6.123,72.371,66.248,0.0,ทรงตัว,False,24.493,True,False,True,1.0,True,-0.0187,True,False,0,False,False,0.0,0.0,14,2026-10-05,96,True,1e-05,5.67857,,0.0,RESIDENTIAL,PVC,0.6277,False,2026-10-06 07:18:40
DM-53-05-10-01,DM-53-05-10-01,C,ok,MNF ล่าสุด (29.3 m³/hr) / ส่วนเกินเฉลี่ย 3 วัน (-3.0 m³/hr) กลับมาที่ระดับค่าเฉลี่ยฐาน (31.2 m³/hr) แล้ว — ไม่มีน้ำสูญเสียส่วนเกินเหลืออยู่ ถือว่าเหตุการณ์จบ/ซ่อมเสร็จแล้ว จึงไม่ขึ้นเตือน,01:30,03:30,29.312,31.161,13.117,57.395,44.278,-1.706,ลดลงชัดเจน,True,52.469,True,True,False,9.0,True,-0.0593,True,False,0,False,False,0.0,0.0,14,2026-10-05,96,True,0.0,0.1,,0.0,RESIDENTIAL,PVC,0.5109,False,2026-10-06 07:18:40
DM-53-05-10-02,DM-53-05-10-02,C,ok,MNF ล่าสุด (4.0 m³/hr) / ส่วนเกินเฉลี่ย 3 วัน (-3.6 m³/hr) กลับมาที่ระดับค่าเฉลี่ยฐาน (7.9 m³/hr) แล้ว — ไม่มีน้ำสูญเสียส่วนเกินเหลืออยู่ ถือว่าเหตุการณ์จบ/ซ่อมเสร็จแล้ว จึงไม่ขึ้นเตือน,02:15,04:15,4.0,7.853,8.347,24.547,16.2,-1.431,ลดลงเล็กน้อย,False,33.388,True,False,True,2.0,True,-0.4906,True,False,3,False,False,0.0,0.0,14,2026-10-05,96,True,2e-05,0.0017,,0.0,RESIDENTIAL,PVC,0.5745,False,2026-10-06 07:18:40
DM-53-06-01-01,DM-53-06-01-01,C,ok,มีสัญญาณเชิงสถิติ แต่ส่วนเกิน MNF อยู่แค่ 1.3 m³/hr (6.9% ของค่าเฉลี่ยฐาน 19.2 m³/hr) ต่ำกว่าเกณฑ์ปริมาณขั้นต่ำที่ตั้งไว้ (20%) — ยังไม่คุ้มส่งตรวจ เฝ้าดูต่อ,01:30,03:30,20.5,19.17,2.462,24.095,21.632,1.073,เพิ่มขึ้นเล็กน้อย,False,9.85,True,True,True,4.0,False,0.0694,True,True,10,True,False,5.705,136.93,14,2026-10-05,96,True,0.00022,0.00473,,136.93,RESIDENTIAL,PVC,0.4565,False,2026-10-06 07:18:40
DM-53-06-01-02,DM-53-06-01-02,C,ok,MNF ล่าสุด (141.0 m³/hr) / ส่วนเกินเฉลี่ย 3 วัน (-6.9 m³/hr) กลับมาที่ระดับค่าเฉลี่ยฐาน (159.8 m³/hr) แล้ว — ไม่มีน้ำสูญเสียส่วนเกินเหลืออยู่ ถือว่าเหตุการณ์จบ/ซ่อมเสร็จแล้ว จึงไม่ขึ้นเตือน,01:45,03:45,141.0,159.759,13.883,187.525,173.642,-0.894,ลดลงเล็กน้อย,False,55.532,True,False,True,6.0,True,-0.1174,True,False,2,True,False,0.0,0.0,14,2026-10-05,96,True,0.0,0.1,,0.0,RESIDENTIAL,PVC,0.5638,False,2026-10-06 07:18:40
DM-53-06-02-01,DM-53-06-02-01,C,ok,MNF ล่าสุด (52.4 m³/hr) / ส่วนเกินเฉลี่ย 3 วัน (-1.5 m³/hr) กลับมาที่ระดับค่าเฉลี่ยฐาน (56.5 m³/hr) แล้ว — ไม่มีน้ำสูญเสียส่วนเกินเหลืออยู่ ถือว่าเหตุการณ์จบ/ซ่อมเสร็จแล้ว จึงไม่ขึ้นเตือน,02:00,04:00,52.375,56.482,2.759,62.0,59.241,-0.358,ลดลงเล็กน้อย,False,11.035,True,False,True,5.0,True,-0.0727,True,False,1,True,False,0.0,0.0,14,2026-10-05,96,True,6e-05,14.46429,,0.0,RESIDENTIAL,PVC,0.5213,False,2026-10-06 07:18:40
DM-53-06-03-01,DM-53-06-03-01,B,watch,CUSUM สะสมเป็นบวกต่อเนื่อง (ยังไม่ Step-up ฉับพลัน),01:15,03:15,32.75,21.991,7.032,36.055,29.023,0.894,เพิ่มขึ้นเล็กน้อย,False,28.128,True,True,False,12.0,False,0.4892,False,False,4,True,False,8.717,209.21,14,2026-10-05,96,True,2e-05,0.00276,ไกลจาก RTU (> 2 กม. โดยประมาณ),209.21,RESIDENTIAL,PVC,0.5638,False,2026-10-06 07:18:40
DM-53-06-06-01,DM-53-06-06-01,C,ok,มีสัญญาณเชิงสถิติ แต่ส่วนเกิน MNF อยู่แค่ 13.7 m³/hr (11.1% ของค่าเฉลี่ยฐาน 123.8 m³/hr) ต่ำกว่าเกณฑ์ปริมาณขั้นต่ำที่ตั้งไว้ (20%) — ยังไม่คุ้มส่งตรวจ เฝ้าดูต่อ,01:45,03:45,137.5,123.768,11.212,146.192,134.98,-0.179,ลดลงเล็กน้อย,False,44.848,True,True,False,9.0,False,0.111,True,False,3,True,False,9.774,234.57,14,2026-10-05,96,True,0.0,0.00102,,234.57,RESIDENTIAL,PVC,0.4681,False,2026-10-06 07:18:40
DM-53-08-02-02,DM-53-08-02-02,C,ok,ไม่พบสัญญาณผิดปกติเชิงสถิติ (ใช้น้ำตามพฤติกรรมปกติ),02:00,04:00,14.25,16.473,2.364,21.202,18.837,-1.073,ลดลงเล็กน้อย,False,9.457,False,False,False,,True,-0.135,True,False,1,True,False,0.0,0.0,14,2026-10-05,96,True,2e-05,0.03664,,0.0,RESIDENTIAL,PVC,0.6022,False,2026-10-06 07:18:40
DM-53-08-02-03,DM-53-08-02-03,C,ok,MNF ล่าสุด (16.4 m³/hr) / ส่วนเกินเฉลี่ย 3 วัน (-3.3 m³/hr) กลับมาที่ระดับค่าเฉลี่ยฐาน (19.9 m³/hr) แล้ว — ไม่มีน้ำสูญเสียส่วนเกินเหลืออยู่ ถือว่าเหตุการณ์จบ/ซ่อมเสร็จแล้ว จึงไม่ขึ้นเตือน,02:00,04:00,16.375,19.946,1.851,23.649,21.798,-1.906,ลดลงชัดเจน,True,7.406,False,False,False,,True,-0.1791,True,False,0,False,False,0.0,0.0,14,2026-10-05,96,True,5e-05,0.41243,,0.0,RESIDENTIAL,PVC,0.6237,False,2026-10-06 07:18:40
DM-53-09-02-04,DM-53-09-02-04,C,ok,มีสัญญาณเชิงสถิติ แต่ส่วนเกิน MNF อยู่แค่ 4.8 m³/hr (6.3% ของค่าเฉลี่ยฐาน 75.0 m³/hr) ต่ำกว่าเกณฑ์ปริมาณขั้นต่ำที่ตั้งไว้ (20%) — ยังไม่คุ้มส่งตรวจ เฝ้าดูต่อ,01:45,03:45,79.75,75.0,4.838,84.676,79.838,-0.808,ลดลงเล็กน้อย,False,19.353,True,True,True,4.0,False,0.0633,True,False,1,False,False,5.708,137.0,14,2026-10-05,96,True,0.0,0.1,,137.0,RESIDENTIAL,PVC,0.5652,False,2026-10-06 07:18:40
DM-53-09-03-01,DM-53-09-03-01,C,ok,MNF ล่าสุด (50.5 m³/hr) / ส่วนเกินเฉลี่ย 3 วัน (-1.0 m³/hr) กลับมาที่ระดับค่าเฉลี่ยฐาน (53.3 m³/hr) แล้ว — ไม่มีน้ำสูญเสียส่วนเกินเหลืออยู่ ถือว่าเหตุการณ์จบ/ซ่อมเสร็จแล้ว จึงไม่ขึ้นเตือน,01:30,03:30,50.5,53.312,3.211,59.734,56.523,-2.065,ลดลงชัดเจน,True,12.842,False,False,False,,True,-0.0528,True,False,0,False,False,0.0,0.0,14,2026-10-05,96,True,1e-05,13.39286,,0.0,RESIDENTIAL,PVC,0.6087,False,2026-10-06 07:18:40
DM-53-09-05-01,DM-53-09-05-01,C,ok,มีสัญญาณเชิงสถิติ แต่ส่วนเกิน MNF อยู่แค่ 7.3 m³/hr (10.0% ของค่าเฉลี่ยฐาน 73.4 m³/hr) ต่ำกว่าเกณฑ์ปริมาณขั้นต่ำที่ตั้งไว้ (20%) — ยังไม่คุ้มส่งตรวจ เฝ้าดูต่อ,01:15,03:15,80.75,73.402,10.259,93.92,83.661,0.716,เพิ่มขึ้นเล็กน้อย,False,41.037,True,True,False,10.0,False,0.1001,True,False,1,False,False,8.265,198.36,14,2026-10-05,96,True,1e-05,0.00516,,198.36,RESIDENTIAL,PVC,0.6129,False,2026-10-06 07:18:40
DM-54-01-04-01,DM-54-01-04-01,C,ok,ไม่พบสัญญาณผิดปกติเชิงสถิติ (ใช้น้ำตามพฤติกรรมปกติ),22:45,00:45,41.625,41.527,3.24,48.006,44.767,-1.252,ลดลงเล็กน้อย,False,12.959,False,False,False,,False,0.0024,True,False,1,False,False,1.682,40.36,14,2026-10-05,96,True,4e-05,33.14286,,40.36,RESIDENTIAL,PVC,0.5532,False,2026-10-06 07:18:40
DM-54-01-05-02,DM-54-01-05-02,A,alert,Flow สูงกว่าเกณฑ์ต่อเนื่อง 52 intervals + CUSUM ขยับฐานฉับพลันและเพิ่งตัดเกณฑ์ใน 7 วันล่าสุด,10:30,12:30,443.375,202.223,24.921,252.065,227.144,1.61,เพิ่มขึ้นเล็กน้อย,False,99.685,True,True,True,7.0,False,1.1925,False,True,52,False,False,76.735,1841.64,14,2026-10-05,96,True,0.0,0.0,ใกล้กับ RTU (< 2 กม. โดยประมาณ),1841.64,RESIDENTIAL,PVC,0.4681,False,2026-10-06 07:18:40
DM-54-02-02-01,DM-54-02-02-01,C,ok,MNF ล่าสุด (56.2 m³/hr) / ส่วนเกินเฉลี่ย 3 วัน (-13.0 m³/hr) กลับมาที่ระดับค่าเฉลี่ยฐาน (70.4 m³/hr) แล้ว — ไม่มีน้ำสูญเสียส่วนเกินเหลืออยู่ ถือว่าเหตุการณ์จบ/ซ่อมเสร็จแล้ว จึงไม่ขึ้นเตือน,01:00,03:00,56.25,70.438,4.311,79.059,74.748,-2.683,ลดลงชัดเจน,True,17.244,False,False,False,,True,-0.2014,True,False,0,False,False,0.0,0.0,14,2026-10-05,96,True,1e-05,32.39286,,0.0,RESIDENTIAL,PVC,0.6667,False,2026-10-06 07:18:40
DM-54-02-02-02,DM-54-02-02-02,C,ok,MNF ล่าสุด (29.0 m³/hr) / ส่วนเกินเฉลี่ย 3 วัน (-4.0 m³/hr) กลับมาที่ระดับค่าเฉลี่ยฐาน (31.4 m³/hr) แล้ว — ไม่มีน้ำสูญเสียส่วนเกินเหลืออยู่ ถือว่าเหตุการณ์จบ/ซ่อมเสร็จแล้ว จึงไม่ขึ้นเตือน,00:45,02:45,29.0,31.402,3.72,38.843,35.122,-1.886,ลดลงชัดเจน,True,14.882,False,False,False,,True,-0.0765,True,True,8,True,False,0.0,0.0,14,2026-10-05,96,True,3e-05,0.01901,,0.0,RESIDENTIAL,PVC,0.5824,False,2026-10-06 07:18:40
DM-54-02-03-01,DM-54-02-03-01,C,ok,MNF ล่าสุด (88.1 m³/hr) / ส่วนเกินเฉลี่ย 3 วัน (-10.0 m³/hr) กลับมาที่ระดับค่าเฉลี่ยฐาน (103.3 m³/hr) แล้ว — ไม่มีน้ำสูญเสียส่วนเกินเหลืออยู่ ถือว่าเหตุการณ์จบ/ซ่อมเสร็จแล้ว จึงไม่ขึ้นเตือน,01:15,03:15,88.125,103.304,5.509,114.322,108.813,-2.326,ลดลงชัดเจน,True,22.037,False,False,False,,True,-0.1469,True,False,3,True,False,0.0,0.0,14,2026-10-05,96,True,1e-05,21.71429,,0.0,RESIDENTIAL,PVC,0.4516,False,2026-10-06 07:18:40
DM-54-02-04-03,DM-54-02-04-03,C,ok,MNF ล่าสุด (74.0 m³/hr) / ส่วนเกินเฉลี่ย 3 วัน (-23.6 m³/hr) กลับมาที่ระดับค่าเฉลี่ยฐาน (99.9 m³/hr) แล้ว — ไม่มีน้ำสูญเสียส่วนเกินเหลืออยู่ ถือว่าเหตุการณ์จบ/ซ่อมเสร็จแล้ว จึงไม่ขึ้นเตือน,01:15,03:15,74.0,99.884,6.256,112.396,106.14,-3.22,ลดลงชัดเจน,True,25.024,False,False,False,,True,-0.2591,True,True,14,True,False,0.0,0.0,14,2026-10-05,96,True,1e-05,0.00131,,0.0,RESIDENTIAL,PVC,0.5213,False,2026-10-06 07:18:40
DM-54-02-05-01,DM-54-02-05-01,C,ok,ไม่พบสัญญาณผิดปกติเชิงสถิติ (ใช้น้ำตามพฤติกรรมปกติ),23:00,01:00,124.5,131.277,11.147,153.571,142.424,-1.431,ลดลงเล็กน้อย,False,44.588,False,False,False,,True,-0.0516,True,False,2,True,False,0.0,0.0,14,2026-10-05,96,True,1e-05,37.67857,,0.0,RESIDENTIAL,PVC,0.5213,False,2026-10-06 07:18:40
DM-54-02-05-02,DM-54-02-05-02,C,ok,MNF ล่าสุด (13.2 m³/hr) / ส่วนเกินเฉลี่ย 3 วัน (-11.8 m³/hr) กลับมาที่ระดับค่าเฉลี่ยฐาน (25.4 m³/hr) แล้ว — ไม่มีน้ำสูญเสียส่วนเกินเหลืออยู่ ถือว่าเหตุการณ์จบ/ซ่อมเสร็จแล้ว จึงไม่ขึ้นเตือน,00:45,02:45,13.25,25.438,2.816,31.07,28.254,-3.041,ลดลงชัดเจน,True,11.264,False,False,False,,True,-0.4791,True,False,0,False,False,0.0,0.0,14,2026-10-05,96,True,9e-05,36.64286,,0.0,RESIDENTIAL,PVC,0.5978,False,2026-10-06 07:18:40
DM-54-02-05-03,DM-54-02-05-03,C,ok,MNF ล่าสุด (25.5 m³/hr) / ส่วนเกินเฉลี่ย 3 วัน (-4.0 m³/hr) กลับมาที่ระดับค่าเฉลี่ยฐาน (30.1 m³/hr) แล้ว — ไม่มีน้ำสูญเสียส่วนเกินเหลืออยู่ ถือว่าเหตุการณ์จบ/ซ่อมเสร็จแล้ว จึงไม่ขึ้นเตือน,00:15,02:15,25.5,30.054,2.077,34.208,32.131,-2.705,ลดลงชัดเจน,True,8.308,False,False,False,,True,-0.1515,True,False,1,True,False,0.0,0.0,14,2026-10-05,96,True,0.0001,34.71429,,0.0,RESIDENTIAL,PVC,0.5426,False,2026-10-06 07:18:40
DM-54-03-01-01,DM-54-03-01-01,C,ok,MNF ล่าสุด (16.9 m³/hr) / ส่วนเกินเฉลี่ย 3 วัน (-0.9 m³/hr) กลับมาที่ระดับค่าเฉลี่ยฐาน (19.2 m³/hr) แล้ว — ไม่มีน้ำสูญเสียส่วนเกินเหลืออยู่ ถือว่าเหตุการณ์จบ/ซ่อมเสร็จแล้ว จึงไม่ขึ้นเตือน,01:15,03:15,16.875,19.17,1.648,22.465,20.818,-2.364,ลดลงชัดเจน,True,6.592,False,False,False,,True,-0.1197,True,False,0,False,False,0.0,0.0,14,2026-10-05,96,True,0.00013,20.14286,,0.0,RESIDENTIAL,PVC,0.5978,False,2026-10-06 07:18:40
DM-54-03-01-02,DM-54-03-01-02,C,ok,MNF ล่าสุด (71.5 m³/hr) / ส่วนเกินเฉลี่ย 3 วัน (-2.0 m³/hr) กลับมาที่ระดับค่าเฉลี่ยฐาน (75.8 m³/hr) แล้ว — ไม่มีน้ำสูญเสียส่วนเกินเหลืออยู่ ถือว่าเหตุการณ์จบ/ซ่อมเสร็จแล้ว จึงไม่ขึ้นเตือน,01:15,03:15,71.5,75.821,1.928,79.677,77.749,-2.326,ลดลงชัดเจน,True,7.711,True,False,True,6.0,True,-0.057,True,False,1,False,False,0.0,0.0,14,2026-10-05,96,True,2e-05,21.21429,,0.0,RESIDENTIAL,PVC,0.6064,False,2026-10-06 07:18:40
DM-54-03-01-03,DM-54-03-01-03,C,ok,ไม่พบสัญญาณผิดปกติเชิงสถิติ (ใช้น้ำตามพฤติกรรมปกติ),01:15,03:15,39.125,45.062,6.403,57.869,51.466,1.483,เพิ่มขึ้นเล็กน้อย,False,25.613,False,False,False,,True,-0.1318,True,False,0,False,False,0.0,0.0,14,2026-10-05,96,True,3e-05,29.14286,,0.0,RESIDENTIAL,PVC,0.5699,False,2026-10-06 07:18:40
DM-54-03-02-01,DM-54-03-02-01,C,ok,มีสัญญาณเชิงสถิติ แต่ส่วนเกิน MNF อยู่แค่ 0.0 m³/hr (0.1% ของค่าเฉลี่ยฐาน 37.2 m³/hr) ต่ำกว่าเกณฑ์ปริมาณขั้นต่ำที่ตั้งไว้ (20%) — ยังไม่คุ้มส่งตรวจ เฝ้าดูต่อ,01:00,03:00,37.25,37.223,1.088,39.399,38.311,-0.988,ลดลงเล็กน้อย,False,4.351,True,False,True,6.0,False,0.0007,True,False,3,True,False,1.61,38.64,14,2026-10-05,96,True,0.00012,0.21902,,38.64,RESIDENTIAL,PVC,0.5806,False,2026-10-06 07:18:40
DM-54-03-02-02,DM-54-03-02-02,C,ok,ไม่พบสัญญาณผิดปกติเชิงสถิติ (ใช้น้ำตามพฤติกรรมปกติ),01:15,03:15,117.75,126.429,3.792,134.013,130.221,-1.073,ลดลงเล็กน้อย,False,15.169,False,False,False,,True,-0.0686,True,False,3,True,False,0.0,0.0,14,2026-10-05,96,True,1e-05,42.28571,,0.0,RESIDENTIAL,PVC,0.5,False,2026-10-06 07:18:40
DM-54-03-02-03,DM-54-03-02-03,C,ok,ไม่พบสัญญาณผิดปกติเชิงสถิติ (ใช้น้ำตามพฤติกรรมปกติ),01:00,03:00,113.0,116.875,3.053,122.982,119.928,-1.252,ลดลงเล็กน้อย,False,12.214,False,False,False,,True,-0.0332,True,False,3,False,False,0.0,0.0,14,2026-10-05,96,True,0.0,0.98315,,0.0,RESIDENTIAL,PVC,0.5506,False,2026-10-06 07:18:40
DM-54-04-01-01,DM-54-04-01-01,C,ok,MNF ล่าสุด (30.6 m³/hr) / ส่วนเกินเฉลี่ย 3 วัน (-1.0 m³/hr) กลับมาที่ระดับค่าเฉลี่ยฐาน (33.2 m³/hr) แล้ว — ไม่มีน้ำสูญเสียส่วนเกินเหลืออยู่ ถือว่าเหตุการณ์จบ/ซ่อมเสร็จแล้ว จึงไม่ขึ้นเตือน,01:15,03:15,30.625,33.152,1.288,35.728,34.44,-2.164,ลดลงชัดเจน,True,5.152,False,False,False,,True,-0.0762,True,False,2,False,False,0.0,0.0,14,2026-10-05,96,True,5e-05,20.89286,,0.0,RESIDENTIAL,PVC,0.5914,False,2026-10-06 07:18:40
DM-54-04-02-01,DM-54-04-02-01,C,ok,MNF ล่าสุด (36.5 m³/hr) / ส่วนเกินเฉลี่ย 3 วัน (-10.2 m³/hr) กลับมาที่ระดับค่าเฉลี่ยฐาน (47.2 m³/hr) แล้ว — ไม่มีน้ำสูญเสียส่วนเกินเหลืออยู่ ถือว่าเหตุการณ์จบ/ซ่อมเสร็จแล้ว จึงไม่ขึ้นเตือน,01:00,03:00,36.5,47.25,2.62,52.491,49.87,-3.22,ลดลงชัดเจน,True,10.481,False,False,False,,True,-0.2275,True,False,0,False,False,0.0,0.0,14,2026-10-05,96,True,3e-05,34.17857,,0.0,RESIDENTIAL,PVC,0.5426,False,2026-10-06 07:18:40
DM-54-04-02-02,DM-54-04-02-02,C,ok,MNF ล่าสุด (36.6 m³/hr) / ส่วนเกินเฉลี่ย 3 วัน (-5.4 m³/hr) กลับมาที่ระดับค่าเฉลี่ยฐาน (43.7 m³/hr) แล้ว — ไม่มีน้ำสูญเสียส่วนเกินเหลืออยู่ ถือว่าเหตุการณ์จบ/ซ่อมเสร็จแล้ว จึงไม่ขึ้นเตือน,01:15,03:15,36.625,43.741,1.969,47.68,45.71,-2.784,ลดลงชัดเจน,True,7.877,False,False,False,,True,-0.1627,True,False,1,True,False,0.0,0.0,14,2026-10-05,96,True,3e-05,1.83312,,0.0,RESIDENTIAL,PVC,0.5957,False,2026-10-06 07:18:40
DM-54-04-03-03,DM-54-04-03-03,C,ok,MNF ล่าสุด (4.8 m³/hr) / ส่วนเกินเฉลี่ย 3 วัน (-7.7 m³/hr) กลับมาที่ระดับค่าเฉลี่ยฐาน (16.7 m³/hr) แล้ว — ไม่มีน้ำสูญเสียส่วนเกินเหลืออยู่ ถือว่าเหตุการณ์จบ/ซ่อมเสร็จแล้ว จึงไม่ขึ้นเตือน,01:45,03:45,4.75,16.732,8.031,32.794,24.763,-2.326,ลดลงชัดเจน,True,32.124,False,False,False,,True,-0.7161,True,False,0,False,False,0.0,0.0,14,2026-10-05,96,True,3e-05,0.13568,,0.0,RESIDENTIAL,PVC,0.5745,False,2026-10-06 07:18:40
DM-54-05-02-01,DM-54-05-02-01,C,ok,MNF ล่าสุด (60.4 m³/hr) / ส่วนเกินเฉลี่ย 3 วัน (+1.6 m³/hr) กลับมาที่ระดับค่าเฉลี่ยฐาน (61.8 m³/hr) แล้ว — ไม่มีน้ำสูญเสียส่วนเกินเหลืออยู่ ถือว่าเหตุการณ์จบ/ซ่อมเสร็จแล้ว จึงไม่ขึ้นเตือน,01:15,03:15,60.375,61.839,2.388,66.616,64.228,-0.629,ลดลงเล็กน้อย,False,9.553,True,False,True,4.0,True,-0.0237,True,False,0,False,False,1.577,37.86,14,2026-10-05,96,True,2e-05,3.21429,,37.86,RESIDENTIAL,PVC,0.5638,False,2026-10-06 07:18:40
DM-54-06-01-02,DM-54-06-01-02,C,ok,ไม่พบสัญญาณผิดปกติเชิงสถิติ (ใช้น้ำตามพฤติกรรมปกติ),04:00,06:00,57.625,55.893,2.916,61.725,58.809,1.073,เพิ่มขึ้นเล็กน้อย,False,11.665,False,False,False,,True,0.031,True,False,1,False,False,0.0,0.0,14,2026-10-05,96,True,9e-05,27.82143,,0.0,RESIDENTIAL,PVC,0.6277,False,2026-10-06 07:18:40
DM-54-06-01-04,DM-54-06-01-04,C,ok,ไม่พบสัญญาณผิดปกติเชิงสถิติ (ใช้น้ำตามพฤติกรรมปกติ),21:45,23:45,50.625,53.473,8.834,71.142,62.308,-0.716,ลดลงเล็กน้อย,False,35.338,False,False,False,,True,-0.0533,True,False,3,False,False,0.277,6.64,14,2026-10-05,96,True,2e-05,34.0,,6.64,RESIDENTIAL,PVC,0.4286,False,2026-10-06 07:18:40
DM-54-06-02-01,DM-54-06-02-01,C,ok,MNF ล่าสุด (56.1 m³/hr) / ส่วนเกินเฉลี่ย 3 วัน (-11.1 m³/hr) กลับมาที่ระดับค่าเฉลี่ยฐาน (68.2 m³/hr) แล้ว — ไม่มีน้ำสูญเสียส่วนเกินเหลืออยู่ ถือว่าเหตุการณ์จบ/ซ่อมเสร็จแล้ว จึงไม่ขึ้นเตือน,01:00,03:00,56.125,68.188,3.764,75.715,71.951,-3.22,ลดลงชัดเจน,True,15.054,False,False,False,,True,-0.1769,True,False,4,True,False,0.0,0.0,14,2026-10-05,96,True,2e-05,19.32143,,0.0,RESIDENTIAL,PVC,0.5652,False,2026-10-06 07:18:40
DM-54-06-02-02,DM-54-06-02-02,C,ok,ไม่พบสัญญาณผิดปกติเชิงสถิติ (ใช้น้ำตามพฤติกรรมปกติ),01:15,03:15,20.625,24.0,1.331,26.663,25.331,-0.449,ลดลงเล็กน้อย,False,5.325,False,False,False,,True,-0.1406,True,False,2,False,False,0.0,0.0,14,2026-10-05,57,False,2e-05,4.42857,,0.0,RESIDENTIAL,PVC,0.4528,False,2026-10-06 07:18:40
DM-54-06-04-03,DM-54-06-04-03,C,ok,MNF ล่าสุด (28.6 m³/hr) / ส่วนเกินเฉลี่ย 3 วัน (-7.3 m³/hr) กลับมาที่ระดับค่าเฉลี่ยฐาน (37.7 m³/hr) แล้ว — ไม่มีน้ำสูญเสียส่วนเกินเหลืออยู่ ถือว่าเหตุการณ์จบ/ซ่อมเสร็จแล้ว จึงไม่ขึ้นเตือน,00:30,02:30,28.625,37.732,3.778,45.288,41.51,-3.22,ลดลงชัดเจน,True,15.113,False,False,False,,True,-0.2414,True,False,2,True,False,0.0,0.0,14,2026-10-05,96,True,3e-05,39.10714,,0.0,RESIDENTIAL,PVC,0.5532,False,2026-10-06 07:18:40
DM-54-07-03-01,DM-54-07-03-01,C,ok,ไม่พบสัญญาณผิดปกติเชิงสถิติ (ใช้น้ำตามพฤติกรรมปกติ),01:00,03:00,112.0,120.491,2.242,124.975,122.733,0.0,ทรงตัว,False,8.967,False,False,False,,True,-0.0705,True,False,0,False,False,0.0,0.0,14,2026-10-05,57,False,1e-05,25.57143,,0.0,RESIDENTIAL,PVC,0.5472,False,2026-10-06 07:18:40
DM-54-08-03-01,DM-54-08-03-01,C,ok,ไม่พบสัญญาณผิดปกติเชิงสถิติ (ใช้น้ำตามพฤติกรรมปกติ),22:45,00:45,335.125,262.688,45.579,353.846,308.267,0.537,เพิ่มขึ้นเล็กน้อย,False,182.318,False,False,False,,False,0.2758,False,False,7,True,False,41.938,1006.5,14,2026-10-05,96,True,0.0,0.00099,,1006.5,RESIDENTIAL,PVC,0.6915,False,2026-10-06 07:18:40
DM-54-09-01-01,DM-54-09-01-01,C,ok,MNF ล่าสุด (55.0 m³/hr) / ส่วนเกินเฉลี่ย 3 วัน (-7.9 m³/hr) กลับมาที่ระดับค่าเฉลี่ยฐาน (64.4 m³/hr) แล้ว — ไม่มีน้ำสูญเสียส่วนเกินเหลืออยู่ ถือว่าเหตุการณ์จบ/ซ่อมเสร็จแล้ว จึงไม่ขึ้นเตือน,01:00,03:00,55.0,64.357,4.128,72.614,68.485,-3.399,ลดลงชัดเจน,True,16.513,False,False,False,,True,-0.1454,True,False,1,False,False,0.0,0.0,14,2026-10-05,96,True,2e-05,35.64286,,0.0,RESIDENTIAL,PVC,0.5638,False,2026-10-06 07:18:40
DM-54-09-02-01,DM-54-09-02-01,C,ok,MNF ล่าสุด (89.8 m³/hr) / ส่วนเกินเฉลี่ย 3 วัน (-8.4 m³/hr) กลับมาที่ระดับค่าเฉลี่ยฐาน (103.0 m³/hr) แล้ว — ไม่มีน้ำสูญเสียส่วนเกินเหลืออยู่ ถือว่าเหตุการณ์จบ/ซ่อมเสร็จแล้ว จึงไม่ขึ้นเตือน,01:15,03:15,89.75,102.991,3.015,109.022,106.006,-3.22,ลดลงชัดเจน,True,12.062,True,False,True,3.0,True,-0.1286,True,False,1,True,False,0.0,0.0,14,2026-10-05,96,True,1e-05,20.17857,,0.0,RESIDENTIAL,PVC,0.5106,False,2026-10-06 07:18:40
DM-54-09-02-02,DM-54-09-02-02,C,ok,MNF ล่าสุด (2.8 m³/hr) / ส่วนเกินเฉลี่ย 3 วัน (-6.6 m³/hr) กลับมาที่ระดับค่าเฉลี่ยฐาน (10.7 m³/hr) แล้ว — ไม่มีน้ำสูญเสียส่วนเกินเหลืออยู่ ถือว่าเหตุการณ์จบ/ซ่อมเสร็จแล้ว จึงไม่ขึ้นเตือน,00:00,02:00,2.75,10.661,5.536,21.733,16.197,-2.504,ลดลงชัดเจน,True,22.144,False,False,False,,True,-0.742,True,False,2,True,False,0.0,0.0,14,2026-10-05,96,True,7e-05,27.35714,,0.0,RESIDENTIAL,PVC,0.6064,False,2026-10-06 07:18:40
DM-54-09-07-01,DM-54-09-07-01,C,ok,MNF ล่าสุด (22.5 m³/hr) / ส่วนเกินเฉลี่ย 3 วัน (-14.8 m³/hr) กลับมาที่ระดับค่าเฉลี่ยฐาน (39.1 m³/hr) แล้ว — ไม่มีน้ำสูญเสียส่วนเกินเหลืออยู่ ถือว่าเหตุการณ์จบ/ซ่อมเสร็จแล้ว จึงไม่ขึ้นเตือน,00:30,02:30,22.5,39.071,8.727,56.526,47.799,-3.22,ลดลงชัดเจน,True,34.91,False,False,False,,True,-0.4241,True,False,0,False,False,0.0,0.0,14,2026-10-05,96,True,2e-05,35.46429,,0.0,RESIDENTIAL,PVC,0.5699,False,2026-10-06 07:18:40
DM-55-01-01-01,DM-55-01-01-01,C,ok,มีสัญญาณเชิงสถิติ แต่ส่วนเกิน MNF อยู่แค่ 9.1 m³/hr (9.9% ของค่าเฉลี่ยฐาน 92.2 m³/hr) ต่ำกว่าเกณฑ์ปริมาณขั้นต่ำที่ตั้งไว้ (20%) — ยังไม่คุ้มส่งตรวจ เฝ้าดูต่อ,01:30,03:30,101.25,92.152,4.05,100.251,96.201,1.886,เพิ่มขึ้นชัดเจน,True,16.199,True,False,True,2.0,False,0.0987,True,True,43,True,False,22.973,551.36,14,2026-10-05,96,True,2e-05,0.00106,,551.36,RESIDENTIAL,PVC,0.4362,False,2026-10-06 07:18:40
DM-55-01-02-01,DM-55-01-02-01,C,ok,MNF ล่าสุด (58.9 m³/hr) / ส่วนเกินเฉลี่ย 3 วัน (+0.3 m³/hr) กลับมาที่ระดับค่าเฉลี่ยฐาน (61.9 m³/hr) แล้ว — ไม่มีน้ำสูญเสียส่วนเกินเหลืออยู่ ถือว่าเหตุการณ์จบ/ซ่อมเสร็จแล้ว จึงไม่ขึ้นเตือน,01:45,03:45,58.875,61.911,4.275,70.46,66.185,0.449,เพิ่มขึ้นเล็กน้อย,False,17.099,False,False,False,,True,-0.049,True,True,14,True,False,0.256,6.14,14,2026-10-05,96,True,3e-05,0.00476,,6.14,RESIDENTIAL,PVC,0.5426,False,2026-10-06 07:18:40
DM-55-01-03-01,DM-55-01-03-01,C,ok,ไม่พบสัญญาณผิดปกติเชิงสถิติ (ใช้น้ำตามพฤติกรรมปกติ),02:15,04:15,46.75,46.277,2.509,51.295,48.786,0.0,ทรงตัว,False,10.036,False,False,False,,False,0.0102,True,False,4,True,False,0.765,18.36,14,2026-10-05,96,True,7e-05,0.02906,,18.36,RESIDENTIAL,PVC,0.5532,False,2026-10-06 07:18:40
DM-55-02-02-01,DM-55-02-02-01,A,alert,Flow สูงกว่าเกณฑ์ต่อเนื่อง 44 intervals + CUSUM ขยับฐานฉับพลันและเพิ่งตัดเกณฑ์ใน 7 วันล่าสุด + แรงดันตกยืนยัน,02:00,04:00,118.625,83.839,11.452,106.743,95.291,1.789,เพิ่มขึ้นชัดเจน,True,45.808,True,True,True,5.0,False,0.4149,False,True,44,True,False,55.077,1321.86,14,2026-10-05,96,True,1e-05,0.00022,ใกล้กับ RTU (< 2 กม. โดยประมาณ),1321.86,RESIDENTIAL,PVC,0.4239,False,2026-10-06 07:18:40
DM-55-02-03-01,DM-55-02-03-01,C,ok,MNF ล่าสุด (86.4 m³/hr) / ส่วนเกินเฉลี่ย 3 วัน (+2.4 m³/hr) กลับมาที่ระดับค่าเฉลี่ยฐาน (88.7 m³/hr) แล้ว — ไม่มีน้ำสูญเสียส่วนเกินเหลืออยู่ ถือว่าเหตุการณ์จบ/ซ่อมเสร็จแล้ว จึงไม่ขึ้นเตือน,02:00,04:00,86.375,88.679,5.918,100.515,94.597,0.358,เพิ่มขึ้นเล็กน้อย,False,23.673,True,True,True,3.0,True,-0.026,True,False,7,True,False,2.405,57.71,14,2026-10-05,96,True,1e-05,0.00579,,57.71,RESIDENTIAL,PVC,0.5435,False,2026-10-06 07:18:40
DM-55-03-02-01,DM-55-03-02-01,C,ok,ไม่พบสัญญาณผิดปกติเชิงสถิติ (ใช้น้ำตามพฤติกรรมปกติ),02:00,04:00,125.5,142.25,9.112,160.475,151.362,-0.808,ลดลงเล็กน้อย,False,36.45,False,False,False,,True,-0.1178,True,False,0,False,False,0.0,0.0,14,2026-10-05,96,True,1e-05,33.0,,0.0,RESIDENTIAL,PVC,0.5319,False,2026-10-06 07:18:40
DM-55-03-03-01,DM-55-03-03-01,C,ok,ไม่พบสัญญาณผิดปกติเชิงสถิติ (ใช้น้ำตามพฤติกรรมปกติ),01:45,03:45,187.375,186.125,6.382,198.89,192.507,0.537,เพิ่มขึ้นเล็กน้อย,False,25.529,False,False,False,,True,0.0067,True,False,2,True,False,0.0,0.0,14,2026-10-05,96,True,0.0,0.00141,,0.0,RESIDENTIAL,PVC,0.4681,False,2026-10-06 07:18:40
DM-55-04-01-02,DM-55-04-01-02,A,alert,Flow สูงกว่าเกณฑ์ต่อเนื่อง 23 intervals + CUSUM ขยับฐานฉับพลันและเพิ่งตัดเกณฑ์ใน 7 วันล่าสุด + แรงดันตกยืนยัน,01:30,03:30,48.125,29.045,4.297,37.638,33.341,1.431,เพิ่มขึ้นเล็กน้อย,False,17.187,True,True,True,5.0,False,0.6569,False,True,23,True,False,20.58,493.93,14,2026-10-05,96,True,3e-05,0.00159,ไกลจาก RTU (> 2 กม. โดยประมาณ),493.93,RESIDENTIAL,PVC,0.5532,False,2026-10-06 07:18:40
DM-55-04-01-04,DM-55-04-01-04,C,ok,ไม่พบสัญญาณผิดปกติเชิงสถิติ (ใช้น้ำตามพฤติกรรมปกติ),01:15,03:15,13.125,15.259,1.985,19.229,17.244,0.0,ทรงตัว,False,7.941,False,False,False,,True,-0.1398,True,False,0,False,False,0.0,0.0,14,2026-10-05,96,True,9e-05,14.57143,,0.0,RESIDENTIAL,PVC,0.6667,False,2026-10-06 07:18:40
DM-55-04-02-02,DM-55-04-02-02,C,ok,ไม่พบสัญญาณผิดปกติเชิงสถิติ (ใช้น้ำตามพฤติกรรมปกติ),02:00,04:00,29.125,31.696,4.463,40.623,36.159,0.358,เพิ่มขึ้นเล็กน้อย,False,17.852,False,False,False,,True,-0.0811,True,False,0,False,False,0.0,0.0,14,2026-10-05,96,True,7e-05,59.25,,0.0,RESIDENTIAL,PVC,0.6064,False,2026-10-06 07:18:40
DM-55-04-02-03,DM-55-04-02-03,C,ok,มีสัญญาณเชิงสถิติ แต่ส่วนเกิน MNF อยู่แค่ 3.4 m³/hr (16.3% ของค่าเฉลี่ยฐาน 21.0 m³/hr) ต่ำกว่าเกณฑ์ปริมาณขั้นต่ำที่ตั้งไว้ (20%) — ยังไม่คุ้มส่งตรวจ เฝ้าดูต่อ,00:30,02:30,24.375,20.964,1.936,24.837,22.9,2.147,เพิ่มขึ้นชัดเจน,True,7.745,True,True,False,10.0,False,0.1627,True,False,6,True,False,5.994,143.86,14,2026-10-05,96,True,0.00012,0.01606,,143.86,RESIDENTIAL,PVC,0.5914,False,2026-10-06 07:18:40
DM-55-04-03-01,DM-55-04-03-01,C,ok,ไม่พบสัญญาณผิดปกติเชิงสถิติ (ใช้น้ำตามพฤติกรรมปกติ),02:15,04:15,16.75,26.616,6.746,40.109,33.363,-1.073,ลดลงเล็กน้อย,False,26.986,False,False,False,,True,-0.3707,True,False,0,False,False,0.0,0.0,14,2026-10-05,96,True,0.00035,27.67857,,0.0,RESIDENTIAL,PVC,0.413,False,2026-10-06 07:18:40
DM-55-04-03-02,DM-55-04-03-02,C,ok,ไม่พบสัญญาณผิดปกติเชิงสถิติ (ใช้น้ำตามพฤติกรรมปกติ),02:00,04:00,101.125,108.554,4.104,116.762,112.658,-1.527,ลดลงเล็กน้อย,False,16.416,False,False,False,,True,-0.0684,True,False,2,True,False,0.0,0.0,14,2026-10-05,96,True,1e-05,32.89286,,0.0,RESIDENTIAL,PVC,0.4946,False,2026-10-06 07:18:40
DM-55-04-03-04,DM-55-04-03-04,C,ok,MNF ล่าสุด (35.4 m³/hr) / ส่วนเกินเฉลี่ย 3 วัน (-31.0 m³/hr) กลับมาที่ระดับค่าเฉลี่ยฐาน (64.8 m³/hr) แล้ว — ไม่มีน้ำสูญเสียส่วนเกินเหลืออยู่ ถือว่าเหตุการณ์จบ/ซ่อมเสร็จแล้ว จึงไม่ขึ้นเตือน,03:00,05:00,35.375,64.821,8.229,81.28,73.051,-2.326,ลดลงชัดเจน,True,32.917,False,False,False,,True,-0.4543,True,False,0,False,False,0.0,0.0,14,2026-10-05,96,True,9e-05,21.0,,0.0,RESIDENTIAL,PVC,0.6413,False,2026-10-06 07:18:40
DM-55-04-03-05,DM-55-04-03-05,C,ok,ไม่พบสัญญาณผิดปกติเชิงสถิติ (ใช้น้ำตามพฤติกรรมปกติ),01:15,03:15,66.5,81.241,9.948,101.136,91.189,0.0,ทรงตัว,False,39.79,False,False,False,,True,-0.1814,True,False,1,True,False,0.0,0.0,14,2026-10-05,96,True,1e-05,10.5,,0.0,RESIDENTIAL,PVC,0.5376,False,2026-10-06 07:18:40
DM-55-04-04-01,DM-55-04-04-01,C,ok,MNF ล่าสุด (92.9 m³/hr) / ส่วนเกินเฉลี่ย 3 วัน (-12.7 m³/hr) กลับมาที่ระดับค่าเฉลี่ยฐาน (108.1 m³/hr) แล้ว — ไม่มีน้ำสูญเสียส่วนเกินเหลืออยู่ ถือว่าเหตุการณ์จบ/ซ่อมเสร็จแล้ว จึงไม่ขึ้นเตือน,01:45,03:45,92.875,108.143,3.77,115.683,111.913,-1.968,ลดลงชัดเจน,True,15.079,False,False,False,,True,-0.1412,True,False,0,False,False,0.0,0.0,14,2026-10-05,96,True,1e-05,43.57143,,0.0,RESIDENTIAL,PVC,0.6383,False,2026-10-06 07:18:40
DM-55-04-05-01,DM-55-04-05-01,C,ok,มีสัญญาณเชิงสถิติ แต่ส่วนเกิน MNF อยู่แค่ 6.9 m³/hr (6.2% ของค่าเฉลี่ยฐาน 110.4 m³/hr) ต่ำกว่าเกณฑ์ปริมาณขั้นต่ำที่ตั้งไว้ (20%) — ยังไม่คุ้มส่งตรวจ เฝ้าดูต่อ,02:00,04:00,117.25,110.357,6.267,122.892,116.624,1.393,เพิ่มขึ้นเล็กน้อย,False,25.069,True,False,True,1.0,False,0.0625,True,False,0,False,False,6.893,165.43,14,2026-10-05,57,False,0.0,0.00242,,165.43,RESIDENTIAL,PVC,0.5091,False,2026-10-06 07:18:40
DM-55-05-01-02,DM-55-05-01-02,C,ok,มีสัญญาณเชิงสถิติ แต่ส่วนเกิน MNF อยู่แค่ 5.8 m³/hr (2.4% ของค่าเฉลี่ยฐาน 237.7 m³/hr) ต่ำกว่าเกณฑ์ปริมาณขั้นต่ำที่ตั้งไว้ (20%) — ยังไม่คุ้มส่งตรวจ เฝ้าดูต่อ,07:15,09:15,243.5,237.741,13.958,265.658,251.7,2.147,เพิ่มขึ้นชัดเจน,True,55.834,False,False,False,,False,0.0242,True,False,0,False,False,5.801,139.21,14,2026-10-05,96,True,1e-05,16.96429,,139.21,RESIDENTIAL,PVC,0.4946,False,2026-10-06 07:18:40
DM-55-05-02-01,DM-55-05-02-01,C,ok,ไม่พบสัญญาณผิดปกติเชิงสถิติ (ใช้น้ำตามพฤติกรรมปกติ),01:30,03:30,79.5,82.75,7.981,98.712,90.731,0.629,เพิ่มขึ้นเล็กน้อย,False,31.924,False,False,False,,True,-0.0393,True,False,0,False,False,1.375,33.0,14,2026-10-05,96,True,1e-05,12.39286,,33.0,RESIDENTIAL,PVC,0.5699,False,2026-10-06 07:18:40
DM-55-05-03-02,DM-55-05-03-02,B,watch,Flow สูงกว่าเกณฑ์ต่อเนื่อง 23 intervals พร้อมแรงดันตก แต่ไม่ใช่การเปลี่ยนแปลงฉับพลันใน 1-2 วัน (น่าจะเป็นรั่วที่ดำเนินมาระยะหนึ่งแล้วและขยายจนคงที่) — ควรตรวจสอบโดยเร็วแต่ไม่ใช่เหตุฉุกเฉินแบบท่อแตกใหม่,01:45,03:45,105.5,78.054,19.448,116.949,97.501,1.252,เพิ่มขึ้นเล็กน้อย,False,77.792,False,False,False,,False,0.3516,False,True,23,True,False,25.696,616.71,14,2026-10-05,96,True,1e-05,0.00021,ใกล้กับ RTU (< 2 กม. โดยประมาณ),616.71,RESIDENTIAL,PVC,0.5106,False,2026-10-06 07:18:40
DM-55-05-03-03,DM-55-05-03-03,C,ok,ไม่พบสัญญาณผิดปกติเชิงสถิติ (ใช้น้ำตามพฤติกรรมปกติ),02:30,04:30,49.5,53.688,7.426,68.539,61.113,0.358,เพิ่มขึ้นเล็กน้อย,False,29.703,False,False,False,,True,-0.078,True,False,0,False,False,0.0,0.0,14,2026-10-05,57,False,1e-05,0.1,,0.0,RESIDENTIAL,PVC,0.4364,False,2026-10-06 07:18:40
DM-55-05-04-01,DM-55-05-04-01,C,ok,มีสัญญาณเชิงสถิติ แต่ส่วนเกิน MNF อยู่แค่ 0.1 m³/hr (1.8% ของค่าเฉลี่ยฐาน 5.4 m³/hr) ต่ำกว่าเกณฑ์ปริมาณขั้นต่ำที่ตั้งไว้ (20%) — ยังไม่คุ้มส่งตรวจ เฝ้าดูต่อ,02:30,04:30,5.5,5.402,5.07,15.542,10.472,-2.245,ลดลงชัดเจน,True,20.28,False,False,False,,False,0.0182,True,True,13,True,False,0.432,10.36,14,2026-10-05,96,True,3e-05,0.00093,,10.36,RESIDENTIAL,PVC,0.5,False,2026-10-06 07:18:40
DM-55-05-05-01,DM-55-05-05-01,C,ok,มีสัญญาณเชิงสถิติ แต่ส่วนเกิน MNF อยู่แค่ 1.0 m³/hr (4.7% ของค่าเฉลี่ยฐาน 21.1 m³/hr) ต่ำกว่าเกณฑ์ปริมาณขั้นต่ำที่ตั้งไว้ (20%) — ยังไม่คุ้มส่งตรวจ เฝ้าดูต่อ,01:30,03:30,22.125,21.134,3.439,28.012,24.573,-1.362,ลดลงเล็กน้อย,False,13.756,True,False,True,7.0,False,0.0469,True,False,1,False,False,1.283,30.79,14,2026-10-05,96,True,0.00016,23.82143,,30.79,RESIDENTIAL,PVC,0.5699,False,2026-10-06 07:18:40
DM-55-06-01-02,DM-55-06-01-02,C,ok,MNF ล่าสุด (36.2 m³/hr) / ส่วนเกินเฉลี่ย 3 วัน (+6.3 m³/hr) กลับมาที่ระดับค่าเฉลี่ยฐาน (52.7 m³/hr) แล้ว — ไม่มีน้ำสูญเสียส่วนเกินเหลืออยู่ ถือว่าเหตุการณ์จบ/ซ่อมเสร็จแล้ว จึงไม่ขึ้นเตือน,01:30,03:30,36.25,52.652,22.684,98.02,75.336,1.073,เพิ่มขึ้นเล็กน้อย,False,90.737,False,False,False,,True,-0.3115,True,True,10,True,False,6.348,152.36,14,2026-10-05,96,True,4e-05,11.07143,,152.36,RESIDENTIAL,PVC,0.5957,False,2026-10-06 07:18:40
DM-55-06-03-02,DM-55-06-03-02,C,ok,มีสัญญาณเชิงสถิติ แต่ส่วนเกิน MNF อยู่แค่ 2.8 m³/hr (9.4% ของค่าเฉลี่ยฐาน 29.9 m³/hr) ต่ำกว่าเกณฑ์ปริมาณขั้นต่ำที่ตั้งไว้ (20%) — ยังไม่คุ้มส่งตรวจ เฝ้าดูต่อ,02:00,04:00,32.75,29.938,2.427,34.791,32.364,0.09,เพิ่มขึ้นเล็กน้อย,False,9.708,True,False,True,4.0,False,0.0939,True,False,2,True,False,3.479,83.5,14,2026-10-05,96,True,5e-05,0.01682,,83.5,RESIDENTIAL,PVC,0.587,False,2026-10-06 07:18:40
DM-55-06-07-06,DM-55-06-07-06,C,ok,MNF ล่าสุด (28.6 m³/hr) / ส่วนเกินเฉลี่ย 3 วัน (-45.7 m³/hr) กลับมาที่ระดับค่าเฉลี่ยฐาน (77.8 m³/hr) แล้ว — ไม่มีน้ำสูญเสียส่วนเกินเหลืออยู่ ถือว่าเหตุการณ์จบ/ซ่อมเสร็จแล้ว จึงไม่ขึ้นเตือน,00:00,02:00,28.625,77.821,34.357,146.536,112.179,-2.504,ลดลงชัดเจน,True,137.429,False,False,False,,True,-0.6322,True,True,8,True,False,0.0,0.0,14,2026-10-05,96,True,1e-05,0.00591,,0.0,RESIDENTIAL,PVC,0.4362,False,2026-10-06 07:18:40
DM-55-06-07-10,DM-55-06-07-10,C,ok,ไม่พบสัญญาณผิดปกติเชิงสถิติ (ใช้น้ำตามพฤติกรรมปกติ),02:30,04:30,104.25,101.295,10.411,122.117,111.706,1.073,เพิ่มขึ้นเล็กน้อย,False,41.645,False,False,False,,False,0.0292,True,False,1,False,False,9.58,229.93,14,2026-10-05,96,True,0.0,0.00099,,229.93,RESIDENTIAL,PVC,0.6344,False,2026-10-06 07:18:40
DM-55-07-01-02,DM-55-07-01-02,C,ok,มีสัญญาณเชิงสถิติ แต่ส่วนเกิน MNF อยู่แค่ 8.6 m³/hr (5.8% ของค่าเฉลี่ยฐาน 148.0 m³/hr) ต่ำกว่าเกณฑ์ปริมาณขั้นต่ำที่ตั้งไว้ (20%) — ยังไม่คุ้มส่งตรวจ เฝ้าดูต่อ,02:15,04:15,156.625,148.0,7.258,162.517,155.258,0.537,เพิ่มขึ้นเล็กน้อย,False,29.034,True,True,False,9.0,False,0.0583,True,False,2,True,False,8.583,206.0,14,2026-10-05,96,True,0.0,0.00329,,206.0,RESIDENTIAL,PVC,0.5484,False,2026-10-06 07:18:40
DM-55-07-02-01,DM-55-07-02-01,C,ok,ไม่พบสัญญาณผิดปกติเชิงสถิติ (ใช้น้ำตามพฤติกรรมปกติ),01:15,03:15,107.625,112.295,9.93,132.155,122.225,1.61,เพิ่มขึ้นเล็กน้อย,False,39.72,False,False,False,,True,-0.0416,True,False,2,True,False,10.664,255.93,14,2026-10-05,96,True,1e-05,0.00333,,255.93,RESIDENTIAL,PVC,0.6915,False,2026-10-06 07:18:40
DM-55-07-03-01,DM-55-07-03-01,C,ok,ไม่พบสัญญาณผิดปกติเชิงสถิติ (ใช้น้ำตามพฤติกรรมปกติ),00:45,02:45,43.375,63.125,9.349,81.824,72.474,1.61,เพิ่มขึ้นเล็กน้อย,False,37.397,False,False,False,,True,-0.3129,True,False,1,True,False,0.0,0.0,14,2026-10-05,96,True,1e-05,0.07812,,0.0,RESIDENTIAL,PVC,0.5806,False,2026-10-06 07:18:40
DM-55-07-03-02,DM-55-07-03-02,C,ok,ไม่พบสัญญาณผิดปกติเชิงสถิติ (ใช้น้ำตามพฤติกรรมปกติ),22:15,00:15,38.75,45.839,8.139,62.117,53.978,1.073,เพิ่มขึ้นเล็กน้อย,False,32.555,False,False,False,,True,-0.1547,True,False,1,False,False,0.0,0.0,14,2026-10-05,96,True,2e-05,2.20893,,0.0,RESIDENTIAL,PVC,0.4839,False,2026-10-06 07:18:40
DM-55-07-04-02,DM-55-07-04-02,C,ok,ไม่พบสัญญาณผิดปกติเชิงสถิติ (ใช้น้ำตามพฤติกรรมปกติ),02:00,04:00,117.0,120.661,9.705,140.07,130.366,1.252,เพิ่มขึ้นเล็กน้อย,False,38.819,False,False,False,,True,-0.0303,True,False,1,True,False,0.0,0.0,14,2026-10-05,96,True,0.0,0.1,,0.0,RESIDENTIAL,PVC,0.6277,False,2026-10-06 07:18:40
DM-55-07-05-02,DM-55-07-05-02,C,ok,ไม่พบสัญญาณผิดปกติเชิงสถิติ (ใช้น้ำตามพฤติกรรมปกติ),02:00,04:00,54.5,61.571,6.366,74.303,67.937,-1.347,ลดลงเล็กน้อย,False,25.464,False,False,False,,True,-0.1148,True,False,0,False,False,0.0,0.0,14,2026-10-05,96,True,3e-05,26.85714,,0.0,RESIDENTIAL,PVC,0.5745,False,2026-10-06 07:18:40
DM-55-07-05-03,DM-55-07-05-03,C,ok,MNF ล่าสุด (15.6 m³/hr) / ส่วนเกินเฉลี่ย 3 วัน (-8.7 m³/hr) กลับมาที่ระดับค่าเฉลี่ยฐาน (32.9 m³/hr) แล้ว — ไม่มีน้ำสูญเสียส่วนเกินเหลืออยู่ ถือว่าเหตุการณ์จบ/ซ่อมเสร็จแล้ว จึงไม่ขึ้นเตือน,01:45,03:45,15.625,32.875,9.887,52.65,42.762,-1.789,ลดลงชัดเจน,True,39.549,False,False,False,,True,-0.5247,True,True,11,False,False,0.0,0.0,14,2026-10-05,96,True,3e-05,0.0829,,0.0,RESIDENTIAL,PVC,0.5591,False,2026-10-06 07:18:40
DM-55-07-06-01,DM-55-07-06-01,C,ok,มีสัญญาณเชิงสถิติ แต่ส่วนเกิน MNF อยู่แค่ 12.2 m³/hr (19.2% ของค่าเฉลี่ยฐาน 63.7 m³/hr) ต่ำกว่าเกณฑ์ปริมาณขั้นต่ำที่ตั้งไว้ (20%) — ยังไม่คุ้มส่งตรวจ เฝ้าดูต่อ,02:15,04:15,75.875,63.652,2.076,67.804,65.728,1.61,เพิ่มขึ้นเล็กน้อย,False,8.305,True,False,True,1.0,False,0.192,True,True,11,True,False,10.598,254.36,14,2026-10-05,96,True,0.0,1e-05,,254.36,RESIDENTIAL,PVC,0.5851,False,2026-10-06 07:18:40
DM-55-07-06-03,DM-55-07-06-03,C,ok,ไม่พบสัญญาณผิดปกติเชิงสถิติ (ใช้น้ำตามพฤติกรรมปกติ),02:15,04:15,64.375,82.866,9.108,101.082,91.974,1.347,เพิ่มขึ้นเล็กน้อย,False,36.431,False,False,False,,True,-0.2231,True,False,1,True,False,0.0,0.0,14,2026-10-05,96,True,1e-05,14.39286,,0.0,RESIDENTIAL,PVC,0.5745,False,2026-10-06 07:18:40
DM-55-07-07-03,DM-55-07-07-03,C,ok,MNF ล่าสุด (69.1 m³/hr) / ส่วนเกินเฉลี่ย 3 วัน (+4.9 m³/hr) กลับมาที่ระดับค่าเฉลี่ยฐาน (79.1 m³/hr) แล้ว — ไม่มีน้ำสูญเสียส่วนเกินเหลืออยู่ ถือว่าเหตุการณ์จบ/ซ่อมเสร็จแล้ว จึงไม่ขึ้นเตือน,01:45,03:45,69.125,79.098,7.537,94.172,86.635,-0.358,ลดลงเล็กน้อย,False,30.149,True,False,True,7.0,True,-0.1261,True,False,0,False,False,4.943,118.64,14,2026-10-05,57,False,0.0,0.1,,118.64,RESIDENTIAL,PVC,0.3889,False,2026-10-06 07:18:40
DM-55-08-01-02,DM-55-08-01-02,C,ok,ไม่พบสัญญาณผิดปกติเชิงสถิติ (ใช้น้ำตามพฤติกรรมปกติ),01:15,03:15,123.375,126.866,4.88,136.626,131.746,0.894,เพิ่มขึ้นเล็กน้อย,False,19.52,False,False,False,,True,-0.0275,True,False,1,True,False,0.0,0.0,14,2026-10-05,96,True,1e-05,31.10714,,0.0,RESIDENTIAL,PVC,0.5269,False,2026-10-06 07:18:40
DM-55-08-02-01,DM-55-08-02-01,C,ok,ไม่พบสัญญาณผิดปกติเชิงสถิติ (ใช้น้ำตามพฤติกรรมปกติ),01:15,03:15,79.875,86.902,6.42,99.742,93.322,-0.537,ลดลงเล็กน้อย,False,25.679,False,False,False,,True,-0.0809,True,False,6,True,False,0.0,0.0,14,2026-10-05,96,True,1e-05,0.10018,,0.0,RESIDENTIAL,PVC,0.5213,False,2026-10-06 07:18:40
DM-55-08-02-02,DM-55-08-02-02,C,ok,MNF ล่าสุด (112.5 m³/hr) / ส่วนเกินเฉลี่ย 3 วัน (-8.7 m³/hr) กลับมาที่ระดับค่าเฉลี่ยฐาน (142.4 m³/hr) แล้ว — ไม่มีน้ำสูญเสียส่วนเกินเหลืออยู่ ถือว่าเหตุการณ์จบ/ซ่อมเสร็จแล้ว จึงไม่ขึ้นเตือน,01:15,03:15,112.5,142.366,9.057,160.48,151.423,-2.326,ลดลงชัดเจน,True,36.229,True,False,True,2.0,True,-0.2098,True,False,7,True,False,0.0,0.0,14,2026-10-05,96,True,1e-05,30.71429,,0.0,RESIDENTIAL,PVC,0.5426,False,2026-10-06 07:18:40
DM-55-08-03-01,DM-55-08-03-01,C,ok,MNF ล่าสุด (27.8 m³/hr) / ส่วนเกินเฉลี่ย 3 วัน (-3.2 m³/hr) กลับมาที่ระดับค่าเฉลี่ยฐาน (41.9 m³/hr) แล้ว — ไม่มีน้ำสูญเสียส่วนเกินเหลืออยู่ ถือว่าเหตุการณ์จบ/ซ่อมเสร็จแล้ว จึงไม่ขึ้นเตือน,01:30,03:30,27.75,41.911,4.063,50.036,45.973,0.0,ทรงตัว,False,16.251,True,True,True,1.0,True,-0.3379,True,False,1,False,False,0.0,0.0,14,2026-10-05,96,True,0.0,0.1,,0.0,RESIDENTIAL,PVC,0.5745,False,2026-10-06 07:18:40
DM-55-09-02-01,DM-55-09-02-01,C,ok,MNF ล่าสุด (107.4 m³/hr) / ส่วนเกินเฉลี่ย 3 วัน (-5.4 m³/hr) กลับมาที่ระดับค่าเฉลี่ยฐาน (122.8 m³/hr) แล้ว — ไม่มีน้ำสูญเสียส่วนเกินเหลืออยู่ ถือว่าเหตุการณ์จบ/ซ่อมเสร็จแล้ว จึงไม่ขึ้นเตือน,02:00,04:00,107.375,122.786,8.286,139.358,131.072,-0.537,ลดลงเล็กน้อย,False,33.145,False,False,False,,True,-0.1255,True,True,15,False,False,0.0,0.0,14,2026-10-05,96,True,0.0,1e-05,,0.0,RESIDENTIAL,PVC,0.5957,False,2026-10-06 07:18:40
DM-56-01-02-01,DM-56-01-02-01,C,ok,MNF ล่าสุด (137.5 m³/hr) / ส่วนเกินเฉลี่ย 3 วัน (-3.3 m³/hr) กลับมาที่ระดับค่าเฉลี่ยฐาน (140.8 m³/hr) แล้ว — ไม่มีน้ำสูญเสียส่วนเกินเหลืออยู่ ถือว่าเหตุการณ์จบ/ซ่อมเสร็จแล้ว จึงไม่ขึ้นเตือน,01:45,03:45,137.5,140.848,1.633,144.114,142.481,-2.411,ลดลงชัดเจน,True,6.531,False,False,False,,True,-0.0238,True,False,0,False,False,0.0,0.0,14,2026-10-05,96,True,0.0,10.96429,,0.0,RESIDENTIAL,PVC,0.4839,False,2026-10-06 07:18:40
DM-56-01-03-02,DM-56-01-03-02,B,watch,Flow สูงกว่าเกณฑ์ต่อเนื่อง 55 intervals พร้อมแรงดันตก แต่ไม่ใช่การเปลี่ยนแปลงฉับพลันใน 1-2 วัน (น่าจะเป็นรั่วที่ดำเนินมาระยะหนึ่งแล้วและขยายจนคงที่) — ควรตรวจสอบโดยเร็วแต่ไม่ใช่เหตุฉุกเฉินแบบท่อแตกใหม่,01:45,03:45,126.5,103.482,4.367,112.217,107.85,0.894,เพิ่มขึ้นเล็กน้อย,False,17.47,True,False,True,7.0,False,0.2224,False,True,55,True,False,30.685,736.43,14,2026-10-05,96,True,1e-05,0.00022,ใกล้กับ RTU (< 2 กม. โดยประมาณ),736.43,RESIDENTIAL,PVC,0.4468,False,2026-10-06 07:18:40
DM-56-01-04-01,DM-56-01-04-01,C,ok,MNF ล่าสุด (137.0 m³/hr) / ส่วนเกินเฉลี่ย 3 วัน (+14.3 m³/hr) กลับมาที่ระดับค่าเฉลี่ยฐาน (140.3 m³/hr) แล้ว — ไม่มีน้ำสูญเสียส่วนเกินเหลืออยู่ ถือว่าเหตุการณ์จบ/ซ่อมเสร็จแล้ว จึงไม่ขึ้นเตือน,01:45,03:45,137.0,140.295,1.72,143.734,142.014,-1.18,ลดลงเล็กน้อย,False,6.878,True,True,True,1.0,True,-0.0235,True,False,0,False,False,14.289,342.93,14,2026-10-05,96,True,0.0,2.85714,,342.93,RESIDENTIAL,PVC,0.4607,False,2026-10-06 07:18:40
DM-56-01-05-01,DM-56-01-05-01,A,alert,Flow สูงกว่าเกณฑ์ต่อเนื่อง 55 intervals + CUSUM ขยับฐานฉับพลันและเพิ่งตัดเกณฑ์ใน 7 วันล่าสุด + แรงดันตกยืนยัน,01:00,03:00,318.5,235.643,6.423,248.49,242.066,1.167,เพิ่มขึ้นเล็กน้อย,False,25.694,True,True,True,1.0,False,0.3516,False,True,55,True,False,57.857,1388.57,14,2026-10-05,96,True,0.0,8e-05,ใกล้กับ RTU (< 2 กม. โดยประมาณ),1388.57,RESIDENTIAL,PVC,0.4516,False,2026-10-06 07:18:40
DM-56-02-01-01,DM-56-02-01-01,C,ok,ไม่พบสัญญาณผิดปกติเชิงสถิติ (ใช้น้ำตามพฤติกรรมปกติ),02:15,04:15,157.75,170.214,7.503,185.221,177.718,-0.629,ลดลงเล็กน้อย,False,30.014,False,False,False,,True,-0.0732,True,False,0,False,False,0.0,0.0,14,2026-10-05,96,True,0.0,22.92857,,0.0,RESIDENTIAL,PVC,0.6489,False,2026-10-06 07:18:40
DM-56-02-02-01,DM-56-02-02-01,C,ok,MNF ล่าสุด (15.9 m³/hr) / ส่วนเกินเฉลี่ย 3 วัน (-2.6 m³/hr) กลับมาที่ระดับค่าเฉลี่ยฐาน (18.9 m³/hr) แล้ว — ไม่มีน้ำสูญเสียส่วนเกินเหลืออยู่ ถือว่าเหตุการณ์จบ/ซ่อมเสร็จแล้ว จึงไม่ขึ้นเตือน,01:00,03:00,15.875,18.884,1.814,22.511,20.697,-2.814,ลดลงชัดเจน,True,7.254,False,False,False,,True,-0.1593,True,False,4,False,False,0.0,0.0,14,2026-10-05,96,True,0.00014,28.39286,,0.0,RESIDENTIAL,PVC,0.617,False,2026-10-06 07:18:40
DM-56-02-03-01,DM-56-02-03-01,C,ok,MNF ล่าสุด (45.0 m³/hr) / ส่วนเกินเฉลี่ย 3 วัน (-8.7 m³/hr) กลับมาที่ระดับค่าเฉลี่ยฐาน (56.7 m³/hr) แล้ว — ไม่มีน้ำสูญเสียส่วนเกินเหลืออยู่ ถือว่าเหตุการณ์จบ/ซ่อมเสร็จแล้ว จึงไม่ขึ้นเตือน,01:30,03:30,45.0,56.661,2.32,61.301,58.981,-2.504,ลดลงชัดเจน,True,9.28,False,False,False,,True,-0.2058,True,False,3,True,False,0.0,0.0,14,2026-10-05,96,True,3e-05,15.67857,,0.0,RESIDENTIAL,PVC,0.5484,False,2026-10-06 07:18:40
DM-56-02-05-01,DM-56-02-05-01,C,ok,MNF ล่าสุด (40.9 m³/hr) / ส่วนเกินเฉลี่ย 3 วัน (-11.6 m³/hr) กลับมาที่ระดับค่าเฉลี่ยฐาน (56.0 m³/hr) แล้ว — ไม่มีน้ำสูญเสียส่วนเกินเหลืออยู่ ถือว่าเหตุการณ์จบ/ซ่อมเสร็จแล้ว จึงไม่ขึ้นเตือน,01:15,03:15,40.875,55.964,2.44,60.844,58.404,-2.683,ลดลงชัดเจน,True,9.76,False,False,False,,True,-0.2696,True,False,2,True,False,0.0,0.0,14,2026-10-05,96,True,3e-05,25.64286,,0.0,RESIDENTIAL,PVC,0.5851,False,2026-10-06 07:18:40
DM-56-02-05-02,DM-56-02-05-02,C,ok,ไม่พบสัญญาณผิดปกติเชิงสถิติ (ใช้น้ำตามพฤติกรรมปกติ),01:45,03:45,55.75,63.384,2.516,68.415,65.9,-0.358,ลดลงเล็กน้อย,False,10.063,False,False,False,,True,-0.1204,True,False,7,True,False,0.0,0.0,14,2026-10-05,96,True,3e-05,12.89286,,0.0,RESIDENTIAL,PVC,0.4839,False,2026-10-06 07:18:40
DM-56-02-07-01,DM-56-02-07-01,C,ok,MNF ล่าสุด (69.8 m³/hr) / ส่วนเกินเฉลี่ย 3 วัน (-13.0 m³/hr) กลับมาที่ระดับค่าเฉลี่ยฐาน (88.0 m³/hr) แล้ว — ไม่มีน้ำสูญเสียส่วนเกินเหลืออยู่ ถือว่าเหตุการณ์จบ/ซ่อมเสร็จแล้ว จึงไม่ขึ้นเตือน,01:30,03:30,69.75,88.009,2.751,93.512,90.76,-2.065,ลดลงชัดเจน,True,11.006,False,False,False,,True,-0.2075,True,False,4,True,False,0.0,0.0,14,2026-10-05,96,True,1e-05,14.96429,,0.0,RESIDENTIAL,PVC,0.5106,False,2026-10-06 07:18:40
DM-56-02-09-01,DM-56-02-09-01,C,ok,มีสัญญาณเชิงสถิติ แต่ส่วนเกิน MNF อยู่แค่ 1.1 m³/hr (2.4% ของค่าเฉลี่ยฐาน 46.9 m³/hr) ต่ำกว่าเกณฑ์ปริมาณขั้นต่ำที่ตั้งไว้ (20%) — ยังไม่คุ้มส่งตรวจ เฝ้าดูต่อ,01:15,03:15,48.0,46.866,1.323,49.513,48.189,1.527,เพิ่มขึ้นเล็กน้อย,False,5.293,False,False,False,,False,0.0242,True,True,9,True,False,1.426,34.21,14,2026-10-05,96,True,3e-05,0.07971,,34.21,RESIDENTIAL,PVC,0.5745,False,2026-10-06 07:18:40
DM-56-02-10-01,DM-56-02-10-01,C,ok,มีสัญญาณเชิงสถิติ แต่ส่วนเกิน MNF อยู่แค่ 2.9 m³/hr (12.4% ของค่าเฉลี่ยฐาน 23.0 m³/hr) ต่ำกว่าเกณฑ์ปริมาณขั้นต่ำที่ตั้งไว้ (20%) — ยังไม่คุ้มส่งตรวจ เฝ้าดูต่อ,01:30,03:30,25.875,23.018,1.365,25.748,24.383,-0.449,ลดลงเล็กน้อย,False,5.46,True,False,True,2.0,False,0.1241,True,False,3,True,False,2.69,64.57,14,2026-10-05,96,True,7e-05,0.016,,64.57,RESIDENTIAL,PVC,0.6344,False,2026-10-06 07:18:40
DM-56-03-03-01,DM-56-03-03-01,C,ok,MNF ล่าสุด (57.9 m³/hr) / ส่วนเกินเฉลี่ย 3 วัน (+0.9 m³/hr) กลับมาที่ระดับค่าเฉลี่ยฐาน (60.5 m³/hr) แล้ว — ไม่มีน้ำสูญเสียส่วนเกินเหลืออยู่ ถือว่าเหตุการณ์จบ/ซ่อมเสร็จแล้ว จึงไม่ขึ้นเตือน,01:15,03:15,57.875,60.518,1.695,63.909,62.213,-1.082,ลดลงเล็กน้อย,False,6.782,True,False,True,2.0,True,-0.0437,True,False,5,True,False,0.857,20.57,14,2026-10-05,96,True,2e-05,0.40501,,20.57,RESIDENTIAL,PVC,0.5638,False,2026-10-06 07:18:40
DM-56-03-04-01,DM-56-03-04-01,C,ok,ไม่พบสัญญาณผิดปกติเชิงสถิติ (ใช้น้ำตามพฤติกรรมปกติ),01:15,03:15,84.75,86.688,1.657,90.002,88.345,-0.269,ลดลงเล็กน้อย,False,6.63,False,False,False,,True,-0.0224,True,False,1,False,False,0.146,3.5,14,2026-10-05,96,True,0.0,0.1,,3.5,RESIDENTIAL,PVC,0.6344,False,2026-10-06 07:18:40
DM-56-03-05-01,DM-56-03-05-01,C,ok,MNF ล่าสุด (116.0 m³/hr) / ส่วนเกินเฉลี่ย 3 วัน (-49.3 m³/hr) กลับมาที่ระดับค่าเฉลี่ยฐาน (180.5 m³/hr) แล้ว — ไม่มีน้ำสูญเสียส่วนเกินเหลืออยู่ ถือว่าเหตุการณ์จบ/ซ่อมเสร็จแล้ว จึงไม่ขึ้นเตือน,01:15,03:15,116.0,180.464,16.812,214.089,197.277,-2.862,ลดลงชัดเจน,True,67.249,False,False,False,,True,-0.3572,True,False,0,False,False,0.0,0.0,14,2026-10-05,96,True,0.0,0.1,,0.0,RESIDENTIAL,PVC,0.4681,False,2026-10-06 07:18:40
DM-56-03-06-02,DM-56-03-06-02,C,ok,ไม่พบสัญญาณผิดปกติเชิงสถิติ (ใช้น้ำตามพฤติกรรมปกติ),01:15,03:15,65.125,70.375,1.504,73.384,71.879,-1.073,ลดลงเล็กน้อย,False,6.018,False,False,False,,True,-0.0746,True,False,0,False,False,0.0,0.0,14,2026-10-05,96,True,2e-05,25.71429,,0.0,RESIDENTIAL,PVC,0.5543,False,2026-10-06 07:18:40
DM-56-03-06-03,DM-56-03-06-03,C,ok,MNF ล่าสุด (75.6 m³/hr) / ส่วนเกินเฉลี่ย 3 วัน (-6.3 m³/hr) กลับมาที่ระดับค่าเฉลี่ยฐาน (84.6 m³/hr) แล้ว — ไม่มีน้ำสูญเสียส่วนเกินเหลืออยู่ ถือว่าเหตุการณ์จบ/ซ่อมเสร็จแล้ว จึงไม่ขึ้นเตือน,01:15,03:15,75.625,84.643,2.448,89.538,87.09,-1.968,ลดลงชัดเจน,True,9.79,False,False,False,,True,-0.1065,True,False,1,False,False,0.0,0.0,14,2026-10-05,96,True,2e-05,29.14286,,0.0,RESIDENTIAL,PVC,0.5543,False,2026-10-06 07:18:40
DM-56-04-02-01,DM-56-04-02-01,C,ok,ไม่พบสัญญาณผิดปกติเชิงสถิติ (ใช้น้ำตามพฤติกรรมปกติ),01:15,03:15,91.75,93.804,2.754,99.311,96.557,-1.252,ลดลงเล็กน้อย,False,11.014,False,False,False,,True,-0.0219,True,False,1,False,False,0.196,4.71,14,2026-10-05,96,True,1e-05,40.85714,,4.71,RESIDENTIAL,PVC,0.5213,False,2026-10-06 07:18:40
DM-56-04-03-01,DM-56-04-03-01,C,ok,ไม่พบสัญญาณผิดปกติเชิงสถิติ (ใช้น้ำตามพฤติกรรมปกติ),01:30,03:30,182.25,210.741,11.595,233.931,222.336,-0.537,ลดลงเล็กน้อย,False,46.379,False,False,False,,True,-0.1352,True,False,0,False,False,0.0,0.0,14,2026-10-05,96,True,0.0,0.1,,0.0,RESIDENTIAL,PVC,0.6809,False,2026-10-06 07:18:40
DM-56-04-04-01,DM-56-04-04-01,C,ok,ไม่พบสัญญาณผิดปกติเชิงสถิติ (ใช้น้ำตามพฤติกรรมปกติ),01:15,03:15,47.375,48.759,3.299,55.357,52.058,-0.541,ลดลงเล็กน้อย,False,13.197,False,False,False,,True,-0.0284,True,False,2,False,False,0.0,0.0,14,2026-10-05,57,False,3e-05,34.92857,,0.0,RESIDENTIAL,PVC,0.4727,False,2026-10-06 07:18:40
DM-56-04-04-02,DM-56-04-04-02,C,ok,มีสัญญาณเชิงสถิติ แต่ส่วนเกิน MNF อยู่แค่ 0.8 m³/hr (1.9% ของค่าเฉลี่ยฐาน 40.9 m³/hr) ต่ำกว่าเกณฑ์ปริมาณขั้นต่ำที่ตั้งไว้ (20%) — ยังไม่คุ้มส่งตรวจ เฝ้าดูต่อ,01:15,03:15,41.625,40.857,2.307,45.471,43.164,1.706,เพิ่มขึ้นชัดเจน,True,9.227,False,False,False,,False,0.0188,True,False,2,True,False,1.768,42.43,14,2026-10-05,57,False,5e-05,0.01318,,42.43,RESIDENTIAL,PVC,0.5185,False,2026-10-06 07:18:40
DM-56-04-05-01,DM-56-04-05-01,C,ok,MNF ล่าสุด (29.8 m³/hr) / ส่วนเกินเฉลี่ย 3 วัน (-15.1 m³/hr) กลับมาที่ระดับค่าเฉลี่ยฐาน (50.4 m³/hr) แล้ว — ไม่มีน้ำสูญเสียส่วนเกินเหลืออยู่ ถือว่าเหตุการณ์จบ/ซ่อมเสร็จแล้ว จึงไม่ขึ้นเตือน,01:15,03:15,29.75,50.393,8.751,67.895,59.144,-3.041,ลดลงชัดเจน,True,35.005,False,False,False,,True,-0.4096,True,False,0,False,False,0.0,0.0,14,2026-10-05,96,True,1e-05,0.14366,,0.0,RESIDENTIAL,PVC,0.6383,False,2026-10-06 07:18:40
DM-56-04-05-02,DM-56-04-05-02,C,ok,มีสัญญาณเชิงสถิติ แต่ส่วนเกิน MNF อยู่แค่ 0.5 m³/hr (0.7% ของค่าเฉลี่ยฐาน 69.6 m³/hr) ต่ำกว่าเกณฑ์ปริมาณขั้นต่ำที่ตั้งไว้ (20%) — ยังไม่คุ้มส่งตรวจ เฝ้าดูต่อ,01:00,03:00,70.125,69.616,1.299,72.215,70.916,0.0,ทรงตัว,False,5.198,True,True,False,9.0,False,0.0073,True,False,3,True,False,1.092,26.21,14,2026-10-05,96,True,1e-05,0.1,,26.21,RESIDENTIAL,PVC,0.6022,False,2026-10-06 07:18:40
DM-56-05-01-01,DM-56-05-01-01,C,ok,MNF ล่าสุด (368.6 m³/hr) / ส่วนเกินเฉลี่ย 3 วัน (-1.6 m³/hr) กลับมาที่ระดับค่าเฉลี่ยฐาน (364.7 m³/hr) แล้ว — ไม่มีน้ำสูญเสียส่วนเกินเหลืออยู่ ถือว่าเหตุการณ์จบ/ซ่อมเสร็จแล้ว จึงไม่ขึ้นเตือน,06:15,08:15,368.625,364.679,11.612,387.903,376.291,3.041,เพิ่มขึ้นชัดเจน,True,46.448,True,False,True,1.0,True,0.0108,True,False,0,False,False,0.0,0.0,14,2026-10-05,96,True,0.0,0.00863,,0.0,RESIDENTIAL,PVC,0.6989,False,2026-10-06 07:18:40
DM-56-05-01-02,DM-56-05-01-02,C,ok,มีสัญญาณเชิงสถิติ แต่ส่วนเกิน MNF อยู่แค่ 0.4 m³/hr (1.4% ของค่าเฉลี่ยฐาน 30.1 m³/hr) ต่ำกว่าเกณฑ์ปริมาณขั้นต่ำที่ตั้งไว้ (20%) — ยังไม่คุ้มส่งตรวจ เฝ้าดูต่อ,01:30,03:30,30.5,30.071,1.855,33.782,31.927,-1.968,ลดลงชัดเจน,True,7.42,True,False,True,4.0,False,0.0143,True,False,4,False,False,4.47,107.29,14,2026-10-05,96,True,3e-05,0.07293,,107.29,RESIDENTIAL,PVC,0.6064,False,2026-10-06 07:18:40
DM-56-05-03-01,DM-56-05-03-01,C,ok,ไม่พบสัญญาณผิดปกติเชิงสถิติ (ใช้น้ำตามพฤติกรรมปกติ),01:15,03:15,108.875,113.214,2.107,117.429,115.322,0.0,ทรงตัว,False,8.429,False,False,False,,True,-0.0383,True,False,3,False,False,0.0,0.0,14,2026-10-05,96,True,1e-05,21.53571,,0.0,RESIDENTIAL,PVC,0.5161,False,2026-10-06 07:18:40
DM-56-05-04-01,DM-56-05-04-01,C,ok,MNF ล่าสุด (27.6 m³/hr) / ส่วนเกินเฉลี่ย 3 วัน (-39.1 m³/hr) กลับมาที่ระดับค่าเฉลี่ยฐาน (68.3 m³/hr) แล้ว — ไม่มีน้ำสูญเสียส่วนเกินเหลืออยู่ ถือว่าเหตุการณ์จบ/ซ่อมเสร็จแล้ว จึงไม่ขึ้นเตือน,01:15,03:15,27.625,68.312,3.89,76.092,72.202,-3.22,ลดลงชัดเจน,True,15.56,False,False,False,,True,-0.5956,True,False,0,False,False,0.0,0.0,14,2026-10-05,96,True,6e-05,32.14286,,0.0,RESIDENTIAL,PVC,0.6129,False,2026-10-06 07:18:40
DM-56-05-05-02,DM-56-05-05-02,C,ok,มีสัญญาณเชิงสถิติ แต่ส่วนเกิน MNF อยู่แค่ 0.9 m³/hr (0.8% ของค่าเฉลี่ยฐาน 111.1 m³/hr) ต่ำกว่าเกณฑ์ปริมาณขั้นต่ำที่ตั้งไว้ (20%) — ยังไม่คุ้มส่งตรวจ เฝ้าดูต่อ,01:00,03:00,112.0,111.08,2.4,115.88,113.48,0.0,ทรงตัว,False,9.6,True,True,True,7.0,False,0.0083,True,False,6,True,False,3.503,84.07,14,2026-10-05,96,True,1e-05,0.03115,,84.07,RESIDENTIAL,PVC,0.5957,False,2026-10-06 07:18:40
DM-56-05-06-01,DM-56-05-06-01,C,ok,MNF ล่าสุด (37.4 m³/hr) / ส่วนเกินเฉลี่ย 3 วัน (-6.7 m³/hr) กลับมาที่ระดับค่าเฉลี่ยฐาน (44.8 m³/hr) แล้ว — ไม่มีน้ำสูญเสียส่วนเกินเหลืออยู่ ถือว่าเหตุการณ์จบ/ซ่อมเสร็จแล้ว จึงไม่ขึ้นเตือน,01:00,03:00,37.375,44.786,2.675,50.136,47.461,-3.22,ลดลงชัดเจน,True,10.701,False,False,False,,True,-0.1655,True,False,3,True,False,0.0,0.0,14,2026-10-05,96,True,2e-05,0.01321,,0.0,RESIDENTIAL,PVC,0.5532,False,2026-10-06 07:18:40
DM-56-06-02-01,DM-56-06-02-01,C,ok,ไม่พบสัญญาณผิดปกติเชิงสถิติ (ใช้น้ำตามพฤติกรรมปกติ),01:15,03:15,87.625,92.455,2.135,96.726,94.591,-1.527,ลดลงเล็กน้อย,False,8.541,False,False,False,,True,-0.0522,True,False,1,False,False,0.0,0.0,14,2026-10-05,96,True,1e-05,2.78464,,0.0,RESIDENTIAL,PVC,0.6559,False,2026-10-06 07:18:40
DM-56-06-03-01,DM-56-06-03-01,C,ok,MNF ล่าสุด (103.9 m³/hr) / ส่วนเกินเฉลี่ย 3 วัน (+0.8 m³/hr) กลับมาที่ระดับค่าเฉลี่ยฐาน (106.6 m³/hr) แล้ว — ไม่มีน้ำสูญเสียส่วนเกินเหลืออยู่ ถือว่าเหตุการณ์จบ/ซ่อมเสร็จแล้ว จึงไม่ขึ้นเตือน,01:15,03:15,103.875,106.562,29.93,166.422,136.492,-1.706,ลดลงชัดเจน,True,119.72,False,False,False,,True,-0.0252,True,False,0,False,False,0.812,19.5,14,2026-10-05,96,True,0.0,1.67571,,19.5,RESIDENTIAL,PVC,0.4894,False,2026-10-06 07:18:40
DM-56-06-04-01,DM-56-06-04-01,C,ok,ไม่พบสัญญาณผิดปกติเชิงสถิติ (ใช้น้ำตามพฤติกรรมปกติ),01:15,03:15,101.875,114.241,27.345,168.931,141.586,-1.61,ลดลงเล็กน้อย,False,109.379,False,False,False,,True,-0.1082,True,False,0,False,False,0.0,0.0,14,2026-10-05,96,True,1e-05,5.64286,,0.0,RESIDENTIAL,PVC,0.6064,False,2026-10-06 07:18:40
DM-56-06-05-01,DM-56-06-05-01,C,ok,เคยมีสัญญาณผิดปกติ (Mann-Kendall/CUSUM สะสม) แต่ MNF ล่าสุด (152.1) ลดลงมาต่ำกว่า 70% ของพีคล่าสุด (164.4) แล้ว — น่าจะเป็นเหตุการณ์ที่จบไปแล้ว/ซ่อมเสร็จแล้ว จึงไม่ขึ้นเตือน,01:15,03:15,152.125,120.259,40.152,200.563,160.411,0.09,เพิ่มขึ้นเล็กน้อย,False,160.608,True,True,False,11.0,False,0.265,False,False,0,False,False,35.408,849.79,14,2026-10-05,96,True,0.0,7e-05,,849.79,RESIDENTIAL,PVC,0.4731,False,2026-10-06 07:18:40
DM-56-07-01-01,DM-56-07-01-01,C,ok,มีสัญญาณเชิงสถิติ แต่ส่วนเกิน MNF อยู่แค่ 3.3 m³/hr (1.5% ของค่าเฉลี่ยฐาน 219.8 m³/hr) ต่ำกว่าเกณฑ์ปริมาณขั้นต่ำที่ตั้งไว้ (20%) — ยังไม่คุ้มส่งตรวจ เฝ้าดูต่อ,00:45,02:45,223.125,219.795,6.669,233.133,226.464,1.61,เพิ่มขึ้นเล็กน้อย,False,26.677,False,False,False,,False,0.0152,True,True,15,True,False,9.539,228.93,14,2026-10-05,96,True,0.0,0.00011,,228.93,RESIDENTIAL,PVC,0.4787,False,2026-10-06 07:18:40
DM-56-07-02-01,DM-56-07-02-01,C,ok,ไม่พบสัญญาณผิดปกติเชิงสถิติ (ใช้น้ำตามพฤติกรรมปกติ),01:15,03:15,192.5,196.625,4.014,204.652,200.639,-1.347,ลดลงเล็กน้อย,False,16.055,False,False,False,,True,-0.021,True,False,2,False,False,0.0,0.0,14,2026-10-05,96,True,0.0,23.64286,,0.0,RESIDENTIAL,PVC,0.6383,False,2026-10-06 07:18:40
DM-56-07-03-01,DM-56-07-03-01,C,ok,มีสัญญาณเชิงสถิติ แต่ส่วนเกิน MNF อยู่แค่ 7.8 m³/hr (5.0% ของค่าเฉลี่ยฐาน 156.3 m³/hr) ต่ำกว่าเกณฑ์ปริมาณขั้นต่ำที่ตั้งไว้ (20%) — ยังไม่คุ้มส่งตรวจ เฝ้าดูต่อ,01:15,03:15,164.125,156.312,5.61,167.533,161.923,-0.179,ลดลงเล็กน้อย,False,22.44,True,False,True,7.0,False,0.05,True,False,4,True,False,9.812,235.5,14,2026-10-05,96,True,0.0,0.00224,,235.5,RESIDENTIAL,PVC,0.5638,False,2026-10-06 07:18:40
DM-56-07-04-01,DM-56-07-04-01,B,watch,CUSUM สะสมเป็นบวกต่อเนื่อง (ยังไม่ Step-up ฉับพลัน),01:15,03:15,77.25,60.723,10.536,81.794,71.259,0.0,ทรงตัว,False,42.142,True,False,True,4.0,False,0.2722,False,False,0,False,False,16.527,396.64,14,2026-10-05,96,True,0.0,0.0,ใกล้กับ RTU (< 2 กม. โดยประมาณ),396.64,RESIDENTIAL,PVC,0.587,False,2026-10-06 07:18:40
DM-56-07-05-01,DM-56-07-05-01,C,ok,มีสัญญาณเชิงสถิติ แต่ส่วนเกิน MNF อยู่แค่ 2.7 m³/hr (1.7% ของค่าเฉลี่ยฐาน 155.7 m³/hr) ต่ำกว่าเกณฑ์ปริมาณขั้นต่ำที่ตั้งไว้ (20%) — ยังไม่คุ้มส่งตรวจ เฝ้าดูต่อ,01:15,03:15,158.375,155.696,3.718,163.132,159.414,0.0,ทรงตัว,False,14.871,True,False,True,6.0,False,0.0172,True,False,3,False,False,7.22,173.29,14,2026-10-05,96,True,1e-05,0.0033,,173.29,RESIDENTIAL,PVC,0.6022,False,2026-10-06 07:18:40
