dma_code,baseline_month,current_avg_mnf,baseline_avg_mnf,mnf_delta_pct,mnf_delta_abs,mnf_color,current_avg_daily_total,baseline_avg_daily_total,inflow_delta_pct,inflow_delta_abs,inflow_color,n_valid_days_current,n_valid_days_baseline,current_window_start,current_window_end,generated_at
DM-01-01-01-01,2025-09,47.682,49.104,-2.9,-1.42,green,1936.33,1867.22,3.7,69.11,green,7.0,30.0,2026-09-25,2026-10-01,2026-10-02 08:14:33
DM-01-01-02-01,2025-09,16.877,38.14,-55.75,-21.26,green,1145.63,1488.31,-23.02,-342.68,green,7.0,30.0,2026-09-25,2026-10-01,2026-10-02 08:14:33
DM-01-01-02-02,2025-09,26.942,26.15,3.03,0.79,green,869.8,991.06,-12.24,-121.26,green,7.0,30.0,2026-09-25,2026-10-01,2026-10-02 08:14:33
DM-01-01-03-01,2025-09,25.437,36.404,-30.13,-10.97,green,1096.69,1225.37,-10.5,-128.68,green,7.0,30.0,2026-09-25,2026-10-01,2026-10-02 08:14:33
DM-01-01-03-02,2025-09,0.0,102.38,-100.0,-102.38,green,0.0,3511.05,-100.0,-3511.05,green,7.0,30.0,2026-09-25,2026-10-01,2026-10-02 08:14:33
DM-01-01-03-03,2025-09,0.0,0.0,,,gray,0.0,0.0,,,gray,7.0,30.0,2026-09-25,2026-10-01,2026-10-02 08:14:33
DM-01-01-04-01,2025-09,0.0,76.982,-100.0,-76.98,green,0.0,2845.36,-100.0,-2845.36,green,7.0,30.0,2026-09-25,2026-10-01,2026-10-02 08:14:33
DM-01-01-05-01,2025-09,98.793,120.918,-18.3,-22.12,green,3351.54,4262.39,-21.37,-910.85,green,7.0,30.0,2026-09-25,2026-10-01,2026-10-02 08:14:33
DM-01-01-05-02,2025-09,62.603,28.781,117.52,33.82,red,1659.99,1441.78,15.13,218.21,yellow,7.0,30.0,2026-09-25,2026-10-01,2026-10-02 08:14:33
DM-01-01-06-01,2025-09,86.435,117.022,-26.14,-30.59,green,3161.94,3931.01,-19.56,-769.07,green,7.0,30.0,2026-09-25,2026-10-01,2026-10-02 08:14:33
DM-01-01-06-02,2025-09,4.765,105.081,-95.47,-100.32,green,408.42,3748.95,-89.11,-3340.53,green,7.0,30.0,2026-09-25,2026-10-01,2026-10-02 08:14:33
DM-01-02-01-01,2025-09,40.27,72.185,-44.21,-31.91,green,1825.37,2820.62,-35.28,-995.25,green,7.0,30.0,2026-09-25,2026-10-01,2026-10-02 08:14:33
DM-01-02-01-02,2025-09,71.671,89.996,-20.36,-18.32,green,3052.04,3554.05,-14.13,-502.01,green,7.0,30.0,2026-09-25,2026-10-01,2026-10-02 08:14:33
DM-01-02-02-01,2025-09,191.554,233.532,-17.98,-41.98,green,7946.57,8585.35,-7.44,-638.78,green,7.0,30.0,2026-09-25,2026-10-01,2026-10-02 08:14:33
DM-01-02-02-02,2025-09,14.04,33.515,-58.11,-19.48,green,731.34,1036.15,-29.42,-304.81,green,7.0,30.0,2026-09-25,2026-10-01,2026-10-02 08:14:33
DM-01-02-03-02,2025-09,58.364,64.814,-9.95,-6.45,green,2175.7,2884.32,-24.57,-708.62,green,7.0,30.0,2026-09-25,2026-10-01,2026-10-02 08:14:33
DM-01-02-04-02,2025-09,42.016,25.205,66.7,16.81,red,1877.1,1299.23,44.48,577.87,red,7.0,30.0,2026-09-25,2026-10-01,2026-10-02 08:14:33
DM-01-02-04-03,2025-09,35.699,41.202,-13.36,-5.5,green,1269.31,1955.84,-35.1,-686.53,green,7.0,30.0,2026-09-25,2026-10-01,2026-10-02 08:14:33
DM-01-02-05-01,2025-09,50.615,60.837,-16.8,-10.22,green,1902.31,2408.47,-21.02,-506.16,green,7.0,30.0,2026-09-25,2026-10-01,2026-10-02 08:14:33
DM-01-03-01-01,2025-09,0.0,0.0,,,gray,0.0,0.0,,,gray,7.0,30.0,2026-09-25,2026-10-01,2026-10-02 08:14:33
DM-01-03-02-01,2025-09,106.456,101.297,5.09,5.16,yellow,4296.64,4572.85,-6.04,-276.21,green,7.0,30.0,2026-09-25,2026-10-01,2026-10-02 08:14:33
DM-01-03-03-01,2025-09,0.299,0.327,-8.56,-0.03,green,8.16,8.8,-7.27,-0.64,green,7.0,30.0,2026-09-25,2026-10-01,2026-10-02 08:14:33
DM-01-03-04-01,2025-09,285.507,250.498,13.98,35.01,yellow,10681.1,10002.41,6.79,678.69,yellow,7.0,30.0,2026-09-25,2026-10-01,2026-10-02 08:14:33
DM-01-03-05-01,2025-09,234.747,122.358,91.85,112.39,red,5962.37,5812.51,2.58,149.86,green,7.0,30.0,2026-09-25,2026-10-01,2026-10-02 08:14:33
DM-01-03-05-02,2025-09,0.953,0.918,3.81,0.03,green,24.28,23.67,2.58,0.61,green,7.0,30.0,2026-09-25,2026-10-01,2026-10-02 08:14:33
DM-01-03-06-01,2025-09,51.699,68.027,-24.0,-16.33,green,2086.58,2673.42,-21.95,-586.84,green,7.0,30.0,2026-09-25,2026-10-01,2026-10-02 08:14:33
DM-01-03-06-02,2025-09,30.679,33.38,-8.09,-2.7,green,1323.59,1391.79,-4.9,-68.2,green,7.0,30.0,2026-09-25,2026-10-01,2026-10-02 08:14:33
DM-01-03-06-03,2025-09,59.912,83.194,-27.99,-23.28,green,2715.12,3187.74,-14.83,-472.62,green,7.0,30.0,2026-09-25,2026-10-01,2026-10-02 08:14:33
DM-01-04-01-01,2025-09,55.789,68.94,-19.08,-13.15,green,3811.78,3746.58,1.74,65.2,green,7.0,30.0,2026-09-25,2026-10-01,2026-10-02 08:14:33
DM-01-04-01-02,2025-09,116.079,0.01,1160690.0,116.07,red,2540.31,0.29,875868.97,2540.02,red,7.0,30.0,2026-09-25,2026-10-01,2026-10-02 08:14:33
DM-01-04-02-01,2025-09,129.64,151.19,-14.25,-21.55,green,5009.64,5735.67,-12.66,-726.03,green,7.0,30.0,2026-09-25,2026-10-01,2026-10-02 08:14:33
DM-01-04-03-01,2025-09,0.0,0.047,-100.0,-0.05,green,0.0,1.96,-100.0,-1.96,green,7.0,30.0,2026-09-25,2026-10-01,2026-10-02 08:14:33
DM-01-04-03-02,2025-09,0.606,2.218,-72.68,-1.61,green,179.85,72.22,149.03,107.63,red,7.0,30.0,2026-09-25,2026-10-01,2026-10-02 08:14:33
DM-01-04-03-03,2025-09,34.863,22.335,56.09,12.53,red,1583.17,1203.83,31.51,379.34,red,7.0,30.0,2026-09-25,2026-10-01,2026-10-02 08:14:33
DM-01-04-04-01,2025-09,0.0,0.0,,,gray,0.0,0.0,,,gray,7.0,30.0,2026-09-25,2026-10-01,2026-10-02 08:14:33
DM-01-04-04-02,2025-09,39.381,45.821,-14.05,-6.44,green,1550.33,1404.08,10.42,146.25,yellow,7.0,30.0,2026-09-25,2026-10-01,2026-10-02 08:14:33
DM-01-04-05-01,2025-09,82.999,99.443,-16.54,-16.44,green,3549.36,3692.67,-3.88,-143.31,green,7.0,30.0,2026-09-25,2026-10-01,2026-10-02 08:14:33
DM-01-04-05-02,2025-09,159.511,140.118,13.84,19.39,yellow,5906.55,5360.6,10.18,545.95,yellow,7.0,30.0,2026-09-25,2026-10-01,2026-10-02 08:14:33
DM-01-04-06-01,2025-09,242.167,223.182,8.51,18.99,yellow,9566.45,9311.83,2.73,254.62,green,7.0,30.0,2026-09-25,2026-10-01,2026-10-02 08:14:33
DM-01-04-06-02,2025-09,0.0,13.068,-100.0,-13.07,green,130.42,580.29,-77.53,-449.87,green,7.0,30.0,2026-09-25,2026-10-01,2026-10-02 08:14:33
DM-01-04-07-01,2025-09,82.206,136.193,-39.64,-53.99,green,4078.81,5699.37,-28.43,-1620.56,green,7.0,30.0,2026-09-25,2026-10-01,2026-10-02 08:14:33
DM-01-05-01-01,2025-09,108.855,109.734,-0.8,-0.88,green,4912.5,4593.43,6.95,319.07,yellow,7.0,30.0,2026-09-25,2026-10-01,2026-10-02 08:14:33
DM-01-05-01-02,2025-09,80.121,91.071,-12.02,-10.95,green,3843.29,3753.95,2.38,89.34,green,7.0,30.0,2026-09-25,2026-10-01,2026-10-02 08:14:33
DM-01-05-02-01,2025-09,85.017,92.64,-8.23,-7.62,green,3855.65,3908.93,-1.36,-53.28,green,7.0,30.0,2026-09-25,2026-10-01,2026-10-02 08:14:33
DM-01-05-03-01,2025-09,87.951,99.054,-11.21,-11.1,green,4088.66,4037.71,1.26,50.95,green,7.0,30.0,2026-09-25,2026-10-01,2026-10-02 08:14:33
DM-01-05-03-02,2025-09,45.726,72.759,-37.15,-27.03,green,2213.14,3115.85,-28.97,-902.71,green,7.0,30.0,2026-09-25,2026-10-01,2026-10-02 08:14:33
DM-01-05-04-01,2025-09,56.728,113.972,-50.23,-57.24,green,2481.38,4825.44,-48.58,-2344.06,green,7.0,30.0,2026-09-25,2026-10-01,2026-10-02 08:14:33
DM-01-05-04-02,2025-09,50.684,63.531,-20.22,-12.85,green,2478.79,2901.94,-14.58,-423.15,green,7.0,30.0,2026-09-25,2026-10-01,2026-10-02 08:14:33
DM-01-05-04-03,2025-09,52.111,0.303,17098.35,51.81,red,1486.02,36.06,4020.97,1449.96,red,7.0,30.0,2026-09-25,2026-10-01,2026-10-02 08:14:33
DM-01-06-01-01,2025-09,63.473,84.643,-25.01,-21.17,green,2859.85,3530.72,-19.0,-670.87,green,7.0,30.0,2026-09-25,2026-10-01,2026-10-02 08:14:33
DM-01-06-01-02,2025-09,21.718,17.47,24.32,4.25,red,1174.0,878.45,33.64,295.55,red,7.0,30.0,2026-09-25,2026-10-01,2026-10-02 08:14:33
DM-01-06-02-01,2025-09,209.401,68.64,205.07,140.76,red,4064.69,1137.97,257.19,2926.72,red,7.0,30.0,2026-09-25,2026-10-01,2026-10-02 08:14:33
DM-01-06-02-02,2025-09,116.555,80.011,45.67,36.54,red,4878.11,3136.18,55.54,1741.93,red,7.0,30.0,2026-09-25,2026-10-01,2026-10-02 08:14:33
DM-01-06-02-04,2025-09,0.0,66.995,-100.0,-67.0,green,56.8,2890.48,-98.03,-2833.68,green,7.0,30.0,2026-09-25,2026-10-01,2026-10-02 08:14:33
DM-01-06-02-05,2025-09,0.0,0.0,,,gray,0.0,0.0,,,gray,7.0,30.0,2026-09-25,2026-10-01,2026-10-02 08:14:33
DM-01-06-03-01,2025-09,0.0,127.952,-100.0,-127.95,green,10.32,4935.31,-99.79,-4924.99,green,7.0,30.0,2026-09-25,2026-10-01,2026-10-02 08:14:33
DM-01-06-03-02,2025-09,46.359,51.611,-10.18,-5.25,green,2465.8,1769.7,39.33,696.1,red,7.0,30.0,2026-09-25,2026-10-01,2026-10-02 08:14:33
DM-01-06-04-01,2025-09,97.583,94.471,3.29,3.11,green,4912.67,4733.54,3.78,179.13,green,7.0,30.0,2026-09-25,2026-10-01,2026-10-02 08:14:33
DM-01-06-04-02,2025-09,140.478,133.021,5.61,7.46,yellow,6346.59,5674.46,11.84,672.13,yellow,7.0,30.0,2026-09-25,2026-10-01,2026-10-02 08:14:33
DM-01-06-05-01,2025-09,94.566,48.194,96.22,46.37,red,4364.36,2191.5,99.15,2172.86,red,7.0,30.0,2026-09-25,2026-10-01,2026-10-02 08:14:33
DM-01-06-05-02,2025-09,28.317,72.4,-60.89,-44.08,green,749.32,1738.8,-56.91,-989.48,green,7.0,30.0,2026-09-25,2026-10-01,2026-10-02 08:14:33
DM-01-06-05-03,2025-09,0.0,0.0,,,gray,0.0,0.0,,,gray,7.0,30.0,2026-09-25,2026-10-01,2026-10-02 08:14:33
DM-01-06-05-04,2025-09,0.075,70.379,-99.89,-70.3,green,23.58,2760.62,-99.15,-2737.04,green,7.0,30.0,2026-09-25,2026-10-01,2026-10-02 08:14:33
DM-01-06-05-05,2025-09,83.93,90.493,-7.25,-6.56,green,3844.19,3519.53,9.22,324.66,yellow,7.0,30.0,2026-09-25,2026-10-01,2026-10-02 08:14:33
DM-01-06-05-06,2025-09,101.416,0.0,,,gray,2262.64,0.0,,,gray,7.0,30.0,2026-09-25,2026-10-01,2026-10-02 08:14:33
DM-01-06-05-07,2025-09,0.832,5.399,-84.59,-4.57,green,72.07,358.95,-79.92,-286.88,green,7.0,30.0,2026-09-25,2026-10-01,2026-10-02 08:14:33
DM-01-07-01-01,2025-09,79.553,70.036,13.59,9.52,yellow,4226.91,3632.2,16.37,594.71,yellow,7.0,30.0,2026-09-25,2026-10-01,2026-10-02 08:14:33
DM-01-07-01-02,2025-09,4.339,4.249,2.12,0.09,green,219.5,260.26,-15.66,-40.76,green,7.0,30.0,2026-09-25,2026-10-01,2026-10-02 08:14:33
DM-01-07-02-01,2025-09,135.089,67.423,100.36,67.67,red,6158.66,3054.64,101.62,3104.02,red,7.0,30.0,2026-09-25,2026-10-01,2026-10-02 08:14:33
DM-01-07-02-02,2025-09,0.003,0.0,,,gray,0.13,0.0,,,gray,7.0,30.0,2026-09-25,2026-10-01,2026-10-02 08:14:33
DM-01-07-02-03,2025-09,21.016,18.168,15.68,2.85,yellow,1160.25,1056.57,9.81,103.68,yellow,7.0,30.0,2026-09-25,2026-10-01,2026-10-02 08:14:33
DM-01-07-03-01,2025-09,,68.59,,,gray,3253.54,2832.38,14.87,421.16,yellow,7.0,30.0,2026-09-25,2026-10-01,2026-10-02 08:14:33
DM-01-07-03-02,2025-09,46.548,55.001,-15.37,-8.45,green,2275.11,3161.34,-28.03,-886.23,green,7.0,30.0,2026-09-25,2026-10-01,2026-10-02 08:14:33
DM-01-07-03-03,2025-09,39.395,76.01,-48.17,-36.62,green,1961.2,2799.98,-29.96,-838.78,green,7.0,30.0,2026-09-25,2026-10-01,2026-10-02 08:14:33
DM-01-07-03-04,2025-09,8.402,28.883,-70.91,-20.48,green,511.1,1382.62,-63.03,-871.52,green,7.0,30.0,2026-09-25,2026-10-01,2026-10-02 08:14:33
DM-01-07-04-01,2025-09,43.832,35.575,23.21,8.26,red,1975.03,1781.35,10.87,193.68,yellow,7.0,30.0,2026-09-25,2026-10-01,2026-10-02 08:14:33
DM-01-07-04-02,2025-09,7.952,11.73,-32.21,-3.78,green,347.01,404.47,-14.21,-57.46,green,7.0,30.0,2026-09-25,2026-10-01,2026-10-02 08:14:33
DM-01-07-04-03,2025-09,32.935,28.415,15.91,4.52,yellow,1796.84,1639.32,9.61,157.52,yellow,7.0,30.0,2026-09-25,2026-10-01,2026-10-02 08:14:33
DM-01-07-05-01,2025-09,68.874,54.285,26.87,14.59,red,3119.24,2588.33,20.51,530.91,red,7.0,30.0,2026-09-25,2026-10-01,2026-10-02 08:14:33
DM-01-07-06-01,2025-09,14.578,15.052,-3.15,-0.47,green,837.35,795.43,5.27,41.92,yellow,7.0,30.0,2026-09-25,2026-10-01,2026-10-02 08:14:33
DM-01-07-06-02,2025-09,13.213,14.59,-9.44,-1.38,green,936.95,721.94,29.78,215.01,red,7.0,30.0,2026-09-25,2026-10-01,2026-10-02 08:14:33
DM-01-07-06-03,2025-09,40.31,61.491,-34.45,-21.18,green,1852.73,2768.12,-33.07,-915.39,green,7.0,30.0,2026-09-25,2026-10-01,2026-10-02 08:14:33
DM-01-08-01-01,2025-09,111.385,87.334,27.54,24.05,red,2656.05,2100.35,26.46,555.7,red,7.0,30.0,2026-09-25,2026-10-01,2026-10-02 08:14:33
DM-01-08-01-02,2025-09,20.277,38.394,-47.19,-18.12,green,424.24,1663.65,-74.5,-1239.41,green,7.0,30.0,2026-09-25,2026-10-01,2026-10-02 08:14:33
DM-01-08-01-03,2025-09,,20.533,,,gray,2751.51,1228.31,124.01,1523.2,red,7.0,30.0,2026-09-25,2026-10-01,2026-10-02 08:14:33
DM-01-08-02-01,2025-09,74.312,67.272,10.46,7.04,yellow,2720.41,2782.67,-2.24,-62.26,green,7.0,30.0,2026-09-25,2026-10-01,2026-10-02 08:14:33
DM-01-08-02-02,2025-09,0.0,0.0,,,gray,0.0,0.0,,,gray,7.0,30.0,2026-09-25,2026-10-01,2026-10-02 08:14:33
DM-01-08-03-01,2025-09,172.948,184.084,-6.05,-11.14,green,3206.02,3482.94,-7.95,-276.92,green,7.0,30.0,2026-09-25,2026-10-01,2026-10-02 08:14:33
DM-01-08-04-01,2025-09,36.85,84.446,-56.36,-47.6,green,1807.04,2961.81,-38.99,-1154.77,green,7.0,30.0,2026-09-25,2026-10-01,2026-10-02 08:14:33
DM-01-08-04-02,2025-09,14.194,11.577,22.61,2.62,red,717.01,577.68,24.12,139.33,red,7.0,30.0,2026-09-25,2026-10-01,2026-10-02 08:14:33
DM-01-08-04-03,2025-09,,59.386,,,gray,7583.19,2561.03,196.1,5022.16,red,7.0,30.0,2026-09-25,2026-10-01,2026-10-02 08:14:33
DM-01-09-01-01,2025-09,141.545,149.717,-5.46,-8.17,green,5607.71,5687.1,-1.4,-79.39,green,7.0,30.0,2026-09-25,2026-10-01,2026-10-02 08:14:33
DM-01-09-02-01,2025-09,37.215,71.781,-48.15,-34.57,green,1478.41,2387.13,-38.07,-908.72,green,7.0,30.0,2026-09-25,2026-10-01,2026-10-02 08:14:33
DM-01-09-02-02,2025-09,31.323,17.534,78.64,13.79,red,1334.6,812.73,64.21,521.87,red,7.0,30.0,2026-09-25,2026-10-01,2026-10-02 08:14:33
DM-01-09-03-01,2025-09,71.191,72.743,-2.13,-1.55,green,2450.49,2740.17,-10.57,-289.68,green,7.0,30.0,2026-09-25,2026-10-01,2026-10-02 08:14:33
DM-01-09-04-01,2025-09,116.194,151.95,-23.53,-35.76,green,4192.92,6000.27,-30.12,-1807.35,green,7.0,30.0,2026-09-25,2026-10-01,2026-10-02 08:14:33
DM-01-09-05-01,2025-09,60.3,41.26,46.15,19.04,red,2438.77,2001.24,21.86,437.53,red,7.0,30.0,2026-09-25,2026-10-01,2026-10-02 08:14:33
DM-01-09-06-01,2025-09,42.735,43.276,-1.25,-0.54,green,1556.54,1741.16,-10.6,-184.62,green,7.0,30.0,2026-09-25,2026-10-01,2026-10-02 08:14:33
DM-01-09-07-01,2025-09,99.684,126.181,-21.0,-26.5,green,3935.95,5131.33,-23.3,-1195.38,green,7.0,30.0,2026-09-25,2026-10-01,2026-10-02 08:14:33
DM-01-09-08-01,2025-09,122.735,133.877,-8.32,-11.14,green,5350.26,5531.83,-3.28,-181.57,green,7.0,30.0,2026-09-25,2026-10-01,2026-10-02 08:14:33
DM-01-09-09-01,2025-09,59.33,64.524,-8.05,-5.19,green,2580.4,2736.48,-5.7,-156.08,green,7.0,30.0,2026-09-25,2026-10-01,2026-10-02 08:14:33
DM-01-09-10-01,2025-09,65.754,67.64,-2.79,-1.89,green,2579.55,2608.02,-1.09,-28.47,green,7.0,30.0,2026-09-25,2026-10-01,2026-10-02 08:14:33
DM-02-01-01-01,2025-09,42.605,59.886,-28.86,-17.28,green,1763.28,2614.18,-32.55,-850.9,green,7.0,30.0,2026-09-25,2026-10-01,2026-10-02 08:14:33
DM-02-01-01-02,2025-09,63.289,71.926,-12.01,-8.64,green,2689.65,2884.92,-6.77,-195.27,green,7.0,30.0,2026-09-25,2026-10-01,2026-10-02 08:14:33
DM-02-01-02-01,2025-09,56.224,56.294,-0.12,-0.07,green,2269.67,2188.25,3.72,81.42,green,7.0,30.0,2026-09-25,2026-10-01,2026-10-02 08:14:33
DM-02-01-02-02,2025-09,54.391,53.599,1.48,0.79,green,2174.65,2200.8,-1.19,-26.15,green,7.0,30.0,2026-09-25,2026-10-01,2026-10-02 08:14:33
DM-02-01-03-01,2025-09,0.335,0.331,1.21,0.0,green,9.45,8.25,14.55,1.2,yellow,7.0,30.0,2026-09-25,2026-10-01,2026-10-02 08:14:33
DM-02-01-03-02,2025-09,34.469,38.741,-11.03,-4.27,green,1317.6,1451.49,-9.22,-133.89,green,7.0,30.0,2026-09-25,2026-10-01,2026-10-02 08:14:33
DM-02-01-03-03,2025-09,152.297,168.051,-9.37,-15.75,green,6105.22,6536.13,-6.59,-430.91,green,7.0,30.0,2026-09-25,2026-10-01,2026-10-02 08:14:33
DM-02-01-04-01,2025-09,58.942,30.574,92.78,28.37,red,2738.35,1513.75,80.9,1224.6,red,7.0,30.0,2026-09-25,2026-10-01,2026-10-02 08:14:33
DM-02-01-04-02,2025-09,11.983,0.0,,,gray,612.43,0.0,,,gray,7.0,30.0,2026-09-25,2026-10-01,2026-10-02 08:14:33
DM-02-01-04-03,2025-09,64.817,56.918,13.88,7.9,yellow,2719.16,2480.52,9.62,238.64,yellow,7.0,30.0,2026-09-25,2026-10-01,2026-10-02 08:14:33
DM-02-01-04-05,2025-09,47.315,47.317,-0.0,-0.0,green,1666.7,1894.55,-12.03,-227.85,green,7.0,30.0,2026-09-25,2026-10-01,2026-10-02 08:14:33
DM-02-01-07-01,2025-09,30.981,26.193,18.28,4.79,yellow,1438.63,1276.05,12.74,162.58,yellow,7.0,30.0,2026-09-25,2026-10-01,2026-10-02 08:14:33
DM-02-02-01-01,2025-09,110.355,138.412,-20.27,-28.06,green,3437.39,4307.77,-20.2,-870.38,green,7.0,30.0,2026-09-25,2026-10-01,2026-10-02 08:14:33
DM-02-02-01-02,2025-09,63.269,81.48,-22.35,-18.21,green,3149.3,3927.79,-19.82,-778.49,green,7.0,30.0,2026-09-25,2026-10-01,2026-10-02 08:14:33
DM-02-02-02-01,2025-09,116.379,104.978,10.86,11.4,yellow,4824.33,4694.18,2.77,130.15,green,7.0,30.0,2026-09-25,2026-10-01,2026-10-02 08:14:33
DM-02-02-03-01,2025-09,45.023,50.758,-11.3,-5.73,green,2166.32,2331.66,-7.09,-165.34,green,7.0,30.0,2026-09-25,2026-10-01,2026-10-02 08:14:33
DM-02-02-04-01,2025-09,24.604,24.897,-1.18,-0.29,green,1350.55,1399.68,-3.51,-49.13,green,7.0,30.0,2026-09-25,2026-10-01,2026-10-02 08:14:33
DM-02-02-04-02,2025-09,64.341,57.518,11.86,6.82,yellow,3072.65,2934.67,4.7,137.98,green,7.0,30.0,2026-09-25,2026-10-01,2026-10-02 08:14:33
DM-02-02-05-01,2025-09,23.88,24.344,-1.91,-0.46,green,974.57,971.12,0.36,3.45,green,7.0,30.0,2026-09-25,2026-10-01,2026-10-02 08:14:33
DM-02-02-05-02,2025-09,51.087,54.645,-6.51,-3.56,green,2084.78,2223.73,-6.25,-138.95,green,7.0,30.0,2026-09-25,2026-10-01,2026-10-02 08:14:33
DM-02-02-06-01,2025-09,39.748,38.187,4.09,1.56,green,2007.87,1880.49,6.77,127.38,yellow,7.0,30.0,2026-09-25,2026-10-01,2026-10-02 08:14:33
DM-02-02-06-02,2025-09,18.591,17.578,5.76,1.01,yellow,1364.08,1316.96,3.58,47.12,green,7.0,30.0,2026-09-25,2026-10-01,2026-10-02 08:14:33
DM-02-02-06-03,2025-09,11.153,26.791,-58.37,-15.64,green,556.82,1057.49,-47.35,-500.67,green,7.0,30.0,2026-09-25,2026-10-01,2026-10-02 08:14:33
DM-02-02-07-01,2025-09,33.591,22.372,50.15,11.22,red,1520.72,1228.29,23.81,292.43,red,7.0,30.0,2026-09-25,2026-10-01,2026-10-02 08:14:33
DM-02-02-07-03,2025-09,26.39,22.439,17.61,3.95,yellow,1377.29,1260.74,9.24,116.55,yellow,7.0,30.0,2026-09-25,2026-10-01,2026-10-02 08:14:33
DM-02-02-08-01,2025-09,67.426,59.419,13.48,8.01,yellow,2892.42,2944.11,-1.76,-51.69,green,7.0,30.0,2026-09-25,2026-10-01,2026-10-02 08:14:33
DM-02-03-01-01,2025-09,37.357,30.675,21.78,6.68,red,1433.2,1285.68,11.47,147.52,yellow,7.0,30.0,2026-09-25,2026-10-01,2026-10-02 08:14:33
DM-02-03-02-01,2025-09,55.458,29.248,89.61,26.21,red,1942.0,1752.92,10.79,189.08,yellow,7.0,30.0,2026-09-25,2026-10-01,2026-10-02 08:14:33
DM-02-03-02-02,2025-09,8.795,37.972,-76.84,-29.18,green,479.01,843.43,-43.21,-364.42,green,7.0,30.0,2026-09-25,2026-10-01,2026-10-02 08:14:33
DM-02-03-03-01,2025-09,31.537,43.449,-27.42,-11.91,green,1478.88,1848.14,-19.98,-369.26,green,7.0,30.0,2026-09-25,2026-10-01,2026-10-02 08:14:33
DM-02-03-03-02,2025-09,18.308,19.749,-7.3,-1.44,green,954.84,961.22,-0.66,-6.38,green,7.0,30.0,2026-09-25,2026-10-01,2026-10-02 08:14:33
DM-02-03-04-01,2025-09,81.106,83.706,-3.11,-2.6,green,3640.16,3924.55,-7.25,-284.39,green,7.0,30.0,2026-09-25,2026-10-01,2026-10-02 08:14:33
DM-02-03-05-01,2025-09,1.114,124.824,-99.11,-123.71,green,64.57,2495.0,-97.41,-2430.43,green,7.0,30.0,2026-09-25,2026-10-01,2026-10-02 08:14:33
DM-02-03-06-01,2025-09,56.288,55.313,1.76,0.97,green,2446.03,2443.37,0.11,2.66,green,7.0,30.0,2026-09-25,2026-10-01,2026-10-02 08:14:33
DM-02-03-06-02,2025-09,0.0,0.0,,,gray,0.0,0.0,,,gray,7.0,30.0,2026-09-25,2026-10-01,2026-10-02 08:14:33
DM-02-03-06-03,2025-09,65.277,57.069,14.38,8.21,yellow,1596.1,1351.85,18.07,244.25,yellow,7.0,30.0,2026-09-25,2026-10-01,2026-10-02 08:14:33
DM-02-04-01-02,2025-09,54.655,55.23,-1.04,-0.57,green,2367.33,2718.89,-12.93,-351.56,green,7.0,30.0,2026-09-25,2026-10-01,2026-10-02 08:14:33
DM-02-04-01-03,2025-09,32.436,37.407,-13.29,-4.97,green,1496.4,1914.76,-21.85,-418.36,green,7.0,30.0,2026-09-25,2026-10-01,2026-10-02 08:14:33
DM-02-04-02-01,2025-09,22.529,24.251,-7.1,-1.72,green,911.46,1003.42,-9.16,-91.96,green,7.0,30.0,2026-09-25,2026-10-01,2026-10-02 08:14:33
DM-02-04-02-02,2025-09,127.917,35.044,265.02,92.87,red,5299.8,4447.51,19.16,852.29,yellow,7.0,30.0,2026-09-25,2026-10-01,2026-10-02 08:14:33
DM-02-04-03-01,2025-09,171.019,150.194,13.87,20.83,yellow,7013.78,6820.82,2.83,192.96,green,7.0,30.0,2026-09-25,2026-10-01,2026-10-02 08:14:33
DM-02-04-04-01,2025-09,167.446,113.427,47.62,54.02,red,6275.08,4525.61,38.66,1749.47,red,7.0,30.0,2026-09-25,2026-10-01,2026-10-02 08:14:33
DM-02-04-04-02,2025-09,129.612,130.979,-1.04,-1.37,green,4715.14,4478.83,5.28,236.31,yellow,7.0,30.0,2026-09-25,2026-10-01,2026-10-02 08:14:33
DM-02-04-05-01,2025-09,119.526,113.363,5.44,6.16,yellow,4856.94,4917.71,-1.24,-60.77,green,7.0,30.0,2026-09-25,2026-10-01,2026-10-02 08:14:33
DM-02-04-05-02,2025-09,,82.341,,,gray,3526.57,3214.83,9.7,311.74,yellow,7.0,30.0,2026-09-25,2026-10-01,2026-10-02 08:14:33
DM-02-04-06-01,2025-09,0.026,0.0,,,gray,1.12,0.0,,,gray,7.0,30.0,2026-09-25,2026-10-01,2026-10-02 08:14:33
DM-02-08-01-01,2025-09,146.708,0.197,74371.07,146.51,red,5790.84,5.18,111692.28,5785.66,red,7.0,30.0,2026-09-25,2026-10-01,2026-10-02 08:14:33
DM-02-08-01-02,2025-09,0.0,0.0,,,gray,0.0,0.0,,,gray,7.0,30.0,2026-09-25,2026-10-01,2026-10-02 08:14:33
DM-02-08-02-01,2025-09,99.639,116.403,-14.4,-16.76,green,4123.29,4998.81,-17.51,-875.52,green,7.0,30.0,2026-09-25,2026-10-01,2026-10-02 08:14:33
DM-02-08-02-02,2025-09,0.0,0.0,,,gray,0.0,0.0,,,gray,7.0,30.0,2026-09-25,2026-10-01,2026-10-02 08:14:33
DM-02-08-03-01,2025-09,0.72,0.133,441.35,0.59,red,17.82,5.21,242.03,12.61,red,7.0,30.0,2026-09-25,2026-10-01,2026-10-02 08:14:33
DM-02-08-03-02,2025-09,111.756,118.997,-6.09,-7.24,green,6700.53,6513.08,2.88,187.45,green,7.0,30.0,2026-09-25,2026-10-01,2026-10-02 08:14:33
DM-02-08-03-03,2025-09,137.492,148.05,-7.13,-10.56,green,7240.09,7269.54,-0.41,-29.45,green,7.0,30.0,2026-09-25,2026-10-01,2026-10-02 08:14:33
DM-02-08-04-01,2025-09,34.732,41.314,-15.93,-6.58,green,2169.53,2403.41,-9.73,-233.88,green,7.0,30.0,2026-09-25,2026-10-01,2026-10-02 08:14:33
DM-02-08-04-02,2025-09,73.549,71.572,2.76,1.98,green,3218.79,2649.58,21.48,569.21,red,7.0,30.0,2026-09-25,2026-10-01,2026-10-02 08:14:33
DM-02-08-04-03,2025-09,0.0,122.137,-100.0,-122.14,green,0.0,5791.53,-100.0,-5791.53,green,7.0,30.0,2026-09-25,2026-10-01,2026-10-02 08:14:33
DM-02-12-01-01,2025-09,121.054,121.699,-0.53,-0.64,green,5443.3,5753.26,-5.39,-309.96,green,7.0,30.0,2026-09-25,2026-10-01,2026-10-02 08:14:33
DM-02-12-01-02,2025-09,119.856,116.893,2.53,2.96,green,4862.55,5063.46,-3.97,-200.91,green,7.0,30.0,2026-09-25,2026-10-01,2026-10-02 08:14:33
DM-02-12-01-03,2025-09,94.571,92.97,1.72,1.6,green,3616.69,3835.64,-5.71,-218.95,green,7.0,30.0,2026-09-25,2026-10-01,2026-10-02 08:14:33
DM-02-12-01-04,2025-09,0.0,34.968,-100.0,-34.97,green,0.0,1355.0,-100.0,-1355.0,green,7.0,30.0,2026-09-25,2026-10-01,2026-10-02 08:14:33
DM-02-12-02-01,2025-09,48.043,83.808,-42.67,-35.77,green,2021.86,3462.27,-41.6,-1440.41,green,7.0,30.0,2026-09-25,2026-10-01,2026-10-02 08:14:33
DM-02-12-02-02,2025-09,34.617,47.182,-26.63,-12.57,green,1460.29,1901.3,-23.2,-441.01,green,7.0,30.0,2026-09-25,2026-10-01,2026-10-02 08:14:33
DM-02-12-02-03,2025-09,49.414,43.895,12.57,5.52,yellow,1851.31,1642.49,12.71,208.82,yellow,7.0,30.0,2026-09-25,2026-10-01,2026-10-02 08:14:33
DM-02-12-03-01,2025-09,50.561,62.007,-18.46,-11.45,green,2180.52,2662.84,-18.11,-482.32,green,7.0,30.0,2026-09-25,2026-10-01,2026-10-02 08:14:33
DM-02-12-03-02,2025-09,107.453,101.554,5.81,5.9,yellow,4645.45,4697.85,-1.12,-52.4,green,7.0,30.0,2026-09-25,2026-10-01,2026-10-02 08:14:33
DM-02-13-01-01,2025-09,96.675,128.269,-24.63,-31.59,green,4229.51,5314.77,-20.42,-1085.26,green,7.0,30.0,2026-09-25,2026-10-01,2026-10-02 08:14:33
DM-02-13-01-02,2025-09,32.139,40.608,-20.86,-8.47,green,1296.21,1812.88,-28.5,-516.67,green,7.0,30.0,2026-09-25,2026-10-01,2026-10-02 08:14:33
DM-02-13-02-01,2025-09,79.719,89.54,-10.97,-9.82,green,3459.39,4147.72,-16.6,-688.33,green,7.0,30.0,2026-09-25,2026-10-01,2026-10-02 08:14:33
DM-02-13-02-02,2025-09,372.413,49.534,651.83,322.88,red,8415.16,2171.84,287.47,6243.32,red,7.0,30.0,2026-09-25,2026-10-01,2026-10-02 08:14:33
DM-02-13-03-01,2025-09,38.272,61.236,-37.5,-22.96,green,1574.11,2565.74,-38.65,-991.63,green,7.0,30.0,2026-09-25,2026-10-01,2026-10-02 08:14:33
DM-02-13-03-02,2025-09,65.014,68.085,-4.51,-3.07,green,3008.36,3340.75,-9.95,-332.39,green,7.0,30.0,2026-09-25,2026-10-01,2026-10-02 08:14:33
DM-02-13-04-01,2025-09,69.386,64.99,6.76,4.4,yellow,3205.33,3143.43,1.97,61.9,green,7.0,30.0,2026-09-25,2026-10-01,2026-10-02 08:14:33
DM-02-13-04-02,2025-09,40.327,56.969,-29.21,-16.64,green,1823.31,2736.66,-33.37,-913.35,green,7.0,30.0,2026-09-25,2026-10-01,2026-10-02 08:14:33
DM-02-13-05-01,2025-09,81.617,100.885,-19.1,-19.27,green,3199.61,3962.65,-19.26,-763.04,green,7.0,30.0,2026-09-25,2026-10-01,2026-10-02 08:14:33
DM-02-13-05-02,2025-09,78.341,63.043,24.27,15.3,red,3102.76,2930.77,5.87,171.99,yellow,7.0,30.0,2026-09-25,2026-10-01,2026-10-02 08:14:33
DM-02-13-06-01,2025-09,39.895,31.722,25.76,8.17,red,1879.31,1743.16,7.81,136.15,yellow,7.0,30.0,2026-09-25,2026-10-01,2026-10-02 08:14:33
DM-02-13-06-02,2025-09,68.431,90.859,-24.68,-22.43,green,3213.83,2663.15,20.68,550.68,red,7.0,30.0,2026-09-25,2026-10-01,2026-10-02 08:14:33
DM-02-14-03-01,2025-09,83.024,76.589,8.4,6.44,yellow,3663.68,3451.17,6.16,212.51,yellow,7.0,30.0,2026-09-25,2026-10-01,2026-10-02 08:14:33
DM-02-14-03-02,2025-09,85.136,99.902,-14.78,-14.77,green,4129.97,4366.84,-5.42,-236.87,green,7.0,30.0,2026-09-25,2026-10-01,2026-10-02 08:14:33
DM-02-14-03-03,2025-09,31.585,42.605,-25.87,-11.02,green,1770.32,2221.85,-20.32,-451.53,green,7.0,30.0,2026-09-25,2026-10-01,2026-10-02 08:14:33
DM-02-14-04-01,2025-09,153.903,169.554,-9.23,-15.65,green,2763.45,3119.53,-11.41,-356.08,green,7.0,30.0,2026-09-25,2026-10-01,2026-10-02 08:14:33
DM-02-14-04-02,2025-09,34.637,34.302,0.98,0.34,green,1562.62,1448.36,7.89,114.26,yellow,7.0,30.0,2026-09-25,2026-10-01,2026-10-02 08:14:33
DM-02-14-04-03,2025-09,129.573,126.277,2.61,3.3,green,5972.09,5474.37,9.09,497.72,yellow,7.0,30.0,2026-09-25,2026-10-01,2026-10-02 08:14:33
DM-02-14-04-04,2025-09,75.075,96.718,-22.38,-21.64,green,3303.59,3878.12,-14.81,-574.53,green,7.0,30.0,2026-09-25,2026-10-01,2026-10-02 08:14:33
DM-02-14-05-01,2025-09,60.976,84.767,-28.07,-23.79,green,3013.35,3852.04,-21.77,-838.69,green,7.0,30.0,2026-09-25,2026-10-01,2026-10-02 08:14:33
DM-02-14-05-02,2025-09,95.802,62.65,52.92,33.15,red,4227.9,2815.27,50.18,1412.63,red,7.0,30.0,2026-09-25,2026-10-01,2026-10-02 08:14:33
DM-02-14-05-03,2025-09,0.0,73.294,-100.0,-73.29,green,0.0,4183.21,-100.0,-4183.21,green,7.0,30.0,2026-09-25,2026-10-01,2026-10-02 08:14:33
DM-02-14-06-01,2025-09,12.238,114.277,-89.29,-102.04,green,854.97,4778.13,-82.11,-3923.16,green,7.0,30.0,2026-09-25,2026-10-01,2026-10-02 08:14:33
DM-02-14-06-02,2025-09,92.439,62.824,47.14,29.61,red,3200.36,2228.86,43.59,971.5,red,7.0,30.0,2026-09-25,2026-10-01,2026-10-02 08:14:33
DM-02-14-07-01,2025-09,0.0,0.0,,,gray,0.0,0.0,,,gray,7.0,30.0,2026-09-25,2026-10-01,2026-10-02 08:14:33
DM-02-14-07-02,2025-09,161.108,146.526,9.95,14.58,yellow,5680.1,6165.09,-7.87,-484.99,green,7.0,30.0,2026-09-25,2026-10-01,2026-10-02 08:14:33
DM-02-14-07-03,2025-09,52.188,47.494,9.88,4.69,yellow,2756.65,2627.84,4.9,128.81,green,7.0,30.0,2026-09-25,2026-10-01,2026-10-02 08:14:33
DM-02-14-07-04,2025-09,83.897,71.832,16.8,12.07,yellow,3579.4,3293.67,8.68,285.73,yellow,7.0,30.0,2026-09-25,2026-10-01,2026-10-02 08:14:33
DM-02-14-07-05,2025-09,41.969,158.35,-73.5,-116.38,green,2152.31,5141.34,-58.14,-2989.03,green,7.0,30.0,2026-09-25,2026-10-01,2026-10-02 08:14:33
DM-02-14-08-01,2025-09,142.156,97.0,46.55,45.16,red,6605.37,4906.36,34.63,1699.01,red,7.0,30.0,2026-09-25,2026-10-01,2026-10-02 08:14:33
DM-02-14-09-01,2025-09,201.511,165.243,21.95,36.27,red,6338.69,5495.89,15.34,842.8,yellow,7.0,30.0,2026-09-25,2026-10-01,2026-10-02 08:14:33
DM-02-14-09-02,2025-09,146.214,101.0,44.77,45.21,red,6608.66,4142.97,59.52,2465.69,red,7.0,30.0,2026-09-25,2026-10-01,2026-10-02 08:14:33
DM-02-15-01-01,2025-09,152.712,133.356,14.51,19.36,yellow,5907.74,5504.13,7.33,403.61,yellow,7.0,30.0,2026-09-25,2026-10-01,2026-10-02 08:14:33
DM-02-15-02-01,2025-09,95.039,140.317,-32.27,-45.28,green,4608.44,5774.13,-20.19,-1165.69,green,7.0,30.0,2026-09-25,2026-10-01,2026-10-02 08:14:33
DM-02-15-03-01,2025-09,81.209,65.154,24.64,16.06,red,3616.76,3072.85,17.7,543.91,yellow,7.0,30.0,2026-09-25,2026-10-01,2026-10-02 08:14:33
DM-02-15-04-01,2025-09,62.966,106.837,-41.06,-43.87,green,3545.07,5363.47,-33.9,-1818.4,green,7.0,30.0,2026-09-25,2026-10-01,2026-10-02 08:14:33
DM-02-15-04-02,2025-09,38.969,53.652,-27.37,-14.68,green,2004.21,2158.79,-7.16,-154.58,green,7.0,30.0,2026-09-25,2026-10-01,2026-10-02 08:14:33
DM-02-15-05-01,2025-09,0.0,0.0,,,gray,0.0,0.0,,,gray,7.0,30.0,2026-09-25,2026-10-01,2026-10-02 08:14:33
DM-02-15-05-02,2025-09,11.616,0.0,,,gray,506.23,0.0,,,gray,7.0,30.0,2026-09-25,2026-10-01,2026-10-02 08:14:33
DM-02-16-01-01,2025-09,24.379,248.476,-90.19,-224.1,green,989.06,5898.72,-83.23,-4909.66,green,7.0,30.0,2026-09-25,2026-10-01,2026-10-02 08:14:33
DM-02-16-02-01,2025-09,40.006,8.674,361.22,31.33,red,1633.77,360.51,353.18,1273.26,red,7.0,30.0,2026-09-25,2026-10-01,2026-10-02 08:14:33
DM-02-16-02-02,2025-09,52.748,64.745,-18.53,-12.0,green,2298.56,2796.65,-17.81,-498.09,green,7.0,30.0,2026-09-25,2026-10-01,2026-10-02 08:14:33
DM-02-16-03-01,2025-09,53.772,53.201,1.07,0.57,green,2258.79,2163.84,4.39,94.95,green,7.0,30.0,2026-09-25,2026-10-01,2026-10-02 08:14:33
DM-02-16-03-02,2025-09,49.181,47.404,3.75,1.78,green,1817.47,1987.78,-8.57,-170.31,green,7.0,30.0,2026-09-25,2026-10-01,2026-10-02 08:14:33
DM-02-16-04-01,2025-09,0.34,23.974,-98.58,-23.63,green,16.04,726.75,-97.79,-710.71,green,7.0,30.0,2026-09-25,2026-10-01,2026-10-02 08:14:33
DM-02-16-04-02,2025-09,77.7,0.0,,,gray,2594.44,0.0,,,gray,7.0,30.0,2026-09-25,2026-10-01,2026-10-02 08:14:33
DM-02-16-05-01,2025-09,89.338,104.14,-14.21,-14.8,green,4213.63,5102.27,-17.42,-888.64,green,7.0,30.0,2026-09-25,2026-10-01,2026-10-02 08:14:33
DM-02-16-06-01,2025-09,82.966,82.507,0.56,0.46,green,3190.61,3677.54,-13.24,-486.93,green,7.0,30.0,2026-09-25,2026-10-01,2026-10-02 08:14:33
DM-02-16-06-02,2025-09,37.914,62.284,-39.13,-24.37,green,1669.21,2476.48,-32.6,-807.27,green,7.0,30.0,2026-09-25,2026-10-01,2026-10-02 08:14:33
DM-02-16-06-03,2025-09,20.632,14.188,45.42,6.44,red,850.41,696.31,22.13,154.1,red,7.0,30.0,2026-09-25,2026-10-01,2026-10-02 08:14:33
DM-02-16-07-01,2025-09,77.912,60.242,29.33,17.67,red,3465.78,3108.87,11.48,356.91,yellow,7.0,30.0,2026-09-25,2026-10-01,2026-10-02 08:14:33
DM-02-16-07-02,2025-09,34.052,41.286,-17.52,-7.23,green,716.03,881.26,-18.75,-165.23,green,7.0,30.0,2026-09-25,2026-10-01,2026-10-02 08:14:33
DM-02-16-08-02,2025-09,0.0,0.0,,,gray,0.0,0.0,,,gray,7.0,30.0,2026-09-25,2026-10-01,2026-10-02 08:14:33
DM-03-01-01-01,2025-09,113.895,85.248,33.6,28.65,red,3911.64,3591.87,8.9,319.77,yellow,7.0,30.0,2026-09-25,2026-10-01,2026-10-02 08:14:33
DM-03-01-01-02,2025-09,0.386,0.114,238.6,0.27,red,9.5,3.06,210.46,6.44,red,7.0,30.0,2026-09-25,2026-10-01,2026-10-02 08:14:33
DM-03-01-02-01,2025-09,47.888,42.986,11.4,4.9,yellow,1777.62,2156.49,-17.57,-378.87,green,7.0,30.0,2026-09-25,2026-10-01,2026-10-02 08:14:33
DM-03-01-02-02,2025-09,,37.103,,,gray,710.79,1108.86,-35.9,-398.07,green,7.0,30.0,2026-09-25,2026-10-01,2026-10-02 08:14:33
DM-03-01-02-03,2025-09,,,,,gray,1014.16,1278.52,-20.68,-264.36,green,7.0,30.0,2026-09-25,2026-10-01,2026-10-02 08:14:33
DM-03-01-03-01,2025-09,178.445,173.908,2.61,4.54,green,6146.52,6846.92,-10.23,-700.4,green,7.0,30.0,2026-09-25,2026-10-01,2026-10-02 08:14:33
DM-03-01-04-01,2025-09,168.805,165.535,1.98,3.27,green,5650.68,5813.0,-2.79,-162.32,green,7.0,30.0,2026-09-25,2026-10-01,2026-10-02 08:14:33
DM-03-01-05-01,2025-09,222.623,178.446,24.76,44.18,red,5076.11,4662.14,8.88,413.97,yellow,7.0,30.0,2026-09-25,2026-10-01,2026-10-02 08:14:33
DM-03-01-05-02,2025-09,8.563,11.74,-27.06,-3.18,green,469.04,521.86,-10.12,-52.82,green,7.0,30.0,2026-09-25,2026-10-01,2026-10-02 08:14:33
DM-03-01-05-03,2025-09,134.909,135.215,-0.23,-0.31,green,2980.05,3339.38,-10.76,-359.33,green,7.0,30.0,2026-09-25,2026-10-01,2026-10-02 08:14:33
DM-03-01-06-01,2025-09,74.544,77.476,-3.78,-2.93,green,3509.83,3356.6,4.57,153.23,green,7.0,30.0,2026-09-25,2026-10-01,2026-10-02 08:14:33
DM-03-01-06-02,2025-09,,61.834,,,gray,2602.2,3148.63,-17.35,-546.43,green,7.0,30.0,2026-09-25,2026-10-01,2026-10-02 08:14:33
DM-03-01-07-01,2025-09,119.746,131.258,-8.77,-11.51,green,4194.71,4467.4,-6.1,-272.69,green,7.0,30.0,2026-09-25,2026-10-01,2026-10-02 08:14:33
DM-03-01-08-01,2025-09,145.635,160.276,-9.13,-14.64,green,5427.19,5133.15,5.73,294.04,yellow,7.0,30.0,2026-09-25,2026-10-01,2026-10-02 08:14:33
DM-03-01-09-01,2025-09,98.512,69.128,42.51,29.38,red,3782.94,3238.6,16.81,544.34,yellow,7.0,30.0,2026-09-25,2026-10-01,2026-10-02 08:14:33
DM-03-02-01-01,2025-09,67.629,131.637,-48.62,-64.01,green,2521.52,4738.9,-46.79,-2217.38,green,7.0,30.0,2026-09-25,2026-10-01,2026-10-02 08:14:33
DM-03-02-02-01,2025-09,62.675,23.556,166.07,39.12,red,2347.19,839.24,179.68,1507.95,red,7.0,30.0,2026-09-25,2026-10-01,2026-10-02 08:14:33
DM-03-02-03-01,2025-09,204.592,194.643,5.11,9.95,yellow,7707.99,7635.01,0.96,72.98,green,7.0,30.0,2026-09-25,2026-10-01,2026-10-02 08:14:33
DM-03-02-04-01,2025-09,0.0,0.0,,,gray,0.0,0.0,,,gray,7.0,30.0,2026-09-25,2026-10-01,2026-10-02 08:14:33
DM-03-02-04-02,2025-09,101.701,,,,gray,3514.16,,,,gray,7.0,,2026-09-25,2026-10-01,2026-10-02 08:14:33
DM-03-02-05-01,2025-09,138.056,198.184,-30.34,-60.13,green,5005.93,7730.26,-35.24,-2724.33,green,7.0,30.0,2026-09-25,2026-10-01,2026-10-02 08:14:33
DM-03-02-06-01,2025-09,32.171,32.85,-2.07,-0.68,green,1512.15,1615.93,-6.42,-103.78,green,7.0,30.0,2026-09-25,2026-10-01,2026-10-02 08:14:33
DM-03-02-07-01,2025-09,158.661,104.669,51.58,53.99,red,6104.86,4248.26,43.7,1856.6,red,7.0,30.0,2026-09-25,2026-10-01,2026-10-02 08:14:33
DM-03-02-08-01,2025-09,147.656,170.559,-13.43,-22.9,green,5034.67,6863.1,-26.64,-1828.43,green,7.0,30.0,2026-09-25,2026-10-01,2026-10-02 08:14:33
DM-03-02-09-01,2025-09,106.543,115.051,-7.39,-8.51,green,4785.84,4996.18,-4.21,-210.34,green,7.0,30.0,2026-09-25,2026-10-01,2026-10-02 08:14:33
DM-03-03-01-01,2025-09,27.929,35.018,-20.24,-7.09,green,1675.88,1832.49,-8.55,-156.61,green,7.0,30.0,2026-09-25,2026-10-01,2026-10-02 08:14:33
DM-03-03-01-02,2025-09,3.536,21.333,-83.42,-17.8,green,1027.49,1695.41,-39.4,-667.92,green,7.0,30.0,2026-09-25,2026-10-01,2026-10-02 08:14:33
DM-03-03-02-01,2025-09,81.175,86.028,-5.64,-4.85,green,3596.71,3964.58,-9.28,-367.87,green,7.0,30.0,2026-09-25,2026-10-01,2026-10-02 08:14:33
DM-03-03-02-02,2025-09,120.755,140.767,-14.22,-20.01,green,4638.4,3699.64,25.37,938.76,red,7.0,30.0,2026-09-25,2026-10-01,2026-10-02 08:14:33
DM-03-03-03-01,2025-09,28.484,50.683,-43.8,-22.2,green,1536.04,1995.55,-23.03,-459.51,green,7.0,30.0,2026-09-25,2026-10-01,2026-10-02 08:14:33
DM-03-03-03-02,2025-09,89.974,87.855,2.41,2.12,green,3800.24,3662.99,3.75,137.25,green,7.0,30.0,2026-09-25,2026-10-01,2026-10-02 08:14:33
DM-03-03-04-01,2025-09,55.45,55.586,-0.24,-0.14,green,1227.83,1375.93,-10.76,-148.1,green,7.0,30.0,2026-09-25,2026-10-01,2026-10-02 08:14:33
DM-03-03-04-02,2025-09,120.028,107.291,11.87,12.74,yellow,5584.23,5070.49,10.13,513.74,yellow,7.0,30.0,2026-09-25,2026-10-01,2026-10-02 08:14:33
DM-03-03-04-03,2025-09,12.947,,,,gray,440.14,,,,gray,7.0,,2026-09-25,2026-10-01,2026-10-02 08:14:33
DM-03-03-05-01,2025-09,59.922,53.746,11.49,6.18,yellow,2916.81,2591.31,12.56,325.5,yellow,7.0,30.0,2026-09-25,2026-10-01,2026-10-02 08:14:33
DM-03-03-06-01,2025-09,65.222,67.603,-3.52,-2.38,green,2740.61,3004.01,-8.77,-263.4,green,7.0,30.0,2026-09-25,2026-10-01,2026-10-02 08:14:33
DM-03-03-06-02,2025-09,24.728,21.729,13.8,3.0,yellow,964.85,870.29,10.87,94.56,yellow,7.0,30.0,2026-09-25,2026-10-01,2026-10-02 08:14:33
DM-03-03-07-01,2025-09,49.213,23.594,108.58,25.62,red,1986.19,1181.42,68.12,804.77,red,7.0,30.0,2026-09-25,2026-10-01,2026-10-02 08:14:33
DM-03-03-07-02,2025-09,87.119,62.379,39.66,24.74,red,3290.35,2752.46,19.54,537.89,yellow,7.0,30.0,2026-09-25,2026-10-01,2026-10-02 08:14:33
DM-03-03-08-01,2025-09,51.922,63.61,-18.37,-11.69,green,2428.93,2678.67,-9.32,-249.74,green,7.0,30.0,2026-09-25,2026-10-01,2026-10-02 08:14:33
DM-03-03-09-01,2025-09,0.0,0.0,,,gray,0.0,0.0,,,gray,7.0,30.0,2026-09-25,2026-10-01,2026-10-02 08:14:33
DM-03-03-10-01,2025-09,42.202,44.25,-4.63,-2.05,green,2323.18,2422.49,-4.1,-99.31,green,7.0,30.0,2026-09-25,2026-10-01,2026-10-02 08:14:33
DM-03-03-10-02,2025-09,35.384,39.681,-10.83,-4.3,green,1710.49,1980.86,-13.65,-270.37,green,7.0,30.0,2026-09-25,2026-10-01,2026-10-02 08:14:33
DM-03-03-11-01,2025-09,0.0,0.0,,,gray,0.0,0.0,,,gray,7.0,30.0,2026-09-25,2026-10-01,2026-10-02 08:14:33
DM-03-03-11-02,2025-09,0.01,0.01,0.0,0.0,green,0.21,19.41,-98.92,-19.2,green,7.0,30.0,2026-09-25,2026-10-01,2026-10-02 08:14:33
DM-03-03-12-01,2025-09,177.759,150.912,17.79,26.85,yellow,7095.09,6347.84,11.77,747.25,yellow,7.0,30.0,2026-09-25,2026-10-01,2026-10-02 08:14:33
DM-03-03-13-01,2025-09,185.312,183.65,0.9,1.66,green,7174.62,7347.31,-2.35,-172.69,green,7.0,30.0,2026-09-25,2026-10-01,2026-10-02 08:14:33
DM-03-03-13-02,2025-09,68.385,69.863,-2.12,-1.48,green,2418.03,2526.31,-4.29,-108.28,green,7.0,30.0,2026-09-25,2026-10-01,2026-10-02 08:14:33
DM-03-04-01-01,2025-09,93.577,76.248,22.73,17.33,red,3030.47,2824.56,7.29,205.91,yellow,7.0,30.0,2026-09-25,2026-10-01,2026-10-02 08:14:33
DM-03-04-02-01,2025-09,132.865,145.639,-8.77,-12.77,green,5884.36,6263.94,-6.06,-379.58,green,7.0,30.0,2026-09-25,2026-10-01,2026-10-02 08:14:33
DM-03-04-03-01,2025-09,128.946,161.327,-20.07,-32.38,green,5469.36,6238.19,-12.32,-768.83,green,7.0,30.0,2026-09-25,2026-10-01,2026-10-02 08:14:33
DM-03-04-04-01,2025-09,0.0,363.378,-100.0,-363.38,green,0.0,8903.69,-100.0,-8903.69,green,7.0,30.0,2026-09-25,2026-10-01,2026-10-02 08:14:33
DM-03-04-04-02,2025-09,13.77,18.034,-23.64,-4.26,green,625.88,752.63,-16.84,-126.75,green,7.0,30.0,2026-09-25,2026-10-01,2026-10-02 08:14:33
DM-03-04-05-01,2025-09,10.629,82.374,-87.1,-71.74,green,199.84,1462.78,-86.34,-1262.94,green,7.0,30.0,2026-09-25,2026-10-01,2026-10-02 08:14:33
DM-03-04-06-01,2025-09,85.863,75.981,13.01,9.88,yellow,3592.12,3332.38,7.79,259.74,yellow,7.0,30.0,2026-09-25,2026-10-01,2026-10-02 08:14:33
DM-03-04-07-01,2025-09,44.598,,,,gray,2427.38,2199.25,10.37,228.13,yellow,7.0,30.0,2026-09-25,2026-10-01,2026-10-02 08:14:33
DM-03-04-08-01,2025-09,0.0,0.0,,,gray,0.0,0.0,,,gray,7.0,30.0,2026-09-25,2026-10-01,2026-10-02 08:14:33
DM-03-05-01-01,2025-09,164.833,162.118,1.67,2.72,green,5909.79,6279.92,-5.89,-370.13,green,7.0,30.0,2026-09-25,2026-10-01,2026-10-02 08:14:33
DM-03-05-02-01,2025-09,98.73,113.617,-13.1,-14.89,green,3862.57,3933.12,-1.79,-70.55,green,7.0,30.0,2026-09-25,2026-10-01,2026-10-02 08:14:33
DM-03-05-02-02,2025-09,145.303,160.145,-9.27,-14.84,green,5323.88,5887.69,-9.58,-563.81,green,7.0,30.0,2026-09-25,2026-10-01,2026-10-02 08:14:33
DM-03-05-03-01,2025-09,71.174,71.529,-0.5,-0.35,green,2519.2,2595.99,-2.96,-76.79,green,7.0,30.0,2026-09-25,2026-10-01,2026-10-02 08:14:33
DM-03-05-04-01,2025-09,202.359,161.505,25.3,40.85,red,7073.47,6238.18,13.39,835.29,yellow,7.0,30.0,2026-09-25,2026-10-01,2026-10-02 08:14:33
DM-03-05-04-02,2025-09,37.493,,,,gray,1057.14,,,,gray,7.0,,2026-09-25,2026-10-01,2026-10-02 08:14:33
DM-03-05-05-01,2025-09,189.52,132.902,42.6,56.62,red,7222.59,4890.57,47.68,2332.02,red,7.0,30.0,2026-09-25,2026-10-01,2026-10-02 08:14:33
DM-03-05-06-01,2025-09,214.337,0.0,,,gray,6185.75,0.0,,,gray,7.0,30.0,2026-09-25,2026-10-01,2026-10-02 08:14:33
DM-03-05-06-02,2025-09,0.0,0.0,,,gray,0.0,0.0,,,gray,7.0,30.0,2026-09-25,2026-10-01,2026-10-02 08:14:33
DM-03-05-06-03,2025-09,42.074,107.308,-60.79,-65.23,green,1769.5,3582.28,-50.6,-1812.78,green,7.0,30.0,2026-09-25,2026-10-01,2026-10-02 08:14:33
DM-03-05-06-04,2025-09,238.437,232.222,2.68,6.22,green,8015.49,7871.41,1.83,144.08,green,7.0,30.0,2026-09-25,2026-10-01,2026-10-02 08:14:33
DM-03-05-07-01,2025-09,,,,,gray,6672.26,7305.92,-8.67,-633.66,green,7.0,30.0,2026-09-25,2026-10-01,2026-10-02 08:14:33
DM-03-05-08-01,2025-09,92.569,,,,gray,3350.63,3273.33,2.36,77.3,green,7.0,30.0,2026-09-25,2026-10-01,2026-10-02 08:14:33
DM-03-05-09-01,2025-09,0.0,0.0,,,gray,0.0,0.0,,,gray,7.0,30.0,2026-09-25,2026-10-01,2026-10-02 08:14:33
DM-03-05-09-02,2025-09,6.094,8.011,-23.93,-1.92,green,224.48,259.41,-13.47,-34.93,green,7.0,30.0,2026-09-25,2026-10-01,2026-10-02 08:14:33
DM-03-05-10-01,2025-09,150.963,176.351,-14.4,-25.39,green,6075.28,6564.64,-7.45,-489.36,green,7.0,30.0,2026-09-25,2026-10-01,2026-10-02 08:14:33
DM-03-05-11-01,2025-09,130.625,136.908,-4.59,-6.28,green,5417.32,5216.6,3.85,200.72,green,7.0,30.0,2026-09-25,2026-10-01,2026-10-02 08:14:33
DM-03-05-12-01,2025-09,219.589,200.58,9.48,19.01,yellow,8239.29,7468.74,10.32,770.55,yellow,7.0,30.0,2026-09-25,2026-10-01,2026-10-02 08:14:33
DM-03-05-12-02,2025-09,0.0,83.324,-100.0,-83.32,green,0.0,3094.98,-100.0,-3094.98,green,7.0,30.0,2026-09-25,2026-10-01,2026-10-02 08:14:33
DM-03-06-01-01,2025-09,,,,,gray,3594.98,2114.38,70.03,1480.6,red,7.0,30.0,2026-09-25,2026-10-01,2026-10-02 08:14:33
DM-03-06-01-02,2025-09,0.383,79.631,-99.52,-79.25,green,9.69,1443.81,-99.33,-1434.12,green,7.0,30.0,2026-09-25,2026-10-01,2026-10-02 08:14:33
DM-03-06-02-01,2025-09,173.18,136.061,27.28,37.12,red,3232.71,2694.95,19.95,537.76,yellow,7.0,30.0,2026-09-25,2026-10-01,2026-10-02 08:14:33
DM-03-06-02-02,2025-09,139.985,101.69,37.66,38.3,red,4736.46,3505.89,35.1,1230.57,red,7.0,30.0,2026-09-25,2026-10-01,2026-10-02 08:14:33
DM-03-06-03-01,2025-09,283.598,296.405,-4.32,-12.81,green,10845.64,11258.36,-3.67,-412.72,green,7.0,30.0,2026-09-25,2026-10-01,2026-10-02 08:14:33
DM-03-06-03-02,2025-09,2.493,4.135,-39.71,-1.64,green,335.69,227.61,47.48,108.08,red,7.0,30.0,2026-09-25,2026-10-01,2026-10-02 08:14:33
DM-03-06-04-01,2025-09,,,,,gray,3575.0,3515.5,1.69,59.5,green,7.0,30.0,2026-09-25,2026-10-01,2026-10-02 08:14:33
DM-03-06-04-02,2025-09,61.383,,,,gray,2155.61,6403.2,-66.34,-4247.59,green,7.0,30.0,2026-09-25,2026-10-01,2026-10-02 08:14:33
DM-03-06-04-03,2025-09,42.776,,,,gray,1689.15,,,,gray,7.0,,2026-09-25,2026-10-01,2026-10-02 08:14:33
DM-03-06-05-01,2025-09,0.0,96.515,-100.0,-96.52,green,0.0,4424.96,-100.0,-4424.96,green,7.0,30.0,2026-09-25,2026-10-01,2026-10-02 08:14:33
DM-03-06-05-02,2025-09,47.882,55.129,-13.15,-7.25,green,2499.88,2818.21,-11.3,-318.33,green,7.0,30.0,2026-09-25,2026-10-01,2026-10-02 08:14:33
DM-03-06-05-03,2025-09,93.752,,,,gray,4031.09,,,,gray,7.0,,2026-09-25,2026-10-01,2026-10-02 08:14:33
DM-03-06-06-01,2025-09,73.691,77.894,-5.4,-4.2,green,3596.55,3616.83,-0.56,-20.28,green,7.0,30.0,2026-09-25,2026-10-01,2026-10-02 08:14:33
DM-03-06-06-02,2025-09,0.002,52.884,-100.0,-52.88,green,0.09,1973.24,-100.0,-1973.15,green,7.0,30.0,2026-09-25,2026-10-01,2026-10-02 08:14:33
DM-03-06-07-01,2025-09,72.988,15.462,372.05,57.53,red,3491.78,423.16,725.17,3068.62,red,7.0,30.0,2026-09-25,2026-10-01,2026-10-02 08:14:33
DM-03-06-07-02,2025-09,49.353,0.0,,,gray,2240.15,0.0,,,gray,7.0,30.0,2026-09-25,2026-10-01,2026-10-02 08:14:33
DM-03-06-08-01,2025-09,132.203,135.912,-2.73,-3.71,green,2440.48,2999.15,-18.63,-558.67,green,7.0,30.0,2026-09-25,2026-10-01,2026-10-02 08:14:33
DM-03-06-08-02,2025-09,116.3,201.553,-42.3,-85.25,green,4909.42,7137.85,-31.22,-2228.43,green,7.0,30.0,2026-09-25,2026-10-01,2026-10-02 08:14:33
DM-03-06-09-01,2025-09,22.892,111.185,-79.41,-88.29,green,1273.72,3271.06,-61.06,-1997.34,green,7.0,30.0,2026-09-25,2026-10-01,2026-10-02 08:14:33
DM-03-06-10-01,2025-09,41.57,123.112,-66.23,-81.54,green,2665.06,3794.14,-29.76,-1129.08,green,7.0,30.0,2026-09-25,2026-10-01,2026-10-02 08:14:33
DM-03-06-11-01,2025-09,0.438,3.474,-87.39,-3.04,green,41.61,89.23,-53.37,-47.62,green,7.0,30.0,2026-09-25,2026-10-01,2026-10-02 08:14:33
DM-03-06-12-01,2025-09,49.693,27.333,81.81,22.36,red,2151.22,1385.56,55.26,765.66,red,7.0,30.0,2026-09-25,2026-10-01,2026-10-02 08:14:33
DM-03-06-13-01,2025-09,27.24,34.617,-21.31,-7.38,green,1303.64,1446.19,-9.86,-142.55,green,7.0,30.0,2026-09-25,2026-10-01,2026-10-02 08:14:33
DM-03-06-13-02,2025-09,,,,,gray,334.23,381.9,-12.48,-47.67,green,7.0,30.0,2026-09-25,2026-10-01,2026-10-02 08:14:33
DM-03-10-10-04,2025-09,0.0,0.0,,,gray,0.0,0.0,,,gray,7.0,30.0,2026-09-25,2026-10-01,2026-10-02 08:14:33
DM-04-03-01-01,2025-09,91.53,96.646,-5.29,-5.12,green,2934.46,2982.8,-1.62,-48.34,green,7.0,30.0,2026-09-25,2026-10-01,2026-10-02 08:14:33
DM-04-03-01-02,2025-09,49.627,26.065,90.4,23.56,red,2464.97,2026.28,21.65,438.69,red,7.0,30.0,2026-09-25,2026-10-01,2026-10-02 08:14:33
DM-04-03-02-01,2025-09,61.248,76.814,-20.26,-15.57,green,2110.7,2620.55,-19.46,-509.85,green,7.0,30.0,2026-09-25,2026-10-01,2026-10-02 08:14:33
DM-04-03-03-01,2025-09,83.023,106.936,-22.36,-23.91,green,3058.62,3671.06,-16.68,-612.44,green,7.0,30.0,2026-09-25,2026-10-01,2026-10-02 08:14:33
DM-04-03-04-01,2025-09,86.893,80.99,7.29,5.9,yellow,2748.18,2713.94,1.26,34.24,green,7.0,30.0,2026-09-25,2026-10-01,2026-10-02 08:14:33
DM-04-03-05-01,2025-09,101.819,100.533,1.28,1.29,green,3383.06,3734.97,-9.42,-351.91,green,7.0,30.0,2026-09-25,2026-10-01,2026-10-02 08:14:33
DM-04-03-06-01,2025-09,0.0,0.0,,,gray,0.0,0.0,,,gray,7.0,30.0,2026-09-25,2026-10-01,2026-10-02 08:14:33
DM-04-03-07-01,2025-09,130.805,0.0,,,gray,4264.51,0.0,,,gray,7.0,30.0,2026-09-25,2026-10-01,2026-10-02 08:14:33
DM-04-03-07-02,2025-09,49.265,41.626,18.35,7.64,yellow,816.78,891.49,-8.38,-74.71,green,7.0,30.0,2026-09-25,2026-10-01,2026-10-02 08:14:33
DM-04-03-08-01,2025-09,27.876,22.519,23.79,5.36,red,919.89,1051.96,-12.55,-132.07,green,7.0,30.0,2026-09-25,2026-10-01,2026-10-02 08:14:33
DM-04-03-09-01,2025-09,,,,,gray,4994.79,4789.0,4.3,205.79,green,7.0,30.0,2026-09-25,2026-10-01,2026-10-02 08:14:33
DM-04-03-10-01,2025-09,145.952,,,,gray,5126.3,5061.22,1.29,65.08,green,7.0,30.0,2026-09-25,2026-10-01,2026-10-02 08:14:33
DM-04-03-11-01,2025-09,129.473,129.386,0.07,0.09,green,3914.26,4347.38,-9.96,-433.12,green,7.0,30.0,2026-09-25,2026-10-01,2026-10-02 08:14:33
DM-04-03-12-01,2025-09,58.67,73.705,-20.4,-15.03,green,2721.46,3323.77,-18.12,-602.31,green,7.0,30.0,2026-09-25,2026-10-01,2026-10-02 08:14:33
DM-04-05-01-01,2025-09,92.649,,,,gray,3089.39,3046.1,1.42,43.29,green,7.0,30.0,2026-09-25,2026-10-01,2026-10-02 08:14:33
DM-04-05-02-01,2025-09,60.889,49.66,22.61,11.23,red,2086.01,1889.1,10.42,196.91,yellow,7.0,30.0,2026-09-25,2026-10-01,2026-10-02 08:14:33
DM-04-05-03-01,2025-09,84.993,64.648,31.47,20.34,red,3072.72,2656.66,15.66,416.06,yellow,7.0,30.0,2026-09-25,2026-10-01,2026-10-02 08:14:33
DM-04-05-04-01,2025-09,156.068,,,,gray,5378.74,6099.73,-11.82,-720.99,green,7.0,30.0,2026-09-25,2026-10-01,2026-10-02 08:14:33
DM-04-05-05-01,2025-09,,,,,gray,3104.96,2504.71,23.96,600.25,red,7.0,30.0,2026-09-25,2026-10-01,2026-10-02 08:14:33
DM-04-05-06-01,2025-09,369.339,110.339,234.73,259.0,red,9250.92,4031.57,129.46,5219.35,red,7.0,30.0,2026-09-25,2026-10-01,2026-10-02 08:14:33
DM-04-05-07-01,2025-09,3.984,39.691,-89.96,-35.71,green,258.59,1684.85,-84.65,-1426.26,green,7.0,30.0,2026-09-25,2026-10-01,2026-10-02 08:14:33
DM-04-05-08-01,2025-09,133.932,123.758,8.22,10.17,yellow,4904.19,4770.33,2.81,133.86,green,7.0,30.0,2026-09-25,2026-10-01,2026-10-02 08:14:33
DM-04-05-09-01,2025-09,56.73,62.971,-9.91,-6.24,green,2449.07,2823.57,-13.26,-374.5,green,7.0,30.0,2026-09-25,2026-10-01,2026-10-02 08:14:33
DM-04-05-10-01,2025-09,72.43,42.613,69.97,29.82,red,2858.65,1784.4,60.2,1074.25,red,7.0,30.0,2026-09-25,2026-10-01,2026-10-02 08:14:33
DM-04-05-11-01,2025-09,60.131,78.187,-23.09,-18.06,green,2304.07,2581.0,-10.73,-276.93,green,7.0,30.0,2026-09-25,2026-10-01,2026-10-02 08:14:33
DM-04-05-12-01,2025-09,,,,,gray,2678.84,1346.94,98.88,1331.9,red,7.0,30.0,2026-09-25,2026-10-01,2026-10-02 08:14:33
DM-04-05-13-01,2025-09,163.893,172.461,-4.97,-8.57,green,3199.83,3420.85,-6.46,-221.02,green,7.0,30.0,2026-09-25,2026-10-01,2026-10-02 08:14:33
DM-04-05-14-01,2025-09,88.82,118.68,-25.16,-29.86,green,3480.82,4580.84,-24.01,-1100.02,green,7.0,30.0,2026-09-25,2026-10-01,2026-10-02 08:14:33
DM-04-06-01-01,2025-09,6.337,19.424,-67.38,-13.09,green,208.57,874.01,-76.14,-665.44,green,7.0,30.0,2026-09-25,2026-10-01,2026-10-02 08:14:33
DM-04-06-02-01,2025-09,101.338,112.586,-9.99,-11.25,green,4435.35,4967.15,-10.71,-531.8,green,7.0,30.0,2026-09-25,2026-10-01,2026-10-02 08:14:33
DM-04-06-03-01,2025-09,81.931,41.482,97.51,40.45,red,2922.01,2200.68,32.78,721.33,red,7.0,30.0,2026-09-25,2026-10-01,2026-10-02 08:14:33
DM-04-06-04-01,2025-09,67.591,49.874,35.52,17.72,red,2840.53,2451.2,15.88,389.33,yellow,7.0,30.0,2026-09-25,2026-10-01,2026-10-02 08:14:33
DM-04-06-05-01,2025-09,34.494,48.841,-29.37,-14.35,green,1820.37,2144.48,-15.11,-324.11,green,7.0,30.0,2026-09-25,2026-10-01,2026-10-02 08:14:33
DM-04-06-06-01,2025-09,79.01,103.999,-24.03,-24.99,green,3549.98,4195.91,-15.39,-645.93,green,7.0,30.0,2026-09-25,2026-10-01,2026-10-02 08:14:33
DM-04-06-07-01,2025-09,53.465,65.275,-18.09,-11.81,green,2459.42,3002.41,-18.09,-542.99,green,7.0,30.0,2026-09-25,2026-10-01,2026-10-02 08:14:33
DM-04-06-08-01,2025-09,48.994,0.0,,,gray,2499.53,0.0,,,gray,7.0,30.0,2026-09-25,2026-10-01,2026-10-02 08:14:33
DM-04-06-09-01,2025-09,144.064,124.454,15.76,19.61,yellow,2624.33,3223.12,-18.58,-598.79,green,7.0,30.0,2026-09-25,2026-10-01,2026-10-02 08:14:33
DM-04-06-10-01,2025-09,44.039,42.783,2.94,1.26,green,1555.27,1570.72,-0.98,-15.45,green,7.0,30.0,2026-09-25,2026-10-01,2026-10-02 08:14:33
DM-04-06-11-01,2025-09,90.261,0.0,,,gray,2422.22,0.0,,,gray,7.0,30.0,2026-09-25,2026-10-01,2026-10-02 08:14:33
DM-04-06-12-01,2025-09,127.26,117.124,8.65,10.14,yellow,5156.45,5046.78,2.17,109.67,green,7.0,30.0,2026-09-25,2026-10-01,2026-10-02 08:14:33
DM-04-06-13-01,2025-09,99.211,0.0,,,gray,3680.81,0.0,,,gray,7.0,30.0,2026-09-25,2026-10-01,2026-10-02 08:14:33
DM-04-06-14-01,2025-09,19.444,50.058,-61.16,-30.61,green,1161.24,2003.13,-42.03,-841.89,green,7.0,30.0,2026-09-25,2026-10-01,2026-10-02 08:14:33
DM-04-08-01-01,2025-09,,,,,gray,1344.49,1951.67,-31.11,-607.18,green,7.0,30.0,2026-09-25,2026-10-01,2026-10-02 08:14:33
DM-04-08-01-02,2025-09,30.391,48.742,-37.65,-18.35,green,1441.36,1988.07,-27.5,-546.71,green,7.0,30.0,2026-09-25,2026-10-01,2026-10-02 08:14:33
DM-04-08-02-01,2025-09,57.983,139.939,-58.57,-81.96,green,2264.33,5391.9,-58.0,-3127.57,green,7.0,30.0,2026-09-25,2026-10-01,2026-10-02 08:14:33
DM-04-08-03-01,2025-09,86.457,64.551,33.94,21.91,red,3362.13,3219.06,4.44,143.07,green,7.0,30.0,2026-09-25,2026-10-01,2026-10-02 08:14:33
DM-04-08-04-01,2025-09,95.898,103.689,-7.51,-7.79,green,4193.88,4211.91,-0.43,-18.03,green,7.0,30.0,2026-09-25,2026-10-01,2026-10-02 08:14:33
DM-04-08-04-02,2025-09,78.287,97.589,-19.78,-19.3,green,2371.81,4235.21,-44.0,-1863.4,green,5.0,30.0,2026-09-25,2026-10-01,2026-10-02 08:14:33
DM-04-08-05-01,2025-09,57.571,36.439,57.99,21.13,red,2513.72,1912.16,31.46,601.56,red,7.0,30.0,2026-09-25,2026-10-01,2026-10-02 08:14:33
DM-04-08-06-01,2025-09,127.975,136.195,-6.04,-8.22,green,4885.29,5408.77,-9.68,-523.48,green,7.0,30.0,2026-09-25,2026-10-01,2026-10-02 08:14:33
DM-04-08-06-02,2025-09,137.512,125.954,9.18,11.56,yellow,4053.63,4250.45,-4.63,-196.82,green,7.0,30.0,2026-09-25,2026-10-01,2026-10-02 08:14:33
DM-04-08-06-03,2025-09,35.238,36.568,-3.64,-1.33,green,1794.89,1864.43,-3.73,-69.54,green,7.0,30.0,2026-09-25,2026-10-01,2026-10-02 08:14:33
DM-04-08-07-01,2025-09,203.8,202.117,0.83,1.68,green,4242.01,4351.96,-2.53,-109.95,green,7.0,30.0,2026-09-25,2026-10-01,2026-10-02 08:14:33
DM-04-08-08-01,2025-09,34.548,53.856,-35.85,-19.31,green,1447.22,2282.89,-36.61,-835.67,green,7.0,30.0,2026-09-25,2026-10-01,2026-10-02 08:14:33
DM-04-08-09-01,2025-09,16.627,24.187,-31.26,-7.56,green,349.78,545.91,-35.93,-196.13,green,7.0,30.0,2026-09-25,2026-10-01,2026-10-02 08:14:33
DM-04-08-10-01,2025-09,16.536,62.226,-73.43,-45.69,green,452.37,2366.33,-80.88,-1913.96,green,7.0,30.0,2026-09-25,2026-10-01,2026-10-02 08:14:33
DM-04-09-01-01,2025-09,127.823,149.706,-14.62,-21.88,green,5250.45,6013.85,-12.69,-763.4,green,7.0,30.0,2026-09-25,2026-10-01,2026-10-02 08:14:33
DM-04-09-01-02,2025-09,0.828,0.844,-1.9,-0.02,green,41.92,72.98,-42.56,-31.06,green,7.0,30.0,2026-09-25,2026-10-01,2026-10-02 08:14:33
DM-04-09-02-01,2025-09,51.121,59.786,-14.49,-8.66,green,1654.85,2227.27,-25.7,-572.42,green,7.0,30.0,2026-09-25,2026-10-01,2026-10-02 08:14:33
DM-04-09-03-01,2025-09,26.073,0.0,,,gray,1664.81,0.0,,,gray,7.0,30.0,2026-09-25,2026-10-01,2026-10-02 08:14:33
DM-04-09-04-01,2025-09,3.779,87.233,-95.67,-83.45,green,150.61,2311.65,-93.48,-2161.04,green,7.0,30.0,2026-09-25,2026-10-01,2026-10-02 08:14:33
DM-04-09-05-01,2025-09,8.939,26.535,-66.31,-17.6,green,536.44,1463.43,-63.34,-926.99,green,7.0,30.0,2026-09-25,2026-10-01,2026-10-02 08:14:33
DM-04-09-06-01,2025-09,52.448,39.702,32.1,12.75,red,2354.96,1232.14,91.13,1122.82,red,7.0,30.0,2026-09-25,2026-10-01,2026-10-02 08:14:33
DM-04-09-07-01,2025-09,0.065,0.07,-7.14,-0.01,green,1.54,1.79,-13.97,-0.25,green,7.0,30.0,2026-09-25,2026-10-01,2026-10-02 08:14:33
DM-04-09-07-02,2025-09,77.346,114.135,-32.23,-36.79,green,3661.54,4637.23,-21.04,-975.69,green,7.0,30.0,2026-09-25,2026-10-01,2026-10-02 08:14:33
DM-04-09-08-01,2025-09,37.454,67.365,-44.4,-29.91,green,1950.71,3161.59,-38.3,-1210.88,green,7.0,30.0,2026-09-25,2026-10-01,2026-10-02 08:14:33
DM-04-09-09-01,2025-09,52.657,50.885,3.48,1.77,green,2410.61,2646.45,-8.91,-235.84,green,7.0,30.0,2026-09-25,2026-10-01,2026-10-02 08:14:33
DM-04-09-10-01,2025-09,1.549,,,,gray,931.01,1745.17,-46.65,-814.16,green,7.0,30.0,2026-09-25,2026-10-01,2026-10-02 08:14:33
DM-04-09-11-01,2025-09,56.112,70.84,-20.79,-14.73,green,2339.96,3168.05,-26.14,-828.09,green,7.0,30.0,2026-09-25,2026-10-01,2026-10-02 08:14:33
DM-04-09-12-01,2025-09,113.287,,,,gray,4334.68,4871.51,-11.02,-536.83,green,7.0,30.0,2026-09-25,2026-10-01,2026-10-02 08:14:33
DM-04-09-13-01,2025-09,0.0,16.204,-100.0,-16.2,green,0.0,884.79,-100.0,-884.79,green,7.0,30.0,2026-09-25,2026-10-01,2026-10-02 08:14:33
DM-04-09-13-02,2025-09,0.0,,,,gray,0.0,,,,gray,7.0,,2026-09-25,2026-10-01,2026-10-02 08:14:33
DM-04-09-14-01,2025-09,49.784,139.682,-64.36,-89.9,green,1831.31,3318.78,-44.82,-1487.47,green,7.0,30.0,2026-09-25,2026-10-01,2026-10-02 08:14:33
DM-04-09-15-01,2025-09,2.484,116.974,-97.88,-114.49,green,181.75,2920.62,-93.78,-2738.87,green,7.0,30.0,2026-09-25,2026-10-01,2026-10-02 08:14:33
DM-05-01-01-01,2025-09,138.175,5.954,2220.71,132.22,red,2440.66,32.34,7446.88,2408.32,red,7.0,30.0,2026-09-25,2026-10-01,2026-10-02 08:14:33
DM-05-01-01-03,2025-09,11.896,155.651,-92.36,-143.75,green,3114.05,6080.77,-48.79,-2966.72,green,7.0,30.0,2026-09-25,2026-10-01,2026-10-02 08:14:33
DM-05-01-02-01,2025-09,101.82,111.568,-8.74,-9.75,green,4147.87,4476.23,-7.34,-328.36,green,7.0,30.0,2026-09-25,2026-10-01,2026-10-02 08:14:33
DM-05-01-03-03,2025-09,133.765,110.726,20.81,23.04,red,5195.5,4144.27,25.37,1051.23,red,7.0,30.0,2026-09-25,2026-10-01,2026-10-02 08:14:33
DM-05-01-04-01,2025-09,52.054,42.629,22.11,9.43,red,2224.3,2001.88,11.11,222.42,yellow,7.0,30.0,2026-09-25,2026-10-01,2026-10-02 08:14:33
DM-05-01-04-02,2025-09,41.927,28.364,47.82,13.56,red,1866.31,1389.79,34.29,476.52,red,7.0,30.0,2026-09-25,2026-10-01,2026-10-02 08:14:33
DM-05-01-05-01,2025-09,52.235,62.242,-16.08,-10.01,green,2600.57,2677.25,-2.86,-76.68,green,7.0,30.0,2026-09-25,2026-10-01,2026-10-02 08:14:33
DM-05-01-05-02,2025-09,0.26,0.226,15.04,0.03,yellow,6.44,5.6,15.0,0.84,yellow,7.0,30.0,2026-09-25,2026-10-01,2026-10-02 08:14:33
DM-05-01-06-01,2025-09,53.869,39.546,36.22,14.32,red,2011.29,1781.33,12.91,229.96,yellow,7.0,30.0,2026-09-25,2026-10-01,2026-10-02 08:14:33
DM-05-01-07-01,2025-09,0.0,0.0,,,gray,0.0,0.0,,,gray,7.0,30.0,2026-09-25,2026-10-01,2026-10-02 08:14:33
DM-05-01-08-01,2025-09,109.901,477.946,-77.01,-368.05,green,4221.89,10243.83,-58.79,-6021.94,green,7.0,30.0,2026-09-25,2026-10-01,2026-10-02 08:14:33
DM-05-01-09-02,2025-09,448.614,219.255,104.61,229.36,red,11660.18,9457.57,23.29,2202.61,red,7.0,30.0,2026-09-25,2026-10-01,2026-10-02 08:14:33
DM-05-02-01-01,2025-09,128.28,129.109,-0.64,-0.83,green,3159.75,3096.41,2.05,63.34,green,7.0,30.0,2026-09-25,2026-10-01,2026-10-02 08:14:33
DM-05-02-01-02,2025-09,,,,,gray,3056.78,2980.47,2.56,76.31,green,7.0,30.0,2026-09-25,2026-10-01,2026-10-02 08:14:33
DM-05-02-02-01,2025-09,98.969,99.128,-0.16,-0.16,green,4271.33,4106.72,4.01,164.61,green,7.0,30.0,2026-09-25,2026-10-01,2026-10-02 08:14:33
DM-05-02-02-02,2025-09,61.395,,,,gray,2467.15,2362.59,4.43,104.56,green,7.0,30.0,2026-09-25,2026-10-01,2026-10-02 08:14:33
DM-05-02-02-03,2025-09,6.097,5.32,14.61,0.78,yellow,233.01,187.48,24.29,45.53,red,7.0,30.0,2026-09-25,2026-10-01,2026-10-02 08:14:33
DM-05-02-03-01,2025-09,80.917,73.085,10.72,7.83,yellow,3369.97,3125.11,7.84,244.86,yellow,7.0,30.0,2026-09-25,2026-10-01,2026-10-02 08:14:33
DM-05-02-03-03,2025-09,109.313,89.32,22.38,19.99,red,4028.34,3454.76,16.6,573.58,yellow,7.0,30.0,2026-09-25,2026-10-01,2026-10-02 08:14:33
DM-05-02-04-02,2025-09,205.562,184.843,11.21,20.72,yellow,7992.78,7237.02,10.44,755.76,yellow,7.0,30.0,2026-09-25,2026-10-01,2026-10-02 08:14:33
DM-05-02-05-01,2025-09,130.544,0.0,,,gray,5817.38,0.0,,,gray,7.0,30.0,2026-09-25,2026-10-01,2026-10-02 08:14:33
DM-05-02-06-01,2025-09,14.111,0.01,141010.0,14.1,red,697.6,3.67,18908.17,693.93,red,7.0,30.0,2026-09-25,2026-10-01,2026-10-02 08:14:33
DM-05-02-06-02,2025-09,96.658,101.798,-5.05,-5.14,green,4254.07,4158.26,2.3,95.81,green,7.0,30.0,2026-09-25,2026-10-01,2026-10-02 08:14:33
DM-05-02-07-01,2025-09,106.438,113.846,-6.51,-7.41,green,4197.2,4310.24,-2.62,-113.04,green,7.0,30.0,2026-09-25,2026-10-01,2026-10-02 08:14:33
DM-05-02-08-01,2025-09,66.219,54.495,21.51,11.72,red,2694.39,2371.69,13.61,322.7,yellow,7.0,30.0,2026-09-25,2026-10-01,2026-10-02 08:14:33
DM-05-03-01-01,2025-09,0.0,0.0,,,gray,0.0,0.0,,,gray,7.0,30.0,2026-09-25,2026-10-01,2026-10-02 08:14:33
DM-05-03-01-02,2025-09,65.403,,,,gray,2443.62,2468.42,-1.0,-24.8,green,7.0,30.0,2026-09-25,2026-10-01,2026-10-02 08:14:33
DM-05-03-02-01,2025-09,0.0,20.828,-100.0,-20.83,green,1.01,898.53,-99.89,-897.52,green,7.0,30.0,2026-09-25,2026-10-01,2026-10-02 08:14:33
DM-05-03-02-02,2025-09,50.361,50.325,0.07,0.04,green,2270.75,2248.55,0.99,22.2,green,7.0,30.0,2026-09-25,2026-10-01,2026-10-02 08:14:33
DM-05-03-02-03,2025-09,11.294,0.02,56370.0,11.27,red,501.62,330.68,51.69,170.94,red,7.0,30.0,2026-09-25,2026-10-01,2026-10-02 08:14:33
DM-05-03-03-01,2025-09,42.624,48.43,-11.99,-5.81,green,1852.78,2047.69,-9.52,-194.91,green,7.0,30.0,2026-09-25,2026-10-01,2026-10-02 08:14:33
DM-05-03-03-02,2025-09,45.551,,,,gray,2019.71,2482.38,-18.64,-462.67,green,7.0,30.0,2026-09-25,2026-10-01,2026-10-02 08:14:33
DM-05-03-03-03,2025-09,54.38,,,,gray,2422.9,2585.08,-6.27,-162.18,green,7.0,30.0,2026-09-25,2026-10-01,2026-10-02 08:14:33
DM-05-03-04-01,2025-09,0.139,0.229,-39.3,-0.09,green,3.71,5.5,-32.55,-1.79,green,7.0,30.0,2026-09-25,2026-10-01,2026-10-02 08:14:33
DM-05-03-04-02,2025-09,62.953,66.275,-5.01,-3.32,green,2799.06,2916.97,-4.04,-117.91,green,7.0,30.0,2026-09-25,2026-10-01,2026-10-02 08:14:33
DM-05-03-04-03,2025-09,0.0,0.0,,,gray,0.0,0.0,,,gray,7.0,30.0,2026-09-25,2026-10-01,2026-10-02 08:14:33
DM-05-03-05-01,2025-09,16.957,,,,gray,930.37,1097.03,-15.19,-166.66,green,7.0,30.0,2026-09-25,2026-10-01,2026-10-02 08:14:33
DM-05-03-05-02,2025-09,31.167,30.15,3.37,1.02,green,1549.16,1408.06,10.02,141.1,yellow,7.0,30.0,2026-09-25,2026-10-01,2026-10-02 08:14:33
DM-05-03-06-01,2025-09,47.286,46.031,2.73,1.26,green,1976.21,1881.52,5.03,94.69,yellow,7.0,30.0,2026-09-25,2026-10-01,2026-10-02 08:14:33
DM-05-03-06-02,2025-09,64.47,69.504,-7.24,-5.03,green,2918.9,3098.82,-5.81,-179.92,green,7.0,30.0,2026-09-25,2026-10-01,2026-10-02 08:14:33
DM-05-04-01-01,2025-09,25.476,31.262,-18.51,-5.79,green,1243.37,1393.56,-10.78,-150.19,green,7.0,30.0,2026-09-25,2026-10-01,2026-10-02 08:14:33
DM-05-04-02-01,2025-09,58.973,63.309,-6.85,-4.34,green,2773.35,2843.63,-2.47,-70.28,green,7.0,30.0,2026-09-25,2026-10-01,2026-10-02 08:14:33
DM-05-04-02-02,2025-09,73.823,69.3,6.53,4.52,yellow,3063.52,2977.94,2.87,85.58,green,7.0,30.0,2026-09-25,2026-10-01,2026-10-02 08:14:33
DM-05-04-03-01,2025-09,64.533,,,,gray,3002.12,3094.86,-3.0,-92.74,green,7.0,30.0,2026-09-25,2026-10-01,2026-10-02 08:14:33
DM-05-04-03-02,2025-09,41.992,41.678,0.75,0.31,green,1899.98,1910.79,-0.57,-10.81,green,7.0,30.0,2026-09-25,2026-10-01,2026-10-02 08:14:33
DM-05-04-04-01,2025-09,61.737,77.167,-20.0,-15.43,green,2362.82,3253.83,-27.38,-891.01,green,7.0,30.0,2026-09-25,2026-10-01,2026-10-02 08:14:33
DM-05-04-05-01,2025-09,92.441,90.86,1.74,1.58,green,3527.82,3417.18,3.24,110.64,green,7.0,30.0,2026-09-25,2026-10-01,2026-10-02 08:14:33
DM-05-04-06-01,2025-09,329.892,43.411,659.93,286.48,red,8617.1,2056.88,318.94,6560.22,red,7.0,30.0,2026-09-25,2026-10-01,2026-10-02 08:14:33
DM-05-04-06-02,2025-09,63.95,54.645,17.03,9.3,yellow,2685.44,2404.41,11.69,281.03,yellow,7.0,30.0,2026-09-25,2026-10-01,2026-10-02 08:14:33
DM-05-04-06-03,2025-09,42.948,28.643,49.94,14.3,red,1655.61,1240.32,33.48,415.29,red,7.0,30.0,2026-09-25,2026-10-01,2026-10-02 08:14:33
DM-05-04-06-04,2025-09,,,,,gray,1279.97,1263.56,1.3,16.41,green,7.0,30.0,2026-09-25,2026-10-01,2026-10-02 08:14:33
DM-05-04-07-01,2025-09,,,,,gray,4159.19,4772.95,-12.86,-613.76,green,7.0,30.0,2026-09-25,2026-10-01,2026-10-02 08:14:33
DM-05-04-07-02,2025-09,68.947,60.673,13.64,8.27,yellow,2876.65,2634.59,9.19,242.06,yellow,7.0,30.0,2026-09-25,2026-10-01,2026-10-02 08:14:33
DM-05-04-08-01,2025-09,114.125,102.368,11.49,11.76,yellow,2841.77,2525.16,12.54,316.61,yellow,7.0,30.0,2026-09-25,2026-10-01,2026-10-02 08:14:33
DM-05-04-08-02,2025-09,94.379,0.0,,,gray,3848.85,0.0,,,gray,7.0,30.0,2026-09-25,2026-10-01,2026-10-02 08:14:33
DM-05-04-09-01,2025-09,32.672,32.944,-0.83,-0.27,green,1343.38,1343.24,0.01,0.14,green,7.0,30.0,2026-09-25,2026-10-01,2026-10-02 08:14:33
DM-05-04-10-01,2025-09,59.682,65.121,-8.35,-5.44,green,2637.17,2819.94,-6.48,-182.77,green,7.0,30.0,2026-09-25,2026-10-01,2026-10-02 08:14:33
DM-05-04-10-02,2025-09,,,,,gray,1586.25,1347.34,17.73,238.91,yellow,7.0,30.0,2026-09-25,2026-10-01,2026-10-02 08:14:33
DM-05-04-10-03,2025-09,30.269,33.006,-8.29,-2.74,green,1377.26,1500.41,-8.21,-123.15,green,7.0,30.0,2026-09-25,2026-10-01,2026-10-02 08:14:33
DM-05-04-10-04,2025-09,,,,,gray,2480.93,2505.3,-0.97,-24.37,green,7.0,30.0,2026-09-25,2026-10-01,2026-10-02 08:14:33
DM-05-04-11-01,2025-09,32.525,31.919,1.9,0.61,green,1525.72,1147.72,32.93,378.0,red,7.0,30.0,2026-09-25,2026-10-01,2026-10-02 08:14:33
DM-05-05-01-01,2025-09,239.405,194.39,23.16,45.02,red,9483.33,8691.21,9.11,792.12,yellow,7.0,30.0,2026-09-25,2026-10-01,2026-10-02 08:14:33
DM-05-05-02-02,2025-09,64.685,85.231,-24.11,-20.55,green,2475.08,3019.52,-18.03,-544.44,green,7.0,30.0,2026-09-25,2026-10-01,2026-10-02 08:14:33
DM-05-05-02-03,2025-09,112.929,115.87,-2.54,-2.94,green,5455.36,5489.68,-0.63,-34.32,green,7.0,30.0,2026-09-25,2026-10-01,2026-10-02 08:14:33
DM-05-05-03-01,2025-09,33.512,,,,gray,1612.31,1482.77,8.74,129.54,yellow,7.0,30.0,2026-09-25,2026-10-01,2026-10-02 08:14:33
DM-05-05-04-01,2025-09,0.0,0.0,,,gray,0.0,0.0,,,gray,7.0,30.0,2026-09-25,2026-10-01,2026-10-02 08:14:33
DM-05-05-04-02,2025-09,0.0,0.0,,,gray,0.0,0.0,,,gray,7.0,30.0,2026-09-25,2026-10-01,2026-10-02 08:14:33
DM-05-05-05-01,2025-09,44.981,0.0,,,gray,2123.81,0.0,,,gray,7.0,30.0,2026-09-25,2026-10-01,2026-10-02 08:14:33
DM-05-05-06-01,2025-09,32.72,31.569,3.65,1.15,green,1405.25,1566.21,-10.28,-160.96,green,7.0,30.0,2026-09-25,2026-10-01,2026-10-02 08:14:33
DM-05-05-07-01,2025-09,79.734,71.273,11.87,8.46,yellow,2923.77,3198.17,-8.58,-274.4,green,7.0,30.0,2026-09-25,2026-10-01,2026-10-02 08:14:33
DM-05-05-07-02,2025-09,50.459,63.461,-20.49,-13.0,green,2605.73,3123.08,-16.57,-517.35,green,7.0,30.0,2026-09-25,2026-10-01,2026-10-02 08:14:33
DM-05-05-08-01,2025-09,86.12,167.267,-48.51,-81.15,green,4086.72,3876.18,5.43,210.54,yellow,7.0,30.0,2026-09-25,2026-10-01,2026-10-02 08:14:33
DM-05-05-08-02,2025-09,88.741,87.192,1.78,1.55,green,3855.12,3790.23,1.71,64.89,green,7.0,30.0,2026-09-25,2026-10-01,2026-10-02 08:14:33
DM-05-05-09-01,2025-09,60.375,56.606,6.66,3.77,yellow,2526.28,2202.31,14.71,323.97,yellow,7.0,30.0,2026-09-25,2026-10-01,2026-10-02 08:14:33
DM-05-05-09-02,2025-09,37.96,,,,gray,1708.97,2269.07,-24.68,-560.1,green,7.0,30.0,2026-09-25,2026-10-01,2026-10-02 08:14:33
DM-05-05-09-03,2025-09,34.312,45.922,-25.28,-11.61,green,1488.67,2029.09,-26.63,-540.42,green,7.0,30.0,2026-09-25,2026-10-01,2026-10-02 08:14:33
DM-05-05-09-04,2025-09,51.436,40.134,28.16,11.3,red,2088.04,1808.81,15.44,279.23,yellow,7.0,30.0,2026-09-25,2026-10-01,2026-10-02 08:14:33
DM-05-05-10-01,2025-09,50.032,38.511,29.92,11.52,red,1995.5,1696.29,17.64,299.21,yellow,7.0,30.0,2026-09-25,2026-10-01,2026-10-02 08:14:33
DM-05-05-11-01,2025-09,55.849,43.171,29.37,12.68,red,2307.95,1490.46,54.85,817.49,red,7.0,30.0,2026-09-25,2026-10-01,2026-10-02 08:14:33
DM-05-05-12-01,2025-09,53.821,65.034,-17.24,-11.21,green,2490.42,2768.0,-10.03,-277.58,green,7.0,30.0,2026-09-25,2026-10-01,2026-10-02 08:14:33
DM-05-05-12-02,2025-09,28.538,28.88,-1.18,-0.34,green,1346.19,1317.13,2.21,29.06,green,7.0,30.0,2026-09-25,2026-10-01,2026-10-02 08:14:33
DM-05-05-12-03,2025-09,72.737,72.775,-0.05,-0.04,green,2825.96,3312.31,-14.68,-486.35,green,7.0,30.0,2026-09-25,2026-10-01,2026-10-02 08:14:33
DM-05-05-13-01,2025-09,43.507,43.93,-0.96,-0.42,green,2033.82,2088.45,-2.62,-54.63,green,7.0,30.0,2026-09-25,2026-10-01,2026-10-02 08:14:33
DM-05-05-14-01,2025-09,29.078,44.675,-34.91,-15.6,green,1574.73,932.97,68.79,641.76,red,7.0,30.0,2026-09-25,2026-10-01,2026-10-02 08:14:33
DM-05-05-14-02,2025-09,0.0,0.0,,,gray,0.0,0.0,,,gray,7.0,30.0,2026-09-25,2026-10-01,2026-10-02 08:14:33
DM-06-01-01-01,2025-09,49.048,53.11,-7.65,-4.06,green,2121.39,2150.32,-1.35,-28.93,green,7.0,30.0,2026-09-25,2026-10-01,2026-10-02 08:14:33
DM-06-01-02-01,2025-09,51.874,66.95,-22.52,-15.08,green,1735.78,2031.12,-14.54,-295.34,green,7.0,30.0,2026-09-25,2026-10-01,2026-10-02 08:14:33
DM-06-01-02-02,2025-09,32.966,8.829,273.38,24.14,red,1232.94,224.15,450.05,1008.79,red,7.0,30.0,2026-09-25,2026-10-01,2026-10-02 08:14:33
DM-06-01-03-01,2025-09,,,,,gray,1030.68,1235.06,-16.55,-204.38,green,7.0,30.0,2026-09-25,2026-10-01,2026-10-02 08:14:33
DM-06-01-03-02,2025-09,23.115,61.839,-62.62,-38.72,green,875.6,2440.13,-64.12,-1564.53,green,7.0,30.0,2026-09-25,2026-10-01,2026-10-02 08:14:33
DM-06-01-03-03,2025-09,0.0,0.0,,,gray,0.0,0.0,,,gray,7.0,30.0,2026-09-25,2026-10-01,2026-10-02 08:14:33
DM-06-01-03-04,2025-09,35.02,3.192,997.12,31.83,red,1255.83,77.82,1513.76,1178.01,red,7.0,30.0,2026-09-25,2026-10-01,2026-10-02 08:14:33
DM-06-01-03-05,2025-09,38.158,56.691,-32.69,-18.53,green,1366.09,2304.12,-40.71,-938.03,green,7.0,30.0,2026-09-25,2026-10-01,2026-10-02 08:14:33
DM-06-01-04-01,2025-09,0.0,0.0,,,gray,0.0,0.0,,,gray,7.0,30.0,2026-09-25,2026-10-01,2026-10-02 08:14:33
DM-06-01-04-02,2025-09,24.872,1.349,1743.74,23.52,red,962.21,28.82,3238.69,933.39,red,7.0,30.0,2026-09-25,2026-10-01,2026-10-02 08:14:33
DM-06-01-04-03,2025-09,33.868,31.711,6.8,2.16,yellow,1411.12,1393.9,1.24,17.22,green,7.0,30.0,2026-09-25,2026-10-01,2026-10-02 08:14:33
DM-06-01-05-01,2025-09,41.094,36.383,12.95,4.71,yellow,1582.04,1521.57,3.97,60.47,green,7.0,30.0,2026-09-25,2026-10-01,2026-10-02 08:14:33
DM-06-01-05-03,2025-09,91.794,103.772,-11.54,-11.98,green,3161.34,4431.98,-28.67,-1270.64,green,7.0,30.0,2026-09-25,2026-10-01,2026-10-02 08:14:33
DM-06-01-05-04,2025-09,73.936,64.671,14.33,9.27,yellow,2649.53,2477.06,6.96,172.47,yellow,7.0,30.0,2026-09-25,2026-10-01,2026-10-02 08:14:33
DM-06-01-06-01,2025-09,79.128,89.948,-12.03,-10.82,green,2723.09,3059.81,-11.0,-336.72,green,7.0,30.0,2026-09-25,2026-10-01,2026-10-02 08:14:33
DM-06-01-06-02,2025-09,23.248,20.032,16.05,3.22,yellow,906.47,835.62,8.48,70.85,yellow,7.0,30.0,2026-09-25,2026-10-01,2026-10-02 08:14:33
DM-06-02-01-01,2025-09,8.731,14.113,-38.14,-5.38,green,408.07,633.52,-35.59,-225.45,green,7.0,30.0,2026-09-25,2026-10-01,2026-10-02 08:14:33
DM-06-02-01-02,2025-09,,41.913,,,gray,2200.54,1730.37,27.17,470.17,red,7.0,30.0,2026-09-25,2026-10-01,2026-10-02 08:14:33
DM-06-02-02-01,2025-09,91.658,75.542,21.33,16.12,red,3545.1,3102.4,14.27,442.7,yellow,7.0,30.0,2026-09-25,2026-10-01,2026-10-02 08:14:33
DM-06-02-03-01,2025-09,81.192,62.76,29.37,18.43,red,2988.91,2528.0,18.23,460.91,yellow,7.0,30.0,2026-09-25,2026-10-01,2026-10-02 08:14:33
DM-06-02-03-02,2025-09,19.187,17.401,10.26,1.79,yellow,677.76,648.56,4.5,29.2,green,7.0,30.0,2026-09-25,2026-10-01,2026-10-02 08:14:33
DM-06-02-03-03,2025-09,104.635,83.787,24.88,20.85,red,3629.57,3152.4,15.14,477.17,yellow,7.0,30.0,2026-09-25,2026-10-01,2026-10-02 08:14:33
DM-06-02-04-01,2025-09,42.006,30.769,36.52,11.24,red,1582.53,1289.97,22.68,292.56,red,7.0,30.0,2026-09-25,2026-10-01,2026-10-02 08:14:33
DM-06-02-04-02,2025-09,70.783,77.31,-8.44,-6.53,green,2506.04,2721.67,-7.92,-215.63,green,7.0,30.0,2026-09-25,2026-10-01,2026-10-02 08:14:33
DM-06-02-05-01,2025-09,70.405,72.43,-2.8,-2.03,green,2324.92,2564.85,-9.35,-239.93,green,7.0,30.0,2026-09-25,2026-10-01,2026-10-02 08:14:33
DM-06-02-05-02,2025-09,,,,,gray,649.05,671.89,-3.4,-22.84,green,7.0,30.0,2026-09-25,2026-10-01,2026-10-02 08:14:33
DM-06-02-06-01,2025-09,0.0,133.588,-100.0,-133.59,green,0.0,4373.67,-100.0,-4373.67,green,7.0,30.0,2026-09-25,2026-10-01,2026-10-02 08:14:33
DM-06-02-06-02,2025-09,27.124,23.2,16.91,3.92,yellow,1107.46,982.23,12.75,125.23,yellow,7.0,30.0,2026-09-25,2026-10-01,2026-10-02 08:14:33
DM-06-02-07-01,2025-09,15.169,14.784,2.6,0.38,green,698.49,920.4,-24.11,-221.91,green,7.0,30.0,2026-09-25,2026-10-01,2026-10-02 08:14:33
DM-06-02-07-02,2025-09,54.358,38.199,42.3,16.16,red,2214.75,1746.66,26.8,468.09,red,7.0,30.0,2026-09-25,2026-10-01,2026-10-02 08:14:33
DM-06-02-07-03,2025-09,93.222,81.12,14.92,12.1,yellow,3209.27,2938.44,9.22,270.83,yellow,7.0,30.0,2026-09-25,2026-10-01,2026-10-02 08:14:33
DM-06-03-01-01,2025-09,42.781,35.977,18.91,6.8,yellow,2005.22,1863.98,7.58,141.24,yellow,7.0,30.0,2026-09-25,2026-10-01,2026-10-02 08:14:33
DM-06-03-02-01,2025-09,57.504,,,,gray,2430.7,2699.24,-9.95,-268.54,green,7.0,30.0,2026-09-25,2026-10-01,2026-10-02 08:14:33
DM-06-03-02-02,2025-09,118.97,93.483,27.26,25.49,red,3885.22,3590.95,8.19,294.27,yellow,7.0,30.0,2026-09-25,2026-10-01,2026-10-02 08:14:33
DM-06-03-03-01,2025-09,17.259,18.694,-7.68,-1.43,green,854.87,877.01,-2.52,-22.14,green,7.0,30.0,2026-09-25,2026-10-01,2026-10-02 08:14:33
DM-06-03-03-02,2025-09,49.988,57.759,-13.45,-7.77,green,1952.48,2143.79,-8.92,-191.31,green,7.0,30.0,2026-09-25,2026-10-01,2026-10-02 08:14:33
DM-06-03-03-03,2025-09,46.376,35.834,29.42,10.54,red,1872.38,1608.71,16.39,263.67,yellow,7.0,30.0,2026-09-25,2026-10-01,2026-10-02 08:14:33
DM-06-03-04-01,2025-09,37.726,39.22,-3.81,-1.49,green,1561.29,1612.02,-3.15,-50.73,green,7.0,30.0,2026-09-25,2026-10-01,2026-10-02 08:14:33
DM-06-03-04-02,2025-09,64.138,67.319,-4.73,-3.18,green,2623.73,2794.06,-6.1,-170.33,green,7.0,30.0,2026-09-25,2026-10-01,2026-10-02 08:14:33
DM-06-03-05-01,2025-09,23.684,,,,gray,878.99,795.23,10.53,83.76,yellow,7.0,30.0,2026-09-25,2026-10-01,2026-10-02 08:14:33
DM-06-03-06-01,2025-09,41.078,32.075,28.07,9.0,red,1677.96,1459.3,14.98,218.66,yellow,7.0,30.0,2026-09-25,2026-10-01,2026-10-02 08:14:33
DM-06-03-06-02,2025-09,40.075,37.04,8.19,3.04,yellow,1859.77,1813.07,2.58,46.7,green,7.0,30.0,2026-09-25,2026-10-01,2026-10-02 08:14:33
DM-06-03-07-01,2025-09,48.152,38.922,23.71,9.23,red,1760.66,1508.13,16.74,252.53,yellow,7.0,30.0,2026-09-25,2026-10-01,2026-10-02 08:14:33
DM-06-03-08-01,2025-09,46.894,13.677,242.87,33.22,red,2114.52,793.35,166.53,1321.17,red,7.0,30.0,2026-09-25,2026-10-01,2026-10-02 08:14:33
DM-06-03-08-03,2025-09,62.482,51.309,21.78,11.17,red,2542.25,2294.9,10.78,247.35,yellow,7.0,30.0,2026-09-25,2026-10-01,2026-10-02 08:14:33
DM-06-04-01-01,2025-09,0.0,0.0,,,gray,0.0,0.0,,,gray,7.0,30.0,2026-09-25,2026-10-01,2026-10-02 08:14:33
DM-06-04-01-02,2025-09,161.227,199.932,-19.36,-38.7,green,5889.02,6866.22,-14.23,-977.2,green,7.0,30.0,2026-09-25,2026-10-01,2026-10-02 08:14:33
DM-06-04-01-03,2025-09,56.816,38.616,47.13,18.2,red,2177.04,1967.83,10.63,209.21,yellow,7.0,30.0,2026-09-25,2026-10-01,2026-10-02 08:14:33
DM-06-04-01-04,2025-09,36.248,26.03,39.25,10.22,red,765.5,553.49,38.3,212.01,red,7.0,30.0,2026-09-25,2026-10-01,2026-10-02 08:14:33
DM-06-04-02-01,2025-09,48.331,16.426,194.23,31.91,red,2221.44,834.95,166.06,1386.49,red,7.0,30.0,2026-09-25,2026-10-01,2026-10-02 08:14:33
DM-06-04-02-03,2025-09,26.173,21.26,23.11,4.91,red,696.61,572.46,21.69,124.15,red,7.0,30.0,2026-09-25,2026-10-01,2026-10-02 08:14:33
DM-06-04-03-01,2025-09,0.0,6.736,-100.0,-6.74,green,0.0,314.99,-100.0,-314.99,green,7.0,30.0,2026-09-25,2026-10-01,2026-10-02 08:14:33
DM-06-04-03-02,2025-09,136.048,135.67,0.28,0.38,green,4433.0,5150.89,-13.94,-717.89,green,7.0,30.0,2026-09-25,2026-10-01,2026-10-02 08:14:33
DM-06-04-04-02,2025-09,64.215,81.749,-21.45,-17.53,green,2368.89,2984.83,-20.64,-615.94,green,7.0,30.0,2026-09-25,2026-10-01,2026-10-02 08:14:33
DM-06-04-04-03,2025-09,162.418,165.768,-2.02,-3.35,green,5282.21,5721.92,-7.68,-439.71,green,7.0,30.0,2026-09-25,2026-10-01,2026-10-02 08:14:33
DM-06-04-04-04,2025-09,41.727,51.779,-19.41,-10.05,green,1658.57,1702.86,-2.6,-44.29,green,7.0,30.0,2026-09-25,2026-10-01,2026-10-02 08:14:33
DM-06-04-05-01,2025-09,15.202,17.325,-12.25,-2.12,green,691.02,759.36,-9.0,-68.34,green,7.0,30.0,2026-09-25,2026-10-01,2026-10-02 08:14:33
DM-06-04-05-02,2025-09,131.817,140.814,-6.39,-9.0,green,6336.96,7449.7,-14.94,-1112.74,green,7.0,30.0,2026-09-25,2026-10-01,2026-10-02 08:14:33
DM-06-04-05-03,2025-09,42.549,40.34,5.48,2.21,yellow,1652.32,1609.04,2.69,43.28,green,7.0,30.0,2026-09-25,2026-10-01,2026-10-02 08:14:33
DM-06-04-05-04,2025-09,724.094,41.981,1624.81,682.11,red,17399.93,1426.33,1119.91,15973.6,red,7.0,30.0,2026-09-25,2026-10-01,2026-10-02 08:14:33
DM-06-04-06-01,2025-09,25.134,31.557,-20.35,-6.42,green,1607.26,1856.57,-13.43,-249.31,green,7.0,30.0,2026-09-25,2026-10-01,2026-10-02 08:14:33
DM-06-04-06-03,2025-09,0.0,0.0,,,gray,0.0,0.0,,,gray,7.0,30.0,2026-09-25,2026-10-01,2026-10-02 08:14:33
DM-06-04-06-04,2025-09,70.746,104.037,-32.0,-33.29,green,2161.01,4820.61,-55.17,-2659.6,green,7.0,30.0,2026-09-25,2026-10-01,2026-10-02 08:14:33
DM-06-04-06-05,2025-09,42.04,131.455,-68.02,-89.42,green,1675.17,4573.29,-63.37,-2898.12,green,7.0,30.0,2026-09-25,2026-10-01,2026-10-02 08:14:33
DM-06-04-06-06,2025-09,117.39,126.156,-6.95,-8.77,green,4644.18,5573.45,-16.67,-929.27,green,7.0,30.0,2026-09-25,2026-10-01,2026-10-02 08:14:33
DM-06-04-07-01,2025-09,101.356,80.324,26.18,21.03,red,4276.75,4022.91,6.31,253.84,yellow,7.0,30.0,2026-09-25,2026-10-01,2026-10-02 08:14:33
DM-06-04-07-02,2025-09,118.944,85.063,39.83,33.88,red,4383.01,3236.43,35.43,1146.58,red,7.0,30.0,2026-09-25,2026-10-01,2026-10-02 08:14:33
DM-06-04-07-03,2025-09,144.619,136.794,5.72,7.82,yellow,4909.79,4803.68,2.21,106.11,green,7.0,30.0,2026-09-25,2026-10-01,2026-10-02 08:14:33
DM-06-04-08-01,2025-09,70.513,113.362,-37.8,-42.85,green,3596.56,4827.36,-25.5,-1230.8,green,7.0,30.0,2026-09-25,2026-10-01,2026-10-02 08:14:33
DM-06-04-08-02,2025-09,71.854,,,,gray,3248.92,4704.34,-30.94,-1455.42,green,7.0,30.0,2026-09-25,2026-10-01,2026-10-02 08:14:33
DM-06-04-08-03,2025-09,145.752,,,,gray,6047.66,6489.6,-6.81,-441.94,green,7.0,30.0,2026-09-25,2026-10-01,2026-10-02 08:14:33
DM-06-05-01-01,2025-09,67.547,57.557,17.36,9.99,yellow,2092.49,1841.43,13.63,251.06,yellow,7.0,30.0,2026-09-25,2026-10-01,2026-10-02 08:14:33
DM-06-05-01-02,2025-09,39.159,40.434,-3.15,-1.27,green,1687.09,1918.22,-12.05,-231.13,green,7.0,30.0,2026-09-25,2026-10-01,2026-10-02 08:14:33
DM-06-05-01-03,2025-09,35.326,42.916,-17.69,-7.59,green,1078.35,1434.34,-24.82,-355.99,green,7.0,30.0,2026-09-25,2026-10-01,2026-10-02 08:14:33
DM-06-05-02-01,2025-09,45.425,64.22,-29.27,-18.8,green,1442.72,2028.81,-28.89,-586.09,green,7.0,30.0,2026-09-25,2026-10-01,2026-10-02 08:14:33
DM-06-05-02-02,2025-09,,,,,gray,596.39,566.05,5.36,30.34,yellow,7.0,30.0,2026-09-25,2026-10-01,2026-10-02 08:14:33
DM-06-05-03-01,2025-09,68.217,34.12,99.93,34.1,red,2802.7,1465.05,91.3,1337.65,red,7.0,30.0,2026-09-25,2026-10-01,2026-10-02 08:14:33
DM-06-05-03-02,2025-09,50.588,65.652,-22.95,-15.06,green,2230.64,2647.78,-15.75,-417.14,green,7.0,30.0,2026-09-25,2026-10-01,2026-10-02 08:14:33
DM-06-05-03-03,2025-09,101.903,,,,gray,3620.32,2988.27,21.15,632.05,red,7.0,30.0,2026-09-25,2026-10-01,2026-10-02 08:14:33
DM-06-05-04-01,2025-09,,,,,gray,653.15,540.54,20.83,112.61,red,7.0,30.0,2026-09-25,2026-10-01,2026-10-02 08:14:33
DM-06-05-04-02,2025-09,39.337,,,,gray,1416.51,821.73,72.38,594.78,red,7.0,30.0,2026-09-25,2026-10-01,2026-10-02 08:14:33
DM-06-05-05-01,2025-09,0.0,0.098,-100.0,-0.1,green,3.06,9.92,-69.15,-6.86,green,7.0,30.0,2026-09-25,2026-10-01,2026-10-02 08:14:33
DM-06-05-05-02,2025-09,84.758,178.088,-52.41,-93.33,green,3668.97,3422.39,7.2,246.58,yellow,7.0,30.0,2026-09-25,2026-10-01,2026-10-02 08:14:33
DM-06-05-05-03,2025-09,88.004,,,,gray,3713.28,3700.14,0.36,13.14,green,7.0,30.0,2026-09-25,2026-10-01,2026-10-02 08:14:33
DM-06-05-06-01,2025-09,72.37,51.992,39.19,20.38,red,2472.98,2233.32,10.73,239.66,yellow,7.0,30.0,2026-09-25,2026-10-01,2026-10-02 08:14:33
DM-06-05-07-01,2025-09,0.0,49.236,-100.0,-49.24,green,0.0,2051.22,-100.0,-2051.22,green,7.0,30.0,2026-09-25,2026-10-01,2026-10-02 08:14:33
DM-06-05-07-02,2025-09,28.727,27.273,5.33,1.45,yellow,1149.76,1273.44,-9.71,-123.68,green,7.0,30.0,2026-09-25,2026-10-01,2026-10-02 08:14:33
DM-06-05-08-01,2025-09,0.0,0.0,,,gray,0.0,2.19,-100.0,-2.19,green,7.0,30.0,2026-09-25,2026-10-01,2026-10-02 08:14:33
DM-06-05-09-01,2025-09,61.493,67.159,-8.44,-5.67,green,2413.92,2636.14,-8.43,-222.22,green,7.0,30.0,2026-09-25,2026-10-01,2026-10-02 08:14:33
DM-06-05-09-02,2025-09,136.888,119.071,14.96,17.82,yellow,3940.5,3706.99,6.3,233.51,yellow,7.0,30.0,2026-09-25,2026-10-01,2026-10-02 08:14:33
DM-06-05-09-03,2025-09,73.824,54.306,35.94,19.52,red,2812.11,2343.78,19.98,468.33,yellow,7.0,30.0,2026-09-25,2026-10-01,2026-10-02 08:14:33
DM-06-05-10-01,2025-09,8.31,8.777,-5.32,-0.47,green,255.97,321.36,-20.35,-65.39,green,7.0,30.0,2026-09-25,2026-10-01,2026-10-02 08:14:33
DM-06-05-10-02,2025-09,94.037,70.828,32.77,23.21,red,3244.73,2662.26,21.88,582.47,red,7.0,30.0,2026-09-25,2026-10-01,2026-10-02 08:14:33
DM-06-05-10-03,2025-09,57.835,31.711,82.38,26.12,red,1596.88,1636.59,-2.43,-39.71,green,7.0,30.0,2026-09-25,2026-10-01,2026-10-02 08:14:33
DM-06-06-01-01,2025-09,119.67,118.488,1.0,1.18,green,5007.24,4184.18,19.67,823.06,yellow,7.0,30.0,2026-09-25,2026-10-01,2026-10-02 08:14:33
DM-06-06-01-02,2025-09,99.426,83.935,18.46,15.49,yellow,4114.96,3892.53,5.71,222.43,yellow,7.0,30.0,2026-09-25,2026-10-01,2026-10-02 08:14:33
DM-06-06-01-03,2025-09,77.794,98.873,-21.32,-21.08,green,2821.31,3611.23,-21.87,-789.92,green,7.0,30.0,2026-09-25,2026-10-01,2026-10-02 08:14:33
DM-06-06-02-01,2025-09,37.593,27.409,37.16,10.18,red,1808.94,1386.92,30.43,422.02,red,7.0,30.0,2026-09-25,2026-10-01,2026-10-02 08:14:33
DM-06-06-02-02,2025-09,110.286,35.022,214.9,75.26,red,3503.89,1409.42,148.61,2094.47,red,7.0,30.0,2026-09-25,2026-10-01,2026-10-02 08:14:33
DM-06-06-03-01,2025-09,109.707,95.995,14.28,13.71,yellow,4185.38,3419.6,22.39,765.78,red,7.0,30.0,2026-09-25,2026-10-01,2026-10-02 08:14:33
DM-06-06-03-02,2025-09,127.56,106.914,19.31,20.65,yellow,4229.55,3915.4,8.02,314.15,yellow,7.0,30.0,2026-09-25,2026-10-01,2026-10-02 08:14:33
DM-06-06-04-01,2025-09,118.883,133.058,-10.65,-14.17,green,4517.39,5062.54,-10.77,-545.15,green,7.0,30.0,2026-09-25,2026-10-01,2026-10-02 08:14:33
DM-06-06-05-01,2025-09,63.208,54.459,16.07,8.75,yellow,2197.27,1912.31,14.9,284.96,yellow,7.0,30.0,2026-09-25,2026-10-01,2026-10-02 08:14:33
DM-06-06-05-02,2025-09,60.319,165.648,-63.59,-105.33,green,2927.54,6138.67,-52.31,-3211.13,green,7.0,30.0,2026-09-25,2026-10-01,2026-10-02 08:14:33
DM-06-06-05-03,2025-09,35.28,35.315,-0.1,-0.03,green,1266.61,1485.91,-14.76,-219.3,green,7.0,30.0,2026-09-25,2026-10-01,2026-10-02 08:14:33
DM-06-06-06-02,2025-09,0.0,133.138,-100.0,-133.14,green,76.62,4935.49,-98.45,-4858.87,green,7.0,30.0,2026-09-25,2026-10-01,2026-10-02 08:14:33
DM-06-06-06-03,2025-09,142.696,,,,gray,4557.21,3819.49,19.31,737.72,yellow,7.0,30.0,2026-09-25,2026-10-01,2026-10-02 08:14:33
DM-06-06-06-04,2025-09,115.763,132.404,-12.57,-16.64,green,3477.5,4105.45,-15.3,-627.95,green,7.0,30.0,2026-09-25,2026-10-01,2026-10-02 08:14:33
DM-06-06-07-01,2025-09,102.753,71.311,44.09,31.44,red,3623.03,2860.18,26.67,762.85,red,7.0,30.0,2026-09-25,2026-10-01,2026-10-02 08:14:33
DM-06-06-07-02,2025-09,20.674,16.172,27.84,4.5,red,895.99,739.97,21.08,156.02,red,7.0,30.0,2026-09-25,2026-10-01,2026-10-02 08:14:33
DM-06-06-07-03,2025-09,270.582,56.147,381.92,214.44,red,9021.36,1948.72,362.94,7072.64,red,7.0,30.0,2026-09-25,2026-10-01,2026-10-02 08:14:33
DM-06-06-08-01,2025-09,126.494,,,,gray,4222.67,4315.31,-2.15,-92.64,green,7.0,30.0,2026-09-25,2026-10-01,2026-10-02 08:14:33
DM-06-06-08-02,2025-09,0.14,29.742,-99.53,-29.6,green,3.49,1295.92,-99.73,-1292.43,green,7.0,30.0,2026-09-25,2026-10-01,2026-10-02 08:14:33
DM-06-06-08-03,2025-09,60.591,98.84,-38.7,-38.25,green,2197.85,2371.49,-7.32,-173.64,green,7.0,30.0,2026-09-25,2026-10-01,2026-10-02 08:14:33
DM-06-06-09-01,2025-09,140.749,174.454,-19.32,-33.71,green,5191.26,6405.1,-18.95,-1213.84,green,7.0,30.0,2026-09-25,2026-10-01,2026-10-02 08:14:33
DM-06-06-09-02,2025-09,79.227,113.407,-30.14,-34.18,green,2713.96,3854.79,-29.6,-1140.83,green,7.0,30.0,2026-09-25,2026-10-01,2026-10-02 08:14:33
DM-06-06-09-03,2025-09,109.706,99.17,10.62,10.54,yellow,3194.92,3507.31,-8.91,-312.39,green,7.0,30.0,2026-09-25,2026-10-01,2026-10-02 08:14:33
DM-06-06-10-01,2025-09,,,,,gray,1113.16,1249.22,-10.89,-136.06,green,7.0,30.0,2026-09-25,2026-10-01,2026-10-02 08:14:33
DM-06-06-10-02,2025-09,27.808,,,,gray,1390.04,1525.09,-8.86,-135.05,green,7.0,30.0,2026-09-25,2026-10-01,2026-10-02 08:14:33
DM-06-06-11-01,2025-09,,,,,gray,1505.9,1501.17,0.32,4.73,green,7.0,30.0,2026-09-25,2026-10-01,2026-10-02 08:14:33
DM-06-06-11-02,2025-09,0.896,3.285,-72.72,-2.39,green,31.16,66.1,-52.86,-34.94,green,7.0,30.0,2026-09-25,2026-10-01,2026-10-02 08:14:33
DM-06-06-12-01,2025-09,40.966,,,,gray,1705.36,1890.7,-9.8,-185.34,green,7.0,30.0,2026-09-25,2026-10-01,2026-10-02 08:14:33
DM-07-01-01-01,2025-09,267.47,229.51,16.54,37.96,yellow,8619.24,7049.65,22.26,1569.59,red,7.0,30.0,2026-09-25,2026-10-01,2026-10-02 08:14:33
DM-07-01-01-02,2025-09,45.128,79.515,-43.25,-34.39,green,1721.52,2432.09,-29.22,-710.57,green,7.0,30.0,2026-09-25,2026-10-01,2026-10-02 08:14:33
DM-07-01-02-01,2025-09,181.675,227.823,-20.26,-46.15,green,6008.09,7037.98,-14.63,-1029.89,green,7.0,30.0,2026-09-25,2026-10-01,2026-10-02 08:14:33
DM-07-01-02-02,2025-09,207.91,179.923,15.55,27.99,yellow,6738.58,5978.16,12.72,760.42,yellow,7.0,30.0,2026-09-25,2026-10-01,2026-10-02 08:14:33
DM-07-01-03-01,2025-09,150.69,168.562,-10.6,-17.87,green,3725.0,6175.18,-39.68,-2450.18,green,7.0,30.0,2026-09-25,2026-10-01,2026-10-02 08:14:33
DM-07-01-04-01,2025-09,102.654,192.854,-46.77,-90.2,green,3735.71,6577.51,-43.2,-2841.8,green,7.0,30.0,2026-09-25,2026-10-01,2026-10-02 08:14:33
DM-07-01-04-02,2025-09,147.225,155.594,-5.38,-8.37,green,5152.53,5276.44,-2.35,-123.91,green,7.0,30.0,2026-09-25,2026-10-01,2026-10-02 08:14:33
DM-07-01-04-03,2025-09,0.116,0.116,0.0,0.0,green,2.56,2.87,-10.8,-0.31,green,7.0,30.0,2026-09-25,2026-10-01,2026-10-02 08:14:33
DM-07-01-04-04,2025-09,57.842,71.26,-18.83,-13.42,green,3095.58,3671.85,-15.69,-576.27,green,7.0,30.0,2026-09-25,2026-10-01,2026-10-02 08:14:33
DM-07-01-05-02,2025-09,,1.098,,,gray,,41.78,,,gray,,30.0,,,2026-10-02 08:14:33
DM-07-01-05-03,2025-09,65.583,125.537,-47.76,-59.95,green,2186.86,4458.01,-50.95,-2271.15,green,7.0,30.0,2026-09-25,2026-10-01,2026-10-02 08:14:33
DM-07-01-05-04,2025-09,76.715,91.989,-16.6,-15.27,green,2777.5,3122.64,-11.05,-345.14,green,7.0,30.0,2026-09-25,2026-10-01,2026-10-02 08:14:33
DM-07-01-06-01,2025-09,87.34,102.762,-15.01,-15.42,green,3014.74,3340.11,-9.74,-325.37,green,7.0,30.0,2026-09-25,2026-10-01,2026-10-02 08:14:33
DM-07-01-06-02,2025-09,136.628,151.446,-9.78,-14.82,green,4630.77,5112.83,-9.43,-482.06,green,7.0,30.0,2026-09-25,2026-10-01,2026-10-02 08:14:33
DM-07-01-06-04,2025-09,49.598,72.937,-32.0,-23.34,green,1721.42,2421.71,-28.92,-700.29,green,7.0,30.0,2026-09-25,2026-10-01,2026-10-02 08:14:33
DM-07-01-07-01,2025-09,160.82,167.989,-4.27,-7.17,green,5187.85,5624.25,-7.76,-436.4,green,7.0,30.0,2026-09-25,2026-10-01,2026-10-02 08:14:33
DM-07-01-07-02,2025-09,148.951,128.306,16.09,20.64,yellow,4832.97,4625.17,4.49,207.8,green,7.0,30.0,2026-09-25,2026-10-01,2026-10-02 08:14:33
DM-07-01-07-03,2025-09,123.895,116.273,6.56,7.62,yellow,3880.46,3960.57,-2.02,-80.11,green,7.0,30.0,2026-09-25,2026-10-01,2026-10-02 08:14:33
DM-07-01-08-01,2025-09,114.915,128.401,-10.5,-13.49,green,3434.03,4378.08,-21.56,-944.05,green,7.0,30.0,2026-09-25,2026-10-01,2026-10-02 08:14:33
DM-07-01-08-02,2025-09,116.938,148.468,-21.24,-31.53,green,4213.51,4660.39,-9.59,-446.88,green,7.0,30.0,2026-09-25,2026-10-01,2026-10-02 08:14:33
DM-07-01-09-01,2025-09,0.05,65.849,-99.92,-65.8,green,1.2,2252.77,-99.95,-2251.57,green,7.0,30.0,2026-09-25,2026-10-01,2026-10-02 08:14:33
DM-07-01-09-02,2025-09,,,,,gray,1382.13,1268.86,8.93,113.27,yellow,7.0,30.0,2026-09-25,2026-10-01,2026-10-02 08:14:33
DM-07-01-09-03,2025-09,132.264,76.171,73.64,56.09,red,4676.23,2898.28,61.35,1777.95,red,7.0,30.0,2026-09-25,2026-10-01,2026-10-02 08:14:33
DM-07-01-09-05,2025-09,0.0,65.04,-100.0,-65.04,green,2.6,3293.43,-99.92,-3290.83,green,7.0,30.0,2026-09-25,2026-10-01,2026-10-02 08:14:33
DM-07-01-09-06,2025-09,22.81,86.861,-73.74,-64.05,green,1275.66,3040.3,-58.04,-1764.64,green,7.0,30.0,2026-09-25,2026-10-01,2026-10-02 08:14:33
DM-07-01-10-01,2025-09,140.715,160.376,-12.26,-19.66,green,4868.37,5229.07,-6.9,-360.7,green,7.0,30.0,2026-09-25,2026-10-01,2026-10-02 08:14:33
DM-07-01-11-01,2025-09,48.659,83.801,-41.94,-35.14,green,1884.7,3115.2,-39.5,-1230.5,green,7.0,30.0,2026-09-25,2026-10-01,2026-10-02 08:14:33
DM-07-01-11-03,2025-09,164.513,128.904,27.62,35.61,red,5733.96,4673.79,22.68,1060.17,red,7.0,30.0,2026-09-25,2026-10-01,2026-10-02 08:14:33
DM-07-04-01-01,2025-09,132.33,154.336,-14.26,-22.01,green,4820.83,4957.43,-2.76,-136.6,green,7.0,30.0,2026-09-25,2026-10-01,2026-10-02 08:14:33
DM-07-04-02-01,2025-09,133.492,152.321,-12.36,-18.83,green,5126.17,5226.22,-1.91,-100.05,green,7.0,30.0,2026-09-25,2026-10-01,2026-10-02 08:14:33
DM-07-04-02-02,2025-09,66.392,66.986,-0.89,-0.59,green,2694.6,2531.14,6.46,163.46,yellow,7.0,30.0,2026-09-25,2026-10-01,2026-10-02 08:14:33
DM-07-04-03-01,2025-09,18.725,82.812,-77.39,-64.09,green,854.35,2962.73,-71.16,-2108.38,green,7.0,30.0,2026-09-25,2026-10-01,2026-10-02 08:14:33
DM-07-04-03-02,2025-09,365.679,20.223,1708.23,345.46,red,6811.3,894.85,661.17,5916.45,red,7.0,30.0,2026-09-25,2026-10-01,2026-10-02 08:14:33
DM-07-04-03-03,2025-09,382.137,95.821,298.8,286.32,red,8429.78,3607.65,133.66,4822.13,red,7.0,30.0,2026-09-25,2026-10-01,2026-10-02 08:14:33
DM-07-04-04-01,2025-09,59.573,92.833,-35.83,-33.26,green,1835.49,1916.4,-4.22,-80.91,green,7.0,30.0,2026-09-25,2026-10-01,2026-10-02 08:14:33
DM-07-04-04-02,2025-09,53.589,38.777,38.2,14.81,red,1676.5,1750.42,-4.22,-73.92,green,7.0,30.0,2026-09-25,2026-10-01,2026-10-02 08:14:33
DM-07-04-05-01,2025-09,68.953,78.93,-12.64,-9.98,green,3250.38,3100.04,4.85,150.34,green,7.0,30.0,2026-09-25,2026-10-01,2026-10-02 08:14:33
DM-07-04-06-01,2025-09,103.169,133.528,-22.74,-30.36,green,3842.32,4526.09,-15.11,-683.77,green,7.0,30.0,2026-09-25,2026-10-01,2026-10-02 08:14:33
DM-07-04-07-01,2025-09,71.715,70.048,2.38,1.67,green,2265.29,2175.43,4.13,89.86,green,7.0,30.0,2026-09-25,2026-10-01,2026-10-02 08:14:33
DM-07-04-08-01,2025-09,71.433,76.968,-7.19,-5.53,green,2527.55,2563.61,-1.41,-36.06,green,7.0,30.0,2026-09-25,2026-10-01,2026-10-02 08:14:33
DM-07-04-08-02,2025-09,72.801,82.318,-11.56,-9.52,green,2409.15,2721.93,-11.49,-312.78,green,7.0,30.0,2026-09-25,2026-10-01,2026-10-02 08:14:33
DM-07-04-09-01,2025-09,6.287,17.245,-63.54,-10.96,green,600.05,974.09,-38.4,-374.04,green,7.0,30.0,2026-09-25,2026-10-01,2026-10-02 08:14:33
DM-07-04-10-01,2025-09,7.588,36.468,-79.19,-28.88,green,662.1,1427.76,-53.63,-765.66,green,7.0,30.0,2026-09-25,2026-10-01,2026-10-02 08:14:33
DM-07-04-10-02,2025-09,10.761,15.224,-29.32,-4.46,green,389.14,494.79,-21.35,-105.65,green,7.0,30.0,2026-09-25,2026-10-01,2026-10-02 08:14:33
DM-07-04-11-01,2025-09,60.569,51.264,18.15,9.3,yellow,2391.56,2189.44,9.23,202.12,yellow,7.0,30.0,2026-09-25,2026-10-01,2026-10-02 08:14:33
DM-07-04-11-03,2025-09,164.106,140.608,16.71,23.5,yellow,6261.3,5438.74,15.12,822.56,yellow,7.0,30.0,2026-09-25,2026-10-01,2026-10-02 08:14:33
DM-07-04-12-01,2025-09,62.553,141.298,-55.73,-78.75,green,2483.01,4541.12,-45.32,-2058.11,green,7.0,30.0,2026-09-25,2026-10-01,2026-10-02 08:14:33
DM-07-04-12-02,2025-09,105.587,98.236,7.48,7.35,yellow,3717.48,3328.84,11.67,388.64,yellow,7.0,30.0,2026-09-25,2026-10-01,2026-10-02 08:14:33
DM-07-04-13-01,2025-09,500.0,60.121,731.66,439.88,red,12000.0,2000.69,499.79,9999.31,red,7.0,30.0,2026-09-25,2026-10-01,2026-10-02 08:14:33
DM-07-04-13-02,2025-09,34.987,38.606,-9.37,-3.62,green,1663.72,1842.18,-9.69,-178.46,green,7.0,30.0,2026-09-25,2026-10-01,2026-10-02 08:14:33
DM-07-04-14-01,2025-09,91.22,86.418,5.56,4.8,yellow,3350.71,3157.04,6.13,193.67,yellow,7.0,30.0,2026-09-25,2026-10-01,2026-10-02 08:14:33
DM-07-04-15-01,2025-09,100.06,126.448,-20.87,-26.39,green,3991.59,5080.38,-21.43,-1088.79,green,7.0,30.0,2026-09-25,2026-10-01,2026-10-02 08:14:33
DM-07-04-15-02,2025-09,81.61,55.976,45.79,25.63,red,3261.33,2414.2,35.09,847.13,red,7.0,30.0,2026-09-25,2026-10-01,2026-10-02 08:14:33
DM-07-04-16-01,2025-09,97.196,79.789,21.82,17.41,red,3747.57,3299.61,13.58,447.96,yellow,7.0,30.0,2026-09-25,2026-10-01,2026-10-02 08:14:33
DM-07-04-16-02,2025-09,52.513,44.987,16.73,7.53,yellow,2117.4,1937.34,9.29,180.06,yellow,7.0,30.0,2026-09-25,2026-10-01,2026-10-02 08:14:33
DM-07-04-16-04,2025-09,12.031,9.625,25.0,2.41,red,168.42,134.7,25.03,33.72,red,7.0,30.0,2026-09-25,2026-10-01,2026-10-02 08:14:33
DM-07-04-16-05,2025-09,5.241,31.343,-83.28,-26.1,green,429.21,931.43,-53.92,-502.22,green,7.0,30.0,2026-09-25,2026-10-01,2026-10-02 08:14:33
DM-07-04-18-01,2025-09,500.0,18.984,2533.8,481.02,red,11993.86,713.86,1580.14,11280.0,red,7.0,30.0,2026-09-25,2026-10-01,2026-10-02 08:14:33
DM-07-04-19-01,2025-09,91.129,114.56,-20.45,-23.43,green,3853.91,4315.26,-10.69,-461.35,green,7.0,30.0,2026-09-25,2026-10-01,2026-10-02 08:14:33
DM-07-04-20-01,2025-09,23.647,20.534,15.16,3.11,yellow,998.16,891.37,11.98,106.79,yellow,7.0,30.0,2026-09-25,2026-10-01,2026-10-02 08:14:33
DM-07-04-21-01,2025-09,35.678,33.307,7.12,2.37,yellow,1583.49,1516.81,4.4,66.68,green,7.0,30.0,2026-09-25,2026-10-01,2026-10-02 08:14:33
DM-07-04-22-01,2025-09,64.305,64.261,0.07,0.04,green,2378.57,2417.9,-1.63,-39.33,green,7.0,30.0,2026-09-25,2026-10-01,2026-10-02 08:14:33
DM-07-04-22-02,2025-09,97.194,127.547,-23.8,-30.35,green,3749.29,4679.3,-19.87,-930.01,green,7.0,30.0,2026-09-25,2026-10-01,2026-10-02 08:14:33
DM-07-04-23-01,2025-09,114.319,129.406,-11.66,-15.09,green,4388.56,4635.27,-5.32,-246.71,green,7.0,30.0,2026-09-25,2026-10-01,2026-10-02 08:14:33
DM-07-05-01-01,2025-09,218.06,273.779,-20.35,-55.72,green,7274.54,8775.67,-17.11,-1501.13,green,7.0,30.0,2026-09-25,2026-10-01,2026-10-02 08:14:33
DM-07-05-02-01,2025-09,408.55,59.304,588.91,349.25,red,10006.54,3166.66,216.0,6839.88,red,7.0,30.0,2026-09-25,2026-10-01,2026-10-02 08:14:33
DM-07-05-02-02,2025-09,8.965,65.845,-86.38,-56.88,green,335.58,1844.75,-81.81,-1509.17,green,7.0,30.0,2026-09-25,2026-10-01,2026-10-02 08:14:33
DM-07-05-02-03,2025-09,31.574,51.964,-39.24,-20.39,green,1041.32,1698.89,-38.71,-657.57,green,7.0,30.0,2026-09-25,2026-10-01,2026-10-02 08:14:33
DM-07-05-03-01,2025-09,46.379,41.633,11.4,4.75,yellow,1951.3,2536.24,-23.06,-584.94,green,7.0,30.0,2026-09-25,2026-10-01,2026-10-02 08:14:33
DM-07-05-03-02,2025-09,117.805,149.454,-21.18,-31.65,green,3902.18,4995.99,-21.89,-1093.81,green,7.0,30.0,2026-09-25,2026-10-01,2026-10-02 08:14:33
DM-07-05-04-01,2025-09,90.731,46.2,96.39,44.53,red,3535.89,1848.27,91.31,1687.62,red,7.0,30.0,2026-09-25,2026-10-01,2026-10-02 08:14:33
DM-07-05-04-02,2025-09,130.871,115.917,12.9,14.95,yellow,4529.4,3790.53,19.49,738.87,yellow,7.0,30.0,2026-09-25,2026-10-01,2026-10-02 08:14:33
DM-07-05-04-03,2025-09,372.693,130.773,184.99,241.92,red,8867.75,2796.63,217.09,6071.12,red,7.0,30.0,2026-09-25,2026-10-01,2026-10-02 08:14:33
DM-07-05-05-01,2025-09,0.153,0.002,7550.0,0.15,red,27.12,9.89,174.22,17.23,red,7.0,30.0,2026-09-25,2026-10-01,2026-10-02 08:14:33
DM-07-05-05-02,2025-09,139.809,135.716,3.02,4.09,green,5142.28,5028.84,2.26,113.44,green,7.0,30.0,2026-09-25,2026-10-01,2026-10-02 08:14:33
DM-07-05-06-01,2025-09,79.767,64.31,24.04,15.46,red,3055.54,2582.68,18.31,472.86,yellow,7.0,30.0,2026-09-25,2026-10-01,2026-10-02 08:14:33
DM-07-05-06-02,2025-09,44.602,43.811,1.81,0.79,green,1746.05,1520.78,14.81,225.27,yellow,7.0,30.0,2026-09-25,2026-10-01,2026-10-02 08:14:33
DM-07-05-07-01,2025-09,123.239,96.855,27.24,26.38,red,5218.94,4151.64,25.71,1067.3,red,7.0,30.0,2026-09-25,2026-10-01,2026-10-02 08:14:33
DM-07-05-08-01,2025-09,282.384,317.319,-11.01,-34.94,green,8156.23,8947.49,-8.84,-791.26,green,7.0,30.0,2026-09-25,2026-10-01,2026-10-02 08:14:33
DM-07-05-09-01,2025-09,120.729,0.338,35618.64,120.39,red,3120.66,13.53,22964.75,3107.13,red,7.0,30.0,2026-09-25,2026-10-01,2026-10-02 08:14:33
DM-07-05-09-02,2025-09,252.908,244.071,3.62,8.84,green,6039.39,6376.66,-5.29,-337.27,green,7.0,30.0,2026-09-25,2026-10-01,2026-10-02 08:14:33
DM-07-05-10-02,2025-09,53.366,65.054,-17.97,-11.69,green,1947.68,2217.77,-12.18,-270.09,green,7.0,30.0,2026-09-25,2026-10-01,2026-10-02 08:14:33
DM-07-05-10-03,2025-09,0.0,31.089,-100.0,-31.09,green,0.0,1260.71,-100.0,-1260.71,green,7.0,30.0,2026-09-25,2026-10-01,2026-10-02 08:14:33
DM-07-05-11-01,2025-09,111.988,131.557,-14.87,-19.57,green,4508.04,4894.67,-7.9,-386.63,green,7.0,30.0,2026-09-25,2026-10-01,2026-10-02 08:14:33
DM-07-05-11-02,2025-09,59.56,66.263,-10.12,-6.7,green,2696.99,3021.62,-10.74,-324.63,green,7.0,30.0,2026-09-25,2026-10-01,2026-10-02 08:14:33
DM-07-05-11-03,2025-09,91.55,101.32,-9.64,-9.77,green,3106.06,3194.81,-2.78,-88.75,green,7.0,30.0,2026-09-25,2026-10-01,2026-10-02 08:14:33
DM-07-05-11-04,2025-09,178.916,88.991,101.05,89.92,red,6234.03,3064.68,103.42,3169.35,red,7.0,30.0,2026-09-25,2026-10-01,2026-10-02 08:14:33
DM-07-05-12-01,2025-09,86.029,76.426,12.57,9.6,yellow,3283.48,3027.78,8.45,255.7,yellow,7.0,30.0,2026-09-25,2026-10-01,2026-10-02 08:14:33
DM-07-05-12-02,2025-09,0.101,18.361,-99.45,-18.26,green,2.76,514.62,-99.46,-511.86,green,7.0,30.0,2026-09-25,2026-10-01,2026-10-02 08:14:33
DM-07-05-12-03,2025-09,32.048,247.719,-87.06,-215.67,green,2140.26,6616.03,-67.65,-4475.77,green,7.0,30.0,2026-09-25,2026-10-01,2026-10-02 08:14:33
DM-07-05-12-04,2025-09,65.765,65.461,0.46,0.3,green,2414.05,2566.51,-5.94,-152.46,green,7.0,30.0,2026-09-25,2026-10-01,2026-10-02 08:14:33
DM-07-05-13-01,2025-09,31.086,30.656,1.4,0.43,green,1102.94,1039.71,6.08,63.23,yellow,7.0,30.0,2026-09-25,2026-10-01,2026-10-02 08:14:33
DM-07-05-13-02,2025-09,43.802,31.111,40.79,12.69,red,1725.49,1637.74,5.36,87.75,yellow,7.0,30.0,2026-09-25,2026-10-01,2026-10-02 08:14:33
DM-07-05-13-03,2025-09,8.076,11.171,-27.71,-3.09,green,408.22,591.23,-30.95,-183.01,green,7.0,30.0,2026-09-25,2026-10-01,2026-10-02 08:14:33
DM-07-05-14-01,2025-09,0.017,4.788,-99.64,-4.77,green,14.61,185.36,-92.12,-170.75,green,7.0,30.0,2026-09-25,2026-10-01,2026-10-02 08:14:33
DM-07-05-15-01,2025-09,10.82,51.263,-78.89,-40.44,green,294.2,2061.46,-85.73,-1767.26,green,7.0,30.0,2026-09-25,2026-10-01,2026-10-02 08:14:33
DM-07-06-01-01,2025-09,31.798,31.717,0.26,0.08,green,1108.09,1176.19,-5.79,-68.1,green,7.0,30.0,2026-09-25,2026-10-01,2026-10-02 08:14:33
DM-07-06-01-02,2025-09,6.25,26.924,-76.79,-20.67,green,480.46,1146.86,-58.11,-666.4,green,7.0,30.0,2026-09-25,2026-10-01,2026-10-02 08:14:33
DM-07-06-01-03,2025-09,83.437,107.828,-22.62,-24.39,green,3880.51,4481.23,-13.41,-600.72,green,7.0,30.0,2026-09-25,2026-10-01,2026-10-02 08:14:33
DM-07-06-02-02,2025-09,66.822,61.583,8.51,5.24,yellow,2800.92,2762.18,1.4,38.74,green,7.0,30.0,2026-09-25,2026-10-01,2026-10-02 08:14:33
DM-07-06-02-03,2025-09,0.05,10.089,-99.5,-10.04,green,1.86,998.22,-99.81,-996.36,green,7.0,30.0,2026-09-25,2026-10-01,2026-10-02 08:14:33
DM-07-06-02-04,2025-09,43.429,55.43,-21.65,-12.0,green,2423.93,2320.56,4.45,103.37,green,7.0,30.0,2026-09-25,2026-10-01,2026-10-02 08:14:33
DM-07-06-02-05,2025-09,35.787,1.046,3321.32,34.74,red,1623.55,384.66,322.07,1238.89,red,7.0,30.0,2026-09-25,2026-10-01,2026-10-02 08:14:33
DM-07-06-02-06,2025-09,,,,,gray,1231.5,1101.49,11.8,130.01,yellow,7.0,30.0,2026-09-25,2026-10-01,2026-10-02 08:14:33
DM-07-06-02-07,2025-09,48.152,0.0,,,gray,2144.03,0.0,,,gray,7.0,30.0,2026-09-25,2026-10-01,2026-10-02 08:14:33
DM-07-06-02-08,2025-09,16.723,144.002,-88.39,-127.28,green,406.42,3649.71,-88.86,-3243.29,green,7.0,30.0,2026-09-25,2026-10-01,2026-10-02 08:14:33
DM-07-06-03-01,2025-09,137.388,104.552,31.41,32.84,red,6101.59,5260.54,15.99,841.05,yellow,7.0,30.0,2026-09-25,2026-10-01,2026-10-02 08:14:33
DM-07-06-03-02,2025-09,24.541,0.003,817933.33,24.54,red,1782.49,0.39,456948.72,1782.1,red,7.0,30.0,2026-09-25,2026-10-01,2026-10-02 08:14:33
DM-07-06-03-03,2025-09,0.0,0.012,-100.0,-0.01,green,0.0,1.07,-100.0,-1.07,green,7.0,30.0,2026-09-25,2026-10-01,2026-10-02 08:14:33
DM-07-06-03-04,2025-09,139.424,111.754,24.76,27.67,red,3988.99,5280.53,-24.46,-1291.54,green,7.0,30.0,2026-09-25,2026-10-01,2026-10-02 08:14:33
DM-07-06-03-05,2025-09,1.483,1.479,0.27,0.0,green,44.35,49.89,-11.1,-5.54,green,7.0,30.0,2026-09-25,2026-10-01,2026-10-02 08:14:33
DM-07-06-04-01,2025-09,0.072,0.107,-32.71,-0.04,green,4.75,7.15,-33.57,-2.4,green,7.0,30.0,2026-09-25,2026-10-01,2026-10-02 08:14:33
DM-07-06-04-03,2025-09,64.731,46.808,38.29,17.92,red,2786.2,2622.57,6.24,163.63,yellow,7.0,30.0,2026-09-25,2026-10-01,2026-10-02 08:14:33
DM-07-06-05-02,2025-09,65.207,69.132,-5.68,-3.93,green,2765.13,2697.15,2.52,67.98,green,7.0,30.0,2026-09-25,2026-10-01,2026-10-02 08:14:33
DM-07-06-07-01,2025-09,74.858,67.651,10.65,7.21,yellow,3125.48,3491.0,-10.47,-365.52,green,7.0,30.0,2026-09-25,2026-10-01,2026-10-02 08:14:33
DM-07-06-08-01,2025-09,17.576,16.637,5.64,0.94,yellow,1037.55,1151.8,-9.92,-114.25,green,7.0,30.0,2026-09-25,2026-10-01,2026-10-02 08:14:33
DM-07-06-09-01,2025-09,65.026,59.392,9.49,5.63,yellow,2718.25,2624.19,3.58,94.06,green,7.0,30.0,2026-09-25,2026-10-01,2026-10-02 08:14:33
DM-07-06-10-01,2025-09,40.683,48.87,-16.75,-8.19,green,1652.83,1958.04,-15.59,-305.21,green,7.0,30.0,2026-09-25,2026-10-01,2026-10-02 08:14:33
DM-07-06-11-01,2025-09,40.826,60.92,-32.98,-20.09,green,2226.08,2793.96,-20.33,-567.88,green,7.0,30.0,2026-09-25,2026-10-01,2026-10-02 08:14:33
DM-07-07-01-01,2025-09,142.753,193.182,-26.1,-50.43,green,5410.88,6303.1,-14.16,-892.22,green,7.0,30.0,2026-09-25,2026-10-01,2026-10-02 08:14:33
DM-07-07-02-01,2025-09,130.874,102.207,28.05,28.67,red,5336.67,4403.14,21.2,933.53,red,7.0,30.0,2026-09-25,2026-10-01,2026-10-02 08:14:33
DM-07-07-02-03,2025-09,,,,,gray,0.03,63.35,-99.95,-63.32,green,7.0,30.0,2026-09-25,2026-10-01,2026-10-02 08:14:33
DM-07-07-02-04,2025-09,0.05,19.187,-99.74,-19.14,green,1.89,1073.05,-99.82,-1071.16,green,7.0,30.0,2026-09-25,2026-10-01,2026-10-02 08:14:33
DM-07-07-03-01,2025-09,54.982,47.101,16.73,7.88,yellow,2740.85,2599.82,5.42,141.03,yellow,7.0,30.0,2026-09-25,2026-10-01,2026-10-02 08:14:33
DM-07-07-04-01,2025-09,64.946,68.08,-4.6,-3.13,green,2570.01,2979.16,-13.73,-409.15,green,7.0,30.0,2026-09-25,2026-10-01,2026-10-02 08:14:33
DM-07-07-04-02,2025-09,104.899,91.984,14.04,12.92,yellow,4172.5,3915.66,6.56,256.84,yellow,7.0,30.0,2026-09-25,2026-10-01,2026-10-02 08:14:33
DM-07-07-05-01,2025-09,154.001,127.557,20.73,26.44,red,5645.35,4944.28,14.18,701.07,yellow,7.0,30.0,2026-09-25,2026-10-01,2026-10-02 08:14:33
DM-07-07-05-02,2025-09,49.984,,,,gray,2083.2,,,,gray,7.0,,2026-09-25,2026-10-01,2026-10-02 08:14:33
DM-07-07-06-01,2025-09,170.341,220.341,-22.69,-50.0,green,6495.25,6702.12,-3.09,-206.87,green,7.0,30.0,2026-09-25,2026-10-01,2026-10-02 08:14:33
DM-07-07-06-02,2025-09,55.834,24.51,127.8,31.32,red,2971.35,1077.27,175.82,1894.08,red,7.0,30.0,2026-09-25,2026-10-01,2026-10-02 08:14:33
DM-07-07-06-03,2025-09,0.0,0.614,-100.0,-0.61,green,0.0,51.38,-100.0,-51.38,green,7.0,30.0,2026-09-25,2026-10-01,2026-10-02 08:14:33
DM-07-07-07-01,2025-09,49.574,185.796,-73.32,-136.22,green,2198.8,5406.76,-59.33,-3207.96,green,7.0,30.0,2026-09-25,2026-10-01,2026-10-02 08:14:33
DM-07-07-07-02,2025-09,79.803,27.792,187.14,52.01,red,3558.67,1574.24,126.06,1984.43,red,7.0,30.0,2026-09-25,2026-10-01,2026-10-02 08:14:33
DM-07-07-07-03,2025-09,23.499,21.841,7.59,1.66,yellow,1079.47,1227.3,-12.05,-147.83,green,7.0,30.0,2026-09-25,2026-10-01,2026-10-02 08:14:33
DM-07-07-08-01,2025-09,32.456,27.288,18.94,5.17,yellow,1392.83,1222.31,13.95,170.52,yellow,7.0,30.0,2026-09-25,2026-10-01,2026-10-02 08:14:33
DM-07-07-09-01,2025-09,28.488,35.075,-18.78,-6.59,green,1058.98,1416.89,-25.26,-357.91,green,7.0,30.0,2026-09-25,2026-10-01,2026-10-02 08:14:33
DM-07-07-10-01,2025-09,25.501,1.383,1743.89,24.12,red,954.39,63.15,1411.31,891.24,red,7.0,30.0,2026-09-25,2026-10-01,2026-10-02 08:14:33
DM-07-07-11-01,2025-09,9.761,34.939,-72.06,-25.18,green,516.03,1372.14,-62.39,-856.11,green,7.0,30.0,2026-09-25,2026-10-01,2026-10-02 08:14:33
DM-11-03-01-01,2025-09,85.081,82.532,3.09,2.55,green,2979.13,2955.63,0.8,23.5,green,7.0,30.0,2026-09-25,2026-10-01,2026-10-02 08:14:33
DM-11-03-01-02,2025-09,51.812,48.592,6.63,3.22,yellow,1743.08,1634.19,6.66,108.89,yellow,7.0,30.0,2026-09-25,2026-10-01,2026-10-02 08:14:33
DM-11-03-03-01,2025-09,118.695,111.018,6.92,7.68,yellow,4234.66,4076.74,3.87,157.92,green,7.0,30.0,2026-09-25,2026-10-01,2026-10-02 08:14:33
DM-11-03-05-01,2025-09,66.601,66.921,-0.48,-0.32,green,2675.22,2730.59,-2.03,-55.37,green,7.0,30.0,2026-09-25,2026-10-01,2026-10-02 08:14:33
DM-11-03-06-01,2025-09,141.049,107.239,31.53,33.81,red,4199.29,4507.56,-6.84,-308.27,green,7.0,30.0,2026-09-25,2026-10-01,2026-10-02 08:14:33
DM-11-03-10-02,2025-09,24.917,37.565,-33.67,-12.65,green,926.2,1142.83,-18.96,-216.63,green,7.0,30.0,2026-09-25,2026-10-01,2026-10-02 08:14:33
DM-11-03-32-01,2025-09,288.436,286.728,0.6,1.71,green,5919.47,5982.82,-1.06,-63.35,green,7.0,30.0,2026-09-25,2026-10-01,2026-10-02 08:14:33
DM-11-03-32-02,2025-09,6.062,1.434,322.73,4.63,red,196.74,23.75,728.38,172.99,red,7.0,30.0,2026-09-25,2026-10-01,2026-10-02 08:14:33
DM-11-03-33-01,2025-09,182.391,212.099,-14.01,-29.71,green,6289.77,7093.02,-11.32,-803.25,green,7.0,30.0,2026-09-25,2026-10-01,2026-10-02 08:14:33
DM-11-03-34-01,2025-09,111.061,111.664,-0.54,-0.6,green,4447.31,4511.71,-1.43,-64.4,green,7.0,30.0,2026-09-25,2026-10-01,2026-10-02 08:14:33
DM-11-03-34-02,2025-09,0.0,0.134,-100.0,-0.13,green,0.0,2.78,-100.0,-2.78,green,7.0,30.0,2026-09-25,2026-10-01,2026-10-02 08:14:33
DM-11-03-39-01,2025-09,177.976,180.557,-1.43,-2.58,green,6414.44,6506.42,-1.41,-91.98,green,7.0,30.0,2026-09-25,2026-10-01,2026-10-02 08:14:33
DM-11-03-40-01,2025-09,130.586,113.466,15.09,17.12,yellow,4427.02,4128.48,7.23,298.54,yellow,7.0,30.0,2026-09-25,2026-10-01,2026-10-02 08:14:33
DM-11-03-40-02,2025-09,79.622,50.061,59.05,29.56,red,2904.04,2095.84,38.56,808.2,red,7.0,30.0,2026-09-25,2026-10-01,2026-10-02 08:14:33
DM-11-03-41-01,2025-09,119.437,,,,gray,4500.75,4361.98,3.18,138.77,green,7.0,30.0,2026-09-25,2026-10-01,2026-10-02 08:14:33
DM-11-03-43-01,2025-09,86.775,138.154,-37.19,-51.38,green,3132.54,4342.33,-27.86,-1209.79,green,7.0,30.0,2026-09-25,2026-10-01,2026-10-02 08:14:33
DM-11-03-43-02,2025-09,108.098,103.174,4.77,4.92,green,3924.9,3844.03,2.1,80.87,green,7.0,30.0,2026-09-25,2026-10-01,2026-10-02 08:14:33
DM-11-05-26-01,2025-09,129.506,86.942,48.96,42.56,red,5962.01,4800.71,24.19,1161.3,red,7.0,30.0,2026-09-25,2026-10-01,2026-10-02 08:14:33
DM-11-05-27-01,2025-09,,,,,gray,4751.88,4787.82,-0.75,-35.94,green,7.0,30.0,2026-09-25,2026-10-01,2026-10-02 08:14:33
DM-11-05-27-02,2025-09,3.319,1.44,130.49,1.88,red,499.0,432.63,15.34,66.37,yellow,7.0,30.0,2026-09-25,2026-10-01,2026-10-02 08:14:33
DM-11-05-27-03,2025-09,0.0,0.0,,,gray,0.0,0.0,,,gray,7.0,30.0,2026-09-25,2026-10-01,2026-10-02 08:14:33
DM-11-05-28-01,2025-09,1.594,70.471,-97.74,-68.88,green,41.75,5159.34,-99.19,-5117.59,green,7.0,30.0,2026-09-25,2026-10-01,2026-10-02 08:14:33
DM-11-05-28-02,2025-09,6.252,24.371,-74.35,-18.12,green,136.55,600.91,-77.28,-464.36,green,7.0,30.0,2026-09-25,2026-10-01,2026-10-02 08:14:33
DM-11-05-29-01,2025-09,53.28,,,,gray,2370.41,3403.55,-30.35,-1033.14,green,7.0,30.0,2026-09-25,2026-10-01,2026-10-02 08:14:33
DM-11-05-30-01,2025-09,43.137,32.8,31.52,10.34,red,2336.44,2013.57,16.03,322.87,yellow,7.0,30.0,2026-09-25,2026-10-01,2026-10-02 08:14:33
DM-11-05-30-02,2025-09,29.176,,,,gray,1620.9,1531.23,5.86,89.67,yellow,7.0,30.0,2026-09-25,2026-10-01,2026-10-02 08:14:33
DM-11-05-31-01,2025-09,64.195,,,,gray,3756.08,3522.96,6.62,233.12,yellow,7.0,30.0,2026-09-25,2026-10-01,2026-10-02 08:14:33
DM-11-06-06-02,2025-09,81.274,85.946,-5.44,-4.67,green,3015.49,3441.74,-12.38,-426.25,green,7.0,30.0,2026-09-25,2026-10-01,2026-10-02 08:14:33
DM-11-06-06-03,2025-09,19.659,22.999,-14.52,-3.34,green,744.06,887.83,-16.19,-143.77,green,7.0,30.0,2026-09-25,2026-10-01,2026-10-02 08:14:33
DM-11-06-09-01,2025-09,161.142,179.089,-10.02,-17.95,green,6684.29,7723.51,-13.46,-1039.22,green,7.0,30.0,2026-09-25,2026-10-01,2026-10-02 08:14:33
DM-11-06-09-02,2025-09,165.599,,,,gray,6281.09,3605.06,74.23,2676.03,red,7.0,30.0,2026-09-25,2026-10-01,2026-10-02 08:14:33
DM-11-06-09-04,2025-09,54.95,93.224,-41.06,-38.27,green,2113.77,3651.43,-42.11,-1537.66,green,7.0,30.0,2026-09-25,2026-10-01,2026-10-02 08:14:33
DM-11-06-10-01,2025-09,100.07,103.896,-3.68,-3.83,green,4307.98,4630.09,-6.96,-322.11,green,7.0,30.0,2026-09-25,2026-10-01,2026-10-02 08:14:33
DM-11-06-11-02,2025-09,0.014,0.0,,,gray,0.27,0.0,,,gray,7.0,30.0,2026-09-25,2026-10-01,2026-10-02 08:14:33
DM-11-06-15-01,2025-09,176.977,,,,gray,7531.94,8022.14,-6.11,-490.2,green,7.0,30.0,2026-09-25,2026-10-01,2026-10-02 08:14:33
DM-11-06-17-01,2025-09,96.344,98.968,-2.65,-2.62,green,3737.96,4176.33,-10.5,-438.37,green,7.0,30.0,2026-09-25,2026-10-01,2026-10-02 08:14:33
DM-11-06-18-01,2025-09,62.938,,,,gray,2425.13,2672.12,-9.24,-246.99,green,7.0,30.0,2026-09-25,2026-10-01,2026-10-02 08:14:33
DM-11-06-18-02,2025-09,78.33,72.474,8.08,5.86,yellow,2924.36,2922.09,0.08,2.27,green,7.0,30.0,2026-09-25,2026-10-01,2026-10-02 08:14:33
DM-11-06-19-01,2025-09,43.911,43.157,1.75,0.75,green,1876.35,1990.04,-5.71,-113.69,green,7.0,30.0,2026-09-25,2026-10-01,2026-10-02 08:14:33
DM-11-06-19-02,2025-09,124.082,,,,gray,4769.2,4446.42,7.26,322.78,yellow,7.0,30.0,2026-09-25,2026-10-01,2026-10-02 08:14:33
DM-11-06-24-01,2025-09,96.163,78.058,23.19,18.1,red,2720.36,2492.83,9.13,227.53,yellow,7.0,30.0,2026-09-25,2026-10-01,2026-10-02 08:14:33
DM-11-06-24-02,2025-09,211.811,224.397,-5.61,-12.59,green,6733.84,6958.54,-3.23,-224.7,green,7.0,30.0,2026-09-25,2026-10-01,2026-10-02 08:14:33
DM-11-06-25-01,2025-09,247.703,,,,gray,10117.46,9858.98,2.62,258.48,green,7.0,30.0,2026-09-25,2026-10-01,2026-10-02 08:14:33
DM-11-07-47-01,2025-09,102.191,89.833,13.76,12.36,yellow,5240.61,5204.56,0.69,36.05,green,7.0,30.0,2026-09-25,2026-10-01,2026-10-02 08:14:33
DM-11-07-47-02,2025-09,84.21,93.128,-9.58,-8.92,green,3362.89,4237.4,-20.64,-874.51,green,7.0,30.0,2026-09-25,2026-10-01,2026-10-02 08:14:33
DM-11-07-48-01,2025-09,36.006,31.331,14.92,4.68,yellow,1477.04,1662.24,-11.14,-185.2,green,7.0,30.0,2026-09-25,2026-10-01,2026-10-02 08:14:33
DM-11-07-49-02,2025-09,47.6,38.093,24.96,9.51,red,1609.31,1685.86,-4.54,-76.55,green,7.0,30.0,2026-09-25,2026-10-01,2026-10-02 08:14:33
DM-11-07-50-01,2025-09,135.931,145.618,-6.65,-9.69,green,5598.53,5845.19,-4.22,-246.66,green,7.0,30.0,2026-09-25,2026-10-01,2026-10-02 08:14:33
DM-11-07-51-01,2025-09,241.44,210.574,14.66,30.87,yellow,8770.53,8075.16,8.61,695.37,yellow,7.0,30.0,2026-09-25,2026-10-01,2026-10-02 08:14:33
DM-11-07-52-01,2025-09,119.7,106.955,11.92,12.75,yellow,5666.49,5666.11,0.01,0.38,green,7.0,30.0,2026-09-25,2026-10-01,2026-10-02 08:14:33
DM-11-07-52-02,2025-09,,,,,gray,2696.64,1473.7,82.98,1222.94,red,7.0,30.0,2026-09-25,2026-10-01,2026-10-02 08:14:33
DM-11-07-53-02,2025-09,0.0,0.0,,,gray,0.0,0.0,,,gray,7.0,30.0,2026-09-25,2026-10-01,2026-10-02 08:14:33
DM-11-07-53-03,2025-09,157.289,,,,gray,6986.55,6885.77,1.46,100.78,green,7.0,30.0,2026-09-25,2026-10-01,2026-10-02 08:14:33
DM-11-07-53-05,2025-09,93.584,78.269,19.57,15.31,yellow,3876.67,3238.02,19.72,638.65,yellow,7.0,30.0,2026-09-25,2026-10-01,2026-10-02 08:14:33
DM-11-07-54-01,2025-09,24.506,19.034,28.75,5.47,red,1432.5,1335.83,7.24,96.67,yellow,7.0,30.0,2026-09-25,2026-10-01,2026-10-02 08:14:33
DM-11-07-54-02,2025-09,92.061,72.84,26.39,19.22,red,4469.38,4124.03,8.37,345.35,yellow,7.0,30.0,2026-09-25,2026-10-01,2026-10-02 08:14:33
DM-11-07-55-01,2025-09,94.288,70.113,34.48,24.17,red,4031.88,3646.9,10.56,384.98,yellow,7.0,30.0,2026-09-25,2026-10-01,2026-10-02 08:14:33
DM-11-07-56-01,2025-09,83.863,67.526,24.19,16.34,red,3787.95,3574.32,5.98,213.63,yellow,7.0,30.0,2026-09-25,2026-10-01,2026-10-02 08:14:33
DM-11-07-56-02,2025-09,0.0,0.097,-100.0,-0.1,green,0.0,3.34,-100.0,-3.34,green,7.0,30.0,2026-09-25,2026-10-01,2026-10-02 08:14:33
DM-11-07-57-01,2025-09,52.779,54.936,-3.93,-2.16,green,2644.92,2888.63,-8.44,-243.71,green,7.0,30.0,2026-09-25,2026-10-01,2026-10-02 08:14:33
DM-11-07-57-02,2025-09,25.648,,,,gray,1593.24,1524.81,4.49,68.43,green,7.0,30.0,2026-09-25,2026-10-01,2026-10-02 08:14:33
DM-11-08-07-01,2025-09,0.0,0.266,-100.0,-0.27,green,0.82,6.0,-86.33,-5.18,green,7.0,30.0,2026-09-25,2026-10-01,2026-10-02 08:14:33
DM-11-08-07-02,2025-09,,,,,gray,12512.07,8812.0,41.99,3700.07,red,7.0,30.0,2026-09-25,2026-10-01,2026-10-02 08:14:33
DM-11-08-08-02,2025-09,17.827,,,,gray,1041.04,1155.04,-9.87,-114.0,green,7.0,30.0,2026-09-25,2026-10-01,2026-10-02 08:14:33
DM-11-08-08-03,2025-09,36.629,121.618,-69.88,-84.99,green,1703.02,6209.44,-72.57,-4506.42,green,7.0,30.0,2026-09-25,2026-10-01,2026-10-02 08:14:33
DM-11-08-12-01,2025-09,54.415,51.323,6.02,3.09,yellow,2064.73,2162.3,-4.51,-97.57,green,7.0,30.0,2026-09-25,2026-10-01,2026-10-02 08:14:33
DM-11-08-12-02,2025-09,107.131,,,,gray,4084.61,4280.48,-4.58,-195.87,green,7.0,30.0,2026-09-25,2026-10-01,2026-10-02 08:14:33
DM-11-08-13-01,2025-09,25.344,24.23,4.6,1.11,green,1187.66,1168.52,1.64,19.14,green,7.0,30.0,2026-09-25,2026-10-01,2026-10-02 08:14:33
DM-11-08-13-02,2025-09,53.331,43.878,21.54,9.45,red,2066.33,2146.72,-3.74,-80.39,green,7.0,30.0,2026-09-25,2026-10-01,2026-10-02 08:14:33
DM-11-08-14-01,2025-09,194.557,,,,gray,7875.62,9858.4,-20.11,-1982.78,green,7.0,30.0,2026-09-25,2026-10-01,2026-10-02 08:14:33
DM-11-08-16-01,2025-09,131.731,143.663,-8.31,-11.93,green,6464.53,7486.41,-13.65,-1021.88,green,7.0,30.0,2026-09-25,2026-10-01,2026-10-02 08:14:33
DM-11-08-20-01,2025-09,100.04,79.487,25.86,20.55,red,4589.56,4199.97,9.28,389.59,yellow,7.0,30.0,2026-09-25,2026-10-01,2026-10-02 08:14:33
DM-11-08-21-01,2025-09,179.665,142.576,26.01,37.09,red,6339.92,5641.09,12.39,698.83,yellow,7.0,30.0,2026-09-25,2026-10-01,2026-10-02 08:14:33
DM-11-08-22-01,2025-09,91.131,,,,gray,4343.83,5779.91,-24.85,-1436.08,green,7.0,30.0,2026-09-25,2026-10-01,2026-10-02 08:14:33
DM-11-08-23-01,2025-09,48.574,52.525,-7.52,-3.95,green,2191.04,2332.46,-6.06,-141.42,green,7.0,30.0,2026-09-25,2026-10-01,2026-10-02 08:14:33
DM-11-10-58-01,2025-09,60.578,65.646,-7.72,-5.07,green,2968.77,3112.24,-4.61,-143.47,green,7.0,30.0,2026-09-25,2026-10-01,2026-10-02 08:14:33
DM-11-10-58-02,2025-09,130.149,109.756,18.58,20.39,yellow,4634.37,4122.94,12.4,511.43,yellow,7.0,30.0,2026-09-25,2026-10-01,2026-10-02 08:14:33
DM-11-10-59-01,2025-09,102.724,68.255,50.5,34.47,red,4215.12,3489.73,20.79,725.39,red,7.0,30.0,2026-09-25,2026-10-01,2026-10-02 08:14:33
DM-11-10-60-01,2025-09,57.464,55.99,2.63,1.47,green,2520.89,2809.74,-10.28,-288.85,green,7.0,30.0,2026-09-25,2026-10-01,2026-10-02 08:14:33
DM-11-10-61-01,2025-09,56.54,66.996,-15.61,-10.46,green,2463.62,2656.13,-7.25,-192.51,green,7.0,30.0,2026-09-25,2026-10-01,2026-10-02 08:14:33
DM-11-10-62-01,2025-09,128.11,119.885,6.86,8.23,yellow,5316.95,4671.53,13.82,645.42,yellow,7.0,30.0,2026-09-25,2026-10-01,2026-10-02 08:14:33
DM-11-10-62-02,2025-09,0.0,0.0,,,gray,0.0,0.0,,,gray,7.0,30.0,2026-09-25,2026-10-01,2026-10-02 08:14:33
DM-11-10-63-01,2025-09,106.133,114.251,-7.11,-8.12,green,4842.8,5063.74,-4.36,-220.94,green,7.0,30.0,2026-09-25,2026-10-01,2026-10-02 08:14:33
DM-11-10-64-01,2025-09,29.978,47.835,-37.33,-17.86,green,1581.37,2092.15,-24.41,-510.78,green,7.0,30.0,2026-09-25,2026-10-01,2026-10-02 08:14:33
DM-11-10-65-01,2025-09,128.541,124.297,3.41,4.24,green,5258.58,5349.86,-1.71,-91.28,green,7.0,30.0,2026-09-25,2026-10-01,2026-10-02 08:14:33
DM-11-10-65-02,2025-09,11.275,12.958,-12.99,-1.68,green,450.66,602.0,-25.14,-151.34,green,7.0,30.0,2026-09-25,2026-10-01,2026-10-02 08:14:33
DM-11-10-66-01,2025-09,107.372,167.781,-36.0,-60.41,green,5022.42,6605.42,-23.97,-1583.0,green,7.0,30.0,2026-09-25,2026-10-01,2026-10-02 08:14:33
DM-11-10-66-02,2025-09,12.113,12.135,-0.18,-0.02,green,542.23,646.37,-16.11,-104.14,green,7.0,30.0,2026-09-25,2026-10-01,2026-10-02 08:14:33
DM-11-10-67-01,2025-09,517.774,517.76,0.0,0.01,green,11097.6,12429.15,-10.71,-1331.55,green,7.0,30.0,2026-09-25,2026-10-01,2026-10-02 08:14:33
DM-11-10-67-03,2025-09,0.0,0.071,-100.0,-0.07,green,0.0,0.74,-100.0,-0.74,green,7.0,30.0,2026-09-25,2026-10-01,2026-10-02 08:14:33
DM-11-10-68-01,2025-09,0.0,0.0,,,gray,0.0,0.0,,,gray,7.0,30.0,2026-09-25,2026-10-01,2026-10-02 08:14:33
DM-11-10-68-02,2025-09,0.0,1.007,-100.0,-1.01,green,0.0,107.15,-100.0,-107.15,green,7.0,30.0,2026-09-25,2026-10-01,2026-10-02 08:14:33
DM-11-10-68-03,2025-09,11.021,8.47,30.12,2.55,red,510.95,380.55,34.27,130.4,red,7.0,30.0,2026-09-25,2026-10-01,2026-10-02 08:14:33
DM-11-10-68-04,2025-09,0.0,0.0,,,gray,0.0,0.0,,,gray,7.0,30.0,2026-09-25,2026-10-01,2026-10-02 08:14:33
DM-11-10-69-01,2025-09,44.369,32.603,36.09,11.77,red,1885.47,1745.83,8.0,139.64,yellow,7.0,30.0,2026-09-25,2026-10-01,2026-10-02 08:14:33
DM-11-10-69-02,2025-09,108.116,52.846,104.59,55.27,red,3909.17,3421.74,14.25,487.43,yellow,7.0,30.0,2026-09-25,2026-10-01,2026-10-02 08:14:33
DM-11-10-70-01,2025-09,0.0,66.622,-100.0,-66.62,green,0.0,1100.98,-100.0,-1100.98,green,7.0,30.0,2026-09-25,2026-10-01,2026-10-02 08:14:33
DM-11-10-70-02,2025-09,6.802,12.703,-46.45,-5.9,green,495.09,652.38,-24.11,-157.29,green,7.0,30.0,2026-09-25,2026-10-01,2026-10-02 08:14:33
DM-11-10-71-01,2025-09,63.358,85.974,-26.31,-22.62,green,2949.0,4184.98,-29.53,-1235.98,green,7.0,30.0,2026-09-25,2026-10-01,2026-10-02 08:14:33
DM-11-10-71-02,2025-09,46.089,,,,gray,1675.21,710.8,135.68,964.41,red,7.0,30.0,2026-09-25,2026-10-01,2026-10-02 08:14:33
DM-11-10-72-01,2025-09,0.523,0.185,182.7,0.34,red,12.05,4.73,154.76,7.32,red,7.0,30.0,2026-09-25,2026-10-01,2026-10-02 08:14:33
DM-11-10-72-02,2025-09,14.536,4.076,256.62,10.46,red,757.82,704.01,7.64,53.81,yellow,7.0,30.0,2026-09-25,2026-10-01,2026-10-02 08:14:33
DM-11-10-72-03,2025-09,39.584,5.487,621.41,34.1,red,860.78,126.66,579.6,734.12,red,7.0,30.0,2026-09-25,2026-10-01,2026-10-02 08:14:33
DM-11-10-73-02,2025-09,10.524,11.086,-5.07,-0.56,green,558.8,514.84,8.54,43.96,yellow,7.0,30.0,2026-09-25,2026-10-01,2026-10-02 08:14:33
DM-11-10-73-03,2025-09,0.023,0.0,,,gray,0.43,0.0,,,gray,7.0,30.0,2026-09-25,2026-10-01,2026-10-02 08:14:33
DM-11-10-73-04,2025-09,0.292,0.623,-53.13,-0.33,green,7.38,16.2,-54.44,-8.82,green,7.0,30.0,2026-09-25,2026-10-01,2026-10-02 08:14:33
DM-12-01-01-01,2025-09,128.562,104.94,22.51,23.62,red,3181.33,2512.13,26.64,669.2,red,7.0,30.0,2026-09-25,2026-10-01,2026-10-02 08:14:33
DM-12-01-01-02,2025-09,106.731,140.582,-24.08,-33.85,green,3812.92,3681.87,3.56,131.05,green,7.0,30.0,2026-09-25,2026-10-01,2026-10-02 08:14:33
DM-12-01-02-01,2025-09,82.757,72.54,14.08,10.22,yellow,3180.33,2920.95,8.88,259.38,yellow,7.0,30.0,2026-09-25,2026-10-01,2026-10-02 08:14:33
DM-12-01-02-02,2025-09,0.0,43.066,-100.0,-43.07,green,0.0,1869.34,-100.0,-1869.34,green,7.0,30.0,2026-09-25,2026-10-01,2026-10-02 08:14:33
DM-12-01-03-02,2025-09,78.988,77.765,1.57,1.22,green,3200.08,3132.79,2.15,67.29,green,7.0,30.0,2026-09-25,2026-10-01,2026-10-02 08:14:33
DM-12-01-04-01,2025-09,3.524,,,,gray,150.79,,,,gray,7.0,,2026-09-25,2026-10-01,2026-10-02 08:14:33
DM-12-01-04-02,2025-09,0.0,0.0,,,gray,0.0,0.0,,,gray,7.0,30.0,2026-09-25,2026-10-01,2026-10-02 08:14:33
DM-12-01-05-01,2025-09,105.077,89.813,17.0,15.26,yellow,4339.19,4072.35,6.55,266.84,yellow,7.0,30.0,2026-09-25,2026-10-01,2026-10-02 08:14:33
DM-12-01-05-02,2025-09,0.0,0.0,,,gray,0.0,0.0,,,gray,7.0,30.0,2026-09-25,2026-10-01,2026-10-02 08:14:33
DM-12-01-05-03,2025-09,5.207,5.215,-0.15,-0.01,green,115.13,129.01,-10.76,-13.88,green,7.0,30.0,2026-09-25,2026-10-01,2026-10-02 08:14:33
DM-12-01-06-01,2025-09,36.924,,,,gray,1856.38,1619.98,14.59,236.4,yellow,7.0,30.0,2026-09-25,2026-10-01,2026-10-02 08:14:33
DM-12-01-06-02,2025-09,0.0,0.0,,,gray,0.0,0.0,,,gray,7.0,30.0,2026-09-25,2026-10-01,2026-10-02 08:14:33
DM-12-01-07-01,2025-09,110.623,78.864,40.27,31.76,red,3975.49,2929.3,35.71,1046.19,red,7.0,30.0,2026-09-25,2026-10-01,2026-10-02 08:14:33
DM-12-01-08-01,2025-09,130.707,105.893,23.43,24.81,red,4818.45,4205.0,14.59,613.45,yellow,7.0,30.0,2026-09-25,2026-10-01,2026-10-02 08:14:33
DM-12-01-09-01,2025-09,0.0,0.0,,,gray,0.0,0.0,,,gray,7.0,30.0,2026-09-25,2026-10-01,2026-10-02 08:14:33
DM-12-02-01-01,2025-09,0.0,0.0,,,gray,0.0,0.0,,,gray,7.0,30.0,2026-09-25,2026-10-01,2026-10-02 08:14:33
DM-12-02-01-02,2025-09,103.222,,,,gray,3951.67,3195.05,23.68,756.62,red,7.0,30.0,2026-09-25,2026-10-01,2026-10-02 08:14:33
DM-12-02-02-01,2025-09,0.0,0.0,,,gray,0.0,0.0,,,gray,7.0,30.0,2026-09-25,2026-10-01,2026-10-02 08:14:33
DM-12-02-02-02,2025-09,48.26,34.935,38.14,13.32,red,1928.75,1551.73,24.3,377.02,red,7.0,30.0,2026-09-25,2026-10-01,2026-10-02 08:14:33
DM-12-02-02-03,2025-09,47.484,,,,gray,1565.42,,,,gray,7.0,,2026-09-25,2026-10-01,2026-10-02 08:14:33
DM-12-02-03-01,2025-09,126.365,0.0,,,gray,4451.35,0.0,,,gray,7.0,30.0,2026-09-25,2026-10-01,2026-10-02 08:14:33
DM-12-02-04-01,2025-09,260.53,235.171,10.78,25.36,yellow,9565.25,8863.54,7.92,701.71,yellow,7.0,30.0,2026-09-25,2026-10-01,2026-10-02 08:14:33
DM-12-02-05-01,2025-09,0.0,48.214,-100.0,-48.21,green,0.0,2097.53,-100.0,-2097.53,green,7.0,30.0,2026-09-25,2026-10-01,2026-10-02 08:14:33
DM-12-02-06-01,2025-09,130.687,118.59,10.2,12.1,yellow,4476.21,4626.41,-3.25,-150.2,green,7.0,30.0,2026-09-25,2026-10-01,2026-10-02 08:14:33
DM-12-02-06-02,2025-09,0.0,0.0,,,gray,0.0,0.0,,,gray,7.0,30.0,2026-09-25,2026-10-01,2026-10-02 08:14:33
DM-12-02-07-01,2025-09,112.959,,,,gray,4495.39,5379.76,-16.44,-884.37,green,7.0,30.0,2026-09-25,2026-10-01,2026-10-02 08:14:33
DM-12-02-07-02,2025-09,111.809,143.204,-21.92,-31.4,green,5083.09,6030.13,-15.71,-947.04,green,7.0,30.0,2026-09-25,2026-10-01,2026-10-02 08:14:33
DM-12-02-08-01,2025-09,122.619,85.366,43.64,37.25,red,4138.6,3258.7,27.0,879.9,red,7.0,30.0,2026-09-25,2026-10-01,2026-10-02 08:14:33
DM-12-02-08-02,2025-09,80.152,124.656,-35.7,-44.5,green,3221.51,5392.79,-40.26,-2171.28,green,7.0,30.0,2026-09-25,2026-10-01,2026-10-02 08:14:33
DM-12-03-01-01,2025-09,101.719,90.939,11.85,10.78,yellow,3919.53,3572.23,9.72,347.3,yellow,7.0,30.0,2026-09-25,2026-10-01,2026-10-02 08:14:33
DM-12-03-01-02,2025-09,92.917,,,,gray,3099.59,3612.59,-14.2,-513.0,green,7.0,30.0,2026-09-25,2026-10-01,2026-10-02 08:14:33
DM-12-03-02-01,2025-09,0.0,68.259,-100.0,-68.26,green,0.0,2427.48,-100.0,-2427.48,green,7.0,30.0,2026-09-25,2026-10-01,2026-10-02 08:14:33
DM-12-03-02-02,2025-09,35.712,46.799,-23.69,-11.09,green,1772.5,2067.65,-14.27,-295.15,green,7.0,30.0,2026-09-25,2026-10-01,2026-10-02 08:14:33
DM-12-03-03-01,2025-09,500.0,287.168,74.11,212.83,red,10714.29,6782.72,57.96,3931.57,red,7.0,30.0,2026-09-25,2026-10-01,2026-10-02 08:14:33
DM-12-03-04-01,2025-09,17.066,25.525,-33.14,-8.46,green,606.29,955.96,-36.58,-349.67,green,7.0,30.0,2026-09-25,2026-10-01,2026-10-02 08:14:33
DM-12-03-04-02,2025-09,72.974,,,,gray,2784.67,2974.47,-6.38,-189.8,green,7.0,30.0,2026-09-25,2026-10-01,2026-10-02 08:14:33
DM-12-03-04-03,2025-09,161.779,165.593,-2.3,-3.81,green,5872.46,5800.3,1.24,72.16,green,7.0,30.0,2026-09-25,2026-10-01,2026-10-02 08:14:33
DM-12-03-05-01,2025-09,67.09,157.425,-57.38,-90.34,green,2547.35,3291.61,-22.61,-744.26,green,7.0,30.0,2026-09-25,2026-10-01,2026-10-02 08:14:33
DM-12-03-06-01,2025-09,80.964,117.055,-30.83,-36.09,green,2946.4,4012.44,-26.57,-1066.04,green,7.0,30.0,2026-09-25,2026-10-01,2026-10-02 08:14:33
DM-12-03-06-02,2025-09,0.0,0.0,,,gray,0.0,0.0,,,gray,7.0,30.0,2026-09-25,2026-10-01,2026-10-02 08:14:33
DM-12-03-07-01,2025-09,76.46,93.77,-18.46,-17.31,green,2945.33,2155.91,36.62,789.42,red,7.0,30.0,2026-09-25,2026-10-01,2026-10-02 08:14:33
DM-12-03-08-01,2025-09,36.776,43.643,-15.73,-6.87,green,1645.3,1801.38,-8.66,-156.08,green,7.0,30.0,2026-09-25,2026-10-01,2026-10-02 08:14:33
DM-12-03-08-02,2025-09,72.885,155.003,-52.98,-82.12,green,3265.64,3836.17,-14.87,-570.53,green,7.0,30.0,2026-09-25,2026-10-01,2026-10-02 08:14:33
DM-12-03-09-01,2025-09,179.786,53.997,232.96,125.79,red,3634.11,1220.04,197.87,2414.07,red,7.0,30.0,2026-09-25,2026-10-01,2026-10-02 08:14:33
DM-12-03-09-02,2025-09,517.92,517.776,0.03,0.14,green,12423.45,12414.83,0.07,8.62,green,7.0,30.0,2026-09-25,2026-10-01,2026-10-02 08:14:33
DM-12-03-10-01,2025-09,49.88,,,,gray,2053.5,1932.39,6.27,121.11,yellow,7.0,30.0,2026-09-25,2026-10-01,2026-10-02 08:14:33
DM-12-03-11-01,2025-09,72.08,,,,gray,4120.2,1751.34,135.26,2368.86,red,7.0,30.0,2026-09-25,2026-10-01,2026-10-02 08:14:33
DM-12-04-01-01,2025-09,47.38,47.355,0.05,0.03,green,1898.25,1997.29,-4.96,-99.04,green,7.0,30.0,2026-09-25,2026-10-01,2026-10-02 08:14:33
DM-12-04-01-02,2025-09,0.0,95.243,-100.0,-95.24,green,0.0,3337.87,-100.0,-3337.87,green,7.0,30.0,2026-09-25,2026-10-01,2026-10-02 08:14:33
DM-12-04-02-01,2025-09,0.0,0.0,,,gray,0.0,0.0,,,gray,7.0,30.0,2026-09-25,2026-10-01,2026-10-02 08:14:33
DM-12-04-02-02,2025-09,116.107,99.182,17.06,16.92,yellow,3821.19,3683.7,3.73,137.49,green,7.0,30.0,2026-09-25,2026-10-01,2026-10-02 08:14:33
DM-12-04-02-03,2025-09,0.0,0.0,,,gray,0.0,0.0,,,gray,7.0,30.0,2026-09-25,2026-10-01,2026-10-02 08:14:33
DM-12-04-03-01,2025-09,59.514,81.925,-27.36,-22.41,green,2959.17,4033.34,-26.63,-1074.17,green,7.0,30.0,2026-09-25,2026-10-01,2026-10-02 08:14:33
DM-12-04-03-02,2025-09,22.906,24.299,-5.73,-1.39,green,946.96,1011.36,-6.37,-64.4,green,7.0,30.0,2026-09-25,2026-10-01,2026-10-02 08:14:33
DM-12-04-03-03,2025-09,54.209,,,,gray,1600.66,,,,gray,7.0,,2026-09-25,2026-10-01,2026-10-02 08:14:33
DM-12-04-04-01,2025-09,0.049,0.049,0.0,0.0,green,1.07,1.2,-10.83,-0.13,green,7.0,30.0,2026-09-25,2026-10-01,2026-10-02 08:14:33
DM-12-04-04-02,2025-09,0.0,0.0,,,gray,0.0,0.0,,,gray,7.0,30.0,2026-09-25,2026-10-01,2026-10-02 08:14:33
DM-12-04-04-03,2025-09,122.785,,,,gray,5953.82,5630.95,5.73,322.87,yellow,7.0,30.0,2026-09-25,2026-10-01,2026-10-02 08:14:33
DM-12-04-05-01,2025-09,59.068,73.556,-19.7,-14.49,green,2754.49,3475.09,-20.74,-720.6,green,7.0,30.0,2026-09-25,2026-10-01,2026-10-02 08:14:33
DM-12-04-05-02,2025-09,142.269,189.432,-24.9,-47.16,green,5790.33,6227.34,-7.02,-437.01,green,7.0,30.0,2026-09-25,2026-10-01,2026-10-02 08:14:33
DM-12-04-06-01,2025-09,0.0,0.0,,,gray,0.0,0.0,,,gray,7.0,30.0,2026-09-25,2026-10-01,2026-10-02 08:14:33
DM-12-04-06-02,2025-09,0.0,60.276,-100.0,-60.28,green,7.09,2276.01,-99.69,-2268.92,green,7.0,30.0,2026-09-25,2026-10-01,2026-10-02 08:14:33
DM-12-04-06-03,2025-09,0.116,307.69,-99.96,-307.57,green,0.88,6398.38,-99.99,-6397.5,green,7.0,30.0,2026-09-25,2026-10-01,2026-10-02 08:14:33
DM-12-04-07-01,2025-09,153.496,141.674,8.34,11.82,yellow,5775.97,5258.14,9.85,517.83,yellow,7.0,30.0,2026-09-25,2026-10-01,2026-10-02 08:14:33
DM-12-04-07-02,2025-09,107.68,173.165,-37.82,-65.48,green,3843.08,4429.68,-13.24,-586.6,green,7.0,30.0,2026-09-25,2026-10-01,2026-10-02 08:14:33
DM-12-04-08-01,2025-09,124.232,123.727,0.41,0.5,green,4466.92,4467.08,-0.0,-0.16,green,7.0,30.0,2026-09-25,2026-10-01,2026-10-02 08:14:33
DM-12-04-09-01,2025-09,47.51,,,,gray,1875.07,2405.03,-22.04,-529.96,green,7.0,30.0,2026-09-25,2026-10-01,2026-10-02 08:14:33
DM-12-05-01-01,2025-09,103.036,109.629,-6.01,-6.59,green,4684.22,4544.05,3.08,140.17,green,7.0,30.0,2026-09-25,2026-10-01,2026-10-02 08:14:33
DM-12-05-02-01,2025-09,,,,,gray,3845.59,3812.79,0.86,32.8,green,7.0,30.0,2026-09-25,2026-10-01,2026-10-02 08:14:33
DM-12-05-03-01,2025-09,118.78,,,,gray,5122.24,4600.64,11.34,521.6,yellow,7.0,30.0,2026-09-25,2026-10-01,2026-10-02 08:14:33
DM-12-05-04-01,2025-09,36.13,30.585,18.13,5.55,yellow,1269.05,1142.7,11.06,126.35,yellow,7.0,30.0,2026-09-25,2026-10-01,2026-10-02 08:14:33
DM-12-05-05-01,2025-09,0.0,0.0,,,gray,0.0,0.0,,,gray,7.0,30.0,2026-09-25,2026-10-01,2026-10-02 08:14:33
DM-12-05-05-02,2025-09,12.425,17.652,-29.61,-5.23,green,1077.73,483.23,123.03,594.5,red,7.0,30.0,2026-09-25,2026-10-01,2026-10-02 08:14:33
DM-12-05-05-03,2025-09,46.206,41.005,12.68,5.2,yellow,1765.75,1720.36,2.64,45.39,green,7.0,30.0,2026-09-25,2026-10-01,2026-10-02 08:14:33
DM-12-05-06-02,2025-09,92.865,142.903,-35.02,-50.04,green,3708.22,2759.35,34.39,948.87,red,7.0,30.0,2026-09-25,2026-10-01,2026-10-02 08:14:33
DM-12-05-07-01,2025-09,82.359,77.745,5.93,4.61,yellow,3400.85,3537.69,-3.87,-136.84,green,7.0,30.0,2026-09-25,2026-10-01,2026-10-02 08:14:33
DM-12-05-08-01,2025-09,0.0,0.0,,,gray,0.0,0.0,,,gray,7.0,30.0,2026-09-25,2026-10-01,2026-10-02 08:14:33
DM-12-05-08-02,2025-09,0.0,0.0,,,gray,0.0,0.0,,,gray,7.0,30.0,2026-09-25,2026-10-01,2026-10-02 08:14:33
DM-12-05-09-01,2025-09,91.306,252.061,-63.78,-160.75,green,3745.89,5156.63,-27.36,-1410.74,green,7.0,30.0,2026-09-25,2026-10-01,2026-10-02 08:14:33
DM-12-05-09-02,2025-09,38.688,6.596,486.54,32.09,red,1131.85,692.22,63.51,439.63,red,7.0,30.0,2026-09-25,2026-10-01,2026-10-02 08:14:33
DM-12-05-10-01,2025-09,125.137,125.727,-0.47,-0.59,green,5142.98,4760.31,8.04,382.67,yellow,7.0,30.0,2026-09-25,2026-10-01,2026-10-02 08:14:33
DM-12-06-01-01,2025-09,111.062,,,,gray,4556.91,2421.88,88.16,2135.03,red,7.0,30.0,2026-09-25,2026-10-01,2026-10-02 08:14:33
DM-12-06-01-02,2025-09,0.295,78.956,-99.63,-78.66,green,6.28,1572.4,-99.6,-1566.12,green,7.0,30.0,2026-09-25,2026-10-01,2026-10-02 08:14:33
DM-12-06-02-01,2025-09,37.488,27.112,38.27,10.38,red,1445.9,1202.99,20.19,242.91,red,7.0,30.0,2026-09-25,2026-10-01,2026-10-02 08:14:33
DM-12-06-02-02,2025-09,76.556,76.702,-0.19,-0.15,green,3017.65,2917.27,3.44,100.38,green,7.0,30.0,2026-09-25,2026-10-01,2026-10-02 08:14:33
DM-12-06-02-03,2025-09,81.15,62.919,28.98,18.23,red,2718.42,2583.6,5.22,134.82,yellow,7.0,30.0,2026-09-25,2026-10-01,2026-10-02 08:14:33
DM-12-06-03-01,2025-09,0.0,0.0,,,gray,0.0,0.0,,,gray,7.0,30.0,2026-09-25,2026-10-01,2026-10-02 08:14:33
DM-12-06-03-02,2025-09,103.055,79.791,29.16,23.26,red,4434.28,3897.62,13.77,536.66,yellow,7.0,30.0,2026-09-25,2026-10-01,2026-10-02 08:14:33
DM-12-06-04-01,2025-09,58.152,50.244,15.74,7.91,yellow,2478.96,2313.78,7.14,165.18,yellow,7.0,30.0,2026-09-25,2026-10-01,2026-10-02 08:14:33
DM-12-06-05-01,2025-09,96.034,159.048,-39.62,-63.01,green,2321.56,4065.87,-42.9,-1744.31,green,7.0,30.0,2026-09-25,2026-10-01,2026-10-02 08:14:33
DM-12-06-06-01,2025-09,517.92,46.472,1014.48,471.45,red,12429.79,2058.44,503.85,10371.35,red,7.0,30.0,2026-09-25,2026-10-01,2026-10-02 08:14:33
DM-12-06-07-01,2025-09,34.345,,,,gray,1851.52,1814.42,2.04,37.1,green,7.0,30.0,2026-09-25,2026-10-01,2026-10-02 08:14:33
DM-12-06-07-02,2025-09,83.636,78.684,6.29,4.95,yellow,3528.67,3997.28,-11.72,-468.61,green,7.0,30.0,2026-09-25,2026-10-01,2026-10-02 08:14:33
DM-12-06-08-01,2025-09,25.992,105.142,-75.28,-79.15,green,1429.89,2061.95,-30.65,-632.06,green,7.0,30.0,2026-09-25,2026-10-01,2026-10-02 08:14:33
DM-12-06-09-01,2025-09,29.633,29.427,0.7,0.21,green,1355.9,1526.56,-11.18,-170.66,green,7.0,30.0,2026-09-25,2026-10-01,2026-10-02 08:14:33
DM-12-06-10-01,2025-09,0.0,18.719,-100.0,-18.72,green,0.0,793.99,-100.0,-793.99,green,7.0,30.0,2026-09-25,2026-10-01,2026-10-02 08:14:33
DM-12-06-11-01,2025-09,43.421,43.002,0.97,0.42,green,1253.23,1599.78,-21.66,-346.55,green,7.0,30.0,2026-09-25,2026-10-01,2026-10-02 08:14:33
DM-12-07-01-01,2025-09,0.0,0.0,,,gray,0.0,0.0,,,gray,7.0,30.0,2026-09-25,2026-10-01,2026-10-02 08:14:33
DM-12-07-01-02,2025-09,0.0,0.0,,,gray,0.0,0.0,,,gray,7.0,30.0,2026-09-25,2026-10-01,2026-10-02 08:14:33
DM-12-07-02-01,2025-09,0.0,0.0,,,gray,0.0,0.0,,,gray,7.0,30.0,2026-09-25,2026-10-01,2026-10-02 08:14:33
DM-12-07-02-03,2025-09,28.716,0.0,,,gray,1094.76,0.0,,,gray,7.0,30.0,2026-09-25,2026-10-01,2026-10-02 08:14:33
DM-12-07-03-01,2025-09,91.262,,,,gray,3522.69,4824.28,-26.98,-1301.59,green,7.0,30.0,2026-09-25,2026-10-01,2026-10-02 08:14:33
DM-12-07-03-02,2025-09,54.832,57.645,-4.88,-2.81,green,2396.57,1522.52,57.41,874.05,red,7.0,30.0,2026-09-25,2026-10-01,2026-10-02 08:14:33
DM-12-07-03-03,2025-09,,,,,gray,789.18,655.37,20.42,133.81,red,7.0,30.0,2026-09-25,2026-10-01,2026-10-02 08:14:33
DM-12-07-04-01,2025-09,30.086,30.585,-1.63,-0.5,green,1829.6,2145.59,-14.73,-315.99,green,7.0,30.0,2026-09-25,2026-10-01,2026-10-02 08:14:33
DM-12-07-04-02,2025-09,109.631,91.6,19.68,18.03,yellow,4868.75,5357.38,-9.12,-488.63,green,7.0,30.0,2026-09-25,2026-10-01,2026-10-02 08:14:33
DM-12-07-05-01,2025-09,121.232,182.843,-33.7,-61.61,green,4662.63,4901.39,-4.87,-238.76,green,7.0,30.0,2026-09-25,2026-10-01,2026-10-02 08:14:33
DM-12-07-06-01,2025-09,0.227,237.545,-99.9,-237.32,green,5.79,5929.02,-99.9,-5923.23,green,7.0,30.0,2026-09-25,2026-10-01,2026-10-02 08:14:33
DM-12-07-07-01,2025-09,0.0,515.122,-100.0,-515.12,green,0.0,12307.15,-100.0,-12307.15,green,7.0,30.0,2026-09-25,2026-10-01,2026-10-02 08:14:33
DM-12-07-08-01,2025-09,36.997,,,,gray,2077.25,2288.89,-9.25,-211.64,green,7.0,30.0,2026-09-25,2026-10-01,2026-10-02 08:14:33
DM-12-07-09-01,2025-09,75.989,,,,gray,3115.35,2348.65,32.64,766.7,red,7.0,30.0,2026-09-25,2026-10-01,2026-10-02 08:14:33
DM-12-07-10-01,2025-09,0.0,50.637,-100.0,-50.64,green,0.0,2121.77,-100.0,-2121.77,green,7.0,30.0,2026-09-25,2026-10-01,2026-10-02 08:14:33
DM-13-01-01-01,2025-09,113.214,88.032,28.61,25.18,red,4072.0,3958.56,2.87,113.44,green,7.0,30.0,2026-09-25,2026-10-01,2026-10-02 08:14:33
DM-13-01-01-02,2025-09,14.735,6.715,119.43,8.02,red,1639.26,1118.04,46.62,521.22,red,7.0,30.0,2026-09-25,2026-10-01,2026-10-02 08:14:33
DM-13-01-02-01,2025-09,0.05,56.522,-99.91,-56.47,green,1.2,2123.13,-99.94,-2121.93,green,7.0,30.0,2026-09-25,2026-10-01,2026-10-02 08:14:33
DM-13-01-03-01,2025-09,118.467,89.709,32.06,28.76,red,4223.86,3064.92,37.81,1158.94,red,7.0,30.0,2026-09-25,2026-10-01,2026-10-02 08:14:33
DM-13-01-03-02,2025-09,99.73,133.008,-25.02,-33.28,green,3619.66,4311.21,-16.04,-691.55,green,7.0,30.0,2026-09-25,2026-10-01,2026-10-02 08:14:33
DM-13-01-03-03,2025-09,19.525,62.123,-68.57,-42.6,green,1293.39,2265.58,-42.91,-972.19,green,7.0,30.0,2026-09-25,2026-10-01,2026-10-02 08:14:33
DM-13-01-04-01,2025-09,113.09,101.08,11.88,12.01,yellow,4167.39,3642.86,14.4,524.53,yellow,7.0,30.0,2026-09-25,2026-10-01,2026-10-02 08:14:33
DM-13-01-04-02,2025-09,141.104,108.321,30.26,32.78,red,5265.73,4066.53,29.49,1199.2,red,7.0,30.0,2026-09-25,2026-10-01,2026-10-02 08:14:33
DM-13-01-05-01,2025-09,228.206,143.393,59.15,84.81,red,7435.81,5246.89,41.72,2188.92,red,7.0,30.0,2026-09-25,2026-10-01,2026-10-02 08:14:33
DM-13-01-05-02,2025-09,,,,,gray,5801.94,6565.47,-11.63,-763.53,green,7.0,30.0,2026-09-25,2026-10-01,2026-10-02 08:14:33
DM-13-01-06-01,2025-09,124.736,106.919,16.66,17.82,yellow,4762.36,4323.06,10.16,439.3,yellow,7.0,30.0,2026-09-25,2026-10-01,2026-10-02 08:14:33
DM-13-01-06-02,2025-09,104.106,95.477,9.04,8.63,yellow,4184.22,4036.02,3.67,148.2,green,7.0,30.0,2026-09-25,2026-10-01,2026-10-02 08:14:33
DM-13-01-07-01,2025-09,4.748,3.778,25.67,0.97,red,182.25,154.24,18.16,28.01,yellow,7.0,30.0,2026-09-25,2026-10-01,2026-10-02 08:14:33
DM-13-01-07-02,2025-09,52.492,58.44,-10.18,-5.95,green,2312.43,2237.44,3.35,74.99,green,7.0,30.0,2026-09-25,2026-10-01,2026-10-02 08:14:33
DM-13-02-01-02,2025-09,27.278,23.179,17.68,4.1,yellow,1086.73,1021.11,6.43,65.62,yellow,7.0,30.0,2026-09-25,2026-10-01,2026-10-02 08:14:33
DM-13-02-01-03,2025-09,35.069,150.682,-76.73,-115.61,green,1926.53,4706.73,-59.07,-2780.2,green,7.0,30.0,2026-09-25,2026-10-01,2026-10-02 08:14:33
DM-13-02-02-01,2025-09,74.485,125.13,-40.47,-50.64,green,3425.27,3565.2,-3.92,-139.93,green,7.0,30.0,2026-09-25,2026-10-01,2026-10-02 08:14:33
DM-13-02-03-01,2025-09,93.904,86.977,7.96,6.93,yellow,3161.83,3587.47,-11.86,-425.64,green,7.0,30.0,2026-09-25,2026-10-01,2026-10-02 08:14:33
DM-13-02-03-02,2025-09,90.229,90.098,0.15,0.13,green,3202.58,3020.89,6.01,181.69,yellow,7.0,30.0,2026-09-25,2026-10-01,2026-10-02 08:14:33
DM-13-02-04-01,2025-09,98.247,83.547,17.59,14.7,yellow,3407.54,3207.36,6.24,200.18,yellow,7.0,30.0,2026-09-25,2026-10-01,2026-10-02 08:14:33
DM-13-02-04-02,2025-09,325.964,295.906,10.16,30.06,yellow,10152.48,8499.95,19.44,1652.53,yellow,7.0,30.0,2026-09-25,2026-10-01,2026-10-02 08:14:33
DM-13-02-04-03,2025-09,71.833,174.118,-58.74,-102.28,green,2838.3,5387.27,-47.31,-2548.97,green,7.0,30.0,2026-09-25,2026-10-01,2026-10-02 08:14:33
DM-13-02-04-04,2025-09,52.772,0.0,,,gray,1473.41,0.0,,,gray,7.0,30.0,2026-09-25,2026-10-01,2026-10-02 08:14:33
DM-13-02-04-05,2025-09,67.833,63.316,7.13,4.52,yellow,2260.93,2146.39,5.34,114.54,yellow,7.0,30.0,2026-09-25,2026-10-01,2026-10-02 08:14:33
DM-13-02-05-01,2025-09,175.226,180.429,-2.88,-5.2,green,6231.39,6121.57,1.79,109.82,green,7.0,30.0,2026-09-25,2026-10-01,2026-10-02 08:14:33
DM-13-02-05-02,2025-09,9.299,36.978,-74.85,-27.68,green,281.86,986.81,-71.44,-704.95,green,7.0,30.0,2026-09-25,2026-10-01,2026-10-02 08:14:33
DM-13-02-05-03,2025-09,19.554,59.87,-67.34,-40.32,green,1595.01,1646.76,-3.14,-51.75,green,7.0,30.0,2026-09-25,2026-10-01,2026-10-02 08:14:33
DM-13-02-06-01,2025-09,121.128,0.0,,,gray,4825.02,0.03,16083300.0,4824.99,red,7.0,30.0,2026-09-25,2026-10-01,2026-10-02 08:14:33
DM-13-02-06-04,2025-09,158.207,207.605,-23.79,-49.4,green,6556.92,7985.84,-17.89,-1428.92,green,7.0,30.0,2026-09-25,2026-10-01,2026-10-02 08:14:33
DM-13-02-07-01,2025-09,97.716,97.627,0.09,0.09,green,4000.15,4033.76,-0.83,-33.61,green,7.0,30.0,2026-09-25,2026-10-01,2026-10-02 08:14:33
DM-13-02-07-02,2025-09,29.136,19.042,53.01,10.09,red,1386.22,961.4,44.19,424.82,red,7.0,30.0,2026-09-25,2026-10-01,2026-10-02 08:14:33
DM-13-02-08-01,2025-09,309.215,309.419,-0.07,-0.2,green,6374.68,6126.74,4.05,247.94,green,7.0,30.0,2026-09-25,2026-10-01,2026-10-02 08:14:33
DM-13-02-08-02,2025-09,113.456,105.398,7.65,8.06,yellow,4350.46,4348.34,0.05,2.12,green,7.0,30.0,2026-09-25,2026-10-01,2026-10-02 08:14:33
DM-13-03-01-01,2025-09,48.866,49.74,-1.76,-0.87,green,1932.38,1946.69,-0.74,-14.31,green,7.0,30.0,2026-09-25,2026-10-01,2026-10-02 08:14:33
DM-13-03-01-03,2025-09,56.779,90.177,-37.04,-33.4,green,2217.04,2990.17,-25.86,-773.13,green,7.0,30.0,2026-09-25,2026-10-01,2026-10-02 08:14:33
DM-13-03-02-01,2025-09,140.879,113.961,23.62,26.92,red,3398.74,3473.37,-2.15,-74.63,green,7.0,30.0,2026-09-25,2026-10-01,2026-10-02 08:14:33
DM-13-03-02-02,2025-09,47.235,33.107,42.67,14.13,red,1688.81,1131.19,49.29,557.62,red,7.0,30.0,2026-09-25,2026-10-01,2026-10-02 08:14:33
DM-13-03-02-03,2025-09,62.796,64.915,-3.26,-2.12,green,2298.32,2275.74,0.99,22.58,green,7.0,30.0,2026-09-25,2026-10-01,2026-10-02 08:14:33
DM-13-03-02-04,2025-09,18.054,16.493,9.46,1.56,yellow,707.25,684.55,3.32,22.7,green,7.0,30.0,2026-09-25,2026-10-01,2026-10-02 08:14:33
DM-13-03-02-05,2025-09,2.155,7.873,-72.63,-5.72,green,172.88,387.42,-55.38,-214.54,green,7.0,30.0,2026-09-25,2026-10-01,2026-10-02 08:14:33
DM-13-03-03-01,2025-09,81.917,90.33,-9.31,-8.41,green,2625.5,2629.32,-0.15,-3.82,green,7.0,30.0,2026-09-25,2026-10-01,2026-10-02 08:14:33
DM-13-03-03-02,2025-09,0.0,20.717,-100.0,-20.72,green,0.0,461.3,-100.0,-461.3,green,7.0,30.0,2026-09-25,2026-10-01,2026-10-02 08:14:33
DM-13-03-03-04,2025-09,13.054,8.198,59.23,4.86,red,627.66,629.01,-0.21,-1.35,green,7.0,30.0,2026-09-25,2026-10-01,2026-10-02 08:14:33
DM-13-03-03-05,2025-09,5.026,10.798,-53.45,-5.77,green,375.47,505.73,-25.76,-130.26,green,7.0,30.0,2026-09-25,2026-10-01,2026-10-02 08:14:33
DM-13-03-04-01,2025-09,70.706,110.041,-35.75,-39.33,green,3162.92,3401.07,-7.0,-238.15,green,7.0,30.0,2026-09-25,2026-10-01,2026-10-02 08:14:33
DM-13-03-04-02,2025-09,,,,,gray,405.42,36.05,1024.6,369.37,red,7.0,30.0,2026-09-25,2026-10-01,2026-10-02 08:14:33
DM-13-03-04-03,2025-09,59.855,74.624,-19.79,-14.77,green,2393.48,2549.02,-6.1,-155.54,green,7.0,30.0,2026-09-25,2026-10-01,2026-10-02 08:14:33
DM-13-03-05-01,2025-09,66.927,83.59,-19.93,-16.66,green,3389.09,3860.79,-12.22,-471.7,green,7.0,30.0,2026-09-25,2026-10-01,2026-10-02 08:14:33
DM-13-03-06-01,2025-09,1.044,242.299,-99.57,-241.25,green,7.47,5731.66,-99.87,-5724.19,green,7.0,30.0,2026-09-25,2026-10-01,2026-10-02 08:14:33
DM-13-03-06-02,2025-09,62.134,73.406,-15.36,-11.27,green,2281.48,2285.21,-0.16,-3.73,green,7.0,30.0,2026-09-25,2026-10-01,2026-10-02 08:14:33
DM-13-03-06-03,2025-09,,43.192,,,gray,1847.94,1641.76,12.56,206.18,yellow,7.0,30.0,2026-09-25,2026-10-01,2026-10-02 08:14:33
DM-13-03-07-01,2025-09,3.718,11.691,-68.2,-7.97,green,395.31,760.84,-48.04,-365.53,green,7.0,30.0,2026-09-25,2026-10-01,2026-10-02 08:14:33
DM-13-03-07-02,2025-09,35.628,75.331,-52.7,-39.7,green,2207.86,2989.7,-26.15,-781.84,green,7.0,30.0,2026-09-25,2026-10-01,2026-10-02 08:14:33
DM-13-03-07-03,2025-09,,,,,gray,47.2,1117.05,-95.77,-1069.85,green,7.0,30.0,2026-09-25,2026-10-01,2026-10-02 08:14:33
DM-13-03-08-01,2025-09,26.501,14.222,86.34,12.28,red,1365.29,1068.57,27.77,296.72,red,7.0,30.0,2026-09-25,2026-10-01,2026-10-02 08:14:33
DM-13-03-09-01,2025-09,20.657,20.826,-0.81,-0.17,green,792.73,795.41,-0.34,-2.68,green,7.0,30.0,2026-09-25,2026-10-01,2026-10-02 08:14:33
DM-13-03-09-02,2025-09,28.215,23.975,17.69,4.24,yellow,1009.86,733.45,37.69,276.41,red,7.0,30.0,2026-09-25,2026-10-01,2026-10-02 08:14:33
DM-13-03-10-01,2025-09,87.181,105.622,-17.46,-18.44,green,3195.46,3501.75,-8.75,-306.29,green,7.0,30.0,2026-09-25,2026-10-01,2026-10-02 08:14:33
DM-13-04-01-01,2025-09,99.354,83.625,18.81,15.73,yellow,3805.29,3644.48,4.41,160.81,green,7.0,30.0,2026-09-25,2026-10-01,2026-10-02 08:14:33
DM-13-04-01-03,2025-09,,,,,gray,6.4,19.56,-67.28,-13.16,green,7.0,30.0,2026-09-25,2026-10-01,2026-10-02 08:14:33
DM-13-04-01-04,2025-09,136.238,144.983,-6.03,-8.75,green,5063.93,4899.31,3.36,164.62,green,7.0,30.0,2026-09-25,2026-10-01,2026-10-02 08:14:33
DM-13-04-02-01,2025-09,174.631,127.799,36.65,46.83,red,6066.76,4741.26,27.96,1325.5,red,7.0,30.0,2026-09-25,2026-10-01,2026-10-02 08:14:33
DM-13-04-02-02,2025-09,0.0,47.072,-100.0,-47.07,green,1.56,1477.18,-99.89,-1475.62,green,7.0,30.0,2026-09-25,2026-10-01,2026-10-02 08:14:33
DM-13-04-03-01,2025-09,200.474,170.426,17.63,30.05,yellow,6622.45,5461.12,21.27,1161.33,red,7.0,30.0,2026-09-25,2026-10-01,2026-10-02 08:14:33
DM-13-04-04-01,2025-09,65.645,103.072,-36.31,-37.43,green,2516.31,3458.15,-27.24,-941.84,green,7.0,30.0,2026-09-25,2026-10-01,2026-10-02 08:14:33
DM-13-04-04-02,2025-09,145.354,170.062,-14.53,-24.71,green,5237.76,6082.27,-13.88,-844.51,green,7.0,30.0,2026-09-25,2026-10-01,2026-10-02 08:14:33
DM-13-04-05-01,2025-09,192.764,192.207,0.29,0.56,green,6614.36,6751.86,-2.04,-137.5,green,7.0,30.0,2026-09-25,2026-10-01,2026-10-02 08:14:33
DM-13-04-05-02,2025-09,4.84,4.969,-2.6,-0.13,green,301.3,352.56,-14.54,-51.26,green,7.0,30.0,2026-09-25,2026-10-01,2026-10-02 08:14:33
DM-13-04-06-01,2025-09,40.143,113.777,-64.72,-73.63,green,1598.26,2961.12,-46.03,-1362.86,green,7.0,30.0,2026-09-25,2026-10-01,2026-10-02 08:14:33
DM-13-04-06-02,2025-09,57.179,46.899,21.92,10.28,red,3114.51,2373.12,31.24,741.39,red,7.0,30.0,2026-09-25,2026-10-01,2026-10-02 08:14:33
DM-13-04-06-03,2025-09,89.393,0.523,16992.35,88.87,red,3493.71,30.07,11518.59,3463.64,red,7.0,30.0,2026-09-25,2026-10-01,2026-10-02 08:14:33
DM-13-04-07-01,2025-09,112.607,120.623,-6.65,-8.02,green,4623.19,4597.17,0.57,26.02,green,7.0,30.0,2026-09-25,2026-10-01,2026-10-02 08:14:33
DM-13-04-07-02,2025-09,0.0,0.0,,,gray,0.0,0.0,,,gray,7.0,30.0,2026-09-25,2026-10-01,2026-10-02 08:14:33
DM-13-04-07-03,2025-09,0.114,15.075,-99.24,-14.96,green,91.07,439.9,-79.3,-348.83,green,7.0,30.0,2026-09-25,2026-10-01,2026-10-02 08:14:33
DM-13-04-07-04,2025-09,0.0,0.0,,,gray,0.0,0.0,,,gray,7.0,30.0,2026-09-25,2026-10-01,2026-10-02 08:14:33
DM-13-04-07-05,2025-09,16.864,18.231,-7.5,-1.37,green,698.12,738.06,-5.41,-39.94,green,7.0,30.0,2026-09-25,2026-10-01,2026-10-02 08:14:33
DM-13-04-08-01,2025-09,155.368,183.584,-15.37,-28.22,green,5382.61,5988.89,-10.12,-606.28,green,7.0,30.0,2026-09-25,2026-10-01,2026-10-02 08:14:33
DM-13-04-08-02,2025-09,75.003,83.479,-10.15,-8.48,green,2615.04,2792.98,-6.37,-177.94,green,7.0,30.0,2026-09-25,2026-10-01,2026-10-02 08:14:33
DM-13-04-08-03,2025-09,90.252,92.952,-2.9,-2.7,green,3183.65,2842.1,12.02,341.55,yellow,7.0,30.0,2026-09-25,2026-10-01,2026-10-02 08:14:33
DM-13-04-09-01,2025-09,85.993,62.576,37.42,23.42,red,3315.48,2472.6,34.09,842.88,red,7.0,30.0,2026-09-25,2026-10-01,2026-10-02 08:14:33
DM-13-04-09-02,2025-09,72.904,131.111,-44.4,-58.21,green,2529.36,3889.45,-34.97,-1360.09,green,7.0,30.0,2026-09-25,2026-10-01,2026-10-02 08:14:33
DM-13-04-09-03,2025-09,37.506,40.18,-6.66,-2.67,green,1839.97,1374.54,33.86,465.43,red,7.0,30.0,2026-09-25,2026-10-01,2026-10-02 08:14:33
DM-13-05-01-01,2025-09,80.212,0.0,,,gray,3725.82,0.0,,,gray,7.0,30.0,2026-09-25,2026-10-01,2026-10-02 08:14:33
DM-13-05-01-03,2025-09,41.774,57.348,-27.16,-15.57,green,2030.21,2631.34,-22.85,-601.13,green,7.0,30.0,2026-09-25,2026-10-01,2026-10-02 08:14:33
DM-13-05-02-01,2025-09,15.219,21.905,-30.52,-6.69,green,807.81,1482.05,-45.49,-674.24,green,7.0,30.0,2026-09-25,2026-10-01,2026-10-02 08:14:33
DM-13-05-02-02,2025-09,55.413,49.533,11.87,5.88,yellow,2156.23,2087.23,3.31,69.0,green,7.0,30.0,2026-09-25,2026-10-01,2026-10-02 08:14:33
DM-13-05-02-03,2025-09,,12.606,,,gray,,189.67,,,gray,,30.0,,,2026-10-02 08:14:33
DM-13-05-03-01,2025-09,28.089,29.8,-5.74,-1.71,green,1342.87,1236.77,8.58,106.1,yellow,7.0,30.0,2026-09-25,2026-10-01,2026-10-02 08:14:33
DM-13-05-03-02,2025-09,12.735,11.755,8.34,0.98,yellow,563.12,418.08,34.69,145.04,red,7.0,30.0,2026-09-25,2026-10-01,2026-10-02 08:14:33
DM-13-05-04-01,2025-09,2.554,197.752,-98.71,-195.2,green,64.43,4632.87,-98.61,-4568.44,green,7.0,30.0,2026-09-25,2026-10-01,2026-10-02 08:14:33
DM-13-05-04-03,2025-09,23.692,25.591,-7.42,-1.9,green,1033.13,1074.4,-3.84,-41.27,green,7.0,30.0,2026-09-25,2026-10-01,2026-10-02 08:14:33
DM-13-05-04-04,2025-09,62.184,66.864,-7.0,-4.68,green,2690.58,2729.3,-1.42,-38.72,green,7.0,30.0,2026-09-25,2026-10-01,2026-10-02 08:14:33
DM-13-05-05-01,2025-09,13.3,32.51,-59.09,-19.21,green,891.87,1349.67,-33.92,-457.8,green,7.0,30.0,2026-09-25,2026-10-01,2026-10-02 08:14:33
DM-13-05-05-02,2025-09,24.504,21.35,14.77,3.15,yellow,1014.33,1050.51,-3.44,-36.18,green,7.0,30.0,2026-09-25,2026-10-01,2026-10-02 08:14:33
DM-13-05-06-01,2025-09,59.192,52.378,13.01,6.81,yellow,2499.88,2299.77,8.7,200.11,yellow,7.0,30.0,2026-09-25,2026-10-01,2026-10-02 08:14:33
DM-13-05-06-02,2025-09,65.813,49.463,33.06,16.35,red,2884.8,2399.4,20.23,485.4,red,7.0,30.0,2026-09-25,2026-10-01,2026-10-02 08:14:33
DM-13-05-07-01,2025-09,42.68,26.546,60.78,16.13,red,1665.12,1078.21,54.43,586.91,red,7.0,30.0,2026-09-25,2026-10-01,2026-10-02 08:14:33
DM-13-05-07-02,2025-09,48.499,35.711,35.81,12.79,red,2515.27,2366.4,6.29,148.87,yellow,7.0,30.0,2026-09-25,2026-10-01,2026-10-02 08:14:33
DM-13-05-08-01,2025-09,79.027,77.405,2.1,1.62,green,3752.74,3587.8,4.6,164.94,green,7.0,30.0,2026-09-25,2026-10-01,2026-10-02 08:14:33
DM-13-05-08-02,2025-09,61.83,102.286,-39.55,-40.46,green,2551.79,4260.01,-40.1,-1708.22,green,7.0,30.0,2026-09-25,2026-10-01,2026-10-02 08:14:33
DM-13-05-08-03,2025-09,0.0,1.009,-100.0,-1.01,green,0.0,53.85,-100.0,-53.85,green,7.0,30.0,2026-09-25,2026-10-01,2026-10-02 08:14:33
DM-13-05-09-01,2025-09,,63.989,,,gray,3546.3,3119.41,13.68,426.89,yellow,7.0,30.0,2026-09-25,2026-10-01,2026-10-02 08:14:33
DM-13-05-09-02,2025-09,31.215,47.97,-34.93,-16.75,green,1348.55,1629.47,-17.24,-280.92,green,7.0,30.0,2026-09-25,2026-10-01,2026-10-02 08:14:33
DM-13-05-09-03,2025-09,65.558,108.583,-39.62,-43.02,green,2941.82,3779.8,-22.17,-837.98,green,7.0,30.0,2026-09-25,2026-10-01,2026-10-02 08:14:33
DM-13-05-10-01,2025-09,101.024,116.051,-12.95,-15.03,green,4323.83,4264.16,1.4,59.67,green,7.0,30.0,2026-09-25,2026-10-01,2026-10-02 08:14:33
DM-13-05-10-02,2025-09,12.452,4.829,157.86,7.62,red,185.94,178.84,3.97,7.1,green,7.0,30.0,2026-09-25,2026-10-01,2026-10-02 08:14:33
DM-13-05-10-03,2025-09,86.418,20.902,313.44,65.52,red,3234.06,1722.99,87.7,1511.07,red,7.0,30.0,2026-09-25,2026-10-01,2026-10-02 08:14:33
DM-13-05-11-01,2025-09,77.809,16.249,378.85,61.56,red,3024.44,644.46,369.3,2379.98,red,7.0,30.0,2026-09-25,2026-10-01,2026-10-02 08:14:33
DM-13-05-11-02,2025-09,43.283,40.575,6.67,2.71,yellow,2185.29,1672.17,30.69,513.12,red,7.0,30.0,2026-09-25,2026-10-01,2026-10-02 08:14:33
DM-13-05-12-01,2025-09,100.475,28.783,249.08,71.69,red,3715.05,1149.05,223.31,2566.0,red,7.0,30.0,2026-09-25,2026-10-01,2026-10-02 08:14:33
DM-13-05-13-01,2025-09,80.327,57.104,40.67,23.22,red,2432.56,1911.91,27.23,520.65,red,7.0,30.0,2026-09-25,2026-10-01,2026-10-02 08:14:33
DM-13-06-01-01,2025-09,89.381,91.725,-2.56,-2.34,green,3345.25,3333.12,0.36,12.13,green,7.0,30.0,2026-09-25,2026-10-01,2026-10-02 08:14:33
DM-13-06-01-02,2025-09,10.281,4.654,120.91,5.63,red,259.42,182.55,42.11,76.87,red,7.0,30.0,2026-09-25,2026-10-01,2026-10-02 08:14:33
DM-13-06-01-03,2025-09,,27.853,,,gray,,1621.23,,,gray,,30.0,,,2026-10-02 08:14:33
DM-13-06-01-04,2025-09,50.192,44.527,12.72,5.66,yellow,1744.62,1920.49,-9.16,-175.87,green,7.0,30.0,2026-09-25,2026-10-01,2026-10-02 08:14:33
DM-13-06-01-05,2025-09,41.901,41.501,0.96,0.4,green,1510.86,1681.28,-10.14,-170.42,green,7.0,30.0,2026-09-25,2026-10-01,2026-10-02 08:14:33
DM-13-06-02-01,2025-09,57.071,0.0,,,gray,2495.48,0.0,,,gray,7.0,30.0,2026-09-25,2026-10-01,2026-10-02 08:14:33
DM-13-06-02-03,2025-09,81.207,102.449,-20.73,-21.24,green,3396.25,3841.24,-11.58,-444.99,green,7.0,30.0,2026-09-25,2026-10-01,2026-10-02 08:14:33
DM-13-06-03-01,2025-09,459.962,401.732,14.49,58.23,yellow,15790.16,15086.26,4.67,703.9,green,7.0,30.0,2026-09-25,2026-10-01,2026-10-02 08:14:33
DM-13-06-03-02,2025-09,9.425,4.444,112.08,4.98,red,270.52,135.65,99.42,134.87,red,7.0,30.0,2026-09-25,2026-10-01,2026-10-02 08:14:33
DM-13-06-03-03,2025-09,62.183,61.066,1.83,1.12,green,2112.66,2368.06,-10.79,-255.4,green,7.0,30.0,2026-09-25,2026-10-01,2026-10-02 08:14:33
DM-13-06-03-04,2025-09,,58.581,,,gray,0.07,1444.65,-100.0,-1444.58,green,7.0,29.0,2026-09-25,2026-10-01,2026-10-02 08:14:33
DM-13-06-04-01,2025-09,,,,,gray,838.01,232.49,260.45,605.52,red,7.0,30.0,2026-09-25,2026-10-01,2026-10-02 08:14:33
DM-13-06-04-02,2025-09,114.532,0.0,,,gray,5066.97,0.0,,,gray,7.0,30.0,2026-09-25,2026-10-01,2026-10-02 08:14:33
DM-13-06-04-03,2025-09,1.695,10.215,-83.41,-8.52,green,270.44,588.7,-54.06,-318.26,green,7.0,30.0,2026-09-25,2026-10-01,2026-10-02 08:14:33
DM-13-06-04-04,2025-09,23.585,,,,gray,1781.14,,,,gray,7.0,,2026-09-25,2026-10-01,2026-10-02 08:14:33
DM-13-06-05-01,2025-09,6.713,5.781,16.12,0.93,yellow,399.6,344.83,15.88,54.77,yellow,7.0,30.0,2026-09-25,2026-10-01,2026-10-02 08:14:33
DM-13-06-05-02,2025-09,0.0,0.0,,,gray,0.0,0.0,,,gray,7.0,30.0,2026-09-25,2026-10-01,2026-10-02 08:14:33
DM-13-06-05-03,2025-09,48.565,82.171,-40.9,-33.61,green,3392.26,4707.06,-27.93,-1314.8,green,7.0,30.0,2026-09-25,2026-10-01,2026-10-02 08:14:33
DM-13-07-01-01,2025-09,83.151,0.293,28279.18,82.86,red,2252.51,11.12,20156.38,2241.39,red,7.0,30.0,2026-09-25,2026-10-01,2026-10-02 08:14:33
DM-13-07-01-02,2025-09,81.496,57.523,41.68,23.97,red,2676.56,1870.97,43.06,805.59,red,7.0,30.0,2026-09-25,2026-10-01,2026-10-02 08:14:33
DM-13-07-01-03,2025-09,122.129,111.691,9.35,10.44,yellow,4130.13,3922.49,5.29,207.64,yellow,7.0,30.0,2026-09-25,2026-10-01,2026-10-02 08:14:33
DM-13-07-01-04,2025-09,122.587,87.672,39.82,34.92,red,4397.23,3439.39,27.85,957.84,red,7.0,30.0,2026-09-25,2026-10-01,2026-10-02 08:14:33
DM-13-07-02-01,2025-09,116.644,140.756,-17.13,-24.11,green,4115.63,4999.14,-17.67,-883.51,green,7.0,30.0,2026-09-25,2026-10-01,2026-10-02 08:14:33
DM-13-07-02-02,2025-09,50.059,55.891,-10.43,-5.83,green,1550.89,1712.83,-9.45,-161.94,green,7.0,30.0,2026-09-25,2026-10-01,2026-10-02 08:14:33
DM-13-07-03-01,2025-09,58.297,4.657,1151.81,53.64,red,2003.15,119.11,1581.76,1884.04,red,7.0,30.0,2026-09-25,2026-10-01,2026-10-02 08:14:33
DM-13-07-03-02,2025-09,75.787,65.252,16.15,10.54,yellow,2826.64,2554.96,10.63,271.68,yellow,7.0,30.0,2026-09-25,2026-10-01,2026-10-02 08:14:33
DM-13-07-03-03,2025-09,88.216,72.9,21.01,15.32,red,2469.02,2411.24,2.4,57.78,green,7.0,30.0,2026-09-25,2026-10-01,2026-10-02 08:14:33
DM-13-07-04-01,2025-09,105.911,90.991,16.4,14.92,yellow,4083.33,3532.18,15.6,551.15,yellow,7.0,30.0,2026-09-25,2026-10-01,2026-10-02 08:14:33
DM-13-07-04-02,2025-09,41.275,61.305,-32.67,-20.03,green,1596.12,2092.24,-23.71,-496.12,green,7.0,30.0,2026-09-25,2026-10-01,2026-10-02 08:14:33
DM-13-07-04-03,2025-09,81.229,38.592,110.48,42.64,red,2851.38,1487.66,91.67,1363.72,red,7.0,30.0,2026-09-25,2026-10-01,2026-10-02 08:14:33
DM-13-07-04-04,2025-09,107.531,128.187,-16.11,-20.66,green,4159.22,4468.47,-6.92,-309.25,green,7.0,30.0,2026-09-25,2026-10-01,2026-10-02 08:14:33
DM-13-07-05-01,2025-09,120.643,119.206,1.21,1.44,green,4579.19,4689.41,-2.35,-110.22,green,7.0,30.0,2026-09-25,2026-10-01,2026-10-02 08:14:33
DM-13-07-05-02,2025-09,8.041,54.925,-85.36,-46.88,green,831.33,2263.48,-63.27,-1432.15,green,7.0,30.0,2026-09-25,2026-10-01,2026-10-02 08:14:33
DM-13-07-05-03,2025-09,352.235,337.818,4.27,14.42,green,11259.71,11019.54,2.18,240.17,green,7.0,30.0,2026-09-25,2026-10-01,2026-10-02 08:14:33
DM-13-07-06-01,2025-09,186.282,232.584,-19.91,-46.3,green,6286.19,7776.13,-19.16,-1489.94,green,7.0,30.0,2026-09-25,2026-10-01,2026-10-02 08:14:33
DM-13-07-06-02,2025-09,55.126,118.253,-53.38,-63.13,green,1340.29,3733.12,-64.1,-2392.83,green,7.0,30.0,2026-09-25,2026-10-01,2026-10-02 08:14:33
DM-13-07-06-03,2025-09,124.34,125.398,-0.84,-1.06,green,4802.14,4720.84,1.72,81.3,green,7.0,30.0,2026-09-25,2026-10-01,2026-10-02 08:14:33
DM-13-07-07-01,2025-09,67.815,62.832,7.93,4.98,yellow,2718.97,2590.21,4.97,128.76,green,7.0,30.0,2026-09-25,2026-10-01,2026-10-02 08:14:33
DM-13-07-07-02,2025-09,64.269,48.032,33.8,16.24,red,2254.82,1853.04,21.68,401.78,red,7.0,30.0,2026-09-25,2026-10-01,2026-10-02 08:14:33
DM-13-07-07-03,2025-09,48.92,32.634,49.91,16.29,red,1769.16,1429.18,23.79,339.98,red,7.0,30.0,2026-09-25,2026-10-01,2026-10-02 08:14:33
DM-13-07-07-04,2025-09,68.251,74.257,-8.09,-6.01,green,2595.85,2693.32,-3.62,-97.47,green,7.0,30.0,2026-09-25,2026-10-01,2026-10-02 08:14:33
DM-13-07-07-05,2025-09,802.673,918.0,-12.56,-115.33,green,21826.75,22553.15,-3.22,-726.4,green,7.0,30.0,2026-09-25,2026-10-01,2026-10-02 08:14:33
DM-13-07-07-06,2025-09,42.926,0.0,,,gray,1044.5,21.28,4808.36,1023.22,red,7.0,30.0,2026-09-25,2026-10-01,2026-10-02 08:14:33
DM-14-05-01-02,2025-09,168.775,250.585,-32.65,-81.81,green,6458.51,8921.64,-27.61,-2463.13,green,7.0,30.0,2026-09-25,2026-10-01,2026-10-02 08:14:33
DM-14-05-02-01,2025-09,169.964,174.096,-2.37,-4.13,green,7381.01,7733.34,-4.56,-352.33,green,7.0,30.0,2026-09-25,2026-10-01,2026-10-02 08:14:33
DM-14-05-03-01,2025-09,78.491,72.733,7.92,5.76,yellow,3340.7,3442.62,-2.96,-101.92,green,7.0,30.0,2026-09-25,2026-10-01,2026-10-02 08:14:33
DM-14-05-05-01,2025-09,111.419,116.114,-4.04,-4.7,green,4650.94,5007.8,-7.13,-356.86,green,7.0,30.0,2026-09-25,2026-10-01,2026-10-02 08:14:33
DM-14-05-06-01,2025-09,136.323,147.043,-7.29,-10.72,green,6766.15,8034.27,-15.78,-1268.12,green,7.0,30.0,2026-09-25,2026-10-01,2026-10-02 08:14:33
DM-14-05-06-02,2025-09,81.882,105.422,-22.33,-23.54,green,3646.79,4656.16,-21.68,-1009.37,green,7.0,30.0,2026-09-25,2026-10-01,2026-10-02 08:14:33
DM-14-05-07-01,2025-09,165.685,159.545,3.85,6.14,green,6744.93,5990.41,12.6,754.52,yellow,7.0,30.0,2026-09-25,2026-10-01,2026-10-02 08:14:33
DM-14-06-01-01,2025-09,45.061,62.138,-27.48,-17.08,green,2032.27,2555.73,-20.48,-523.46,green,7.0,30.0,2026-09-25,2026-10-01,2026-10-02 08:14:33
DM-14-06-01-02,2025-09,24.612,14.38,71.15,10.23,red,1019.65,700.33,45.6,319.32,red,7.0,30.0,2026-09-25,2026-10-01,2026-10-02 08:14:33
DM-14-06-02-02,2025-09,126.748,188.432,-32.74,-61.68,green,4521.8,6283.99,-28.04,-1762.19,green,7.0,30.0,2026-09-25,2026-10-01,2026-10-02 08:14:33
DM-14-06-03-01,2025-09,53.333,42.887,24.36,10.45,red,2229.3,2079.87,7.18,149.43,yellow,7.0,30.0,2026-09-25,2026-10-01,2026-10-02 08:14:33
DM-14-06-04-01,2025-09,119.171,92.659,28.61,26.51,red,3963.75,2741.82,44.57,1221.93,red,7.0,30.0,2026-09-25,2026-10-01,2026-10-02 08:14:33
DM-14-06-04-02,2025-09,66.091,90.247,-26.77,-24.16,green,2332.56,2891.19,-19.32,-558.63,green,7.0,30.0,2026-09-25,2026-10-01,2026-10-02 08:14:33
DM-14-06-04-03,2025-09,67.379,81.285,-17.11,-13.91,green,2599.5,3485.52,-25.42,-886.02,green,7.0,30.0,2026-09-25,2026-10-01,2026-10-02 08:14:33
DM-14-06-04-04,2025-09,121.499,103.892,16.95,17.61,yellow,3511.13,3664.72,-4.19,-153.59,green,7.0,30.0,2026-09-25,2026-10-01,2026-10-02 08:14:33
DM-14-06-05-01,2025-09,82.958,76.0,9.16,6.96,yellow,3463.11,3339.97,3.69,123.14,green,7.0,30.0,2026-09-25,2026-10-01,2026-10-02 08:14:33
DM-14-06-06-01,2025-09,0.0,0.0,,,gray,0.0,0.0,,,gray,7.0,30.0,2026-09-25,2026-10-01,2026-10-02 08:14:33
DM-14-06-06-02,2025-09,50.742,51.683,-1.82,-0.94,green,2524.08,2530.98,-0.27,-6.9,green,7.0,30.0,2026-09-25,2026-10-01,2026-10-02 08:14:33
DM-14-07-01-01,2025-09,0.808,0.0,,,gray,87.01,186.2,-53.27,-99.19,green,7.0,30.0,2026-09-25,2026-10-01,2026-10-02 08:14:33
DM-14-07-01-02,2025-09,36.231,23.681,53.0,12.55,red,1301.93,1143.79,13.83,158.14,yellow,7.0,30.0,2026-09-25,2026-10-01,2026-10-02 08:14:33
DM-14-07-01-03,2025-09,35.174,38.306,-8.18,-3.13,green,1202.32,1298.43,-7.4,-96.11,green,7.0,30.0,2026-09-25,2026-10-01,2026-10-02 08:14:33
DM-14-07-02-01,2025-09,,,,,gray,2672.03,2782.46,-3.97,-110.43,green,7.0,30.0,2026-09-25,2026-10-01,2026-10-02 08:14:33
DM-14-07-02-02,2025-09,0.278,0.389,-28.53,-0.11,green,6.8,10.6,-35.85,-3.8,green,7.0,30.0,2026-09-25,2026-10-01,2026-10-02 08:14:33
DM-14-07-03-01,2025-09,51.858,59.92,-13.45,-8.06,green,1968.09,2505.93,-21.46,-537.84,green,7.0,30.0,2026-09-25,2026-10-01,2026-10-02 08:14:33
DM-14-07-03-02,2025-09,57.565,88.363,-34.85,-30.8,green,1788.65,1832.45,-2.39,-43.8,green,7.0,30.0,2026-09-25,2026-10-01,2026-10-02 08:14:33
DM-14-07-03-03,2025-09,12.987,0.001,1298600.0,12.99,red,153.94,0.0,,,gray,7.0,30.0,2026-09-25,2026-10-01,2026-10-02 08:14:33
DM-14-07-03-04,2025-09,68.155,71.797,-5.07,-3.64,green,2066.63,2447.18,-15.55,-380.55,green,7.0,30.0,2026-09-25,2026-10-01,2026-10-02 08:14:33
DM-14-07-04-01,2025-09,164.048,270.589,-39.37,-106.54,green,5577.2,6246.44,-10.71,-669.24,green,7.0,30.0,2026-09-25,2026-10-01,2026-10-02 08:14:33
DM-14-07-05-01,2025-09,84.256,0.0,,,gray,3525.61,0.0,,,gray,7.0,30.0,2026-09-25,2026-10-01,2026-10-02 08:14:33
DM-14-07-06-01,2025-09,0.0,0.0,,,gray,0.0,0.0,,,gray,7.0,30.0,2026-09-25,2026-10-01,2026-10-02 08:14:33
DM-14-07-06-02,2025-09,,69.575,,,gray,,1134.83,,,gray,,30.0,,,2026-10-02 08:14:33
DM-14-07-07-01,2025-09,122.544,125.638,-2.46,-3.09,green,4923.68,4983.15,-1.19,-59.47,green,7.0,30.0,2026-09-25,2026-10-01,2026-10-02 08:14:33
DM-14-07-07-02,2025-09,144.709,147.792,-2.09,-3.08,green,5302.98,5929.71,-10.57,-626.73,green,7.0,30.0,2026-09-25,2026-10-01,2026-10-02 08:14:33
DM-14-07-08-01,2025-09,0.0,0.0,,,gray,0.0,0.0,,,gray,7.0,30.0,2026-09-25,2026-10-01,2026-10-02 08:14:33
DM-14-07-10-01,2025-09,24.804,0.414,5891.3,24.39,red,853.92,54.18,1476.08,799.74,red,7.0,30.0,2026-09-25,2026-10-01,2026-10-02 08:14:33
DM-14-09-01-01,2025-09,120.728,181.305,-33.41,-60.58,green,4344.22,4939.52,-12.05,-595.3,green,7.0,30.0,2026-09-25,2026-10-01,2026-10-02 08:14:33
DM-14-09-02-01,2025-09,194.861,229.146,-14.96,-34.28,green,7114.26,8068.64,-11.83,-954.38,green,7.0,30.0,2026-09-25,2026-10-01,2026-10-02 08:14:33
DM-14-09-02-02,2025-09,56.104,71.099,-21.09,-15.0,green,2023.09,2634.73,-23.21,-611.64,green,7.0,30.0,2026-09-25,2026-10-01,2026-10-02 08:14:33
DM-14-09-02-03,2025-09,53.365,75.081,-28.92,-21.72,green,1836.12,1646.95,11.49,189.17,yellow,7.0,30.0,2026-09-25,2026-10-01,2026-10-02 08:14:33
DM-14-09-02-04,2025-09,77.272,71.894,7.48,5.38,yellow,3472.95,3422.6,1.47,50.35,green,7.0,30.0,2026-09-25,2026-10-01,2026-10-02 08:14:33
DM-14-09-03-01,2025-09,88.562,61.84,43.21,26.72,red,3478.4,2932.1,18.63,546.3,yellow,7.0,30.0,2026-09-25,2026-10-01,2026-10-02 08:14:33
DM-14-10-01-01,2025-09,43.65,64.638,-32.47,-20.99,green,1788.21,2726.46,-34.41,-938.25,green,7.0,30.0,2026-09-25,2026-10-01,2026-10-02 08:14:33
DM-14-10-02-01,2025-09,32.411,14.173,128.68,18.24,red,1233.64,604.4,104.11,629.24,red,7.0,30.0,2026-09-25,2026-10-01,2026-10-02 08:14:33
DM-14-10-03-01,2025-09,33.411,0.0,,,gray,1581.81,0.0,,,gray,7.0,30.0,2026-09-25,2026-10-01,2026-10-02 08:14:33
DM-14-10-03-02,2025-09,51.053,55.064,-7.28,-4.01,green,2283.47,2252.07,1.39,31.4,green,7.0,30.0,2026-09-25,2026-10-01,2026-10-02 08:14:33
DM-14-10-04-02,2025-09,53.279,58.155,-8.38,-4.88,green,2350.44,2742.72,-14.3,-392.28,green,7.0,30.0,2026-09-25,2026-10-01,2026-10-02 08:14:33
DM-14-10-05-01,2025-09,7.167,12.234,-41.42,-5.07,green,436.58,775.12,-43.68,-338.54,green,7.0,30.0,2026-09-25,2026-10-01,2026-10-02 08:14:33
DM-14-10-05-02,2025-09,55.211,58.946,-6.34,-3.73,green,2584.79,2715.31,-4.81,-130.52,green,7.0,30.0,2026-09-25,2026-10-01,2026-10-02 08:14:33
DM-14-10-06-01,2025-09,84.531,89.594,-5.65,-5.06,green,3080.13,3250.58,-5.24,-170.45,green,7.0,30.0,2026-09-25,2026-10-01,2026-10-02 08:14:33
DM-14-10-07-01,2025-09,,,,,gray,1178.71,1133.27,4.01,45.44,green,7.0,30.0,2026-09-25,2026-10-01,2026-10-02 08:14:33
DM-14-10-07-02,2025-09,57.489,61.254,-6.15,-3.77,green,1540.51,1952.08,-21.08,-411.57,green,7.0,30.0,2026-09-25,2026-10-01,2026-10-02 08:14:33
DM-14-11-01-01,2025-09,0.294,0.0,,,gray,7.85,0.0,,,gray,7.0,30.0,2026-09-25,2026-10-01,2026-10-02 08:14:33
DM-14-11-01-02,2025-09,0.0,0.0,,,gray,1.19,3.9,-69.49,-2.71,green,7.0,30.0,2026-09-25,2026-10-01,2026-10-02 08:14:33
DM-14-11-02-01,2025-09,0.0,0.0,,,gray,0.0,0.0,,,gray,7.0,30.0,2026-09-25,2026-10-01,2026-10-02 08:14:33
DM-14-11-02-02,2025-09,0.0,0.0,,,gray,0.0,0.0,,,gray,7.0,30.0,2026-09-25,2026-10-01,2026-10-02 08:14:33
DM-14-11-03-01,2025-09,,,,,gray,,266.17,,,gray,,30.0,,,2026-10-02 08:14:33
DM-14-11-03-02,2025-09,0.094,35.775,-99.74,-35.68,green,157.96,407.94,-61.28,-249.98,green,7.0,30.0,2026-09-25,2026-10-01,2026-10-02 08:14:33
DM-14-11-03-03,2025-09,,20.102,,,gray,,651.99,,,gray,,30.0,,,2026-10-02 08:14:33
DM-14-11-03-04,2025-09,10.263,24.118,-57.45,-13.85,green,704.93,1321.94,-46.67,-617.01,green,7.0,30.0,2026-09-25,2026-10-01,2026-10-02 08:14:33
DM-14-11-03-05,2025-09,100.578,70.163,43.35,30.42,red,5305.94,5499.41,-3.52,-193.47,green,7.0,30.0,2026-09-25,2026-10-01,2026-10-02 08:14:33
DM-14-11-04-01,2025-09,0.0,0.102,-100.0,-0.1,green,0.0,0.2,-100.0,-0.2,green,7.0,30.0,2026-09-25,2026-10-01,2026-10-02 08:14:33
DM-14-11-04-02,2025-09,0.649,68.788,-99.06,-68.14,green,1087.78,1617.95,-32.77,-530.17,green,7.0,30.0,2026-09-25,2026-10-01,2026-10-02 08:14:33
DM-14-11-04-03,2025-09,1.841,,,,gray,79.85,1499.62,-94.68,-1419.77,green,7.0,30.0,2026-09-25,2026-10-01,2026-10-02 08:14:33
DM-14-11-04-04,2025-09,0.0,88.999,-100.0,-89.0,green,0.0,5441.43,-100.0,-5441.43,green,7.0,30.0,2026-09-25,2026-10-01,2026-10-02 08:14:33
DM-14-11-05-01,2025-09,0.0,0.001,-100.0,-0.0,green,0.0,0.0,,,gray,7.0,30.0,2026-09-25,2026-10-01,2026-10-02 08:14:33
DM-14-11-05-02,2025-09,517.92,0.0,,,gray,11096.25,0.0,,,gray,7.0,30.0,2026-09-25,2026-10-01,2026-10-02 08:14:33
DM-14-11-06-01,2025-09,0.271,0.0,,,gray,6.86,0.0,,,gray,7.0,30.0,2026-09-25,2026-10-01,2026-10-02 08:14:33
DM-14-11-06-02,2025-09,0.0,0.0,,,gray,0.0,0.0,,,gray,7.0,30.0,2026-09-25,2026-10-01,2026-10-02 08:14:33
DM-14-11-06-03,2025-09,517.92,0.0,,,gray,11096.12,0.0,,,gray,7.0,30.0,2026-09-25,2026-10-01,2026-10-02 08:14:33
DM-14-11-06-04,2025-09,57.553,42.683,34.84,14.87,red,1900.47,2254.59,-15.71,-354.12,green,7.0,30.0,2026-09-25,2026-10-01,2026-10-02 08:14:33
DM-14-11-07-01,2025-09,145.226,0.0,,,gray,3570.94,0.0,,,gray,7.0,30.0,2026-09-25,2026-10-01,2026-10-02 08:14:33
DM-14-11-07-02,2025-09,13.257,0.196,6663.78,13.06,red,693.09,6.2,11078.87,686.89,red,7.0,30.0,2026-09-25,2026-10-01,2026-10-02 08:14:33
DM-14-11-07-03,2025-09,0.0,45.081,-100.0,-45.08,green,0.0,947.15,-100.0,-947.15,green,7.0,30.0,2026-09-25,2026-10-01,2026-10-02 08:14:33
DM-14-11-07-04,2025-09,0.0,0.077,-100.0,-0.08,green,0.0,0.8,-100.0,-0.8,green,7.0,30.0,2026-09-25,2026-10-01,2026-10-02 08:14:33
DM-14-11-07-05,2025-09,2.24,66.424,-96.63,-64.18,green,257.07,1594.56,-83.88,-1337.49,green,7.0,30.0,2026-09-25,2026-10-01,2026-10-02 08:14:33
DM-14-11-08-01,2025-09,0.0,0.0,,,gray,0.0,0.0,,,gray,7.0,30.0,2026-09-25,2026-10-01,2026-10-02 08:14:33
DM-14-11-08-02,2025-09,0.0,0.0,,,gray,0.0,0.0,,,gray,7.0,30.0,2026-09-25,2026-10-01,2026-10-02 08:14:33
DM-14-11-08-03,2025-09,2.033,10.622,-80.86,-8.59,green,187.2,1092.28,-82.86,-905.08,green,7.0,30.0,2026-09-25,2026-10-01,2026-10-02 08:14:33
DM-14-11-08-04,2025-09,2.038,13.623,-85.04,-11.58,green,152.57,1170.25,-86.96,-1017.68,green,6.0,30.0,2026-09-25,2026-10-01,2026-10-02 08:14:33
DM-14-11-08-05,2025-09,3.088,6.856,-54.96,-3.77,green,409.6,647.34,-36.73,-237.74,green,7.0,30.0,2026-09-25,2026-10-01,2026-10-02 08:14:33
DM-14-11-09-01,2025-09,0.012,0.0,,,gray,0.51,0.0,,,gray,7.0,30.0,2026-09-25,2026-10-01,2026-10-02 08:14:33
DM-14-11-10-01,2025-09,0.0,6.126,-100.0,-6.13,green,0.0,306.06,-100.0,-306.06,green,7.0,30.0,2026-09-25,2026-10-01,2026-10-02 08:14:33
DM-14-11-11-01,2025-09,0.0,97.661,-100.0,-97.66,green,0.0,3504.92,-100.0,-3504.92,green,7.0,30.0,2026-09-25,2026-10-01,2026-10-02 08:14:33
DM-14-11-11-02,2025-09,0.0,0.093,-100.0,-0.09,green,0.0,3.33,-100.0,-3.33,green,7.0,30.0,2026-09-25,2026-10-01,2026-10-02 08:14:33
DM-14-11-12-01,2025-09,0.0,0.0,,,gray,0.0,0.0,,,gray,7.0,30.0,2026-09-25,2026-10-01,2026-10-02 08:14:33
DM-14-11-16-01,2025-09,0.0,0.01,-100.0,-0.01,green,0.0,0.24,-100.0,-0.24,green,7.0,30.0,2026-09-25,2026-10-01,2026-10-02 08:14:33
DM-14-11-17-01,2025-09,0.01,0.01,0.0,0.0,green,0.21,0.24,-12.5,-0.03,green,7.0,30.0,2026-09-25,2026-10-01,2026-10-02 08:14:33
DM-14-11-18-01,2025-09,111.322,10.77,933.63,100.55,red,4626.02,567.65,714.94,4058.37,red,7.0,30.0,2026-09-25,2026-10-01,2026-10-02 08:14:33
DM-14-17-01-01,2025-09,105.205,0.0,,,gray,4536.22,1.16,390953.45,4535.06,red,7.0,30.0,2026-09-25,2026-10-01,2026-10-02 08:14:33
DM-14-17-01-02,2025-09,107.02,100.965,6.0,6.05,yellow,4033.14,3867.24,4.29,165.9,green,7.0,30.0,2026-09-25,2026-10-01,2026-10-02 08:14:33
DM-14-17-02-01,2025-09,31.03,28.058,10.59,2.97,yellow,1531.09,1490.19,2.74,40.9,green,7.0,30.0,2026-09-25,2026-10-01,2026-10-02 08:14:33
DM-14-17-02-02,2025-09,72.672,61.247,18.65,11.42,yellow,3033.25,2198.91,37.94,834.34,red,7.0,30.0,2026-09-25,2026-10-01,2026-10-02 08:14:33
DM-14-17-03-01,2025-09,57.875,72.758,-20.46,-14.88,green,2273.84,2636.73,-13.76,-362.89,green,7.0,30.0,2026-09-25,2026-10-01,2026-10-02 08:14:33
DM-14-17-03-02,2025-09,133.047,86.654,53.54,46.39,red,3182.03,3031.93,4.95,150.1,green,7.0,30.0,2026-09-25,2026-10-01,2026-10-02 08:14:33
DM-14-17-04-01,2025-09,65.1,75.927,-14.26,-10.83,green,2950.31,3287.72,-10.26,-337.41,green,7.0,30.0,2026-09-25,2026-10-01,2026-10-02 08:14:33
DM-14-17-04-02,2025-09,39.149,52.579,-25.54,-13.43,green,1668.56,2086.98,-20.05,-418.42,green,7.0,30.0,2026-09-25,2026-10-01,2026-10-02 08:14:33
DM-14-17-05-01,2025-09,78.724,112.082,-29.76,-33.36,green,5578.73,6023.69,-7.39,-444.96,green,7.0,30.0,2026-09-25,2026-10-01,2026-10-02 08:14:33
DM-14-17-06-01,2025-09,41.119,61.859,-33.53,-20.74,green,2353.76,3018.18,-22.01,-664.42,green,7.0,30.0,2026-09-25,2026-10-01,2026-10-02 08:14:33
DM-14-18-01-01,2025-09,92.057,100.709,-8.59,-8.65,green,3164.13,3632.04,-12.88,-467.91,green,7.0,30.0,2026-09-25,2026-10-01,2026-10-02 08:14:33
DM-14-18-01-02,2025-09,119.069,154.333,-22.85,-35.26,green,4492.73,3686.38,21.87,806.35,red,7.0,30.0,2026-09-25,2026-10-01,2026-10-02 08:14:33
DM-14-18-02-01,2025-09,77.497,132.822,-41.65,-55.33,green,4141.11,5524.08,-25.04,-1382.97,green,7.0,30.0,2026-09-25,2026-10-01,2026-10-02 08:14:33
DM-14-18-02-02,2025-09,45.901,66.529,-31.01,-20.63,green,2487.63,3541.95,-29.77,-1054.32,green,7.0,30.0,2026-09-25,2026-10-01,2026-10-02 08:14:33
DM-14-18-02-04,2025-09,,,,,gray,56.84,2880.23,-98.03,-2823.39,green,7.0,30.0,2026-09-25,2026-10-01,2026-10-02 08:14:33
DM-14-18-03-01,2025-09,112.771,97.03,16.22,15.74,yellow,4412.79,4097.18,7.7,315.61,yellow,7.0,30.0,2026-09-25,2026-10-01,2026-10-02 08:14:33
DM-14-18-04-01,2025-09,21.127,29.577,-28.57,-8.45,green,1029.61,1247.29,-17.45,-217.68,green,7.0,30.0,2026-09-25,2026-10-01,2026-10-02 08:14:33
DM-14-18-04-02,2025-09,16.253,59.791,-72.82,-43.54,green,1715.56,2969.63,-42.23,-1254.07,green,7.0,30.0,2026-09-25,2026-10-01,2026-10-02 08:14:33
DM-14-18-04-03,2025-09,0.38,0.393,-3.31,-0.01,green,8.8,9.96,-11.65,-1.16,green,7.0,30.0,2026-09-25,2026-10-01,2026-10-02 08:14:33
DM-14-18-05-01,2025-09,44.405,41.79,6.26,2.62,yellow,2340.08,2264.06,3.36,76.02,green,7.0,30.0,2026-09-25,2026-10-01,2026-10-02 08:14:33
DM-14-18-05-02,2025-09,27.208,27.783,-2.07,-0.58,green,1200.41,1209.53,-0.75,-9.12,green,7.0,30.0,2026-09-25,2026-10-01,2026-10-02 08:14:33
DM-14-18-06-01,2025-09,44.823,38.732,15.73,6.09,yellow,2389.07,2308.09,3.51,80.98,green,7.0,30.0,2026-09-25,2026-10-01,2026-10-02 08:14:33
DM-14-18-06-02,2025-09,0.624,0.0,,,gray,28.79,0.0,,,gray,7.0,30.0,2026-09-25,2026-10-01,2026-10-02 08:14:33
DM-15-01-01-01,2025-09,36.542,31.789,14.95,4.75,yellow,1278.71,1236.07,3.45,42.64,green,7.0,30.0,2026-09-25,2026-10-01,2026-10-02 08:14:33
DM-15-01-02-01,2025-09,91.681,113.747,-19.4,-22.07,green,2864.23,4196.1,-31.74,-1331.87,green,7.0,30.0,2026-09-25,2026-10-01,2026-10-02 08:14:33
DM-15-01-03-01,2025-09,77.739,93.732,-17.06,-15.99,green,3520.57,3128.87,12.52,391.7,yellow,7.0,30.0,2026-09-25,2026-10-01,2026-10-02 08:14:33
DM-15-01-04-01,2025-09,23.585,23.026,2.43,0.56,green,538.94,1426.21,-62.21,-887.27,green,7.0,30.0,2026-09-25,2026-10-01,2026-10-02 08:14:33
DM-15-01-04-02,2025-09,0.0,123.945,-100.0,-123.94,green,0.0,4206.65,-100.0,-4206.65,green,7.0,30.0,2026-09-25,2026-10-01,2026-10-02 08:14:33
DM-15-01-05-01,2025-09,107.283,,,,gray,3944.69,4368.06,-9.69,-423.37,green,7.0,30.0,2026-09-25,2026-10-01,2026-10-02 08:14:33
DM-15-01-05-02,2025-09,8.518,2.255,277.74,6.26,red,192.77,56.25,242.7,136.52,red,7.0,30.0,2026-09-25,2026-10-01,2026-10-02 08:14:33
DM-15-01-06-01,2025-09,67.774,58.739,15.38,9.04,yellow,2558.19,2362.69,8.27,195.5,yellow,7.0,30.0,2026-09-25,2026-10-01,2026-10-02 08:14:33
DM-15-01-07-01,2025-09,49.457,35.24,40.34,14.22,red,1826.65,1272.0,43.6,554.65,red,7.0,30.0,2026-09-25,2026-10-01,2026-10-02 08:14:33
DM-15-02-01-01,2025-09,133.638,,,,gray,4916.04,4610.84,6.62,305.2,yellow,7.0,30.0,2026-09-25,2026-10-01,2026-10-02 08:14:33
DM-15-02-02-01,2025-09,116.633,131.762,-11.48,-15.13,green,4013.35,4316.8,-7.03,-303.45,green,7.0,30.0,2026-09-25,2026-10-01,2026-10-02 08:14:33
DM-15-02-03-01,2025-09,96.086,,,,gray,3474.69,1309.89,165.27,2164.8,red,7.0,30.0,2026-09-25,2026-10-01,2026-10-02 08:14:33
DM-15-02-04-01,2025-09,125.72,102.209,23.0,23.51,red,4372.33,3979.58,9.87,392.75,yellow,7.0,30.0,2026-09-25,2026-10-01,2026-10-02 08:14:33
DM-15-02-05-01,2025-09,50.268,68.052,-26.13,-17.78,green,1808.86,2545.87,-28.95,-737.01,green,7.0,30.0,2026-09-25,2026-10-01,2026-10-02 08:14:33
DM-15-02-06-01,2025-09,83.34,90.888,-8.3,-7.55,green,3202.06,3385.38,-5.42,-183.32,green,7.0,30.0,2026-09-25,2026-10-01,2026-10-02 08:14:33
DM-15-03-01-01,2025-09,112.555,,,,gray,4038.77,4170.52,-3.16,-131.75,green,7.0,30.0,2026-09-25,2026-10-01,2026-10-02 08:14:33
DM-15-03-02-01,2025-09,0.0,0.0,,,gray,0.0,0.0,,,gray,7.0,30.0,2026-09-25,2026-10-01,2026-10-02 08:14:33
DM-15-03-03-01,2025-09,119.168,112.777,5.67,6.39,yellow,3363.88,3279.91,2.56,83.97,green,7.0,30.0,2026-09-25,2026-10-01,2026-10-02 08:14:33
DM-15-03-04-01,2025-09,118.468,,,,gray,4070.8,4847.88,-16.03,-777.08,green,7.0,30.0,2026-09-25,2026-10-01,2026-10-02 08:14:33
DM-15-03-05-01,2025-09,112.21,95.565,17.42,16.64,yellow,4124.44,3818.53,8.01,305.91,yellow,7.0,30.0,2026-09-25,2026-10-01,2026-10-02 08:14:33
DM-15-03-06-01,2025-09,54.909,,,,gray,2616.29,444.98,487.96,2171.31,red,7.0,30.0,2026-09-25,2026-10-01,2026-10-02 08:14:33
DM-15-03-08-01,2025-09,71.468,,,,gray,2104.0,,,,gray,7.0,,2026-09-25,2026-10-01,2026-10-02 08:14:33
DM-15-04-01-01,2025-09,41.309,59.399,-30.46,-18.09,green,1705.01,1433.42,18.95,271.59,yellow,7.0,30.0,2026-09-25,2026-10-01,2026-10-02 08:14:33
DM-15-04-02-01,2025-09,48.473,176.075,-72.47,-127.6,green,2121.05,4126.62,-48.6,-2005.57,green,7.0,30.0,2026-09-25,2026-10-01,2026-10-02 08:14:33
DM-15-04-02-02,2025-09,48.898,65.379,-25.21,-16.48,green,2184.25,2644.88,-17.42,-460.63,green,7.0,30.0,2026-09-25,2026-10-01,2026-10-02 08:14:33
DM-15-04-03-01,2025-09,134.904,140.448,-3.95,-5.54,green,6721.47,7288.28,-7.78,-566.81,green,7.0,30.0,2026-09-25,2026-10-01,2026-10-02 08:14:33
DM-15-04-04-01,2025-09,41.636,30.171,38.0,11.47,red,1747.66,1392.93,25.47,354.73,red,7.0,30.0,2026-09-25,2026-10-01,2026-10-02 08:14:33
DM-15-04-04-02,2025-09,39.667,33.959,16.81,5.71,yellow,1899.37,2093.66,-9.28,-194.29,green,7.0,30.0,2026-09-25,2026-10-01,2026-10-02 08:14:33
DM-15-04-05-01,2025-09,46.149,53.226,-13.3,-7.08,green,1074.89,2465.2,-56.4,-1390.31,green,7.0,30.0,2026-09-25,2026-10-01,2026-10-02 08:14:33
DM-15-05-01-01,2025-09,25.348,19.568,29.54,5.78,red,1278.1,1056.96,20.92,221.14,red,7.0,30.0,2026-09-25,2026-10-01,2026-10-02 08:14:33
DM-15-05-02-01,2025-09,157.339,137.501,14.43,19.84,yellow,5518.06,6140.66,-10.14,-622.6,green,7.0,30.0,2026-09-25,2026-10-01,2026-10-02 08:14:33
DM-15-05-03-01,2025-09,143.43,150.106,-4.45,-6.68,green,6563.29,6731.12,-2.49,-167.83,green,7.0,30.0,2026-09-25,2026-10-01,2026-10-02 08:14:33
DM-15-05-04-01,2025-09,65.263,92.577,-29.5,-27.31,green,3094.91,3948.55,-21.62,-853.64,green,7.0,30.0,2026-09-25,2026-10-01,2026-10-02 08:14:33
DM-15-05-05-01,2025-09,6.051,0.002,302450.0,6.05,red,376.27,157.78,138.48,218.49,red,7.0,30.0,2026-09-25,2026-10-01,2026-10-02 08:14:33
DM-15-05-07-01,2025-09,85.174,125.312,-32.03,-40.14,green,4168.42,4879.74,-14.58,-711.32,green,7.0,30.0,2026-09-25,2026-10-01,2026-10-02 08:14:33
DM-15-05-08-01,2025-09,31.348,44.201,-29.08,-12.85,green,1902.67,1909.8,-0.37,-7.13,green,7.0,30.0,2026-09-25,2026-10-01,2026-10-02 08:14:33
DM-15-05-09-01,2025-09,107.897,218.773,-50.68,-110.88,green,4622.02,6156.12,-24.92,-1534.1,green,7.0,30.0,2026-09-25,2026-10-01,2026-10-02 08:14:33
DM-15-06-01-01,2025-09,116.462,116.247,0.18,0.22,green,4665.64,4672.64,-0.15,-7.0,green,7.0,30.0,2026-09-25,2026-10-01,2026-10-02 08:14:33
DM-15-06-02-01,2025-09,189.21,223.681,-15.41,-34.47,green,7750.66,9184.44,-15.61,-1433.78,green,7.0,30.0,2026-09-25,2026-10-01,2026-10-02 08:14:33
DM-15-06-02-02,2025-09,0.01,0.01,0.0,0.0,green,0.21,0.24,-12.5,-0.03,green,7.0,30.0,2026-09-25,2026-10-01,2026-10-02 08:14:33
DM-15-06-03-01,2025-09,139.469,137.149,1.69,2.32,green,5712.76,5667.51,0.8,45.25,green,7.0,30.0,2026-09-25,2026-10-01,2026-10-02 08:14:33
DM-15-06-04-01,2025-09,66.391,55.365,19.92,11.03,yellow,3397.47,3067.03,10.77,330.44,yellow,7.0,30.0,2026-09-25,2026-10-01,2026-10-02 08:14:33
DM-15-06-05-01,2025-09,11.022,17.306,-36.31,-6.28,green,696.35,886.02,-21.41,-189.67,green,7.0,30.0,2026-09-25,2026-10-01,2026-10-02 08:14:33
DM-15-07-01-01,2025-09,53.512,53.124,0.73,0.39,green,2023.32,2096.05,-3.47,-72.73,green,7.0,30.0,2026-09-25,2026-10-01,2026-10-02 08:14:33
DM-15-07-02-01,2025-09,131.821,248.105,-46.87,-116.28,green,5796.27,8705.92,-33.42,-2909.65,green,7.0,30.0,2026-09-25,2026-10-01,2026-10-02 08:14:33
DM-15-07-03-01,2025-09,140.233,107.34,30.64,32.89,red,6019.17,4932.44,22.03,1086.73,red,7.0,30.0,2026-09-25,2026-10-01,2026-10-02 08:14:33
DM-15-07-04-01,2025-09,176.69,127.525,38.55,49.16,red,6963.52,5651.95,23.21,1311.57,red,7.0,30.0,2026-09-25,2026-10-01,2026-10-02 08:14:33
DM-15-07-05-01,2025-09,42.508,36.981,14.95,5.53,yellow,1903.62,1678.53,13.41,225.09,yellow,7.0,30.0,2026-09-25,2026-10-01,2026-10-02 08:14:33
DM-15-07-06-01,2025-09,1.178,0.283,316.25,0.9,red,19.46,8.16,138.48,11.3,red,7.0,30.0,2026-09-25,2026-10-01,2026-10-02 08:14:33
DM-15-07-07-01,2025-09,21.726,18.928,14.78,2.8,yellow,720.75,699.52,3.03,21.23,green,7.0,30.0,2026-09-25,2026-10-01,2026-10-02 08:14:33
DM-15-08-01-01,2025-09,29.861,,,,gray,1143.23,2441.78,-53.18,-1298.55,green,7.0,30.0,2026-09-25,2026-10-01,2026-10-02 08:14:33
DM-15-08-01-02,2025-09,100.661,0.01,1006510.0,100.65,red,4139.64,0.24,1724750.0,4139.4,red,7.0,30.0,2026-09-25,2026-10-01,2026-10-02 08:14:33
DM-15-08-02-01,2025-09,0.0,0.0,,,gray,0.0,0.0,,,gray,7.0,30.0,2026-09-25,2026-10-01,2026-10-02 08:14:33
DM-15-08-03-01,2025-09,88.122,163.825,-46.21,-75.7,green,3836.24,4071.34,-5.77,-235.1,green,7.0,30.0,2026-09-25,2026-10-01,2026-10-02 08:14:33
DM-15-08-04-01,2025-09,165.005,165.913,-0.55,-0.91,green,3703.82,3701.66,0.06,2.16,green,7.0,30.0,2026-09-25,2026-10-01,2026-10-02 08:14:33
DM-15-08-05-01,2025-09,113.864,88.15,29.17,25.71,red,4720.25,4119.58,14.58,600.67,yellow,7.0,30.0,2026-09-25,2026-10-01,2026-10-02 08:14:33
DM-15-08-06-01,2025-09,48.818,84.195,-42.02,-35.38,green,1729.09,2642.98,-34.58,-913.89,green,7.0,30.0,2026-09-25,2026-10-01,2026-10-02 08:14:33
DM-15-08-06-02,2025-09,11.897,32.937,-63.88,-21.04,green,272.52,638.38,-57.31,-365.86,green,7.0,30.0,2026-09-25,2026-10-01,2026-10-02 08:14:33
DM-15-08-06-03,2025-09,48.527,85.59,-43.3,-37.06,green,2185.19,2492.23,-12.32,-307.04,green,7.0,30.0,2026-09-25,2026-10-01,2026-10-02 08:14:33
DM-15-08-07-01,2025-09,25.297,40.585,-37.67,-15.29,green,1000.97,1697.33,-41.03,-696.36,green,7.0,30.0,2026-09-25,2026-10-01,2026-10-02 08:14:33
DM-15-09-01-01,2025-09,119.601,142.682,-16.18,-23.08,green,5083.09,5902.95,-13.89,-819.86,green,7.0,30.0,2026-09-25,2026-10-01,2026-10-02 08:14:33
DM-15-09-01-02,2025-09,16.682,45.208,-63.1,-28.53,green,931.23,1103.7,-15.63,-172.47,green,7.0,30.0,2026-09-25,2026-10-01,2026-10-02 08:14:33
DM-15-09-02-01,2025-09,,126.58,,,gray,3188.77,2710.34,17.65,478.43,yellow,7.0,30.0,2026-09-25,2026-10-01,2026-10-02 08:14:33
DM-15-09-02-02,2025-09,0.0,1.707,-100.0,-1.71,green,0.0,34.11,-100.0,-34.11,green,7.0,30.0,2026-09-25,2026-10-01,2026-10-02 08:14:33
DM-15-09-03-01,2025-09,0.0,1.936,-100.0,-1.94,green,0.0,113.5,-100.0,-113.5,green,7.0,30.0,2026-09-25,2026-10-01,2026-10-02 08:14:33
DM-15-09-03-02,2025-09,92.929,0.0,,,gray,3496.59,0.0,,,gray,7.0,30.0,2026-09-25,2026-10-01,2026-10-02 08:14:33
DM-15-09-05-01,2025-09,59.135,56.499,4.67,2.64,green,2201.13,2054.71,7.13,146.42,yellow,7.0,30.0,2026-09-25,2026-10-01,2026-10-02 08:14:33
DM-15-09-05-02,2025-09,0.0,0.058,-100.0,-0.06,green,0.0,1.25,-100.0,-1.25,green,7.0,30.0,2026-09-25,2026-10-01,2026-10-02 08:14:33
DM-15-09-05-03,2025-09,24.401,,,,gray,1235.72,1352.61,-8.64,-116.89,green,7.0,30.0,2026-09-25,2026-10-01,2026-10-02 08:14:33
DM-15-09-06-01,2025-09,103.112,117.213,-12.03,-14.1,green,3116.82,3613.72,-13.75,-496.9,green,7.0,30.0,2026-09-25,2026-10-01,2026-10-02 08:14:33
DM-15-09-07-01,2025-09,115.941,152.565,-24.01,-36.62,green,4339.59,4373.39,-0.77,-33.8,green,7.0,30.0,2026-09-25,2026-10-01,2026-10-02 08:14:33
DM-16-02-01-01,2025-09,97.991,123.098,-20.4,-25.11,green,3291.02,4136.16,-20.43,-845.14,green,7.0,30.0,2026-09-25,2026-10-01,2026-10-02 08:14:33
DM-16-02-01-02,2025-09,70.831,169.514,-58.22,-98.68,green,2474.82,5728.25,-56.8,-3253.43,green,7.0,30.0,2026-09-25,2026-10-01,2026-10-02 08:14:33
DM-16-02-02-01,2025-09,36.492,48.848,-25.29,-12.36,green,1596.69,1989.07,-19.73,-392.38,green,7.0,30.0,2026-09-25,2026-10-01,2026-10-02 08:14:33
DM-16-02-02-02,2025-09,30.187,29.769,1.4,0.42,green,1573.96,1555.0,1.22,18.96,green,7.0,30.0,2026-09-25,2026-10-01,2026-10-02 08:14:33
DM-16-02-03-01,2025-09,155.84,140.622,10.82,15.22,yellow,4881.48,4901.37,-0.41,-19.89,green,7.0,30.0,2026-09-25,2026-10-01,2026-10-02 08:14:33
DM-16-02-03-02,2025-09,14.511,36.957,-60.74,-22.45,green,1628.69,1919.96,-15.17,-291.27,green,7.0,30.0,2026-09-25,2026-10-01,2026-10-02 08:14:33
DM-16-02-04-01,2025-09,122.159,86.272,41.6,35.89,red,4533.93,3782.54,19.86,751.39,yellow,7.0,30.0,2026-09-25,2026-10-01,2026-10-02 08:14:33
DM-16-02-04-02,2025-09,96.344,87.787,9.75,8.56,yellow,3672.05,3406.91,7.78,265.14,yellow,7.0,30.0,2026-09-25,2026-10-01,2026-10-02 08:14:33
DM-16-02-05-01,2025-09,41.234,100.022,-58.78,-58.79,green,1965.98,1874.46,4.88,91.52,green,7.0,30.0,2026-09-25,2026-10-01,2026-10-02 08:14:33
DM-16-02-06-01,2025-09,32.605,33.47,-2.58,-0.87,green,1605.91,1579.15,1.69,26.76,green,7.0,30.0,2026-09-25,2026-10-01,2026-10-02 08:14:33
DM-16-03-01-01,2025-09,63.486,57.96,9.53,5.53,yellow,2835.13,2597.89,9.13,237.24,yellow,7.0,30.0,2026-09-25,2026-10-01,2026-10-02 08:14:33
DM-16-03-02-01,2025-09,6.94,13.442,-48.37,-6.5,green,295.07,444.03,-33.55,-148.96,green,7.0,30.0,2026-09-25,2026-10-01,2026-10-02 08:14:33
DM-16-03-02-02,2025-09,70.586,122.141,-42.21,-51.56,green,2823.44,2406.94,17.3,416.5,yellow,7.0,30.0,2026-09-25,2026-10-01,2026-10-02 08:14:33
DM-16-03-03-01,2025-09,20.498,,,,gray,880.49,602.8,46.07,277.69,red,7.0,30.0,2026-09-25,2026-10-01,2026-10-02 08:14:33
DM-16-03-04-01,2025-09,71.421,68.784,3.83,2.64,green,2553.73,2838.67,-10.04,-284.94,green,7.0,30.0,2026-09-25,2026-10-01,2026-10-02 08:14:33
DM-16-03-05-01,2025-09,85.111,87.253,-2.45,-2.14,green,3966.33,4036.25,-1.73,-69.92,green,7.0,30.0,2026-09-25,2026-10-01,2026-10-02 08:14:33
DM-16-03-05-02,2025-09,50.081,50.101,-0.04,-0.02,green,2233.76,2266.58,-1.45,-32.82,green,7.0,30.0,2026-09-25,2026-10-01,2026-10-02 08:14:33
DM-16-03-06-01,2025-09,154.782,193.828,-20.14,-39.05,green,5420.45,5274.37,2.77,146.08,green,7.0,30.0,2026-09-25,2026-10-01,2026-10-02 08:14:33
DM-16-03-07-01,2025-09,38.007,24.439,55.52,13.57,red,1806.71,1502.36,20.26,304.35,red,7.0,30.0,2026-09-25,2026-10-01,2026-10-02 08:14:33
DM-16-03-08-01,2025-09,67.723,82.37,-17.78,-14.65,green,2931.74,3408.35,-13.98,-476.61,green,7.0,30.0,2026-09-25,2026-10-01,2026-10-02 08:14:33
DM-16-04-01-01,2025-09,58.002,57.314,1.2,0.69,green,2340.74,2438.29,-4.0,-97.55,green,7.0,30.0,2026-09-25,2026-10-01,2026-10-02 08:14:33
DM-16-04-02-01,2025-09,37.332,0.0,,,gray,1800.87,29.02,6105.62,1771.85,red,7.0,30.0,2026-09-25,2026-10-01,2026-10-02 08:14:33
DM-16-04-03-01,2025-09,41.082,62.758,-34.54,-21.68,green,1839.78,2315.45,-20.54,-475.67,green,7.0,30.0,2026-09-25,2026-10-01,2026-10-02 08:14:33
DM-16-04-03-02,2025-09,47.95,125.815,-61.89,-77.86,green,1847.47,4434.61,-58.34,-2587.14,green,7.0,30.0,2026-09-25,2026-10-01,2026-10-02 08:14:33
DM-16-04-04-01,2025-09,64.669,49.08,31.76,15.59,red,2391.49,1947.86,22.78,443.63,red,7.0,30.0,2026-09-25,2026-10-01,2026-10-02 08:14:33
DM-16-04-05-01,2025-09,136.162,261.967,-48.02,-125.8,green,5066.11,5254.05,-3.58,-187.94,green,7.0,30.0,2026-09-25,2026-10-01,2026-10-02 08:14:33
DM-16-04-05-02,2025-09,61.022,0.0,,,gray,2714.15,0.0,,,gray,7.0,30.0,2026-09-25,2026-10-01,2026-10-02 08:14:33
DM-16-04-06-01,2025-09,,,,,gray,6293.69,7305.98,-13.86,-1012.29,green,7.0,30.0,2026-09-25,2026-10-01,2026-10-02 08:14:33
DM-16-04-07-01,2025-09,20.214,49.535,-59.19,-29.32,green,1004.83,1860.7,-46.0,-855.87,green,7.0,30.0,2026-09-25,2026-10-01,2026-10-02 08:14:33
DM-16-05-01-01,2025-09,91.292,110.643,-17.49,-19.35,green,4306.46,4854.64,-11.29,-548.18,green,7.0,30.0,2026-09-25,2026-10-01,2026-10-02 08:14:33
DM-16-05-02-01,2025-09,93.18,148.203,-37.13,-55.02,green,3643.11,3034.01,20.08,609.1,red,7.0,30.0,2026-09-25,2026-10-01,2026-10-02 08:14:33
DM-16-05-02-02,2025-09,,100.488,,,gray,2498.3,2281.74,9.49,216.56,yellow,7.0,30.0,2026-09-25,2026-10-01,2026-10-02 08:14:33
DM-16-05-03-01,2025-09,142.348,153.545,-7.29,-11.2,green,5448.18,5331.75,2.18,116.43,green,7.0,30.0,2026-09-25,2026-10-01,2026-10-02 08:14:33
DM-16-05-03-02,2025-09,6.889,68.314,-89.92,-61.42,green,533.55,2154.06,-75.23,-1620.51,green,7.0,30.0,2026-09-25,2026-10-01,2026-10-02 08:14:33
DM-16-05-04-01,2025-09,146.415,130.945,11.81,15.47,yellow,5893.27,5207.18,13.18,686.09,yellow,7.0,30.0,2026-09-25,2026-10-01,2026-10-02 08:14:33
DM-16-05-05-01,2025-09,40.23,27.609,45.71,12.62,red,1783.96,1608.62,10.9,175.34,yellow,7.0,30.0,2026-09-25,2026-10-01,2026-10-02 08:14:33
DM-16-06-01-01,2025-09,27.571,50.534,-45.44,-22.96,green,1189.86,1182.4,0.63,7.46,green,7.0,30.0,2026-09-25,2026-10-01,2026-10-02 08:14:33
DM-16-06-01-02,2025-09,,,,,gray,4190.27,4820.17,-13.07,-629.9,green,7.0,30.0,2026-09-25,2026-10-01,2026-10-02 08:14:33
DM-16-06-02-01,2025-09,70.492,173.702,-59.42,-103.21,green,3515.36,3783.22,-7.08,-267.86,green,7.0,30.0,2026-09-25,2026-10-01,2026-10-02 08:14:33
DM-16-06-03-01,2025-09,57.678,64.233,-10.21,-6.56,green,2632.96,2896.69,-9.1,-263.73,green,7.0,30.0,2026-09-25,2026-10-01,2026-10-02 08:14:33
DM-16-06-03-02,2025-09,473.863,476.133,-0.48,-2.27,green,10651.01,12090.23,-11.9,-1439.22,green,7.0,30.0,2026-09-25,2026-10-01,2026-10-02 08:14:33
DM-16-06-04-01,2025-09,37.874,36.601,3.48,1.27,green,1653.38,1685.06,-1.88,-31.68,green,7.0,30.0,2026-09-25,2026-10-01,2026-10-02 08:14:33
DM-16-06-04-02,2025-09,13.989,14.803,-5.5,-0.81,green,646.7,709.68,-8.87,-62.98,green,7.0,30.0,2026-09-25,2026-10-01,2026-10-02 08:14:33
DM-16-06-04-03,2025-09,7.327,8.082,-9.34,-0.76,green,380.27,449.82,-15.46,-69.55,green,7.0,30.0,2026-09-25,2026-10-01,2026-10-02 08:14:33
DM-16-06-05-01,2025-09,71.261,77.118,-7.59,-5.86,green,3196.62,3929.51,-18.65,-732.89,green,7.0,30.0,2026-09-25,2026-10-01,2026-10-02 08:14:33
DM-16-06-05-02,2025-09,289.628,11.101,2509.03,278.53,red,7930.12,814.85,873.2,7115.27,red,7.0,30.0,2026-09-25,2026-10-01,2026-10-02 08:14:33
DM-16-07-01-01,2025-09,107.434,188.449,-42.99,-81.02,green,4151.5,4189.77,-0.91,-38.27,green,7.0,30.0,2026-09-25,2026-10-01,2026-10-02 08:14:33
DM-16-07-02-01,2025-09,146.466,,,,gray,5288.46,5562.95,-4.93,-274.49,green,7.0,30.0,2026-09-25,2026-10-01,2026-10-02 08:14:33
DM-16-07-03-01,2025-09,145.21,153.221,-5.23,-8.01,green,5258.83,5780.97,-9.03,-522.14,green,7.0,30.0,2026-09-25,2026-10-01,2026-10-02 08:14:33
DM-16-07-04-01,2025-09,22.492,,,,gray,823.5,818.2,0.65,5.3,green,7.0,30.0,2026-09-25,2026-10-01,2026-10-02 08:14:33
DM-16-07-04-02,2025-09,206.467,65.586,214.8,140.88,red,5650.56,2292.32,146.5,3358.24,red,7.0,30.0,2026-09-25,2026-10-01,2026-10-02 08:14:33
DM-16-07-05-01,2025-09,65.644,51.252,28.08,14.39,red,2241.36,1837.18,22.0,404.18,red,7.0,30.0,2026-09-25,2026-10-01,2026-10-02 08:14:33
DM-16-07-06-02,2025-09,122.172,94.855,28.8,27.32,red,5310.59,3928.39,35.18,1382.2,red,7.0,30.0,2026-09-25,2026-10-01,2026-10-02 08:14:33
DM-16-07-07-01,2025-09,49.397,49.956,-1.12,-0.56,green,2199.4,2059.48,6.79,139.92,yellow,7.0,30.0,2026-09-25,2026-10-01,2026-10-02 08:14:33
DM-16-07-07-02,2025-09,89.517,71.016,26.05,18.5,red,3374.18,2695.0,25.2,679.18,red,7.0,30.0,2026-09-25,2026-10-01,2026-10-02 08:14:33
DM-16-07-08-01,2025-09,54.234,82.991,-34.65,-28.76,green,2797.18,3696.09,-24.32,-898.91,green,7.0,30.0,2026-09-25,2026-10-01,2026-10-02 08:14:33
DM-16-07-08-02,2025-09,3.195,5.395,-40.78,-2.2,green,520.98,155.93,234.11,365.05,red,7.0,30.0,2026-09-25,2026-10-01,2026-10-02 08:14:33
DM-16-07-09-01,2025-09,115.688,81.567,41.83,34.12,red,4676.62,3151.47,48.39,1525.15,red,7.0,30.0,2026-09-25,2026-10-01,2026-10-02 08:14:33
DM-16-08-01-01,2025-09,106.694,,,,gray,4233.59,5127.28,-17.43,-893.69,green,7.0,30.0,2026-09-25,2026-10-01,2026-10-02 08:14:33
DM-16-08-02-01,2025-09,128.603,147.893,-13.04,-19.29,green,5668.89,6379.93,-11.14,-711.04,green,7.0,30.0,2026-09-25,2026-10-01,2026-10-02 08:14:33
DM-16-08-02-02,2025-09,11.198,53.063,-78.9,-41.87,green,520.15,2049.84,-74.62,-1529.69,green,7.0,30.0,2026-09-25,2026-10-01,2026-10-02 08:14:33
DM-16-08-03-01,2025-09,91.516,0.0,,,gray,3510.21,0.0,,,gray,7.0,30.0,2026-09-25,2026-10-01,2026-10-02 08:14:33
DM-16-08-04-01,2025-09,100.462,86.502,16.14,13.96,yellow,3646.9,3876.21,-5.92,-229.31,green,7.0,30.0,2026-09-25,2026-10-01,2026-10-02 08:14:33
DM-16-08-04-02,2025-09,58.49,54.118,8.08,4.37,yellow,2668.59,2542.2,4.97,126.39,green,7.0,30.0,2026-09-25,2026-10-01,2026-10-02 08:14:33
DM-17-01-02-01,2025-09,78.869,87.221,-9.58,-8.35,green,2897.52,2917.52,-0.69,-20.0,green,7.0,30.0,2026-09-25,2026-10-01,2026-10-02 08:14:33
DM-17-01-02-02,2025-09,,,,,gray,3515.84,3544.1,-0.8,-28.26,green,7.0,30.0,2026-09-25,2026-10-01,2026-10-02 08:14:33
DM-17-01-03-01,2025-09,108.49,100.897,7.53,7.59,yellow,3726.13,3391.6,9.86,334.53,yellow,7.0,30.0,2026-09-25,2026-10-01,2026-10-02 08:14:33
DM-17-01-03-02,2025-09,133.11,102.815,29.47,30.3,red,4226.15,3232.3,30.75,993.85,red,7.0,30.0,2026-09-25,2026-10-01,2026-10-02 08:14:33
DM-17-01-04-01,2025-09,96.407,82.999,16.15,13.41,yellow,3853.71,3538.92,8.9,314.79,yellow,7.0,30.0,2026-09-25,2026-10-01,2026-10-02 08:14:33
DM-17-01-05-01,2025-09,103.455,110.35,-6.25,-6.89,green,3848.94,3956.2,-2.71,-107.26,green,7.0,30.0,2026-09-25,2026-10-01,2026-10-02 08:14:33
DM-17-01-05-02,2025-09,49.09,46.778,4.94,2.31,green,1906.5,1756.47,8.54,150.03,yellow,7.0,30.0,2026-09-25,2026-10-01,2026-10-02 08:14:33
DM-17-01-06-01,2025-09,47.072,51.821,-9.16,-4.75,green,1607.66,1726.61,-6.89,-118.95,green,7.0,30.0,2026-09-25,2026-10-01,2026-10-02 08:14:33
DM-17-01-06-02,2025-09,37.869,23.479,61.29,14.39,red,719.13,1053.29,-31.73,-334.16,green,7.0,30.0,2026-09-25,2026-10-01,2026-10-02 08:14:33
DM-17-01-07-02,2025-09,147.88,156.26,-5.36,-8.38,green,5022.29,5117.98,-1.87,-95.69,green,7.0,30.0,2026-09-25,2026-10-01,2026-10-02 08:14:33
DM-17-01-08-01,2025-09,15.733,45.175,-65.17,-29.44,green,1032.36,2427.1,-57.47,-1394.74,green,7.0,30.0,2026-09-25,2026-10-01,2026-10-02 08:14:33
DM-17-01-08-02,2025-09,36.012,56.452,-36.21,-20.44,green,1927.56,2252.33,-14.42,-324.77,green,7.0,30.0,2026-09-25,2026-10-01,2026-10-02 08:14:33
DM-17-01-08-03,2025-09,30.068,13.906,116.22,16.16,red,1333.64,720.02,85.22,613.62,red,7.0,30.0,2026-09-25,2026-10-01,2026-10-02 08:14:33
DM-17-01-09-01,2025-09,210.556,180.896,16.4,29.66,yellow,6123.37,5130.72,19.35,992.65,yellow,7.0,30.0,2026-09-25,2026-10-01,2026-10-02 08:14:33
DM-17-01-10-01,2025-09,134.558,133.141,1.06,1.42,green,4813.56,4818.97,-0.11,-5.41,green,7.0,30.0,2026-09-25,2026-10-01,2026-10-02 08:14:33
DM-17-01-10-02,2025-09,41.243,52.114,-20.86,-10.87,green,1649.43,1821.59,-9.45,-172.16,green,7.0,30.0,2026-09-25,2026-10-01,2026-10-02 08:14:33
DM-17-01-11-01,2025-09,24.105,17.512,37.65,6.59,red,1168.43,900.14,29.81,268.29,red,7.0,30.0,2026-09-25,2026-10-01,2026-10-02 08:14:33
DM-17-01-11-02,2025-09,0.05,0.0,,,gray,1.2,0.02,5900.0,1.18,red,7.0,30.0,2026-09-25,2026-10-01,2026-10-02 08:14:33
DM-17-01-11-03,2025-09,0.05,0.001,4900.0,0.05,red,1.2,0.02,5900.0,1.18,red,7.0,30.0,2026-09-25,2026-10-01,2026-10-02 08:14:33
DM-17-01-11-04,2025-09,0.979,0.542,80.63,0.44,red,23.12,9.07,154.91,14.05,red,7.0,24.0,2026-09-25,2026-10-01,2026-10-02 08:14:33
DM-17-02-02-01,2025-09,164.659,40.87,302.88,123.79,red,7281.4,2110.21,245.06,5171.19,red,7.0,30.0,2026-09-25,2026-10-01,2026-10-02 08:14:33
DM-17-03-01-01,2025-09,127.467,115.018,10.82,12.45,yellow,4787.38,4638.17,3.22,149.21,green,7.0,30.0,2026-09-25,2026-10-01,2026-10-02 08:14:33
DM-17-03-01-02,2025-09,139.114,114.815,21.16,24.3,red,5509.23,5415.65,1.73,93.58,green,7.0,30.0,2026-09-25,2026-10-01,2026-10-02 08:14:33
DM-17-03-02-01,2025-09,55.418,58.779,-5.72,-3.36,green,1451.56,1605.54,-9.59,-153.98,green,7.0,30.0,2026-09-25,2026-10-01,2026-10-02 08:14:33
DM-17-03-03-01,2025-09,0.05,45.178,-99.89,-45.13,green,4.73,1902.26,-99.75,-1897.53,green,7.0,30.0,2026-09-25,2026-10-01,2026-10-02 08:14:33
DM-17-03-03-02,2025-09,0.0,0.0,,,gray,0.0,0.0,,,gray,7.0,30.0,2026-09-25,2026-10-01,2026-10-02 08:14:33
DM-17-03-03-03,2025-09,69.356,65.603,5.72,3.75,yellow,3177.92,3130.79,1.51,47.13,green,7.0,30.0,2026-09-25,2026-10-01,2026-10-02 08:14:33
DM-17-03-04-01,2025-09,9.485,9.698,-2.2,-0.21,green,480.14,469.09,2.36,11.05,green,7.0,30.0,2026-09-25,2026-10-01,2026-10-02 08:14:33
DM-17-03-04-02,2025-09,0.004,0.001,300.0,0.0,red,0.32,0.15,113.33,0.17,red,7.0,30.0,2026-09-25,2026-10-01,2026-10-02 08:14:33
DM-17-03-05-02,2025-09,138.104,98.066,40.83,40.04,red,5113.47,3048.29,67.75,2065.18,red,7.0,30.0,2026-09-25,2026-10-01,2026-10-02 08:14:33
DM-17-03-05-03,2025-09,256.222,317.625,-19.33,-61.4,green,6373.97,10045.08,-36.55,-3671.11,green,7.0,30.0,2026-09-25,2026-10-01,2026-10-02 08:14:33
DM-17-03-05-04,2025-09,125.871,122.482,2.77,3.39,green,4772.83,4276.3,11.61,496.53,yellow,7.0,30.0,2026-09-25,2026-10-01,2026-10-02 08:14:33
DM-17-03-06-01,2025-09,140.22,145.967,-3.94,-5.75,green,4757.81,5739.76,-17.11,-981.95,green,7.0,30.0,2026-09-25,2026-10-01,2026-10-02 08:14:33
DM-17-03-06-02,2025-09,117.409,133.82,-12.26,-16.41,green,4903.62,5280.61,-7.14,-376.99,green,7.0,30.0,2026-09-25,2026-10-01,2026-10-02 08:14:33
DM-17-03-07-01,2025-09,64.715,59.552,8.67,5.16,yellow,2595.49,2200.52,17.95,394.97,yellow,7.0,30.0,2026-09-25,2026-10-01,2026-10-02 08:14:33
DM-17-03-07-02,2025-09,95.594,109.285,-12.53,-13.69,green,4499.36,4895.65,-8.09,-396.29,green,7.0,30.0,2026-09-25,2026-10-01,2026-10-02 08:14:33
DM-17-04-01-01,2025-09,166.09,129.01,28.74,37.08,red,4398.28,4171.17,5.44,227.11,yellow,7.0,30.0,2026-09-25,2026-10-01,2026-10-02 08:14:33
DM-17-04-01-02,2025-09,64.161,115.872,-44.63,-51.71,green,3143.02,4436.95,-29.16,-1293.93,green,7.0,30.0,2026-09-25,2026-10-01,2026-10-02 08:14:33
DM-17-04-02-01,2025-09,213.584,246.139,-13.23,-32.56,green,7755.38,8665.59,-10.5,-910.21,green,7.0,30.0,2026-09-25,2026-10-01,2026-10-02 08:14:33
DM-17-04-02-02,2025-09,139.493,51.332,171.75,88.16,red,5388.39,2487.77,116.6,2900.62,red,7.0,30.0,2026-09-25,2026-10-01,2026-10-02 08:14:33
DM-17-04-03-01,2025-09,99.823,104.105,-4.11,-4.28,green,3854.41,3863.63,-0.24,-9.22,green,7.0,30.0,2026-09-25,2026-10-01,2026-10-02 08:14:33
DM-17-04-03-02,2025-09,154.614,53.992,186.36,100.62,red,4956.35,864.91,473.05,4091.44,red,7.0,30.0,2026-09-25,2026-10-01,2026-10-02 08:14:33
DM-17-04-04-01,2025-09,143.457,236.001,-39.21,-92.54,green,6051.21,8406.18,-28.01,-2354.97,green,7.0,30.0,2026-09-25,2026-10-01,2026-10-02 08:14:33
DM-17-04-04-02,2025-09,57.497,0.01,574870.0,57.49,red,2811.01,0.24,1171154.17,2810.77,red,7.0,30.0,2026-09-25,2026-10-01,2026-10-02 08:14:33
DM-17-04-05-01,2025-09,0.001,0.819,-99.88,-0.82,green,0.03,21.71,-99.86,-21.68,green,7.0,30.0,2026-09-25,2026-10-01,2026-10-02 08:14:33
DM-17-04-05-02,2025-09,188.843,170.891,10.5,17.95,yellow,7252.9,7125.8,1.78,127.1,green,7.0,30.0,2026-09-25,2026-10-01,2026-10-02 08:14:33
DM-17-04-06-01,2025-09,95.399,94.994,0.43,0.41,green,4042.67,3934.55,2.75,108.12,green,7.0,30.0,2026-09-25,2026-10-01,2026-10-02 08:14:33
DM-17-04-06-02,2025-09,130.561,128.182,1.86,2.38,green,5324.87,5192.23,2.55,132.64,green,7.0,30.0,2026-09-25,2026-10-01,2026-10-02 08:14:33
DM-17-05-01-01,2025-09,195.59,149.463,30.86,46.13,red,8555.77,6369.85,34.32,2185.92,red,7.0,30.0,2026-09-25,2026-10-01,2026-10-02 08:14:33
DM-17-05-02-01,2025-09,153.477,113.245,35.53,40.23,red,6796.13,5621.68,20.89,1174.45,red,7.0,30.0,2026-09-25,2026-10-01,2026-10-02 08:14:33
DM-17-05-03-01,2025-09,50.25,54.922,-8.51,-4.67,green,2439.25,2464.0,-1.0,-24.75,green,7.0,30.0,2026-09-25,2026-10-01,2026-10-02 08:14:33
DM-17-05-04-01,2025-09,256.628,208.475,23.1,48.15,red,11890.95,10473.94,13.53,1417.01,yellow,7.0,30.0,2026-09-25,2026-10-01,2026-10-02 08:14:33
DM-17-05-05-01,2025-09,151.763,125.507,20.92,26.26,red,7341.84,6114.68,20.07,1227.16,red,7.0,30.0,2026-09-25,2026-10-01,2026-10-02 08:14:33
DM-17-05-05-02,2025-09,32.745,38.528,-15.01,-5.78,green,1926.39,2118.98,-9.09,-192.59,green,7.0,30.0,2026-09-25,2026-10-01,2026-10-02 08:14:33
DM-17-05-06-01,2025-09,239.927,219.769,9.17,20.16,yellow,8855.06,9079.84,-2.48,-224.78,green,7.0,30.0,2026-09-25,2026-10-01,2026-10-02 08:14:33
DM-17-06-01-01,2025-09,89.0,89.436,-0.49,-0.44,green,3313.87,3305.02,0.27,8.85,green,7.0,30.0,2026-09-25,2026-10-01,2026-10-02 08:14:33
DM-17-06-01-02,2025-09,154.674,152.089,1.7,2.59,green,5662.4,5618.78,0.78,43.62,green,7.0,30.0,2026-09-25,2026-10-01,2026-10-02 08:14:33
DM-17-06-02-01,2025-09,122.614,133.914,-8.44,-11.3,green,4709.5,5071.35,-7.14,-361.85,green,7.0,30.0,2026-09-25,2026-10-01,2026-10-02 08:14:33
DM-17-06-02-02,2025-09,192.694,181.023,6.45,11.67,yellow,6857.41,6272.38,9.33,585.03,yellow,7.0,30.0,2026-09-25,2026-10-01,2026-10-02 08:14:33
DM-17-06-03-01,2025-09,205.334,217.207,-5.47,-11.87,green,6839.72,7952.23,-13.99,-1112.51,green,7.0,30.0,2026-09-25,2026-10-01,2026-10-02 08:14:33
DM-17-06-04-01,2025-09,45.984,31.865,44.31,14.12,red,1714.66,1070.97,60.1,643.69,red,7.0,30.0,2026-09-25,2026-10-01,2026-10-02 08:14:33
DM-17-06-04-02,2025-09,43.728,43.872,-0.33,-0.14,green,1864.59,1820.52,2.42,44.07,green,7.0,30.0,2026-09-25,2026-10-01,2026-10-02 08:14:33
DM-17-06-04-03,2025-09,61.591,59.25,3.95,2.34,green,2484.08,2214.36,12.18,269.72,yellow,7.0,30.0,2026-09-25,2026-10-01,2026-10-02 08:14:33
DM-17-06-04-04,2025-09,0.0,0.01,-100.0,-0.01,green,6.92,0.24,2783.33,6.68,red,7.0,30.0,2026-09-25,2026-10-01,2026-10-02 08:14:33
DM-17-06-05-01,2025-09,209.795,186.08,12.74,23.71,yellow,8429.69,7699.99,9.48,729.7,yellow,7.0,30.0,2026-09-25,2026-10-01,2026-10-02 08:14:33
DM-17-06-06-01,2025-09,91.18,104.849,-13.04,-13.67,green,3535.41,3883.12,-8.95,-347.71,green,7.0,30.0,2026-09-25,2026-10-01,2026-10-02 08:14:33
DM-17-06-07-01,2025-09,76.489,83.641,-8.55,-7.15,green,3132.35,3305.69,-5.24,-173.34,green,7.0,30.0,2026-09-25,2026-10-01,2026-10-02 08:14:33
DM-17-06-07-02,2025-09,66.06,98.689,-33.06,-32.63,green,2869.47,4695.54,-38.89,-1826.07,green,7.0,30.0,2026-09-25,2026-10-01,2026-10-02 08:14:33
DM-17-06-08-01,2025-09,83.067,60.885,36.43,22.18,red,3207.65,2642.66,21.38,564.99,red,7.0,30.0,2026-09-25,2026-10-01,2026-10-02 08:14:33
DM-17-06-08-02,2025-09,86.74,78.46,10.55,8.28,yellow,3449.23,3212.21,7.38,237.02,yellow,7.0,30.0,2026-09-25,2026-10-01,2026-10-02 08:14:33
DM-17-07-01-01,2025-09,46.155,36.807,25.4,9.35,red,2036.46,1676.69,21.46,359.77,red,7.0,30.0,2026-09-25,2026-10-01,2026-10-02 08:14:33
DM-17-07-02-01,2025-09,0.05,107.695,-99.95,-107.64,green,4.21,3837.03,-99.89,-3832.82,green,7.0,30.0,2026-09-25,2026-10-01,2026-10-02 08:14:33
DM-17-07-03-01,2025-09,0.004,0.002,100.0,0.0,red,0.5,0.58,-13.79,-0.08,green,7.0,30.0,2026-09-25,2026-10-01,2026-10-02 08:14:33
DM-17-07-03-02,2025-09,73.22,46.363,57.93,26.86,red,3065.74,2044.16,49.98,1021.58,red,7.0,30.0,2026-09-25,2026-10-01,2026-10-02 08:14:33
DM-17-07-04-01,2025-09,63.574,65.888,-3.51,-2.31,green,2550.95,2604.22,-2.05,-53.27,green,7.0,30.0,2026-09-25,2026-10-01,2026-10-02 08:14:33
DM-17-07-04-02,2025-09,74.547,52.591,41.75,21.96,red,3333.61,2851.26,16.92,482.35,yellow,7.0,30.0,2026-09-25,2026-10-01,2026-10-02 08:14:33
DM-17-07-05-01,2025-09,24.728,40.226,-38.53,-15.5,green,1361.87,1976.79,-31.11,-614.92,green,7.0,30.0,2026-09-25,2026-10-01,2026-10-02 08:14:33
DM-17-07-06-01,2025-09,72.526,63.189,14.78,9.34,yellow,3518.28,3040.05,15.73,478.23,yellow,7.0,30.0,2026-09-25,2026-10-01,2026-10-02 08:14:33
DM-17-07-06-02,2025-09,98.438,86.29,14.08,12.15,yellow,4732.54,4214.49,12.29,518.05,yellow,7.0,30.0,2026-09-25,2026-10-01,2026-10-02 08:14:33
DM-17-07-07-01,2025-09,62.988,64.174,-1.85,-1.19,green,2560.76,2431.4,5.32,129.36,yellow,7.0,30.0,2026-09-25,2026-10-01,2026-10-02 08:14:33
DM-17-07-07-02,2025-09,36.525,62.751,-41.79,-26.23,green,1727.87,2327.64,-25.77,-599.77,green,7.0,30.0,2026-09-25,2026-10-01,2026-10-02 08:14:33
DM-17-07-08-01,2025-09,92.98,,,,gray,4030.65,,,,gray,7.0,,2026-09-25,2026-10-01,2026-10-02 08:14:33
DM-17-07-08-02,2025-09,25.648,42.257,-39.3,-16.61,green,998.15,1783.18,-44.02,-785.03,green,7.0,30.0,2026-09-25,2026-10-01,2026-10-02 08:14:33
DM-17-07-09-01,2025-09,314.43,255.279,23.17,59.15,red,8119.77,7677.96,5.75,441.81,yellow,7.0,30.0,2026-09-25,2026-10-01,2026-10-02 08:14:33
DM-17-07-09-02,2025-09,27.437,29.425,-6.76,-1.99,green,1730.73,1658.15,4.38,72.58,green,7.0,30.0,2026-09-25,2026-10-01,2026-10-02 08:14:33
DM-17-07-09-03,2025-09,3.151,138.523,-97.73,-135.37,green,121.45,5260.35,-97.69,-5138.9,green,7.0,30.0,2026-09-25,2026-10-01,2026-10-02 08:14:33
DM-17-07-09-04,2025-09,152.349,0.0,,,gray,5713.06,0.0,,,gray,7.0,30.0,2026-09-25,2026-10-01,2026-10-02 08:14:33
DM-17-07-09-05,2025-09,53.029,45.993,15.3,7.04,yellow,2424.82,2230.82,8.7,194.0,yellow,7.0,30.0,2026-09-25,2026-10-01,2026-10-02 08:14:33
DM-17-07-10-01,2025-09,0.05,0.0,,,gray,1.2,0.01,11900.0,1.19,red,7.0,30.0,2026-09-25,2026-10-01,2026-10-02 08:14:33
DM-17-07-10-02,2025-09,92.602,65.601,41.16,27.0,red,3140.95,2243.89,39.98,897.06,red,7.0,30.0,2026-09-25,2026-10-01,2026-10-02 08:14:33
DM-17-07-10-03,2025-09,1.321,500.0,-99.74,-498.68,green,44.94,12000.0,-99.63,-11955.06,green,7.0,30.0,2026-09-25,2026-10-01,2026-10-02 08:14:33
DM-17-08-01-01,2025-09,0.0,0.0,,,gray,0.0,0.0,,,gray,7.0,30.0,2026-09-25,2026-10-01,2026-10-02 08:14:33
DM-17-08-01-02,2025-09,370.68,265.001,39.88,105.68,red,12334.28,11193.15,10.19,1141.13,yellow,7.0,30.0,2026-09-25,2026-10-01,2026-10-02 08:14:33
DM-17-08-02-01,2025-09,172.812,198.686,-13.02,-25.87,green,7189.7,8459.18,-15.01,-1269.48,green,7.0,30.0,2026-09-25,2026-10-01,2026-10-02 08:14:33
DM-17-08-02-03,2025-09,0.229,192.026,-99.88,-191.8,green,2.23,4205.84,-99.95,-4203.61,green,7.0,30.0,2026-09-25,2026-10-01,2026-10-02 08:14:33
DM-17-08-03-01,2025-09,12.551,352.688,-96.44,-340.14,green,393.37,7332.18,-94.64,-6938.81,green,7.0,30.0,2026-09-25,2026-10-01,2026-10-02 08:14:33
DM-17-08-04-01,2025-09,57.207,49.757,14.97,7.45,yellow,2130.05,1870.16,13.9,259.89,yellow,7.0,30.0,2026-09-25,2026-10-01,2026-10-02 08:14:33
DM-17-08-04-02,2025-09,69.58,85.531,-18.65,-15.95,green,3467.02,4317.17,-19.69,-850.15,green,7.0,30.0,2026-09-25,2026-10-01,2026-10-02 08:14:33
DM-17-08-04-03,2025-09,10.1,2.43,315.64,7.67,red,415.78,147.59,181.71,268.19,red,7.0,30.0,2026-09-25,2026-10-01,2026-10-02 08:14:33
DM-17-08-04-04,2025-09,5.499,4.643,18.44,0.86,yellow,303.9,315.79,-3.77,-11.89,green,7.0,30.0,2026-09-25,2026-10-01,2026-10-02 08:14:33
DM-17-08-04-05,2025-09,0.368,0.974,-62.22,-0.61,green,10.82,23.48,-53.92,-12.66,green,7.0,30.0,2026-09-25,2026-10-01,2026-10-02 08:14:33
DM-17-09-01-01,2025-09,67.392,,,,gray,3037.57,7214.71,-57.9,-4177.14,green,7.0,30.0,2026-09-25,2026-10-01,2026-10-02 08:14:33
DM-17-09-01-02,2025-09,133.918,,,,gray,4855.65,5824.89,-16.64,-969.24,green,7.0,30.0,2026-09-25,2026-10-01,2026-10-02 08:14:33
DM-17-09-02-02,2025-09,229.021,180.143,27.13,48.88,red,9417.96,8517.6,10.57,900.36,yellow,7.0,30.0,2026-09-25,2026-10-01,2026-10-02 08:14:33
DM-17-09-03-01,2025-09,0.0,236.818,-100.0,-236.82,green,0.0,6771.75,-100.0,-6771.75,green,7.0,30.0,2026-09-25,2026-10-01,2026-10-02 08:14:33
DM-17-09-04-01,2025-09,141.53,203.705,-30.52,-62.18,green,4596.91,7838.57,-41.36,-3241.66,green,7.0,30.0,2026-09-25,2026-10-01,2026-10-02 08:14:33
DM-17-09-05-01,2025-09,0.05,0.002,2400.0,0.05,red,1.2,0.09,1233.33,1.11,red,7.0,30.0,2026-09-25,2026-10-01,2026-10-02 08:14:33
DM-17-09-06-01,2025-09,77.494,81.442,-4.85,-3.95,green,4496.94,3856.98,16.59,639.96,yellow,7.0,30.0,2026-09-25,2026-10-01,2026-10-02 08:14:33
DM-17-09-07-01,2025-09,77.386,82.27,-5.94,-4.88,green,2468.27,2899.7,-14.88,-431.43,green,7.0,30.0,2026-09-25,2026-10-01,2026-10-02 08:14:33
DM-17-09-07-02,2025-09,,,,,gray,620.87,195.38,217.78,425.49,red,7.0,30.0,2026-09-25,2026-10-01,2026-10-02 08:14:33
DM-17-09-07-03,2025-09,499.862,499.702,0.03,0.16,green,10713.38,11998.57,-10.71,-1285.19,green,7.0,30.0,2026-09-25,2026-10-01,2026-10-02 08:14:33
DM-17-10-04-01,2025-09,39.345,53.939,-27.06,-14.59,green,1994.85,2392.69,-16.63,-397.84,green,7.0,30.0,2026-09-25,2026-10-01,2026-10-02 08:14:33
DM-17-10-04-02,2025-09,0.0,0.0,,,gray,0.0,0.0,,,gray,7.0,30.0,2026-09-25,2026-10-01,2026-10-02 08:14:33
DM-17-10-05-01,2025-09,500.0,107.723,364.15,392.28,red,11996.27,4117.21,191.37,7879.06,red,7.0,30.0,2026-09-25,2026-10-01,2026-10-02 08:14:33
DM-17-10-06-01,2025-09,136.591,160.771,-15.04,-24.18,green,6047.24,6718.03,-9.98,-670.79,green,7.0,30.0,2026-09-25,2026-10-01,2026-10-02 08:14:33
DM-17-10-07-01,2025-09,0.05,0.0,,,gray,1.2,0.02,5900.0,1.18,red,7.0,30.0,2026-09-25,2026-10-01,2026-10-02 08:14:33
DM-17-10-07-02,2025-09,0.05,62.132,-99.92,-62.08,green,4.5,2665.61,-99.83,-2661.11,green,7.0,30.0,2026-09-25,2026-10-01,2026-10-02 08:14:33
DM-17-11-01-02,2025-09,1.99,2.215,-10.16,-0.22,green,212.44,216.47,-1.86,-4.03,green,7.0,30.0,2026-09-25,2026-10-01,2026-10-02 08:14:33
DM-17-11-01-03,2025-09,61.269,89.081,-31.22,-27.81,green,3551.7,3606.33,-1.51,-54.63,green,7.0,30.0,2026-09-25,2026-10-01,2026-10-02 08:14:33
DM-17-11-01-04,2025-09,20.868,65.267,-68.03,-44.4,green,1439.09,2315.19,-37.84,-876.1,green,7.0,30.0,2026-09-25,2026-10-01,2026-10-02 08:14:33
DM-17-11-02-01,2025-09,46.444,50.559,-8.14,-4.11,green,2598.46,2322.78,11.87,275.68,yellow,7.0,30.0,2026-09-25,2026-10-01,2026-10-02 08:14:33
DM-17-11-02-02,2025-09,54.93,83.001,-33.82,-28.07,green,2959.05,3510.16,-15.7,-551.11,green,7.0,30.0,2026-09-25,2026-10-01,2026-10-02 08:14:33
DM-17-11-02-03,2025-09,57.639,81.86,-29.59,-24.22,green,3033.06,3854.96,-21.32,-821.9,green,7.0,30.0,2026-09-25,2026-10-01,2026-10-02 08:14:33
DM-17-11-02-04,2025-09,56.645,106.455,-46.79,-49.81,green,3155.34,4951.82,-36.28,-1796.48,green,7.0,30.0,2026-09-25,2026-10-01,2026-10-02 08:14:33
DM-17-11-02-05,2025-09,0.814,0.889,-8.44,-0.08,green,30.59,34.06,-10.19,-3.47,green,7.0,30.0,2026-09-25,2026-10-01,2026-10-02 08:14:33
DM-17-11-03-01,2025-09,45.25,32.891,37.58,12.36,red,2350.4,1767.45,32.98,582.95,red,7.0,30.0,2026-09-25,2026-10-01,2026-10-02 08:14:33
DM-17-11-03-02,2025-09,497.296,42.466,1071.05,454.83,red,11982.0,940.25,1174.34,11041.75,red,7.0,30.0,2026-09-25,2026-10-01,2026-10-02 08:14:33
DM-17-11-03-03,2025-09,0.0,0.0,,,gray,0.52,0.0,,,gray,7.0,30.0,2026-09-25,2026-10-01,2026-10-02 08:14:33
DM-17-11-04-01,2025-09,54.945,61.182,-10.19,-6.24,green,2675.86,2958.56,-9.56,-282.7,green,7.0,30.0,2026-09-25,2026-10-01,2026-10-02 08:14:33
DM-17-11-04-02,2025-09,0.0,61.875,-100.0,-61.88,green,0.0,2280.44,-100.0,-2280.44,green,7.0,30.0,2026-09-25,2026-10-01,2026-10-02 08:14:33
DM-17-11-05-01,2025-09,181.1,76.695,136.13,104.41,red,5081.57,1698.31,199.21,3383.26,red,7.0,30.0,2026-09-25,2026-10-01,2026-10-02 08:14:33
DM-17-11-05-02,2025-09,165.17,102.958,60.42,62.21,red,4285.39,3596.83,19.14,688.56,yellow,7.0,30.0,2026-09-25,2026-10-01,2026-10-02 08:14:33
DM-17-11-06-01,2025-09,0.001,178.831,-100.0,-178.83,green,10.14,5710.22,-99.82,-5700.08,green,7.0,30.0,2026-09-25,2026-10-01,2026-10-02 08:14:33
DM-17-11-06-02,2025-09,114.55,25.044,357.39,89.51,red,2398.33,606.08,295.71,1792.25,red,7.0,30.0,2026-09-25,2026-10-01,2026-10-02 08:14:33
DM-53-01-01-01,2025-09,22.979,16.202,41.83,6.78,red,530.91,364.13,45.8,166.78,red,7.0,30.0,2026-09-25,2026-10-01,2026-10-02 08:14:33
DM-53-01-01-01(1),2025-09,0.0,0.0,,,gray,0.0,0.0,,,gray,7.0,30.0,2026-09-25,2026-10-01,2026-10-02 08:14:33
DM-53-01-01-02,2025-09,18.374,18.458,-0.46,-0.08,green,560.86,657.83,-14.74,-96.97,green,7.0,30.0,2026-09-25,2026-10-01,2026-10-02 08:14:33
DM-53-01-01-04,2025-09,107.042,128.793,-16.89,-21.75,green,4837.38,5888.18,-17.85,-1050.8,green,7.0,30.0,2026-09-25,2026-10-01,2026-10-02 08:14:33
DM-53-01-01-05,2025-09,16.02,10.775,48.68,5.24,red,915.08,746.03,22.66,169.05,red,7.0,30.0,2026-09-25,2026-10-01,2026-10-02 08:14:33
DM-53-01-02-01,2025-09,94.312,75.302,25.25,19.01,red,4986.15,3374.2,47.77,1611.95,red,7.0,30.0,2026-09-25,2026-10-01,2026-10-02 08:14:33
DM-53-01-02-02,2025-09,48.726,48.682,0.09,0.04,green,2163.77,2134.45,1.37,29.32,green,7.0,30.0,2026-09-25,2026-10-01,2026-10-02 08:14:33
DM-53-01-03-01,2025-09,81.82,67.089,21.96,14.73,red,3819.36,3476.27,9.87,343.09,yellow,7.0,30.0,2026-09-25,2026-10-01,2026-10-02 08:14:33
DM-53-01-04-01,2025-09,,,,,gray,2199.79,2349.15,-6.36,-149.36,green,7.0,30.0,2026-09-25,2026-10-01,2026-10-02 08:14:33
DM-53-01-05-01,2025-09,24.614,15.687,56.91,8.93,red,1286.95,1040.54,23.68,246.41,red,7.0,30.0,2026-09-25,2026-10-01,2026-10-02 08:14:33
DM-53-01-05-04,2025-09,38.785,46.856,-17.23,-8.07,green,2407.78,2608.01,-7.68,-200.23,green,7.0,30.0,2026-09-25,2026-10-01,2026-10-02 08:14:33
DM-53-01-07-01,2025-09,110.988,97.234,14.15,13.75,yellow,5198.26,5341.8,-2.69,-143.54,green,7.0,30.0,2026-09-25,2026-10-01,2026-10-02 08:14:33
DM-53-01-08-01,2025-09,61.569,338.563,-81.81,-276.99,green,2840.07,8826.85,-67.82,-5986.78,green,7.0,30.0,2026-09-25,2026-10-01,2026-10-02 08:14:33
DM-53-01-08-02,2025-09,140.978,0.01,1409680.0,140.97,red,5160.53,0.24,2150120.83,5160.29,red,7.0,30.0,2026-09-25,2026-10-01,2026-10-02 08:14:33
DM-53-01-09-01,2025-09,83.969,82.814,1.39,1.16,green,4289.38,4125.54,3.97,163.84,green,7.0,30.0,2026-09-25,2026-10-01,2026-10-02 08:14:33
DM-53-02-01-01,2025-09,110.649,51.638,114.28,59.01,red,4082.4,2262.43,80.44,1819.97,red,7.0,30.0,2026-09-25,2026-10-01,2026-10-02 08:14:33
DM-53-02-02-01,2025-09,142.956,50.905,180.83,92.05,red,5611.21,2179.06,157.51,3432.15,red,7.0,30.0,2026-09-25,2026-10-01,2026-10-02 08:14:33
DM-53-02-03-02,2025-09,91.791,98.809,-7.1,-7.02,green,4671.56,4695.65,-0.51,-24.09,green,7.0,30.0,2026-09-25,2026-10-01,2026-10-02 08:14:33
DM-53-02-03-03,2025-09,151.147,136.127,11.03,15.02,yellow,7409.56,6745.72,9.84,663.84,yellow,7.0,30.0,2026-09-25,2026-10-01,2026-10-02 08:14:33
DM-53-02-04-02,2025-09,79.596,72.402,9.94,7.19,yellow,4109.86,3898.26,5.43,211.6,yellow,7.0,30.0,2026-09-25,2026-10-01,2026-10-02 08:14:33
DM-53-02-04-03,2025-09,42.569,24.557,73.35,18.01,red,1776.76,1210.52,46.78,566.24,red,7.0,30.0,2026-09-25,2026-10-01,2026-10-02 08:14:33
DM-53-02-05-01,2025-09,84.19,66.22,27.14,17.97,red,3681.57,2924.17,25.9,757.4,red,7.0,30.0,2026-09-25,2026-10-01,2026-10-02 08:14:33
DM-53-02-05-02,2025-09,85.719,53.006,61.72,32.71,red,3765.41,2639.78,42.64,1125.63,red,7.0,30.0,2026-09-25,2026-10-01,2026-10-02 08:14:33
DM-53-02-06-01,2025-09,20.734,9.455,119.29,11.28,red,809.95,471.64,71.73,338.31,red,7.0,30.0,2026-09-25,2026-10-01,2026-10-02 08:14:33
DM-53-02-06-02,2025-09,113.435,,,,gray,5178.47,5049.13,2.56,129.34,green,7.0,30.0,2026-09-25,2026-10-01,2026-10-02 08:14:33
DM-53-02-07-01,2025-09,123.694,143.746,-13.95,-20.05,green,5658.03,6182.6,-8.48,-524.57,green,7.0,30.0,2026-09-25,2026-10-01,2026-10-02 08:14:33
DM-53-02-08-01,2025-09,76.264,57.981,31.53,18.28,red,4625.31,3362.32,37.56,1262.99,red,7.0,30.0,2026-09-25,2026-10-01,2026-10-02 08:14:33
DM-53-02-09-01,2025-09,41.191,29.597,39.17,11.59,red,1988.34,1556.07,27.78,432.27,red,7.0,30.0,2026-09-25,2026-10-01,2026-10-02 08:14:33
DM-53-02-09-02,2025-09,107.329,92.873,15.57,14.46,yellow,4968.1,5229.32,-5.0,-261.22,green,7.0,30.0,2026-09-25,2026-10-01,2026-10-02 08:14:33
DM-53-03-01-01,2025-09,0.0,0.0,,,gray,0.0,0.0,,,gray,7.0,30.0,2026-09-25,2026-10-01,2026-10-02 08:14:33
DM-53-03-01-02,2025-09,,,,,gray,636.39,92.15,590.6,544.24,red,7.0,30.0,2026-09-25,2026-10-01,2026-10-02 08:14:33
DM-53-03-01-03,2025-09,57.587,,,,gray,4289.47,2767.61,54.99,1521.86,red,7.0,30.0,2026-09-25,2026-10-01,2026-10-02 08:14:33
DM-53-03-01-04,2025-09,105.202,39.233,168.15,65.97,red,4098.24,2295.31,78.55,1802.93,red,7.0,30.0,2026-09-25,2026-10-01,2026-10-02 08:14:33
DM-53-03-02-01,2025-09,59.909,70.59,-15.13,-10.68,green,3386.97,4034.02,-16.04,-647.05,green,7.0,30.0,2026-09-25,2026-10-01,2026-10-02 08:14:33
DM-53-03-03-01,2025-09,34.373,34.512,-0.4,-0.14,green,2452.12,2445.74,0.26,6.38,green,7.0,30.0,2026-09-25,2026-10-01,2026-10-02 08:14:33
DM-53-03-03-02,2025-09,,,,,gray,4532.6,935.73,384.39,3596.87,red,7.0,30.0,2026-09-25,2026-10-01,2026-10-02 08:14:33
DM-53-03-04-01,2025-09,97.727,46.837,108.65,50.89,red,4698.59,2904.77,61.75,1793.82,red,7.0,30.0,2026-09-25,2026-10-01,2026-10-02 08:14:33
DM-53-03-04-02,2025-09,20.786,16.571,25.44,4.21,red,1567.5,1183.4,32.46,384.1,red,7.0,30.0,2026-09-25,2026-10-01,2026-10-02 08:14:33
DM-53-03-05-01,2025-09,38.854,40.927,-5.07,-2.07,green,1802.08,2300.73,-21.67,-498.65,green,7.0,30.0,2026-09-25,2026-10-01,2026-10-02 08:14:33
DM-53-03-05-02,2025-09,174.601,126.081,38.48,48.52,red,8285.5,5894.19,40.57,2391.31,red,7.0,30.0,2026-09-25,2026-10-01,2026-10-02 08:14:33
DM-53-03-06-01,2025-09,4.329,5.005,-13.51,-0.68,green,94.55,98.02,-3.54,-3.47,green,7.0,30.0,2026-09-25,2026-10-01,2026-10-02 08:14:33
DM-53-03-06-02,2025-09,80.764,59.025,36.83,21.74,red,4308.15,3519.37,22.41,788.78,red,7.0,30.0,2026-09-25,2026-10-01,2026-10-02 08:14:33
DM-53-04-01-01,2025-09,139.762,145.139,-3.7,-5.38,green,5406.59,6352.2,-14.89,-945.61,green,7.0,30.0,2026-09-25,2026-10-01,2026-10-02 08:14:33
DM-53-04-01-02,2025-09,0.0,0.002,-100.0,-0.0,green,0.0,1.84,-100.0,-1.84,green,7.0,30.0,2026-09-25,2026-10-01,2026-10-02 08:14:33
DM-53-04-01-03,2025-09,9.447,24.58,-61.57,-15.13,green,350.77,553.2,-36.59,-202.43,green,7.0,30.0,2026-09-25,2026-10-01,2026-10-02 08:14:33
DM-53-04-02-01,2025-09,45.817,13.765,232.85,32.05,red,3117.24,881.98,253.44,2235.26,red,7.0,30.0,2026-09-25,2026-10-01,2026-10-02 08:14:33
DM-53-04-02-02,2025-09,7.907,5.473,44.47,2.43,red,147.44,100.34,46.94,47.1,red,7.0,30.0,2026-09-25,2026-10-01,2026-10-02 08:14:33
DM-53-04-02-03,2025-09,50.396,61.958,-18.66,-11.56,green,1910.69,2718.66,-29.72,-807.97,green,7.0,30.0,2026-09-25,2026-10-01,2026-10-02 08:14:33
DM-53-05-01-03,2025-09,79.991,56.519,41.53,23.47,red,4281.7,3296.16,29.9,985.54,red,7.0,30.0,2026-09-25,2026-10-01,2026-10-02 08:14:33
DM-53-05-01-04,2025-09,92.996,,,,gray,5095.83,4251.12,19.87,844.71,yellow,7.0,30.0,2026-09-25,2026-10-01,2026-10-02 08:14:33
DM-53-05-02-01,2025-09,42.475,39.079,8.69,3.4,yellow,1808.12,2014.17,-10.23,-206.05,green,7.0,30.0,2026-09-25,2026-10-01,2026-10-02 08:14:33
DM-53-05-03-01,2025-09,,,,,gray,952.51,897.96,6.07,54.55,yellow,7.0,30.0,2026-09-25,2026-10-01,2026-10-02 08:14:33
DM-53-05-03-03,2025-09,13.817,8.601,60.64,5.22,red,1346.11,1438.98,-6.45,-92.87,green,7.0,30.0,2026-09-25,2026-10-01,2026-10-02 08:14:33
DM-53-05-03-04,2025-09,59.999,220.93,-72.84,-160.93,green,3839.02,5742.41,-33.15,-1903.39,green,7.0,30.0,2026-09-25,2026-10-01,2026-10-02 08:14:33
DM-53-05-04-01,2025-09,39.598,24.827,59.5,14.77,red,2299.12,841.68,173.16,1457.44,red,7.0,30.0,2026-09-25,2026-10-01,2026-10-02 08:14:33
DM-53-05-05-01,2025-09,47.053,52.225,-9.9,-5.17,green,1924.0,1725.91,11.48,198.09,yellow,7.0,30.0,2026-09-25,2026-10-01,2026-10-02 08:14:33
DM-53-05-06-01,2025-09,27.91,39.333,-29.04,-11.42,green,949.15,1500.07,-36.73,-550.92,green,7.0,30.0,2026-09-25,2026-10-01,2026-10-02 08:14:33
DM-53-05-07-01,2025-09,342.047,20.452,1572.44,321.6,red,7517.73,1845.96,307.25,5671.77,red,7.0,30.0,2026-09-25,2026-10-01,2026-10-02 08:14:33
DM-53-05-07-03,2025-09,57.846,75.075,-22.95,-17.23,green,2761.89,1913.64,44.33,848.25,red,7.0,30.0,2026-09-25,2026-10-01,2026-10-02 08:14:33
DM-53-05-08-01,2025-09,31.838,37.461,-15.01,-5.62,green,1006.65,1207.72,-16.65,-201.07,green,7.0,30.0,2026-09-25,2026-10-01,2026-10-02 08:14:33
DM-53-05-08-02,2025-09,32.053,30.968,3.5,1.08,green,1974.97,1756.42,12.44,218.55,yellow,7.0,30.0,2026-09-25,2026-10-01,2026-10-02 08:14:33
DM-53-05-09-02,2025-09,58.047,59.008,-1.63,-0.96,green,3231.66,3045.3,6.12,186.36,yellow,7.0,30.0,2026-09-25,2026-10-01,2026-10-02 08:14:33
DM-53-05-10-01,2025-09,48.568,25.99,86.87,22.58,red,2564.28,1811.67,41.54,752.61,red,7.0,30.0,2026-09-25,2026-10-01,2026-10-02 08:14:33
DM-53-05-10-02,2025-09,21.587,29.12,-25.87,-7.53,green,1803.56,1061.99,69.83,741.57,red,7.0,30.0,2026-09-25,2026-10-01,2026-10-02 08:14:33
DM-53-05-10-03,2025-09,,12.746,,,gray,,660.71,,,gray,,30.0,,,2026-10-02 08:14:33
DM-53-05-11-01,2025-09,104.228,0.0,,,gray,4692.05,0.0,,,gray,7.0,30.0,2026-09-25,2026-10-01,2026-10-02 08:14:33
DM-53-05-11-02,2025-09,108.225,0.0,,,gray,2751.36,0.0,,,gray,7.0,30.0,2026-09-25,2026-10-01,2026-10-02 08:14:33
DM-53-06-01-01,2025-09,21.815,16.476,32.4,5.34,red,958.39,816.77,17.34,141.62,yellow,7.0,30.0,2026-09-25,2026-10-01,2026-10-02 08:14:33
DM-53-06-01-02,2025-09,301.753,131.545,129.39,170.21,red,10238.53,5945.49,72.21,4293.04,red,7.0,30.0,2026-09-25,2026-10-01,2026-10-02 08:14:33
DM-53-06-02-01,2025-09,57.39,56.216,2.09,1.17,green,3052.74,3417.39,-10.67,-364.65,green,7.0,30.0,2026-09-25,2026-10-01,2026-10-02 08:14:33
DM-53-06-03-01,2025-09,27.387,25.164,8.83,2.22,yellow,1275.61,1275.23,0.03,0.38,green,7.0,30.0,2026-09-25,2026-10-01,2026-10-02 08:14:33
DM-53-06-04-01,2025-09,134.237,132.842,1.05,1.39,green,5132.85,5763.51,-10.94,-630.66,green,7.0,30.0,2026-09-25,2026-10-01,2026-10-02 08:14:33
DM-53-06-05-01,2025-09,41.289,62.044,-33.45,-20.75,green,1819.77,2232.84,-18.5,-413.07,green,7.0,30.0,2026-09-25,2026-10-01,2026-10-02 08:14:33
DM-53-06-05-02,2025-09,,,,,gray,4692.21,4558.66,2.93,133.55,green,7.0,30.0,2026-09-25,2026-10-01,2026-10-02 08:14:33
DM-53-06-06-01,2025-09,133.599,114.211,16.98,19.39,yellow,7054.5,6099.89,15.65,954.61,yellow,7.0,30.0,2026-09-25,2026-10-01,2026-10-02 08:14:33
DM-53-08-01-01,2025-09,0.0,48.96,-100.0,-48.96,green,0.0,2630.22,-100.0,-2630.22,green,7.0,30.0,2026-09-25,2026-10-01,2026-10-02 08:14:33
DM-53-08-01-02,2025-09,0.025,44.809,-99.94,-44.78,green,185.81,1615.9,-88.5,-1430.09,green,7.0,30.0,2026-09-25,2026-10-01,2026-10-02 08:14:33
DM-53-08-02-01,2025-09,70.067,60.081,16.62,9.99,yellow,3173.58,3164.81,0.28,8.77,green,7.0,30.0,2026-09-25,2026-10-01,2026-10-02 08:14:33
DM-53-08-02-02,2025-09,18.193,0.0,,,gray,1086.36,0.0,,,gray,7.0,30.0,2026-09-25,2026-10-01,2026-10-02 08:14:33
DM-53-08-02-03,2025-09,18.395,13.27,38.62,5.12,red,1327.41,969.11,36.97,358.3,red,7.0,30.0,2026-09-25,2026-10-01,2026-10-02 08:14:33
DM-53-09-02-04,2025-09,82.008,79.29,3.43,2.72,green,4567.67,4453.61,2.56,114.06,green,7.0,30.0,2026-09-25,2026-10-01,2026-10-02 08:14:33
DM-53-09-02-05,2025-09,24.447,22.278,9.74,2.17,yellow,431.55,377.23,14.4,54.32,yellow,7.0,30.0,2026-09-25,2026-10-01,2026-10-02 08:14:33
DM-53-09-03-01,2025-09,54.954,0.0,,,gray,2778.13,0.0,,,gray,7.0,30.0,2026-09-25,2026-10-01,2026-10-02 08:14:33
DM-53-09-05-01,2025-09,85.176,45.681,86.46,39.5,red,2774.82,2130.63,30.23,644.19,red,7.0,30.0,2026-09-25,2026-10-01,2026-10-02 08:14:33
DM-54-01-04-01,2025-09,,125.703,,,gray,2256.18,2517.91,-10.39,-261.73,green,7.0,30.0,2026-09-25,2026-10-01,2026-10-02 08:14:33
DM-54-01-05-01,2025-09,0.0,0.0,,,gray,0.0,0.0,,,gray,7.0,30.0,2026-09-25,2026-10-01,2026-10-02 08:14:33
DM-54-01-05-02,2025-09,251.678,0.0,,,gray,4791.69,0.0,,,gray,7.0,30.0,2026-09-25,2026-10-01,2026-10-02 08:14:33
DM-54-01-05-03,2025-09,13.47,0.186,7141.94,13.28,red,347.31,3.75,9161.6,343.56,red,7.0,30.0,2026-09-25,2026-10-01,2026-10-02 08:14:33
DM-54-01-06-01,2025-09,0.02,0.035,-42.86,-0.02,green,1.15,3.89,-70.44,-2.74,green,7.0,30.0,2026-09-25,2026-10-01,2026-10-02 08:14:33
DM-54-01-06-02,2025-09,0.0,0.0,,,gray,0.0,0.0,,,gray,7.0,30.0,2026-09-25,2026-10-01,2026-10-02 08:14:33
DM-54-02-02-01,2025-09,68.429,138.522,-50.6,-70.09,green,3958.62,2563.89,54.4,1394.73,red,7.0,30.0,2026-09-25,2026-10-01,2026-10-02 08:14:33
DM-54-02-02-02,2025-09,32.478,10.681,204.07,21.8,red,2487.51,776.47,220.36,1711.04,red,7.0,30.0,2026-09-25,2026-10-01,2026-10-02 08:14:33
DM-54-02-03-01,2025-09,103.007,102.792,0.21,0.22,green,4683.08,4586.83,2.1,96.25,green,7.0,30.0,2026-09-25,2026-10-01,2026-10-02 08:14:33
DM-54-02-04-01,2025-09,16.773,16.489,1.72,0.28,green,544.15,539.06,0.94,5.09,green,7.0,30.0,2026-09-25,2026-10-01,2026-10-02 08:14:33
DM-54-02-04-02,2025-09,0.0,0.0,,,gray,0.0,0.0,,,gray,7.0,30.0,2026-09-25,2026-10-01,2026-10-02 08:14:33
DM-54-02-04-03,2025-09,91.779,0.0,,,gray,4011.99,0.0,,,gray,7.0,30.0,2026-09-25,2026-10-01,2026-10-02 08:14:33
DM-54-02-04-04,2025-09,18.7,69.611,-73.14,-50.91,green,877.86,4765.71,-81.58,-3887.85,green,7.0,30.0,2026-09-25,2026-10-01,2026-10-02 08:14:33
DM-54-02-04-05,2025-09,31.139,,,,gray,1420.14,,,,gray,7.0,,2026-09-25,2026-10-01,2026-10-02 08:14:33
DM-54-02-05-01,2025-09,,,,,gray,5779.75,4876.82,18.51,902.93,yellow,7.0,30.0,2026-09-25,2026-10-01,2026-10-02 08:14:33
DM-54-02-05-02,2025-09,26.445,26.291,0.59,0.15,green,1747.68,2218.97,-21.24,-471.29,green,7.0,30.0,2026-09-25,2026-10-01,2026-10-02 08:14:33
DM-54-02-05-03,2025-09,29.833,22.472,32.76,7.36,red,1503.56,342.23,339.34,1161.33,red,7.0,30.0,2026-09-25,2026-10-01,2026-10-02 08:14:33
DM-54-03-01-01,2025-09,19.87,24.549,-19.06,-4.68,green,1149.76,1365.81,-15.82,-216.05,green,7.0,30.0,2026-09-25,2026-10-01,2026-10-02 08:14:33
DM-54-03-01-02,2025-09,76.924,66.926,14.94,10.0,yellow,3532.79,3077.32,14.8,455.47,yellow,7.0,30.0,2026-09-25,2026-10-01,2026-10-02 08:14:33
DM-54-03-01-03,2025-09,36.778,44.423,-17.21,-7.65,green,2140.7,2426.66,-11.78,-285.96,green,7.0,30.0,2026-09-25,2026-10-01,2026-10-02 08:14:33
DM-54-03-02-01,2025-09,39.874,46.907,-14.99,-7.03,green,2021.47,2389.44,-15.4,-367.97,green,7.0,30.0,2026-09-25,2026-10-01,2026-10-02 08:14:33
DM-54-03-02-02,2025-09,126.786,46.062,175.25,80.72,red,6451.34,4296.66,50.15,2154.68,red,7.0,30.0,2026-09-25,2026-10-01,2026-10-02 08:14:33
DM-54-03-02-03,2025-09,118.273,100.125,18.13,18.15,yellow,5396.52,4549.93,18.61,846.59,yellow,7.0,30.0,2026-09-25,2026-10-01,2026-10-02 08:14:33
DM-54-04-01-01,2025-09,34.197,50.241,-31.93,-16.04,green,1905.26,2618.79,-27.25,-713.53,green,7.0,30.0,2026-09-25,2026-10-01,2026-10-02 08:14:33
DM-54-04-02-01,2025-09,43.049,49.651,-13.3,-6.6,green,2377.08,2470.97,-3.8,-93.89,green,7.0,30.0,2026-09-25,2026-10-01,2026-10-02 08:14:33
DM-54-04-02-02,2025-09,43.954,24.062,82.67,19.89,red,2314.07,1359.44,70.22,954.63,red,7.0,30.0,2026-09-25,2026-10-01,2026-10-02 08:14:33
DM-54-04-03-01,2025-09,988.093,700.538,41.05,287.55,red,23942.56,16817.62,42.37,7124.94,red,7.0,30.0,2026-09-25,2026-10-01,2026-10-02 08:14:33
DM-54-04-03-02,2025-09,34.209,33.387,2.46,0.82,green,758.85,864.16,-12.19,-105.31,green,7.0,30.0,2026-09-25,2026-10-01,2026-10-02 08:14:33
DM-54-04-03-03,2025-09,28.088,22.218,26.42,5.87,red,2574.46,2245.0,14.68,329.46,yellow,7.0,30.0,2026-09-25,2026-10-01,2026-10-02 08:14:33
DM-54-04-03-04,2025-09,54.011,91.346,-40.87,-37.34,green,1327.17,2139.57,-37.97,-812.4,green,7.0,30.0,2026-09-25,2026-10-01,2026-10-02 08:14:33
DM-54-04-04-01,2025-09,0.0,0.0,,,gray,0.0,0.0,,,gray,7.0,30.0,2026-09-25,2026-10-01,2026-10-02 08:14:33
DM-54-04-04-02,2025-09,,0.956,,,gray,,165.57,,,gray,,30.0,,,2026-10-02 08:14:33
DM-54-04-04-03,2025-09,0.0,0.411,-100.0,-0.41,green,304.37,537.56,-43.38,-233.19,green,7.0,30.0,2026-09-25,2026-10-01,2026-10-02 08:14:33
DM-54-04-04-04,2025-09,0.0,0.0,,,gray,0.0,0.0,,,gray,7.0,30.0,2026-09-25,2026-10-01,2026-10-02 08:14:33
DM-54-05-01-01,2025-09,48.044,15.283,214.36,32.76,red,1151.7,398.58,188.95,753.12,red,7.0,30.0,2026-09-25,2026-10-01,2026-10-02 08:14:33
DM-54-05-01-02,2025-09,106.459,73.932,44.0,32.53,red,5575.56,2365.47,135.71,3210.09,red,7.0,30.0,2026-09-25,2026-10-01,2026-10-02 08:14:33
DM-54-05-02-01,2025-09,64.281,114.281,-43.75,-50.0,green,3255.87,4669.39,-30.27,-1413.52,green,7.0,30.0,2026-09-25,2026-10-01,2026-10-02 08:14:33
DM-54-05-03-01,2025-09,10.92,0.0,,,gray,465.89,0.0,,,gray,7.0,30.0,2026-09-25,2026-10-01,2026-10-02 08:14:33
DM-54-06-01-02,2025-09,53.775,2.917,1743.5,50.86,red,1575.57,206.9,661.51,1368.67,red,7.0,30.0,2026-09-25,2026-10-01,2026-10-02 08:14:33
DM-54-06-01-03,2025-09,369.208,0.0,,,gray,9811.17,0.0,,,gray,7.0,30.0,2026-09-25,2026-10-01,2026-10-02 08:14:33
DM-54-06-01-04,2025-09,50.879,57.11,-10.91,-6.23,green,2980.61,2996.13,-0.52,-15.52,green,7.0,30.0,2026-09-25,2026-10-01,2026-10-02 08:14:33
DM-54-06-02-01,2025-09,66.775,0.0,,,gray,2934.1,0.0,,,gray,7.0,30.0,2026-09-25,2026-10-01,2026-10-02 08:14:33
DM-54-06-02-02,2025-09,24.466,19.656,24.47,4.81,red,1240.28,1113.76,11.36,126.52,yellow,7.0,30.0,2026-09-25,2026-10-01,2026-10-02 08:14:33
DM-54-06-03-01,2025-09,517.92,0.0,,,gray,12425.81,0.0,,,gray,7.0,30.0,2026-09-25,2026-10-01,2026-10-02 08:14:33
DM-54-06-04-01,2025-09,1.986,4.604,-56.86,-2.62,green,46.45,125.49,-62.99,-79.04,green,7.0,30.0,2026-09-25,2026-10-01,2026-10-02 08:14:33
DM-54-06-04-02,2025-09,26.379,9.674,172.68,16.71,red,1730.54,403.15,329.25,1327.39,red,7.0,30.0,2026-09-25,2026-10-01,2026-10-02 08:14:33
DM-54-06-04-03,2025-09,37.402,,,,gray,2732.67,3624.2,-24.6,-891.53,green,7.0,30.0,2026-09-25,2026-10-01,2026-10-02 08:14:33
DM-54-07-01-01,2025-09,36.636,34.093,7.46,2.54,yellow,1784.84,1992.35,-10.42,-207.51,green,7.0,30.0,2026-09-25,2026-10-01,2026-10-02 08:14:33
DM-54-07-02-01,2025-09,41.08,43.897,-6.42,-2.82,green,2374.82,2366.71,0.34,8.11,green,7.0,30.0,2026-09-25,2026-10-01,2026-10-02 08:14:33
DM-54-07-03-01,2025-09,114.922,40.673,182.55,74.25,red,3922.5,1999.11,96.21,1923.39,red,7.0,30.0,2026-09-25,2026-10-01,2026-10-02 08:14:33
DM-54-07-04-01,2025-09,79.828,77.421,3.11,2.41,green,2815.94,3018.84,-6.72,-202.9,green,7.0,30.0,2026-09-25,2026-10-01,2026-10-02 08:14:33
DM-54-07-05-01,2025-09,35.879,100.901,-64.44,-65.02,green,1563.42,4259.19,-63.29,-2695.77,green,7.0,30.0,2026-09-25,2026-10-01,2026-10-02 08:14:33
DM-54-08-01-01,2025-09,0.0,0.0,,,gray,0.0,0.0,,,gray,7.0,30.0,2026-09-25,2026-10-01,2026-10-02 08:14:33
DM-54-08-02-01,2025-09,17.505,0.164,10573.78,17.34,red,453.56,3.31,13602.72,450.25,red,7.0,30.0,2026-09-25,2026-10-01,2026-10-02 08:14:33
DM-54-08-03-01,2025-09,,304.716,,,gray,7546.95,8179.08,-7.73,-632.13,green,7.0,30.0,2026-09-25,2026-10-01,2026-10-02 08:14:33
DM-54-08-04-01,2025-09,21.393,0.0,,,gray,523.69,0.0,,,gray,7.0,30.0,2026-09-25,2026-10-01,2026-10-02 08:14:33
DM-54-08-05-01,2025-09,0.446,725.09,-99.94,-724.64,green,11.2,17400.15,-99.94,-17388.95,green,7.0,30.0,2026-09-25,2026-10-01,2026-10-02 08:14:33
DM-54-08-06-01,2025-09,485.27,372.661,30.22,112.61,red,10413.54,14848.08,-29.87,-4434.54,green,7.0,30.0,2026-09-25,2026-10-01,2026-10-02 08:14:33
DM-54-08-07-01,2025-09,0.0,0.0,,,gray,0.0,0.0,,,gray,7.0,30.0,2026-09-25,2026-10-01,2026-10-02 08:14:33
DM-54-08-08-01,2025-09,102.222,102.061,0.16,0.16,green,2309.31,2361.41,-2.21,-52.1,green,7.0,30.0,2026-09-25,2026-10-01,2026-10-02 08:14:33
DM-54-08-09-01,2025-09,0.204,0.0,,,gray,5.77,0.0,,,gray,7.0,30.0,2026-09-25,2026-10-01,2026-10-02 08:14:33
DM-54-09-01-01,2025-09,65.309,,,,gray,3445.79,3159.7,9.05,286.09,yellow,7.0,30.0,2026-09-25,2026-10-01,2026-10-02 08:14:33
DM-54-09-01-02,2025-09,31.407,84.753,-62.94,-53.35,green,1253.02,1775.19,-29.41,-522.17,green,7.0,30.0,2026-09-25,2026-10-01,2026-10-02 08:14:33
DM-54-09-02-01,2025-09,104.279,,,,gray,4643.53,3696.53,25.62,947.0,red,7.0,30.0,2026-09-25,2026-10-01,2026-10-02 08:14:33
DM-54-09-02-02,2025-09,9.638,19.739,-51.17,-10.1,green,1549.53,1357.22,14.17,192.31,yellow,7.0,30.0,2026-09-25,2026-10-01,2026-10-02 08:14:33
DM-54-09-03-01,2025-09,18.454,5.191,255.5,13.26,red,909.76,353.69,157.22,556.07,red,7.0,30.0,2026-09-25,2026-10-01,2026-10-02 08:14:33
DM-54-09-04-01,2025-09,25.108,25.03,0.31,0.08,green,1370.11,1417.77,-3.36,-47.66,green,7.0,30.0,2026-09-25,2026-10-01,2026-10-02 08:14:33
DM-54-09-05-01,2025-09,0.0,0.0,,,gray,0.0,0.0,,,gray,7.0,30.0,2026-09-25,2026-10-01,2026-10-02 08:14:33
DM-54-09-06-01,2025-09,0.0,0.0,,,gray,0.0,0.0,,,gray,7.0,30.0,2026-09-25,2026-10-01,2026-10-02 08:14:33
DM-54-09-07-01,2025-09,34.88,85.857,-59.37,-50.98,green,3055.13,2847.75,7.28,207.38,yellow,7.0,30.0,2026-09-25,2026-10-01,2026-10-02 08:14:33
DM-54-09-07-02,2025-09,0.0,0.0,,,gray,0.0,0.0,,,gray,7.0,30.0,2026-09-25,2026-10-01,2026-10-02 08:14:33
DM-55-01-01-01,2025-09,105.997,75.66,40.1,30.34,red,4314.92,3833.8,12.55,481.12,yellow,7.0,30.0,2026-09-25,2026-10-01,2026-10-02 08:14:33
DM-55-01-02-01,2025-09,62.232,,,,gray,3457.21,3338.73,3.55,118.48,green,7.0,30.0,2026-09-25,2026-10-01,2026-10-02 08:14:33
DM-55-01-03-01,2025-09,46.437,0.0,,,gray,2292.47,0.0,,,gray,7.0,30.0,2026-09-25,2026-10-01,2026-10-02 08:14:33
DM-55-02-01-01,2025-09,88.013,51.559,70.7,36.45,red,3291.12,2634.51,24.92,656.61,red,7.0,30.0,2026-09-25,2026-10-01,2026-10-02 08:14:33
DM-55-02-02-01,2025-09,106.607,303.762,-64.9,-197.16,green,3892.34,6928.53,-43.82,-3036.19,green,7.0,30.0,2026-09-25,2026-10-01,2026-10-02 08:14:33
DM-55-02-03-01,2025-09,92.374,112.924,-18.2,-20.55,green,4949.41,5247.87,-5.69,-298.46,green,7.0,30.0,2026-09-25,2026-10-01,2026-10-02 08:14:33
DM-55-03-01-01,2025-09,3.526,3.437,2.59,0.09,green,158.64,177.34,-10.54,-18.7,green,7.0,30.0,2026-09-25,2026-10-01,2026-10-02 08:14:33
DM-55-03-01-02,2025-09,0.05,0.05,0.0,0.0,green,1.07,1.2,-10.83,-0.13,green,7.0,30.0,2026-09-25,2026-10-01,2026-10-02 08:14:33
DM-55-03-01-03,2025-09,,,,,gray,562.29,599.88,-6.27,-37.59,green,7.0,30.0,2026-09-25,2026-10-01,2026-10-02 08:14:33
DM-55-03-01-04,2025-09,2.8,2.782,0.65,0.02,green,132.83,167.41,-20.66,-34.58,green,7.0,30.0,2026-09-25,2026-10-01,2026-10-02 08:14:33
DM-55-03-01-05,2025-09,0.289,0.959,-69.86,-0.67,green,22.49,16.98,32.45,5.51,red,7.0,18.0,2026-09-25,2026-10-01,2026-10-02 08:14:33
DM-55-03-02-01,2025-09,132.443,60.017,120.68,72.43,red,6161.73,3095.64,99.05,3066.09,red,7.0,30.0,2026-09-25,2026-10-01,2026-10-02 08:14:33
DM-55-03-03-01,2025-09,181.245,183.821,-1.4,-2.58,green,7215.21,7488.48,-3.65,-273.27,green,7.0,30.0,2026-09-25,2026-10-01,2026-10-02 08:14:33
DM-55-03-04-01,2025-09,125.623,108.14,16.17,17.48,yellow,5445.94,4781.36,13.9,664.58,yellow,7.0,30.0,2026-09-25,2026-10-01,2026-10-02 08:14:33
DM-55-04-01-01,2025-09,9.776,9.071,7.77,0.71,yellow,500.63,499.95,0.14,0.68,green,7.0,30.0,2026-09-25,2026-10-01,2026-10-02 08:14:33
DM-55-04-01-02,2025-09,41.976,51.11,-17.87,-9.13,green,2098.03,2476.8,-15.29,-378.77,green,7.0,30.0,2026-09-25,2026-10-01,2026-10-02 08:14:33
DM-55-04-01-03,2025-09,18.589,5.415,243.29,13.17,red,1023.97,727.52,40.75,296.45,red,7.0,30.0,2026-09-25,2026-10-01,2026-10-02 08:14:33
DM-55-04-01-04,2025-09,15.99,10.619,50.58,5.37,red,875.72,821.68,6.58,54.04,yellow,7.0,30.0,2026-09-25,2026-10-01,2026-10-02 08:14:33
DM-55-04-01-05,2025-09,9.434,9.584,-1.57,-0.15,green,629.28,654.63,-3.87,-25.35,green,7.0,30.0,2026-09-25,2026-10-01,2026-10-02 08:14:33
DM-55-04-01-06,2025-09,9.912,11.443,-13.38,-1.53,green,649.33,700.0,-7.24,-50.67,green,7.0,30.0,2026-09-25,2026-10-01,2026-10-02 08:14:33
DM-55-04-01-07,2025-09,3.424,36.72,-90.68,-33.3,green,530.1,1614.47,-67.17,-1084.37,green,7.0,30.0,2026-09-25,2026-10-01,2026-10-02 08:14:33
DM-55-04-01-08,2025-09,6.875,6.901,-0.38,-0.03,green,460.49,451.31,2.03,9.18,green,7.0,30.0,2026-09-25,2026-10-01,2026-10-02 08:14:33
DM-55-04-02-01,2025-09,119.155,97.796,21.84,21.36,red,2359.13,2158.64,9.29,200.49,yellow,7.0,30.0,2026-09-25,2026-10-01,2026-10-02 08:14:33
DM-55-04-02-02,2025-09,29.62,101.186,-70.73,-71.57,green,2034.72,1705.66,19.29,329.06,yellow,7.0,30.0,2026-09-25,2026-10-01,2026-10-02 08:14:33
DM-55-04-02-03,2025-09,23.36,32.995,-29.2,-9.63,green,1075.09,1409.12,-23.7,-334.03,green,7.0,30.0,2026-09-25,2026-10-01,2026-10-02 08:14:33
DM-55-04-02-04,2025-09,2.281,1.537,48.41,0.74,red,686.33,769.0,-10.75,-82.67,green,7.0,30.0,2026-09-25,2026-10-01,2026-10-02 08:14:33
DM-55-04-02-05,2025-09,0.422,1.517,-72.18,-1.09,green,25.65,54.3,-52.76,-28.65,green,7.0,30.0,2026-09-25,2026-10-01,2026-10-02 08:14:33
DM-55-04-03-01,2025-09,20.334,25.275,-19.55,-4.94,green,772.03,904.61,-14.66,-132.58,green,7.0,30.0,2026-09-25,2026-10-01,2026-10-02 08:14:33
DM-55-04-03-02,2025-09,107.212,77.138,38.99,30.07,red,4580.22,3154.09,45.22,1426.13,red,7.0,30.0,2026-09-25,2026-10-01,2026-10-02 08:14:33
DM-55-04-03-03,2025-09,10.826,14.265,-24.11,-3.44,green,413.03,518.02,-20.27,-104.99,green,7.0,30.0,2026-09-25,2026-10-01,2026-10-02 08:14:33
DM-55-04-03-04,2025-09,48.531,69.847,-30.52,-21.32,green,1609.39,2588.03,-37.81,-978.64,green,7.0,30.0,2026-09-25,2026-10-01,2026-10-02 08:14:33
DM-55-04-03-05,2025-09,73.406,158.69,-53.74,-85.28,green,3381.78,4710.97,-28.21,-1329.19,green,7.0,30.0,2026-09-25,2026-10-01,2026-10-02 08:14:33
DM-55-04-04-01,2025-09,99.78,,,,gray,4048.74,6772.13,-40.21,-2723.39,green,7.0,30.0,2026-09-25,2026-10-01,2026-10-02 08:14:33
DM-55-04-05-01,2025-09,114.022,260.681,-56.26,-146.66,green,3682.68,5547.9,-33.62,-1865.22,green,7.0,30.0,2026-09-25,2026-10-01,2026-10-02 08:14:33
DM-55-05-01-01,2025-09,0.0,48.804,-100.0,-48.8,green,0.0,2623.87,-100.0,-2623.87,green,7.0,30.0,2026-09-25,2026-10-01,2026-10-02 08:14:33
DM-55-05-01-02,2025-09,217.224,0.066,329027.27,217.16,red,4189.63,2.26,185281.86,4187.37,red,7.0,30.0,2026-09-25,2026-10-01,2026-10-02 08:14:33
DM-55-05-01-03,2025-09,63.46,55.24,14.88,8.22,yellow,2765.63,2793.97,-1.01,-28.34,green,7.0,30.0,2026-09-25,2026-10-01,2026-10-02 08:14:33
DM-55-05-02-01,2025-09,84.868,261.47,-67.54,-176.6,green,5070.46,6194.68,-18.15,-1124.22,green,7.0,30.0,2026-09-25,2026-10-01,2026-10-02 08:14:33
DM-55-05-02-02,2025-09,15.463,18.124,-14.68,-2.66,green,827.95,985.96,-16.03,-158.01,green,7.0,30.0,2026-09-25,2026-10-01,2026-10-02 08:14:33
DM-55-05-02-03,2025-09,5.913,14.908,-60.34,-8.99,green,167.2,358.05,-53.3,-190.85,green,7.0,30.0,2026-09-25,2026-10-01,2026-10-02 08:14:33
DM-55-05-03-01,2025-09,0.0,0.412,-100.0,-0.41,green,0.0,92.12,-100.0,-92.12,green,7.0,30.0,2026-09-25,2026-10-01,2026-10-02 08:14:33
DM-55-05-03-02,2025-09,86.558,109.156,-20.7,-22.6,green,5171.12,5208.89,-0.73,-37.77,green,7.0,30.0,2026-09-25,2026-10-01,2026-10-02 08:14:33
DM-55-05-03-03,2025-09,46.985,92.275,-49.08,-45.29,green,2322.39,3833.01,-39.41,-1510.62,green,7.0,30.0,2026-09-25,2026-10-01,2026-10-02 08:14:33
DM-55-05-04-01,2025-09,6.776,12.407,-45.39,-5.63,green,2248.25,1659.66,35.46,588.59,red,7.0,30.0,2026-09-25,2026-10-01,2026-10-02 08:14:33
DM-55-05-04-02,2025-09,6.507,3.362,93.55,3.14,red,564.62,521.3,8.31,43.32,yellow,7.0,30.0,2026-09-25,2026-10-01,2026-10-02 08:14:33
DM-55-05-05-01,2025-09,25.008,13.913,79.75,11.09,red,1161.42,811.51,43.12,349.91,red,7.0,30.0,2026-09-25,2026-10-01,2026-10-02 08:14:33
DM-55-06-01-01,2025-09,0.0,27.865,-100.0,-27.86,green,0.0,937.01,-100.0,-937.01,green,7.0,30.0,2026-09-25,2026-10-01,2026-10-02 08:14:33
DM-55-06-01-02,2025-09,50.658,46.195,9.66,4.46,yellow,1819.45,1822.33,-0.16,-2.88,green,7.0,30.0,2026-09-25,2026-10-01,2026-10-02 08:14:33
DM-55-06-02-01,2025-09,0.0,78.274,-100.0,-78.27,green,0.0,3075.5,-100.0,-3075.5,green,7.0,30.0,2026-09-25,2026-10-01,2026-10-02 08:14:33
DM-55-06-02-02,2025-09,89.865,69.61,29.1,20.25,red,2220.78,1671.21,32.88,549.57,red,7.0,30.0,2026-09-25,2026-10-01,2026-10-02 08:14:33
DM-55-06-03-01,2025-09,,,,,gray,0.74,2148.03,-99.97,-2147.29,green,7.0,30.0,2026-09-25,2026-10-01,2026-10-02 08:14:33
DM-55-06-03-02,2025-09,34.876,30.612,13.93,4.26,yellow,1692.21,1586.67,6.65,105.54,yellow,7.0,30.0,2026-09-25,2026-10-01,2026-10-02 08:14:33
DM-55-06-03-03,2025-09,,,,,gray,202.97,393.51,-48.42,-190.54,green,7.0,30.0,2026-09-25,2026-10-01,2026-10-02 08:14:33
DM-55-06-03-04,2025-09,64.972,152.277,-57.33,-87.3,green,2687.71,4519.16,-40.53,-1831.45,green,7.0,30.0,2026-09-25,2026-10-01,2026-10-02 08:14:33
DM-55-06-04-01,2025-09,452.845,332.111,36.35,120.73,red,11168.22,8459.15,32.03,2709.07,red,7.0,30.0,2026-09-25,2026-10-01,2026-10-02 08:14:33
DM-55-06-04-02,2025-09,0.0,78.207,-100.0,-78.21,green,345.24,3496.48,-90.13,-3151.24,green,7.0,30.0,2026-09-25,2026-10-01,2026-10-02 08:14:33
DM-55-06-04-03,2025-09,8.177,0.0,,,gray,889.04,0.0,,,gray,7.0,30.0,2026-09-25,2026-10-01,2026-10-02 08:14:33
DM-55-06-05-01,2025-09,,,,,gray,205.02,0.3,68240.0,204.72,red,7.0,30.0,2026-09-25,2026-10-01,2026-10-02 08:14:33
DM-55-06-05-02,2025-09,36.9,27.346,34.94,9.55,red,1355.6,953.2,42.22,402.4,red,7.0,30.0,2026-09-25,2026-10-01,2026-10-02 08:14:33
DM-55-06-05-03,2025-09,0.0,0.0,,,gray,0.0,0.0,,,gray,7.0,30.0,2026-09-25,2026-10-01,2026-10-02 08:14:33
DM-55-06-05-04,2025-09,0.0,0.0,,,gray,0.0,0.0,,,gray,7.0,30.0,2026-09-25,2026-10-01,2026-10-02 08:14:33
DM-55-06-05-05,2025-09,0.0,0.0,,,gray,0.0,0.0,,,gray,7.0,30.0,2026-09-25,2026-10-01,2026-10-02 08:14:33
DM-55-06-05-06,2025-09,486.118,514.368,-5.49,-28.25,green,11716.87,12331.47,-4.98,-614.6,green,7.0,30.0,2026-09-25,2026-10-01,2026-10-02 08:14:33
DM-55-06-05-07,2025-09,0.0,0.0,,,gray,0.0,0.0,,,gray,7.0,30.0,2026-09-25,2026-10-01,2026-10-02 08:14:33
DM-55-06-06-01,2025-09,,,,,gray,1134.26,1945.68,-41.7,-811.42,green,7.0,30.0,2026-09-25,2026-10-01,2026-10-02 08:14:33
DM-55-06-06-02,2025-09,66.4,51.719,28.39,14.68,red,3064.32,2454.45,24.85,609.87,red,7.0,30.0,2026-09-25,2026-10-01,2026-10-02 08:14:33
DM-55-06-06-03,2025-09,,,,,gray,330.87,202.15,63.68,128.72,red,7.0,30.0,2026-09-25,2026-10-01,2026-10-02 08:14:33
DM-55-06-06-04,2025-09,,,,,gray,264.31,633.81,-58.3,-369.5,green,7.0,30.0,2026-09-25,2026-10-01,2026-10-02 08:14:33
DM-55-06-06-05,2025-09,0.0,0.259,-100.0,-0.26,green,0.0,7.34,-100.0,-7.34,green,7.0,30.0,2026-09-25,2026-10-01,2026-10-02 08:14:33
DM-55-06-06-06,2025-09,0.0,0.0,,,gray,0.0,0.0,,,gray,7.0,30.0,2026-09-25,2026-10-01,2026-10-02 08:14:33
DM-55-06-07-01,2025-09,,,,,gray,815.05,,,,gray,7.0,,2026-09-25,2026-10-01,2026-10-02 08:14:33
DM-55-06-07-02,2025-09,,,,,gray,340.88,,,,gray,7.0,,2026-09-25,2026-10-01,2026-10-02 08:14:33
DM-55-06-07-03,2025-09,6.53,2.343,178.7,4.19,red,647.29,160.21,304.03,487.08,red,7.0,30.0,2026-09-25,2026-10-01,2026-10-02 08:14:33
DM-55-06-07-04,2025-09,8.078,5.778,39.81,2.3,red,335.12,374.02,-10.4,-38.9,green,7.0,30.0,2026-09-25,2026-10-01,2026-10-02 08:14:33
DM-55-06-07-05,2025-09,0.016,4.702,-99.66,-4.69,green,3.54,9.5,-62.74,-5.96,green,7.0,30.0,2026-09-25,2026-10-01,2026-10-02 08:14:33
DM-55-06-07-06,2025-09,95.69,,,,gray,3944.0,,,,gray,7.0,,2026-09-25,2026-10-01,2026-10-02 08:14:33
DM-55-06-07-07,2025-09,0.0,1.139,-100.0,-1.14,green,13.42,80.99,-83.43,-67.57,green,7.0,30.0,2026-09-25,2026-10-01,2026-10-02 08:14:33
DM-55-06-07-08,2025-09,0.0,0.0,,,gray,2.07,0.0,,,gray,7.0,30.0,2026-09-25,2026-10-01,2026-10-02 08:14:33
DM-55-06-07-10,2025-09,104.773,150.397,-30.34,-45.62,green,4135.22,4944.44,-16.37,-809.22,green,7.0,30.0,2026-09-25,2026-10-01,2026-10-02 08:14:33
DM-55-07-01-01,2025-09,0.0,87.132,-100.0,-87.13,green,0.0,2123.67,-100.0,-2123.67,green,7.0,30.0,2026-09-25,2026-10-01,2026-10-02 08:14:33
DM-55-07-01-02,2025-09,154.752,152.948,1.18,1.8,green,7074.73,6878.58,2.85,196.15,green,7.0,30.0,2026-09-25,2026-10-01,2026-10-02 08:14:33
DM-55-07-02-01,2025-09,107.947,158.677,-31.97,-50.73,green,3939.69,5278.98,-25.37,-1339.29,green,7.0,30.0,2026-09-25,2026-10-01,2026-10-02 08:14:33
DM-55-07-02-02,2025-09,0.0,96.756,-100.0,-96.76,green,1.73,3594.28,-99.95,-3592.55,green,7.0,30.0,2026-09-25,2026-10-01,2026-10-02 08:14:33
DM-55-07-03-01,2025-09,54.338,0.329,16416.11,54.01,red,2712.71,352.58,669.39,2360.13,red,7.0,30.0,2026-09-25,2026-10-01,2026-10-02 08:14:33
DM-55-07-03-02,2025-09,,,,,gray,1715.81,2078.83,-17.46,-363.02,green,7.0,30.0,2026-09-25,2026-10-01,2026-10-02 08:14:33
DM-55-07-04-01,2025-09,106.321,0.0,,,gray,4358.63,734.01,493.81,3624.62,red,7.0,30.0,2026-09-25,2026-10-01,2026-10-02 08:14:33
DM-55-07-04-02,2025-09,103.672,106.2,-2.38,-2.53,green,4543.38,4745.66,-4.26,-202.28,green,7.0,30.0,2026-09-25,2026-10-01,2026-10-02 08:14:33
DM-55-07-05-01,2025-09,137.785,95.978,43.56,41.81,red,5560.53,4539.33,22.5,1021.2,red,7.0,30.0,2026-09-25,2026-10-01,2026-10-02 08:14:33
DM-55-07-05-02,2025-09,53.551,,,,gray,1933.73,1082.65,78.61,851.08,red,7.0,30.0,2026-09-25,2026-10-01,2026-10-02 08:14:33
DM-55-07-05-03,2025-09,36.911,0.0,,,gray,1993.64,0.0,,,gray,7.0,30.0,2026-09-25,2026-10-01,2026-10-02 08:14:33
DM-55-07-06-01,2025-09,76.271,294.697,-74.12,-218.43,green,4616.28,8520.73,-45.82,-3904.45,green,7.0,30.0,2026-09-25,2026-10-01,2026-10-02 08:14:33
DM-55-07-06-02,2025-09,190.699,190.727,-0.01,-0.03,green,5957.8,6894.79,-13.59,-936.99,green,7.0,30.0,2026-09-25,2026-10-01,2026-10-02 08:14:33
DM-55-07-06-03,2025-09,66.758,94.778,-29.56,-28.02,green,4428.34,4499.41,-1.58,-71.07,green,7.0,30.0,2026-09-25,2026-10-01,2026-10-02 08:14:33
DM-55-07-06-04,2025-09,,,,,gray,1350.04,1122.38,20.28,227.66,red,7.0,30.0,2026-09-25,2026-10-01,2026-10-02 08:14:33
DM-55-07-06-05,2025-09,9.738,4.14,135.22,5.6,red,212.39,99.67,113.09,112.72,red,7.0,30.0,2026-09-25,2026-10-01,2026-10-02 08:14:33
DM-55-07-06-06,2025-09,,,,,gray,324.96,449.69,-27.74,-124.73,green,7.0,30.0,2026-09-25,2026-10-01,2026-10-02 08:14:33
DM-55-07-07-01,2025-09,0.0,0.0,,,gray,0.0,0.0,,,gray,7.0,30.0,2026-09-25,2026-10-01,2026-10-02 08:14:33
DM-55-07-07-02,2025-09,127.658,107.793,18.43,19.86,yellow,4853.42,4275.29,13.52,578.13,yellow,7.0,30.0,2026-09-25,2026-10-01,2026-10-02 08:14:33
DM-55-07-07-03,2025-09,99.736,98.626,1.13,1.11,green,3188.41,4133.8,-22.87,-945.39,green,7.0,30.0,2026-09-25,2026-10-01,2026-10-02 08:14:33
DM-55-07-07-04,2025-09,,58.912,,,gray,,2590.66,,,gray,,30.0,,,2026-10-02 08:14:33
DM-55-08-01-01,2025-09,0.0,173.778,-100.0,-173.78,green,0.0,6743.2,-100.0,-6743.2,green,7.0,30.0,2026-09-25,2026-10-01,2026-10-02 08:14:33
DM-55-08-01-02,2025-09,122.859,,,,gray,5156.4,6351.7,-18.82,-1195.3,green,7.0,30.0,2026-09-25,2026-10-01,2026-10-02 08:14:33
DM-55-08-02-01,2025-09,81.419,,,,gray,3875.02,5816.71,-33.38,-1941.69,green,7.0,30.0,2026-09-25,2026-10-01,2026-10-02 08:14:33
DM-55-08-02-02,2025-09,152.414,423.253,-63.99,-270.84,green,6156.51,9047.76,-31.96,-2891.25,green,7.0,30.0,2026-09-25,2026-10-01,2026-10-02 08:14:33
DM-55-08-03-01,2025-09,41.119,62.331,-34.03,-21.21,green,2654.06,3473.13,-23.58,-819.07,green,7.0,30.0,2026-09-25,2026-10-01,2026-10-02 08:14:33
DM-55-09-01-01,2025-09,47.814,121.668,-60.7,-73.85,green,1992.72,4898.25,-59.32,-2905.53,green,7.0,30.0,2026-09-25,2026-10-01,2026-10-02 08:14:33
DM-55-09-01-02,2025-09,3.42,2.565,33.33,0.85,red,267.26,322.47,-17.12,-55.21,green,7.0,30.0,2026-09-25,2026-10-01,2026-10-02 08:14:33
DM-55-09-02-01,2025-09,121.193,,,,gray,5310.38,10201.21,-47.94,-4890.83,green,7.0,30.0,2026-09-25,2026-10-01,2026-10-02 08:14:33
DM-55-09-02-02,2025-09,24.995,30.711,-18.61,-5.72,green,772.76,1001.1,-22.81,-228.34,green,7.0,30.0,2026-09-25,2026-10-01,2026-10-02 08:14:33
DM-55-09-03-01,2025-09,,,,,gray,0.0,6505.42,-100.0,-6505.42,green,7.0,30.0,2026-09-25,2026-10-01,2026-10-02 08:14:33
DM-55-09-04-01,2025-09,0.0,0.0,,,gray,0.0,0.0,,,gray,7.0,30.0,2026-09-25,2026-10-01,2026-10-02 08:14:33
DM-55-09-04-02,2025-09,61.518,60.445,1.78,1.07,green,2404.5,2756.99,-12.79,-352.49,green,7.0,30.0,2026-09-25,2026-10-01,2026-10-02 08:14:33
DM-56-01-01-01,2025-09,104.534,75.249,38.92,29.29,red,4611.94,3539.38,30.3,1072.56,red,7.0,30.0,2026-09-25,2026-10-01,2026-10-02 08:14:33
DM-56-01-02-01,2025-09,140.26,131.259,6.86,9.0,yellow,4727.0,4548.1,3.93,178.9,green,7.0,30.0,2026-09-25,2026-10-01,2026-10-02 08:14:33
DM-56-01-03-01,2025-09,280.755,599.193,-53.14,-318.44,green,7868.75,15593.49,-49.54,-7724.74,green,7.0,30.0,2026-09-25,2026-10-01,2026-10-02 08:14:33
DM-56-01-03-02,2025-09,126.255,187.657,-32.72,-61.4,green,4257.13,4345.59,-2.04,-88.46,green,7.0,30.0,2026-09-25,2026-10-01,2026-10-02 08:14:33
DM-56-01-04-01,2025-09,139.749,130.939,6.73,8.81,yellow,4706.82,4531.14,3.88,175.68,green,7.0,30.0,2026-09-25,2026-10-01,2026-10-02 08:14:33
DM-56-01-05-01,2025-09,238.277,260.062,-8.38,-21.79,green,9254.95,11657.27,-20.61,-2402.32,green,7.0,30.0,2026-09-25,2026-10-01,2026-10-02 08:14:33
DM-56-02-01-01,2025-09,160.819,149.524,7.55,11.29,yellow,7076.03,6942.24,1.93,133.79,green,7.0,30.0,2026-09-25,2026-10-01,2026-10-02 08:14:33
DM-56-02-02-01,2025-09,19.266,11.909,61.78,7.36,red,1215.25,169.78,615.78,1045.47,red,7.0,30.0,2026-09-25,2026-10-01,2026-10-02 08:14:33
DM-56-02-02-02,2025-09,24.072,21.231,13.38,2.84,yellow,1495.5,694.82,115.24,800.68,red,7.0,30.0,2026-09-25,2026-10-01,2026-10-02 08:14:33
DM-56-02-03-01,2025-09,53.96,69.945,-22.85,-15.98,green,2411.52,2995.78,-19.5,-584.26,green,7.0,30.0,2026-09-25,2026-10-01,2026-10-02 08:14:33
DM-56-02-04-01,2025-09,156.995,116.231,35.07,40.76,red,3683.33,2685.56,37.15,997.77,red,7.0,30.0,2026-09-25,2026-10-01,2026-10-02 08:14:33
DM-56-02-05-01,2025-09,54.884,,,,gray,2637.67,3204.72,-17.69,-567.05,green,7.0,30.0,2026-09-25,2026-10-01,2026-10-02 08:14:33
DM-56-02-05-02,2025-09,58.45,78.597,-25.63,-20.15,green,2230.63,2327.8,-4.17,-97.17,green,7.0,30.0,2026-09-25,2026-10-01,2026-10-02 08:14:33
DM-56-02-06-01,2025-09,343.366,40.746,742.7,302.62,red,8236.03,1492.99,451.65,6743.04,red,7.0,30.0,2026-09-25,2026-10-01,2026-10-02 08:14:33
DM-56-02-07-01,2025-09,85.168,118.867,-28.35,-33.7,green,3636.42,4585.66,-20.7,-949.24,green,7.0,30.0,2026-09-25,2026-10-01,2026-10-02 08:14:33
DM-56-02-08-01,2025-09,135.785,136.738,-0.7,-0.95,green,6741.34,6937.31,-2.82,-195.97,green,7.0,30.0,2026-09-25,2026-10-01,2026-10-02 08:14:33
DM-56-02-09-01,2025-09,47.649,36.289,31.3,11.36,red,2560.5,2244.34,14.09,316.16,yellow,7.0,30.0,2026-09-25,2026-10-01,2026-10-02 08:14:33
DM-56-02-10-01,2025-09,26.137,41.04,-36.31,-14.9,green,1299.02,1713.93,-24.21,-414.91,green,7.0,30.0,2026-09-25,2026-10-01,2026-10-02 08:14:33
DM-56-03-01-01,2025-09,118.847,108.442,9.59,10.41,yellow,5128.36,5368.8,-4.48,-240.44,green,7.0,30.0,2026-09-25,2026-10-01,2026-10-02 08:14:33
DM-56-03-01-02,2025-09,52.008,7.633,581.36,44.38,red,2014.87,405.67,396.68,1609.2,red,7.0,30.0,2026-09-25,2026-10-01,2026-10-02 08:14:33
DM-56-03-02-01,2025-09,100.447,85.733,17.16,14.71,yellow,4990.48,4934.44,1.14,56.04,green,7.0,30.0,2026-09-25,2026-10-01,2026-10-02 08:14:33
DM-56-03-03-01,2025-09,64.556,78.233,-17.48,-13.68,green,3843.73,4266.22,-9.9,-422.49,green,7.0,30.0,2026-09-25,2026-10-01,2026-10-02 08:14:33
DM-56-03-04-01,2025-09,87.439,0.0,,,gray,3824.94,0.0,,,gray,7.0,30.0,2026-09-25,2026-10-01,2026-10-02 08:14:33
DM-56-03-05-01,2025-09,149.306,130.355,14.54,18.95,yellow,7082.45,5720.18,23.82,1362.27,red,7.0,30.0,2026-09-25,2026-10-01,2026-10-02 08:14:33
DM-56-03-05-02,2025-09,132.37,404.654,-67.29,-272.28,green,5564.24,8995.21,-38.14,-3430.97,green,7.0,30.0,2026-09-25,2026-10-01,2026-10-02 08:14:33
DM-56-03-06-01,2025-09,64.181,115.499,-44.43,-51.32,green,2194.15,4479.95,-51.02,-2285.8,green,7.0,30.0,2026-09-25,2026-10-01,2026-10-02 08:14:33
DM-56-03-06-02,2025-09,68.902,109.986,-37.35,-41.08,green,2457.49,4190.52,-41.36,-1733.03,green,7.0,30.0,2026-09-25,2026-10-01,2026-10-02 08:14:33
DM-56-03-06-03,2025-09,83.251,,,,gray,3326.0,,,,gray,7.0,,2026-09-25,2026-10-01,2026-10-02 08:14:33
DM-56-04-01-01,2025-09,240.514,328.675,-26.82,-88.16,green,11685.12,14843.93,-21.28,-3158.81,green,7.0,30.0,2026-09-25,2026-10-01,2026-10-02 08:14:33
DM-56-04-02-01,2025-09,92.41,164.746,-43.91,-72.34,green,4813.41,7200.51,-33.15,-2387.1,green,7.0,30.0,2026-09-25,2026-10-01,2026-10-02 08:14:33
DM-56-04-03-01,2025-09,202.953,117.423,72.84,85.53,red,8713.73,6466.5,34.75,2247.23,red,7.0,30.0,2026-09-25,2026-10-01,2026-10-02 08:14:33
DM-56-04-04-01,2025-09,48.714,100.397,-51.48,-51.68,green,2438.5,3801.79,-35.86,-1363.29,green,7.0,30.0,2026-09-25,2026-10-01,2026-10-02 08:14:33
DM-56-04-04-02,2025-09,41.135,27.735,48.31,13.4,red,2023.94,789.48,156.36,1234.46,red,7.0,30.0,2026-09-25,2026-10-01,2026-10-02 08:14:33
DM-56-04-05-01,2025-09,45.353,114.656,-60.44,-69.3,green,2879.36,5388.93,-46.57,-2509.57,green,7.0,30.0,2026-09-25,2026-10-01,2026-10-02 08:14:33
DM-56-04-05-02,2025-09,70.744,,,,gray,3090.83,,,,gray,7.0,,2026-09-25,2026-10-01,2026-10-02 08:14:33
DM-56-05-01-01,2025-09,342.289,194.678,75.82,147.61,red,7331.28,3652.58,100.72,3678.7,red,7.0,30.0,2026-09-25,2026-10-01,2026-10-02 08:14:33
DM-56-05-01-02,2025-09,36.594,43.183,-15.26,-6.59,green,2185.43,2350.79,-7.03,-165.36,green,7.0,30.0,2026-09-25,2026-10-01,2026-10-02 08:14:33
DM-56-05-01-03,2025-09,177.077,138.653,27.71,38.42,red,7839.9,5863.53,33.71,1976.37,red,7.0,30.0,2026-09-25,2026-10-01,2026-10-02 08:14:33
DM-56-05-02-01,2025-09,80.659,57.995,39.08,22.66,red,3931.35,3034.34,29.56,897.01,red,7.0,30.0,2026-09-25,2026-10-01,2026-10-02 08:14:33
DM-56-05-03-01,2025-09,113.837,71.394,59.45,42.44,red,4993.85,1512.31,230.21,3481.54,red,7.0,30.0,2026-09-25,2026-10-01,2026-10-02 08:14:33
DM-56-05-04-01,2025-09,67.779,22.414,202.4,45.36,red,3161.73,2425.46,30.36,736.27,red,7.0,30.0,2026-09-25,2026-10-01,2026-10-02 08:14:33
DM-56-05-05-01,2025-09,125.543,152.694,-17.78,-27.15,green,4069.93,5065.65,-19.66,-995.72,green,7.0,30.0,2026-09-25,2026-10-01,2026-10-02 08:14:33
DM-56-05-05-02,2025-09,114.132,102.407,11.45,11.73,yellow,4943.33,4934.04,0.19,9.29,green,7.0,30.0,2026-09-25,2026-10-01,2026-10-02 08:14:33
DM-56-05-06-01,2025-09,44.053,67.734,-34.96,-23.68,green,3314.51,4084.05,-18.84,-769.54,green,7.0,30.0,2026-09-25,2026-10-01,2026-10-02 08:14:33
DM-56-05-07-01,2025-09,0.01,0.01,0.0,0.0,green,0.21,0.24,-12.5,-0.03,green,7.0,30.0,2026-09-25,2026-10-01,2026-10-02 08:14:33
DM-56-06-01-01,2025-09,500.0,110.71,351.63,389.29,red,12000.0,5093.51,135.59,6906.49,red,7.0,30.0,2026-09-25,2026-10-01,2026-10-02 08:14:33
DM-56-06-02-01,2025-09,92.773,115.362,-19.58,-22.59,green,3803.53,4462.83,-14.77,-659.3,green,7.0,30.0,2026-09-25,2026-10-01,2026-10-02 08:14:33
DM-56-06-03-01,2025-09,114.494,127.199,-9.99,-12.7,green,5403.19,5425.01,-0.4,-21.82,green,7.0,30.0,2026-09-25,2026-10-01,2026-10-02 08:14:33
DM-56-06-03-02,2025-09,63.097,132.485,-52.37,-69.39,green,2836.69,5648.36,-49.78,-2811.67,green,7.0,30.0,2026-09-25,2026-10-01,2026-10-02 08:14:33
DM-56-06-04-01,2025-09,107.663,99.79,7.89,7.87,yellow,4719.41,4228.2,11.62,491.21,yellow,7.0,30.0,2026-09-25,2026-10-01,2026-10-02 08:14:33
DM-56-06-05-01,2025-09,157.507,190.558,-17.34,-33.05,green,6339.0,7671.8,-17.37,-1332.8,green,7.0,30.0,2026-09-25,2026-10-01,2026-10-02 08:14:33
DM-56-06-06-01,2025-09,3.022,8.047,-62.45,-5.03,green,306.99,547.51,-43.93,-240.52,green,7.0,30.0,2026-09-25,2026-10-01,2026-10-02 08:14:33
DM-56-07-01-01,2025-09,220.691,397.118,-44.43,-176.43,green,8731.52,8974.22,-2.7,-242.7,green,7.0,30.0,2026-09-25,2026-10-01,2026-10-02 08:14:33
DM-56-07-02-01,2025-09,198.634,188.943,5.13,9.69,yellow,8465.03,7958.74,6.36,506.29,yellow,7.0,30.0,2026-09-25,2026-10-01,2026-10-02 08:14:33
DM-56-07-03-01,2025-09,166.444,0.0,,,gray,8797.59,0.0,,,gray,7.0,30.0,2026-09-25,2026-10-01,2026-10-02 08:14:33
DM-56-07-04-01,2025-09,55.733,81.01,-31.2,-25.28,green,2276.62,3159.68,-27.95,-883.06,green,7.0,30.0,2026-09-25,2026-10-01,2026-10-02 08:14:33
DM-56-07-04-02,2025-09,0.0,204.841,-100.0,-204.84,green,0.0,9674.08,-100.0,-9674.08,green,7.0,30.0,2026-09-25,2026-10-01,2026-10-02 08:14:33
DM-56-07-05-01,2025-09,164.044,124.446,31.82,39.6,red,7112.2,5867.01,21.22,1245.19,red,7.0,30.0,2026-09-25,2026-10-01,2026-10-02 08:14:33
DM-56-07-05-02,2025-09,125.538,94.24,33.21,31.3,red,6586.11,4426.7,48.78,2159.41,red,7.0,30.0,2026-09-25,2026-10-01,2026-10-02 08:14:33
