dma_code,baseline_month,current_avg_mnf,baseline_avg_mnf,mnf_delta_pct,mnf_delta_abs,mnf_color,current_avg_daily_total,baseline_avg_daily_total,inflow_delta_pct,inflow_delta_abs,inflow_color,n_valid_days_current,n_valid_days_baseline,current_window_start,current_window_end,generated_at
DM-01-01-01-01,custom_60d,52.495,59.89,-12.35,-7.4,green,2256.67,2020.23,11.7,236.44,yellow,7.0,31.0,2026-10-01,2026-10-07,2026-10-08 13:23:48
DM-01-01-02-01,custom_60d,26.336,118.292,-77.74,-91.96,green,1344.52,3012.67,-55.37,-1668.15,green,7.0,31.0,2026-10-01,2026-10-07,2026-10-08 13:23:48
DM-01-01-02-02,custom_60d,26.098,19.266,35.46,6.83,red,974.69,673.52,44.72,301.17,red,7.0,31.0,2026-10-01,2026-10-07,2026-10-08 13:23:48
DM-01-01-03-01,custom_60d,25.485,29.043,-12.25,-3.56,green,1116.36,881.27,26.68,235.09,red,7.0,31.0,2026-10-01,2026-10-07,2026-10-08 13:23:48
DM-01-01-03-02,custom_60d,0.0,0.0,,,gray,0.0,0.0,,,gray,7.0,31.0,2026-10-01,2026-10-07,2026-10-08 13:23:48
DM-01-01-03-03,custom_60d,0.0,0.0,,,gray,0.0,0.0,,,gray,7.0,31.0,2026-10-01,2026-10-07,2026-10-08 13:23:48
DM-01-01-04-01,custom_60d,0.0,0.0,,,gray,0.0,0.0,,,gray,7.0,31.0,2026-10-01,2026-10-07,2026-10-08 13:23:48
DM-01-01-05-01,custom_60d,100.482,101.837,-1.33,-1.36,green,3820.15,3843.91,-0.62,-23.76,green,7.0,31.0,2026-10-01,2026-10-07,2026-10-08 13:23:48
DM-01-01-05-02,custom_60d,97.074,22.923,323.48,74.15,red,3992.24,1045.96,281.68,2946.28,red,7.0,31.0,2026-10-01,2026-10-07,2026-10-08 13:23:48
DM-01-01-06-01,custom_60d,83.048,100.309,-17.21,-17.26,green,3050.14,3519.93,-13.35,-469.79,green,7.0,31.0,2026-10-01,2026-10-07,2026-10-08 13:23:48
DM-01-01-06-02,custom_60d,4.403,6.933,-36.49,-2.53,green,393.49,530.44,-25.82,-136.95,green,7.0,31.0,2026-10-01,2026-10-07,2026-10-08 13:23:48
DM-01-02-01-01,custom_60d,43.112,58.002,-25.67,-14.89,green,1887.91,2571.02,-26.57,-683.11,green,7.0,31.0,2026-10-01,2026-10-07,2026-10-08 13:23:48
DM-01-02-01-02,custom_60d,72.78,0.0,,,gray,3502.18,0.0,,,gray,7.0,31.0,2026-10-01,2026-10-07,2026-10-08 13:23:48
DM-01-02-02-01,custom_60d,205.589,227.34,-9.57,-21.75,green,7996.06,7168.98,11.54,827.08,yellow,7.0,31.0,2026-10-01,2026-10-07,2026-10-08 13:23:48
DM-01-02-02-02,custom_60d,16.524,17.156,-3.68,-0.63,green,807.9,636.21,26.99,171.69,red,7.0,31.0,2026-10-01,2026-10-07,2026-10-08 13:23:48
DM-01-02-03-02,custom_60d,58.364,81.913,-28.75,-23.55,green,2184.47,3397.8,-35.71,-1213.33,green,7.0,31.0,2026-10-01,2026-10-07,2026-10-08 13:23:48
DM-01-02-04-02,custom_60d,41.848,42.457,-1.43,-0.61,green,1917.71,1908.16,0.5,9.55,green,7.0,31.0,2026-10-01,2026-10-07,2026-10-08 13:23:48
DM-01-02-04-03,custom_60d,34.322,32.777,4.71,1.55,green,1237.82,1722.38,-28.13,-484.56,green,7.0,31.0,2026-10-01,2026-10-07,2026-10-08 13:23:48
DM-01-02-05-01,custom_60d,51.527,91.072,-43.42,-39.55,green,2206.08,2290.89,-3.7,-84.81,green,7.0,31.0,2026-10-01,2026-10-07,2026-10-08 13:23:48
DM-01-03-01-01,custom_60d,0.0,0.0,,,gray,0.0,0.0,,,gray,7.0,31.0,2026-10-01,2026-10-07,2026-10-08 13:23:48
DM-01-03-02-01,custom_60d,106.556,114.068,-6.59,-7.51,green,4393.44,4494.15,-2.24,-100.71,green,7.0,31.0,2026-10-01,2026-10-07,2026-10-08 13:23:48
DM-01-03-03-01,custom_60d,0.323,54.803,-99.41,-54.48,green,10.36,1404.69,-99.26,-1394.33,green,7.0,31.0,2026-10-01,2026-10-07,2026-10-08 13:23:48
DM-01-03-04-01,custom_60d,288.691,284.071,1.63,4.62,green,10664.29,10559.76,0.99,104.53,green,7.0,31.0,2026-10-01,2026-10-07,2026-10-08 13:23:48
DM-01-03-05-01,custom_60d,275.955,93.391,195.48,182.56,red,6227.88,5697.05,9.32,530.83,yellow,7.0,31.0,2026-10-01,2026-10-07,2026-10-08 13:23:48
DM-01-03-05-02,custom_60d,0.961,1.006,-4.47,-0.05,green,24.6,28.93,-14.97,-4.33,green,7.0,31.0,2026-10-01,2026-10-07,2026-10-08 13:23:48
DM-01-03-06-01,custom_60d,49.306,51.283,-3.86,-1.98,green,2350.07,2505.06,-6.19,-154.99,green,7.0,31.0,2026-10-01,2026-10-07,2026-10-08 13:23:48
DM-01-03-06-02,custom_60d,31.032,20.003,55.14,11.03,red,1331.85,1187.07,12.2,144.78,yellow,7.0,31.0,2026-10-01,2026-10-07,2026-10-08 13:23:48
DM-01-03-06-03,custom_60d,69.22,15.393,349.68,53.83,red,2923.93,802.62,264.3,2121.31,red,7.0,31.0,2026-10-01,2026-10-07,2026-10-08 13:23:48
DM-01-04-01-01,custom_60d,60.368,103.612,-41.74,-43.24,green,3824.86,4378.52,-12.64,-553.66,green,7.0,31.0,2026-10-01,2026-10-07,2026-10-08 13:23:48
DM-01-04-01-02,custom_60d,13.752,0.012,114500.0,13.74,red,610.07,0.6,101578.33,609.47,red,7.0,31.0,2026-10-01,2026-10-07,2026-10-08 13:23:48
DM-01-04-02-01,custom_60d,140.459,70.266,99.9,70.19,red,4853.6,2634.43,84.24,2219.17,red,7.0,31.0,2026-10-01,2026-10-07,2026-10-08 13:23:48
DM-01-04-03-01,custom_60d,0.0,0.023,-100.0,-0.02,green,0.0,1.02,-100.0,-1.02,green,7.0,31.0,2026-10-01,2026-10-07,2026-10-08 13:23:48
DM-01-04-03-02,custom_60d,0.676,1.703,-60.31,-1.03,green,183.31,176.5,3.86,6.81,green,7.0,31.0,2026-10-01,2026-10-07,2026-10-08 13:23:48
DM-01-04-03-03,custom_60d,34.833,50.769,-31.39,-15.94,green,1604.24,1937.8,-17.21,-333.56,green,7.0,31.0,2026-10-01,2026-10-07,2026-10-08 13:23:48
DM-01-04-04-01,custom_60d,0.0,0.0,,,gray,0.0,0.0,,,gray,7.0,31.0,2026-10-01,2026-10-07,2026-10-08 13:23:48
DM-01-04-04-02,custom_60d,29.276,41.312,-29.13,-12.04,green,1391.17,1348.84,3.14,42.33,green,7.0,31.0,2026-10-01,2026-10-07,2026-10-08 13:23:48
DM-01-04-05-01,custom_60d,72.705,32.187,125.88,40.52,red,4007.53,3173.62,26.28,833.91,red,7.0,31.0,2026-10-01,2026-10-07,2026-10-08 13:23:48
DM-01-04-05-02,custom_60d,169.47,99.36,70.56,70.11,red,6797.83,6081.56,11.78,716.27,yellow,7.0,31.0,2026-10-01,2026-10-07,2026-10-08 13:23:48
DM-01-04-06-01,custom_60d,234.356,274.919,-14.75,-40.56,green,9474.36,10430.41,-9.17,-956.05,green,7.0,31.0,2026-10-01,2026-10-07,2026-10-08 13:23:48
DM-01-04-06-02,custom_60d,0.0,0.0,,,gray,214.03,0.0,,,gray,7.0,31.0,2026-10-01,2026-10-07,2026-10-08 13:23:48
DM-01-04-07-01,custom_60d,73.067,75.975,-3.83,-2.91,green,4973.15,5388.96,-7.72,-415.81,green,7.0,31.0,2026-10-01,2026-10-07,2026-10-08 13:23:48
DM-01-05-01-01,custom_60d,110.952,120.414,-7.86,-9.46,green,5012.16,5227.33,-4.12,-215.17,green,7.0,31.0,2026-10-01,2026-10-07,2026-10-08 13:23:48
DM-01-05-01-02,custom_60d,87.104,105.879,-17.73,-18.78,green,4012.07,4694.89,-14.54,-682.82,green,7.0,31.0,2026-10-01,2026-10-07,2026-10-08 13:23:48
DM-01-05-02-01,custom_60d,86.996,45.592,90.81,41.4,red,3971.64,2831.99,40.24,1139.65,red,7.0,31.0,2026-10-01,2026-10-07,2026-10-08 13:23:48
DM-01-05-03-01,custom_60d,150.714,200.053,-24.66,-49.34,green,3921.21,5508.65,-28.82,-1587.44,green,7.0,31.0,2026-10-01,2026-10-07,2026-10-08 13:23:48
DM-01-05-03-02,custom_60d,46.591,45.212,3.05,1.38,green,2356.27,2128.18,10.72,228.09,yellow,7.0,31.0,2026-10-01,2026-10-07,2026-10-08 13:23:48
DM-01-05-04-01,custom_60d,57.002,129.323,-55.92,-72.32,green,2498.16,5421.85,-53.92,-2923.69,green,7.0,31.0,2026-10-01,2026-10-07,2026-10-08 13:23:48
DM-01-05-04-02,custom_60d,51.415,110.709,-53.56,-59.29,green,2513.13,2685.18,-6.41,-172.05,green,7.0,31.0,2026-10-01,2026-10-07,2026-10-08 13:23:48
DM-01-05-04-03,custom_60d,61.189,71.699,-14.66,-10.51,green,2475.15,2951.75,-16.15,-476.6,green,7.0,31.0,2026-10-01,2026-10-07,2026-10-08 13:23:48
DM-01-06-01-01,custom_60d,64.967,66.796,-2.74,-1.83,green,3083.37,3127.25,-1.4,-43.88,green,7.0,31.0,2026-10-01,2026-10-07,2026-10-08 13:23:48
DM-01-06-01-02,custom_60d,21.718,19.485,11.46,2.23,yellow,1179.9,1086.58,8.59,93.32,yellow,7.0,31.0,2026-10-01,2026-10-07,2026-10-08 13:23:48
DM-01-06-02-01,custom_60d,232.784,22.886,917.15,209.9,red,4241.52,450.01,842.54,3791.51,red,7.0,31.0,2026-10-01,2026-10-07,2026-10-08 13:23:48
DM-01-06-02-02,custom_60d,119.601,164.194,-27.16,-44.59,green,4964.11,5171.61,-4.01,-207.5,green,7.0,31.0,2026-10-01,2026-10-07,2026-10-08 13:23:48
DM-01-06-02-04,custom_60d,0.0,7.276,-100.0,-7.28,green,4.38,307.6,-98.58,-303.22,green,7.0,31.0,2026-10-01,2026-10-07,2026-10-08 13:23:48
DM-01-06-02-05,custom_60d,0.0,0.0,,,gray,0.0,0.0,,,gray,7.0,31.0,2026-10-01,2026-10-07,2026-10-08 13:23:48
DM-01-06-03-01,custom_60d,0.0,0.0,,,gray,7.13,0.47,1417.02,6.66,red,7.0,31.0,2026-10-01,2026-10-07,2026-10-08 13:23:48
DM-01-06-03-02,custom_60d,49.191,41.927,17.33,7.26,yellow,2543.63,1946.13,30.7,597.5,red,7.0,31.0,2026-10-01,2026-10-07,2026-10-08 13:23:48
DM-01-06-04-01,custom_60d,104.072,102.927,1.11,1.14,green,5132.27,5286.27,-2.91,-154.0,green,7.0,31.0,2026-10-01,2026-10-07,2026-10-08 13:23:48
DM-01-06-04-02,custom_60d,150.872,126.96,18.83,23.91,yellow,6760.05,5944.5,13.72,815.55,yellow,7.0,31.0,2026-10-01,2026-10-07,2026-10-08 13:23:48
DM-01-06-05-01,custom_60d,96.062,114.291,-15.95,-18.23,green,4397.46,3722.22,18.14,675.24,yellow,7.0,31.0,2026-10-01,2026-10-07,2026-10-08 13:23:48
DM-01-06-05-02,custom_60d,43.788,48.202,-9.16,-4.41,green,997.33,1153.77,-13.56,-156.44,green,7.0,31.0,2026-10-01,2026-10-07,2026-10-08 13:23:48
DM-01-06-05-03,custom_60d,0.0,0.0,,,gray,8.4,0.0,,,gray,7.0,31.0,2026-10-01,2026-10-07,2026-10-08 13:23:48
DM-01-06-05-04,custom_60d,0.032,2.123,-98.49,-2.09,green,4.05,286.05,-98.58,-282.0,green,7.0,31.0,2026-10-01,2026-10-07,2026-10-08 13:23:48
DM-01-06-05-05,custom_60d,86.354,69.774,23.76,16.58,red,3901.46,3206.27,21.68,695.19,red,7.0,31.0,2026-10-01,2026-10-07,2026-10-08 13:23:48
DM-01-06-05-06,custom_60d,101.416,101.613,-0.19,-0.2,green,2263.26,2540.81,-10.92,-277.55,green,7.0,31.0,2026-10-01,2026-10-07,2026-10-08 13:23:48
DM-01-06-05-07,custom_60d,1.48,0.763,93.97,0.72,red,78.82,80.23,-1.76,-1.41,green,7.0,31.0,2026-10-01,2026-10-07,2026-10-08 13:23:48
DM-01-07-01-01,custom_60d,80.602,151.328,-46.74,-70.73,green,4366.19,3960.02,10.26,406.17,yellow,7.0,31.0,2026-10-01,2026-10-07,2026-10-08 13:23:48
DM-01-07-01-02,custom_60d,4.339,4.421,-1.85,-0.08,green,219.13,250.88,-12.66,-31.75,green,7.0,31.0,2026-10-01,2026-10-07,2026-10-08 13:23:48
DM-01-07-02-01,custom_60d,153.131,95.478,60.38,57.65,red,6698.12,4542.13,47.47,2155.99,red,7.0,31.0,2026-10-01,2026-10-07,2026-10-08 13:23:48
DM-01-07-02-02,custom_60d,0.0,0.16,-100.0,-0.16,green,0.0,8.93,-100.0,-8.93,green,7.0,31.0,2026-10-01,2026-10-07,2026-10-08 13:23:48
DM-01-07-02-03,custom_60d,22.791,18.751,21.55,4.04,red,1223.9,1119.79,9.3,104.11,yellow,7.0,31.0,2026-10-01,2026-10-07,2026-10-08 13:23:48
DM-01-07-03-01,custom_60d,,90.816,,,gray,3296.04,3113.64,5.86,182.4,yellow,7.0,31.0,2026-10-01,2026-10-07,2026-10-08 13:23:48
DM-01-07-03-02,custom_60d,47.686,79.48,-40.0,-31.79,green,2318.94,2212.61,4.81,106.33,green,7.0,31.0,2026-10-01,2026-10-07,2026-10-08 13:23:48
DM-01-07-03-03,custom_60d,40.297,44.102,-8.63,-3.8,green,2004.1,2168.85,-7.6,-164.75,green,7.0,31.0,2026-10-01,2026-10-07,2026-10-08 13:23:48
DM-01-07-03-04,custom_60d,8.911,7.933,12.33,0.98,yellow,537.33,542.43,-0.94,-5.1,green,7.0,31.0,2026-10-01,2026-10-07,2026-10-08 13:23:48
DM-01-07-04-01,custom_60d,44.098,52.482,-15.98,-8.38,green,2035.79,2038.22,-0.12,-2.43,green,7.0,31.0,2026-10-01,2026-10-07,2026-10-08 13:23:48
DM-01-07-04-02,custom_60d,8.191,6.173,32.69,2.02,red,363.58,250.91,44.9,112.67,red,7.0,31.0,2026-10-01,2026-10-07,2026-10-08 13:23:48
DM-01-07-04-03,custom_60d,33.951,51.179,-33.66,-17.23,green,1863.03,1891.73,-1.52,-28.7,green,7.0,31.0,2026-10-01,2026-10-07,2026-10-08 13:23:48
DM-01-07-05-01,custom_60d,68.211,72.266,-5.61,-4.06,green,3063.45,3285.7,-6.76,-222.25,green,7.0,31.0,2026-10-01,2026-10-07,2026-10-08 13:23:48
DM-01-07-06-01,custom_60d,18.095,23.276,-22.26,-5.18,green,978.01,818.96,19.42,159.05,yellow,7.0,31.0,2026-10-01,2026-10-07,2026-10-08 13:23:48
DM-01-07-06-02,custom_60d,13.622,15.747,-13.49,-2.12,green,1106.74,993.07,11.45,113.67,yellow,7.0,31.0,2026-10-01,2026-10-07,2026-10-08 13:23:48
DM-01-07-06-03,custom_60d,41.026,33.239,23.43,7.79,red,1451.46,1128.71,28.59,322.75,red,7.0,31.0,2026-10-01,2026-10-07,2026-10-08 13:23:48
DM-01-08-01-01,custom_60d,114.5,148.541,-22.92,-34.04,green,2801.9,3549.4,-21.06,-747.5,green,7.0,31.0,2026-10-01,2026-10-07,2026-10-08 13:23:48
DM-01-08-01-02,custom_60d,35.256,42.075,-16.21,-6.82,green,803.27,1630.1,-50.72,-826.83,green,7.0,31.0,2026-10-01,2026-10-07,2026-10-08 13:23:48
DM-01-08-01-03,custom_60d,,50.554,,,gray,2882.9,2460.41,17.17,422.49,yellow,7.0,31.0,2026-10-01,2026-10-07,2026-10-08 13:23:48
DM-01-08-02-01,custom_60d,69.822,63.928,9.22,5.89,yellow,2646.71,2810.19,-5.82,-163.48,green,7.0,31.0,2026-10-01,2026-10-07,2026-10-08 13:23:48
DM-01-08-02-02,custom_60d,0.0,0.0,,,gray,0.0,0.0,,,gray,7.0,31.0,2026-10-01,2026-10-07,2026-10-08 13:23:48
DM-01-08-03-01,custom_60d,183.775,471.99,-61.06,-288.22,green,3345.3,11447.83,-70.78,-8102.53,green,7.0,31.0,2026-10-01,2026-10-07,2026-10-08 13:23:48
DM-01-08-04-01,custom_60d,41.208,43.487,-5.24,-2.28,green,1848.74,1957.97,-5.58,-109.23,green,7.0,31.0,2026-10-01,2026-10-07,2026-10-08 13:23:48
DM-01-08-04-02,custom_60d,15.577,14.012,11.17,1.56,yellow,766.45,722.63,6.06,43.82,yellow,7.0,31.0,2026-10-01,2026-10-07,2026-10-08 13:23:48
DM-01-08-04-03,custom_60d,,167.182,,,gray,7892.76,6813.09,15.85,1079.67,yellow,7.0,31.0,2026-10-01,2026-10-07,2026-10-08 13:23:48
DM-01-09-01-01,custom_60d,138.184,171.722,-19.53,-33.54,green,5463.43,6515.74,-16.15,-1052.31,green,7.0,31.0,2026-10-01,2026-10-07,2026-10-08 13:23:48
DM-01-09-02-01,custom_60d,38.682,69.136,-44.05,-30.45,green,1710.84,1745.46,-1.98,-34.62,green,7.0,31.0,2026-10-01,2026-10-07,2026-10-08 13:23:48
DM-01-09-02-02,custom_60d,33.48,34.304,-2.4,-0.82,green,1523.77,1601.52,-4.85,-77.75,green,7.0,31.0,2026-10-01,2026-10-07,2026-10-08 13:23:48
DM-01-09-03-01,custom_60d,71.088,67.867,4.75,3.22,green,2750.69,2692.52,2.16,58.17,green,7.0,31.0,2026-10-01,2026-10-07,2026-10-08 13:23:48
DM-01-09-04-01,custom_60d,115.569,216.011,-46.5,-100.44,green,4759.79,5636.77,-15.56,-876.98,green,7.0,31.0,2026-10-01,2026-10-07,2026-10-08 13:23:48
DM-01-09-05-01,custom_60d,61.331,78.725,-22.09,-17.39,green,2603.78,2760.27,-5.67,-156.49,green,7.0,31.0,2026-10-01,2026-10-07,2026-10-08 13:23:48
DM-01-09-06-01,custom_60d,42.755,73.819,-42.08,-31.06,green,1770.26,1884.35,-6.05,-114.09,green,7.0,31.0,2026-10-01,2026-10-07,2026-10-08 13:23:48
DM-01-09-07-01,custom_60d,107.743,145.968,-26.19,-38.22,green,4477.3,5748.65,-22.12,-1271.35,green,7.0,31.0,2026-10-01,2026-10-07,2026-10-08 13:23:48
DM-01-09-08-01,custom_60d,130.996,133.592,-1.94,-2.6,green,5449.62,5660.66,-3.73,-211.04,green,7.0,31.0,2026-10-01,2026-10-07,2026-10-08 13:23:48
DM-01-09-09-01,custom_60d,65.8,60.99,7.89,4.81,yellow,2308.01,2683.86,-14.0,-375.85,green,7.0,31.0,2026-10-01,2026-10-07,2026-10-08 13:23:48
DM-01-09-10-01,custom_60d,72.681,67.804,7.19,4.88,yellow,2659.99,2538.86,4.77,121.13,green,7.0,31.0,2026-10-01,2026-10-07,2026-10-08 13:23:48
DM-02-01-01-01,custom_60d,47.602,62.284,-23.57,-14.68,green,1886.6,1887.44,-0.04,-0.84,green,7.0,31.0,2026-10-01,2026-10-07,2026-10-08 13:23:48
DM-02-01-01-02,custom_60d,69.174,90.458,-23.53,-21.28,green,2828.92,2837.13,-0.29,-8.21,green,7.0,31.0,2026-10-01,2026-10-07,2026-10-08 13:23:48
DM-02-01-02-01,custom_60d,58.533,52.119,12.31,6.41,yellow,2341.58,2144.43,9.19,197.15,yellow,7.0,31.0,2026-10-01,2026-10-07,2026-10-08 13:23:48
DM-02-01-02-02,custom_60d,58.89,79.864,-26.26,-20.97,green,2289.96,2401.41,-4.64,-111.45,green,7.0,31.0,2026-10-01,2026-10-07,2026-10-08 13:23:48
DM-02-01-03-01,custom_60d,0.34,0.323,5.26,0.02,yellow,9.12,8.1,12.59,1.02,yellow,7.0,31.0,2026-10-01,2026-10-07,2026-10-08 13:23:48
DM-02-01-03-02,custom_60d,34.739,38.097,-8.81,-3.36,green,1345.46,1434.66,-6.22,-89.2,green,7.0,31.0,2026-10-01,2026-10-07,2026-10-08 13:23:48
DM-02-01-03-03,custom_60d,146.058,161.844,-9.75,-15.79,green,6276.45,6397.1,-1.89,-120.65,green,7.0,31.0,2026-10-01,2026-10-07,2026-10-08 13:23:48
DM-02-01-04-01,custom_60d,61.152,34.019,79.76,27.13,red,2777.45,1574.85,76.36,1202.6,red,7.0,31.0,2026-10-01,2026-10-07,2026-10-08 13:23:48
DM-02-01-04-02,custom_60d,11.983,11.973,0.08,0.01,green,613.01,699.37,-12.35,-86.36,green,7.0,31.0,2026-10-01,2026-10-07,2026-10-08 13:23:48
DM-02-01-04-03,custom_60d,67.247,23.29,188.74,43.96,red,2693.38,1007.6,167.31,1685.78,red,7.0,31.0,2026-10-01,2026-10-07,2026-10-08 13:23:48
DM-02-01-04-05,custom_60d,47.315,47.312,0.01,0.0,green,1666.7,1890.49,-11.84,-223.79,green,7.0,31.0,2026-10-01,2026-10-07,2026-10-08 13:23:48
DM-02-01-07-01,custom_60d,31.542,11.156,182.74,20.39,red,1431.18,460.29,210.93,970.89,red,7.0,31.0,2026-10-01,2026-10-07,2026-10-08 13:23:48
DM-02-02-01-01,custom_60d,111.843,122.686,-8.84,-10.84,green,3566.86,3826.6,-6.79,-259.74,green,7.0,31.0,2026-10-01,2026-10-07,2026-10-08 13:23:48
DM-02-02-01-02,custom_60d,62.421,2.116,2849.95,60.3,red,3179.87,62.3,5004.13,3117.57,red,7.0,31.0,2026-10-01,2026-10-07,2026-10-08 13:23:48
DM-02-02-02-01,custom_60d,115.606,117.141,-1.31,-1.54,green,4949.6,4881.12,1.4,68.48,green,7.0,31.0,2026-10-01,2026-10-07,2026-10-08 13:23:48
DM-02-02-03-01,custom_60d,45.725,83.294,-45.1,-37.57,green,2217.07,2654.95,-16.49,-437.88,green,7.0,31.0,2026-10-01,2026-10-07,2026-10-08 13:23:48
DM-02-02-04-01,custom_60d,22.941,42.32,-45.79,-19.38,green,1327.72,1494.97,-11.19,-167.25,green,7.0,31.0,2026-10-01,2026-10-07,2026-10-08 13:23:48
DM-02-02-04-02,custom_60d,62.874,125.58,-49.93,-62.71,green,2980.14,3339.85,-10.77,-359.71,green,7.0,31.0,2026-10-01,2026-10-07,2026-10-08 13:23:48
DM-02-02-05-01,custom_60d,20.63,31.377,-34.25,-10.75,green,969.29,1169.69,-17.13,-200.4,green,7.0,31.0,2026-10-01,2026-10-07,2026-10-08 13:23:48
DM-02-02-05-02,custom_60d,44.775,59.826,-25.16,-15.05,green,1983.29,2420.39,-18.06,-437.1,green,7.0,31.0,2026-10-01,2026-10-07,2026-10-08 13:23:48
DM-02-02-06-01,custom_60d,46.215,40.905,12.98,5.31,yellow,2056.06,1939.98,5.98,116.08,yellow,7.0,31.0,2026-10-01,2026-10-07,2026-10-08 13:23:48
DM-02-02-06-02,custom_60d,21.915,24.817,-11.69,-2.9,green,1382.13,1404.42,-1.59,-22.29,green,7.0,31.0,2026-10-01,2026-10-07,2026-10-08 13:23:48
DM-02-02-06-03,custom_60d,10.713,12.284,-12.79,-1.57,green,561.56,650.25,-13.64,-88.69,green,7.0,31.0,2026-10-01,2026-10-07,2026-10-08 13:23:48
DM-02-02-07-01,custom_60d,31.729,31.487,0.77,0.24,green,1501.96,1506.35,-0.29,-4.39,green,7.0,31.0,2026-10-01,2026-10-07,2026-10-08 13:23:48
DM-02-02-07-03,custom_60d,27.032,27.93,-3.22,-0.9,green,1398.95,1494.17,-6.37,-95.22,green,7.0,31.0,2026-10-01,2026-10-07,2026-10-08 13:23:48
DM-02-02-08-01,custom_60d,92.376,54.917,68.21,37.46,red,2839.47,2630.19,7.96,209.28,yellow,7.0,31.0,2026-10-01,2026-10-07,2026-10-08 13:23:48
DM-02-03-01-01,custom_60d,37.226,39.744,-6.34,-2.52,green,1420.05,1536.11,-7.56,-116.06,green,7.0,31.0,2026-10-01,2026-10-07,2026-10-08 13:23:48
DM-02-03-02-01,custom_60d,59.368,49.595,19.71,9.77,yellow,1550.42,2293.04,-32.39,-742.62,green,7.0,31.0,2026-10-01,2026-10-07,2026-10-08 13:23:48
DM-02-03-02-02,custom_60d,8.771,27.61,-68.23,-18.84,green,493.02,819.59,-39.85,-326.57,green,7.0,31.0,2026-10-01,2026-10-07,2026-10-08 13:23:48
DM-02-03-03-01,custom_60d,31.671,41.445,-23.58,-9.77,green,1484.51,1868.18,-20.54,-383.67,green,7.0,31.0,2026-10-01,2026-10-07,2026-10-08 13:23:48
DM-02-03-03-02,custom_60d,27.363,26.608,2.84,0.75,green,878.91,1166.28,-24.64,-287.37,green,7.0,31.0,2026-10-01,2026-10-07,2026-10-08 13:23:48
DM-02-03-04-01,custom_60d,97.69,91.104,7.23,6.59,yellow,3562.76,3961.26,-10.06,-398.5,green,7.0,31.0,2026-10-01,2026-10-07,2026-10-08 13:23:48
DM-02-03-05-01,custom_60d,1.312,64.137,-97.95,-62.83,green,43.85,1631.3,-97.31,-1587.45,green,7.0,31.0,2026-10-01,2026-10-07,2026-10-08 13:23:48
DM-02-03-06-01,custom_60d,53.81,26.503,103.03,27.31,red,2494.35,2394.91,4.15,99.44,green,7.0,31.0,2026-10-01,2026-10-07,2026-10-08 13:23:48
DM-02-03-06-02,custom_60d,0.0,0.0,,,gray,0.0,0.0,,,gray,7.0,31.0,2026-10-01,2026-10-07,2026-10-08 13:23:48
DM-02-03-06-03,custom_60d,74.618,64.013,16.57,10.6,yellow,1631.19,1782.81,-8.5,-151.62,green,7.0,31.0,2026-10-01,2026-10-07,2026-10-08 13:23:48
DM-02-04-01-02,custom_60d,52.319,46.974,11.38,5.35,yellow,2415.53,2163.47,11.65,252.06,yellow,7.0,31.0,2026-10-01,2026-10-07,2026-10-08 13:23:48
DM-02-04-01-03,custom_60d,31.87,34.291,-7.06,-2.42,green,1533.66,1754.24,-12.57,-220.58,green,7.0,31.0,2026-10-01,2026-10-07,2026-10-08 13:23:48
DM-02-04-02-01,custom_60d,21.503,20.418,5.31,1.09,yellow,942.25,903.39,4.3,38.86,green,7.0,31.0,2026-10-01,2026-10-07,2026-10-08 13:23:48
DM-02-04-02-02,custom_60d,123.463,128.371,-3.82,-4.91,green,5166.49,5391.91,-4.18,-225.42,green,7.0,31.0,2026-10-01,2026-10-07,2026-10-08 13:23:48
DM-02-04-03-01,custom_60d,169.115,316.926,-46.64,-147.81,green,6982.95,7149.59,-2.33,-166.64,green,7.0,31.0,2026-10-01,2026-10-07,2026-10-08 13:23:48
DM-02-04-04-01,custom_60d,151.695,134.513,12.77,17.18,yellow,5857.19,5651.56,3.64,205.63,green,7.0,31.0,2026-10-01,2026-10-07,2026-10-08 13:23:48
DM-02-04-04-02,custom_60d,134.476,138.999,-3.25,-4.52,green,4924.42,5475.64,-10.07,-551.22,green,7.0,31.0,2026-10-01,2026-10-07,2026-10-08 13:23:48
DM-02-04-05-01,custom_60d,115.878,204.069,-43.22,-88.19,green,4882.7,4883.69,-0.02,-0.99,green,7.0,31.0,2026-10-01,2026-10-07,2026-10-08 13:23:48
DM-02-04-05-02,custom_60d,,145.141,,,gray,3452.42,3668.97,-5.9,-216.55,green,7.0,31.0,2026-10-01,2026-10-07,2026-10-08 13:23:48
DM-02-04-06-01,custom_60d,0.177,0.0,,,gray,3.08,0.0,,,gray,7.0,31.0,2026-10-01,2026-10-07,2026-10-08 13:23:48
DM-02-08-01-01,custom_60d,149.358,205.714,-27.4,-56.36,green,5772.41,5617.89,2.75,154.52,green,7.0,31.0,2026-10-01,2026-10-07,2026-10-08 13:23:48
DM-02-08-01-02,custom_60d,0.0,0.0,,,gray,0.0,0.0,,,gray,7.0,31.0,2026-10-01,2026-10-07,2026-10-08 13:23:48
DM-02-08-02-01,custom_60d,98.757,120.124,-17.79,-21.37,green,4111.35,4744.52,-13.35,-633.17,green,7.0,31.0,2026-10-01,2026-10-07,2026-10-08 13:23:48
DM-02-08-02-02,custom_60d,0.0,0.0,,,gray,0.0,0.0,,,gray,7.0,31.0,2026-10-01,2026-10-07,2026-10-08 13:23:48
DM-02-08-03-01,custom_60d,0.712,0.108,559.26,0.6,red,17.5,4.57,282.93,12.93,red,7.0,31.0,2026-10-01,2026-10-07,2026-10-08 13:23:48
DM-02-08-03-02,custom_60d,109.664,132.734,-17.38,-23.07,green,6649.58,7444.23,-10.67,-794.65,green,7.0,31.0,2026-10-01,2026-10-07,2026-10-08 13:23:48
DM-02-08-03-03,custom_60d,136.031,252.988,-46.23,-116.96,green,7262.79,7263.83,-0.01,-1.04,green,7.0,31.0,2026-10-01,2026-10-07,2026-10-08 13:23:48
DM-02-08-04-01,custom_60d,57.931,52.656,10.02,5.27,yellow,2198.07,2905.29,-24.34,-707.22,green,7.0,31.0,2026-10-01,2026-10-07,2026-10-08 13:23:48
DM-02-08-04-02,custom_60d,73.7,87.238,-15.52,-13.54,green,3200.53,3163.6,1.17,36.93,green,7.0,31.0,2026-10-01,2026-10-07,2026-10-08 13:23:48
DM-02-08-04-03,custom_60d,0.0,0.0,,,gray,0.0,0.0,,,gray,7.0,31.0,2026-10-01,2026-10-07,2026-10-08 13:23:48
DM-02-12-01-01,custom_60d,118.787,131.727,-9.82,-12.94,green,5522.12,5858.78,-5.75,-336.66,green,7.0,31.0,2026-10-01,2026-10-07,2026-10-08 13:23:48
DM-02-12-01-02,custom_60d,162.312,128.627,26.19,33.69,red,4940.04,5250.91,-5.92,-310.87,green,7.0,31.0,2026-10-01,2026-10-07,2026-10-08 13:23:48
DM-02-12-01-03,custom_60d,94.305,170.292,-44.62,-75.99,green,3700.06,4333.19,-14.61,-633.13,green,7.0,31.0,2026-10-01,2026-10-07,2026-10-08 13:23:48
DM-02-12-01-04,custom_60d,0.0,0.0,,,gray,0.0,0.0,,,gray,7.0,31.0,2026-10-01,2026-10-07,2026-10-08 13:23:48
DM-02-12-02-01,custom_60d,80.748,80.972,-0.28,-0.22,green,3180.29,3380.22,-5.91,-199.93,green,7.0,31.0,2026-10-01,2026-10-07,2026-10-08 13:23:48
DM-02-12-02-02,custom_60d,46.646,42.381,10.06,4.27,yellow,1871.82,1767.15,5.92,104.67,yellow,7.0,31.0,2026-10-01,2026-10-07,2026-10-08 13:23:48
DM-02-12-02-03,custom_60d,49.446,70.574,-29.94,-21.13,green,1749.28,1885.77,-7.24,-136.49,green,7.0,31.0,2026-10-01,2026-10-07,2026-10-08 13:23:48
DM-02-12-03-01,custom_60d,50.388,72.424,-30.43,-22.04,green,2213.4,2949.34,-24.95,-735.94,green,7.0,31.0,2026-10-01,2026-10-07,2026-10-08 13:23:48
DM-02-12-03-02,custom_60d,93.138,114.853,-18.91,-21.71,green,4457.03,5167.17,-13.74,-710.14,green,7.0,31.0,2026-10-01,2026-10-07,2026-10-08 13:23:48
DM-02-13-01-01,custom_60d,95.87,173.54,-44.76,-77.67,green,4304.54,4055.37,6.14,249.17,yellow,7.0,31.0,2026-10-01,2026-10-07,2026-10-08 13:23:48
DM-02-13-01-02,custom_60d,30.44,24.382,24.85,6.06,red,1132.74,1155.38,-1.96,-22.64,green,7.0,31.0,2026-10-01,2026-10-07,2026-10-08 13:23:48
DM-02-13-02-01,custom_60d,79.727,71.151,12.05,8.58,yellow,3471.48,3334.37,4.11,137.11,green,7.0,31.0,2026-10-01,2026-10-07,2026-10-08 13:23:48
DM-02-13-02-02,custom_60d,53.166,94.689,-43.85,-41.52,green,2212.04,2297.7,-3.73,-85.66,green,7.0,31.0,2026-10-01,2026-10-07,2026-10-08 13:23:48
DM-02-13-03-01,custom_60d,36.848,74.463,-50.52,-37.61,green,1563.12,2868.32,-45.5,-1305.2,green,7.0,31.0,2026-10-01,2026-10-07,2026-10-08 13:23:48
DM-02-13-03-02,custom_60d,60.319,147.989,-59.24,-87.67,green,2919.51,3580.69,-18.47,-661.18,green,7.0,31.0,2026-10-01,2026-10-07,2026-10-08 13:23:48
DM-02-13-04-01,custom_60d,72.075,73.535,-1.99,-1.46,green,3262.68,3343.99,-2.43,-81.31,green,7.0,31.0,2026-10-01,2026-10-07,2026-10-08 13:23:48
DM-02-13-04-02,custom_60d,39.945,54.471,-26.67,-14.53,green,1842.82,2548.71,-27.7,-705.89,green,7.0,31.0,2026-10-01,2026-10-07,2026-10-08 13:23:48
DM-02-13-05-01,custom_60d,109.284,20.363,436.68,88.92,red,4203.68,814.6,416.04,3389.08,red,7.0,31.0,2026-10-01,2026-10-07,2026-10-08 13:23:48
DM-02-13-05-02,custom_60d,70.285,65.765,6.87,4.52,yellow,2931.95,2880.57,1.78,51.38,green,7.0,31.0,2026-10-01,2026-10-07,2026-10-08 13:23:48
DM-02-13-06-01,custom_60d,38.503,36.205,6.35,2.3,yellow,1909.77,1861.54,2.59,48.23,green,7.0,31.0,2026-10-01,2026-10-07,2026-10-08 13:23:48
DM-02-13-06-02,custom_60d,76.708,82.527,-7.05,-5.82,green,3761.88,3958.98,-4.98,-197.1,green,7.0,31.0,2026-10-01,2026-10-07,2026-10-08 13:23:48
DM-02-14-03-01,custom_60d,94.231,40.821,130.84,53.41,red,3313.11,1655.92,100.08,1657.19,red,7.0,31.0,2026-10-01,2026-10-07,2026-10-08 13:23:48
DM-02-14-03-02,custom_60d,86.017,187.061,-54.02,-101.04,green,4154.19,4298.13,-3.35,-143.94,green,7.0,31.0,2026-10-01,2026-10-07,2026-10-08 13:23:48
DM-02-14-03-03,custom_60d,34.411,57.686,-40.35,-23.27,green,1823.68,1885.62,-3.28,-61.94,green,7.0,31.0,2026-10-01,2026-10-07,2026-10-08 13:23:48
DM-02-14-04-01,custom_60d,158.416,65.071,143.45,93.34,red,2757.98,1266.45,117.77,1491.53,red,7.0,31.0,2026-10-01,2026-10-07,2026-10-08 13:23:48
DM-02-14-04-02,custom_60d,35.86,37.402,-4.12,-1.54,green,1565.56,1577.52,-0.76,-11.96,green,7.0,31.0,2026-10-01,2026-10-07,2026-10-08 13:23:48
DM-02-14-04-03,custom_60d,131.716,128.307,2.66,3.41,green,6001.33,5797.52,3.52,203.81,green,7.0,31.0,2026-10-01,2026-10-07,2026-10-08 13:23:48
DM-02-14-04-04,custom_60d,74.382,74.297,0.11,0.09,green,3291.08,3237.66,1.65,53.42,green,7.0,31.0,2026-10-01,2026-10-07,2026-10-08 13:23:48
DM-02-14-05-01,custom_60d,60.319,60.941,-1.02,-0.62,green,3023.51,3122.0,-3.15,-98.49,green,7.0,31.0,2026-10-01,2026-10-07,2026-10-08 13:23:48
DM-02-14-05-02,custom_60d,96.429,111.422,-13.46,-14.99,green,4277.3,4425.65,-3.35,-148.35,green,7.0,31.0,2026-10-01,2026-10-07,2026-10-08 13:23:48
DM-02-14-05-03,custom_60d,0.0,14.463,-100.0,-14.46,green,21.45,930.77,-97.7,-909.32,green,7.0,31.0,2026-10-01,2026-10-07,2026-10-08 13:23:48
DM-02-14-06-01,custom_60d,31.818,54.185,-41.28,-22.37,green,1635.41,2763.88,-40.83,-1128.47,green,7.0,31.0,2026-10-01,2026-10-07,2026-10-08 13:23:48
DM-02-14-06-02,custom_60d,95.396,119.67,-20.28,-24.27,green,3237.92,3347.06,-3.26,-109.14,green,7.0,31.0,2026-10-01,2026-10-07,2026-10-08 13:23:48
DM-02-14-07-01,custom_60d,0.0,0.0,,,gray,0.0,0.0,,,gray,7.0,31.0,2026-10-01,2026-10-07,2026-10-08 13:23:48
DM-02-14-07-02,custom_60d,161.532,159.112,1.52,2.42,green,6484.22,6493.46,-0.14,-9.24,green,7.0,31.0,2026-10-01,2026-10-07,2026-10-08 13:23:48
DM-02-14-07-03,custom_60d,48.999,56.705,-13.59,-7.71,green,2753.8,2953.38,-6.76,-199.58,green,7.0,31.0,2026-10-01,2026-10-07,2026-10-08 13:23:48
DM-02-14-07-04,custom_60d,83.757,161.584,-48.17,-77.83,green,3630.85,4172.4,-12.98,-541.55,green,7.0,31.0,2026-10-01,2026-10-07,2026-10-08 13:23:48
DM-02-14-07-05,custom_60d,40.477,45.757,-11.54,-5.28,green,2111.81,2276.88,-7.25,-165.07,green,7.0,31.0,2026-10-01,2026-10-07,2026-10-08 13:23:48
DM-02-14-08-01,custom_60d,117.373,349.46,-66.41,-232.09,green,5785.28,6702.34,-13.68,-917.06,green,7.0,31.0,2026-10-01,2026-10-07,2026-10-08 13:23:48
DM-02-14-09-01,custom_60d,196.47,222.721,-11.79,-26.25,green,6308.04,7156.02,-11.85,-847.98,green,7.0,31.0,2026-10-01,2026-10-07,2026-10-08 13:23:48
DM-02-14-09-02,custom_60d,144.072,158.889,-9.33,-14.82,green,6745.3,6698.12,0.7,47.18,green,7.0,31.0,2026-10-01,2026-10-07,2026-10-08 13:23:48
DM-02-15-01-01,custom_60d,189.507,192.106,-1.35,-2.6,green,5579.7,5963.84,-6.44,-384.14,green,7.0,31.0,2026-10-01,2026-10-07,2026-10-08 13:23:48
DM-02-15-02-01,custom_60d,100.792,111.457,-9.57,-10.66,green,4703.19,4971.06,-5.39,-267.87,green,7.0,31.0,2026-10-01,2026-10-07,2026-10-08 13:23:48
DM-02-15-03-01,custom_60d,76.056,43.244,75.88,32.81,red,3542.82,1755.11,101.86,1787.71,red,7.0,31.0,2026-10-01,2026-10-07,2026-10-08 13:23:48
DM-02-15-04-01,custom_60d,55.912,91.555,-38.93,-35.64,green,3565.16,4988.64,-28.53,-1423.48,green,7.0,31.0,2026-10-01,2026-10-07,2026-10-08 13:23:48
DM-02-15-04-02,custom_60d,44.253,55.625,-20.44,-11.37,green,2142.15,2334.72,-8.25,-192.57,green,7.0,31.0,2026-10-01,2026-10-07,2026-10-08 13:23:48
DM-02-15-05-01,custom_60d,0.0,0.0,,,gray,0.0,0.0,,,gray,7.0,31.0,2026-10-01,2026-10-07,2026-10-08 13:23:48
DM-02-15-05-02,custom_60d,11.443,0.0,,,gray,487.88,0.0,,,gray,7.0,31.0,2026-10-01,2026-10-07,2026-10-08 13:23:48
DM-02-16-01-01,custom_60d,24.899,29.673,-16.09,-4.77,green,1001.57,1236.45,-19.0,-234.88,green,7.0,31.0,2026-10-01,2026-10-07,2026-10-08 13:23:48
DM-02-16-02-01,custom_60d,39.577,69.186,-42.8,-29.61,green,1672.78,1687.28,-0.86,-14.5,green,7.0,31.0,2026-10-01,2026-10-07,2026-10-08 13:23:48
DM-02-16-02-02,custom_60d,66.593,101.515,-34.4,-34.92,green,2337.02,3241.9,-27.91,-904.88,green,7.0,31.0,2026-10-01,2026-10-07,2026-10-08 13:23:48
DM-02-16-03-01,custom_60d,55.921,62.136,-10.0,-6.22,green,2278.23,2454.42,-7.18,-176.19,green,7.0,31.0,2026-10-01,2026-10-07,2026-10-08 13:23:48
DM-02-16-03-02,custom_60d,51.631,29.645,74.16,21.99,red,1855.57,1209.97,53.36,645.6,red,7.0,31.0,2026-10-01,2026-10-07,2026-10-08 13:23:48
DM-02-16-04-01,custom_60d,0.102,10.894,-99.06,-10.79,green,3.5,326.33,-98.93,-322.83,green,7.0,31.0,2026-10-01,2026-10-07,2026-10-08 13:23:48
DM-02-16-04-02,custom_60d,79.784,57.492,38.77,22.29,red,3123.47,2329.97,34.06,793.5,red,7.0,31.0,2026-10-01,2026-10-07,2026-10-08 13:23:48
DM-02-16-05-01,custom_60d,90.344,122.104,-26.01,-31.76,green,4442.82,4226.9,5.11,215.92,yellow,7.0,31.0,2026-10-01,2026-10-07,2026-10-08 13:23:48
DM-02-16-06-01,custom_60d,82.966,83.854,-1.06,-0.89,green,3190.61,3637.01,-12.27,-446.4,green,7.0,31.0,2026-10-01,2026-10-07,2026-10-08 13:23:48
DM-02-16-06-02,custom_60d,37.495,45.713,-17.98,-8.22,green,1707.53,1940.28,-12.0,-232.75,green,7.0,31.0,2026-10-01,2026-10-07,2026-10-08 13:23:48
DM-02-16-06-03,custom_60d,22.438,18.516,21.18,3.92,red,883.02,796.9,10.81,86.12,yellow,7.0,31.0,2026-10-01,2026-10-07,2026-10-08 13:23:48
DM-02-16-07-01,custom_60d,73.634,75.227,-2.12,-1.59,green,3413.71,3480.74,-1.93,-67.03,green,7.0,31.0,2026-10-01,2026-10-07,2026-10-08 13:23:48
DM-02-16-07-02,custom_60d,32.062,9.149,250.44,22.91,red,671.88,202.09,232.47,469.79,red,7.0,31.0,2026-10-01,2026-10-07,2026-10-08 13:23:48
DM-02-16-08-02,custom_60d,0.0,0.0,,,gray,0.0,0.0,,,gray,7.0,31.0,2026-10-01,2026-10-07,2026-10-08 13:23:48
DM-03-01-01-01,custom_60d,90.952,86.469,5.18,4.48,yellow,3615.14,3698.95,-2.27,-83.81,green,7.0,31.0,2026-10-01,2026-10-07,2026-10-08 13:23:48
DM-03-01-01-02,custom_60d,0.398,0.166,139.76,0.23,red,9.79,4.35,125.06,5.44,red,7.0,31.0,2026-10-01,2026-10-07,2026-10-08 13:23:48
DM-03-01-02-01,custom_60d,48.184,45.691,5.46,2.49,yellow,2126.97,2275.42,-6.52,-148.45,green,7.0,31.0,2026-10-01,2026-10-07,2026-10-08 13:23:48
DM-03-01-02-02,custom_60d,,35.591,,,gray,834.31,984.17,-15.23,-149.86,green,7.0,31.0,2026-10-01,2026-10-07,2026-10-08 13:23:48
DM-03-01-02-03,custom_60d,,,,,gray,1219.87,1377.96,-11.47,-158.09,green,7.0,31.0,2026-10-01,2026-10-07,2026-10-08 13:23:48
DM-03-01-03-01,custom_60d,180.892,199.328,-9.25,-18.44,green,6838.52,7520.97,-9.07,-682.45,green,7.0,31.0,2026-10-01,2026-10-07,2026-10-08 13:23:48
DM-03-01-04-01,custom_60d,173.206,167.872,3.18,5.33,green,5874.95,5894.21,-0.33,-19.26,green,7.0,31.0,2026-10-01,2026-10-07,2026-10-08 13:23:48
DM-03-01-05-01,custom_60d,223.049,115.607,92.94,107.44,red,5112.87,4672.04,9.44,440.83,yellow,7.0,31.0,2026-10-01,2026-10-07,2026-10-08 13:23:48
DM-03-01-05-02,custom_60d,8.06,8.119,-0.73,-0.06,green,425.68,434.34,-1.99,-8.66,green,7.0,31.0,2026-10-01,2026-10-07,2026-10-08 13:23:48
DM-03-01-05-03,custom_60d,134.909,134.317,0.44,0.59,green,2980.05,3337.58,-10.71,-357.53,green,7.0,31.0,2026-10-01,2026-10-07,2026-10-08 13:23:48
DM-03-01-06-01,custom_60d,83.078,104.609,-20.58,-21.53,green,3882.22,4117.79,-5.72,-235.57,green,7.0,31.0,2026-10-01,2026-10-07,2026-10-08 13:23:48
DM-03-01-06-02,custom_60d,,57.929,,,gray,2821.38,3000.63,-5.97,-179.25,green,7.0,31.0,2026-10-01,2026-10-07,2026-10-08 13:23:48
DM-03-01-07-01,custom_60d,131.526,112.628,16.78,18.9,yellow,4352.14,4103.43,6.06,248.71,yellow,7.0,31.0,2026-10-01,2026-10-07,2026-10-08 13:23:48
DM-03-01-08-01,custom_60d,154.09,176.727,-12.81,-22.64,green,5547.77,5543.58,0.08,4.19,green,7.0,31.0,2026-10-01,2026-10-07,2026-10-08 13:23:48
DM-03-01-09-01,custom_60d,100.254,83.359,20.27,16.9,red,3929.61,3680.61,6.77,249.0,yellow,7.0,31.0,2026-10-01,2026-10-07,2026-10-08 13:23:48
DM-03-02-01-01,custom_60d,70.967,63.184,12.32,7.78,yellow,2638.61,2628.99,0.37,9.62,green,7.0,31.0,2026-10-01,2026-10-07,2026-10-08 13:23:48
DM-03-02-02-01,custom_60d,64.669,78.767,-17.9,-14.1,green,2495.91,2883.68,-13.45,-387.77,green,7.0,31.0,2026-10-01,2026-10-07,2026-10-08 13:23:48
DM-03-02-03-01,custom_60d,224.511,212.626,5.59,11.88,yellow,7796.02,7942.41,-1.84,-146.39,green,7.0,31.0,2026-10-01,2026-10-07,2026-10-08 13:23:48
DM-03-02-04-01,custom_60d,0.0,0.0,,,gray,0.0,0.0,,,gray,7.0,31.0,2026-10-01,2026-10-07,2026-10-08 13:23:48
DM-03-02-04-02,custom_60d,104.895,93.938,11.66,10.96,yellow,3517.24,3360.64,4.66,156.6,green,7.0,31.0,2026-10-01,2026-10-07,2026-10-08 13:23:48
DM-03-02-05-01,custom_60d,132.52,177.596,-25.38,-45.08,green,5452.18,6915.37,-21.16,-1463.19,green,7.0,31.0,2026-10-01,2026-10-07,2026-10-08 13:23:48
DM-03-02-06-01,custom_60d,32.662,60.561,-46.07,-27.9,green,1540.93,1562.11,-1.36,-21.18,green,7.0,31.0,2026-10-01,2026-10-07,2026-10-08 13:23:48
DM-03-02-07-01,custom_60d,171.423,155.358,10.34,16.06,yellow,6295.67,6247.46,0.77,48.21,green,7.0,31.0,2026-10-01,2026-10-07,2026-10-08 13:23:48
DM-03-02-08-01,custom_60d,146.833,226.855,-35.27,-80.02,green,5800.28,5714.57,1.5,85.71,green,7.0,31.0,2026-10-01,2026-10-07,2026-10-08 13:23:48
DM-03-02-09-01,custom_60d,106.178,127.03,-16.42,-20.85,green,4713.04,5345.68,-11.83,-632.64,green,7.0,31.0,2026-10-01,2026-10-07,2026-10-08 13:23:48
DM-03-03-01-01,custom_60d,29.01,29.416,-1.38,-0.41,green,1775.33,1770.87,0.25,4.46,green,7.0,31.0,2026-10-01,2026-10-07,2026-10-08 13:23:48
DM-03-03-01-02,custom_60d,0.796,24.743,-96.78,-23.95,green,1132.13,1755.09,-35.49,-622.96,green,7.0,31.0,2026-10-01,2026-10-07,2026-10-08 13:23:48
DM-03-03-02-01,custom_60d,94.432,84.791,11.37,9.64,yellow,4097.02,3752.47,9.18,344.55,yellow,7.0,31.0,2026-10-01,2026-10-07,2026-10-08 13:23:48
DM-03-03-02-02,custom_60d,175.941,135.602,29.75,40.34,red,4798.61,4891.94,-1.91,-93.33,green,7.0,31.0,2026-10-01,2026-10-07,2026-10-08 13:23:48
DM-03-03-03-01,custom_60d,26.204,34.79,-24.68,-8.59,green,1506.77,1645.54,-8.43,-138.77,green,7.0,31.0,2026-10-01,2026-10-07,2026-10-08 13:23:48
DM-03-03-03-02,custom_60d,89.645,89.315,0.37,0.33,green,3917.93,3771.14,3.89,146.79,green,7.0,31.0,2026-10-01,2026-10-07,2026-10-08 13:23:48
DM-03-03-04-01,custom_60d,55.45,55.187,0.48,0.26,green,1227.83,1375.13,-10.71,-147.3,green,7.0,31.0,2026-10-01,2026-10-07,2026-10-08 13:23:48
DM-03-03-04-02,custom_60d,124.067,119.063,4.2,5.0,green,5635.69,5428.66,3.81,207.03,green,7.0,31.0,2026-10-01,2026-10-07,2026-10-08 13:23:48
DM-03-03-04-03,custom_60d,13.622,14.517,-6.17,-0.89,green,431.79,446.0,-3.19,-14.21,green,7.0,31.0,2026-10-01,2026-10-07,2026-10-08 13:23:48
DM-03-03-05-01,custom_60d,62.832,68.094,-7.73,-5.26,green,2944.03,3063.96,-3.91,-119.93,green,7.0,31.0,2026-10-01,2026-10-07,2026-10-08 13:23:48
DM-03-03-06-01,custom_60d,62.395,60.045,3.91,2.35,green,2844.4,2888.75,-1.54,-44.35,green,7.0,31.0,2026-10-01,2026-10-07,2026-10-08 13:23:48
DM-03-03-06-02,custom_60d,25.868,23.651,9.37,2.22,yellow,979.21,911.86,7.39,67.35,yellow,7.0,31.0,2026-10-01,2026-10-07,2026-10-08 13:23:48
DM-03-03-07-01,custom_60d,53.266,51.883,2.67,1.38,green,2086.33,2183.52,-4.45,-97.19,green,7.0,31.0,2026-10-01,2026-10-07,2026-10-08 13:23:48
DM-03-03-07-02,custom_60d,79.841,86.245,-7.43,-6.4,green,3295.41,3473.26,-5.12,-177.85,green,7.0,31.0,2026-10-01,2026-10-07,2026-10-08 13:23:48
DM-03-03-08-01,custom_60d,60.508,71.837,-15.77,-11.33,green,2476.4,2846.32,-13.0,-369.92,green,7.0,31.0,2026-10-01,2026-10-07,2026-10-08 13:23:48
DM-03-03-09-01,custom_60d,0.0,0.0,,,gray,0.0,0.0,,,gray,7.0,31.0,2026-10-01,2026-10-07,2026-10-08 13:23:48
DM-03-03-10-01,custom_60d,42.95,56.495,-23.98,-13.54,green,2356.55,2515.05,-6.3,-158.5,green,7.0,31.0,2026-10-01,2026-10-07,2026-10-08 13:23:48
DM-03-03-10-02,custom_60d,34.314,37.443,-8.36,-3.13,green,1791.8,1863.88,-3.87,-72.08,green,7.0,31.0,2026-10-01,2026-10-07,2026-10-08 13:23:48
DM-03-03-11-01,custom_60d,0.0,0.0,,,gray,0.0,0.0,,,gray,7.0,31.0,2026-10-01,2026-10-07,2026-10-08 13:23:48
DM-03-03-11-02,custom_60d,0.284,0.04,610.0,0.24,red,88.46,125.08,-29.28,-36.62,green,7.0,31.0,2026-10-01,2026-10-07,2026-10-08 13:23:48
DM-03-03-12-01,custom_60d,171.181,170.567,0.36,0.61,green,6988.0,6704.0,4.24,284.0,green,7.0,31.0,2026-10-01,2026-10-07,2026-10-08 13:23:48
DM-03-03-13-01,custom_60d,189.521,95.45,98.56,94.07,red,7096.09,3982.72,78.17,3113.37,red,7.0,31.0,2026-10-01,2026-10-07,2026-10-08 13:23:48
DM-03-03-13-02,custom_60d,67.374,63.214,6.58,4.16,yellow,2467.15,2448.53,0.76,18.62,green,7.0,31.0,2026-10-01,2026-10-07,2026-10-08 13:23:48
DM-03-04-01-01,custom_60d,84.896,72.808,16.6,12.09,yellow,2947.34,2937.97,0.32,9.37,green,7.0,31.0,2026-10-01,2026-10-07,2026-10-08 13:23:48
DM-03-04-02-01,custom_60d,135.131,144.627,-6.57,-9.5,green,5903.59,5862.34,0.7,41.25,green,7.0,31.0,2026-10-01,2026-10-07,2026-10-08 13:23:48
DM-03-04-03-01,custom_60d,176.289,177.35,-0.6,-1.06,green,6390.57,6703.43,-4.67,-312.86,green,7.0,31.0,2026-10-01,2026-10-07,2026-10-08 13:23:48
DM-03-04-04-01,custom_60d,0.0,0.0,,,gray,0.0,0.0,,,gray,7.0,31.0,2026-10-01,2026-10-07,2026-10-08 13:23:48
DM-03-04-04-02,custom_60d,14.35,13.841,3.68,0.51,green,653.53,668.26,-2.2,-14.73,green,7.0,31.0,2026-10-01,2026-10-07,2026-10-08 13:23:48
DM-03-04-05-01,custom_60d,6.786,0.751,803.6,6.03,red,117.1,75.92,54.24,41.18,red,7.0,31.0,2026-10-01,2026-10-07,2026-10-08 13:23:48
DM-03-04-06-01,custom_60d,82.774,86.472,-4.28,-3.7,green,3547.21,3616.06,-1.9,-68.85,green,7.0,31.0,2026-10-01,2026-10-07,2026-10-08 13:23:48
DM-03-04-07-01,custom_60d,41.117,,,,gray,2420.25,2217.95,9.12,202.3,yellow,7.0,31.0,2026-10-01,2026-10-07,2026-10-08 13:23:48
DM-03-04-08-01,custom_60d,0.0,0.0,,,gray,0.0,0.0,,,gray,7.0,31.0,2026-10-01,2026-10-07,2026-10-08 13:23:48
DM-03-05-01-01,custom_60d,168.632,163.256,3.29,5.38,green,5984.39,5851.4,2.27,132.99,green,7.0,31.0,2026-10-01,2026-10-07,2026-10-08 13:23:48
DM-03-05-02-01,custom_60d,96.093,99.108,-3.04,-3.02,green,3909.43,3942.67,-0.84,-33.24,green,7.0,31.0,2026-10-01,2026-10-07,2026-10-08 13:23:48
DM-03-05-02-02,custom_60d,146.609,146.979,-0.25,-0.37,green,5331.96,5419.09,-1.61,-87.13,green,7.0,31.0,2026-10-01,2026-10-07,2026-10-08 13:23:48
DM-03-05-03-01,custom_60d,72.251,101.286,-28.67,-29.03,green,2557.26,2315.45,10.44,241.81,yellow,7.0,31.0,2026-10-01,2026-10-07,2026-10-08 13:23:48
DM-03-05-04-01,custom_60d,206.044,218.866,-5.86,-12.82,green,7151.44,7537.73,-5.12,-386.29,green,7.0,31.0,2026-10-01,2026-10-07,2026-10-08 13:23:48
DM-03-05-04-02,custom_60d,39.086,34.49,13.33,4.6,yellow,1081.89,910.74,18.79,171.15,yellow,7.0,31.0,2026-10-01,2026-10-07,2026-10-08 13:23:48
DM-03-05-05-01,custom_60d,187.909,189.702,-0.95,-1.79,green,7160.57,7117.04,0.61,43.53,green,7.0,31.0,2026-10-01,2026-10-07,2026-10-08 13:23:48
DM-03-05-06-01,custom_60d,214.337,212.796,0.72,1.54,green,6237.65,6761.81,-7.75,-524.16,green,7.0,31.0,2026-10-01,2026-10-07,2026-10-08 13:23:48
DM-03-05-06-02,custom_60d,0.0,0.0,,,gray,0.0,0.0,,,gray,7.0,31.0,2026-10-01,2026-10-07,2026-10-08 13:23:48
DM-03-05-06-03,custom_60d,41.408,50.271,-17.63,-8.86,green,1781.05,1993.01,-10.64,-211.96,green,7.0,31.0,2026-10-01,2026-10-07,2026-10-08 13:23:48
DM-03-05-06-04,custom_60d,237.282,274.497,-13.56,-37.22,green,8084.43,8856.91,-8.72,-772.48,green,7.0,31.0,2026-10-01,2026-10-07,2026-10-08 13:23:48
DM-03-05-07-01,custom_60d,,,,,gray,6902.02,7335.56,-5.91,-433.54,green,7.0,31.0,2026-10-01,2026-10-07,2026-10-08 13:23:48
DM-03-05-08-01,custom_60d,92.184,,,,gray,3331.12,3119.37,6.79,211.75,yellow,7.0,31.0,2026-10-01,2026-10-07,2026-10-08 13:23:48
DM-03-05-09-01,custom_60d,0.0,0.0,,,gray,0.0,0.0,,,gray,7.0,31.0,2026-10-01,2026-10-07,2026-10-08 13:23:48
DM-03-05-09-02,custom_60d,7.127,10.22,-30.26,-3.09,green,241.02,343.75,-29.89,-102.73,green,7.0,31.0,2026-10-01,2026-10-07,2026-10-08 13:23:48
DM-03-05-10-01,custom_60d,154.621,159.446,-3.03,-4.82,green,5805.41,5889.22,-1.42,-83.81,green,7.0,31.0,2026-10-01,2026-10-07,2026-10-08 13:23:48
DM-03-05-11-01,custom_60d,131.895,121.676,8.4,10.22,yellow,5436.04,5062.53,7.38,373.51,yellow,7.0,31.0,2026-10-01,2026-10-07,2026-10-08 13:23:48
DM-03-05-12-01,custom_60d,218.793,279.715,-21.78,-60.92,green,8184.0,8008.06,2.2,175.94,green,7.0,31.0,2026-10-01,2026-10-07,2026-10-08 13:23:48
DM-03-05-12-02,custom_60d,0.0,91.407,-100.0,-91.41,green,0.0,3276.48,-100.0,-3276.48,green,7.0,31.0,2026-10-01,2026-10-07,2026-10-08 13:23:48
DM-03-06-01-01,custom_60d,,,,,gray,3671.63,3237.01,13.43,434.62,yellow,7.0,31.0,2026-10-01,2026-10-07,2026-10-08 13:23:48
DM-03-06-01-02,custom_60d,0.696,0.404,72.28,0.29,red,11.71,10.97,6.75,0.74,yellow,7.0,31.0,2026-10-01,2026-10-07,2026-10-08 13:23:48
DM-03-06-02-01,custom_60d,168.722,143.297,17.74,25.43,yellow,3218.41,2806.05,14.7,412.36,yellow,7.0,31.0,2026-10-01,2026-10-07,2026-10-08 13:23:48
DM-03-06-02-02,custom_60d,131.548,115.92,13.48,15.63,yellow,4533.35,3795.3,19.45,738.05,yellow,7.0,31.0,2026-10-01,2026-10-07,2026-10-08 13:23:48
DM-03-06-03-01,custom_60d,267.013,283.641,-5.86,-16.63,green,10863.87,11167.46,-2.72,-303.59,green,7.0,31.0,2026-10-01,2026-10-07,2026-10-08 13:23:48
DM-03-06-03-02,custom_60d,2.923,2.741,6.64,0.18,yellow,378.13,221.94,70.37,156.19,red,7.0,31.0,2026-10-01,2026-10-07,2026-10-08 13:23:48
DM-03-06-03-03,custom_60d,0.0,,,,gray,0.0,,,,gray,6.0,,2026-10-01,2026-10-07,2026-10-08 13:23:48
DM-03-06-04-01,custom_60d,,,,,gray,3652.99,3489.39,4.69,163.6,green,7.0,31.0,2026-10-01,2026-10-07,2026-10-08 13:23:48
DM-03-06-04-02,custom_60d,54.465,,,,gray,2128.79,2008.96,5.96,119.83,yellow,7.0,31.0,2026-10-01,2026-10-07,2026-10-08 13:23:48
DM-03-06-04-03,custom_60d,39.702,36.813,7.85,2.89,yellow,1838.32,1644.39,11.79,193.93,yellow,7.0,31.0,2026-10-01,2026-10-07,2026-10-08 13:23:48
DM-03-06-05-01,custom_60d,0.0,0.0,,,gray,0.0,0.0,,,gray,7.0,31.0,2026-10-01,2026-10-07,2026-10-08 13:23:48
DM-03-06-05-02,custom_60d,31.276,45.203,-30.81,-13.93,green,2823.27,3009.26,-6.18,-185.99,green,7.0,31.0,2026-10-01,2026-10-07,2026-10-08 13:23:48
DM-03-06-05-03,custom_60d,93.617,88.384,5.92,5.23,yellow,3917.91,4087.66,-4.15,-169.75,green,7.0,31.0,2026-10-01,2026-10-07,2026-10-08 13:23:48
DM-03-06-06-01,custom_60d,59.205,85.932,-31.1,-26.73,green,3858.9,3990.82,-3.31,-131.92,green,7.0,31.0,2026-10-01,2026-10-07,2026-10-08 13:23:48
DM-03-06-06-02,custom_60d,0.0,0.323,-100.0,-0.32,green,0.01,12.48,-99.92,-12.47,green,7.0,31.0,2026-10-01,2026-10-07,2026-10-08 13:23:48
DM-03-06-07-01,custom_60d,59.571,9.473,528.85,50.1,red,2875.59,431.3,566.73,2444.29,red,7.0,31.0,2026-10-01,2026-10-07,2026-10-08 13:23:48
DM-03-06-07-02,custom_60d,46.829,54.39,-13.9,-7.56,green,2376.81,2371.74,0.21,5.07,green,7.0,31.0,2026-10-01,2026-10-07,2026-10-08 13:23:48
DM-03-06-08-01,custom_60d,127.877,77.721,64.53,50.16,red,2449.64,2288.3,7.05,161.34,yellow,7.0,31.0,2026-10-01,2026-10-07,2026-10-08 13:23:48
DM-03-06-08-02,custom_60d,53.788,204.315,-73.67,-150.53,green,4566.76,7380.07,-38.12,-2813.31,green,7.0,31.0,2026-10-01,2026-10-07,2026-10-08 13:23:48
DM-03-06-09-01,custom_60d,56.165,5.415,937.21,50.75,red,1910.23,1482.07,28.89,428.16,red,7.0,31.0,2026-10-01,2026-10-07,2026-10-08 13:23:48
DM-03-06-10-01,custom_60d,11.884,43.533,-72.7,-31.65,green,2304.43,1967.46,17.13,336.97,yellow,7.0,31.0,2026-10-01,2026-10-07,2026-10-08 13:23:48
DM-03-06-11-01,custom_60d,0.55,0.804,-31.59,-0.25,green,39.02,48.5,-19.55,-9.48,green,7.0,31.0,2026-10-01,2026-10-07,2026-10-08 13:23:48
DM-03-06-12-01,custom_60d,51.336,54.582,-5.95,-3.25,green,2319.16,2415.08,-3.97,-95.92,green,7.0,31.0,2026-10-01,2026-10-07,2026-10-08 13:23:48
DM-03-06-13-01,custom_60d,30.064,35.489,-15.29,-5.42,green,1468.77,1501.91,-2.21,-33.14,green,7.0,31.0,2026-10-01,2026-10-07,2026-10-08 13:23:48
DM-03-06-13-02,custom_60d,,,,,gray,368.85,378.58,-2.57,-9.73,green,7.0,31.0,2026-10-01,2026-10-07,2026-10-08 13:23:48
DM-03-10-10-04,custom_60d,0.0,0.0,,,gray,0.0,0.0,,,gray,7.0,31.0,2026-10-01,2026-10-07,2026-10-08 13:23:48
DM-04-03-01-01,custom_60d,91.019,103.492,-12.05,-12.47,green,2899.32,3111.51,-6.82,-212.19,green,7.0,31.0,2026-10-01,2026-10-07,2026-10-08 13:23:48
DM-04-03-01-02,custom_60d,49.921,21.168,135.83,28.75,red,2545.93,1757.63,44.85,788.3,red,7.0,31.0,2026-10-01,2026-10-07,2026-10-08 13:23:48
DM-04-03-02-01,custom_60d,66.642,68.102,-2.14,-1.46,green,2298.3,2390.53,-3.86,-92.23,green,7.0,31.0,2026-10-01,2026-10-07,2026-10-08 13:23:48
DM-04-03-03-01,custom_60d,88.572,91.377,-3.07,-2.8,green,3050.61,3064.96,-0.47,-14.35,green,7.0,31.0,2026-10-01,2026-10-07,2026-10-08 13:23:48
DM-04-03-04-01,custom_60d,88.601,95.671,-7.39,-7.07,green,3015.18,3069.78,-1.78,-54.6,green,7.0,31.0,2026-10-01,2026-10-07,2026-10-08 13:23:48
DM-04-03-05-01,custom_60d,106.846,105.324,1.45,1.52,green,3783.58,3878.05,-2.44,-94.47,green,7.0,31.0,2026-10-01,2026-10-07,2026-10-08 13:23:48
DM-04-03-06-01,custom_60d,0.0,3.835,-100.0,-3.83,green,0.0,7.77,-100.0,-7.77,green,7.0,31.0,2026-10-01,2026-10-07,2026-10-08 13:23:48
DM-04-03-07-01,custom_60d,127.166,125.241,1.54,1.92,green,4420.56,4431.54,-0.25,-10.98,green,7.0,31.0,2026-10-01,2026-10-07,2026-10-08 13:23:48
DM-04-03-07-02,custom_60d,51.844,33.069,56.78,18.77,red,1146.85,780.67,46.91,366.18,red,7.0,31.0,2026-10-01,2026-10-07,2026-10-08 13:23:48
DM-04-03-08-01,custom_60d,28.097,22.571,24.48,5.53,red,945.99,832.31,13.66,113.68,yellow,7.0,31.0,2026-10-01,2026-10-07,2026-10-08 13:23:48
DM-04-03-09-01,custom_60d,,,,,gray,5341.59,5231.66,2.1,109.93,green,7.0,31.0,2026-10-01,2026-10-07,2026-10-08 13:23:48
DM-04-03-10-01,custom_60d,158.022,,,,gray,5182.86,5174.78,0.16,8.08,green,7.0,31.0,2026-10-01,2026-10-07,2026-10-08 13:23:48
DM-04-03-11-01,custom_60d,126.92,117.645,7.88,9.28,yellow,4188.96,4157.45,0.76,31.51,green,7.0,31.0,2026-10-01,2026-10-07,2026-10-08 13:23:48
DM-04-03-12-01,custom_60d,94.498,76.075,24.22,18.42,red,3429.0,3129.53,9.57,299.47,yellow,7.0,31.0,2026-10-01,2026-10-07,2026-10-08 13:23:48
DM-04-05-01-01,custom_60d,93.358,,,,gray,3330.68,3352.1,-0.64,-21.42,green,7.0,31.0,2026-10-01,2026-10-07,2026-10-08 13:23:48
DM-04-05-02-01,custom_60d,85.888,59.408,44.57,26.48,red,2122.17,2098.66,1.12,23.51,green,7.0,31.0,2026-10-01,2026-10-07,2026-10-08 13:23:48
DM-04-05-03-01,custom_60d,89.005,72.194,23.29,16.81,red,3102.55,2828.9,9.67,273.65,yellow,7.0,31.0,2026-10-01,2026-10-07,2026-10-08 13:23:48
DM-04-05-04-01,custom_60d,179.93,,,,gray,5929.97,5938.72,-0.15,-8.75,green,7.0,31.0,2026-10-01,2026-10-07,2026-10-08 13:23:48
DM-04-05-05-01,custom_60d,,,,,gray,3398.32,6664.4,-49.01,-3266.08,green,7.0,31.0,2026-10-01,2026-10-07,2026-10-08 13:23:48
DM-04-05-06-01,custom_60d,447.379,484.905,-7.74,-37.53,green,10963.04,11761.48,-6.79,-798.44,green,7.0,31.0,2026-10-01,2026-10-07,2026-10-08 13:23:48
DM-04-05-07-01,custom_60d,0.0,38.913,-100.0,-38.91,green,0.91,1642.73,-99.94,-1641.82,green,7.0,31.0,2026-10-01,2026-10-07,2026-10-08 13:23:48
DM-04-05-08-01,custom_60d,147.278,139.332,5.7,7.95,yellow,4981.65,4931.57,1.02,50.08,green,7.0,31.0,2026-10-01,2026-10-07,2026-10-08 13:23:48
DM-04-05-09-01,custom_60d,59.721,64.637,-7.61,-4.92,green,2462.65,2873.17,-14.29,-410.52,green,7.0,31.0,2026-10-01,2026-10-07,2026-10-08 13:23:48
DM-04-05-10-01,custom_60d,77.258,99.995,-22.74,-22.74,green,2892.58,3975.17,-27.23,-1082.59,green,7.0,31.0,2026-10-01,2026-10-07,2026-10-08 13:23:48
DM-04-05-11-01,custom_60d,81.565,72.774,12.08,8.79,yellow,2770.13,1748.79,58.4,1021.34,red,7.0,31.0,2026-10-01,2026-10-07,2026-10-08 13:23:48
DM-04-05-12-01,custom_60d,,,,,gray,2413.06,2778.94,-13.17,-365.88,green,7.0,31.0,2026-10-01,2026-10-07,2026-10-08 13:23:48
DM-04-05-13-01,custom_60d,149.815,96.439,55.35,53.38,red,3348.03,3473.1,-3.6,-125.07,green,7.0,31.0,2026-10-01,2026-10-07,2026-10-08 13:23:48
DM-04-05-14-01,custom_60d,91.656,90.45,1.33,1.21,green,3889.66,3888.95,0.02,0.71,green,7.0,31.0,2026-10-01,2026-10-07,2026-10-08 13:23:48
DM-04-06-01-01,custom_60d,22.084,2.146,929.08,19.94,red,910.41,93.55,873.18,816.86,red,7.0,31.0,2026-10-01,2026-10-07,2026-10-08 13:23:48
DM-04-06-02-01,custom_60d,107.681,110.941,-2.94,-3.26,green,4542.7,4712.12,-3.6,-169.42,green,7.0,31.0,2026-10-01,2026-10-07,2026-10-08 13:23:48
DM-04-06-03-01,custom_60d,47.039,49.844,-5.63,-2.8,green,2535.04,2655.92,-4.55,-120.88,green,7.0,31.0,2026-10-01,2026-10-07,2026-10-08 13:23:48
DM-04-06-04-01,custom_60d,69.453,66.122,5.04,3.33,yellow,2839.94,2857.14,-0.6,-17.2,green,7.0,31.0,2026-10-01,2026-10-07,2026-10-08 13:23:48
DM-04-06-05-01,custom_60d,33.629,38.499,-12.65,-4.87,green,1797.6,1962.07,-8.38,-164.47,green,7.0,31.0,2026-10-01,2026-10-07,2026-10-08 13:23:48
DM-04-06-06-01,custom_60d,85.774,110.164,-22.14,-24.39,green,3602.01,4204.11,-14.32,-602.1,green,7.0,31.0,2026-10-01,2026-10-07,2026-10-08 13:23:48
DM-04-06-07-01,custom_60d,48.837,0.0,,,gray,2193.33,0.0,,,gray,7.0,31.0,2026-10-01,2026-10-07,2026-10-08 13:23:48
DM-04-06-08-01,custom_60d,50.117,49.259,1.74,0.86,green,2575.22,2317.5,11.12,257.72,yellow,7.0,31.0,2026-10-01,2026-10-07,2026-10-08 13:23:48
DM-04-06-09-01,custom_60d,143.198,63.566,125.27,79.63,red,3168.38,3080.53,2.85,87.85,green,7.0,31.0,2026-10-01,2026-10-07,2026-10-08 13:23:48
DM-04-06-10-01,custom_60d,45.243,26.669,69.65,18.57,red,1703.15,1037.58,64.15,665.57,red,7.0,31.0,2026-10-01,2026-10-07,2026-10-08 13:23:48
DM-04-06-11-01,custom_60d,101.133,35.915,181.59,65.22,red,2835.67,686.44,313.1,2149.23,red,7.0,31.0,2026-10-01,2026-10-07,2026-10-08 13:23:48
DM-04-06-12-01,custom_60d,150.069,244.329,-38.58,-94.26,green,5353.8,6286.32,-14.83,-932.52,green,7.0,31.0,2026-10-01,2026-10-07,2026-10-08 13:23:48
DM-04-06-13-01,custom_60d,79.969,90.787,-11.92,-10.82,green,3085.2,3434.01,-10.16,-348.81,green,7.0,31.0,2026-10-01,2026-10-07,2026-10-08 13:23:48
DM-04-06-14-01,custom_60d,20.501,27.12,-24.41,-6.62,green,1155.65,1379.55,-16.23,-223.9,green,7.0,31.0,2026-10-01,2026-10-07,2026-10-08 13:23:48
DM-04-08-01-01,custom_60d,,,,,gray,1483.34,2072.16,-28.42,-588.82,green,7.0,31.0,2026-10-01,2026-10-07,2026-10-08 13:23:48
DM-04-08-01-02,custom_60d,32.273,87.312,-63.04,-55.04,green,1577.36,1639.79,-3.81,-62.43,green,7.0,31.0,2026-10-01,2026-10-07,2026-10-08 13:23:48
DM-04-08-02-01,custom_60d,77.375,119.974,-35.51,-42.6,green,2942.83,4650.16,-36.72,-1707.33,green,7.0,31.0,2026-10-01,2026-10-07,2026-10-08 13:23:48
DM-04-08-03-01,custom_60d,81.909,75.426,8.6,6.48,yellow,3759.99,3635.75,3.42,124.24,green,7.0,31.0,2026-10-01,2026-10-07,2026-10-08 13:23:48
DM-04-08-04-01,custom_60d,98.126,99.125,-1.01,-1.0,green,4119.47,4110.73,0.21,8.74,green,7.0,31.0,2026-10-01,2026-10-07,2026-10-08 13:23:48
DM-04-08-04-02,custom_60d,81.977,96.547,-15.09,-14.57,green,3376.46,4155.98,-18.76,-779.52,green,7.0,31.0,2026-10-01,2026-10-07,2026-10-08 13:23:48
DM-04-08-05-01,custom_60d,36.413,40.494,-10.08,-4.08,green,1861.89,1839.85,1.2,22.04,green,7.0,31.0,2026-10-01,2026-10-07,2026-10-08 13:23:48
DM-04-08-06-01,custom_60d,138.099,136.289,1.33,1.81,green,5370.79,5387.13,-0.3,-16.34,green,7.0,31.0,2026-10-01,2026-10-07,2026-10-08 13:23:48
DM-04-08-06-02,custom_60d,137.512,137.75,-0.17,-0.24,green,4049.96,4601.2,-11.98,-551.24,green,7.0,31.0,2026-10-01,2026-10-07,2026-10-08 13:23:48
DM-04-08-06-03,custom_60d,15.527,2.386,550.75,13.14,red,863.24,71.57,1106.15,791.67,red,7.0,31.0,2026-10-01,2026-10-07,2026-10-08 13:23:48
DM-04-08-07-01,custom_60d,205.085,108.768,88.55,96.32,red,4577.71,4438.09,3.15,139.62,green,7.0,31.0,2026-10-01,2026-10-07,2026-10-08 13:23:48
DM-04-08-08-01,custom_60d,101.645,35.726,184.51,65.92,red,2600.54,1784.88,45.7,815.66,red,7.0,31.0,2026-10-01,2026-10-07,2026-10-08 13:23:48
DM-04-08-09-01,custom_60d,13.594,4.967,173.69,8.63,red,354.62,267.16,32.74,87.46,red,7.0,31.0,2026-10-01,2026-10-07,2026-10-08 13:23:48
DM-04-08-10-01,custom_60d,55.958,0.0,,,gray,2187.39,18.85,11504.19,2168.54,red,7.0,31.0,2026-10-01,2026-10-07,2026-10-08 13:23:48
DM-04-09-01-01,custom_60d,142.33,120.628,17.99,21.7,yellow,5422.42,5408.6,0.26,13.82,green,7.0,31.0,2026-10-01,2026-10-07,2026-10-08 13:23:48
DM-04-09-01-02,custom_60d,1.126,1.788,-37.02,-0.66,green,50.74,100.37,-49.45,-49.63,green,7.0,31.0,2026-10-01,2026-10-07,2026-10-08 13:23:48
DM-04-09-01-03,custom_60d,10.346,,,,gray,217.65,,,,gray,6.0,,2026-10-01,2026-10-07,2026-10-08 13:23:48
DM-04-09-02-01,custom_60d,47.159,58.489,-19.37,-11.33,green,1866.69,2321.81,-19.6,-455.12,green,7.0,31.0,2026-10-01,2026-10-07,2026-10-08 13:23:48
DM-04-09-03-01,custom_60d,26.972,21.087,27.91,5.89,red,1647.42,1565.48,5.23,81.94,yellow,7.0,31.0,2026-10-01,2026-10-07,2026-10-08 13:23:48
DM-04-09-04-01,custom_60d,79.173,50.681,56.22,28.49,red,2255.43,2450.48,-7.96,-195.05,green,7.0,31.0,2026-10-01,2026-10-07,2026-10-08 13:23:48
DM-04-09-05-01,custom_60d,29.256,31.356,-6.7,-2.1,green,1539.17,1663.07,-7.45,-123.9,green,7.0,31.0,2026-10-01,2026-10-07,2026-10-08 13:23:48
DM-04-09-06-01,custom_60d,56.216,52.422,7.24,3.79,yellow,2442.2,2539.46,-3.83,-97.26,green,7.0,31.0,2026-10-01,2026-10-07,2026-10-08 13:23:48
DM-04-09-07-01,custom_60d,0.065,0.065,0.0,0.0,green,1.54,1.73,-10.98,-0.19,green,7.0,31.0,2026-10-01,2026-10-07,2026-10-08 13:23:48
DM-04-09-07-02,custom_60d,83.216,101.21,-17.78,-17.99,green,3770.39,4270.34,-11.71,-499.95,green,7.0,31.0,2026-10-01,2026-10-07,2026-10-08 13:23:48
DM-04-09-08-01,custom_60d,35.63,37.623,-5.3,-1.99,green,2014.7,2000.89,0.69,13.81,green,7.0,31.0,2026-10-01,2026-10-07,2026-10-08 13:23:48
DM-04-09-09-01,custom_60d,52.657,52.462,0.37,0.19,green,2422.29,2736.98,-11.5,-314.69,green,7.0,31.0,2026-10-01,2026-10-07,2026-10-08 13:23:48
DM-04-09-10-01,custom_60d,4.649,,,,gray,972.95,1056.38,-7.9,-83.43,green,7.0,31.0,2026-10-01,2026-10-07,2026-10-08 13:23:48
DM-04-09-11-01,custom_60d,64.977,123.517,-47.39,-58.54,green,2455.6,2538.37,-3.26,-82.77,green,7.0,31.0,2026-10-01,2026-10-07,2026-10-08 13:23:48
DM-04-09-12-01,custom_60d,121.408,,,,gray,5100.53,4930.25,3.45,170.28,green,7.0,31.0,2026-10-01,2026-10-07,2026-10-08 13:23:48
DM-04-09-13-01,custom_60d,0.0,0.0,,,gray,0.0,0.0,,,gray,7.0,31.0,2026-10-01,2026-10-07,2026-10-08 13:23:48
DM-04-09-13-02,custom_60d,0.0,,,,gray,0.0,,,,gray,7.0,,2026-10-01,2026-10-07,2026-10-08 13:23:48
DM-04-09-14-01,custom_60d,63.972,8.205,679.67,55.77,red,1825.25,307.38,493.81,1517.87,red,7.0,31.0,2026-10-01,2026-10-07,2026-10-08 13:23:48
DM-04-09-15-01,custom_60d,0.208,131.148,-99.84,-130.94,green,120.28,3219.87,-96.26,-3099.59,green,7.0,31.0,2026-10-01,2026-10-07,2026-10-08 13:23:48
DM-05-01-01-01,custom_60d,143.56,56.548,153.87,87.01,red,2485.26,1435.29,73.15,1049.97,red,7.0,31.0,2026-10-01,2026-10-07,2026-10-08 13:23:48
DM-05-01-01-03,custom_60d,6.939,0.0,,,gray,2591.03,0.0,,,gray,7.0,31.0,2026-10-01,2026-10-07,2026-10-08 13:23:48
DM-05-01-02-01,custom_60d,104.259,78.89,32.16,25.37,red,4284.87,3115.62,37.53,1169.25,red,7.0,31.0,2026-10-01,2026-10-07,2026-10-08 13:23:48
DM-05-01-03-03,custom_60d,128.108,115.994,10.44,12.11,yellow,5243.9,4942.3,6.1,301.6,yellow,7.0,31.0,2026-10-01,2026-10-07,2026-10-08 13:23:48
DM-05-01-04-01,custom_60d,51.719,55.114,-6.16,-3.39,green,2254.1,2410.63,-6.49,-156.53,green,7.0,31.0,2026-10-01,2026-10-07,2026-10-08 13:23:48
DM-05-01-04-02,custom_60d,42.399,36.993,14.61,5.41,yellow,1815.88,1696.68,7.03,119.2,yellow,7.0,31.0,2026-10-01,2026-10-07,2026-10-08 13:23:48
DM-05-01-05-01,custom_60d,54.275,52.005,4.36,2.27,green,2675.41,2583.59,3.55,91.82,green,7.0,31.0,2026-10-01,2026-10-07,2026-10-08 13:23:48
DM-05-01-05-02,custom_60d,0.237,0.243,-2.47,-0.01,green,6.1,6.06,0.66,0.04,green,7.0,31.0,2026-10-01,2026-10-07,2026-10-08 13:23:48
DM-05-01-06-01,custom_60d,47.538,51.141,-7.05,-3.6,green,2099.89,2196.52,-4.4,-96.63,green,7.0,31.0,2026-10-01,2026-10-07,2026-10-08 13:23:48
DM-05-01-07-01,custom_60d,0.0,0.0,,,gray,0.0,0.0,,,gray,7.0,31.0,2026-10-01,2026-10-07,2026-10-08 13:23:48
DM-05-01-08-01,custom_60d,105.249,126.123,-16.55,-20.87,green,4035.96,5195.58,-22.32,-1159.62,green,7.0,31.0,2026-10-01,2026-10-07,2026-10-08 13:23:48
DM-05-01-09-02,custom_60d,448.614,115.642,287.93,332.97,red,11734.39,5019.03,133.8,6715.36,red,7.0,31.0,2026-10-01,2026-10-07,2026-10-08 13:23:48
DM-05-02-01-01,custom_60d,135.196,86.599,56.12,48.6,red,3217.13,3239.67,-0.7,-22.54,green,7.0,31.0,2026-10-01,2026-10-07,2026-10-08 13:23:48
DM-05-02-01-02,custom_60d,,,,,gray,3203.17,2684.64,19.31,518.53,yellow,7.0,31.0,2026-10-01,2026-10-07,2026-10-08 13:23:48
DM-05-02-02-01,custom_60d,97.799,96.341,1.51,1.46,green,4235.14,3971.43,6.64,263.71,yellow,7.0,31.0,2026-10-01,2026-10-07,2026-10-08 13:23:48
DM-05-02-02-02,custom_60d,61.649,,,,gray,2436.02,2163.37,12.6,272.65,yellow,7.0,31.0,2026-10-01,2026-10-07,2026-10-08 13:23:48
DM-05-02-02-03,custom_60d,6.08,15.536,-60.87,-9.46,green,228.61,582.46,-60.75,-353.85,green,7.0,31.0,2026-10-01,2026-10-07,2026-10-08 13:23:48
DM-05-02-03-01,custom_60d,81.697,95.732,-14.66,-14.03,green,3386.02,3623.41,-6.55,-237.39,green,7.0,31.0,2026-10-01,2026-10-07,2026-10-08 13:23:48
DM-05-02-03-03,custom_60d,109.463,103.961,5.29,5.5,yellow,4056.18,3713.95,9.21,342.23,yellow,7.0,31.0,2026-10-01,2026-10-07,2026-10-08 13:23:48
DM-05-02-04-02,custom_60d,199.358,203.571,-2.07,-4.21,green,8084.06,7793.67,3.73,290.39,green,7.0,31.0,2026-10-01,2026-10-07,2026-10-08 13:23:48
DM-05-02-05-01,custom_60d,135.839,145.119,-6.39,-9.28,green,5909.96,5939.74,-0.5,-29.78,green,7.0,31.0,2026-10-01,2026-10-07,2026-10-08 13:23:48
DM-05-02-06-01,custom_60d,14.349,0.148,9595.27,14.2,red,713.49,22.5,3071.07,690.99,red,7.0,31.0,2026-10-01,2026-10-07,2026-10-08 13:23:48
DM-05-02-06-02,custom_60d,101.937,138.474,-26.39,-36.54,green,4290.7,4689.15,-8.5,-398.45,green,7.0,31.0,2026-10-01,2026-10-07,2026-10-08 13:23:48
DM-05-02-07-01,custom_60d,108.353,106.859,1.4,1.49,green,4214.32,4125.19,2.16,89.13,green,7.0,31.0,2026-10-01,2026-10-07,2026-10-08 13:23:48
DM-05-02-08-01,custom_60d,63.398,65.389,-3.04,-1.99,green,2714.35,2767.31,-1.91,-52.96,green,7.0,31.0,2026-10-01,2026-10-07,2026-10-08 13:23:48
DM-05-03-01-01,custom_60d,0.0,0.0,,,gray,0.0,0.0,,,gray,7.0,31.0,2026-10-01,2026-10-07,2026-10-08 13:23:48
DM-05-03-01-02,custom_60d,65.905,,,,gray,2538.48,2699.33,-5.96,-160.85,green,7.0,31.0,2026-10-01,2026-10-07,2026-10-08 13:23:48
DM-05-03-02-01,custom_60d,0.0,31.444,-100.0,-31.44,green,3.91,1299.55,-99.7,-1295.64,green,7.0,31.0,2026-10-01,2026-10-07,2026-10-08 13:23:48
DM-05-03-02-02,custom_60d,50.108,18.463,171.4,31.64,red,2279.39,825.33,176.18,1454.06,red,7.0,31.0,2026-10-01,2026-10-07,2026-10-08 13:23:48
DM-05-03-02-03,custom_60d,10.26,12.717,-19.32,-2.46,green,505.93,561.31,-9.87,-55.38,green,7.0,31.0,2026-10-01,2026-10-07,2026-10-08 13:23:48
DM-05-03-03-01,custom_60d,43.036,47.76,-9.89,-4.72,green,1867.22,1953.88,-4.44,-86.66,green,7.0,31.0,2026-10-01,2026-10-07,2026-10-08 13:23:48
DM-05-03-03-02,custom_60d,47.765,,,,gray,2146.15,1643.76,30.56,502.39,red,7.0,31.0,2026-10-01,2026-10-07,2026-10-08 13:23:48
DM-05-03-03-03,custom_60d,54.48,,,,gray,2435.4,2522.92,-3.47,-87.52,green,7.0,31.0,2026-10-01,2026-10-07,2026-10-08 13:23:48
DM-05-03-04-01,custom_60d,0.12,0.254,-52.76,-0.13,green,3.42,6.15,-44.39,-2.73,green,7.0,31.0,2026-10-01,2026-10-07,2026-10-08 13:23:48
DM-05-03-04-02,custom_60d,61.984,62.902,-1.46,-0.92,green,2785.56,2769.25,0.59,16.31,green,7.0,31.0,2026-10-01,2026-10-07,2026-10-08 13:23:48
DM-05-03-04-03,custom_60d,0.0,0.0,,,gray,0.0,0.0,,,gray,7.0,31.0,2026-10-01,2026-10-07,2026-10-08 13:23:48
DM-05-03-05-01,custom_60d,16.452,,,,gray,932.56,957.29,-2.58,-24.73,green,7.0,31.0,2026-10-01,2026-10-07,2026-10-08 13:23:48
DM-05-03-05-02,custom_60d,29.955,32.038,-6.5,-2.08,green,1529.98,1503.99,1.73,25.99,green,7.0,31.0,2026-10-01,2026-10-07,2026-10-08 13:23:48
DM-05-03-06-01,custom_60d,53.083,67.654,-21.54,-14.57,green,2040.77,2537.2,-19.57,-496.43,green,7.0,31.0,2026-10-01,2026-10-07,2026-10-08 13:23:48
DM-05-03-06-02,custom_60d,57.606,66.193,-12.97,-8.59,green,2931.69,2867.24,2.25,64.45,green,7.0,31.0,2026-10-01,2026-10-07,2026-10-08 13:23:48
DM-05-04-01-01,custom_60d,24.479,26.633,-8.09,-2.15,green,1233.53,1249.33,-1.26,-15.8,green,7.0,31.0,2026-10-01,2026-10-07,2026-10-08 13:23:48
DM-05-04-02-01,custom_60d,56.578,65.563,-13.7,-8.98,green,2776.96,2921.16,-4.94,-144.2,green,7.0,31.0,2026-10-01,2026-10-07,2026-10-08 13:23:48
DM-05-04-02-02,custom_60d,71.007,70.9,0.15,0.11,green,3026.68,2982.74,1.47,43.94,green,7.0,31.0,2026-10-01,2026-10-07,2026-10-08 13:23:48
DM-05-04-03-01,custom_60d,63.982,,,,gray,3008.56,3245.94,-7.31,-237.38,green,7.0,31.0,2026-10-01,2026-10-07,2026-10-08 13:23:48
DM-05-04-03-02,custom_60d,41.72,48.095,-13.26,-6.38,green,1899.81,2014.34,-5.69,-114.53,green,7.0,31.0,2026-10-01,2026-10-07,2026-10-08 13:23:48
DM-05-04-04-01,custom_60d,61.737,61.793,-0.09,-0.06,green,2354.94,2710.67,-13.12,-355.73,green,7.0,31.0,2026-10-01,2026-10-07,2026-10-08 13:23:48
DM-05-04-05-01,custom_60d,91.859,97.279,-5.57,-5.42,green,3514.44,3813.83,-7.85,-299.39,green,7.0,31.0,2026-10-01,2026-10-07,2026-10-08 13:23:48
DM-05-04-06-01,custom_60d,327.678,415.61,-21.16,-87.93,green,8567.36,10412.14,-17.72,-1844.78,green,7.0,31.0,2026-10-01,2026-10-07,2026-10-08 13:23:48
DM-05-04-06-02,custom_60d,63.658,58.898,8.08,4.76,yellow,2687.77,2528.13,6.31,159.64,yellow,7.0,31.0,2026-10-01,2026-10-07,2026-10-08 13:23:48
DM-05-04-06-03,custom_60d,43.332,33.627,28.86,9.7,red,1651.95,1367.39,20.81,284.56,red,7.0,31.0,2026-10-01,2026-10-07,2026-10-08 13:23:48
DM-05-04-06-04,custom_60d,,,,,gray,1278.05,1384.74,-7.7,-106.69,green,7.0,31.0,2026-10-01,2026-10-07,2026-10-08 13:23:48
DM-05-04-07-01,custom_60d,,,,,gray,4154.34,4653.46,-10.73,-499.12,green,7.0,31.0,2026-10-01,2026-10-07,2026-10-08 13:23:48
DM-05-04-07-02,custom_60d,67.993,64.954,4.68,3.04,green,2875.72,2729.95,5.34,145.77,yellow,7.0,31.0,2026-10-01,2026-10-07,2026-10-08 13:23:48
DM-05-04-08-01,custom_60d,121.553,67.124,81.09,54.43,red,2853.78,2793.71,2.15,60.07,green,7.0,31.0,2026-10-01,2026-10-07,2026-10-08 13:23:48
DM-05-04-08-02,custom_60d,93.545,83.918,11.47,9.63,yellow,3846.5,3622.77,6.18,223.73,yellow,7.0,31.0,2026-10-01,2026-10-07,2026-10-08 13:23:48
DM-05-04-09-01,custom_60d,32.581,28.218,15.46,4.36,yellow,1348.25,1119.53,20.43,228.72,red,7.0,31.0,2026-10-01,2026-10-07,2026-10-08 13:23:48
DM-05-04-10-01,custom_60d,59.041,64.669,-8.7,-5.63,green,2673.31,2646.84,1.0,26.47,green,7.0,31.0,2026-10-01,2026-10-07,2026-10-08 13:23:48
DM-05-04-10-02,custom_60d,,,,,gray,1468.32,1722.9,-14.78,-254.58,green,7.0,31.0,2026-10-01,2026-10-07,2026-10-08 13:23:48
DM-05-04-10-03,custom_60d,29.837,23.77,25.52,6.07,red,1399.11,1096.32,27.62,302.79,red,7.0,31.0,2026-10-01,2026-10-07,2026-10-08 13:23:48
DM-05-04-10-04,custom_60d,,,,,gray,2531.66,2423.46,4.46,108.2,green,7.0,31.0,2026-10-01,2026-10-07,2026-10-08 13:23:48
DM-05-04-11-01,custom_60d,32.773,29.188,12.28,3.59,yellow,1403.55,1280.08,9.65,123.47,yellow,7.0,31.0,2026-10-01,2026-10-07,2026-10-08 13:23:48
DM-05-05-01-01,custom_60d,240.583,243.955,-1.38,-3.37,green,9754.57,9656.83,1.01,97.74,green,7.0,31.0,2026-10-01,2026-10-07,2026-10-08 13:23:48
DM-05-05-02-02,custom_60d,63.169,54.622,15.65,8.55,yellow,2544.01,2590.91,-1.81,-46.9,green,7.0,31.0,2026-10-01,2026-10-07,2026-10-08 13:23:48
DM-05-05-02-03,custom_60d,109.647,123.821,-11.45,-14.17,green,5573.58,5707.15,-2.34,-133.57,green,7.0,31.0,2026-10-01,2026-10-07,2026-10-08 13:23:48
DM-05-05-03-01,custom_60d,33.972,,,,gray,1637.57,1640.34,-0.17,-2.77,green,7.0,31.0,2026-10-01,2026-10-07,2026-10-08 13:23:48
DM-05-05-04-01,custom_60d,0.0,0.0,,,gray,0.0,0.0,,,gray,7.0,31.0,2026-10-01,2026-10-07,2026-10-08 13:23:48
DM-05-05-04-02,custom_60d,0.0,0.0,,,gray,0.0,0.0,,,gray,7.0,31.0,2026-10-01,2026-10-07,2026-10-08 13:23:48
DM-05-05-05-01,custom_60d,45.404,0.0,,,gray,2141.4,0.0,,,gray,7.0,31.0,2026-10-01,2026-10-07,2026-10-08 13:23:48
DM-05-05-06-01,custom_60d,32.72,32.758,-0.12,-0.04,green,1402.21,1614.4,-13.14,-212.19,green,7.0,31.0,2026-10-01,2026-10-07,2026-10-08 13:23:48
DM-05-05-07-01,custom_60d,71.294,53.22,33.96,18.07,red,2916.64,2793.27,4.42,123.37,green,7.0,31.0,2026-10-01,2026-10-07,2026-10-08 13:23:48
DM-05-05-07-02,custom_60d,46.744,144.66,-67.69,-97.92,green,2671.27,2714.07,-1.58,-42.8,green,7.0,31.0,2026-10-01,2026-10-07,2026-10-08 13:23:48
DM-05-05-08-01,custom_60d,83.86,113.593,-26.18,-29.73,green,4137.74,4432.76,-6.66,-295.02,green,7.0,31.0,2026-10-01,2026-10-07,2026-10-08 13:23:48
DM-05-05-08-02,custom_60d,83.975,0.0,,,gray,3894.89,0.0,,,gray,7.0,31.0,2026-10-01,2026-10-07,2026-10-08 13:23:48
DM-05-05-09-01,custom_60d,57.614,79.563,-27.59,-21.95,green,2514.34,3078.63,-18.33,-564.29,green,7.0,31.0,2026-10-01,2026-10-07,2026-10-08 13:23:48
DM-05-05-09-02,custom_60d,37.013,,,,gray,1725.56,1808.36,-4.58,-82.8,green,7.0,31.0,2026-10-01,2026-10-07,2026-10-08 13:23:48
DM-05-05-09-03,custom_60d,32.318,39.861,-18.92,-7.54,green,1498.32,1704.71,-12.11,-206.39,green,7.0,31.0,2026-10-01,2026-10-07,2026-10-08 13:23:48
DM-05-05-09-04,custom_60d,50.284,59.239,-15.12,-8.95,green,2111.62,2261.19,-6.61,-149.57,green,7.0,31.0,2026-10-01,2026-10-07,2026-10-08 13:23:48
DM-05-05-10-01,custom_60d,49.035,64.663,-24.17,-15.63,green,2021.48,2429.66,-16.8,-408.18,green,7.0,31.0,2026-10-01,2026-10-07,2026-10-08 13:23:48
DM-05-05-11-01,custom_60d,52.256,32.52,60.69,19.74,red,2328.08,1576.32,47.69,751.76,red,7.0,31.0,2026-10-01,2026-10-07,2026-10-08 13:23:48
DM-05-05-12-01,custom_60d,56.326,56.087,0.43,0.24,green,2521.33,2541.66,-0.8,-20.33,green,7.0,31.0,2026-10-01,2026-10-07,2026-10-08 13:23:48
DM-05-05-12-02,custom_60d,28.108,28.949,-2.91,-0.84,green,1350.71,1224.68,10.29,126.03,yellow,7.0,31.0,2026-10-01,2026-10-07,2026-10-08 13:23:48
DM-05-05-12-03,custom_60d,72.737,72.664,0.1,0.07,green,2820.09,3229.81,-12.69,-409.72,green,7.0,31.0,2026-10-01,2026-10-07,2026-10-08 13:23:48
DM-05-05-13-01,custom_60d,45.199,50.96,-11.3,-5.76,green,2074.43,2100.09,-1.22,-25.66,green,7.0,31.0,2026-10-01,2026-10-07,2026-10-08 13:23:48
DM-05-05-14-01,custom_60d,28.611,35.896,-20.29,-7.29,green,1604.76,1785.15,-10.11,-180.39,green,7.0,31.0,2026-10-01,2026-10-07,2026-10-08 13:23:48
DM-05-05-14-02,custom_60d,0.0,0.0,,,gray,0.0,0.0,,,gray,7.0,31.0,2026-10-01,2026-10-07,2026-10-08 13:23:48
DM-06-01-01-01,custom_60d,55.759,53.824,3.6,1.94,green,2165.28,2250.13,-3.77,-84.85,green,7.0,31.0,2026-10-01,2026-10-07,2026-10-08 13:23:48
DM-06-01-02-01,custom_60d,66.307,66.505,-0.3,-0.2,green,1827.62,1920.8,-4.85,-93.18,green,7.0,31.0,2026-10-01,2026-10-07,2026-10-08 13:23:48
DM-06-01-02-02,custom_60d,32.338,34.815,-7.11,-2.48,green,1199.31,1344.59,-10.8,-145.28,green,7.0,31.0,2026-10-01,2026-10-07,2026-10-08 13:23:48
DM-06-01-03-01,custom_60d,,,,,gray,1050.3,1195.94,-12.18,-145.64,green,7.0,31.0,2026-10-01,2026-10-07,2026-10-08 13:23:48
DM-06-01-03-02,custom_60d,19.49,22.517,-13.44,-3.03,green,812.38,950.23,-14.51,-137.85,green,7.0,31.0,2026-10-01,2026-10-07,2026-10-08 13:23:48
DM-06-01-03-03,custom_60d,0.0,0.0,,,gray,0.0,0.0,,,gray,7.0,31.0,2026-10-01,2026-10-07,2026-10-08 13:23:48
DM-06-01-03-04,custom_60d,34.086,34.511,-1.23,-0.43,green,1241.6,1436.11,-13.54,-194.51,green,7.0,31.0,2026-10-01,2026-10-07,2026-10-08 13:23:48
DM-06-01-03-05,custom_60d,55.594,53.75,3.43,1.84,green,1949.02,2065.43,-5.64,-116.41,green,7.0,31.0,2026-10-01,2026-10-07,2026-10-08 13:23:48
DM-06-01-04-01,custom_60d,0.0,0.0,,,gray,0.0,0.0,,,gray,7.0,31.0,2026-10-01,2026-10-07,2026-10-08 13:23:48
DM-06-01-04-02,custom_60d,25.941,23.824,8.89,2.12,yellow,974.35,973.18,0.12,1.17,green,7.0,31.0,2026-10-01,2026-10-07,2026-10-08 13:23:48
DM-06-01-04-03,custom_60d,34.851,46.242,-24.63,-11.39,green,1452.35,1848.23,-21.42,-395.88,green,7.0,31.0,2026-10-01,2026-10-07,2026-10-08 13:23:48
DM-06-01-05-01,custom_60d,39.48,52.201,-24.37,-12.72,green,1560.13,1989.9,-21.6,-429.77,green,7.0,31.0,2026-10-01,2026-10-07,2026-10-08 13:23:48
DM-06-01-05-03,custom_60d,91.651,106.553,-13.99,-14.9,green,3156.44,4400.84,-28.28,-1244.4,green,7.0,31.0,2026-10-01,2026-10-07,2026-10-08 13:23:48
DM-06-01-05-04,custom_60d,75.176,77.541,-3.05,-2.36,green,2684.16,2689.09,-0.18,-4.93,green,7.0,31.0,2026-10-01,2026-10-07,2026-10-08 13:23:48
DM-06-01-06-01,custom_60d,76.899,89.994,-14.55,-13.09,green,2705.53,3045.52,-11.16,-339.99,green,7.0,31.0,2026-10-01,2026-10-07,2026-10-08 13:23:48
DM-06-01-06-02,custom_60d,24.237,17.985,34.76,6.25,red,937.17,776.37,20.71,160.8,red,7.0,31.0,2026-10-01,2026-10-07,2026-10-08 13:23:48
DM-06-02-01-01,custom_60d,8.253,8.387,-1.6,-0.13,green,408.89,415.36,-1.56,-6.47,green,7.0,31.0,2026-10-01,2026-10-07,2026-10-08 13:23:48
DM-06-02-01-02,custom_60d,,131.496,,,gray,2209.47,4252.38,-48.04,-2042.91,green,7.0,31.0,2026-10-01,2026-10-07,2026-10-08 13:23:48
DM-06-02-02-01,custom_60d,93.983,88.71,5.94,5.27,yellow,3570.12,3472.18,2.82,97.94,green,7.0,31.0,2026-10-01,2026-10-07,2026-10-08 13:23:48
DM-06-02-03-01,custom_60d,82.272,74.36,10.64,7.91,yellow,3025.32,2829.09,6.94,196.23,yellow,7.0,31.0,2026-10-01,2026-10-07,2026-10-08 13:23:48
DM-06-02-03-02,custom_60d,18.532,37.276,-50.28,-18.74,green,661.51,1045.01,-36.7,-383.5,green,7.0,31.0,2026-10-01,2026-10-07,2026-10-08 13:23:48
DM-06-02-03-03,custom_60d,100.952,110.408,-8.56,-9.46,green,3590.04,3819.1,-6.0,-229.06,green,7.0,31.0,2026-10-01,2026-10-07,2026-10-08 13:23:48
DM-06-02-04-01,custom_60d,45.318,47.53,-4.65,-2.21,green,1653.65,1676.53,-1.36,-22.88,green,7.0,31.0,2026-10-01,2026-10-07,2026-10-08 13:23:48
DM-06-02-04-02,custom_60d,70.984,72.035,-1.46,-1.05,green,2520.71,2522.34,-0.06,-1.63,green,7.0,31.0,2026-10-01,2026-10-07,2026-10-08 13:23:48
DM-06-02-05-01,custom_60d,71.456,83.058,-13.97,-11.6,green,2307.15,2720.33,-15.19,-413.18,green,7.0,31.0,2026-10-01,2026-10-07,2026-10-08 13:23:48
DM-06-02-05-02,custom_60d,,,,,gray,649.68,681.52,-4.67,-31.84,green,7.0,31.0,2026-10-01,2026-10-07,2026-10-08 13:23:48
DM-06-02-06-01,custom_60d,0.0,0.0,,,gray,0.0,0.0,,,gray,7.0,31.0,2026-10-01,2026-10-07,2026-10-08 13:23:48
DM-06-02-06-02,custom_60d,26.582,0.0,,,gray,1101.42,0.0,,,gray,7.0,31.0,2026-10-01,2026-10-07,2026-10-08 13:23:48
DM-06-02-07-01,custom_60d,15.712,22.494,-30.15,-6.78,green,716.12,1015.31,-29.47,-299.19,green,7.0,31.0,2026-10-01,2026-10-07,2026-10-08 13:23:48
DM-06-02-07-02,custom_60d,54.178,81.935,-33.88,-27.76,green,2198.26,3084.9,-28.74,-886.64,green,7.0,31.0,2026-10-01,2026-10-07,2026-10-08 13:23:48
DM-06-02-07-03,custom_60d,91.444,90.475,1.07,0.97,green,3216.78,3149.56,2.13,67.22,green,7.0,31.0,2026-10-01,2026-10-07,2026-10-08 13:23:48
DM-06-03-01-01,custom_60d,61.728,42.647,44.74,19.08,red,2180.24,2072.35,5.21,107.89,yellow,7.0,31.0,2026-10-01,2026-10-07,2026-10-08 13:23:48
DM-06-03-02-01,custom_60d,60.579,,,,gray,2470.61,2456.97,0.56,13.64,green,7.0,31.0,2026-10-01,2026-10-07,2026-10-08 13:23:48
DM-06-03-02-02,custom_60d,109.662,109.075,0.54,0.59,green,3898.7,4077.61,-4.39,-178.91,green,7.0,31.0,2026-10-01,2026-10-07,2026-10-08 13:23:48
DM-06-03-03-01,custom_60d,20.012,22.198,-9.85,-2.19,green,910.61,939.21,-3.05,-28.6,green,7.0,31.0,2026-10-01,2026-10-07,2026-10-08 13:23:48
DM-06-03-03-02,custom_60d,48.804,48.83,-0.05,-0.03,green,1995.22,1897.75,5.14,97.47,yellow,7.0,31.0,2026-10-01,2026-10-07,2026-10-08 13:23:48
DM-06-03-03-03,custom_60d,50.064,45.911,9.05,4.15,yellow,1920.08,1854.39,3.54,65.69,green,7.0,31.0,2026-10-01,2026-10-07,2026-10-08 13:23:48
DM-06-03-04-01,custom_60d,39.777,37.231,6.84,2.55,yellow,1580.79,1585.92,-0.32,-5.13,green,7.0,31.0,2026-10-01,2026-10-07,2026-10-08 13:23:48
DM-06-03-04-02,custom_60d,65.045,75.003,-13.28,-9.96,green,2665.67,2890.77,-7.79,-225.1,green,7.0,31.0,2026-10-01,2026-10-07,2026-10-08 13:23:48
DM-06-03-05-01,custom_60d,23.463,,,,gray,873.46,852.49,2.46,20.97,green,7.0,31.0,2026-10-01,2026-10-07,2026-10-08 13:23:48
DM-06-03-06-01,custom_60d,42.002,0.0,,,gray,1679.41,0.0,,,gray,7.0,31.0,2026-10-01,2026-10-07,2026-10-08 13:23:48
DM-06-03-06-02,custom_60d,45.913,47.094,-2.51,-1.18,green,1874.21,1850.72,1.27,23.49,green,7.0,31.0,2026-10-01,2026-10-07,2026-10-08 13:23:48
DM-06-03-07-01,custom_60d,48.402,52.413,-7.65,-4.01,green,1758.19,1851.32,-5.03,-93.13,green,7.0,31.0,2026-10-01,2026-10-07,2026-10-08 13:23:48
DM-06-03-08-01,custom_60d,60.936,20.915,191.35,40.02,red,2366.18,1011.04,134.03,1355.14,red,7.0,31.0,2026-10-01,2026-10-07,2026-10-08 13:23:48
DM-06-03-08-03,custom_60d,62.064,62.311,-0.4,-0.25,green,2556.13,2593.36,-1.44,-37.23,green,7.0,31.0,2026-10-01,2026-10-07,2026-10-08 13:23:48
DM-06-04-01-01,custom_60d,0.0,0.0,,,gray,0.0,0.0,,,gray,7.0,31.0,2026-10-01,2026-10-07,2026-10-08 13:23:48
DM-06-04-01-02,custom_60d,155.814,104.656,48.88,51.16,red,5662.34,3794.05,49.24,1868.29,red,7.0,31.0,2026-10-01,2026-10-07,2026-10-08 13:23:48
DM-06-04-01-03,custom_60d,56.162,47.612,17.96,8.55,yellow,2258.83,2183.58,3.45,75.25,green,7.0,31.0,2026-10-01,2026-10-07,2026-10-08 13:23:48
DM-06-04-01-04,custom_60d,36.707,19.503,88.21,17.2,red,784.56,794.13,-1.21,-9.57,green,7.0,31.0,2026-10-01,2026-10-07,2026-10-08 13:23:48
DM-06-04-02-01,custom_60d,52.162,90.849,-42.58,-38.69,green,2358.38,2249.95,4.82,108.43,green,7.0,31.0,2026-10-01,2026-10-07,2026-10-08 13:23:48
DM-06-04-02-03,custom_60d,26.972,18.667,44.49,8.3,red,679.74,585.06,16.18,94.68,yellow,7.0,31.0,2026-10-01,2026-10-07,2026-10-08 13:23:48
DM-06-04-03-01,custom_60d,0.0,0.0,,,gray,0.0,0.02,-100.0,-0.02,green,7.0,31.0,2026-10-01,2026-10-07,2026-10-08 13:23:48
DM-06-04-03-02,custom_60d,136.048,136.047,0.0,0.0,green,4425.01,5043.66,-12.27,-618.65,green,7.0,31.0,2026-10-01,2026-10-07,2026-10-08 13:23:48
DM-06-04-04-02,custom_60d,65.607,96.8,-32.22,-31.19,green,2389.26,3470.57,-31.16,-1081.31,green,7.0,31.0,2026-10-01,2026-10-07,2026-10-08 13:23:48
DM-06-04-04-03,custom_60d,156.537,155.291,0.8,1.25,green,5164.7,5329.68,-3.1,-164.98,green,7.0,31.0,2026-10-01,2026-10-07,2026-10-08 13:23:48
DM-06-04-04-04,custom_60d,42.943,47.578,-9.74,-4.64,green,1689.16,1895.11,-10.87,-205.95,green,7.0,31.0,2026-10-01,2026-10-07,2026-10-08 13:23:48
DM-06-04-05-01,custom_60d,16.749,32.238,-48.05,-15.49,green,695.32,1157.31,-39.92,-461.99,green,7.0,31.0,2026-10-01,2026-10-07,2026-10-08 13:23:48
DM-06-04-05-02,custom_60d,139.957,96.307,45.32,43.65,red,6670.55,4693.82,42.11,1976.73,red,7.0,31.0,2026-10-01,2026-10-07,2026-10-08 13:23:48
DM-06-04-05-03,custom_60d,42.853,69.064,-37.95,-26.21,green,1764.5,1553.15,13.61,211.35,yellow,7.0,31.0,2026-10-01,2026-10-07,2026-10-08 13:23:48
DM-06-04-05-04,custom_60d,725.09,725.09,0.0,0.0,green,17401.92,17402.16,-0.0,-0.24,green,7.0,31.0,2026-10-01,2026-10-07,2026-10-08 13:23:48
DM-06-04-06-01,custom_60d,22.304,28.845,-22.68,-6.54,green,1693.12,1814.05,-6.67,-120.93,green,7.0,31.0,2026-10-01,2026-10-07,2026-10-08 13:23:48
DM-06-04-06-03,custom_60d,0.0,0.0,,,gray,0.0,0.0,,,gray,7.0,31.0,2026-10-01,2026-10-07,2026-10-08 13:23:48
DM-06-04-06-04,custom_60d,71.51,22.89,212.41,48.62,red,2175.27,1799.34,20.89,375.93,red,7.0,31.0,2026-10-01,2026-10-07,2026-10-08 13:23:48
DM-06-04-06-05,custom_60d,42.04,52.224,-19.5,-10.18,green,1665.7,1993.27,-16.43,-327.57,green,7.0,31.0,2026-10-01,2026-10-07,2026-10-08 13:23:48
DM-06-04-06-06,custom_60d,117.39,113.569,3.36,3.82,green,4637.75,5319.69,-12.82,-681.94,green,7.0,31.0,2026-10-01,2026-10-07,2026-10-08 13:23:48
DM-06-04-07-01,custom_60d,107.542,98.044,9.69,9.5,yellow,4377.35,4433.87,-1.27,-56.52,green,7.0,31.0,2026-10-01,2026-10-07,2026-10-08 13:23:48
DM-06-04-07-02,custom_60d,98.944,107.615,-8.06,-8.67,green,4387.06,4462.58,-1.69,-75.52,green,7.0,31.0,2026-10-01,2026-10-07,2026-10-08 13:23:48
DM-06-04-07-03,custom_60d,137.958,141.267,-2.34,-3.31,green,4930.5,4879.2,1.05,51.3,green,7.0,31.0,2026-10-01,2026-10-07,2026-10-08 13:23:48
DM-06-04-08-01,custom_60d,78.206,88.003,-11.13,-9.8,green,3875.31,4059.85,-4.55,-184.54,green,7.0,31.0,2026-10-01,2026-10-07,2026-10-08 13:23:48
DM-06-04-08-02,custom_60d,85.111,,,,gray,3373.42,3222.08,4.7,151.34,green,7.0,31.0,2026-10-01,2026-10-07,2026-10-08 13:23:48
DM-06-04-08-03,custom_60d,140.817,,,,gray,6293.57,6672.5,-5.68,-378.93,green,7.0,31.0,2026-10-01,2026-10-07,2026-10-08 13:23:48
DM-06-05-01-01,custom_60d,67.062,59.501,12.71,7.56,yellow,1996.25,1903.91,4.85,92.34,green,7.0,31.0,2026-10-01,2026-10-07,2026-10-08 13:23:48
DM-06-05-01-02,custom_60d,38.937,39.885,-2.38,-0.95,green,1685.73,1751.56,-3.76,-65.83,green,7.0,31.0,2026-10-01,2026-10-07,2026-10-08 13:23:48
DM-06-05-01-03,custom_60d,35.326,35.324,0.01,0.0,green,1079.07,1222.0,-11.7,-142.93,green,7.0,31.0,2026-10-01,2026-10-07,2026-10-08 13:23:48
DM-06-05-02-01,custom_60d,45.425,44.502,2.07,0.92,green,1444.49,1535.52,-5.93,-91.03,green,7.0,31.0,2026-10-01,2026-10-07,2026-10-08 13:23:48
DM-06-05-02-02,custom_60d,,,,,gray,642.18,723.2,-11.2,-81.02,green,7.0,31.0,2026-10-01,2026-10-07,2026-10-08 13:23:48
DM-06-05-03-01,custom_60d,76.333,65.475,16.58,10.86,yellow,2924.72,2828.94,3.39,95.78,green,7.0,31.0,2026-10-01,2026-10-07,2026-10-08 13:23:48
DM-06-05-03-02,custom_60d,56.051,67.777,-17.3,-11.73,green,2345.85,2717.96,-13.69,-372.11,green,7.0,31.0,2026-10-01,2026-10-07,2026-10-08 13:23:48
DM-06-05-03-03,custom_60d,107.968,,,,gray,3664.4,3451.26,6.18,213.14,yellow,7.0,31.0,2026-10-01,2026-10-07,2026-10-08 13:23:48
DM-06-05-04-01,custom_60d,,,,,gray,663.07,700.71,-5.37,-37.64,green,7.0,31.0,2026-10-01,2026-10-07,2026-10-08 13:23:48
DM-06-05-04-02,custom_60d,38.537,,,,gray,1393.47,1307.29,6.59,86.18,yellow,7.0,31.0,2026-10-01,2026-10-07,2026-10-08 13:23:48
DM-06-05-05-01,custom_60d,0.0,0.037,-100.0,-0.04,green,2.68,0.9,197.78,1.78,red,7.0,31.0,2026-10-01,2026-10-07,2026-10-08 13:23:48
DM-06-05-05-02,custom_60d,95.844,161.044,-40.49,-65.2,green,3880.41,3811.09,1.82,69.32,green,7.0,31.0,2026-10-01,2026-10-07,2026-10-08 13:23:48
DM-06-05-05-03,custom_60d,98.215,,,,gray,3931.76,3865.98,1.7,65.78,green,7.0,31.0,2026-10-01,2026-10-07,2026-10-08 13:23:48
DM-06-05-06-01,custom_60d,78.126,63.964,22.14,14.16,red,2647.42,1947.29,35.95,700.13,red,7.0,31.0,2026-10-01,2026-10-07,2026-10-08 13:23:48
DM-06-05-07-01,custom_60d,0.0,0.0,,,gray,0.0,0.0,,,gray,7.0,31.0,2026-10-01,2026-10-07,2026-10-08 13:23:48
DM-06-05-07-02,custom_60d,29.669,31.866,-6.89,-2.2,green,1169.83,1351.53,-13.44,-181.7,green,7.0,31.0,2026-10-01,2026-10-07,2026-10-08 13:23:48
DM-06-05-08-01,custom_60d,0.0,0.0,,,gray,0.0,0.0,,,gray,7.0,31.0,2026-10-01,2026-10-07,2026-10-08 13:23:48
DM-06-05-09-01,custom_60d,67.438,58.464,15.35,8.97,yellow,2458.93,2546.93,-3.46,-88.0,green,7.0,31.0,2026-10-01,2026-10-07,2026-10-08 13:23:48
DM-06-05-09-02,custom_60d,134.732,139.806,-3.63,-5.07,green,4083.58,4402.82,-7.25,-319.24,green,7.0,31.0,2026-10-01,2026-10-07,2026-10-08 13:23:48
DM-06-05-09-03,custom_60d,77.678,69.556,11.68,8.12,yellow,2920.0,2676.1,9.11,243.9,yellow,7.0,31.0,2026-10-01,2026-10-07,2026-10-08 13:23:48
DM-06-05-10-01,custom_60d,7.198,6.729,6.97,0.47,yellow,262.79,261.09,0.65,1.7,green,7.0,31.0,2026-10-01,2026-10-07,2026-10-08 13:23:48
DM-06-05-10-02,custom_60d,95.028,88.079,7.89,6.95,yellow,3206.85,3128.92,2.49,77.93,green,7.0,31.0,2026-10-01,2026-10-07,2026-10-08 13:23:48
DM-06-05-10-03,custom_60d,22.055,34.611,-36.28,-12.56,green,1327.35,1574.77,-15.71,-247.42,green,7.0,31.0,2026-10-01,2026-10-07,2026-10-08 13:23:48
DM-06-06-01-01,custom_60d,129.713,0.0,,,gray,5421.93,0.02,27109550.0,5421.91,red,7.0,31.0,2026-10-01,2026-10-07,2026-10-08 13:23:48
DM-06-06-01-02,custom_60d,99.589,114.36,-12.92,-14.77,green,4213.66,4538.61,-7.16,-324.95,green,7.0,31.0,2026-10-01,2026-10-07,2026-10-08 13:23:48
DM-06-06-01-03,custom_60d,72.221,81.275,-11.14,-9.05,green,2985.72,3153.59,-5.32,-167.87,green,7.0,31.0,2026-10-01,2026-10-07,2026-10-08 13:23:48
DM-06-06-02-01,custom_60d,33.871,84.31,-59.83,-50.44,green,1834.17,2583.04,-28.99,-748.87,green,7.0,31.0,2026-10-01,2026-10-07,2026-10-08 13:23:48
DM-06-06-02-02,custom_60d,118.016,28.489,314.25,89.53,red,3426.77,1656.26,106.9,1770.51,red,7.0,31.0,2026-10-01,2026-10-07,2026-10-08 13:23:48
DM-06-06-03-01,custom_60d,116.692,94.173,23.91,22.52,red,4454.8,3916.15,13.75,538.65,yellow,7.0,31.0,2026-10-01,2026-10-07,2026-10-08 13:23:48
DM-06-06-03-02,custom_60d,134.663,51.665,160.65,83.0,red,4953.83,1757.64,181.85,3196.19,red,7.0,31.0,2026-10-01,2026-10-07,2026-10-08 13:23:48
DM-06-06-04-01,custom_60d,121.978,107.544,13.42,14.43,yellow,4546.56,4259.89,6.73,286.67,yellow,7.0,31.0,2026-10-01,2026-10-07,2026-10-08 13:23:48
DM-06-06-05-01,custom_60d,61.932,63.543,-2.54,-1.61,green,2177.24,2382.54,-8.62,-205.3,green,7.0,31.0,2026-10-01,2026-10-07,2026-10-08 13:23:48
DM-06-06-05-02,custom_60d,66.589,60.014,10.96,6.57,yellow,3157.73,2864.75,10.23,292.98,yellow,7.0,31.0,2026-10-01,2026-10-07,2026-10-08 13:23:48
DM-06-06-05-03,custom_60d,35.28,35.212,0.19,0.07,green,1264.73,1441.08,-12.24,-176.35,green,7.0,31.0,2026-10-01,2026-10-07,2026-10-08 13:23:48
DM-06-06-06-02,custom_60d,0.0,106.087,-100.0,-106.09,green,72.53,4177.94,-98.26,-4105.41,green,7.0,31.0,2026-10-01,2026-10-07,2026-10-08 13:23:48
DM-06-06-06-03,custom_60d,136.989,,,,gray,4535.39,4497.82,0.84,37.57,green,7.0,31.0,2026-10-01,2026-10-07,2026-10-08 13:23:48
DM-06-06-06-04,custom_60d,102.098,101.532,0.56,0.57,green,3462.28,3737.45,-7.36,-275.17,green,7.0,31.0,2026-10-01,2026-10-07,2026-10-08 13:23:48
DM-06-06-07-01,custom_60d,95.305,78.019,22.16,17.29,red,3453.03,3091.78,11.68,361.25,yellow,7.0,31.0,2026-10-01,2026-10-07,2026-10-08 13:23:48
DM-06-06-07-02,custom_60d,19.621,2.287,757.94,17.33,red,904.98,111.46,711.93,793.52,red,7.0,31.0,2026-10-01,2026-10-07,2026-10-08 13:23:48
DM-06-06-07-03,custom_60d,298.697,265.344,12.57,33.35,yellow,9131.81,9296.61,-1.77,-164.8,green,7.0,31.0,2026-10-01,2026-10-07,2026-10-08 13:23:48
DM-06-06-08-01,custom_60d,123.957,,,,gray,4176.59,4192.09,-0.37,-15.5,green,7.0,31.0,2026-10-01,2026-10-07,2026-10-08 13:23:48
DM-06-06-08-02,custom_60d,0.155,44.218,-99.65,-44.06,green,149.54,1476.8,-89.87,-1327.26,green,7.0,31.0,2026-10-01,2026-10-07,2026-10-08 13:23:48
DM-06-06-08-03,custom_60d,60.421,59.934,0.81,0.49,green,2173.28,2239.41,-2.95,-66.13,green,7.0,31.0,2026-10-01,2026-10-07,2026-10-08 13:23:48
DM-06-06-09-01,custom_60d,142.526,187.486,-23.98,-44.96,green,5239.85,6453.51,-18.81,-1213.66,green,7.0,31.0,2026-10-01,2026-10-07,2026-10-08 13:23:48
DM-06-06-09-02,custom_60d,73.697,111.658,-34.0,-37.96,green,2730.92,3851.22,-29.09,-1120.3,green,7.0,31.0,2026-10-01,2026-10-07,2026-10-08 13:23:48
DM-06-06-09-03,custom_60d,107.663,97.821,10.06,9.84,yellow,3725.43,3563.79,4.54,161.64,green,7.0,31.0,2026-10-01,2026-10-07,2026-10-08 13:23:48
DM-06-06-10-01,custom_60d,,,,,gray,1020.42,966.92,5.53,53.5,yellow,7.0,31.0,2026-10-01,2026-10-07,2026-10-08 13:23:48
DM-06-06-10-02,custom_60d,31.382,,,,gray,1359.89,1380.01,-1.46,-20.12,green,7.0,31.0,2026-10-01,2026-10-07,2026-10-08 13:23:48
DM-06-06-11-01,custom_60d,,,,,gray,1510.34,1539.87,-1.92,-29.53,green,7.0,31.0,2026-10-01,2026-10-07,2026-10-08 13:23:48
DM-06-06-11-02,custom_60d,2.94,1.806,62.79,1.13,red,55.66,52.51,6.0,3.15,yellow,7.0,31.0,2026-10-01,2026-10-07,2026-10-08 13:23:48
DM-06-06-12-01,custom_60d,44.492,,,,gray,1878.72,1915.76,-1.93,-37.04,green,7.0,31.0,2026-10-01,2026-10-07,2026-10-08 13:23:48
DM-07-01-01-01,custom_60d,271.872,243.656,11.58,28.22,yellow,8625.03,7548.13,14.27,1076.9,yellow,7.0,31.0,2026-10-01,2026-10-07,2026-10-08 13:23:48
DM-07-01-01-02,custom_60d,45.128,46.798,-3.57,-1.67,green,1689.42,1805.57,-6.43,-116.15,green,7.0,31.0,2026-10-01,2026-10-07,2026-10-08 13:23:48
DM-07-01-02-01,custom_60d,183.822,218.187,-15.75,-34.37,green,6098.2,6822.76,-10.62,-724.56,green,7.0,31.0,2026-10-01,2026-10-07,2026-10-08 13:23:48
DM-07-01-02-02,custom_60d,208.778,220.611,-5.36,-11.83,green,6762.34,6911.35,-2.16,-149.01,green,7.0,31.0,2026-10-01,2026-10-07,2026-10-08 13:23:48
DM-07-01-03-01,custom_60d,129.699,109.175,18.8,20.52,yellow,3417.49,2937.44,16.34,480.05,yellow,7.0,31.0,2026-10-01,2026-10-07,2026-10-08 13:23:48
DM-07-01-04-01,custom_60d,148.706,107.766,37.99,40.94,red,5309.98,3823.42,38.88,1486.56,red,7.0,31.0,2026-10-01,2026-10-07,2026-10-08 13:23:48
DM-07-01-04-02,custom_60d,145.799,147.8,-1.35,-2.0,green,5265.17,5134.3,2.55,130.87,green,7.0,31.0,2026-10-01,2026-10-07,2026-10-08 13:23:48
DM-07-01-04-03,custom_60d,0.116,0.116,0.0,0.0,green,2.56,2.87,-10.8,-0.31,green,7.0,31.0,2026-10-01,2026-10-07,2026-10-08 13:23:48
DM-07-01-04-04,custom_60d,65.1,63.558,2.43,1.54,green,3359.65,3492.25,-3.8,-132.6,green,7.0,31.0,2026-10-01,2026-10-07,2026-10-08 13:23:48
DM-07-01-05-02,custom_60d,,0.072,,,gray,,70.43,,,gray,,31.0,,,2026-10-08 13:23:48
DM-07-01-05-03,custom_60d,66.833,82.374,-18.87,-15.54,green,2216.71,2976.77,-25.53,-760.06,green,7.0,31.0,2026-10-01,2026-10-07,2026-10-08 13:23:48
DM-07-01-05-04,custom_60d,74.922,77.439,-3.25,-2.52,green,2818.26,2793.94,0.87,24.32,green,7.0,31.0,2026-10-01,2026-10-07,2026-10-08 13:23:48
DM-07-01-06-01,custom_60d,87.391,88.339,-1.07,-0.95,green,3059.15,3009.73,1.64,49.42,green,7.0,31.0,2026-10-01,2026-10-07,2026-10-08 13:23:48
DM-07-01-06-02,custom_60d,133.512,135.89,-1.75,-2.38,green,4702.65,4677.66,0.53,24.99,green,7.0,31.0,2026-10-01,2026-10-07,2026-10-08 13:23:48
DM-07-01-06-04,custom_60d,52.227,47.093,10.9,5.13,yellow,1752.83,1724.51,1.64,28.32,green,7.0,31.0,2026-10-01,2026-10-07,2026-10-08 13:23:48
DM-07-01-07-01,custom_60d,153.034,175.329,-12.72,-22.3,green,5295.41,5742.68,-7.79,-447.27,green,7.0,31.0,2026-10-01,2026-10-07,2026-10-08 13:23:48
DM-07-01-07-02,custom_60d,137.29,140.415,-2.23,-3.12,green,4970.35,4848.6,2.51,121.75,green,7.0,31.0,2026-10-01,2026-10-07,2026-10-08 13:23:48
DM-07-01-07-03,custom_60d,120.473,119.608,0.72,0.86,green,3541.13,3885.6,-8.87,-344.47,green,7.0,31.0,2026-10-01,2026-10-07,2026-10-08 13:23:48
DM-07-01-08-01,custom_60d,115.201,114.877,0.28,0.32,green,3513.87,3903.67,-9.99,-389.8,green,7.0,31.0,2026-10-01,2026-10-07,2026-10-08 13:23:48
DM-07-01-08-02,custom_60d,120.349,142.16,-15.34,-21.81,green,4253.02,4866.77,-12.61,-613.75,green,7.0,31.0,2026-10-01,2026-10-07,2026-10-08 13:23:48
DM-07-01-09-01,custom_60d,0.05,21.726,-99.77,-21.68,green,1.2,736.21,-99.84,-735.01,green,7.0,31.0,2026-10-01,2026-10-07,2026-10-08 13:23:48
DM-07-01-09-02,custom_60d,,,,,gray,1315.92,1012.4,29.98,303.52,red,7.0,31.0,2026-10-01,2026-10-07,2026-10-08 13:23:48
DM-07-01-09-03,custom_60d,110.633,106.367,4.01,4.27,green,3992.97,3770.0,5.91,222.97,yellow,7.0,31.0,2026-10-01,2026-10-07,2026-10-08 13:23:48
DM-07-01-09-05,custom_60d,0.0,0.042,-100.0,-0.04,green,10.32,0.99,942.42,9.33,red,7.0,31.0,2026-10-01,2026-10-07,2026-10-08 13:23:48
DM-07-01-09-06,custom_60d,24.199,88.524,-72.66,-64.33,green,1332.92,3203.8,-58.4,-1870.88,green,7.0,31.0,2026-10-01,2026-10-07,2026-10-08 13:23:48
DM-07-01-10-01,custom_60d,143.972,139.233,3.4,4.74,green,4974.64,4780.0,4.07,194.64,green,7.0,31.0,2026-10-01,2026-10-07,2026-10-08 13:23:48
DM-07-01-11-01,custom_60d,49.228,48.674,1.14,0.55,green,1922.63,1917.19,0.28,5.44,green,7.0,31.0,2026-10-01,2026-10-07,2026-10-08 13:23:48
DM-07-01-11-03,custom_60d,163.297,158.433,3.07,4.86,green,5784.48,5506.4,5.05,278.08,yellow,7.0,31.0,2026-10-01,2026-10-07,2026-10-08 13:23:48
DM-07-04-01-01,custom_60d,145.176,140.43,3.38,4.75,green,5139.63,4964.36,3.53,175.27,green,7.0,31.0,2026-10-01,2026-10-07,2026-10-08 13:23:48
DM-07-04-02-01,custom_60d,142.284,154.824,-8.1,-12.54,green,5448.45,5621.5,-3.08,-173.05,green,7.0,31.0,2026-10-01,2026-10-07,2026-10-08 13:23:48
DM-07-04-02-02,custom_60d,73.679,57.461,28.22,16.22,red,3101.38,2187.51,41.78,913.87,red,7.0,31.0,2026-10-01,2026-10-07,2026-10-08 13:23:48
DM-07-04-03-01,custom_60d,27.253,37.467,-27.26,-10.21,green,1057.25,1611.61,-34.4,-554.36,green,7.0,31.0,2026-10-01,2026-10-07,2026-10-08 13:23:48
DM-07-04-03-02,custom_60d,478.898,8.748,5374.37,470.15,red,10073.63,320.57,3042.41,9753.06,red,7.0,31.0,2026-10-01,2026-10-07,2026-10-08 13:23:48
DM-07-04-03-03,custom_60d,500.0,132.065,278.6,367.94,red,10947.73,5004.32,118.77,5943.41,red,7.0,31.0,2026-10-01,2026-10-07,2026-10-08 13:23:48
DM-07-04-04-01,custom_60d,56.251,47.152,19.3,9.1,yellow,1666.86,1711.45,-2.61,-44.59,green,7.0,31.0,2026-10-01,2026-10-07,2026-10-08 13:23:48
DM-07-04-04-02,custom_60d,52.284,80.011,-34.65,-27.73,green,1675.12,1683.34,-0.49,-8.22,green,7.0,31.0,2026-10-01,2026-10-07,2026-10-08 13:23:48
DM-07-04-05-01,custom_60d,83.859,82.256,1.95,1.6,green,3556.36,3469.98,2.49,86.38,green,7.0,31.0,2026-10-01,2026-10-07,2026-10-08 13:23:48
DM-07-04-06-01,custom_60d,108.283,107.087,1.12,1.2,green,3930.49,3820.24,2.89,110.25,green,7.0,31.0,2026-10-01,2026-10-07,2026-10-08 13:23:48
DM-07-04-07-01,custom_60d,67.412,72.552,-7.08,-5.14,green,2226.86,2242.9,-0.72,-16.04,green,7.0,31.0,2026-10-01,2026-10-07,2026-10-08 13:23:48
DM-07-04-08-01,custom_60d,72.491,79.225,-8.5,-6.73,green,2679.2,2694.46,-0.57,-15.26,green,7.0,31.0,2026-10-01,2026-10-07,2026-10-08 13:23:48
DM-07-04-08-02,custom_60d,71.386,54.705,30.49,16.68,red,2238.74,2142.3,4.5,96.44,green,7.0,31.0,2026-10-01,2026-10-07,2026-10-08 13:23:48
DM-07-04-09-01,custom_60d,6.114,9.148,-33.17,-3.03,green,576.01,630.36,-8.62,-54.35,green,7.0,31.0,2026-10-01,2026-10-07,2026-10-08 13:23:48
DM-07-04-10-01,custom_60d,0.264,450.17,-99.94,-449.91,green,133.12,10945.55,-98.78,-10812.43,green,7.0,31.0,2026-10-01,2026-10-07,2026-10-08 13:23:48
DM-07-04-10-02,custom_60d,8.383,9.578,-12.48,-1.2,green,378.75,311.88,21.44,66.87,red,7.0,31.0,2026-10-01,2026-10-07,2026-10-08 13:23:48
DM-07-04-11-01,custom_60d,61.621,57.834,6.55,3.79,yellow,2445.91,2288.03,6.9,157.88,yellow,7.0,31.0,2026-10-01,2026-10-07,2026-10-08 13:23:48
DM-07-04-11-03,custom_60d,172.152,159.026,8.25,13.13,yellow,6295.19,5794.94,8.63,500.25,yellow,7.0,31.0,2026-10-01,2026-10-07,2026-10-08 13:23:48
DM-07-04-12-01,custom_60d,66.755,110.207,-39.43,-43.45,green,2547.37,4032.82,-36.83,-1485.45,green,7.0,31.0,2026-10-01,2026-10-07,2026-10-08 13:23:48
DM-07-04-12-02,custom_60d,105.619,102.62,2.92,3.0,green,3753.92,3495.21,7.4,258.71,yellow,7.0,31.0,2026-10-01,2026-10-07,2026-10-08 13:23:48
DM-07-04-13-01,custom_60d,500.0,500.0,0.0,0.0,green,10714.29,11997.88,-10.7,-1283.59,green,7.0,31.0,2026-10-01,2026-10-07,2026-10-08 13:23:48
DM-07-04-13-02,custom_60d,27.481,41.991,-34.56,-14.51,green,1439.14,1899.13,-24.22,-459.99,green,7.0,31.0,2026-10-01,2026-10-07,2026-10-08 13:23:48
DM-07-04-14-01,custom_60d,92.406,90.573,2.02,1.83,green,3460.39,3249.2,6.5,211.19,yellow,7.0,31.0,2026-10-01,2026-10-07,2026-10-08 13:23:48
DM-07-04-15-01,custom_60d,102.524,132.344,-22.53,-29.82,green,4133.71,5205.08,-20.58,-1071.37,green,7.0,31.0,2026-10-01,2026-10-07,2026-10-08 13:23:48
DM-07-04-15-02,custom_60d,84.633,87.028,-2.75,-2.4,green,3404.17,3645.45,-6.62,-241.28,green,7.0,31.0,2026-10-01,2026-10-07,2026-10-08 13:23:48
DM-07-04-16-01,custom_60d,98.806,80.425,22.85,18.38,red,3769.76,3381.91,11.47,387.85,yellow,7.0,31.0,2026-10-01,2026-10-07,2026-10-08 13:23:48
DM-07-04-16-02,custom_60d,53.446,48.149,11.0,5.3,yellow,2168.57,2066.15,4.96,102.42,green,7.0,31.0,2026-10-01,2026-10-07,2026-10-08 13:23:48
DM-07-04-16-04,custom_60d,11.907,3.104,283.6,8.8,red,205.57,30.19,580.92,175.38,red,7.0,31.0,2026-10-01,2026-10-07,2026-10-08 13:23:48
DM-07-04-16-05,custom_60d,4.411,26.931,-83.62,-22.52,green,335.72,1128.65,-70.25,-792.93,green,7.0,31.0,2026-10-01,2026-10-07,2026-10-08 13:23:48
DM-07-04-18-01,custom_60d,500.0,500.0,0.0,0.0,green,11975.84,11998.94,-0.19,-23.1,green,7.0,31.0,2026-10-01,2026-10-07,2026-10-08 13:23:48
DM-07-04-19-01,custom_60d,94.437,119.331,-20.86,-24.89,green,4170.49,4457.45,-6.44,-286.96,green,7.0,31.0,2026-10-01,2026-10-07,2026-10-08 13:23:48
DM-07-04-20-01,custom_60d,26.051,28.294,-7.93,-2.24,green,1043.38,1061.59,-1.72,-18.21,green,7.0,31.0,2026-10-01,2026-10-07,2026-10-08 13:23:48
DM-07-04-21-01,custom_60d,36.045,36.715,-1.82,-0.67,green,1612.3,1606.78,0.34,5.52,green,7.0,31.0,2026-10-01,2026-10-07,2026-10-08 13:23:48
DM-07-04-22-01,custom_60d,66.918,75.788,-11.7,-8.87,green,2448.09,2695.79,-9.19,-247.7,green,7.0,31.0,2026-10-01,2026-10-07,2026-10-08 13:23:48
DM-07-04-22-02,custom_60d,91.786,96.811,-5.19,-5.03,green,3729.33,3727.86,0.04,1.47,green,7.0,31.0,2026-10-01,2026-10-07,2026-10-08 13:23:48
DM-07-04-23-01,custom_60d,131.829,124.462,5.92,7.37,yellow,4708.59,4509.08,4.42,199.51,green,7.0,31.0,2026-10-01,2026-10-07,2026-10-08 13:23:48
DM-07-05-01-01,custom_60d,221.293,202.604,9.22,18.69,yellow,7306.01,6761.01,8.06,545.0,yellow,7.0,31.0,2026-10-01,2026-10-07,2026-10-08 13:23:48
DM-07-05-02-01,custom_60d,500.0,101.766,391.32,398.23,red,11406.49,5105.52,123.41,6300.97,red,7.0,31.0,2026-10-01,2026-10-07,2026-10-08 13:23:48
DM-07-05-02-02,custom_60d,14.414,12.912,11.63,1.5,yellow,413.53,508.55,-18.68,-95.02,green,7.0,31.0,2026-10-01,2026-10-07,2026-10-08 13:23:48
DM-07-05-02-03,custom_60d,29.762,30.722,-3.12,-0.96,green,958.21,994.62,-3.66,-36.41,green,7.0,31.0,2026-10-01,2026-10-07,2026-10-08 13:23:48
DM-07-05-03-01,custom_60d,38.796,35.172,10.3,3.62,yellow,2089.78,2198.15,-4.93,-108.37,green,7.0,31.0,2026-10-01,2026-10-07,2026-10-08 13:23:48
DM-07-05-03-02,custom_60d,150.384,164.429,-8.54,-14.05,green,5021.33,5344.22,-6.04,-322.89,green,7.0,31.0,2026-10-01,2026-10-07,2026-10-08 13:23:48
DM-07-05-04-01,custom_60d,105.327,58.039,81.48,47.29,red,3694.9,2165.89,70.59,1529.01,red,7.0,31.0,2026-10-01,2026-10-07,2026-10-08 13:23:48
DM-07-05-04-02,custom_60d,131.475,129.665,1.4,1.81,green,4555.86,4245.38,7.31,310.48,yellow,7.0,31.0,2026-10-01,2026-10-07,2026-10-08 13:23:48
DM-07-05-04-03,custom_60d,412.045,199.644,106.39,212.4,red,9866.78,5335.57,84.92,4531.21,red,7.0,31.0,2026-10-01,2026-10-07,2026-10-08 13:23:48
DM-07-05-05-01,custom_60d,0.152,0.16,-5.0,-0.01,green,26.56,28.24,-5.95,-1.68,green,7.0,31.0,2026-10-01,2026-10-07,2026-10-08 13:23:48
DM-07-05-05-02,custom_60d,141.805,149.978,-5.45,-8.17,green,5296.88,5354.04,-1.07,-57.16,green,7.0,31.0,2026-10-01,2026-10-07,2026-10-08 13:23:48
DM-07-05-06-01,custom_60d,80.6,58.658,37.41,21.94,red,3037.12,2403.14,26.38,633.98,red,7.0,31.0,2026-10-01,2026-10-07,2026-10-08 13:23:48
DM-07-05-06-02,custom_60d,45.976,61.161,-24.83,-15.19,green,1751.89,2275.69,-23.02,-523.8,green,7.0,31.0,2026-10-01,2026-10-07,2026-10-08 13:23:48
DM-07-05-07-01,custom_60d,128.653,108.849,18.19,19.8,yellow,5459.28,4810.95,13.48,648.33,yellow,7.0,31.0,2026-10-01,2026-10-07,2026-10-08 13:23:48
DM-07-05-08-01,custom_60d,286.809,303.373,-5.46,-16.56,green,8268.64,8861.88,-6.69,-593.24,green,7.0,31.0,2026-10-01,2026-10-07,2026-10-08 13:23:48
DM-07-05-09-01,custom_60d,116.387,122.422,-4.93,-6.03,green,3043.29,3090.07,-1.51,-46.78,green,7.0,31.0,2026-10-01,2026-10-07,2026-10-08 13:23:48
DM-07-05-09-02,custom_60d,256.856,79.855,221.65,177.0,red,6163.04,3920.24,57.21,2242.8,red,7.0,31.0,2026-10-01,2026-10-07,2026-10-08 13:23:48
DM-07-05-10-02,custom_60d,58.262,64.885,-10.21,-6.62,green,1982.51,2271.29,-12.71,-288.78,green,7.0,31.0,2026-10-01,2026-10-07,2026-10-08 13:23:48
DM-07-05-10-03,custom_60d,0.0,0.0,,,gray,0.0,0.03,-100.0,-0.03,green,7.0,31.0,2026-10-01,2026-10-07,2026-10-08 13:23:48
DM-07-05-11-01,custom_60d,113.799,117.553,-3.19,-3.75,green,4445.78,4544.31,-2.17,-98.53,green,7.0,31.0,2026-10-01,2026-10-07,2026-10-08 13:23:48
DM-07-05-11-02,custom_60d,65.364,65.765,-0.61,-0.4,green,2734.11,2780.07,-1.65,-45.96,green,7.0,31.0,2026-10-01,2026-10-07,2026-10-08 13:23:48
DM-07-05-11-03,custom_60d,92.037,134.153,-31.39,-42.12,green,3058.57,4429.7,-30.95,-1371.13,green,7.0,31.0,2026-10-01,2026-10-07,2026-10-08 13:23:48
DM-07-05-11-04,custom_60d,182.109,115.885,57.15,66.22,red,6282.07,3875.0,62.12,2407.07,red,7.0,31.0,2026-10-01,2026-10-07,2026-10-08 13:23:48
DM-07-05-12-01,custom_60d,86.744,89.934,-3.55,-3.19,green,3277.04,3274.55,0.08,2.49,green,7.0,31.0,2026-10-01,2026-10-07,2026-10-08 13:23:48
DM-07-05-12-02,custom_60d,0.099,0.105,-5.71,-0.01,green,2.9,2.09,38.76,0.81,red,7.0,31.0,2026-10-01,2026-10-07,2026-10-08 13:23:48
DM-07-05-12-03,custom_60d,30.608,38.463,-20.42,-7.86,green,2026.14,2520.68,-19.62,-494.54,green,7.0,31.0,2026-10-01,2026-10-07,2026-10-08 13:23:48
DM-07-05-12-04,custom_60d,64.291,72.29,-11.07,-8.0,green,2438.86,2846.77,-14.33,-407.91,green,7.0,31.0,2026-10-01,2026-10-07,2026-10-08 13:23:48
DM-07-05-13-01,custom_60d,30.871,31.202,-1.06,-0.33,green,1114.29,1118.33,-0.36,-4.04,green,7.0,31.0,2026-10-01,2026-10-07,2026-10-08 13:23:48
DM-07-05-13-02,custom_60d,40.319,45.242,-10.88,-4.92,green,1833.4,1851.05,-0.95,-17.65,green,7.0,31.0,2026-10-01,2026-10-07,2026-10-08 13:23:48
DM-07-05-13-03,custom_60d,7.315,8.306,-11.93,-0.99,green,405.56,423.72,-4.29,-18.16,green,7.0,31.0,2026-10-01,2026-10-07,2026-10-08 13:23:48
DM-07-05-14-01,custom_60d,0.012,1.008,-98.81,-1.0,green,12.99,62.77,-79.31,-49.78,green,7.0,31.0,2026-10-01,2026-10-07,2026-10-08 13:23:48
DM-07-05-15-01,custom_60d,6.84,61.002,-88.79,-54.16,green,107.71,2382.96,-95.48,-2275.25,green,7.0,31.0,2026-10-01,2026-10-07,2026-10-08 13:23:48
DM-07-06-01-01,custom_60d,36.64,34.561,6.02,2.08,yellow,1163.66,1185.01,-1.8,-21.35,green,7.0,31.0,2026-10-01,2026-10-07,2026-10-08 13:23:48
DM-07-06-01-02,custom_60d,13.958,6.836,104.18,7.12,red,621.52,558.89,11.21,62.63,yellow,7.0,31.0,2026-10-01,2026-10-07,2026-10-08 13:23:48
DM-07-06-01-03,custom_60d,86.675,75.435,14.9,11.24,yellow,4041.07,3668.58,10.15,372.49,yellow,7.0,31.0,2026-10-01,2026-10-07,2026-10-08 13:23:48
DM-07-06-02-02,custom_60d,70.975,64.226,10.51,6.75,yellow,2860.74,2697.39,6.06,163.35,yellow,7.0,31.0,2026-10-01,2026-10-07,2026-10-08 13:23:48
DM-07-06-02-03,custom_60d,0.05,0.05,0.0,0.0,green,3.81,1.2,217.5,2.61,red,7.0,31.0,2026-10-01,2026-10-07,2026-10-08 13:23:48
DM-07-06-02-04,custom_60d,127.987,45.7,180.06,82.29,red,5117.44,2463.24,107.75,2654.2,red,7.0,31.0,2026-10-01,2026-10-07,2026-10-08 13:23:48
DM-07-06-02-05,custom_60d,4.962,4.5,10.27,0.46,yellow,522.3,543.04,-3.82,-20.74,green,7.0,31.0,2026-10-01,2026-10-07,2026-10-08 13:23:48
DM-07-06-02-06,custom_60d,,,,,gray,952.55,1082.4,-12.0,-129.85,green,7.0,31.0,2026-10-01,2026-10-07,2026-10-08 13:23:48
DM-07-06-02-07,custom_60d,17.556,57.355,-69.39,-39.8,green,1591.43,4209.63,-62.2,-2618.2,green,7.0,31.0,2026-10-01,2026-10-07,2026-10-08 13:23:48
DM-07-06-02-08,custom_60d,29.032,8.541,239.91,20.49,red,917.6,317.63,188.89,599.97,red,7.0,31.0,2026-10-01,2026-10-07,2026-10-08 13:23:48
DM-07-06-03-01,custom_60d,114.313,117.187,-2.45,-2.87,green,5857.77,5692.1,2.91,165.67,green,7.0,31.0,2026-10-01,2026-10-07,2026-10-08 13:23:48
DM-07-06-03-02,custom_60d,23.029,23.432,-1.72,-0.4,green,1645.03,1431.76,14.9,213.27,yellow,7.0,31.0,2026-10-01,2026-10-07,2026-10-08 13:23:48
DM-07-06-03-03,custom_60d,0.0,0.0,,,gray,0.0,0.0,,,gray,7.0,31.0,2026-10-01,2026-10-07,2026-10-08 13:23:48
DM-07-06-03-04,custom_60d,138.369,140.472,-1.5,-2.1,green,3990.99,4003.97,-0.32,-12.98,green,7.0,31.0,2026-10-01,2026-10-07,2026-10-08 13:23:48
DM-07-06-03-05,custom_60d,1.483,1.486,-0.2,-0.0,green,44.35,49.96,-11.23,-5.61,green,7.0,31.0,2026-10-01,2026-10-07,2026-10-08 13:23:48
DM-07-06-04-01,custom_60d,0.071,0.071,0.0,0.0,green,4.75,4.95,-4.04,-0.2,green,7.0,31.0,2026-10-01,2026-10-07,2026-10-08 13:23:48
DM-07-06-04-03,custom_60d,64.731,69.706,-7.14,-4.98,green,2786.52,3227.33,-13.66,-440.81,green,7.0,31.0,2026-10-01,2026-10-07,2026-10-08 13:23:48
DM-07-06-05-02,custom_60d,66.389,65.33,1.62,1.06,green,2882.04,2426.45,18.78,455.59,yellow,7.0,31.0,2026-10-01,2026-10-07,2026-10-08 13:23:48
DM-07-06-07-01,custom_60d,75.499,96.275,-21.58,-20.78,green,3600.18,4393.68,-18.06,-793.5,green,7.0,31.0,2026-10-01,2026-10-07,2026-10-08 13:23:48
DM-07-06-08-01,custom_60d,17.942,17.504,2.5,0.44,green,1175.55,1167.81,0.66,7.74,green,7.0,31.0,2026-10-01,2026-10-07,2026-10-08 13:23:48
DM-07-06-09-01,custom_60d,80.908,75.483,7.19,5.42,yellow,2881.55,2863.24,0.64,18.31,green,7.0,31.0,2026-10-01,2026-10-07,2026-10-08 13:23:48
DM-07-06-10-01,custom_60d,40.68,40.041,1.6,0.64,green,1778.56,1788.79,-0.57,-10.23,green,7.0,31.0,2026-10-01,2026-10-07,2026-10-08 13:23:48
DM-07-06-11-01,custom_60d,41.738,53.4,-21.84,-11.66,green,2550.29,2651.52,-3.82,-101.23,green,7.0,31.0,2026-10-01,2026-10-07,2026-10-08 13:23:48
DM-07-07-01-01,custom_60d,156.274,140.054,11.58,16.22,yellow,5847.31,5267.25,11.01,580.06,yellow,7.0,31.0,2026-10-01,2026-10-07,2026-10-08 13:23:48
DM-07-07-02-01,custom_60d,130.277,112.581,15.72,17.7,yellow,5488.47,5041.24,8.87,447.23,yellow,7.0,31.0,2026-10-01,2026-10-07,2026-10-08 13:23:48
DM-07-07-02-03,custom_60d,,,,,gray,0.12,0.0,,,gray,7.0,31.0,2026-10-01,2026-10-07,2026-10-08 13:23:48
DM-07-07-02-04,custom_60d,0.05,0.05,0.0,0.0,green,3.91,1.2,225.83,2.71,red,7.0,31.0,2026-10-01,2026-10-07,2026-10-08 13:23:48
DM-07-07-03-01,custom_60d,55.744,53.751,3.71,1.99,green,2865.78,2884.57,-0.65,-18.79,green,7.0,31.0,2026-10-01,2026-10-07,2026-10-08 13:23:48
DM-07-07-04-01,custom_60d,64.451,64.687,-0.36,-0.24,green,2720.2,2777.78,-2.07,-57.58,green,7.0,31.0,2026-10-01,2026-10-07,2026-10-08 13:23:48
DM-07-07-04-02,custom_60d,107.955,91.438,18.06,16.52,yellow,4473.74,3999.58,11.86,474.16,yellow,7.0,31.0,2026-10-01,2026-10-07,2026-10-08 13:23:48
DM-07-07-05-01,custom_60d,154.657,159.139,-2.82,-4.48,green,5844.66,5996.36,-2.53,-151.7,green,7.0,31.0,2026-10-01,2026-10-07,2026-10-08 13:23:48
DM-07-07-05-02,custom_60d,38.472,38.064,1.07,0.41,green,1981.78,1798.35,10.2,183.43,yellow,7.0,31.0,2026-10-01,2026-10-07,2026-10-08 13:23:48
DM-07-07-06-01,custom_60d,180.559,106.823,69.03,73.74,red,6821.32,3253.71,109.65,3567.61,red,7.0,31.0,2026-10-01,2026-10-07,2026-10-08 13:23:48
DM-07-07-06-02,custom_60d,57.948,49.55,16.95,8.4,yellow,3084.1,2743.72,12.41,340.38,yellow,7.0,31.0,2026-10-01,2026-10-07,2026-10-08 13:23:48
DM-07-07-06-03,custom_60d,0.0,0.0,,,gray,0.0,0.0,,,gray,7.0,31.0,2026-10-01,2026-10-07,2026-10-08 13:23:48
DM-07-07-07-01,custom_60d,53.559,67.032,-20.1,-13.47,green,2240.31,2551.7,-12.2,-311.39,green,7.0,31.0,2026-10-01,2026-10-07,2026-10-08 13:23:48
DM-07-07-07-02,custom_60d,81.282,73.453,10.66,7.83,yellow,3893.68,3459.93,12.54,433.75,yellow,7.0,31.0,2026-10-01,2026-10-07,2026-10-08 13:23:48
DM-07-07-07-03,custom_60d,23.499,23.453,0.2,0.05,green,1080.1,1232.58,-12.37,-152.48,green,7.0,31.0,2026-10-01,2026-10-07,2026-10-08 13:23:48
DM-07-07-08-01,custom_60d,36.201,32.773,10.46,3.43,yellow,1507.08,1415.21,6.49,91.87,yellow,7.0,31.0,2026-10-01,2026-10-07,2026-10-08 13:23:48
DM-07-07-09-01,custom_60d,37.123,29.037,27.85,8.09,red,1232.39,1117.02,10.33,115.37,yellow,7.0,31.0,2026-10-01,2026-10-07,2026-10-08 13:23:48
DM-07-07-10-01,custom_60d,29.357,3.617,711.64,25.74,red,1166.64,131.76,785.43,1034.88,red,7.0,31.0,2026-10-01,2026-10-07,2026-10-08 13:23:48
DM-07-07-11-01,custom_60d,10.877,8.492,28.09,2.38,red,606.65,450.57,34.64,156.08,red,7.0,31.0,2026-10-01,2026-10-07,2026-10-08 13:23:48
DM-11-03-01-01,custom_60d,87.812,110.769,-20.73,-22.96,green,2995.46,2880.85,3.98,114.61,green,7.0,31.0,2026-10-01,2026-10-07,2026-10-08 13:23:48
DM-11-03-01-02,custom_60d,52.43,53.239,-1.52,-0.81,green,1747.98,1826.67,-4.31,-78.69,green,7.0,31.0,2026-10-01,2026-10-07,2026-10-08 13:23:48
DM-11-03-03-01,custom_60d,123.245,118.414,4.08,4.83,green,4269.3,4218.69,1.2,50.61,green,7.0,31.0,2026-10-01,2026-10-07,2026-10-08 13:23:48
DM-11-03-05-01,custom_60d,58.55,65.996,-11.28,-7.45,green,2657.42,2767.59,-3.98,-110.17,green,7.0,31.0,2026-10-01,2026-10-07,2026-10-08 13:23:48
DM-11-03-06-01,custom_60d,141.032,120.995,16.56,20.04,yellow,4097.5,4340.02,-5.59,-242.52,green,7.0,31.0,2026-10-01,2026-10-07,2026-10-08 13:23:48
DM-11-03-10-02,custom_60d,25.786,26.178,-1.5,-0.39,green,937.02,891.19,5.14,45.83,yellow,7.0,31.0,2026-10-01,2026-10-07,2026-10-08 13:23:48
DM-11-03-32-01,custom_60d,289.545,155.794,85.85,133.75,red,5995.67,5428.62,10.45,567.05,yellow,7.0,31.0,2026-10-01,2026-10-07,2026-10-08 13:23:48
DM-11-03-32-02,custom_60d,2.678,1.389,92.8,1.29,red,75.97,39.49,92.38,36.48,red,7.0,31.0,2026-10-01,2026-10-07,2026-10-08 13:23:48
DM-11-03-33-01,custom_60d,186.748,186.193,0.3,0.55,green,6385.81,6427.69,-0.65,-41.88,green,7.0,31.0,2026-10-01,2026-10-07,2026-10-08 13:23:48
DM-11-03-34-01,custom_60d,114.185,113.31,0.77,0.88,green,4487.53,4529.78,-0.93,-42.25,green,7.0,31.0,2026-10-01,2026-10-07,2026-10-08 13:23:48
DM-11-03-34-02,custom_60d,0.0,0.0,,,gray,0.0,0.0,,,gray,7.0,31.0,2026-10-01,2026-10-07,2026-10-08 13:23:48
DM-11-03-39-01,custom_60d,185.59,181.782,2.09,3.81,green,6485.82,6557.2,-1.09,-71.38,green,7.0,31.0,2026-10-01,2026-10-07,2026-10-08 13:23:48
DM-11-03-40-01,custom_60d,130.588,128.132,1.92,2.46,green,4421.07,4247.13,4.1,173.94,green,7.0,31.0,2026-10-01,2026-10-07,2026-10-08 13:23:48
DM-11-03-40-02,custom_60d,83.656,61.064,37.0,22.59,red,2995.31,2444.22,22.55,551.09,red,7.0,31.0,2026-10-01,2026-10-07,2026-10-08 13:23:48
DM-11-03-41-01,custom_60d,119.784,,,,gray,4461.6,5102.83,-12.57,-641.23,green,7.0,31.0,2026-10-01,2026-10-07,2026-10-08 13:23:48
DM-11-03-43-01,custom_60d,85.16,104.255,-18.32,-19.09,green,3049.74,3628.25,-15.94,-578.51,green,7.0,31.0,2026-10-01,2026-10-07,2026-10-08 13:23:48
DM-11-03-43-02,custom_60d,107.902,112.529,-4.11,-4.63,green,3920.04,4027.36,-2.66,-107.32,green,7.0,31.0,2026-10-01,2026-10-07,2026-10-08 13:23:48
DM-11-05-26-01,custom_60d,128.484,108.817,18.07,19.67,yellow,6033.83,5431.97,11.08,601.86,yellow,7.0,31.0,2026-10-01,2026-10-07,2026-10-08 13:23:48
DM-11-05-27-01,custom_60d,,,,,gray,4802.64,4993.1,-3.81,-190.46,green,7.0,31.0,2026-10-01,2026-10-07,2026-10-08 13:23:48
DM-11-05-27-02,custom_60d,0.971,4.009,-75.78,-3.04,green,94.97,537.08,-82.32,-442.11,green,7.0,31.0,2026-10-01,2026-10-07,2026-10-08 13:23:48
DM-11-05-27-03,custom_60d,0.0,0.0,,,gray,0.0,0.0,,,gray,7.0,31.0,2026-10-01,2026-10-07,2026-10-08 13:23:48
DM-11-05-28-01,custom_60d,0.0,70.616,-100.0,-70.62,green,4.63,4264.94,-99.89,-4260.31,green,7.0,31.0,2026-10-01,2026-10-07,2026-10-08 13:23:48
DM-11-05-28-02,custom_60d,6.252,0.149,4095.97,6.1,red,134.72,5.0,2594.4,129.72,red,7.0,31.0,2026-10-01,2026-10-07,2026-10-08 13:23:48
DM-11-05-29-01,custom_60d,64.77,,,,gray,2453.28,2994.29,-18.07,-541.01,green,7.0,31.0,2026-10-01,2026-10-07,2026-10-08 13:23:48
DM-11-05-30-01,custom_60d,41.23,45.15,-8.68,-3.92,green,2303.08,2509.49,-8.23,-206.41,green,7.0,31.0,2026-10-01,2026-10-07,2026-10-08 13:23:48
DM-11-05-30-02,custom_60d,28.745,,,,gray,1640.93,1816.87,-9.68,-175.94,green,7.0,31.0,2026-10-01,2026-10-07,2026-10-08 13:23:48
DM-11-05-31-01,custom_60d,133.088,,,,gray,4552.13,3868.2,17.68,683.93,yellow,7.0,31.0,2026-10-01,2026-10-07,2026-10-08 13:23:48
DM-11-06-06-02,custom_60d,80.043,80.68,-0.79,-0.64,green,3067.58,3072.39,-0.16,-4.81,green,7.0,31.0,2026-10-01,2026-10-07,2026-10-08 13:23:48
DM-11-06-06-03,custom_60d,21.408,15.423,38.81,5.99,red,825.92,627.65,31.59,198.27,red,7.0,31.0,2026-10-01,2026-10-07,2026-10-08 13:23:48
DM-11-06-09-01,custom_60d,158.968,382.81,-58.47,-223.84,green,6773.42,7890.76,-14.16,-1117.34,green,7.0,31.0,2026-10-01,2026-10-07,2026-10-08 13:23:48
DM-11-06-09-02,custom_60d,162.126,,,,gray,6307.18,6808.17,-7.36,-500.99,green,7.0,31.0,2026-10-01,2026-10-07,2026-10-08 13:23:48
DM-11-06-09-04,custom_60d,79.072,69.933,13.07,9.14,yellow,3119.94,2626.24,18.8,493.7,yellow,7.0,31.0,2026-10-01,2026-10-07,2026-10-08 13:23:48
DM-11-06-10-01,custom_60d,98.769,104.717,-5.68,-5.95,green,4319.81,4533.41,-4.71,-213.6,green,7.0,31.0,2026-10-01,2026-10-07,2026-10-08 13:23:48
DM-11-06-11-02,custom_60d,0.009,0.0,,,gray,0.2,0.0,,,gray,7.0,31.0,2026-10-01,2026-10-07,2026-10-08 13:23:48
DM-11-06-15-01,custom_60d,178.226,,,,gray,7613.58,8096.87,-5.97,-483.29,green,7.0,31.0,2026-10-01,2026-10-07,2026-10-08 13:23:48
DM-11-06-17-01,custom_60d,95.079,103.998,-8.58,-8.92,green,3826.82,4236.39,-9.67,-409.57,green,7.0,31.0,2026-10-01,2026-10-07,2026-10-08 13:23:48
DM-11-06-18-01,custom_60d,61.711,,,,gray,2486.5,2499.62,-0.52,-13.12,green,7.0,31.0,2026-10-01,2026-10-07,2026-10-08 13:23:48
DM-11-06-18-02,custom_60d,72.4,8.469,754.88,63.93,red,2806.5,286.1,880.95,2520.4,red,7.0,31.0,2026-10-01,2026-10-07,2026-10-08 13:23:48
DM-11-06-19-01,custom_60d,43.157,46.244,-6.68,-3.09,green,1894.37,1990.57,-4.83,-96.2,green,7.0,31.0,2026-10-01,2026-10-07,2026-10-08 13:23:48
DM-11-06-19-02,custom_60d,117.719,,,,gray,4737.37,4821.29,-1.74,-83.92,green,7.0,31.0,2026-10-01,2026-10-07,2026-10-08 13:23:48
DM-11-06-24-01,custom_60d,92.854,59.808,55.25,33.05,red,2741.57,1430.49,91.65,1311.08,red,7.0,31.0,2026-10-01,2026-10-07,2026-10-08 13:23:48
DM-11-06-24-02,custom_60d,221.229,241.011,-8.21,-19.78,green,6838.67,7289.94,-6.19,-451.27,green,7.0,31.0,2026-10-01,2026-10-07,2026-10-08 13:23:48
DM-11-06-25-01,custom_60d,244.166,,,,gray,10385.71,10346.12,0.38,39.59,green,7.0,31.0,2026-10-01,2026-10-07,2026-10-08 13:23:48
DM-11-07-47-01,custom_60d,120.041,93.635,28.2,26.41,red,5402.73,5316.59,1.62,86.14,green,7.0,31.0,2026-10-01,2026-10-07,2026-10-08 13:23:48
DM-11-07-47-02,custom_60d,79.61,76.863,3.57,2.75,green,3822.83,3838.63,-0.41,-15.8,green,7.0,31.0,2026-10-01,2026-10-07,2026-10-08 13:23:48
DM-11-07-48-01,custom_60d,34.168,31.906,7.09,2.26,yellow,1525.55,1443.67,5.67,81.88,yellow,7.0,31.0,2026-10-01,2026-10-07,2026-10-08 13:23:48
DM-11-07-49-02,custom_60d,41.149,34.921,17.83,6.23,yellow,1624.44,1578.64,2.9,45.8,green,7.0,31.0,2026-10-01,2026-10-07,2026-10-08 13:23:48
DM-11-07-50-01,custom_60d,140.427,281.013,-50.03,-140.59,green,5788.34,5895.16,-1.81,-106.82,green,7.0,31.0,2026-10-01,2026-10-07,2026-10-08 13:23:48
DM-11-07-51-01,custom_60d,239.135,189.692,26.06,49.44,red,8817.73,7224.77,22.05,1592.96,red,7.0,31.0,2026-10-01,2026-10-07,2026-10-08 13:23:48
DM-11-07-52-01,custom_60d,120.982,303.339,-60.12,-182.36,green,5779.0,5687.48,1.61,91.52,green,7.0,31.0,2026-10-01,2026-10-07,2026-10-08 13:23:48
DM-11-07-52-02,custom_60d,,,,,gray,2733.35,2949.49,-7.33,-216.14,green,7.0,31.0,2026-10-01,2026-10-07,2026-10-08 13:23:48
DM-11-07-53-02,custom_60d,0.0,0.0,,,gray,0.0,0.0,,,gray,7.0,31.0,2026-10-01,2026-10-07,2026-10-08 13:23:48
DM-11-07-53-03,custom_60d,158.21,,,,gray,7098.62,7222.18,-1.71,-123.56,green,7.0,31.0,2026-10-01,2026-10-07,2026-10-08 13:23:48
DM-11-07-53-05,custom_60d,92.988,85.285,9.03,7.7,yellow,3975.42,3828.11,3.85,147.31,green,7.0,31.0,2026-10-01,2026-10-07,2026-10-08 13:23:48
DM-11-07-54-01,custom_60d,30.929,32.071,-3.56,-1.14,green,1490.6,1362.16,9.43,128.44,yellow,7.0,31.0,2026-10-01,2026-10-07,2026-10-08 13:23:48
DM-11-07-54-02,custom_60d,150.717,83.786,79.88,66.93,red,4291.88,4445.45,-3.45,-153.57,green,7.0,31.0,2026-10-01,2026-10-07,2026-10-08 13:23:48
DM-11-07-55-01,custom_60d,91.382,9.337,878.71,82.05,red,4068.1,1023.17,297.6,3044.93,red,7.0,31.0,2026-10-01,2026-10-07,2026-10-08 13:23:48
DM-11-07-56-01,custom_60d,86.154,133.157,-35.3,-47.0,green,3888.41,3798.01,2.38,90.4,green,7.0,31.0,2026-10-01,2026-10-07,2026-10-08 13:23:48
DM-11-07-56-02,custom_60d,0.0,0.0,,,gray,0.0,0.0,,,gray,7.0,31.0,2026-10-01,2026-10-07,2026-10-08 13:23:48
DM-11-07-57-01,custom_60d,50.037,59.773,-16.29,-9.74,green,2627.44,2929.67,-10.32,-302.23,green,7.0,31.0,2026-10-01,2026-10-07,2026-10-08 13:23:48
DM-11-07-57-02,custom_60d,77.376,,,,gray,1853.33,1606.88,15.34,246.45,yellow,7.0,31.0,2026-10-01,2026-10-07,2026-10-08 13:23:48
DM-11-08-07-01,custom_60d,0.0,0.0,,,gray,0.64,0.0,,,gray,7.0,31.0,2026-10-01,2026-10-07,2026-10-08 13:23:48
DM-11-08-07-02,custom_60d,,,,,gray,12694.92,11215.91,13.19,1479.01,yellow,7.0,31.0,2026-10-01,2026-10-07,2026-10-08 13:23:48
DM-11-08-08-02,custom_60d,17.799,,,,gray,1066.56,1134.92,-6.02,-68.36,green,7.0,31.0,2026-10-01,2026-10-07,2026-10-08 13:23:48
DM-11-08-08-03,custom_60d,36.76,104.322,-64.76,-67.56,green,1778.49,4581.22,-61.18,-2802.73,green,7.0,31.0,2026-10-01,2026-10-07,2026-10-08 13:23:48
DM-11-08-12-01,custom_60d,53.336,0.0,,,gray,2084.85,0.0,,,gray,7.0,31.0,2026-10-01,2026-10-07,2026-10-08 13:23:48
DM-11-08-12-02,custom_60d,107.025,,,,gray,4193.54,3929.61,6.72,263.93,yellow,7.0,31.0,2026-10-01,2026-10-07,2026-10-08 13:23:48
DM-11-08-13-01,custom_60d,25.433,4.697,441.47,20.74,red,1216.46,288.26,322.0,928.2,red,7.0,31.0,2026-10-01,2026-10-07,2026-10-08 13:23:48
DM-11-08-13-02,custom_60d,47.954,46.441,3.26,1.51,green,2064.69,2501.88,-17.47,-437.19,green,7.0,31.0,2026-10-01,2026-10-07,2026-10-08 13:23:48
DM-11-08-14-01,custom_60d,187.389,,,,gray,7849.07,7928.91,-1.01,-79.84,green,7.0,31.0,2026-10-01,2026-10-07,2026-10-08 13:23:48
DM-11-08-16-01,custom_60d,130.59,130.872,-0.22,-0.28,green,6571.08,6729.46,-2.35,-158.38,green,7.0,31.0,2026-10-01,2026-10-07,2026-10-08 13:23:48
DM-11-08-20-01,custom_60d,102.516,91.756,11.73,10.76,yellow,4697.65,4402.38,6.71,295.27,yellow,7.0,31.0,2026-10-01,2026-10-07,2026-10-08 13:23:48
DM-11-08-21-01,custom_60d,174.407,24.121,623.05,150.29,red,6185.24,969.65,537.88,5215.59,red,7.0,31.0,2026-10-01,2026-10-07,2026-10-08 13:23:48
DM-11-08-22-01,custom_60d,89.249,,,,gray,4350.8,4446.06,-2.14,-95.26,green,7.0,31.0,2026-10-01,2026-10-07,2026-10-08 13:23:48
DM-11-08-23-01,custom_60d,44.883,45.533,-1.43,-0.65,green,2137.97,2161.67,-1.1,-23.7,green,7.0,31.0,2026-10-01,2026-10-07,2026-10-08 13:23:48
DM-11-10-58-01,custom_60d,60.511,101.25,-40.24,-40.74,green,2938.92,2808.0,4.66,130.92,green,7.0,31.0,2026-10-01,2026-10-07,2026-10-08 13:23:48
DM-11-10-58-02,custom_60d,129.229,112.891,14.47,16.34,yellow,4663.71,4240.47,9.98,423.24,yellow,7.0,31.0,2026-10-01,2026-10-07,2026-10-08 13:23:48
DM-11-10-59-01,custom_60d,100.765,75.875,32.8,24.89,red,4166.12,3755.62,10.93,410.5,yellow,7.0,31.0,2026-10-01,2026-10-07,2026-10-08 13:23:48
DM-11-10-60-01,custom_60d,57.464,57.509,-0.08,-0.05,green,2526.64,2864.68,-11.8,-338.04,green,7.0,31.0,2026-10-01,2026-10-07,2026-10-08 13:23:48
DM-11-10-61-01,custom_60d,68.478,55.284,23.87,13.19,red,2464.78,2479.76,-0.6,-14.98,green,7.0,31.0,2026-10-01,2026-10-07,2026-10-08 13:23:48
DM-11-10-62-01,custom_60d,135.692,122.026,11.2,13.67,yellow,5349.54,5274.99,1.41,74.55,green,7.0,31.0,2026-10-01,2026-10-07,2026-10-08 13:23:48
DM-11-10-62-02,custom_60d,0.0,0.0,,,gray,0.0,0.0,,,gray,7.0,31.0,2026-10-01,2026-10-07,2026-10-08 13:23:48
DM-11-10-63-01,custom_60d,105.809,116.966,-9.54,-11.16,green,4887.97,5197.87,-5.96,-309.9,green,7.0,31.0,2026-10-01,2026-10-07,2026-10-08 13:23:48
DM-11-10-64-01,custom_60d,29.215,92.078,-68.27,-62.86,green,1543.76,2021.54,-23.63,-477.78,green,7.0,31.0,2026-10-01,2026-10-07,2026-10-08 13:23:48
DM-11-10-65-01,custom_60d,124.012,129.145,-3.97,-5.13,green,5150.36,5469.23,-5.83,-318.87,green,7.0,31.0,2026-10-01,2026-10-07,2026-10-08 13:23:48
DM-11-10-65-02,custom_60d,10.868,14.002,-22.38,-3.13,green,441.6,556.82,-20.69,-115.22,green,7.0,31.0,2026-10-01,2026-10-07,2026-10-08 13:23:48
DM-11-10-66-01,custom_60d,103.851,122.561,-15.27,-18.71,green,4982.62,5559.62,-10.38,-577.0,green,7.0,31.0,2026-10-01,2026-10-07,2026-10-08 13:23:48
DM-11-10-66-02,custom_60d,11.761,13.358,-11.96,-1.6,green,537.12,695.66,-22.79,-158.54,green,7.0,31.0,2026-10-01,2026-10-07,2026-10-08 13:23:48
DM-11-10-67-01,custom_60d,517.774,517.772,0.0,0.0,green,11097.6,12429.3,-10.71,-1331.7,green,7.0,31.0,2026-10-01,2026-10-07,2026-10-08 13:23:48
DM-11-10-67-03,custom_60d,0.0,0.0,,,gray,0.0,0.0,,,gray,7.0,31.0,2026-10-01,2026-10-07,2026-10-08 13:23:48
DM-11-10-68-01,custom_60d,0.0,0.0,,,gray,0.0,0.0,,,gray,7.0,31.0,2026-10-01,2026-10-07,2026-10-08 13:23:48
DM-11-10-68-02,custom_60d,0.0,0.0,,,gray,0.0,0.0,,,gray,7.0,31.0,2026-10-01,2026-10-07,2026-10-08 13:23:48
DM-11-10-68-03,custom_60d,11.177,11.167,0.09,0.01,green,483.32,515.88,-6.31,-32.56,green,7.0,31.0,2026-10-01,2026-10-07,2026-10-08 13:23:48
DM-11-10-68-04,custom_60d,0.0,0.0,,,gray,0.0,0.0,,,gray,7.0,31.0,2026-10-01,2026-10-07,2026-10-08 13:23:48
DM-11-10-69-01,custom_60d,43.718,31.686,37.97,12.03,red,1934.78,1723.21,12.28,211.57,yellow,7.0,31.0,2026-10-01,2026-10-07,2026-10-08 13:23:48
DM-11-10-69-02,custom_60d,101.255,86.89,16.53,14.36,yellow,4115.25,3876.51,6.16,238.74,yellow,7.0,31.0,2026-10-01,2026-10-07,2026-10-08 13:23:48
DM-11-10-70-01,custom_60d,0.0,0.0,,,gray,0.0,0.0,,,gray,7.0,31.0,2026-10-01,2026-10-07,2026-10-08 13:23:48
DM-11-10-70-02,custom_60d,6.676,10.624,-37.16,-3.95,green,494.29,604.86,-18.28,-110.57,green,7.0,31.0,2026-10-01,2026-10-07,2026-10-08 13:23:48
DM-11-10-71-01,custom_60d,66.257,57.857,14.52,8.4,yellow,3054.66,2942.82,3.8,111.84,green,7.0,31.0,2026-10-01,2026-10-07,2026-10-08 13:23:48
DM-11-10-71-02,custom_60d,39.783,,,,gray,1599.31,1467.33,8.99,131.98,yellow,7.0,31.0,2026-10-01,2026-10-07,2026-10-08 13:23:48
DM-11-10-72-01,custom_60d,0.528,0.172,206.98,0.36,red,11.96,4.41,171.2,7.55,red,7.0,31.0,2026-10-01,2026-10-07,2026-10-08 13:23:48
DM-11-10-72-02,custom_60d,13.641,40.021,-65.92,-26.38,green,891.0,1802.78,-50.58,-911.78,green,7.0,31.0,2026-10-01,2026-10-07,2026-10-08 13:23:48
DM-11-10-72-03,custom_60d,43.453,46.962,-7.47,-3.51,green,868.75,1233.44,-29.57,-364.69,green,7.0,31.0,2026-10-01,2026-10-07,2026-10-08 13:23:48
DM-11-10-73-02,custom_60d,10.632,10.089,5.38,0.54,yellow,531.21,497.0,6.88,34.21,yellow,7.0,31.0,2026-10-01,2026-10-07,2026-10-08 13:23:48
DM-11-10-73-03,custom_60d,0.013,0.001,1200.0,0.01,red,0.42,0.03,1300.0,0.39,red,7.0,31.0,2026-10-01,2026-10-07,2026-10-08 13:23:48
DM-11-10-73-04,custom_60d,0.289,0.46,-37.17,-0.17,green,7.42,12.11,-38.73,-4.69,green,7.0,31.0,2026-10-01,2026-10-07,2026-10-08 13:23:48
DM-12-01-01-01,custom_60d,126.119,103.811,21.49,22.31,red,2771.23,3329.52,-16.77,-558.29,green,7.0,31.0,2026-10-01,2026-10-07,2026-10-08 13:23:48
DM-12-01-01-02,custom_60d,99.669,98.043,1.66,1.63,green,3282.02,3698.98,-11.27,-416.96,green,7.0,31.0,2026-10-01,2026-10-07,2026-10-08 13:23:48
DM-12-01-02-01,custom_60d,86.016,86.12,-0.12,-0.1,green,3226.67,3283.91,-1.74,-57.24,green,7.0,31.0,2026-10-01,2026-10-07,2026-10-08 13:23:48
DM-12-01-02-02,custom_60d,0.0,0.0,,,gray,0.0,0.0,,,gray,7.0,31.0,2026-10-01,2026-10-07,2026-10-08 13:23:48
DM-12-01-03-02,custom_60d,47.063,91.655,-48.65,-44.59,green,1902.69,3526.11,-46.04,-1623.42,green,7.0,31.0,2026-10-01,2026-10-07,2026-10-08 13:23:48
DM-12-01-04-01,custom_60d,3.628,7.371,-50.78,-3.74,green,159.71,280.05,-42.97,-120.34,green,7.0,31.0,2026-10-01,2026-10-07,2026-10-08 13:23:48
DM-12-01-04-02,custom_60d,0.0,0.0,,,gray,0.0,0.0,,,gray,7.0,31.0,2026-10-01,2026-10-07,2026-10-08 13:23:48
DM-12-01-05-01,custom_60d,96.718,120.369,-19.65,-23.65,green,3442.34,4777.07,-27.94,-1334.73,green,7.0,31.0,2026-10-01,2026-10-07,2026-10-08 13:23:48
DM-12-01-05-02,custom_60d,0.0,0.0,,,gray,0.0,0.0,,,gray,7.0,31.0,2026-10-01,2026-10-07,2026-10-08 13:23:48
DM-12-01-05-03,custom_60d,5.207,5.183,0.46,0.02,green,115.13,128.95,-10.72,-13.82,green,7.0,31.0,2026-10-01,2026-10-07,2026-10-08 13:23:48
DM-12-01-06-01,custom_60d,71.868,,,,gray,1800.67,1848.71,-2.6,-48.04,green,7.0,31.0,2026-10-01,2026-10-07,2026-10-08 13:23:48
DM-12-01-06-02,custom_60d,0.0,0.0,,,gray,0.0,0.0,,,gray,7.0,31.0,2026-10-01,2026-10-07,2026-10-08 13:23:48
DM-12-01-07-01,custom_60d,63.404,100.45,-36.88,-37.05,green,2487.62,3469.52,-28.3,-981.9,green,7.0,31.0,2026-10-01,2026-10-07,2026-10-08 13:23:48
DM-12-01-08-01,custom_60d,281.58,0.0,,,gray,7476.97,0.0,,,gray,7.0,31.0,2026-10-01,2026-10-07,2026-10-08 13:23:48
DM-12-01-09-01,custom_60d,0.0,0.0,,,gray,0.0,0.0,,,gray,7.0,31.0,2026-10-01,2026-10-07,2026-10-08 13:23:48
DM-12-02-01-01,custom_60d,0.0,0.0,,,gray,0.0,0.0,,,gray,7.0,31.0,2026-10-01,2026-10-07,2026-10-08 13:23:48
DM-12-02-01-02,custom_60d,102.586,,,,gray,3905.39,3611.75,8.13,293.64,yellow,7.0,31.0,2026-10-01,2026-10-07,2026-10-08 13:23:48
DM-12-02-02-01,custom_60d,0.0,0.0,,,gray,0.0,0.0,,,gray,7.0,31.0,2026-10-01,2026-10-07,2026-10-08 13:23:48
DM-12-02-02-02,custom_60d,48.181,46.048,4.63,2.13,green,1905.38,1863.44,2.25,41.94,green,7.0,31.0,2026-10-01,2026-10-07,2026-10-08 13:23:48
DM-12-02-02-03,custom_60d,48.678,43.258,12.53,5.42,yellow,1593.18,1606.26,-0.81,-13.08,green,7.0,31.0,2026-10-01,2026-10-07,2026-10-08 13:23:48
DM-12-02-03-01,custom_60d,108.437,57.054,90.06,51.38,red,3805.58,2166.87,75.63,1638.71,red,7.0,31.0,2026-10-01,2026-10-07,2026-10-08 13:23:48
DM-12-02-04-01,custom_60d,237.191,231.355,2.52,5.84,green,8818.5,8961.61,-1.6,-143.11,green,7.0,31.0,2026-10-01,2026-10-07,2026-10-08 13:23:48
DM-12-02-05-01,custom_60d,0.0,0.0,,,gray,0.0,0.0,,,gray,7.0,31.0,2026-10-01,2026-10-07,2026-10-08 13:23:48
DM-12-02-06-01,custom_60d,130.687,97.268,34.36,33.42,red,4475.11,3999.83,11.88,475.28,yellow,7.0,31.0,2026-10-01,2026-10-07,2026-10-08 13:23:48
DM-12-02-06-02,custom_60d,0.0,0.0,,,gray,0.0,0.0,,,gray,7.0,31.0,2026-10-01,2026-10-07,2026-10-08 13:23:48
DM-12-02-07-01,custom_60d,118.651,,,,gray,4077.55,5713.68,-28.64,-1636.13,green,7.0,31.0,2026-10-01,2026-10-07,2026-10-08 13:23:48
DM-12-02-07-02,custom_60d,108.322,145.614,-25.61,-37.29,green,5182.25,6146.66,-15.69,-964.41,green,7.0,31.0,2026-10-01,2026-10-07,2026-10-08 13:23:48
DM-12-02-08-01,custom_60d,119.942,151.768,-20.97,-31.83,green,4113.73,4502.45,-8.63,-388.72,green,7.0,31.0,2026-10-01,2026-10-07,2026-10-08 13:23:48
DM-12-02-08-02,custom_60d,77.428,78.407,-1.25,-0.98,green,3430.86,3496.97,-1.89,-66.11,green,7.0,31.0,2026-10-01,2026-10-07,2026-10-08 13:23:48
DM-12-03-01-01,custom_60d,102.658,190.953,-46.24,-88.3,green,3906.35,3860.62,1.18,45.73,green,7.0,31.0,2026-10-01,2026-10-07,2026-10-08 13:23:48
DM-12-03-01-02,custom_60d,93.189,,,,gray,3143.05,3545.46,-11.35,-402.41,green,7.0,31.0,2026-10-01,2026-10-07,2026-10-08 13:23:48
DM-12-03-02-01,custom_60d,25.426,0.0,,,gray,1026.68,0.0,,,gray,7.0,31.0,2026-10-01,2026-10-07,2026-10-08 13:23:48
DM-12-03-02-02,custom_60d,35.31,12.179,189.93,23.13,red,1782.87,560.46,218.11,1222.41,red,7.0,31.0,2026-10-01,2026-10-07,2026-10-08 13:23:48
DM-12-03-03-01,custom_60d,500.0,261.286,91.36,238.71,red,10714.29,6509.34,64.6,4204.95,red,7.0,31.0,2026-10-01,2026-10-07,2026-10-08 13:23:48
DM-12-03-04-01,custom_60d,17.803,25.488,-30.15,-7.68,green,611.13,883.94,-30.86,-272.81,green,7.0,31.0,2026-10-01,2026-10-07,2026-10-08 13:23:48
DM-12-03-04-02,custom_60d,74.128,,,,gray,2772.66,3079.96,-9.98,-307.3,green,7.0,31.0,2026-10-01,2026-10-07,2026-10-08 13:23:48
DM-12-03-04-03,custom_60d,159.658,278.083,-42.59,-118.43,green,5909.8,6198.84,-4.66,-289.04,green,7.0,31.0,2026-10-01,2026-10-07,2026-10-08 13:23:48
DM-12-03-05-01,custom_60d,67.323,91.081,-26.08,-23.76,green,2646.69,3527.24,-24.96,-880.55,green,7.0,31.0,2026-10-01,2026-10-07,2026-10-08 13:23:48
DM-12-03-06-01,custom_60d,86.185,82.238,4.8,3.95,green,3156.84,3205.6,-1.52,-48.76,green,7.0,31.0,2026-10-01,2026-10-07,2026-10-08 13:23:48
DM-12-03-06-02,custom_60d,0.0,0.0,,,gray,0.0,0.0,,,gray,7.0,31.0,2026-10-01,2026-10-07,2026-10-08 13:23:48
DM-12-03-07-01,custom_60d,80.014,63.924,25.17,16.09,red,3123.33,2330.91,34.0,792.42,red,7.0,31.0,2026-10-01,2026-10-07,2026-10-08 13:23:48
DM-12-03-08-01,custom_60d,37.521,37.159,0.97,0.36,green,1676.65,1683.98,-0.44,-7.33,green,7.0,31.0,2026-10-01,2026-10-07,2026-10-08 13:23:48
DM-12-03-08-02,custom_60d,74.798,80.672,-7.28,-5.87,green,3325.69,3398.55,-2.14,-72.86,green,7.0,31.0,2026-10-01,2026-10-07,2026-10-08 13:23:48
DM-12-03-09-01,custom_60d,178.848,49.383,262.17,129.47,red,3730.77,1556.24,139.73,2174.53,red,7.0,31.0,2026-10-01,2026-10-07,2026-10-08 13:23:48
DM-12-03-09-02,custom_60d,517.92,517.781,0.03,0.14,green,12417.13,12424.09,-0.06,-6.96,green,7.0,31.0,2026-10-01,2026-10-07,2026-10-08 13:23:48
DM-12-03-10-01,custom_60d,66.034,,,,gray,2301.17,2289.26,0.52,11.91,green,7.0,31.0,2026-10-01,2026-10-07,2026-10-08 13:23:48
DM-12-03-11-01,custom_60d,69.488,,,,gray,4143.65,4356.82,-4.89,-213.17,green,7.0,31.0,2026-10-01,2026-10-07,2026-10-08 13:23:48
DM-12-04-01-01,custom_60d,49.114,53.596,-8.36,-4.48,green,1901.1,2081.04,-8.65,-179.94,green,7.0,31.0,2026-10-01,2026-10-07,2026-10-08 13:23:48
DM-12-04-01-02,custom_60d,0.0,0.0,,,gray,0.0,0.0,,,gray,7.0,31.0,2026-10-01,2026-10-07,2026-10-08 13:23:48
DM-12-04-02-01,custom_60d,0.0,0.0,,,gray,0.0,0.0,,,gray,7.0,31.0,2026-10-01,2026-10-07,2026-10-08 13:23:48
DM-12-04-02-02,custom_60d,116.89,115.011,1.63,1.88,green,3843.07,4241.18,-9.39,-398.11,green,7.0,31.0,2026-10-01,2026-10-07,2026-10-08 13:23:48
DM-12-04-02-03,custom_60d,0.0,0.0,,,gray,0.0,0.0,,,gray,7.0,31.0,2026-10-01,2026-10-07,2026-10-08 13:23:48
DM-12-04-03-01,custom_60d,57.029,68.376,-16.6,-11.35,green,3042.27,3391.72,-10.3,-349.45,green,7.0,31.0,2026-10-01,2026-10-07,2026-10-08 13:23:48
DM-12-04-03-02,custom_60d,23.772,21.804,9.03,1.97,yellow,982.14,908.57,8.1,73.57,yellow,7.0,31.0,2026-10-01,2026-10-07,2026-10-08 13:23:48
DM-12-04-03-03,custom_60d,49.776,51.88,-4.06,-2.1,green,1029.95,2332.06,-55.84,-1302.11,green,7.0,31.0,2026-10-01,2026-10-07,2026-10-08 13:23:48
DM-12-04-04-01,custom_60d,0.049,0.049,0.0,0.0,green,1.07,1.2,-10.83,-0.13,green,7.0,31.0,2026-10-01,2026-10-07,2026-10-08 13:23:48
DM-12-04-04-02,custom_60d,0.0,0.0,,,gray,0.0,0.0,,,gray,7.0,31.0,2026-10-01,2026-10-07,2026-10-08 13:23:48
DM-12-04-04-03,custom_60d,121.08,,,,gray,6106.33,6037.49,1.14,68.84,green,7.0,31.0,2026-10-01,2026-10-07,2026-10-08 13:23:48
DM-12-04-05-01,custom_60d,72.48,139.938,-48.21,-67.46,green,3005.07,5292.82,-43.22,-2287.75,green,7.0,31.0,2026-10-01,2026-10-07,2026-10-08 13:23:48
DM-12-04-05-02,custom_60d,201.751,220.726,-8.6,-18.97,green,6047.76,8775.51,-31.08,-2727.75,green,7.0,31.0,2026-10-01,2026-10-07,2026-10-08 13:23:48
DM-12-04-06-01,custom_60d,0.0,0.0,,,gray,0.0,0.0,,,gray,7.0,31.0,2026-10-01,2026-10-07,2026-10-08 13:23:48
DM-12-04-06-02,custom_60d,72.225,51.643,39.85,20.58,red,2661.73,1421.56,87.24,1240.17,red,7.0,31.0,2026-10-01,2026-10-07,2026-10-08 13:23:48
DM-12-04-06-03,custom_60d,0.148,0.058,155.17,0.09,red,0.74,1.11,-33.33,-0.37,green,7.0,31.0,2026-10-01,2026-10-07,2026-10-08 13:23:48
DM-12-04-07-01,custom_60d,171.695,150.919,13.77,20.78,yellow,6059.12,5592.67,8.34,466.45,yellow,7.0,31.0,2026-10-01,2026-10-07,2026-10-08 13:23:48
DM-12-04-07-02,custom_60d,122.539,168.276,-27.18,-45.74,green,3972.85,3920.59,1.33,52.26,green,7.0,31.0,2026-10-01,2026-10-07,2026-10-08 13:23:48
DM-12-04-08-01,custom_60d,126.63,126.166,0.37,0.46,green,4635.36,4571.43,1.4,63.93,green,7.0,31.0,2026-10-01,2026-10-07,2026-10-08 13:23:48
DM-12-04-09-01,custom_60d,58.336,,,,gray,2277.47,2212.99,2.91,64.48,green,7.0,31.0,2026-10-01,2026-10-07,2026-10-08 13:23:48
DM-12-05-01-01,custom_60d,98.142,83.358,17.74,14.78,yellow,4601.0,4597.39,0.08,3.61,green,7.0,31.0,2026-10-01,2026-10-07,2026-10-08 13:23:48
DM-12-05-02-01,custom_60d,,,,,gray,3012.59,3931.54,-23.37,-918.95,green,7.0,31.0,2026-10-01,2026-10-07,2026-10-08 13:23:48
DM-12-05-03-01,custom_60d,127.08,,,,gray,5188.79,5092.49,1.89,96.3,green,7.0,31.0,2026-10-01,2026-10-07,2026-10-08 13:23:48
DM-12-05-04-01,custom_60d,34.692,35.814,-3.13,-1.12,green,1239.0,1429.08,-13.3,-190.08,green,7.0,31.0,2026-10-01,2026-10-07,2026-10-08 13:23:48
DM-12-05-05-01,custom_60d,0.0,0.0,,,gray,0.0,0.0,,,gray,7.0,31.0,2026-10-01,2026-10-07,2026-10-08 13:23:48
DM-12-05-05-02,custom_60d,4.756,5.461,-12.91,-0.71,green,915.51,993.33,-7.83,-77.82,green,7.0,31.0,2026-10-01,2026-10-07,2026-10-08 13:23:48
DM-12-05-05-03,custom_60d,48.04,43.422,10.64,4.62,yellow,1731.38,1866.0,-7.21,-134.62,green,7.0,31.0,2026-10-01,2026-10-07,2026-10-08 13:23:48
DM-12-05-06-02,custom_60d,94.854,89.649,5.81,5.2,yellow,3753.94,3582.46,4.79,171.48,green,7.0,31.0,2026-10-01,2026-10-07,2026-10-08 13:23:48
DM-12-05-07-01,custom_60d,84.935,6.115,1288.96,78.82,red,3483.12,363.22,858.96,3119.9,red,7.0,31.0,2026-10-01,2026-10-07,2026-10-08 13:23:48
DM-12-05-08-01,custom_60d,0.0,0.0,,,gray,0.0,0.0,,,gray,7.0,31.0,2026-10-01,2026-10-07,2026-10-08 13:23:48
DM-12-05-08-02,custom_60d,0.0,0.0,,,gray,0.0,0.0,,,gray,7.0,31.0,2026-10-01,2026-10-07,2026-10-08 13:23:48
DM-12-05-09-01,custom_60d,95.184,105.031,-9.38,-9.85,green,3886.55,4134.99,-6.01,-248.44,green,7.0,31.0,2026-10-01,2026-10-07,2026-10-08 13:23:48
DM-12-05-09-02,custom_60d,44.324,26.799,65.39,17.52,red,1307.32,954.34,36.99,352.98,red,7.0,31.0,2026-10-01,2026-10-07,2026-10-08 13:23:48
DM-12-05-10-01,custom_60d,126.145,111.908,12.72,14.24,yellow,5137.85,4972.83,3.32,165.02,green,7.0,31.0,2026-10-01,2026-10-07,2026-10-08 13:23:48
DM-12-06-01-01,custom_60d,113.571,,,,gray,4634.88,5955.59,-22.18,-1320.71,green,7.0,31.0,2026-10-01,2026-10-07,2026-10-08 13:23:48
DM-12-06-01-02,custom_60d,0.249,0.245,1.63,0.0,green,6.04,6.68,-9.58,-0.64,green,7.0,31.0,2026-10-01,2026-10-07,2026-10-08 13:23:48
DM-12-06-02-01,custom_60d,36.038,32.404,11.21,3.63,yellow,1420.05,1208.82,17.47,211.23,yellow,7.0,31.0,2026-10-01,2026-10-07,2026-10-08 13:23:48
DM-12-06-02-02,custom_60d,76.173,78.217,-2.61,-2.04,green,3002.29,2973.83,0.96,28.46,green,7.0,31.0,2026-10-01,2026-10-07,2026-10-08 13:23:48
DM-12-06-02-03,custom_60d,81.15,81.51,-0.44,-0.36,green,2712.1,3118.36,-13.03,-406.26,green,7.0,31.0,2026-10-01,2026-10-07,2026-10-08 13:23:48
DM-12-06-03-01,custom_60d,0.0,0.0,,,gray,0.0,0.0,,,gray,7.0,31.0,2026-10-01,2026-10-07,2026-10-08 13:23:48
DM-12-06-03-02,custom_60d,89.411,82.789,8.0,6.62,yellow,4341.81,3956.76,9.73,385.05,yellow,7.0,31.0,2026-10-01,2026-10-07,2026-10-08 13:23:48
DM-12-06-04-01,custom_60d,60.941,71.502,-14.77,-10.56,green,1885.78,2968.2,-36.47,-1082.42,green,7.0,31.0,2026-10-01,2026-10-07,2026-10-08 13:23:48
DM-12-06-05-01,custom_60d,173.888,106.913,62.64,66.98,red,3351.01,3755.2,-10.76,-404.19,green,7.0,31.0,2026-10-01,2026-10-07,2026-10-08 13:23:48
DM-12-06-06-01,custom_60d,517.92,517.699,0.04,0.22,green,12428.41,12428.49,-0.0,-0.08,green,7.0,31.0,2026-10-01,2026-10-07,2026-10-08 13:23:48
DM-12-06-07-01,custom_60d,38.145,,,,gray,2062.96,2043.8,0.94,19.16,green,7.0,31.0,2026-10-01,2026-10-07,2026-10-08 13:23:48
DM-12-06-07-02,custom_60d,83.73,83.39,0.41,0.34,green,3533.97,4014.9,-11.98,-480.93,green,7.0,31.0,2026-10-01,2026-10-07,2026-10-08 13:23:48
DM-12-06-08-01,custom_60d,22.65,29.465,-23.13,-6.82,green,1952.67,1798.13,8.59,154.54,yellow,7.0,31.0,2026-10-01,2026-10-07,2026-10-08 13:23:48
DM-12-06-09-01,custom_60d,29.633,29.59,0.15,0.04,green,1359.87,1543.7,-11.91,-183.83,green,7.0,31.0,2026-10-01,2026-10-07,2026-10-08 13:23:48
DM-12-06-10-01,custom_60d,0.0,1.1,-100.0,-1.1,green,0.0,30.71,-100.0,-30.71,green,7.0,31.0,2026-10-01,2026-10-07,2026-10-08 13:23:48
DM-12-06-11-01,custom_60d,37.44,32.783,14.21,4.66,yellow,1151.75,1317.61,-12.59,-165.86,green,7.0,31.0,2026-10-01,2026-10-07,2026-10-08 13:23:48
DM-12-07-01-01,custom_60d,0.0,0.0,,,gray,0.0,0.0,,,gray,7.0,31.0,2026-10-01,2026-10-07,2026-10-08 13:23:48
DM-12-07-01-02,custom_60d,0.0,0.0,,,gray,0.0,0.0,,,gray,7.0,31.0,2026-10-01,2026-10-07,2026-10-08 13:23:48
DM-12-07-02-01,custom_60d,0.0,0.0,,,gray,0.0,0.0,,,gray,7.0,31.0,2026-10-01,2026-10-07,2026-10-08 13:23:48
DM-12-07-02-03,custom_60d,32.673,0.0,,,gray,1185.23,0.0,,,gray,7.0,31.0,2026-10-01,2026-10-07,2026-10-08 13:23:48
DM-12-07-03-01,custom_60d,94.817,,,,gray,3538.2,3690.01,-4.11,-151.81,green,7.0,31.0,2026-10-01,2026-10-07,2026-10-08 13:23:48
DM-12-07-03-02,custom_60d,56.468,63.024,-10.4,-6.56,green,2423.39,2618.69,-7.46,-195.3,green,7.0,31.0,2026-10-01,2026-10-07,2026-10-08 13:23:48
DM-12-07-03-03,custom_60d,,,,,gray,805.53,987.92,-18.46,-182.39,green,7.0,31.0,2026-10-01,2026-10-07,2026-10-08 13:23:48
DM-12-07-04-01,custom_60d,30.965,29.257,5.84,1.71,yellow,2110.33,2209.51,-4.49,-99.18,green,7.0,31.0,2026-10-01,2026-10-07,2026-10-08 13:23:48
DM-12-07-04-02,custom_60d,111.655,103.765,7.6,7.89,yellow,5474.37,6170.29,-11.28,-695.92,green,7.0,31.0,2026-10-01,2026-10-07,2026-10-08 13:23:48
DM-12-07-05-01,custom_60d,124.079,127.204,-2.46,-3.12,green,4770.07,4823.51,-1.11,-53.44,green,7.0,31.0,2026-10-01,2026-10-07,2026-10-08 13:23:48
DM-12-07-06-01,custom_60d,0.199,0.04,397.5,0.16,red,4.94,1.22,304.92,3.72,red,7.0,31.0,2026-10-01,2026-10-07,2026-10-08 13:23:48
DM-12-07-07-01,custom_60d,0.0,0.0,,,gray,0.0,0.0,,,gray,7.0,31.0,2026-10-01,2026-10-07,2026-10-08 13:23:48
DM-12-07-08-01,custom_60d,36.861,,,,gray,2127.48,2361.86,-9.92,-234.38,green,7.0,31.0,2026-10-01,2026-10-07,2026-10-08 13:23:48
DM-12-07-09-01,custom_60d,84.531,,,,gray,3249.76,3036.98,7.01,212.78,yellow,7.0,31.0,2026-10-01,2026-10-07,2026-10-08 13:23:48
DM-12-07-10-01,custom_60d,0.0,0.0,,,gray,0.0,0.0,,,gray,7.0,31.0,2026-10-01,2026-10-07,2026-10-08 13:23:48
DM-13-01-01-01,custom_60d,91.411,136.36,-32.96,-44.95,green,3188.58,5270.39,-39.5,-2081.81,green,7.0,31.0,2026-10-01,2026-10-07,2026-10-08 13:23:48
DM-13-01-01-02,custom_60d,4.776,8.531,-44.02,-3.76,green,1539.3,929.99,65.52,609.31,red,7.0,31.0,2026-10-01,2026-10-07,2026-10-08 13:23:48
DM-13-01-02-01,custom_60d,0.05,0.05,0.0,0.0,green,1.2,1.2,0.0,0.0,green,7.0,31.0,2026-10-01,2026-10-07,2026-10-08 13:23:48
DM-13-01-03-01,custom_60d,114.138,138.759,-17.74,-24.62,green,4170.58,4683.1,-10.94,-512.52,green,7.0,31.0,2026-10-01,2026-10-07,2026-10-08 13:23:48
DM-13-01-03-02,custom_60d,97.325,115.887,-16.02,-18.56,green,3542.05,3874.01,-8.57,-331.96,green,7.0,31.0,2026-10-01,2026-10-07,2026-10-08 13:23:48
DM-13-01-03-03,custom_60d,18.485,0.124,14807.26,18.36,red,1273.55,426.96,198.28,846.59,red,7.0,31.0,2026-10-01,2026-10-07,2026-10-08 13:23:48
DM-13-01-04-01,custom_60d,109.914,127.163,-13.56,-17.25,green,4078.91,4284.34,-4.79,-205.43,green,7.0,31.0,2026-10-01,2026-10-07,2026-10-08 13:23:48
DM-13-01-04-02,custom_60d,137.614,154.842,-11.13,-17.23,green,5190.83,5435.05,-4.49,-244.22,green,7.0,31.0,2026-10-01,2026-10-07,2026-10-08 13:23:48
DM-13-01-05-01,custom_60d,232.219,63.985,262.93,168.23,red,7532.28,2511.74,199.88,5020.54,red,7.0,31.0,2026-10-01,2026-10-07,2026-10-08 13:23:48
DM-13-01-05-02,custom_60d,,,,,gray,5875.44,6708.32,-12.42,-832.88,green,7.0,31.0,2026-10-01,2026-10-07,2026-10-08 13:23:48
DM-13-01-06-01,custom_60d,125.8,0.252,49820.63,125.55,red,4841.83,17.99,26814.01,4823.84,red,7.0,31.0,2026-10-01,2026-10-07,2026-10-08 13:23:48
DM-13-01-06-02,custom_60d,110.43,102.034,8.23,8.4,yellow,4288.65,4210.52,1.86,78.13,green,7.0,31.0,2026-10-01,2026-10-07,2026-10-08 13:23:48
DM-13-01-07-01,custom_60d,4.542,3.463,31.16,1.08,red,170.07,159.1,6.9,10.97,yellow,7.0,31.0,2026-10-01,2026-10-07,2026-10-08 13:23:48
DM-13-01-07-02,custom_60d,51.634,57.317,-9.92,-5.68,green,2278.12,2358.97,-3.43,-80.85,green,7.0,31.0,2026-10-01,2026-10-07,2026-10-08 13:23:48
DM-13-02-01-02,custom_60d,29.133,28.103,3.67,1.03,green,1121.2,1155.53,-2.97,-34.33,green,7.0,31.0,2026-10-01,2026-10-07,2026-10-08 13:23:48
DM-13-02-01-03,custom_60d,29.631,54.103,-45.23,-24.47,green,1897.21,2379.88,-20.28,-482.67,green,7.0,31.0,2026-10-01,2026-10-07,2026-10-08 13:23:48
DM-13-02-02-01,custom_60d,60.026,97.6,-38.5,-37.57,green,3123.43,3450.16,-9.47,-326.73,green,7.0,31.0,2026-10-01,2026-10-07,2026-10-08 13:23:48
DM-13-02-03-01,custom_60d,95.182,111.185,-14.39,-16.0,green,3144.11,3493.89,-10.01,-349.78,green,7.0,31.0,2026-10-01,2026-10-07,2026-10-08 13:23:48
DM-13-02-03-02,custom_60d,87.85,103.624,-15.22,-15.77,green,3146.02,3576.54,-12.04,-430.52,green,7.0,31.0,2026-10-01,2026-10-07,2026-10-08 13:23:48
DM-13-02-04-01,custom_60d,135.38,88.793,52.47,46.59,red,3785.59,3468.58,9.14,317.01,yellow,7.0,31.0,2026-10-01,2026-10-07,2026-10-08 13:23:48
DM-13-02-04-02,custom_60d,355.184,354.065,0.32,1.12,green,10635.76,10458.61,1.69,177.15,green,7.0,31.0,2026-10-01,2026-10-07,2026-10-08 13:23:48
DM-13-02-04-03,custom_60d,70.293,139.924,-49.76,-69.63,green,2924.05,4440.84,-34.16,-1516.79,green,7.0,31.0,2026-10-01,2026-10-07,2026-10-08 13:23:48
DM-13-02-04-04,custom_60d,49.063,34.073,43.99,14.99,red,1557.91,1093.03,42.53,464.88,red,7.0,31.0,2026-10-01,2026-10-07,2026-10-08 13:23:48
DM-13-02-04-05,custom_60d,61.859,72.348,-14.5,-10.49,green,2188.43,2377.81,-7.96,-189.38,green,7.0,31.0,2026-10-01,2026-10-07,2026-10-08 13:23:48
DM-13-02-05-01,custom_60d,178.108,191.102,-6.8,-12.99,green,6254.8,6407.09,-2.38,-152.29,green,7.0,31.0,2026-10-01,2026-10-07,2026-10-08 13:23:48
DM-13-02-05-02,custom_60d,8.789,13.751,-36.08,-4.96,green,225.55,479.35,-52.95,-253.8,green,7.0,31.0,2026-10-01,2026-10-07,2026-10-08 13:23:48
DM-13-02-05-03,custom_60d,34.614,30.185,14.67,4.43,yellow,1783.0,1708.92,4.33,74.08,green,7.0,31.0,2026-10-01,2026-10-07,2026-10-08 13:23:48
DM-13-02-06-01,custom_60d,134.582,137.515,-2.13,-2.93,green,4995.74,5193.86,-3.81,-198.12,green,7.0,31.0,2026-10-01,2026-10-07,2026-10-08 13:23:48
DM-13-02-06-04,custom_60d,185.101,207.928,-10.98,-22.83,green,6896.52,7932.76,-13.06,-1036.24,green,7.0,31.0,2026-10-01,2026-10-07,2026-10-08 13:23:48
DM-13-02-07-01,custom_60d,111.336,100.823,10.43,10.51,yellow,4232.31,4261.81,-0.69,-29.5,green,7.0,31.0,2026-10-01,2026-10-07,2026-10-08 13:23:48
DM-13-02-07-02,custom_60d,28.147,29.903,-5.87,-1.76,green,1394.11,1406.94,-0.91,-12.83,green,7.0,31.0,2026-10-01,2026-10-07,2026-10-08 13:23:48
DM-13-02-08-01,custom_60d,257.877,355.475,-27.46,-97.6,green,6012.45,7875.86,-23.66,-1863.41,green,7.0,31.0,2026-10-01,2026-10-07,2026-10-08 13:23:48
DM-13-02-08-02,custom_60d,111.459,114.026,-2.25,-2.57,green,4359.21,4912.71,-11.27,-553.5,green,7.0,31.0,2026-10-01,2026-10-07,2026-10-08 13:23:48
DM-13-03-01-01,custom_60d,48.767,50.614,-3.65,-1.85,green,1943.21,1979.6,-1.84,-36.39,green,7.0,31.0,2026-10-01,2026-10-07,2026-10-08 13:23:48
DM-13-03-01-03,custom_60d,55.787,58.056,-3.91,-2.27,green,2240.18,2229.87,0.46,10.31,green,7.0,31.0,2026-10-01,2026-10-07,2026-10-08 13:23:48
DM-13-03-02-01,custom_60d,148.398,73.687,101.39,74.71,red,3459.21,2929.45,18.08,529.76,yellow,7.0,31.0,2026-10-01,2026-10-07,2026-10-08 13:23:48
DM-13-03-02-02,custom_60d,47.908,38.119,25.68,9.79,red,1664.49,1290.65,28.97,373.84,red,7.0,31.0,2026-10-01,2026-10-07,2026-10-08 13:23:48
DM-13-03-02-03,custom_60d,65.612,63.472,3.37,2.14,green,2303.52,2214.01,4.04,89.51,green,7.0,31.0,2026-10-01,2026-10-07,2026-10-08 13:23:48
DM-13-03-02-04,custom_60d,20.993,13.976,50.21,7.02,red,749.61,569.82,31.55,179.79,red,7.0,31.0,2026-10-01,2026-10-07,2026-10-08 13:23:48
DM-13-03-02-05,custom_60d,6.609,5.128,28.88,1.48,red,268.82,320.42,-16.1,-51.6,green,7.0,31.0,2026-10-01,2026-10-07,2026-10-08 13:23:48
DM-13-03-03-01,custom_60d,70.225,65.634,6.99,4.59,yellow,2488.25,2585.51,-3.76,-97.26,green,7.0,31.0,2026-10-01,2026-10-07,2026-10-08 13:23:48
DM-13-03-03-02,custom_60d,14.916,37.385,-60.1,-22.47,green,382.05,885.8,-56.87,-503.75,green,7.0,31.0,2026-10-01,2026-10-07,2026-10-08 13:23:48
DM-13-03-03-04,custom_60d,14.143,17.351,-18.49,-3.21,green,657.38,795.88,-17.4,-138.5,green,7.0,31.0,2026-10-01,2026-10-07,2026-10-08 13:23:48
DM-13-03-03-05,custom_60d,5.132,4.771,7.57,0.36,yellow,378.69,373.26,1.45,5.43,green,7.0,31.0,2026-10-01,2026-10-07,2026-10-08 13:23:48
DM-13-03-04-01,custom_60d,66.325,113.001,-41.31,-46.68,green,3211.03,2681.87,19.73,529.16,yellow,7.0,31.0,2026-10-01,2026-10-07,2026-10-08 13:23:48
DM-13-03-04-02,custom_60d,,,,,gray,395.24,416.04,-5.0,-20.8,green,7.0,31.0,2026-10-01,2026-10-07,2026-10-08 13:23:48
DM-13-03-04-03,custom_60d,62.256,75.391,-17.42,-13.14,green,2465.05,2768.12,-10.95,-303.07,green,7.0,31.0,2026-10-01,2026-10-07,2026-10-08 13:23:48
DM-13-03-05-01,custom_60d,65.499,74.142,-11.66,-8.64,green,3369.83,3349.33,0.61,20.5,green,7.0,31.0,2026-10-01,2026-10-07,2026-10-08 13:23:48
DM-13-03-06-01,custom_60d,4.06,127.855,-96.82,-123.8,green,30.34,3008.32,-98.99,-2977.98,green,7.0,31.0,2026-10-01,2026-10-07,2026-10-08 13:23:48
DM-13-03-06-02,custom_60d,87.744,13.842,533.9,73.9,red,2431.02,216.27,1024.07,2214.75,red,7.0,31.0,2026-10-01,2026-10-07,2026-10-08 13:23:48
DM-13-03-06-03,custom_60d,,33.953,,,gray,1782.92,1183.13,50.7,599.79,red,7.0,31.0,2026-10-01,2026-10-07,2026-10-08 13:23:48
DM-13-03-07-01,custom_60d,15.676,6.213,152.31,9.46,red,545.83,625.97,-12.8,-80.14,green,7.0,31.0,2026-10-01,2026-10-07,2026-10-08 13:23:48
DM-13-03-07-02,custom_60d,28.021,98.118,-71.44,-70.1,green,1274.19,3753.94,-66.06,-2479.75,green,7.0,31.0,2026-10-01,2026-10-07,2026-10-08 13:23:48
DM-13-03-07-03,custom_60d,,,,,gray,60.45,562.5,-89.25,-502.05,green,7.0,31.0,2026-10-01,2026-10-07,2026-10-08 13:23:48
DM-13-03-08-01,custom_60d,26.368,28.652,-7.97,-2.28,green,1418.89,1372.31,3.39,46.58,green,7.0,31.0,2026-10-01,2026-10-07,2026-10-08 13:23:48
DM-13-03-09-01,custom_60d,20.275,35.633,-43.1,-15.36,green,822.65,1212.29,-32.14,-389.64,green,7.0,31.0,2026-10-01,2026-10-07,2026-10-08 13:23:48
DM-13-03-09-02,custom_60d,34.342,32.824,4.62,1.52,green,1101.35,1074.02,2.54,27.33,green,7.0,31.0,2026-10-01,2026-10-07,2026-10-08 13:23:48
DM-13-03-10-01,custom_60d,87.279,95.43,-8.54,-8.15,green,3362.66,3481.38,-3.41,-118.72,green,7.0,31.0,2026-10-01,2026-10-07,2026-10-08 13:23:48
DM-13-04-01-01,custom_60d,93.775,107.231,-12.55,-13.46,green,3767.66,4047.03,-6.9,-279.37,green,7.0,31.0,2026-10-01,2026-10-07,2026-10-08 13:23:48
DM-13-04-01-03,custom_60d,,,,,gray,2.61,16.85,-84.51,-14.24,green,7.0,31.0,2026-10-01,2026-10-07,2026-10-08 13:23:48
DM-13-04-01-04,custom_60d,190.841,144.906,31.7,45.94,red,5531.42,5450.4,1.49,81.02,green,7.0,31.0,2026-10-01,2026-10-07,2026-10-08 13:23:48
DM-13-04-02-01,custom_60d,189.408,160.773,17.81,28.63,yellow,6400.65,5866.01,9.11,534.64,yellow,7.0,31.0,2026-10-01,2026-10-07,2026-10-08 13:23:48
DM-13-04-02-02,custom_60d,0.0,0.0,,,gray,6.5,0.0,,,gray,7.0,31.0,2026-10-01,2026-10-07,2026-10-08 13:23:48
DM-13-04-03-01,custom_60d,209.862,227.547,-7.77,-17.69,green,6688.19,7245.26,-7.69,-557.07,green,7.0,31.0,2026-10-01,2026-10-07,2026-10-08 13:23:48
DM-13-04-04-01,custom_60d,73.92,71.576,3.27,2.34,green,2645.61,2820.9,-6.21,-175.29,green,7.0,31.0,2026-10-01,2026-10-07,2026-10-08 13:23:48
DM-13-04-04-02,custom_60d,167.517,145.877,14.83,21.64,yellow,5523.52,5598.91,-1.35,-75.39,green,7.0,31.0,2026-10-01,2026-10-07,2026-10-08 13:23:48
DM-13-04-05-01,custom_60d,199.698,198.094,0.81,1.6,green,6710.15,6819.66,-1.61,-109.51,green,7.0,31.0,2026-10-01,2026-10-07,2026-10-08 13:23:48
DM-13-04-05-02,custom_60d,4.84,5.013,-3.45,-0.17,green,301.25,346.14,-12.97,-44.89,green,7.0,31.0,2026-10-01,2026-10-07,2026-10-08 13:23:48
DM-13-04-06-01,custom_60d,36.796,19.146,92.19,17.65,red,1465.09,748.57,95.72,716.52,red,7.0,31.0,2026-10-01,2026-10-07,2026-10-08 13:23:48
DM-13-04-06-02,custom_60d,57.179,57.039,0.25,0.14,green,3187.99,3449.08,-7.57,-261.09,green,7.0,31.0,2026-10-01,2026-10-07,2026-10-08 13:23:48
DM-13-04-06-03,custom_60d,77.54,78.44,-1.15,-0.9,green,3620.75,3624.35,-0.1,-3.6,green,7.0,31.0,2026-10-01,2026-10-07,2026-10-08 13:23:48
DM-13-04-07-01,custom_60d,130.051,134.758,-3.49,-4.71,green,4819.56,5015.3,-3.9,-195.74,green,7.0,31.0,2026-10-01,2026-10-07,2026-10-08 13:23:48
DM-13-04-07-02,custom_60d,0.0,0.0,,,gray,0.0,0.0,,,gray,7.0,31.0,2026-10-01,2026-10-07,2026-10-08 13:23:48
DM-13-04-07-03,custom_60d,0.058,0.167,-65.27,-0.11,green,44.69,20.84,114.44,23.85,red,7.0,31.0,2026-10-01,2026-10-07,2026-10-08 13:23:48
DM-13-04-07-04,custom_60d,0.0,0.0,,,gray,0.0,0.0,,,gray,7.0,31.0,2026-10-01,2026-10-07,2026-10-08 13:23:48
DM-13-04-07-05,custom_60d,21.723,15.545,39.74,6.18,red,766.58,672.57,13.98,94.01,yellow,7.0,30.0,2026-10-01,2026-10-07,2026-10-08 13:23:48
DM-13-04-08-01,custom_60d,164.169,168.172,-2.38,-4.0,green,5454.53,5618.44,-2.92,-163.91,green,7.0,31.0,2026-10-01,2026-10-07,2026-10-08 13:23:48
DM-13-04-08-02,custom_60d,78.235,83.911,-6.76,-5.68,green,2639.43,2834.91,-6.9,-195.48,green,7.0,31.0,2026-10-01,2026-10-07,2026-10-08 13:23:48
DM-13-04-08-03,custom_60d,94.737,98.921,-4.23,-4.18,green,3233.65,3387.45,-4.54,-153.8,green,7.0,31.0,2026-10-01,2026-10-07,2026-10-08 13:23:48
DM-13-04-09-01,custom_60d,85.871,77.388,10.96,8.48,yellow,3307.97,2890.03,14.46,417.94,yellow,7.0,31.0,2026-10-01,2026-10-07,2026-10-08 13:23:48
DM-13-04-09-02,custom_60d,74.293,160.536,-53.72,-86.24,green,2551.45,4736.03,-46.13,-2184.58,green,7.0,31.0,2026-10-01,2026-10-07,2026-10-08 13:23:48
DM-13-04-09-03,custom_60d,40.544,65.082,-37.7,-24.54,green,1847.16,2135.08,-13.49,-287.92,green,7.0,31.0,2026-10-01,2026-10-07,2026-10-08 13:23:48
DM-13-05-01-01,custom_60d,76.141,76.914,-1.01,-0.77,green,4189.37,4276.69,-2.04,-87.32,green,7.0,31.0,2026-10-01,2026-10-07,2026-10-08 13:23:48
DM-13-05-01-03,custom_60d,47.023,53.113,-11.47,-6.09,green,2286.65,2505.42,-8.73,-218.77,green,7.0,31.0,2026-10-01,2026-10-07,2026-10-08 13:23:48
DM-13-05-02-01,custom_60d,16.631,13.746,20.99,2.88,red,855.91,915.91,-6.55,-60.0,green,7.0,31.0,2026-10-01,2026-10-07,2026-10-08 13:23:48
DM-13-05-02-02,custom_60d,58.533,79.025,-25.93,-20.49,green,2251.78,2759.59,-18.4,-507.81,green,7.0,31.0,2026-10-01,2026-10-07,2026-10-08 13:23:48
DM-13-05-03-01,custom_60d,25.598,39.323,-34.9,-13.73,green,1320.9,1529.63,-13.65,-208.73,green,7.0,31.0,2026-10-01,2026-10-07,2026-10-08 13:23:48
DM-13-05-03-02,custom_60d,14.836,14.6,1.62,0.24,green,600.23,640.62,-6.3,-40.39,green,7.0,31.0,2026-10-01,2026-10-07,2026-10-08 13:23:48
DM-13-05-04-01,custom_60d,2.407,3.137,-23.27,-0.73,green,57.12,56.4,1.28,0.72,green,7.0,31.0,2026-10-01,2026-10-07,2026-10-08 13:23:48
DM-13-05-04-03,custom_60d,19.098,30.99,-38.37,-11.89,green,1007.46,1223.17,-17.64,-215.71,green,7.0,31.0,2026-10-01,2026-10-07,2026-10-08 13:23:48
DM-13-05-04-04,custom_60d,63.613,61.891,2.78,1.72,green,2753.26,2609.17,5.52,144.09,yellow,7.0,31.0,2026-10-01,2026-10-07,2026-10-08 13:23:48
DM-13-05-05-01,custom_60d,6.869,17.463,-60.67,-10.59,green,856.82,914.88,-6.35,-58.06,green,7.0,31.0,2026-10-01,2026-10-07,2026-10-08 13:23:48
DM-13-05-05-02,custom_60d,38.767,24.301,59.53,14.47,red,1210.1,1282.7,-5.66,-72.6,green,7.0,31.0,2026-10-01,2026-10-07,2026-10-08 13:23:48
DM-13-05-06-01,custom_60d,58.984,64.753,-8.91,-5.77,green,2474.12,2580.35,-4.12,-106.23,green,7.0,31.0,2026-10-01,2026-10-07,2026-10-08 13:23:48
DM-13-05-06-02,custom_60d,69.937,65.047,7.52,4.89,yellow,2951.83,2785.13,5.99,166.7,yellow,7.0,31.0,2026-10-01,2026-10-07,2026-10-08 13:23:48
DM-13-05-07-01,custom_60d,47.421,51.296,-7.55,-3.88,green,1777.78,1897.68,-6.32,-119.9,green,7.0,31.0,2026-10-01,2026-10-07,2026-10-08 13:23:48
DM-13-05-07-02,custom_60d,60.442,52.664,14.77,7.78,yellow,2847.61,2456.02,15.94,391.59,yellow,7.0,31.0,2026-10-01,2026-10-07,2026-10-08 13:23:48
DM-13-05-08-01,custom_60d,87.139,90.265,-3.46,-3.13,green,4011.49,4082.8,-1.75,-71.31,green,7.0,31.0,2026-10-01,2026-10-07,2026-10-08 13:23:48
DM-13-05-08-02,custom_60d,61.066,117.771,-48.15,-56.7,green,2619.11,4631.66,-43.45,-2012.55,green,7.0,31.0,2026-10-01,2026-10-07,2026-10-08 13:23:48
DM-13-05-08-03,custom_60d,0.0,0.0,,,gray,0.0,0.0,,,gray,7.0,31.0,2026-10-01,2026-10-07,2026-10-08 13:23:48
DM-13-05-09-01,custom_60d,,91.706,,,gray,3761.94,3764.73,-0.07,-2.79,green,7.0,31.0,2026-10-01,2026-10-07,2026-10-08 13:23:48
DM-13-05-09-02,custom_60d,30.168,30.813,-2.09,-0.64,green,1340.06,1180.13,13.55,159.93,yellow,7.0,31.0,2026-10-01,2026-10-07,2026-10-08 13:23:48
DM-13-05-09-03,custom_60d,71.778,71.749,0.04,0.03,green,3192.26,2872.61,11.13,319.65,yellow,7.0,31.0,2026-10-01,2026-10-07,2026-10-08 13:23:48
DM-13-05-10-01,custom_60d,89.225,119.069,-25.06,-29.84,green,4311.63,4240.66,1.67,70.97,green,7.0,31.0,2026-10-01,2026-10-07,2026-10-08 13:23:48
DM-13-05-10-02,custom_60d,19.162,10.938,75.19,8.22,red,301.23,194.68,54.73,106.55,red,7.0,31.0,2026-10-01,2026-10-07,2026-10-08 13:23:48
DM-13-05-10-03,custom_60d,83.282,88.865,-6.28,-5.58,green,3328.61,3208.74,3.74,119.87,green,7.0,31.0,2026-10-01,2026-10-07,2026-10-08 13:23:48
DM-13-05-11-01,custom_60d,73.594,93.703,-21.46,-20.11,green,3047.66,3124.71,-2.47,-77.05,green,7.0,31.0,2026-10-01,2026-10-07,2026-10-08 13:23:48
DM-13-05-11-02,custom_60d,42.538,18.23,133.34,24.31,red,2137.84,655.82,225.98,1482.02,red,7.0,31.0,2026-10-01,2026-10-07,2026-10-08 13:23:48
DM-13-05-12-01,custom_60d,65.655,48.867,34.35,16.79,red,2488.11,1861.66,33.65,626.45,red,7.0,31.0,2026-10-01,2026-10-07,2026-10-08 13:23:48
DM-13-05-13-01,custom_60d,76.624,76.402,0.29,0.22,green,2345.77,2401.59,-2.32,-55.82,green,7.0,31.0,2026-10-01,2026-10-07,2026-10-08 13:23:48
DM-13-06-01-01,custom_60d,94.361,92.891,1.58,1.47,green,3389.69,3482.86,-2.68,-93.17,green,7.0,31.0,2026-10-01,2026-10-07,2026-10-08 13:23:48
DM-13-06-01-02,custom_60d,6.644,18.002,-63.09,-11.36,green,216.92,691.34,-68.62,-474.42,green,7.0,31.0,2026-10-01,2026-10-07,2026-10-08 13:23:48
DM-13-06-01-03,custom_60d,,20.33,,,gray,,332.16,,,gray,,26.0,,,2026-10-08 13:23:48
DM-13-06-01-04,custom_60d,54.101,43.704,23.79,10.4,red,1814.25,1911.24,-5.07,-96.99,green,7.0,31.0,2026-10-01,2026-10-07,2026-10-08 13:23:48
DM-13-06-01-05,custom_60d,41.901,42.041,-0.33,-0.14,green,1513.36,1711.48,-11.58,-198.12,green,7.0,31.0,2026-10-01,2026-10-07,2026-10-08 13:23:48
DM-13-06-02-01,custom_60d,50.406,18.418,173.68,31.99,red,2296.57,605.3,279.41,1691.27,red,7.0,31.0,2026-10-01,2026-10-07,2026-10-08 13:23:48
DM-13-06-02-03,custom_60d,86.055,0.009,956066.67,86.05,red,3486.73,0.18,1936972.22,3486.55,red,7.0,31.0,2026-10-01,2026-10-07,2026-10-08 13:23:48
DM-13-06-03-01,custom_60d,453.403,458.012,-1.01,-4.61,green,15782.26,16400.97,-3.77,-618.71,green,7.0,31.0,2026-10-01,2026-10-07,2026-10-08 13:23:48
DM-13-06-03-02,custom_60d,9.528,8.835,7.84,0.69,yellow,273.47,231.38,18.19,42.09,yellow,7.0,28.0,2026-10-01,2026-10-07,2026-10-08 13:23:48
DM-13-06-03-03,custom_60d,62.183,62.229,-0.07,-0.05,green,2115.25,2391.33,-11.55,-276.08,green,7.0,31.0,2026-10-01,2026-10-07,2026-10-08 13:23:48
DM-13-06-03-04,custom_60d,,0.04,,,gray,0.06,0.14,-57.14,-0.08,green,7.0,31.0,2026-10-01,2026-10-07,2026-10-08 13:23:48
DM-13-06-04-01,custom_60d,,,,,gray,619.34,239.7,158.38,379.64,red,7.0,31.0,2026-10-01,2026-10-07,2026-10-08 13:23:48
DM-13-06-04-02,custom_60d,103.463,182.372,-43.27,-78.91,green,4039.88,6567.56,-38.49,-2527.68,green,7.0,31.0,2026-10-01,2026-10-07,2026-10-08 13:23:48
DM-13-06-04-03,custom_60d,1.484,1.15,29.04,0.33,red,242.49,344.23,-29.56,-101.74,green,7.0,31.0,2026-10-01,2026-10-07,2026-10-08 13:23:48
DM-13-06-04-04,custom_60d,23.004,35.399,-35.02,-12.39,green,1645.59,1979.78,-16.88,-334.19,green,7.0,26.0,2026-10-01,2026-10-07,2026-10-08 13:23:48
DM-13-06-05-01,custom_60d,7.11,7.607,-6.53,-0.5,green,418.4,471.11,-11.19,-52.71,green,7.0,31.0,2026-10-01,2026-10-07,2026-10-08 13:23:48
DM-13-06-05-02,custom_60d,0.0,0.0,,,gray,0.0,0.0,,,gray,7.0,31.0,2026-10-01,2026-10-07,2026-10-08 13:23:48
DM-13-06-05-03,custom_60d,32.602,71.473,-54.39,-38.87,green,3008.31,3874.75,-22.36,-866.44,green,7.0,31.0,2026-10-01,2026-10-07,2026-10-08 13:23:48
DM-13-07-01-01,custom_60d,81.988,78.904,3.91,3.08,green,2262.11,2072.15,9.17,189.96,yellow,7.0,31.0,2026-10-01,2026-10-07,2026-10-08 13:23:48
DM-13-07-01-02,custom_60d,80.953,88.298,-8.32,-7.34,green,2665.3,2685.44,-0.75,-20.14,green,7.0,31.0,2026-10-01,2026-10-07,2026-10-08 13:23:48
DM-13-07-01-03,custom_60d,132.341,117.692,12.45,14.65,yellow,4232.83,4121.35,2.7,111.48,green,7.0,31.0,2026-10-01,2026-10-07,2026-10-08 13:23:48
DM-13-07-01-04,custom_60d,134.567,123.96,8.56,10.61,yellow,4575.04,4506.64,1.52,68.4,green,7.0,31.0,2026-10-01,2026-10-07,2026-10-08 13:23:48
DM-13-07-02-01,custom_60d,126.497,118.074,7.13,8.42,yellow,4262.9,4252.46,0.25,10.44,green,7.0,31.0,2026-10-01,2026-10-07,2026-10-08 13:23:48
DM-13-07-02-02,custom_60d,44.269,53.082,-16.6,-8.81,green,1468.78,1658.25,-11.43,-189.47,green,7.0,31.0,2026-10-01,2026-10-07,2026-10-08 13:23:48
DM-13-07-03-01,custom_60d,62.243,67.684,-8.04,-5.44,green,2089.33,2142.16,-2.47,-52.83,green,7.0,31.0,2026-10-01,2026-10-07,2026-10-08 13:23:48
DM-13-07-03-02,custom_60d,82.87,78.49,5.58,4.38,yellow,2911.62,2995.3,-2.79,-83.68,green,7.0,31.0,2026-10-01,2026-10-07,2026-10-08 13:23:48
DM-13-07-03-03,custom_60d,88.216,88.15,0.07,0.07,green,2470.8,2785.36,-11.29,-314.56,green,7.0,31.0,2026-10-01,2026-10-07,2026-10-08 13:23:48
DM-13-07-04-01,custom_60d,119.681,108.418,10.39,11.26,yellow,4279.68,4368.32,-2.03,-88.64,green,7.0,31.0,2026-10-01,2026-10-07,2026-10-08 13:23:48
DM-13-07-04-02,custom_60d,30.956,49.124,-36.98,-18.17,green,1451.45,1694.17,-14.33,-242.72,green,7.0,31.0,2026-10-01,2026-10-07,2026-10-08 13:23:48
DM-13-07-04-03,custom_60d,78.412,77.124,1.67,1.29,green,2786.53,2634.75,5.76,151.78,yellow,7.0,31.0,2026-10-01,2026-10-07,2026-10-08 13:23:48
DM-13-07-04-04,custom_60d,111.163,104.212,6.67,6.95,yellow,4178.08,3967.09,5.32,210.99,yellow,7.0,31.0,2026-10-01,2026-10-07,2026-10-08 13:23:48
DM-13-07-05-01,custom_60d,135.253,107.796,25.47,27.46,red,4886.26,4270.53,14.42,615.73,yellow,7.0,31.0,2026-10-01,2026-10-07,2026-10-08 13:23:48
DM-13-07-05-02,custom_60d,9.724,21.904,-55.61,-12.18,green,744.65,1225.86,-39.25,-481.21,green,7.0,31.0,2026-10-01,2026-10-07,2026-10-08 13:23:48
DM-13-07-05-03,custom_60d,399.577,386.149,3.48,13.43,green,12075.7,12272.12,-1.6,-196.42,green,7.0,31.0,2026-10-01,2026-10-07,2026-10-08 13:23:48
DM-13-07-06-01,custom_60d,202.718,212.92,-4.79,-10.2,green,6753.23,6647.14,1.6,106.09,green,7.0,31.0,2026-10-01,2026-10-07,2026-10-08 13:23:48
DM-13-07-06-02,custom_60d,51.746,105.894,-51.13,-54.15,green,1268.51,3181.55,-60.13,-1913.04,green,7.0,31.0,2026-10-01,2026-10-07,2026-10-08 13:23:48
DM-13-07-06-03,custom_60d,105.765,76.529,38.2,29.24,red,4285.33,3104.24,38.05,1181.09,red,7.0,31.0,2026-10-01,2026-10-07,2026-10-08 13:23:48
DM-13-07-07-01,custom_60d,76.564,64.105,19.44,12.46,yellow,2882.67,2771.6,4.01,111.07,green,7.0,31.0,2026-10-01,2026-10-07,2026-10-08 13:23:48
DM-13-07-07-02,custom_60d,65.027,72.084,-9.79,-7.06,green,2281.24,2378.36,-4.08,-97.12,green,7.0,31.0,2026-10-01,2026-10-07,2026-10-08 13:23:48
DM-13-07-07-03,custom_60d,56.679,38.986,45.38,17.69,red,1861.68,1649.47,12.87,212.21,yellow,7.0,31.0,2026-10-01,2026-10-07,2026-10-08 13:23:48
DM-13-07-07-04,custom_60d,61.435,66.504,-7.62,-5.07,green,2618.23,2367.42,10.59,250.81,yellow,7.0,31.0,2026-10-01,2026-10-07,2026-10-08 13:23:48
DM-13-07-07-05,custom_60d,804.654,808.802,-0.51,-4.15,green,21775.01,22230.75,-2.05,-455.74,green,7.0,31.0,2026-10-01,2026-10-07,2026-10-08 13:23:48
DM-13-07-07-06,custom_60d,43.205,45.822,-5.71,-2.62,green,1046.8,1168.43,-10.41,-121.63,green,7.0,31.0,2026-10-01,2026-10-07,2026-10-08 13:23:48
DM-14-05-01-02,custom_60d,179.311,159.973,12.09,19.34,yellow,6879.68,6878.15,0.02,1.53,green,7.0,31.0,2026-10-01,2026-10-07,2026-10-08 13:23:48
DM-14-05-02-01,custom_60d,170.872,197.101,-13.31,-26.23,green,7360.25,8406.99,-12.45,-1046.74,green,7.0,31.0,2026-10-01,2026-10-07,2026-10-08 13:23:48
DM-14-05-03-01,custom_60d,80.806,144.947,-44.25,-64.14,green,3405.77,3524.0,-3.35,-118.23,green,7.0,31.0,2026-10-01,2026-10-07,2026-10-08 13:23:48
DM-14-05-05-01,custom_60d,89.615,114.628,-21.82,-25.01,green,3908.96,4420.11,-11.56,-511.15,green,7.0,31.0,2026-10-01,2026-10-07,2026-10-08 13:23:48
DM-14-05-06-01,custom_60d,135.966,140.143,-2.98,-4.18,green,6785.57,7122.02,-4.72,-336.45,green,7.0,31.0,2026-10-01,2026-10-07,2026-10-08 13:23:48
DM-14-05-06-02,custom_60d,82.51,107.219,-23.05,-24.71,green,3710.75,4260.1,-12.9,-549.35,green,7.0,31.0,2026-10-01,2026-10-07,2026-10-08 13:23:48
DM-14-05-07-01,custom_60d,167.073,172.977,-3.41,-5.9,green,6805.22,7231.31,-5.89,-426.09,green,7.0,31.0,2026-10-01,2026-10-07,2026-10-08 13:23:48
DM-14-06-01-01,custom_60d,42.691,46.952,-9.08,-4.26,green,1962.65,2131.01,-7.9,-168.36,green,7.0,31.0,2026-10-01,2026-10-07,2026-10-08 13:23:48
DM-14-06-01-02,custom_60d,25.984,26.278,-1.12,-0.29,green,1025.61,1032.35,-0.65,-6.74,green,7.0,31.0,2026-10-01,2026-10-07,2026-10-08 13:23:48
DM-14-06-02-02,custom_60d,127.114,147.72,-13.95,-20.61,green,4526.79,5177.95,-12.58,-651.16,green,7.0,31.0,2026-10-01,2026-10-07,2026-10-08 13:23:48
DM-14-06-03-01,custom_60d,40.952,60.796,-32.64,-19.84,green,2226.91,2443.79,-8.87,-216.88,green,7.0,31.0,2026-10-01,2026-10-07,2026-10-08 13:23:48
DM-14-06-04-01,custom_60d,121.244,158.699,-23.6,-37.46,green,3958.2,4107.84,-3.64,-149.64,green,7.0,31.0,2026-10-01,2026-10-07,2026-10-08 13:23:48
DM-14-06-04-02,custom_60d,57.879,91.95,-37.05,-34.07,green,2136.43,3010.24,-29.03,-873.81,green,7.0,31.0,2026-10-01,2026-10-07,2026-10-08 13:23:48
DM-14-06-04-03,custom_60d,65.369,55.855,17.03,9.51,yellow,2568.91,2492.28,3.07,76.63,green,7.0,31.0,2026-10-01,2026-10-07,2026-10-08 13:23:48
DM-14-06-04-04,custom_60d,121.499,121.051,0.37,0.45,green,3514.62,3939.62,-10.79,-425.0,green,7.0,31.0,2026-10-01,2026-10-07,2026-10-08 13:23:48
DM-14-06-05-01,custom_60d,62.238,136.011,-54.24,-73.77,green,3364.2,3591.95,-6.34,-227.75,green,7.0,31.0,2026-10-01,2026-10-07,2026-10-08 13:23:48
DM-14-06-06-01,custom_60d,0.0,0.0,,,gray,0.0,0.0,,,gray,7.0,31.0,2026-10-01,2026-10-07,2026-10-08 13:23:48
DM-14-06-06-02,custom_60d,43.433,57.662,-24.68,-14.23,green,2503.63,2771.96,-9.68,-268.33,green,7.0,31.0,2026-10-01,2026-10-07,2026-10-08 13:23:48
DM-14-07-01-01,custom_60d,2.741,4.299,-36.24,-1.56,green,109.96,397.27,-72.32,-287.31,green,7.0,31.0,2026-10-01,2026-10-07,2026-10-08 13:23:48
DM-14-07-01-02,custom_60d,36.364,28.367,28.19,8.0,red,1310.38,1224.52,7.01,85.86,yellow,7.0,31.0,2026-10-01,2026-10-07,2026-10-08 13:23:48
DM-14-07-01-03,custom_60d,36.045,39.886,-9.63,-3.84,green,1358.42,1427.07,-4.81,-68.65,green,7.0,31.0,2026-10-01,2026-10-07,2026-10-08 13:23:48
DM-14-07-02-01,custom_60d,,,,,gray,2708.96,2570.68,5.38,138.28,yellow,7.0,31.0,2026-10-01,2026-10-07,2026-10-08 13:23:48
DM-14-07-02-02,custom_60d,0.245,0.39,-37.18,-0.15,green,6.75,10.58,-36.2,-3.83,green,7.0,31.0,2026-10-01,2026-10-07,2026-10-08 13:23:48
DM-14-07-03-01,custom_60d,53.167,89.794,-40.79,-36.63,green,1999.34,2401.47,-16.75,-402.13,green,7.0,31.0,2026-10-01,2026-10-07,2026-10-08 13:23:48
DM-14-07-03-02,custom_60d,52.154,70.039,-25.54,-17.88,green,2173.4,2575.77,-15.62,-402.37,green,7.0,31.0,2026-10-01,2026-10-07,2026-10-08 13:23:48
DM-14-07-03-03,custom_60d,9.74,510.606,-98.09,-500.87,green,140.14,12261.76,-98.86,-12121.62,green,7.0,31.0,2026-10-01,2026-10-07,2026-10-08 13:23:48
DM-14-07-03-04,custom_60d,68.155,84.217,-19.07,-16.06,green,2070.59,2423.81,-14.57,-353.22,green,7.0,31.0,2026-10-01,2026-10-07,2026-10-08 13:23:48
DM-14-07-04-01,custom_60d,164.048,179.813,-8.77,-15.76,green,5585.31,6502.39,-14.1,-917.08,green,7.0,31.0,2026-10-01,2026-10-07,2026-10-08 13:23:48
DM-14-07-05-01,custom_60d,84.256,112.434,-25.06,-28.18,green,3529.93,4551.27,-22.44,-1021.34,green,7.0,31.0,2026-10-01,2026-10-07,2026-10-08 13:23:48
DM-14-07-06-01,custom_60d,0.0,0.0,,,gray,0.0,0.0,,,gray,7.0,31.0,2026-10-01,2026-10-07,2026-10-08 13:23:48
DM-14-07-06-02,custom_60d,,93.543,,,gray,,757.35,,,gray,,26.0,,,2026-10-08 13:23:48
DM-14-07-07-01,custom_60d,126.551,131.079,-3.45,-4.53,green,5064.26,5241.72,-3.39,-177.46,green,7.0,31.0,2026-10-01,2026-10-07,2026-10-08 13:23:48
DM-14-07-07-02,custom_60d,145.457,154.904,-6.1,-9.45,green,5358.01,6276.15,-14.63,-918.14,green,7.0,31.0,2026-10-01,2026-10-07,2026-10-08 13:23:48
DM-14-07-08-01,custom_60d,0.0,0.0,,,gray,0.0,0.0,,,gray,7.0,31.0,2026-10-01,2026-10-07,2026-10-08 13:23:48
DM-14-07-10-01,custom_60d,24.804,25.298,-1.95,-0.49,green,857.18,1071.38,-19.99,-214.2,green,7.0,31.0,2026-10-01,2026-10-07,2026-10-08 13:23:48
DM-14-09-01-01,custom_60d,121.009,128.735,-6.0,-7.73,green,4340.8,4639.26,-6.43,-298.46,green,7.0,31.0,2026-10-01,2026-10-07,2026-10-08 13:23:48
DM-14-09-02-01,custom_60d,193.19,210.138,-8.07,-16.95,green,7054.83,7742.13,-8.88,-687.3,green,7.0,31.0,2026-10-01,2026-10-07,2026-10-08 13:23:48
DM-14-09-02-02,custom_60d,57.404,70.868,-19.0,-13.46,green,2039.3,2589.09,-21.23,-549.79,green,7.0,31.0,2026-10-01,2026-10-07,2026-10-08 13:23:48
DM-14-09-02-03,custom_60d,52.627,50.158,4.92,2.47,green,1856.04,2001.99,-7.29,-145.95,green,7.0,31.0,2026-10-01,2026-10-07,2026-10-08 13:23:48
DM-14-09-02-04,custom_60d,72.388,91.881,-21.22,-19.49,green,3370.97,3927.65,-14.17,-556.68,green,7.0,19.0,2026-10-01,2026-10-07,2026-10-08 13:23:48
DM-14-09-03-01,custom_60d,88.233,116.058,-23.98,-27.83,green,3465.25,4525.54,-23.43,-1060.29,green,7.0,31.0,2026-10-01,2026-10-07,2026-10-08 13:23:48
DM-14-10-01-01,custom_60d,43.153,41.944,2.88,1.21,green,1970.92,1977.56,-0.34,-6.64,green,7.0,31.0,2026-10-01,2026-10-07,2026-10-08 13:23:48
DM-14-10-02-01,custom_60d,33.197,34.034,-2.46,-0.84,green,1403.39,1460.38,-3.9,-56.99,green,7.0,31.0,2026-10-01,2026-10-07,2026-10-08 13:23:48
DM-14-10-03-01,custom_60d,31.336,31.886,-1.72,-0.55,green,1641.67,1592.35,3.1,49.32,green,7.0,31.0,2026-10-01,2026-10-07,2026-10-08 13:23:48
DM-14-10-03-02,custom_60d,49.784,56.728,-12.24,-6.94,green,2350.02,2533.56,-7.24,-183.54,green,7.0,31.0,2026-10-01,2026-10-07,2026-10-08 13:23:48
DM-14-10-04-02,custom_60d,53.279,51.45,3.55,1.83,green,2353.09,2641.93,-10.93,-288.84,green,7.0,31.0,2026-10-01,2026-10-07,2026-10-08 13:23:48
DM-14-10-05-01,custom_60d,4.295,8.335,-48.47,-4.04,green,381.45,718.57,-46.92,-337.12,green,7.0,31.0,2026-10-01,2026-10-07,2026-10-08 13:23:48
DM-14-10-05-02,custom_60d,56.586,59.439,-4.8,-2.85,green,2633.75,2755.53,-4.42,-121.78,green,7.0,31.0,2026-10-01,2026-10-07,2026-10-08 13:23:48
DM-14-10-06-01,custom_60d,85.6,9.868,767.45,75.73,red,3083.87,420.74,632.96,2663.13,red,7.0,31.0,2026-10-01,2026-10-07,2026-10-08 13:23:48
DM-14-10-07-01,custom_60d,,,,,gray,1200.77,1252.36,-4.12,-51.59,green,7.0,31.0,2026-10-01,2026-10-07,2026-10-08 13:23:48
DM-14-10-07-02,custom_60d,59.155,81.917,-27.79,-22.76,green,1800.17,2493.38,-27.8,-693.21,green,7.0,31.0,2026-10-01,2026-10-07,2026-10-08 13:23:48
DM-14-11-01-01,custom_60d,0.254,0.104,144.23,0.15,red,6.94,2.96,134.46,3.98,red,7.0,31.0,2026-10-01,2026-10-07,2026-10-08 13:23:48
DM-14-11-01-02,custom_60d,0.0,0.0,,,gray,0.11,0.0,,,gray,7.0,31.0,2026-10-01,2026-10-07,2026-10-08 13:23:48
DM-14-11-02-01,custom_60d,0.0,0.0,,,gray,0.0,0.0,,,gray,7.0,31.0,2026-10-01,2026-10-07,2026-10-08 13:23:48
DM-14-11-02-02,custom_60d,0.0,0.0,,,gray,0.0,0.0,,,gray,7.0,31.0,2026-10-01,2026-10-07,2026-10-08 13:23:48
DM-14-11-03-01,custom_60d,,,,,gray,0.23,0.01,2200.0,0.22,red,6.0,17.0,2026-10-01,2026-10-07,2026-10-08 13:23:48
DM-14-11-03-02,custom_60d,0.205,6.385,-96.79,-6.18,green,216.61,168.96,28.2,47.65,red,7.0,31.0,2026-10-01,2026-10-07,2026-10-08 13:23:48
DM-14-11-03-03,custom_60d,0.069,15.316,-99.55,-15.25,green,13.12,759.99,-98.27,-746.87,green,4.0,31.0,2026-10-01,2026-10-07,2026-10-08 13:23:48
DM-14-11-03-04,custom_60d,10.56,21.922,-51.83,-11.36,green,668.03,1296.37,-48.47,-628.34,green,7.0,31.0,2026-10-01,2026-10-07,2026-10-08 13:23:48
DM-14-11-03-05,custom_60d,104.315,84.051,24.11,20.26,red,5404.96,5165.27,4.64,239.69,green,7.0,31.0,2026-10-01,2026-10-07,2026-10-08 13:23:48
DM-14-11-04-01,custom_60d,0.0,0.0,,,gray,0.0,0.0,,,gray,7.0,31.0,2026-10-01,2026-10-07,2026-10-08 13:23:48
DM-14-11-04-02,custom_60d,0.649,2.08,-68.8,-1.43,green,1096.41,1300.83,-15.71,-204.42,green,7.0,31.0,2026-10-01,2026-10-07,2026-10-08 13:23:48
DM-14-11-04-03,custom_60d,2.154,2.453,-12.19,-0.3,green,94.36,749.72,-87.41,-655.36,green,7.0,31.0,2026-10-01,2026-10-07,2026-10-08 13:23:48
DM-14-11-04-04,custom_60d,0.0,0.16,-100.0,-0.16,green,0.0,0.11,-100.0,-0.11,green,7.0,17.0,2026-10-01,2026-10-07,2026-10-08 13:23:48
DM-14-11-05-01,custom_60d,0.0,0.0,,,gray,0.0,0.0,,,gray,7.0,31.0,2026-10-01,2026-10-07,2026-10-08 13:23:48
DM-14-11-05-02,custom_60d,517.92,517.92,0.0,0.0,green,11096.25,12429.7,-10.73,-1333.45,green,7.0,31.0,2026-10-01,2026-10-07,2026-10-08 13:23:48
DM-14-11-06-01,custom_60d,0.249,0.08,211.25,0.17,red,6.49,2.07,213.53,4.42,red,7.0,31.0,2026-10-01,2026-10-07,2026-10-08 13:23:48
DM-14-11-06-02,custom_60d,0.0,0.0,,,gray,0.0,0.0,,,gray,7.0,31.0,2026-10-01,2026-10-07,2026-10-08 13:23:48
DM-14-11-06-03,custom_60d,517.92,517.92,0.0,0.0,green,11096.12,12428.65,-10.72,-1332.53,green,7.0,31.0,2026-10-01,2026-10-07,2026-10-08 13:23:48
DM-14-11-06-04,custom_60d,57.055,61.429,-7.12,-4.37,green,1698.63,2692.17,-36.9,-993.54,green,7.0,31.0,2026-10-01,2026-10-07,2026-10-08 13:23:48
DM-14-11-07-01,custom_60d,151.158,177.329,-14.76,-26.17,green,3762.63,4558.37,-17.46,-795.74,green,7.0,31.0,2026-10-01,2026-10-07,2026-10-08 13:23:48
DM-14-11-07-02,custom_60d,12.757,2.304,453.69,10.45,red,542.64,94.07,476.85,448.57,red,7.0,31.0,2026-10-01,2026-10-07,2026-10-08 13:23:48
DM-14-11-07-03,custom_60d,0.0,0.386,-100.0,-0.39,green,0.0,16.56,-100.0,-16.56,green,7.0,31.0,2026-10-01,2026-10-07,2026-10-08 13:23:48
DM-14-11-07-04,custom_60d,0.0,0.0,,,gray,0.0,0.0,,,gray,7.0,31.0,2026-10-01,2026-10-07,2026-10-08 13:23:48
DM-14-11-07-05,custom_60d,2.175,8.511,-74.44,-6.34,green,249.22,487.99,-48.93,-238.77,green,7.0,31.0,2026-10-01,2026-10-07,2026-10-08 13:23:48
DM-14-11-08-01,custom_60d,0.0,0.0,,,gray,0.0,0.0,,,gray,7.0,31.0,2026-10-01,2026-10-07,2026-10-08 13:23:48
DM-14-11-08-02,custom_60d,0.0,0.0,,,gray,0.0,0.0,,,gray,7.0,31.0,2026-10-01,2026-10-07,2026-10-08 13:23:48
DM-14-11-08-03,custom_60d,5.074,9.396,-46.0,-4.32,green,201.14,917.87,-78.09,-716.73,green,7.0,31.0,2026-10-01,2026-10-07,2026-10-08 13:23:48
DM-14-11-08-04,custom_60d,0.968,7.534,-87.15,-6.57,green,159.52,923.98,-82.74,-764.46,green,7.0,30.0,2026-10-01,2026-10-07,2026-10-08 13:23:48
DM-14-11-08-05,custom_60d,3.172,3.477,-8.77,-0.3,green,421.22,522.34,-19.36,-101.12,green,7.0,31.0,2026-10-01,2026-10-07,2026-10-08 13:23:48
DM-14-11-09-01,custom_60d,0.002,0.013,-84.62,-0.01,green,0.23,2.03,-88.67,-1.8,green,7.0,31.0,2026-10-01,2026-10-07,2026-10-08 13:23:48
DM-14-11-10-01,custom_60d,0.0,0.0,,,gray,0.0,0.0,,,gray,7.0,31.0,2026-10-01,2026-10-07,2026-10-08 13:23:48
DM-14-11-11-01,custom_60d,0.0,0.0,,,gray,0.0,0.0,,,gray,7.0,31.0,2026-10-01,2026-10-07,2026-10-08 13:23:48
DM-14-11-11-02,custom_60d,0.0,0.0,,,gray,0.0,0.0,,,gray,7.0,31.0,2026-10-01,2026-10-07,2026-10-08 13:23:48
DM-14-11-12-01,custom_60d,0.0,0.0,,,gray,0.0,0.0,,,gray,7.0,31.0,2026-10-01,2026-10-07,2026-10-08 13:23:48
DM-14-11-16-01,custom_60d,0.0,0.14,-100.0,-0.14,green,0.0,0.46,-100.0,-0.46,green,7.0,19.0,2026-10-01,2026-10-07,2026-10-08 13:23:48
DM-14-11-17-01,custom_60d,0.01,0.01,0.0,0.0,green,0.21,0.24,-12.5,-0.03,green,7.0,31.0,2026-10-01,2026-10-07,2026-10-08 13:23:48
DM-14-11-18-01,custom_60d,111.322,111.333,-0.01,-0.01,green,4628.47,5271.68,-12.2,-643.21,green,7.0,31.0,2026-10-01,2026-10-07,2026-10-08 13:23:48
DM-14-17-01-01,custom_60d,100.677,106.802,-5.73,-6.12,green,4404.94,4350.06,1.26,54.88,green,7.0,31.0,2026-10-01,2026-10-07,2026-10-08 13:23:48
DM-14-17-01-02,custom_60d,106.667,51.377,107.62,55.29,red,3989.11,1820.59,119.11,2168.52,red,7.0,31.0,2026-10-01,2026-10-07,2026-10-08 13:23:48
DM-14-17-02-01,custom_60d,32.054,33.634,-4.7,-1.58,green,1568.59,1663.82,-5.72,-95.23,green,7.0,31.0,2026-10-01,2026-10-07,2026-10-08 13:23:48
DM-14-17-02-02,custom_60d,74.167,112.321,-33.97,-38.15,green,3044.53,3262.64,-6.69,-218.11,green,7.0,31.0,2026-10-01,2026-10-07,2026-10-08 13:23:48
DM-14-17-03-01,custom_60d,56.239,68.891,-18.37,-12.65,green,2265.18,2593.34,-12.65,-328.16,green,7.0,31.0,2026-10-01,2026-10-07,2026-10-08 13:23:48
DM-14-17-03-02,custom_60d,133.01,83.138,59.99,49.87,red,3181.85,2627.7,21.09,554.15,red,7.0,31.0,2026-10-01,2026-10-07,2026-10-08 13:23:48
DM-14-17-04-01,custom_60d,66.086,85.115,-22.36,-19.03,green,2959.42,3472.74,-14.78,-513.32,green,7.0,31.0,2026-10-01,2026-10-07,2026-10-08 13:23:48
DM-14-17-04-02,custom_60d,39.014,34.771,12.2,4.24,yellow,1670.26,1387.18,20.41,283.08,red,7.0,31.0,2026-10-01,2026-10-07,2026-10-08 13:23:48
DM-14-17-05-01,custom_60d,80.376,97.534,-17.59,-17.16,green,5532.76,5603.74,-1.27,-70.98,green,7.0,31.0,2026-10-01,2026-10-07,2026-10-08 13:23:48
DM-14-17-06-01,custom_60d,41.633,36.174,15.09,5.46,yellow,2408.46,2324.75,3.6,83.71,green,7.0,31.0,2026-10-01,2026-10-07,2026-10-08 13:23:48
DM-14-18-01-01,custom_60d,90.491,107.144,-15.54,-16.65,green,3120.12,3445.11,-9.43,-324.99,green,7.0,31.0,2026-10-01,2026-10-07,2026-10-08 13:23:48
DM-14-18-01-02,custom_60d,116.541,91.288,27.66,25.25,red,4383.65,2980.05,47.1,1403.6,red,7.0,31.0,2026-10-01,2026-10-07,2026-10-08 13:23:48
DM-14-18-02-01,custom_60d,85.958,113.391,-24.19,-27.43,green,4313.79,4654.66,-7.32,-340.87,green,7.0,31.0,2026-10-01,2026-10-07,2026-10-08 13:23:48
DM-14-18-02-02,custom_60d,39.158,138.796,-71.79,-99.64,green,2635.75,4838.47,-45.53,-2202.72,green,7.0,31.0,2026-10-01,2026-10-07,2026-10-08 13:23:48
DM-14-18-02-04,custom_60d,,,,,gray,51.06,2937.96,-98.26,-2886.9,green,7.0,31.0,2026-10-01,2026-10-07,2026-10-08 13:23:48
DM-14-18-03-01,custom_60d,114.435,101.194,13.08,13.24,yellow,4465.83,4189.64,6.59,276.19,yellow,7.0,31.0,2026-10-01,2026-10-07,2026-10-08 13:23:48
DM-14-18-04-01,custom_60d,21.622,9.209,134.79,12.41,red,1033.16,260.6,296.45,772.56,red,7.0,31.0,2026-10-01,2026-10-07,2026-10-08 13:23:48
DM-14-18-04-02,custom_60d,16.253,19.032,-14.6,-2.78,green,1723.47,2024.96,-14.89,-301.49,green,7.0,31.0,2026-10-01,2026-10-07,2026-10-08 13:23:48
DM-14-18-04-03,custom_60d,0.38,4.967,-92.35,-4.59,green,8.8,139.45,-93.69,-130.65,green,7.0,31.0,2026-10-01,2026-10-07,2026-10-08 13:23:48
DM-14-18-05-01,custom_60d,44.958,45.909,-2.07,-0.95,green,2389.56,2392.76,-0.13,-3.2,green,7.0,31.0,2026-10-01,2026-10-07,2026-10-08 13:23:48
DM-14-18-05-02,custom_60d,27.333,0.1,27233.0,27.23,red,1211.8,2.4,50391.67,1209.4,red,7.0,31.0,2026-10-01,2026-10-07,2026-10-08 13:23:48
DM-14-18-06-01,custom_60d,45.219,42.718,5.85,2.5,yellow,2438.94,2407.53,1.3,31.41,green,7.0,31.0,2026-10-01,2026-10-07,2026-10-08 13:23:48
DM-14-18-06-02,custom_60d,0.602,0.0,,,gray,54.98,0.0,,,gray,7.0,31.0,2026-10-01,2026-10-07,2026-10-08 13:23:48
DM-15-01-01-01,custom_60d,34.671,40.923,-15.28,-6.25,green,1279.68,1381.91,-7.4,-102.23,green,7.0,31.0,2026-10-01,2026-10-07,2026-10-08 13:23:48
DM-15-01-02-01,custom_60d,94.313,98.429,-4.18,-4.12,green,2806.25,3042.38,-7.76,-236.13,green,7.0,31.0,2026-10-01,2026-10-07,2026-10-08 13:23:48
DM-15-01-03-01,custom_60d,77.739,77.922,-0.23,-0.18,green,3535.85,3963.01,-10.78,-427.16,green,7.0,31.0,2026-10-01,2026-10-07,2026-10-08 13:23:48
DM-15-01-04-01,custom_60d,23.628,27.82,-15.07,-4.19,green,532.02,1627.22,-67.3,-1095.2,green,7.0,31.0,2026-10-01,2026-10-07,2026-10-08 13:23:48
DM-15-01-04-02,custom_60d,0.0,0.0,,,gray,0.0,0.0,,,gray,7.0,31.0,2026-10-01,2026-10-07,2026-10-08 13:23:48
DM-15-01-05-01,custom_60d,165.096,,,,gray,3879.31,3927.37,-1.22,-48.06,green,7.0,31.0,2026-10-01,2026-10-07,2026-10-08 13:23:48
DM-15-01-05-02,custom_60d,8.518,8.52,-0.02,-0.0,green,192.73,215.81,-10.69,-23.08,green,7.0,31.0,2026-10-01,2026-10-07,2026-10-08 13:23:48
DM-15-01-06-01,custom_60d,70.187,67.14,4.54,3.05,green,2638.03,2549.07,3.49,88.96,green,7.0,31.0,2026-10-01,2026-10-07,2026-10-08 13:23:48
DM-15-01-07-01,custom_60d,47.058,41.507,13.37,5.55,yellow,1766.93,1374.03,28.59,392.9,red,7.0,31.0,2026-10-01,2026-10-07,2026-10-08 13:23:48
DM-15-02-01-01,custom_60d,25.034,,,,gray,1325.81,5000.09,-73.48,-3674.28,green,7.0,31.0,2026-10-01,2026-10-07,2026-10-08 13:23:48
DM-15-02-02-01,custom_60d,114.447,128.636,-11.03,-14.19,green,4039.49,4140.35,-2.44,-100.86,green,7.0,31.0,2026-10-01,2026-10-07,2026-10-08 13:23:48
DM-15-02-03-01,custom_60d,100.977,,,,gray,3522.71,4063.96,-13.32,-541.25,green,7.0,31.0,2026-10-01,2026-10-07,2026-10-08 13:23:48
DM-15-02-04-01,custom_60d,136.325,110.877,22.95,25.45,red,4523.42,3877.77,16.65,645.65,yellow,7.0,31.0,2026-10-01,2026-10-07,2026-10-08 13:23:48
DM-15-02-05-01,custom_60d,49.269,68.175,-27.73,-18.91,green,1974.03,2508.2,-21.3,-534.17,green,7.0,31.0,2026-10-01,2026-10-07,2026-10-08 13:23:48
DM-15-02-06-01,custom_60d,81.384,80.721,0.82,0.66,green,3197.13,3116.89,2.57,80.24,green,7.0,31.0,2026-10-01,2026-10-07,2026-10-08 13:23:48
DM-15-03-01-01,custom_60d,123.488,,,,gray,4170.78,4253.02,-1.93,-82.24,green,7.0,31.0,2026-10-01,2026-10-07,2026-10-08 13:23:48
DM-15-03-02-01,custom_60d,0.0,0.0,,,gray,0.0,0.0,,,gray,7.0,31.0,2026-10-01,2026-10-07,2026-10-08 13:23:48
DM-15-03-03-01,custom_60d,122.597,110.975,10.47,11.62,yellow,3423.96,3261.88,4.97,162.08,green,7.0,31.0,2026-10-01,2026-10-07,2026-10-08 13:23:48
DM-15-03-04-01,custom_60d,122.344,,,,gray,4046.58,4549.43,-11.05,-502.85,green,7.0,31.0,2026-10-01,2026-10-07,2026-10-08 13:23:48
DM-15-03-05-01,custom_60d,109.616,108.046,1.45,1.57,green,4053.55,4113.08,-1.45,-59.53,green,7.0,31.0,2026-10-01,2026-10-07,2026-10-08 13:23:48
DM-15-03-06-01,custom_60d,62.528,,,,gray,2759.41,2706.95,1.94,52.46,green,7.0,31.0,2026-10-01,2026-10-07,2026-10-08 13:23:48
DM-15-03-07-01,custom_60d,,0.16,,,gray,,0.19,,,gray,,21.0,,,2026-10-08 13:23:48
DM-15-03-08-01,custom_60d,71.501,,,,gray,2154.09,,,,gray,7.0,,2026-10-01,2026-10-07,2026-10-08 13:23:48
DM-15-04-01-01,custom_60d,38.637,40.641,-4.93,-2.0,green,1716.04,1751.6,-2.03,-35.56,green,7.0,31.0,2026-10-01,2026-10-07,2026-10-08 13:23:48
DM-15-04-02-01,custom_60d,49.563,53.843,-7.95,-4.28,green,2102.84,2223.54,-5.43,-120.7,green,7.0,31.0,2026-10-01,2026-10-07,2026-10-08 13:23:48
DM-15-04-02-02,custom_60d,62.5,88.241,-29.17,-25.74,green,2254.62,3155.74,-28.55,-901.12,green,7.0,31.0,2026-10-01,2026-10-07,2026-10-08 13:23:48
DM-15-04-03-01,custom_60d,147.414,167.641,-12.07,-20.23,green,7202.87,7613.13,-5.39,-410.26,green,7.0,31.0,2026-10-01,2026-10-07,2026-10-08 13:23:48
DM-15-04-04-01,custom_60d,48.449,50.649,-4.34,-2.2,green,1873.23,1880.36,-0.38,-7.13,green,7.0,31.0,2026-10-01,2026-10-07,2026-10-08 13:23:48
DM-15-04-04-02,custom_60d,44.863,45.888,-2.23,-1.02,green,1803.45,2319.11,-22.24,-515.66,green,7.0,31.0,2026-10-01,2026-10-07,2026-10-08 13:23:48
DM-15-04-05-01,custom_60d,49.803,51.167,-2.67,-1.36,green,1164.89,2141.6,-45.61,-976.71,green,7.0,31.0,2026-10-01,2026-10-07,2026-10-08 13:23:48
DM-15-05-01-01,custom_60d,28.033,27.301,2.68,0.73,green,1294.1,1260.44,2.67,33.66,green,7.0,31.0,2026-10-01,2026-10-07,2026-10-08 13:23:48
DM-15-05-02-01,custom_60d,143.276,179.484,-20.17,-36.21,green,5438.21,6721.68,-19.09,-1283.47,green,7.0,31.0,2026-10-01,2026-10-07,2026-10-08 13:23:48
DM-15-05-03-01,custom_60d,149.217,172.603,-13.55,-23.39,green,6572.4,7324.09,-10.26,-751.69,green,7.0,31.0,2026-10-01,2026-10-07,2026-10-08 13:23:48
DM-15-05-04-01,custom_60d,67.296,67.376,-0.12,-0.08,green,3167.42,3166.04,0.04,1.38,green,7.0,31.0,2026-10-01,2026-10-07,2026-10-08 13:23:48
DM-15-05-05-01,custom_60d,8.635,7.187,20.15,1.45,red,451.93,388.75,16.25,63.18,yellow,7.0,31.0,2026-10-01,2026-10-07,2026-10-08 13:23:48
DM-15-05-07-01,custom_60d,256.904,250.606,2.51,6.3,green,6502.33,5848.17,11.19,654.16,yellow,7.0,31.0,2026-10-01,2026-10-07,2026-10-08 13:23:48
DM-15-05-08-01,custom_60d,392.011,64.514,507.64,327.5,red,9913.08,1551.23,539.05,8361.85,red,7.0,31.0,2026-10-01,2026-10-07,2026-10-08 13:23:48
DM-15-05-09-01,custom_60d,265.516,51.258,418.0,214.26,red,6955.93,2343.66,196.8,4612.27,red,7.0,31.0,2026-10-01,2026-10-07,2026-10-08 13:23:48
DM-15-06-01-01,custom_60d,138.53,154.144,-10.13,-15.61,green,4848.16,5336.02,-9.14,-487.86,green,7.0,31.0,2026-10-01,2026-10-07,2026-10-08 13:23:48
DM-15-06-02-01,custom_60d,200.779,188.911,6.28,11.87,yellow,7913.9,8301.28,-4.67,-387.38,green,7.0,31.0,2026-10-01,2026-10-07,2026-10-08 13:23:48
DM-15-06-02-02,custom_60d,0.01,0.01,0.0,0.0,green,0.21,0.24,-12.5,-0.03,green,7.0,31.0,2026-10-01,2026-10-07,2026-10-08 13:23:48
DM-15-06-03-01,custom_60d,138.812,151.83,-8.57,-13.02,green,5824.78,5956.35,-2.21,-131.57,green,7.0,31.0,2026-10-01,2026-10-07,2026-10-08 13:23:48
DM-15-06-04-01,custom_60d,69.427,72.008,-3.58,-2.58,green,3443.43,3645.12,-5.53,-201.69,green,7.0,31.0,2026-10-01,2026-10-07,2026-10-08 13:23:48
DM-15-06-05-01,custom_60d,9.965,16.134,-38.24,-6.17,green,655.06,861.74,-23.98,-206.68,green,7.0,31.0,2026-10-01,2026-10-07,2026-10-08 13:23:48
DM-15-07-01-01,custom_60d,64.328,56.112,14.64,8.22,yellow,2389.09,1997.65,19.6,391.44,yellow,7.0,31.0,2026-10-01,2026-10-07,2026-10-08 13:23:48
DM-15-07-02-01,custom_60d,140.704,157.511,-10.67,-16.81,green,5823.11,5982.97,-2.67,-159.86,green,7.0,31.0,2026-10-01,2026-10-07,2026-10-08 13:23:48
DM-15-07-03-01,custom_60d,149.384,128.211,16.51,21.17,yellow,6046.47,5574.06,8.48,472.41,yellow,7.0,31.0,2026-10-01,2026-10-07,2026-10-08 13:23:48
DM-15-07-04-01,custom_60d,181.969,128.977,41.09,52.99,red,7039.98,5394.04,30.51,1645.94,red,7.0,31.0,2026-10-01,2026-10-07,2026-10-08 13:23:48
DM-15-07-05-01,custom_60d,41.043,50.016,-17.94,-8.97,green,1903.24,2106.05,-9.63,-202.81,green,7.0,31.0,2026-10-01,2026-10-07,2026-10-08 13:23:48
DM-15-07-06-01,custom_60d,0.148,1.423,-89.6,-1.28,green,2.4,34.79,-93.1,-32.39,green,7.0,31.0,2026-10-01,2026-10-07,2026-10-08 13:23:48
DM-15-07-07-01,custom_60d,24.12,15.644,54.18,8.48,red,763.87,593.77,28.65,170.1,red,7.0,31.0,2026-10-01,2026-10-07,2026-10-08 13:23:48
DM-15-08-01-01,custom_60d,31.382,,,,gray,1186.68,1105.43,7.35,81.25,yellow,7.0,31.0,2026-10-01,2026-10-07,2026-10-08 13:23:48
DM-15-08-01-02,custom_60d,107.993,97.508,10.75,10.48,yellow,4322.14,4005.16,7.91,316.98,yellow,7.0,31.0,2026-10-01,2026-10-07,2026-10-08 13:23:48
DM-15-08-02-01,custom_60d,0.0,0.0,,,gray,0.0,0.0,,,gray,7.0,31.0,2026-10-01,2026-10-07,2026-10-08 13:23:48
DM-15-08-03-01,custom_60d,79.629,86.033,-7.44,-6.4,green,3828.66,3912.23,-2.14,-83.57,green,7.0,31.0,2026-10-01,2026-10-07,2026-10-08 13:23:48
DM-15-08-04-01,custom_60d,163.99,102.085,60.64,61.91,red,3727.96,3882.83,-3.99,-154.87,green,7.0,31.0,2026-10-01,2026-10-07,2026-10-08 13:23:48
DM-15-08-05-01,custom_60d,119.205,53.201,124.07,66.0,red,4796.0,2300.25,108.5,2495.75,red,7.0,31.0,2026-10-01,2026-10-07,2026-10-08 13:23:48
DM-15-08-06-01,custom_60d,79.399,0.0,,,gray,2908.61,0.0,,,gray,7.0,31.0,2026-10-01,2026-10-07,2026-10-08 13:23:48
DM-15-08-06-02,custom_60d,30.251,15.983,89.27,14.27,red,610.99,649.05,-5.86,-38.06,green,7.0,31.0,2026-10-01,2026-10-07,2026-10-08 13:23:48
DM-15-08-06-03,custom_60d,51.191,68.407,-25.17,-17.22,green,2307.67,1918.31,20.3,389.36,red,7.0,31.0,2026-10-01,2026-10-07,2026-10-08 13:23:48
DM-15-08-07-01,custom_60d,45.451,43.272,5.04,2.18,yellow,1558.84,1749.99,-10.92,-191.15,green,7.0,31.0,2026-10-01,2026-10-07,2026-10-08 13:23:48
DM-15-09-01-01,custom_60d,122.233,134.357,-9.02,-12.12,green,5189.46,5611.39,-7.52,-421.93,green,7.0,31.0,2026-10-01,2026-10-07,2026-10-08 13:23:48
DM-15-09-01-02,custom_60d,15.601,17.888,-12.79,-2.29,green,935.46,1030.73,-9.24,-95.27,green,7.0,31.0,2026-10-01,2026-10-07,2026-10-08 13:23:48
DM-15-09-02-01,custom_60d,,167.045,,,gray,3112.72,4648.68,-33.04,-1535.96,green,7.0,31.0,2026-10-01,2026-10-07,2026-10-08 13:23:48
DM-15-09-02-02,custom_60d,0.0,0.0,,,gray,0.0,0.0,,,gray,7.0,31.0,2026-10-01,2026-10-07,2026-10-08 13:23:48
DM-15-09-03-01,custom_60d,0.0,8.479,-100.0,-8.48,green,0.0,103.96,-100.0,-103.96,green,7.0,31.0,2026-10-01,2026-10-07,2026-10-08 13:23:48
DM-15-09-03-02,custom_60d,96.891,87.056,11.3,9.84,yellow,3621.19,3896.18,-7.06,-274.99,green,7.0,31.0,2026-10-01,2026-10-07,2026-10-08 13:23:48
DM-15-09-05-01,custom_60d,59.411,72.294,-17.82,-12.88,green,2285.72,2477.07,-7.72,-191.35,green,7.0,31.0,2026-10-01,2026-10-07,2026-10-08 13:23:48
DM-15-09-05-02,custom_60d,0.0,0.0,,,gray,0.0,0.0,,,gray,7.0,31.0,2026-10-01,2026-10-07,2026-10-08 13:23:48
DM-15-09-05-03,custom_60d,24.659,,,,gray,1261.39,854.41,47.63,406.98,red,7.0,31.0,2026-10-01,2026-10-07,2026-10-08 13:23:48
DM-15-09-06-01,custom_60d,103.112,114.254,-9.75,-11.14,green,3123.83,3744.85,-16.58,-621.02,green,7.0,31.0,2026-10-01,2026-10-07,2026-10-08 13:23:48
DM-15-09-07-01,custom_60d,127.489,119.806,6.41,7.68,yellow,4535.34,4396.5,3.16,138.84,green,7.0,31.0,2026-10-01,2026-10-07,2026-10-08 13:23:48
DM-16-02-01-01,custom_60d,98.413,126.993,-22.51,-28.58,green,3368.46,3665.63,-8.11,-297.17,green,7.0,31.0,2026-10-01,2026-10-07,2026-10-08 13:23:48
DM-16-02-01-02,custom_60d,72.135,81.117,-11.07,-8.98,green,2501.59,2638.62,-5.19,-137.03,green,7.0,31.0,2026-10-01,2026-10-07,2026-10-08 13:23:48
DM-16-02-02-01,custom_60d,40.133,42.382,-5.31,-2.25,green,1739.68,1840.98,-5.5,-101.3,green,7.0,31.0,2026-10-01,2026-10-07,2026-10-08 13:23:48
DM-16-02-02-02,custom_60d,31.284,37.736,-17.1,-6.45,green,1578.29,1761.95,-10.42,-183.66,green,7.0,31.0,2026-10-01,2026-10-07,2026-10-08 13:23:48
DM-16-02-03-01,custom_60d,165.91,127.174,30.46,38.74,red,4940.17,4749.8,4.01,190.37,green,7.0,31.0,2026-10-01,2026-10-07,2026-10-08 13:23:48
DM-16-02-03-02,custom_60d,23.529,61.431,-61.7,-37.9,green,1693.79,2692.76,-37.1,-998.97,green,7.0,31.0,2026-10-01,2026-10-07,2026-10-08 13:23:48
DM-16-02-04-01,custom_60d,125.307,131.103,-4.42,-5.8,green,4569.13,4708.41,-2.96,-139.28,green,7.0,31.0,2026-10-01,2026-10-07,2026-10-08 13:23:48
DM-16-02-04-02,custom_60d,99.578,110.223,-9.66,-10.64,green,3708.66,3935.73,-5.77,-227.07,green,7.0,31.0,2026-10-01,2026-10-07,2026-10-08 13:23:48
DM-16-02-05-01,custom_60d,42.543,41.955,1.4,0.59,green,2020.07,2024.51,-0.22,-4.44,green,7.0,31.0,2026-10-01,2026-10-07,2026-10-08 13:23:48
DM-16-02-06-01,custom_60d,32.599,193.956,-83.19,-161.36,green,1669.66,5022.87,-66.76,-3353.21,green,7.0,31.0,2026-10-01,2026-10-07,2026-10-08 13:23:48
DM-16-03-01-01,custom_60d,64.853,2.248,2784.92,62.6,red,2820.32,68.89,3993.95,2751.43,red,7.0,31.0,2026-10-01,2026-10-07,2026-10-08 13:23:48
DM-16-03-02-01,custom_60d,6.743,11.115,-39.33,-4.37,green,304.17,372.62,-18.37,-68.45,green,7.0,31.0,2026-10-01,2026-10-07,2026-10-08 13:23:48
DM-16-03-02-02,custom_60d,68.549,80.621,-14.97,-12.07,green,2723.27,2906.11,-6.29,-182.84,green,7.0,31.0,2026-10-01,2026-10-07,2026-10-08 13:23:48
DM-16-03-03-01,custom_60d,21.764,,,,gray,930.05,893.65,4.07,36.4,green,7.0,31.0,2026-10-01,2026-10-07,2026-10-08 13:23:48
DM-16-03-04-01,custom_60d,71.062,74.192,-4.22,-3.13,green,2892.76,2960.74,-2.3,-67.98,green,7.0,31.0,2026-10-01,2026-10-07,2026-10-08 13:23:48
DM-16-03-05-01,custom_60d,80.611,79.001,2.04,1.61,green,4088.63,4042.85,1.13,45.78,green,7.0,31.0,2026-10-01,2026-10-07,2026-10-08 13:23:48
DM-16-03-05-02,custom_60d,50.089,17.679,183.32,32.41,red,2232.47,762.41,192.82,1470.06,red,7.0,31.0,2026-10-01,2026-10-07,2026-10-08 13:23:48
DM-16-03-06-01,custom_60d,124.36,146.403,-15.06,-22.04,green,4041.21,5218.73,-22.56,-1177.52,green,7.0,31.0,2026-10-01,2026-10-07,2026-10-08 13:23:48
DM-16-03-07-01,custom_60d,39.35,12.768,208.19,26.58,red,1854.22,592.76,212.81,1261.46,red,7.0,31.0,2026-10-01,2026-10-07,2026-10-08 13:23:48
DM-16-03-08-01,custom_60d,71.127,76.445,-6.96,-5.32,green,3011.68,3209.3,-6.16,-197.62,green,7.0,31.0,2026-10-01,2026-10-07,2026-10-08 13:23:48
DM-16-04-01-01,custom_60d,57.411,54.453,5.43,2.96,yellow,2455.64,2344.49,4.74,111.15,green,7.0,31.0,2026-10-01,2026-10-07,2026-10-08 13:23:48
DM-16-04-02-01,custom_60d,38.508,1.018,3682.71,37.49,red,1840.73,22.35,8135.93,1818.38,red,7.0,31.0,2026-10-01,2026-10-07,2026-10-08 13:23:48
DM-16-04-03-01,custom_60d,44.566,74.368,-40.07,-29.8,green,1959.12,2717.44,-27.91,-758.32,green,7.0,31.0,2026-10-01,2026-10-07,2026-10-08 13:23:48
DM-16-04-03-02,custom_60d,49.278,55.148,-10.64,-5.87,green,1987.4,2037.38,-2.45,-49.98,green,7.0,31.0,2026-10-01,2026-10-07,2026-10-08 13:23:48
DM-16-04-04-01,custom_60d,65.009,52.695,23.37,12.31,red,2492.25,2157.74,15.5,334.51,yellow,7.0,31.0,2026-10-01,2026-10-07,2026-10-08 13:23:48
DM-16-04-05-01,custom_60d,22.204,135.98,-83.67,-113.78,green,989.92,5308.32,-81.35,-4318.4,green,7.0,31.0,2026-10-01,2026-10-07,2026-10-08 13:23:48
DM-16-04-05-02,custom_60d,64.305,62.985,2.1,1.32,green,2787.63,2804.51,-0.6,-16.88,green,7.0,31.0,2026-10-01,2026-10-07,2026-10-08 13:23:48
DM-16-04-06-01,custom_60d,,,,,gray,6645.5,8191.28,-18.87,-1545.78,green,7.0,31.0,2026-10-01,2026-10-07,2026-10-08 13:23:48
DM-16-04-07-01,custom_60d,19.088,18.828,1.38,0.26,green,1073.05,1112.52,-3.55,-39.47,green,7.0,31.0,2026-10-01,2026-10-07,2026-10-08 13:23:48
DM-16-05-01-01,custom_60d,96.268,123.25,-21.89,-26.98,green,4442.44,5052.69,-12.08,-610.25,green,7.0,31.0,2026-10-01,2026-10-07,2026-10-08 13:23:48
DM-16-05-02-01,custom_60d,17.64,110.379,-84.02,-92.74,green,1038.47,3402.95,-69.48,-2364.48,green,7.0,31.0,2026-10-01,2026-10-07,2026-10-08 13:23:48
DM-16-05-02-02,custom_60d,,63.696,,,gray,2547.32,2253.39,13.04,293.93,yellow,7.0,31.0,2026-10-01,2026-10-07,2026-10-08 13:23:48
DM-16-05-03-01,custom_60d,169.17,80.606,109.87,88.56,red,5714.27,3001.82,90.36,2712.45,red,7.0,31.0,2026-10-01,2026-10-07,2026-10-08 13:23:48
DM-16-05-03-02,custom_60d,0.0,84.116,-100.0,-84.12,green,180.52,2920.65,-93.82,-2740.13,green,7.0,31.0,2026-10-01,2026-10-07,2026-10-08 13:23:48
DM-16-05-04-01,custom_60d,152.774,147.029,3.91,5.75,green,6271.04,6062.7,3.44,208.34,green,7.0,31.0,2026-10-01,2026-10-07,2026-10-08 13:23:48
DM-16-05-05-01,custom_60d,40.158,45.383,-11.51,-5.23,green,1944.66,1838.48,5.78,106.18,yellow,7.0,31.0,2026-10-01,2026-10-07,2026-10-08 13:23:48
DM-16-06-01-01,custom_60d,29.784,30.761,-3.18,-0.98,green,1113.68,1318.42,-15.53,-204.74,green,7.0,31.0,2026-10-01,2026-10-07,2026-10-08 13:23:48
DM-16-06-01-02,custom_60d,,,,,gray,4376.72,4383.28,-0.15,-6.56,green,7.0,31.0,2026-10-01,2026-10-07,2026-10-08 13:23:48
DM-16-06-02-01,custom_60d,82.516,104.105,-20.74,-21.59,green,3589.26,4528.72,-20.74,-939.46,green,7.0,31.0,2026-10-01,2026-10-07,2026-10-08 13:23:48
DM-16-06-03-01,custom_60d,59.912,65.476,-8.5,-5.56,green,2741.17,2959.98,-7.39,-218.81,green,7.0,31.0,2026-10-01,2026-10-07,2026-10-08 13:23:48
DM-16-06-03-02,custom_60d,473.863,473.778,0.02,0.08,green,10653.64,11935.94,-10.74,-1282.3,green,7.0,31.0,2026-10-01,2026-10-07,2026-10-08 13:23:48
DM-16-06-04-01,custom_60d,39.242,43.258,-9.28,-4.02,green,1737.61,1875.41,-7.35,-137.8,green,7.0,31.0,2026-10-01,2026-10-07,2026-10-08 13:23:48
DM-16-06-04-02,custom_60d,13.208,15.35,-13.95,-2.14,green,615.25,773.86,-20.5,-158.61,green,7.0,31.0,2026-10-01,2026-10-07,2026-10-08 13:23:48
DM-16-06-04-03,custom_60d,6.488,9.288,-30.15,-2.8,green,333.39,506.59,-34.19,-173.2,green,7.0,31.0,2026-10-01,2026-10-07,2026-10-08 13:23:48
DM-16-06-05-01,custom_60d,71.421,65.773,8.59,5.65,yellow,3254.83,3226.24,0.89,28.59,green,7.0,31.0,2026-10-01,2026-10-07,2026-10-08 13:23:48
DM-16-06-05-02,custom_60d,322.632,24.513,1216.17,298.12,red,8290.8,1163.23,612.74,7127.57,red,7.0,31.0,2026-10-01,2026-10-07,2026-10-08 13:23:48
DM-16-07-01-01,custom_60d,115.103,131.489,-12.46,-16.39,green,4233.36,4561.03,-7.18,-327.67,green,7.0,31.0,2026-10-01,2026-10-07,2026-10-08 13:23:48
DM-16-07-02-01,custom_60d,152.713,,,,gray,5515.55,5314.14,3.79,201.41,green,7.0,31.0,2026-10-01,2026-10-07,2026-10-08 13:23:48
DM-16-07-03-01,custom_60d,147.076,198.954,-26.08,-51.88,green,5479.24,6547.8,-16.32,-1068.56,green,7.0,31.0,2026-10-01,2026-10-07,2026-10-08 13:23:48
DM-16-07-04-01,custom_60d,21.094,,,,gray,745.32,874.02,-14.73,-128.7,green,7.0,31.0,2026-10-01,2026-10-07,2026-10-08 13:23:48
DM-16-07-04-02,custom_60d,163.708,174.502,-6.19,-10.79,green,5148.88,5244.18,-1.82,-95.3,green,7.0,31.0,2026-10-01,2026-10-07,2026-10-08 13:23:48
DM-16-07-05-01,custom_60d,68.164,0.0,,,gray,2292.37,1.64,139678.66,2290.73,red,7.0,31.0,2026-10-01,2026-10-07,2026-10-08 13:23:48
DM-16-07-06-02,custom_60d,90.38,136.339,-33.71,-45.96,green,3781.12,4893.63,-22.73,-1112.51,green,7.0,31.0,2026-10-01,2026-10-07,2026-10-08 13:23:48
DM-16-07-07-01,custom_60d,66.236,46.669,41.93,19.57,red,2254.61,2111.84,6.76,142.77,yellow,7.0,31.0,2026-10-01,2026-10-07,2026-10-08 13:23:48
DM-16-07-07-02,custom_60d,83.586,80.596,3.71,2.99,green,3053.3,2885.04,5.83,168.26,yellow,7.0,31.0,2026-10-01,2026-10-07,2026-10-08 13:23:48
DM-16-07-08-01,custom_60d,54.116,52.326,3.42,1.79,green,2806.48,2805.01,0.05,1.47,green,7.0,31.0,2026-10-01,2026-10-07,2026-10-08 13:23:48
DM-16-07-08-02,custom_60d,4.495,5.304,-15.25,-0.81,green,692.87,653.67,6.0,39.2,yellow,7.0,31.0,2026-10-01,2026-10-07,2026-10-08 13:23:48
DM-16-07-09-01,custom_60d,83.618,92.206,-9.31,-8.59,green,3210.68,3379.12,-4.98,-168.44,green,7.0,31.0,2026-10-01,2026-10-07,2026-10-08 13:23:48
DM-16-08-01-01,custom_60d,99.074,,,,gray,4026.68,4152.33,-3.03,-125.65,green,7.0,31.0,2026-10-01,2026-10-07,2026-10-08 13:23:48
DM-16-08-02-01,custom_60d,134.121,149.931,-10.54,-15.81,green,5999.4,7027.86,-14.63,-1028.46,green,7.0,31.0,2026-10-01,2026-10-07,2026-10-08 13:23:48
DM-16-08-02-02,custom_60d,11.198,11.255,-0.51,-0.06,green,521.57,590.96,-11.74,-69.39,green,7.0,31.0,2026-10-01,2026-10-07,2026-10-08 13:23:48
DM-16-08-03-01,custom_60d,84.281,60.484,39.34,23.8,red,3291.98,2570.86,28.05,721.12,red,7.0,31.0,2026-10-01,2026-10-07,2026-10-08 13:23:48
DM-16-08-04-01,custom_60d,100.462,108.895,-7.74,-8.43,green,3650.12,4342.95,-15.95,-692.83,green,7.0,31.0,2026-10-01,2026-10-07,2026-10-08 13:23:48
DM-16-08-04-02,custom_60d,58.887,73.492,-19.87,-14.61,green,2746.37,2897.33,-5.21,-150.96,green,7.0,31.0,2026-10-01,2026-10-07,2026-10-08 13:23:48
DM-17-01-02-01,custom_60d,98.847,99.642,-0.8,-0.8,green,3146.12,3300.38,-4.67,-154.26,green,7.0,31.0,2026-10-01,2026-10-07,2026-10-08 13:23:48
DM-17-01-02-02,custom_60d,,,,,gray,3623.63,3646.88,-0.64,-23.25,green,7.0,31.0,2026-10-01,2026-10-07,2026-10-08 13:23:48
DM-17-01-03-01,custom_60d,111.613,106.445,4.86,5.17,green,3778.81,3605.53,4.81,173.28,green,7.0,31.0,2026-10-01,2026-10-07,2026-10-08 13:23:48
DM-17-01-03-02,custom_60d,140.761,123.459,14.01,17.3,yellow,4303.54,3872.08,11.14,431.46,yellow,7.0,31.0,2026-10-01,2026-10-07,2026-10-08 13:23:48
DM-17-01-04-01,custom_60d,103.207,94.21,9.55,9.0,yellow,3947.66,3797.06,3.97,150.6,green,7.0,31.0,2026-10-01,2026-10-07,2026-10-08 13:23:48
DM-17-01-05-01,custom_60d,105.786,111.325,-4.98,-5.54,green,3884.12,3942.27,-1.48,-58.15,green,7.0,31.0,2026-10-01,2026-10-07,2026-10-08 13:23:48
DM-17-01-05-02,custom_60d,52.948,48.612,8.92,4.34,yellow,1906.14,1856.1,2.7,50.04,green,7.0,31.0,2026-10-01,2026-10-07,2026-10-08 13:23:48
DM-17-01-06-01,custom_60d,46.139,44.445,3.81,1.69,green,1708.16,1559.78,9.51,148.38,yellow,7.0,31.0,2026-10-01,2026-10-07,2026-10-08 13:23:48
DM-17-01-06-02,custom_60d,1.206,0.026,4538.46,1.18,red,35.82,0.63,5585.71,35.19,red,7.0,31.0,2026-10-01,2026-10-07,2026-10-08 13:23:48
DM-17-01-07-02,custom_60d,141.742,174.329,-18.69,-32.59,green,5043.93,5495.78,-8.22,-451.85,green,7.0,31.0,2026-10-01,2026-10-07,2026-10-08 13:23:48
DM-17-01-08-01,custom_60d,7.809,12.517,-37.61,-4.71,green,987.78,1008.13,-2.02,-20.35,green,7.0,31.0,2026-10-01,2026-10-07,2026-10-08 13:23:48
DM-17-01-08-02,custom_60d,33.393,52.259,-36.1,-18.87,green,2010.33,2097.74,-4.17,-87.41,green,7.0,31.0,2026-10-01,2026-10-07,2026-10-08 13:23:48
DM-17-01-08-03,custom_60d,31.938,34.167,-6.52,-2.23,green,1402.36,1415.54,-0.93,-13.18,green,7.0,31.0,2026-10-01,2026-10-07,2026-10-08 13:23:48
DM-17-01-09-01,custom_60d,217.235,218.698,-0.67,-1.46,green,6171.43,6212.32,-0.66,-40.89,green,7.0,31.0,2026-10-01,2026-10-07,2026-10-08 13:23:48
DM-17-01-10-01,custom_60d,123.779,124.377,-0.48,-0.6,green,4378.17,4198.15,4.29,180.02,green,7.0,31.0,2026-10-01,2026-10-07,2026-10-08 13:23:48
DM-17-01-10-02,custom_60d,45.016,41.764,7.79,3.25,yellow,1651.52,1529.92,7.95,121.6,yellow,7.0,31.0,2026-10-01,2026-10-07,2026-10-08 13:23:48
DM-17-01-11-01,custom_60d,15.779,50.228,-68.59,-34.45,green,1436.52,2280.62,-37.01,-844.1,green,7.0,31.0,2026-10-01,2026-10-07,2026-10-08 13:23:48
DM-17-01-11-02,custom_60d,0.05,0.05,0.0,0.0,green,1.2,1.2,0.0,0.0,green,7.0,31.0,2026-10-01,2026-10-07,2026-10-08 13:23:48
DM-17-01-11-03,custom_60d,0.05,0.05,0.0,0.0,green,1.2,1.2,0.0,0.0,green,7.0,31.0,2026-10-01,2026-10-07,2026-10-08 13:23:48
DM-17-01-11-04,custom_60d,0.992,1.311,-24.33,-0.32,green,23.63,30.71,-23.05,-7.08,green,7.0,31.0,2026-10-01,2026-10-07,2026-10-08 13:23:48
DM-17-02-02-01,custom_60d,165.11,165.078,0.02,0.03,green,7272.62,7074.7,2.8,197.92,green,7.0,31.0,2026-10-01,2026-10-07,2026-10-08 13:23:48
DM-17-03-01-01,custom_60d,146.193,159.786,-8.51,-13.59,green,5049.78,5758.9,-12.31,-709.12,green,7.0,31.0,2026-10-01,2026-10-07,2026-10-08 13:23:48
DM-17-03-01-02,custom_60d,163.708,107.964,51.63,55.74,red,5977.15,5097.18,17.26,879.97,yellow,7.0,31.0,2026-10-01,2026-10-07,2026-10-08 13:23:48
DM-17-03-02-01,custom_60d,55.898,51.022,9.56,4.88,yellow,1356.17,1352.83,0.25,3.34,green,7.0,31.0,2026-10-01,2026-10-07,2026-10-08 13:23:48
DM-17-03-03-01,custom_60d,0.05,0.05,0.0,0.0,green,14.76,1.2,1130.0,13.56,red,7.0,31.0,2026-10-01,2026-10-07,2026-10-08 13:23:48
DM-17-03-03-02,custom_60d,0.0,0.0,,,gray,0.0,0.0,,,gray,7.0,31.0,2026-10-01,2026-10-07,2026-10-08 13:23:48
DM-17-03-03-03,custom_60d,81.983,84.115,-2.53,-2.13,green,3438.01,3810.65,-9.78,-372.64,green,7.0,31.0,2026-10-01,2026-10-07,2026-10-08 13:23:48
DM-17-03-04-01,custom_60d,9.884,12.024,-17.8,-2.14,green,444.04,461.85,-3.86,-17.81,green,7.0,31.0,2026-10-01,2026-10-07,2026-10-08 13:23:48
DM-17-03-04-02,custom_60d,0.004,0.005,-20.0,-0.0,green,0.32,0.29,10.34,0.03,yellow,7.0,31.0,2026-10-01,2026-10-07,2026-10-08 13:23:48
DM-17-03-05-02,custom_60d,148.526,155.021,-4.19,-6.49,green,5094.69,5719.02,-10.92,-624.33,green,7.0,31.0,2026-10-01,2026-10-07,2026-10-08 13:23:48
DM-17-03-05-03,custom_60d,215.748,253.948,-15.04,-38.2,green,5957.74,7355.9,-19.01,-1398.16,green,7.0,31.0,2026-10-01,2026-10-07,2026-10-08 13:23:48
DM-17-03-05-04,custom_60d,140.588,150.044,-6.3,-9.46,green,4836.79,5170.66,-6.46,-333.87,green,7.0,31.0,2026-10-01,2026-10-07,2026-10-08 13:23:48
DM-17-03-06-01,custom_60d,140.22,140.166,0.04,0.05,green,4743.94,5436.25,-12.74,-692.31,green,7.0,31.0,2026-10-01,2026-10-07,2026-10-08 13:23:48
DM-17-03-06-02,custom_60d,128.612,157.321,-18.25,-28.71,green,5028.11,5808.2,-13.43,-780.09,green,7.0,31.0,2026-10-01,2026-10-07,2026-10-08 13:23:48
DM-17-03-07-01,custom_60d,72.822,76.357,-4.63,-3.53,green,2694.18,2897.18,-7.01,-203.0,green,7.0,31.0,2026-10-01,2026-10-07,2026-10-08 13:23:48
DM-17-03-07-02,custom_60d,98.411,105.415,-6.64,-7.0,green,4479.32,4776.76,-6.23,-297.44,green,7.0,31.0,2026-10-01,2026-10-07,2026-10-08 13:23:48
DM-17-04-01-01,custom_60d,169.761,122.699,38.36,47.06,red,4433.76,3948.74,12.28,485.02,yellow,7.0,31.0,2026-10-01,2026-10-07,2026-10-08 13:23:48
DM-17-04-01-02,custom_60d,250.418,88.644,182.5,161.77,red,6741.82,3645.63,84.93,3096.19,red,7.0,31.0,2026-10-01,2026-10-07,2026-10-08 13:23:48
DM-17-04-02-01,custom_60d,228.393,232.252,-1.66,-3.86,green,8042.14,7961.24,1.02,80.9,green,7.0,31.0,2026-10-01,2026-10-07,2026-10-08 13:23:48
DM-17-04-02-02,custom_60d,151.302,103.783,45.79,47.52,red,5639.09,4184.63,34.76,1454.46,red,7.0,31.0,2026-10-01,2026-10-07,2026-10-08 13:23:48
DM-17-04-03-01,custom_60d,107.3,113.691,-5.62,-6.39,green,3945.81,4105.58,-3.89,-159.77,green,7.0,31.0,2026-10-01,2026-10-07,2026-10-08 13:23:48
DM-17-04-03-02,custom_60d,155.471,99.481,56.28,55.99,red,5140.39,3781.23,35.94,1359.16,red,7.0,31.0,2026-10-01,2026-10-07,2026-10-08 13:23:48
DM-17-04-04-01,custom_60d,144.778,155.845,-7.1,-11.07,green,6119.96,6199.47,-1.28,-79.51,green,7.0,31.0,2026-10-01,2026-10-07,2026-10-08 13:23:48
DM-17-04-04-02,custom_60d,62.269,66.249,-6.01,-3.98,green,2936.38,3016.46,-2.65,-80.08,green,7.0,31.0,2026-10-01,2026-10-07,2026-10-08 13:23:48
DM-17-04-05-01,custom_60d,0.086,0.0,,,gray,0.27,0.0,,,gray,7.0,31.0,2026-10-01,2026-10-07,2026-10-08 13:23:48
DM-17-04-05-02,custom_60d,193.418,202.277,-4.38,-8.86,green,7446.05,7391.6,0.74,54.45,green,7.0,31.0,2026-10-01,2026-10-07,2026-10-08 13:23:48
DM-17-04-06-01,custom_60d,104.397,103.014,1.34,1.38,green,4250.5,4291.23,-0.95,-40.73,green,7.0,31.0,2026-10-01,2026-10-07,2026-10-08 13:23:48
DM-17-04-06-02,custom_60d,140.448,137.465,2.17,2.98,green,5547.72,5615.99,-1.22,-68.27,green,7.0,31.0,2026-10-01,2026-10-07,2026-10-08 13:23:48
DM-17-05-01-01,custom_60d,184.767,198.678,-7.0,-13.91,green,8616.05,8603.85,0.14,12.2,green,7.0,31.0,2026-10-01,2026-10-07,2026-10-08 13:23:48
DM-17-05-02-01,custom_60d,148.084,167.978,-11.84,-19.89,green,7042.34,7239.4,-2.72,-197.06,green,7.0,31.0,2026-10-01,2026-10-07,2026-10-08 13:23:48
DM-17-05-03-01,custom_60d,55.623,58.644,-5.15,-3.02,green,2545.51,2576.64,-1.21,-31.13,green,7.0,31.0,2026-10-01,2026-10-07,2026-10-08 13:23:48
DM-17-05-04-01,custom_60d,247.406,238.457,3.75,8.95,green,12404.7,11001.13,12.76,1403.57,yellow,7.0,31.0,2026-10-01,2026-10-07,2026-10-08 13:23:48
DM-17-05-05-01,custom_60d,146.624,149.314,-1.8,-2.69,green,7611.82,7417.99,2.61,193.83,green,7.0,31.0,2026-10-01,2026-10-07,2026-10-08 13:23:48
DM-17-05-05-02,custom_60d,30.017,32.71,-8.23,-2.69,green,1928.29,1957.46,-1.49,-29.17,green,7.0,31.0,2026-10-01,2026-10-07,2026-10-08 13:23:48
DM-17-05-06-01,custom_60d,238.906,278.364,-14.17,-39.46,green,9541.07,9823.97,-2.88,-282.9,green,7.0,31.0,2026-10-01,2026-10-07,2026-10-08 13:23:48
DM-17-06-01-01,custom_60d,100.326,113.087,-11.28,-12.76,green,3456.83,3875.44,-10.8,-418.61,green,7.0,31.0,2026-10-01,2026-10-07,2026-10-08 13:23:48
DM-17-06-01-02,custom_60d,155.533,174.33,-10.78,-18.8,green,5676.06,6174.45,-8.07,-498.39,green,7.0,31.0,2026-10-01,2026-10-07,2026-10-08 13:23:48
DM-17-06-02-01,custom_60d,134.764,149.851,-10.07,-15.09,green,4888.41,5351.84,-8.66,-463.43,green,7.0,31.0,2026-10-01,2026-10-07,2026-10-08 13:23:48
DM-17-06-02-02,custom_60d,214.574,220.008,-2.47,-5.43,green,7119.37,7339.24,-3.0,-219.87,green,7.0,31.0,2026-10-01,2026-10-07,2026-10-08 13:23:48
DM-17-06-03-01,custom_60d,242.194,249.898,-3.08,-7.7,green,8118.83,8859.99,-8.37,-741.16,green,7.0,31.0,2026-10-01,2026-10-07,2026-10-08 13:23:48
DM-17-06-04-01,custom_60d,54.672,58.199,-6.06,-3.53,green,1935.65,1982.57,-2.37,-46.92,green,7.0,31.0,2026-10-01,2026-10-07,2026-10-08 13:23:48
DM-17-06-04-02,custom_60d,39.559,44.759,-11.62,-5.2,green,1848.3,1878.8,-1.62,-30.5,green,7.0,31.0,2026-10-01,2026-10-07,2026-10-08 13:23:48
DM-17-06-04-03,custom_60d,75.049,132.967,-43.56,-57.92,green,2611.79,3790.21,-31.09,-1178.42,green,7.0,31.0,2026-10-01,2026-10-07,2026-10-08 13:23:48
DM-17-06-04-04,custom_60d,151.691,0.0,,,gray,3094.48,0.0,,,gray,7.0,31.0,2026-10-01,2026-10-07,2026-10-08 13:23:48
DM-17-06-05-01,custom_60d,232.865,246.22,-5.42,-13.35,green,8712.51,9198.09,-5.28,-485.58,green,7.0,31.0,2026-10-01,2026-10-07,2026-10-08 13:23:48
DM-17-06-06-01,custom_60d,99.245,90.006,10.26,9.24,yellow,3616.05,3476.27,4.02,139.78,green,7.0,31.0,2026-10-01,2026-10-07,2026-10-08 13:23:48
DM-17-06-07-01,custom_60d,85.646,83.77,2.24,1.88,green,3258.23,3298.96,-1.23,-40.73,green,7.0,31.0,2026-10-01,2026-10-07,2026-10-08 13:23:48
DM-17-06-07-02,custom_60d,63.121,53.805,17.31,9.32,yellow,2882.21,2608.36,10.5,273.85,yellow,7.0,31.0,2026-10-01,2026-10-07,2026-10-08 13:23:48
DM-17-06-08-01,custom_60d,83.878,83.955,-0.09,-0.08,green,3265.14,3256.33,0.27,8.81,green,7.0,31.0,2026-10-01,2026-10-07,2026-10-08 13:23:48
DM-17-06-08-02,custom_60d,93.567,90.782,3.07,2.78,green,3575.49,3560.19,0.43,15.3,green,7.0,31.0,2026-10-01,2026-10-07,2026-10-08 13:23:48
DM-17-07-01-01,custom_60d,52.135,57.073,-8.65,-4.94,green,2109.32,2320.59,-9.1,-211.27,green,7.0,31.0,2026-10-01,2026-10-07,2026-10-08 13:23:48
DM-17-07-02-01,custom_60d,0.05,0.05,0.0,0.0,green,10.22,1.2,751.67,9.02,red,7.0,31.0,2026-10-01,2026-10-07,2026-10-08 13:23:48
DM-17-07-03-01,custom_60d,0.004,0.004,0.0,0.0,green,0.52,0.49,6.12,0.03,yellow,7.0,31.0,2026-10-01,2026-10-07,2026-10-08 13:23:48
DM-17-07-03-02,custom_60d,73.22,73.252,-0.04,-0.03,green,3143.33,3008.31,4.49,135.02,green,7.0,31.0,2026-10-01,2026-10-07,2026-10-08 13:23:48
DM-17-07-04-01,custom_60d,69.704,73.646,-5.35,-3.94,green,2612.37,2728.02,-4.24,-115.65,green,7.0,31.0,2026-10-01,2026-10-07,2026-10-08 13:23:48
DM-17-07-04-02,custom_60d,69.601,68.813,1.15,0.79,green,3369.02,3248.64,3.71,120.38,green,7.0,31.0,2026-10-01,2026-10-07,2026-10-08 13:23:48
DM-17-07-05-01,custom_60d,31.583,41.118,-23.19,-9.54,green,1482.33,1921.26,-22.85,-438.93,green,7.0,31.0,2026-10-01,2026-10-07,2026-10-08 13:23:48
DM-17-07-06-01,custom_60d,72.409,54.269,33.43,18.14,red,3599.38,2689.32,33.84,910.06,red,7.0,31.0,2026-10-01,2026-10-07,2026-10-08 13:23:48
DM-17-07-06-02,custom_60d,96.306,127.689,-24.58,-31.38,green,4811.8,5852.65,-17.78,-1040.85,green,7.0,31.0,2026-10-01,2026-10-07,2026-10-08 13:23:48
DM-17-07-07-01,custom_60d,63.256,73.14,-13.51,-9.88,green,2565.77,2723.83,-5.8,-158.06,green,7.0,31.0,2026-10-01,2026-10-07,2026-10-08 13:23:48
DM-17-07-07-02,custom_60d,47.538,54.941,-13.47,-7.4,green,2127.36,2151.4,-1.12,-24.04,green,7.0,31.0,2026-10-01,2026-10-07,2026-10-08 13:23:48
DM-17-07-08-01,custom_60d,103.407,112.257,-7.88,-8.85,green,4387.13,4918.42,-10.8,-531.29,green,7.0,31.0,2026-10-01,2026-10-07,2026-10-08 13:23:48
DM-17-07-08-02,custom_60d,24.346,60.566,-59.8,-36.22,green,1002.39,2234.84,-55.15,-1232.45,green,7.0,31.0,2026-10-01,2026-10-07,2026-10-08 13:23:48
DM-17-07-09-01,custom_60d,297.846,373.664,-20.29,-75.82,green,8163.33,8212.38,-0.6,-49.05,green,7.0,31.0,2026-10-01,2026-10-07,2026-10-08 13:23:48
DM-17-07-09-02,custom_60d,28.856,32.629,-11.56,-3.77,green,1774.83,1791.05,-0.91,-16.22,green,7.0,31.0,2026-10-01,2026-10-07,2026-10-08 13:23:48
DM-17-07-09-03,custom_60d,5.886,0.0,,,gray,410.69,0.0,,,gray,7.0,31.0,2026-10-01,2026-10-07,2026-10-08 13:23:48
DM-17-07-09-04,custom_60d,154.439,0.0,,,gray,5734.44,0.0,,,gray,7.0,31.0,2026-10-01,2026-10-07,2026-10-08 13:23:48
DM-17-07-09-05,custom_60d,50.364,63.119,-20.21,-12.76,green,2292.86,2488.96,-7.88,-196.1,green,7.0,29.0,2026-10-01,2026-10-07,2026-10-08 13:23:48
DM-17-07-10-01,custom_60d,0.05,0.05,0.0,0.0,green,1.2,1.2,0.0,0.0,green,7.0,31.0,2026-10-01,2026-10-07,2026-10-08 13:23:48
DM-17-07-10-02,custom_60d,91.727,97.292,-5.72,-5.56,green,3067.27,3128.24,-1.95,-60.97,green,7.0,31.0,2026-10-01,2026-10-07,2026-10-08 13:23:48
DM-17-07-10-03,custom_60d,3.864,48.432,-92.02,-44.57,green,130.64,1065.88,-87.74,-935.24,green,7.0,31.0,2026-10-01,2026-10-07,2026-10-08 13:23:48
DM-17-08-01-01,custom_60d,0.0,0.0,,,gray,0.0,0.0,,,gray,7.0,31.0,2026-10-01,2026-10-07,2026-10-08 13:23:48
DM-17-08-01-02,custom_60d,369.256,311.24,18.64,58.02,yellow,12501.35,12241.58,2.12,259.77,green,7.0,31.0,2026-10-01,2026-10-07,2026-10-08 13:23:48
DM-17-08-02-01,custom_60d,175.849,160.557,9.52,15.29,yellow,8059.76,6977.98,15.5,1081.78,yellow,7.0,31.0,2026-10-01,2026-10-07,2026-10-08 13:23:48
DM-17-08-02-03,custom_60d,0.766,0.05,1432.0,0.72,red,5.24,1.2,336.67,4.04,red,7.0,31.0,2026-10-01,2026-10-07,2026-10-08 13:23:48
DM-17-08-03-01,custom_60d,15.229,28.453,-46.48,-13.22,green,271.84,564.93,-51.88,-293.09,green,7.0,31.0,2026-10-01,2026-10-07,2026-10-08 13:23:48
DM-17-08-04-01,custom_60d,64.611,52.488,23.1,12.12,red,2420.36,2190.38,10.5,229.98,yellow,7.0,31.0,2026-10-01,2026-10-07,2026-10-08 13:23:48
DM-17-08-04-02,custom_60d,70.415,67.926,3.66,2.49,green,3864.31,3798.47,1.73,65.84,green,7.0,31.0,2026-10-01,2026-10-07,2026-10-08 13:23:48
DM-17-08-04-03,custom_60d,12.242,11.894,2.93,0.35,green,453.15,433.42,4.55,19.73,green,7.0,31.0,2026-10-01,2026-10-07,2026-10-08 13:23:48
DM-17-08-04-04,custom_60d,5.499,5.527,-0.51,-0.03,green,303.57,355.35,-14.57,-51.78,green,7.0,31.0,2026-10-01,2026-10-07,2026-10-08 13:23:48
DM-17-08-04-05,custom_60d,0.367,0.43,-14.65,-0.06,green,11.8,12.61,-6.42,-0.81,green,7.0,31.0,2026-10-01,2026-10-07,2026-10-08 13:23:48
DM-17-09-01-01,custom_60d,76.612,,,,gray,3076.31,3189.5,-3.55,-113.19,green,7.0,31.0,2026-10-01,2026-10-07,2026-10-08 13:23:48
DM-17-09-01-02,custom_60d,137.772,,,,gray,5060.74,5261.07,-3.81,-200.33,green,7.0,31.0,2026-10-01,2026-10-07,2026-10-08 13:23:48
DM-17-09-02-02,custom_60d,231.943,243.702,-4.83,-11.76,green,9736.28,9995.85,-2.6,-259.57,green,7.0,31.0,2026-10-01,2026-10-07,2026-10-08 13:23:48
DM-17-09-03-01,custom_60d,0.0,0.137,-100.0,-0.14,green,2.84,70.38,-95.96,-67.54,green,7.0,31.0,2026-10-01,2026-10-07,2026-10-08 13:23:48
DM-17-09-04-01,custom_60d,148.351,271.725,-45.4,-123.37,green,5306.12,9496.9,-44.13,-4190.78,green,7.0,31.0,2026-10-01,2026-10-07,2026-10-08 13:23:48
DM-17-09-05-01,custom_60d,0.05,0.05,0.0,0.0,green,1.2,1.2,0.0,0.0,green,7.0,31.0,2026-10-01,2026-10-07,2026-10-08 13:23:48
DM-17-09-06-01,custom_60d,77.494,77.926,-0.55,-0.43,green,4567.02,5029.66,-9.2,-462.64,green,7.0,31.0,2026-10-01,2026-10-07,2026-10-08 13:23:48
DM-17-09-07-01,custom_60d,77.386,77.376,0.01,0.01,green,2474.0,2794.68,-11.47,-320.68,green,7.0,31.0,2026-10-01,2026-10-07,2026-10-08 13:23:48
DM-17-09-07-02,custom_60d,,,,,gray,351.42,237.86,47.74,113.56,red,7.0,31.0,2026-10-01,2026-10-07,2026-10-08 13:23:48
DM-17-09-07-03,custom_60d,499.862,499.859,0.0,0.0,green,10713.38,11998.96,-10.71,-1285.58,green,7.0,31.0,2026-10-01,2026-10-07,2026-10-08 13:23:48
DM-17-10-04-01,custom_60d,39.207,40.573,-3.37,-1.37,green,2250.33,2105.13,6.9,145.2,yellow,7.0,31.0,2026-10-01,2026-10-07,2026-10-08 13:23:48
DM-17-10-04-02,custom_60d,0.0,0.0,,,gray,0.0,0.0,,,gray,7.0,31.0,2026-10-01,2026-10-07,2026-10-08 13:23:48
DM-17-10-05-01,custom_60d,500.0,500.0,0.0,0.0,green,11986.99,12000.0,-0.11,-13.01,green,7.0,31.0,2026-10-01,2026-10-07,2026-10-08 13:23:48
DM-17-10-06-01,custom_60d,142.009,154.261,-7.94,-12.25,green,6280.14,6648.16,-5.54,-368.02,green,7.0,31.0,2026-10-01,2026-10-07,2026-10-08 13:23:48
DM-17-10-07-01,custom_60d,0.05,0.05,0.0,0.0,green,1.2,1.2,0.0,0.0,green,7.0,31.0,2026-10-01,2026-10-07,2026-10-08 13:23:48
DM-17-10-07-02,custom_60d,0.05,0.05,0.0,0.0,green,14.18,1.2,1081.67,12.98,red,7.0,31.0,2026-10-01,2026-10-07,2026-10-08 13:23:48
DM-17-11-01-02,custom_60d,1.867,0.0,,,gray,220.04,0.0,,,gray,7.0,31.0,2026-10-01,2026-10-07,2026-10-08 13:23:48
DM-17-11-01-03,custom_60d,59.294,92.191,-35.68,-32.9,green,3660.61,4441.76,-17.59,-781.15,green,7.0,31.0,2026-10-01,2026-10-07,2026-10-08 13:23:48
DM-17-11-01-04,custom_60d,21.484,20.441,5.1,1.04,yellow,1523.77,1564.62,-2.61,-40.85,green,7.0,31.0,2026-10-01,2026-10-07,2026-10-08 13:23:48
DM-17-11-02-01,custom_60d,44.499,57.895,-23.14,-13.4,green,2692.88,2823.92,-4.64,-131.04,green,7.0,31.0,2026-10-01,2026-10-07,2026-10-08 13:23:48
DM-17-11-02-02,custom_60d,54.652,74.249,-26.39,-19.6,green,3100.39,3359.33,-7.71,-258.94,green,7.0,31.0,2026-10-01,2026-10-07,2026-10-08 13:23:48
DM-17-11-02-03,custom_60d,56.108,63.283,-11.34,-7.18,green,3125.84,3076.47,1.6,49.37,green,7.0,31.0,2026-10-01,2026-10-07,2026-10-08 13:23:48
DM-17-11-02-04,custom_60d,55.067,60.602,-9.13,-5.53,green,3107.66,3102.4,0.17,5.26,green,7.0,31.0,2026-10-01,2026-10-07,2026-10-08 13:23:48
DM-17-11-02-05,custom_60d,0.814,0.812,0.25,0.0,green,30.34,30.55,-0.69,-0.21,green,7.0,31.0,2026-10-01,2026-10-07,2026-10-08 13:23:48
DM-17-11-03-01,custom_60d,47.931,40.969,16.99,6.96,yellow,2549.95,1986.43,28.37,563.52,red,7.0,31.0,2026-10-01,2026-10-07,2026-10-08 13:23:48
DM-17-11-03-02,custom_60d,489.633,500.0,-2.07,-10.37,green,11929.76,12000.0,-0.59,-70.24,green,7.0,31.0,2026-10-01,2026-10-07,2026-10-08 13:23:48
DM-17-11-03-03,custom_60d,0.0,0.0,,,gray,0.18,0.0,,,gray,7.0,31.0,2026-10-01,2026-10-07,2026-10-08 13:23:48
DM-17-11-04-01,custom_60d,56.682,63.529,-10.78,-6.85,green,2946.02,3105.69,-5.14,-159.67,green,7.0,31.0,2026-10-01,2026-10-07,2026-10-08 13:23:48
DM-17-11-04-02,custom_60d,0.0,0.134,-100.0,-0.13,green,1.23,32.41,-96.2,-31.18,green,7.0,31.0,2026-10-01,2026-10-07,2026-10-08 13:23:48
DM-17-11-05-01,custom_60d,174.138,66.884,160.36,107.25,red,5493.93,1472.6,273.08,4021.33,red,7.0,31.0,2026-10-01,2026-10-07,2026-10-08 13:23:48
DM-17-11-05-02,custom_60d,180.506,68.708,162.71,111.8,red,4408.58,3386.39,30.19,1022.19,red,7.0,31.0,2026-10-01,2026-10-07,2026-10-08 13:23:48
DM-17-11-06-01,custom_60d,0.001,0.001,0.0,0.0,green,38.12,0.04,95200.0,38.08,red,7.0,31.0,2026-10-01,2026-10-07,2026-10-08 13:23:48
DM-17-11-06-02,custom_60d,117.792,38.9,202.81,78.89,red,2230.92,1099.79,102.85,1131.13,red,7.0,31.0,2026-10-01,2026-10-07,2026-10-08 13:23:48
DM-53-01-01-01,custom_60d,23.383,5.708,309.65,17.67,red,552.31,348.51,58.48,203.8,red,7.0,31.0,2026-10-01,2026-10-07,2026-10-08 13:23:48
DM-53-01-01-01(1),custom_60d,0.0,0.0,,,gray,0.0,0.0,,,gray,7.0,31.0,2026-10-01,2026-10-07,2026-10-08 13:23:48
DM-53-01-01-02,custom_60d,18.374,18.026,1.93,0.35,green,560.78,634.0,-11.55,-73.22,green,7.0,31.0,2026-10-01,2026-10-07,2026-10-08 13:23:48
DM-53-01-01-04,custom_60d,108.086,33.962,218.26,74.12,red,4938.41,1543.82,219.88,3394.59,red,7.0,31.0,2026-10-01,2026-10-07,2026-10-08 13:23:48
DM-53-01-01-05,custom_60d,15.851,51.16,-69.02,-35.31,green,936.95,907.36,3.26,29.59,green,7.0,31.0,2026-10-01,2026-10-07,2026-10-08 13:23:48
DM-53-01-02-01,custom_60d,95.93,33.511,186.26,62.42,red,5129.4,2035.3,152.02,3094.1,red,7.0,31.0,2026-10-01,2026-10-07,2026-10-08 13:23:48
DM-53-01-02-02,custom_60d,50.868,0.014,363242.86,50.85,red,2217.33,0.64,346357.81,2216.69,red,7.0,31.0,2026-10-01,2026-10-07,2026-10-08 13:23:48
DM-53-01-03-01,custom_60d,81.82,105.188,-22.22,-23.37,green,3799.85,4173.26,-8.95,-373.41,green,7.0,31.0,2026-10-01,2026-10-07,2026-10-08 13:23:48
DM-53-01-04-01,custom_60d,,,,,gray,2396.27,2662.61,-10.0,-266.34,green,7.0,31.0,2026-10-01,2026-10-07,2026-10-08 13:23:48
DM-53-01-05-01,custom_60d,25.605,25.801,-0.76,-0.2,green,1389.98,1399.46,-0.68,-9.48,green,7.0,31.0,2026-10-01,2026-10-07,2026-10-08 13:23:48
DM-53-01-05-04,custom_60d,39.091,183.734,-78.72,-144.64,green,2428.87,3601.41,-32.56,-1172.54,green,7.0,31.0,2026-10-01,2026-10-07,2026-10-08 13:23:48
DM-53-01-07-01,custom_60d,107.471,116.849,-8.03,-9.38,green,5196.82,5807.0,-10.51,-610.18,green,7.0,31.0,2026-10-01,2026-10-07,2026-10-08 13:23:48
DM-53-01-08-01,custom_60d,60.827,53.402,13.9,7.42,yellow,3054.04,2875.06,6.23,178.98,yellow,7.0,31.0,2026-10-01,2026-10-07,2026-10-08 13:23:48
DM-53-01-08-02,custom_60d,132.324,119.713,10.53,12.61,yellow,5038.06,5408.81,-6.85,-370.75,green,7.0,31.0,2026-10-01,2026-10-07,2026-10-08 13:23:48
DM-53-01-09-01,custom_60d,80.307,91.279,-12.02,-10.97,green,4380.69,5000.35,-12.39,-619.66,green,7.0,31.0,2026-10-01,2026-10-07,2026-10-08 13:23:48
DM-53-02-01-01,custom_60d,109.437,103.53,5.71,5.91,yellow,4142.14,4552.82,-9.02,-410.68,green,7.0,31.0,2026-10-01,2026-10-07,2026-10-08 13:23:48
DM-53-02-02-01,custom_60d,142.296,59.628,138.64,82.67,red,5950.79,2953.67,101.47,2997.12,red,7.0,31.0,2026-10-01,2026-10-07,2026-10-08 13:23:48
DM-53-02-03-02,custom_60d,96.261,123.154,-21.84,-26.89,green,4860.18,5410.21,-10.17,-550.03,green,7.0,31.0,2026-10-01,2026-10-07,2026-10-08 13:23:48
DM-53-02-03-03,custom_60d,153.277,348.073,-55.96,-194.8,green,7614.08,7858.06,-3.1,-243.98,green,7.0,31.0,2026-10-01,2026-10-07,2026-10-08 13:23:48
DM-53-02-04-02,custom_60d,77.975,74.056,5.29,3.92,yellow,4158.9,4089.43,1.7,69.47,green,7.0,31.0,2026-10-01,2026-10-07,2026-10-08 13:23:48
DM-53-02-04-03,custom_60d,45.088,30.148,49.56,14.94,red,1912.03,1434.75,33.27,477.28,red,7.0,31.0,2026-10-01,2026-10-07,2026-10-08 13:23:48
DM-53-02-05-01,custom_60d,74.084,6.233,1088.58,67.85,red,3235.69,205.68,1473.17,3030.01,red,7.0,31.0,2026-10-01,2026-10-07,2026-10-08 13:23:48
DM-53-02-05-02,custom_60d,87.969,63.728,38.04,24.24,red,3863.14,2923.92,32.12,939.22,red,7.0,31.0,2026-10-01,2026-10-07,2026-10-08 13:23:48
DM-53-02-06-01,custom_60d,22.222,0.629,3432.91,21.59,red,888.17,25.16,3430.09,863.01,red,7.0,31.0,2026-10-01,2026-10-07,2026-10-08 13:23:48
DM-53-02-06-02,custom_60d,204.903,,,,gray,5959.8,5095.89,16.95,863.91,yellow,7.0,31.0,2026-10-01,2026-10-07,2026-10-08 13:23:48
DM-53-02-07-01,custom_60d,125.907,171.293,-26.5,-45.39,green,5779.78,6909.49,-16.35,-1129.71,green,7.0,31.0,2026-10-01,2026-10-07,2026-10-08 13:23:48
DM-53-02-08-01,custom_60d,72.306,91.782,-21.22,-19.48,green,4491.56,5200.36,-13.63,-708.8,green,7.0,31.0,2026-10-01,2026-10-07,2026-10-08 13:23:48
DM-53-02-09-01,custom_60d,33.793,76.282,-55.7,-42.49,green,1869.97,1622.03,15.29,247.94,yellow,7.0,31.0,2026-10-01,2026-10-07,2026-10-08 13:23:48
DM-53-02-09-02,custom_60d,74.909,111.631,-32.9,-36.72,green,4334.2,5526.6,-21.58,-1192.4,green,7.0,31.0,2026-10-01,2026-10-07,2026-10-08 13:23:48
DM-53-03-01-01,custom_60d,0.0,0.0,,,gray,0.0,0.0,,,gray,7.0,31.0,2026-10-01,2026-10-07,2026-10-08 13:23:48
DM-53-03-01-02,custom_60d,,,,,gray,672.36,400.12,68.04,272.24,red,7.0,31.0,2026-10-01,2026-10-07,2026-10-08 13:23:48
DM-53-03-01-03,custom_60d,72.209,,,,gray,4431.52,4345.3,1.98,86.22,green,7.0,31.0,2026-10-01,2026-10-07,2026-10-08 13:23:48
DM-53-03-01-04,custom_60d,105.386,93.992,12.12,11.39,yellow,4082.65,4509.74,-9.47,-427.09,green,7.0,31.0,2026-10-01,2026-10-07,2026-10-08 13:23:48
DM-53-03-02-01,custom_60d,59.238,72.626,-18.43,-13.39,green,3357.71,4338.7,-22.61,-980.99,green,7.0,31.0,2026-10-01,2026-10-07,2026-10-08 13:23:48
DM-53-03-03-01,custom_60d,35.771,32.082,11.5,3.69,yellow,2510.72,2470.39,1.63,40.33,green,7.0,31.0,2026-10-01,2026-10-07,2026-10-08 13:23:48
DM-53-03-03-02,custom_60d,,,,,gray,4280.16,27.93,15224.6,4252.23,red,7.0,31.0,2026-10-01,2026-10-07,2026-10-08 13:23:48
DM-53-03-04-01,custom_60d,88.566,70.799,25.09,17.77,red,4453.62,3858.9,15.41,594.72,yellow,7.0,31.0,2026-10-01,2026-10-07,2026-10-08 13:23:48
DM-53-03-04-02,custom_60d,20.544,25.589,-19.72,-5.04,green,1583.37,1892.69,-16.34,-309.32,green,7.0,31.0,2026-10-01,2026-10-07,2026-10-08 13:23:48
DM-53-03-05-01,custom_60d,38.854,38.941,-0.22,-0.09,green,1804.21,2053.47,-12.14,-249.26,green,7.0,31.0,2026-10-01,2026-10-07,2026-10-08 13:23:48
DM-53-03-05-02,custom_60d,181.581,200.609,-9.49,-19.03,green,8393.35,7936.87,5.75,456.48,yellow,7.0,31.0,2026-10-01,2026-10-07,2026-10-08 13:23:48
DM-53-03-06-01,custom_60d,4.175,1.455,186.94,2.72,red,94.64,108.29,-12.61,-13.65,green,7.0,31.0,2026-10-01,2026-10-07,2026-10-08 13:23:48
DM-53-03-06-02,custom_60d,82.466,201.972,-59.17,-119.51,green,4316.62,4213.42,2.45,103.2,green,7.0,31.0,2026-10-01,2026-10-07,2026-10-08 13:23:48
DM-53-04-01-01,custom_60d,139.762,140.095,-0.24,-0.33,green,5413.81,6129.41,-11.67,-715.6,green,7.0,31.0,2026-10-01,2026-10-07,2026-10-08 13:23:48
DM-53-04-01-02,custom_60d,0.0,0.0,,,gray,0.0,0.0,,,gray,7.0,31.0,2026-10-01,2026-10-07,2026-10-08 13:23:48
DM-53-04-01-03,custom_60d,9.447,9.354,0.99,0.09,green,350.23,393.77,-11.06,-43.54,green,7.0,31.0,2026-10-01,2026-10-07,2026-10-08 13:23:48
DM-53-04-02-01,custom_60d,45.82,45.789,0.07,0.03,green,3081.29,2452.66,25.63,628.63,red,7.0,31.0,2026-10-01,2026-10-07,2026-10-08 13:23:48
DM-53-04-02-02,custom_60d,4.365,0.028,15489.29,4.34,red,116.99,137.68,-15.03,-20.69,green,7.0,31.0,2026-10-01,2026-10-07,2026-10-08 13:23:48
DM-53-04-02-03,custom_60d,52.729,0.0,,,gray,1932.62,0.0,,,gray,7.0,31.0,2026-10-01,2026-10-07,2026-10-08 13:23:48
DM-53-05-01-03,custom_60d,328.929,74.836,339.53,254.09,red,8688.59,4093.07,112.28,4595.52,red,7.0,31.0,2026-10-01,2026-10-07,2026-10-08 13:23:48
DM-53-05-01-04,custom_60d,98.079,,,,gray,5328.71,4674.18,14.0,654.53,yellow,7.0,31.0,2026-10-01,2026-10-07,2026-10-08 13:23:48
DM-53-05-02-01,custom_60d,40.078,0.0,,,gray,1827.47,0.04,4568575.0,1827.43,red,7.0,31.0,2026-10-01,2026-10-07,2026-10-08 13:23:48
DM-53-05-03-01,custom_60d,,,,,gray,1005.28,965.45,4.13,39.83,green,7.0,31.0,2026-10-01,2026-10-07,2026-10-08 13:23:48
DM-53-05-03-03,custom_60d,13.986,116.164,-87.96,-102.18,green,1297.46,3749.07,-65.39,-2451.61,green,7.0,31.0,2026-10-01,2026-10-07,2026-10-08 13:23:48
DM-53-05-03-04,custom_60d,60.492,80.828,-25.16,-20.34,green,3891.66,5078.57,-23.37,-1186.91,green,7.0,31.0,2026-10-01,2026-10-07,2026-10-08 13:23:48
DM-53-05-04-01,custom_60d,37.765,44.85,-15.8,-7.09,green,2307.46,2511.55,-8.13,-204.09,green,7.0,31.0,2026-10-01,2026-10-07,2026-10-08 13:23:48
DM-53-05-05-01,custom_60d,50.627,66.065,-23.37,-15.44,green,2083.96,2196.24,-5.11,-112.28,green,7.0,31.0,2026-10-01,2026-10-07,2026-10-08 13:23:48
DM-53-05-06-01,custom_60d,21.432,13.918,53.99,7.51,red,569.12,747.29,-23.84,-178.17,green,7.0,31.0,2026-10-01,2026-10-07,2026-10-08 13:23:48
DM-53-05-07-01,custom_60d,98.176,28.423,245.41,69.75,red,2826.97,1875.65,50.72,951.32,red,7.0,31.0,2026-10-01,2026-10-07,2026-10-08 13:23:48
DM-53-05-07-03,custom_60d,98.713,60.137,64.15,38.58,red,3647.29,2383.94,52.99,1263.35,red,7.0,31.0,2026-10-01,2026-10-07,2026-10-08 13:23:48
DM-53-05-08-01,custom_60d,36.496,0.216,16796.3,36.28,red,1076.93,47.07,2187.93,1029.86,red,7.0,31.0,2026-10-01,2026-10-07,2026-10-08 13:23:48
DM-53-05-08-02,custom_60d,16.242,0.0,,,gray,1145.54,0.0,,,gray,7.0,31.0,2026-10-01,2026-10-07,2026-10-08 13:23:48
DM-53-05-09-02,custom_60d,58.818,90.944,-35.33,-32.13,green,3276.51,3930.11,-16.63,-653.6,green,7.0,31.0,2026-10-01,2026-10-07,2026-10-08 13:23:48
DM-53-05-10-01,custom_60d,27.873,69.192,-59.72,-41.32,green,1840.06,1957.96,-6.02,-117.9,green,7.0,31.0,2026-10-01,2026-10-07,2026-10-08 13:23:48
DM-53-05-10-02,custom_60d,7.674,10.787,-28.86,-3.11,green,1777.49,1112.75,59.74,664.74,red,7.0,31.0,2026-10-01,2026-10-07,2026-10-08 13:23:48
DM-53-05-11-01,custom_60d,172.719,0.0,,,gray,5182.79,0.0,,,gray,7.0,31.0,2026-10-01,2026-10-07,2026-10-08 13:23:48
DM-53-05-11-02,custom_60d,108.225,108.163,0.06,0.06,green,2747.53,3101.57,-11.41,-354.04,green,7.0,31.0,2026-10-01,2026-10-07,2026-10-08 13:23:48
DM-53-06-01-01,custom_60d,26.836,20.201,32.84,6.63,red,1125.16,945.71,18.98,179.45,yellow,7.0,31.0,2026-10-01,2026-10-07,2026-10-08 13:23:48
DM-53-06-01-02,custom_60d,200.132,147.654,35.54,52.48,red,7618.51,6403.6,18.97,1214.91,yellow,7.0,31.0,2026-10-01,2026-10-07,2026-10-08 13:23:48
DM-53-06-02-01,custom_60d,56.377,60.349,-6.58,-3.97,green,3318.69,3568.97,-7.01,-250.28,green,7.0,31.0,2026-10-01,2026-10-07,2026-10-08 13:23:48
DM-53-06-03-01,custom_60d,29.54,25.084,17.76,4.46,yellow,1416.84,1369.39,3.47,47.45,green,7.0,31.0,2026-10-01,2026-10-07,2026-10-08 13:23:48
DM-53-06-04-01,custom_60d,134.237,134.703,-0.35,-0.47,green,5139.0,5820.6,-11.71,-681.6,green,7.0,31.0,2026-10-01,2026-10-07,2026-10-08 13:23:48
DM-53-06-05-01,custom_60d,45.754,0.0,,,gray,2458.24,0.0,,,gray,7.0,31.0,2026-10-01,2026-10-07,2026-10-08 13:23:48
DM-53-06-05-02,custom_60d,,,,,gray,4306.01,4533.9,-5.03,-227.89,green,7.0,31.0,2026-10-01,2026-10-07,2026-10-08 13:23:48
DM-53-06-06-01,custom_60d,133.262,152.82,-12.8,-19.56,green,6969.58,7431.59,-6.22,-462.01,green,7.0,31.0,2026-10-01,2026-10-07,2026-10-08 13:23:48
DM-53-08-01-01,custom_60d,0.0,0.0,,,gray,0.0,0.0,,,gray,7.0,31.0,2026-10-01,2026-10-07,2026-10-08 13:23:48
DM-53-08-01-02,custom_60d,0.001,31.56,-100.0,-31.56,green,200.73,850.53,-76.4,-649.8,green,7.0,31.0,2026-10-01,2026-10-07,2026-10-08 13:23:48
DM-53-08-02-01,custom_60d,70.067,70.199,-0.19,-0.13,green,3175.66,3613.88,-12.13,-438.22,green,7.0,31.0,2026-10-01,2026-10-07,2026-10-08 13:23:48
DM-53-08-02-02,custom_60d,18.663,11.084,68.38,7.58,red,1145.18,702.05,63.12,443.13,red,7.0,31.0,2026-10-01,2026-10-07,2026-10-08 13:23:48
DM-53-08-02-03,custom_60d,17.673,23.596,-25.1,-5.92,green,1349.54,1501.69,-10.13,-152.15,green,7.0,31.0,2026-10-01,2026-10-07,2026-10-08 13:23:48
DM-53-09-02-04,custom_60d,82.632,122.667,-32.64,-40.03,green,4587.04,4541.35,1.01,45.69,green,7.0,31.0,2026-10-01,2026-10-07,2026-10-08 13:23:48
DM-53-09-02-05,custom_60d,20.236,3.655,453.65,16.58,red,331.31,363.68,-8.9,-32.37,green,7.0,31.0,2026-10-01,2026-10-07,2026-10-08 13:23:48
DM-53-09-03-01,custom_60d,52.284,44.083,18.6,8.2,yellow,2745.01,2016.95,36.1,728.06,red,7.0,31.0,2026-10-01,2026-10-07,2026-10-08 13:23:48
DM-53-09-05-01,custom_60d,92.992,56.389,64.91,36.6,red,2841.27,2443.88,16.26,397.39,yellow,7.0,31.0,2026-10-01,2026-10-07,2026-10-08 13:23:48
DM-54-01-04-01,custom_60d,,55.681,,,gray,2222.97,2610.0,-14.83,-387.03,green,7.0,31.0,2026-10-01,2026-10-07,2026-10-08 13:23:48
DM-54-01-05-01,custom_60d,0.0,0.0,,,gray,0.0,0.0,,,gray,7.0,31.0,2026-10-01,2026-10-07,2026-10-08 13:23:48
DM-54-01-05-02,custom_60d,273.01,198.515,37.53,74.5,red,4879.18,4067.13,19.97,812.05,yellow,7.0,31.0,2026-10-01,2026-10-07,2026-10-08 13:23:48
DM-54-01-05-03,custom_60d,15.298,16.197,-5.55,-0.9,green,400.29,429.9,-6.89,-29.61,green,7.0,31.0,2026-10-01,2026-10-07,2026-10-08 13:23:48
DM-54-01-06-01,custom_60d,0.017,0.049,-65.31,-0.03,green,1.28,2.3,-44.35,-1.02,green,7.0,31.0,2026-10-01,2026-10-07,2026-10-08 13:23:48
DM-54-01-06-02,custom_60d,0.0,0.0,,,gray,0.0,0.0,,,gray,7.0,31.0,2026-10-01,2026-10-07,2026-10-08 13:23:48
DM-54-02-02-01,custom_60d,60.731,64.74,-6.19,-4.01,green,3936.15,3669.18,7.28,266.97,yellow,7.0,31.0,2026-10-01,2026-10-07,2026-10-08 13:23:48
DM-54-02-02-02,custom_60d,29.373,27.299,7.6,2.07,yellow,2493.58,1934.86,28.88,558.72,red,7.0,31.0,2026-10-01,2026-10-07,2026-10-08 13:23:48
DM-54-02-03-01,custom_60d,95.838,112.247,-14.62,-16.41,green,4676.94,5134.47,-8.91,-457.53,green,7.0,31.0,2026-10-01,2026-10-07,2026-10-08 13:23:48
DM-54-02-04-01,custom_60d,16.723,16.195,3.26,0.53,green,550.35,548.06,0.42,2.29,green,7.0,31.0,2026-10-01,2026-10-07,2026-10-08 13:23:48
DM-54-02-04-02,custom_60d,0.0,0.034,-100.0,-0.03,green,0.89,24.66,-96.39,-23.77,green,7.0,31.0,2026-10-01,2026-10-07,2026-10-08 13:23:48
DM-54-02-04-03,custom_60d,80.92,122.379,-33.88,-41.46,green,4355.85,4860.88,-10.39,-505.03,green,7.0,31.0,2026-10-01,2026-10-07,2026-10-08 13:23:48
DM-54-02-04-04,custom_60d,0.0,68.789,-100.0,-68.79,green,241.9,3691.33,-93.45,-3449.43,green,7.0,31.0,2026-10-01,2026-10-07,2026-10-08 13:23:48
DM-54-02-04-05,custom_60d,35.058,,,,gray,1511.15,,,,gray,7.0,,2026-10-01,2026-10-07,2026-10-08 13:23:48
DM-54-02-05-01,custom_60d,,,,,gray,5858.6,6044.03,-3.07,-185.43,green,7.0,31.0,2026-10-01,2026-10-07,2026-10-08 13:23:48
DM-54-02-05-02,custom_60d,17.118,31.809,-46.19,-14.69,green,1585.26,1763.55,-10.11,-178.29,green,7.0,31.0,2026-10-01,2026-10-07,2026-10-08 13:23:48
DM-54-02-05-03,custom_60d,26.856,83.068,-67.67,-56.21,green,1463.11,1549.56,-5.58,-86.45,green,7.0,31.0,2026-10-01,2026-10-07,2026-10-08 13:23:48
DM-54-03-01-01,custom_60d,18.911,22.356,-15.41,-3.45,green,1144.46,1250.4,-8.47,-105.94,green,7.0,31.0,2026-10-01,2026-10-07,2026-10-08 13:23:48
DM-54-03-01-02,custom_60d,74.609,196.918,-62.11,-122.31,green,3518.04,3677.12,-4.33,-159.08,green,7.0,31.0,2026-10-01,2026-10-07,2026-10-08 13:23:48
DM-54-03-01-03,custom_60d,38.196,69.107,-44.73,-30.91,green,2197.7,2237.13,-1.76,-39.43,green,7.0,31.0,2026-10-01,2026-10-07,2026-10-08 13:23:48
DM-54-03-02-01,custom_60d,40.342,36.712,9.89,3.63,yellow,2082.48,2095.25,-0.61,-12.77,green,7.0,31.0,2026-10-01,2026-10-07,2026-10-08 13:23:48
DM-54-03-02-02,custom_60d,123.779,128.38,-3.58,-4.6,green,6529.03,6722.7,-2.88,-193.67,green,7.0,31.0,2026-10-01,2026-10-07,2026-10-08 13:23:48
DM-54-03-02-03,custom_60d,116.728,114.13,2.28,2.6,green,5496.75,5391.77,1.95,104.98,green,7.0,31.0,2026-10-01,2026-10-07,2026-10-08 13:23:48
DM-54-04-01-01,custom_60d,33.084,40.563,-18.44,-7.48,green,1888.41,2170.6,-13.0,-282.19,green,7.0,31.0,2026-10-01,2026-10-07,2026-10-08 13:23:48
DM-54-04-02-01,custom_60d,38.905,50.704,-23.27,-11.8,green,2369.43,2553.11,-7.19,-183.68,green,7.0,31.0,2026-10-01,2026-10-07,2026-10-08 13:23:48
DM-54-04-02-02,custom_60d,40.28,32.566,23.69,7.71,red,2309.58,1679.11,37.55,630.47,red,7.0,31.0,2026-10-01,2026-10-07,2026-10-08 13:23:48
DM-54-04-03-01,custom_60d,992.998,750.976,32.23,242.02,red,23939.09,18415.45,29.99,5523.64,red,7.0,31.0,2026-10-01,2026-10-07,2026-10-08 13:23:48
DM-54-04-03-02,custom_60d,34.209,34.186,0.07,0.02,green,758.79,849.93,-10.72,-91.14,green,7.0,31.0,2026-10-01,2026-10-07,2026-10-08 13:23:48
DM-54-04-03-03,custom_60d,29.879,37.012,-19.27,-7.13,green,2526.67,3137.75,-19.48,-611.08,green,7.0,31.0,2026-10-01,2026-10-07,2026-10-08 13:23:48
DM-54-04-03-04,custom_60d,55.751,33.085,68.51,22.67,red,1365.38,998.55,36.74,366.83,red,7.0,31.0,2026-10-01,2026-10-07,2026-10-08 13:23:48
DM-54-04-04-01,custom_60d,0.0,0.0,,,gray,0.0,0.0,,,gray,7.0,31.0,2026-10-01,2026-10-07,2026-10-08 13:23:48
DM-54-04-04-02,custom_60d,,3.965,,,gray,,487.93,,,gray,,31.0,,,2026-10-08 13:23:48
DM-54-04-04-03,custom_60d,0.0,3.718,-100.0,-3.72,green,303.64,485.47,-37.45,-181.83,green,7.0,31.0,2026-10-01,2026-10-07,2026-10-08 13:23:48
DM-54-04-04-04,custom_60d,0.0,0.0,,,gray,0.0,0.0,,,gray,7.0,31.0,2026-10-01,2026-10-07,2026-10-08 13:23:48
DM-54-05-01-01,custom_60d,42.653,18.371,132.18,24.28,red,1117.72,1018.77,9.71,98.95,yellow,7.0,31.0,2026-10-01,2026-10-07,2026-10-08 13:23:48
DM-54-05-01-02,custom_60d,179.294,187.83,-4.54,-8.54,green,6084.55,5932.52,2.56,152.03,green,7.0,31.0,2026-10-01,2026-10-07,2026-10-08 13:23:48
DM-54-05-02-01,custom_60d,64.093,70.697,-9.34,-6.6,green,3230.72,3452.8,-6.43,-222.08,green,7.0,31.0,2026-10-01,2026-10-07,2026-10-08 13:23:48
DM-54-05-03-01,custom_60d,4.204,11.693,-64.05,-7.49,green,426.41,463.31,-7.96,-36.9,green,7.0,31.0,2026-10-01,2026-10-07,2026-10-08 13:23:48
DM-54-06-01-02,custom_60d,56.267,0.0,,,gray,1595.39,0.0,,,gray,7.0,31.0,2026-10-01,2026-10-07,2026-10-08 13:23:48
DM-54-06-01-03,custom_60d,367.04,377.861,-2.86,-10.82,green,9763.82,10119.22,-3.51,-355.4,green,7.0,31.0,2026-10-01,2026-10-07,2026-10-08 13:23:48
DM-54-06-01-04,custom_60d,45.857,22.722,101.82,23.13,red,2896.64,3728.88,-22.32,-832.24,green,7.0,31.0,2026-10-01,2026-10-07,2026-10-08 13:23:48
DM-54-06-02-01,custom_60d,59.844,82.929,-27.84,-23.09,green,3037.28,3845.99,-21.03,-808.71,green,7.0,31.0,2026-10-01,2026-10-07,2026-10-08 13:23:48
DM-54-06-02-02,custom_60d,23.582,15.095,56.22,8.49,red,1273.51,929.62,36.99,343.89,red,7.0,31.0,2026-10-01,2026-10-07,2026-10-08 13:23:48
DM-54-06-03-01,custom_60d,517.92,517.781,0.03,0.14,green,12427.05,12425.24,0.01,1.81,green,7.0,31.0,2026-10-01,2026-10-07,2026-10-08 13:23:48
DM-54-06-04-01,custom_60d,2.705,0.073,3605.48,2.63,red,89.86,38.69,132.26,51.17,red,7.0,31.0,2026-10-01,2026-10-07,2026-10-08 13:23:48
DM-54-06-04-02,custom_60d,49.538,22.768,117.58,26.77,red,1828.62,1588.83,15.09,239.79,yellow,7.0,31.0,2026-10-01,2026-10-07,2026-10-08 13:23:48
DM-54-06-04-03,custom_60d,32.101,,,,gray,2694.23,2726.65,-1.19,-32.42,green,7.0,31.0,2026-10-01,2026-10-07,2026-10-08 13:23:48
DM-54-07-01-01,custom_60d,36.81,36.732,0.21,0.08,green,1789.65,2026.93,-11.71,-237.28,green,7.0,31.0,2026-10-01,2026-10-07,2026-10-08 13:23:48
DM-54-07-02-01,custom_60d,37.219,43.495,-14.43,-6.28,green,2294.26,2568.63,-10.68,-274.37,green,7.0,31.0,2026-10-01,2026-10-07,2026-10-08 13:23:48
DM-54-07-03-01,custom_60d,115.108,74.519,54.47,40.59,red,3967.95,3290.6,20.58,677.35,red,7.0,31.0,2026-10-01,2026-10-07,2026-10-08 13:23:48
DM-54-07-04-01,custom_60d,79.828,79.921,-0.12,-0.09,green,2818.07,3188.3,-11.61,-370.23,green,7.0,31.0,2026-10-01,2026-10-07,2026-10-08 13:23:48
DM-54-07-05-01,custom_60d,36.278,87.056,-58.33,-50.78,green,1581.76,3923.26,-59.68,-2341.5,green,7.0,31.0,2026-10-01,2026-10-07,2026-10-08 13:23:48
DM-54-08-01-01,custom_60d,0.0,0.0,,,gray,0.0,0.0,,,gray,7.0,31.0,2026-10-01,2026-10-07,2026-10-08 13:23:48
DM-54-08-02-01,custom_60d,19.088,18.744,1.84,0.34,green,497.53,496.46,0.22,1.07,green,7.0,31.0,2026-10-01,2026-10-07,2026-10-08 13:23:48
DM-54-08-03-01,custom_60d,,320.059,,,gray,7810.23,7301.41,6.97,508.82,yellow,7.0,31.0,2026-10-01,2026-10-07,2026-10-08 13:23:48
DM-54-08-04-01,custom_60d,20.026,354.839,-94.36,-334.81,green,623.17,8608.87,-92.76,-7985.7,green,7.0,31.0,2026-10-01,2026-10-07,2026-10-08 13:23:48
DM-54-08-05-01,custom_60d,0.452,0.432,4.63,0.02,green,11.05,10.66,3.66,0.39,green,7.0,31.0,2026-10-01,2026-10-07,2026-10-08 13:23:48
DM-54-08-06-01,custom_60d,792.94,359.873,120.34,433.07,red,17178.9,15043.98,14.19,2134.92,yellow,7.0,31.0,2026-10-01,2026-10-07,2026-10-08 13:23:48
DM-54-08-07-01,custom_60d,0.0,0.0,,,gray,0.0,0.0,,,gray,7.0,31.0,2026-10-01,2026-10-07,2026-10-08 13:23:48
DM-54-08-08-01,custom_60d,103.059,71.937,43.26,31.12,red,2325.21,1725.31,34.77,599.9,red,7.0,31.0,2026-10-01,2026-10-07,2026-10-08 13:23:48
DM-54-08-09-01,custom_60d,0.191,0.121,57.85,0.07,red,5.33,3.55,50.14,1.78,red,7.0,31.0,2026-10-01,2026-10-07,2026-10-08 13:23:48
DM-54-09-01-01,custom_60d,61.72,,,,gray,3346.57,3402.84,-1.65,-56.27,green,7.0,31.0,2026-10-01,2026-10-07,2026-10-08 13:23:48
DM-54-09-01-02,custom_60d,31.407,29.222,7.48,2.18,yellow,1161.16,1726.43,-32.74,-565.27,green,7.0,31.0,2026-10-01,2026-10-07,2026-10-08 13:23:48
DM-54-09-02-01,custom_60d,96.522,,,,gray,4533.08,4459.62,1.65,73.46,green,7.0,31.0,2026-10-01,2026-10-07,2026-10-08 13:23:48
DM-54-09-02-02,custom_60d,5.687,0.0,,,gray,1527.88,0.0,,,gray,7.0,31.0,2026-10-01,2026-10-07,2026-10-08 13:23:48
DM-54-09-03-01,custom_60d,16.793,24.327,-30.97,-7.53,green,919.46,1154.54,-20.36,-235.08,green,7.0,31.0,2026-10-01,2026-10-07,2026-10-08 13:23:48
DM-54-09-04-01,custom_60d,25.108,25.466,-1.41,-0.36,green,1389.42,1559.88,-10.93,-170.46,green,7.0,31.0,2026-10-01,2026-10-07,2026-10-08 13:23:48
DM-54-09-05-01,custom_60d,0.0,0.0,,,gray,0.0,0.0,,,gray,7.0,31.0,2026-10-01,2026-10-07,2026-10-08 13:23:48
DM-54-09-06-01,custom_60d,0.0,0.0,,,gray,0.0,0.0,,,gray,7.0,31.0,2026-10-01,2026-10-07,2026-10-08 13:23:48
DM-54-09-07-01,custom_60d,26.817,54.969,-51.21,-28.15,green,3005.01,3288.26,-8.61,-283.25,green,7.0,31.0,2026-10-01,2026-10-07,2026-10-08 13:23:48
DM-54-09-07-02,custom_60d,0.0,0.0,,,gray,0.0,0.0,,,gray,7.0,31.0,2026-10-01,2026-10-07,2026-10-08 13:23:48
DM-55-01-01-01,custom_60d,111.829,100.275,11.52,11.55,yellow,5134.66,4476.93,14.69,657.73,yellow,7.0,31.0,2026-10-01,2026-10-07,2026-10-08 13:23:48
DM-55-01-02-01,custom_60d,61.496,,,,gray,3877.23,3549.97,9.22,327.26,yellow,7.0,31.0,2026-10-01,2026-10-07,2026-10-08 13:23:48
DM-55-01-03-01,custom_60d,47.481,24.934,90.43,22.55,red,2466.18,1179.89,109.02,1286.29,red,7.0,31.0,2026-10-01,2026-10-07,2026-10-08 13:23:48
DM-55-02-01-01,custom_60d,92.778,74.67,24.25,18.11,red,4173.27,3198.09,30.49,975.18,red,7.0,31.0,2026-10-01,2026-10-07,2026-10-08 13:23:48
DM-55-02-02-01,custom_60d,131.258,93.726,40.04,37.53,red,5335.41,4345.43,22.78,989.98,red,7.0,31.0,2026-10-01,2026-10-07,2026-10-08 13:23:48
DM-55-02-03-01,custom_60d,94.571,111.998,-15.56,-17.43,green,5169.25,5126.32,0.84,42.93,green,7.0,31.0,2026-10-01,2026-10-07,2026-10-08 13:23:48
DM-55-03-01-01,custom_60d,3.526,3.536,-0.28,-0.01,green,159.03,180.52,-11.9,-21.49,green,7.0,31.0,2026-10-01,2026-10-07,2026-10-08 13:23:48
DM-55-03-01-02,custom_60d,0.05,0.05,0.0,0.0,green,1.07,1.2,-10.83,-0.13,green,7.0,31.0,2026-10-01,2026-10-07,2026-10-08 13:23:48
DM-55-03-01-03,custom_60d,,,,,gray,433.28,502.41,-13.76,-69.13,green,7.0,31.0,2026-10-01,2026-10-07,2026-10-08 13:23:48
DM-55-03-01-04,custom_60d,2.8,2.789,0.39,0.01,green,132.15,153.04,-13.65,-20.89,green,7.0,31.0,2026-10-01,2026-10-07,2026-10-08 13:23:48
DM-55-03-01-05,custom_60d,0.15,0.054,177.78,0.1,red,24.54,10.8,127.22,13.74,red,7.0,31.0,2026-10-01,2026-10-07,2026-10-08 13:23:48
DM-55-03-02-01,custom_60d,129.44,139.24,-7.04,-9.8,green,6335.36,4060.04,56.04,2275.32,red,7.0,31.0,2026-10-01,2026-10-07,2026-10-08 13:23:48
DM-55-03-03-01,custom_60d,184.205,189.421,-2.75,-5.22,green,7744.0,7437.92,4.12,306.08,green,7.0,31.0,2026-10-01,2026-10-07,2026-10-08 13:23:48
DM-55-03-04-01,custom_60d,230.033,122.307,88.08,107.73,red,6244.4,5037.97,23.95,1206.43,red,7.0,31.0,2026-10-01,2026-10-07,2026-10-08 13:23:48
DM-55-04-01-01,custom_60d,9.979,10.333,-3.43,-0.35,green,503.03,545.13,-7.72,-42.1,green,7.0,31.0,2026-10-01,2026-10-07,2026-10-08 13:23:48
DM-55-04-01-02,custom_60d,48.863,53.375,-8.45,-4.51,green,2322.87,2574.58,-9.78,-251.71,green,7.0,31.0,2026-10-01,2026-10-07,2026-10-08 13:23:48
DM-55-04-01-03,custom_60d,19.096,0.0,,,gray,1087.51,0.0,,,gray,7.0,31.0,2026-10-01,2026-10-07,2026-10-08 13:23:48
DM-55-04-01-04,custom_60d,12.482,29.766,-58.07,-17.28,green,891.5,1437.13,-37.97,-545.63,green,7.0,31.0,2026-10-01,2026-10-07,2026-10-08 13:23:48
DM-55-04-01-05,custom_60d,8.087,10.112,-20.03,-2.03,green,623.08,640.43,-2.71,-17.35,green,7.0,31.0,2026-10-01,2026-10-07,2026-10-08 13:23:48
DM-55-04-01-06,custom_60d,8.805,11.106,-20.72,-2.3,green,647.16,696.66,-7.11,-49.5,green,7.0,31.0,2026-10-01,2026-10-07,2026-10-08 13:23:48
DM-55-04-01-07,custom_60d,3.303,5.43,-39.17,-2.13,green,603.6,761.99,-20.79,-158.39,green,7.0,31.0,2026-10-01,2026-10-07,2026-10-08 13:23:48
DM-55-04-01-08,custom_60d,6.833,7.01,-2.52,-0.18,green,460.98,473.21,-2.58,-12.23,green,7.0,31.0,2026-10-01,2026-10-07,2026-10-08 13:23:48
DM-55-04-02-01,custom_60d,120.289,123.019,-2.22,-2.73,green,2408.59,2972.0,-18.96,-563.41,green,7.0,31.0,2026-10-01,2026-10-07,2026-10-08 13:23:48
DM-55-04-02-02,custom_60d,31.871,35.742,-10.83,-3.87,green,2078.56,2271.91,-8.51,-193.35,green,7.0,31.0,2026-10-01,2026-10-07,2026-10-08 13:23:48
DM-55-04-02-03,custom_60d,26.062,23.709,9.92,2.35,yellow,1237.03,1163.07,6.36,73.96,yellow,7.0,31.0,2026-10-01,2026-10-07,2026-10-08 13:23:48
DM-55-04-02-04,custom_60d,2.281,2.582,-11.66,-0.3,green,688.79,795.88,-13.46,-107.09,green,7.0,31.0,2026-10-01,2026-10-07,2026-10-08 13:23:48
DM-55-04-02-05,custom_60d,0.429,0.632,-32.12,-0.2,green,25.67,35.67,-28.03,-10.0,green,7.0,31.0,2026-10-01,2026-10-07,2026-10-08 13:23:48
DM-55-04-03-01,custom_60d,19.817,27.687,-28.42,-7.87,green,767.05,1193.64,-35.74,-426.59,green,7.0,31.0,2026-10-01,2026-10-07,2026-10-08 13:23:48
DM-55-04-03-02,custom_60d,106.223,110.295,-3.69,-4.07,green,4637.32,4557.92,1.74,79.4,green,7.0,31.0,2026-10-01,2026-10-07,2026-10-08 13:23:48
DM-55-04-03-03,custom_60d,11.087,12.698,-12.69,-1.61,green,422.19,466.19,-9.44,-44.0,green,7.0,31.0,2026-10-01,2026-10-07,2026-10-08 13:23:48
DM-55-04-03-04,custom_60d,37.665,67.981,-44.59,-30.32,green,1364.84,2665.29,-48.79,-1300.45,green,7.0,31.0,2026-10-01,2026-10-07,2026-10-08 13:23:48
DM-55-04-03-05,custom_60d,71.348,98.401,-27.49,-27.05,green,3535.07,3944.38,-10.38,-409.31,green,7.0,31.0,2026-10-01,2026-10-07,2026-10-08 13:23:48
DM-55-04-04-01,custom_60d,96.116,,,,gray,4169.12,4393.14,-5.1,-224.02,green,7.0,31.0,2026-10-01,2026-10-07,2026-10-08 13:23:48
DM-55-04-05-01,custom_60d,115.354,142.562,-19.09,-27.21,green,3710.99,4126.98,-10.08,-415.99,green,7.0,31.0,2026-10-01,2026-10-07,2026-10-08 13:23:48
DM-55-05-01-01,custom_60d,0.0,0.0,,,gray,0.01,0.0,,,gray,7.0,31.0,2026-10-01,2026-10-07,2026-10-08 13:23:48
DM-55-05-01-02,custom_60d,226.558,38.633,486.44,187.92,red,4139.05,1833.38,125.76,2305.67,red,7.0,31.0,2026-10-01,2026-10-07,2026-10-08 13:23:48
DM-55-05-01-03,custom_60d,63.46,63.839,-0.59,-0.38,green,2764.06,3160.94,-12.56,-396.88,green,7.0,31.0,2026-10-01,2026-10-07,2026-10-08 13:23:48
DM-55-05-02-01,custom_60d,87.926,93.614,-6.08,-5.69,green,5058.99,5043.36,0.31,15.63,green,7.0,31.0,2026-10-01,2026-10-07,2026-10-08 13:23:48
DM-55-05-02-02,custom_60d,15.536,0.08,19320.0,15.46,red,829.86,1.8,46003.33,828.06,red,7.0,31.0,2026-10-01,2026-10-07,2026-10-08 13:23:48
DM-55-05-02-03,custom_60d,6.583,6.3,4.49,0.28,green,183.44,183.48,-0.02,-0.04,green,7.0,31.0,2026-10-01,2026-10-07,2026-10-08 13:23:48
DM-55-05-03-01,custom_60d,0.0,0.007,-100.0,-0.01,green,0.28,7.82,-96.42,-7.54,green,7.0,31.0,2026-10-01,2026-10-07,2026-10-08 13:23:48
DM-55-05-03-02,custom_60d,97.072,89.943,7.93,7.13,yellow,6085.5,5238.69,16.16,846.81,yellow,7.0,31.0,2026-10-01,2026-10-07,2026-10-08 13:23:48
DM-55-05-03-03,custom_60d,48.037,68.653,-30.03,-20.62,green,2328.99,2941.96,-20.84,-612.97,green,7.0,31.0,2026-10-01,2026-10-07,2026-10-08 13:23:48
DM-55-05-04-01,custom_60d,5.796,21.333,-72.83,-15.54,green,2127.29,1700.52,25.1,426.77,red,7.0,31.0,2026-10-01,2026-10-07,2026-10-08 13:23:48
DM-55-05-04-02,custom_60d,5.142,0.398,1191.96,4.74,red,513.71,419.26,22.53,94.45,red,7.0,31.0,2026-10-01,2026-10-07,2026-10-08 13:23:48
DM-55-05-05-01,custom_60d,20.762,13.576,52.93,7.19,red,1118.12,945.44,18.26,172.68,yellow,7.0,31.0,2026-10-01,2026-10-07,2026-10-08 13:23:48
DM-55-06-01-01,custom_60d,0.0,0.0,,,gray,0.0,0.0,,,gray,7.0,31.0,2026-10-01,2026-10-07,2026-10-08 13:23:48
DM-55-06-01-02,custom_60d,69.362,61.472,12.84,7.89,yellow,2101.92,1896.67,10.82,205.25,yellow,7.0,31.0,2026-10-01,2026-10-07,2026-10-08 13:23:48
DM-55-06-02-01,custom_60d,0.0,73.964,-100.0,-73.96,green,0.0,1752.0,-100.0,-1752.0,green,7.0,31.0,2026-10-01,2026-10-07,2026-10-08 13:23:48
DM-55-06-02-02,custom_60d,89.865,89.463,0.45,0.4,green,2219.1,2570.89,-13.68,-351.79,green,7.0,31.0,2026-10-01,2026-10-07,2026-10-08 13:23:48
DM-55-06-03-01,custom_60d,,,,,gray,1.31,1625.91,-99.92,-1624.6,green,7.0,31.0,2026-10-01,2026-10-07,2026-10-08 13:23:48
DM-55-06-03-02,custom_60d,33.94,31.919,6.33,2.02,yellow,1804.25,1754.5,2.84,49.75,green,7.0,31.0,2026-10-01,2026-10-07,2026-10-08 13:23:48
DM-55-06-03-03,custom_60d,,,,,gray,202.97,232.37,-12.65,-29.4,green,7.0,31.0,2026-10-01,2026-10-07,2026-10-08 13:23:48
DM-55-06-03-04,custom_60d,66.375,85.198,-22.09,-18.82,green,2766.66,3196.73,-13.45,-430.07,green,7.0,31.0,2026-10-01,2026-10-07,2026-10-08 13:23:48
DM-55-06-04-01,custom_60d,431.446,389.255,10.84,42.19,yellow,10751.94,9938.32,8.19,813.62,yellow,7.0,31.0,2026-10-01,2026-10-07,2026-10-08 13:23:48
DM-55-06-04-02,custom_60d,0.0,120.081,-100.0,-120.08,green,336.62,4394.59,-92.34,-4057.97,green,7.0,31.0,2026-10-01,2026-10-07,2026-10-08 13:23:48
DM-55-06-04-03,custom_60d,5.71,14.678,-61.1,-8.97,green,772.99,1031.8,-25.08,-258.81,green,7.0,31.0,2026-10-01,2026-10-07,2026-10-08 13:23:48
DM-55-06-05-01,custom_60d,,,,,gray,204.24,233.12,-12.39,-28.88,green,7.0,31.0,2026-10-01,2026-10-07,2026-10-08 13:23:48
DM-55-06-05-02,custom_60d,36.9,36.869,0.08,0.03,green,1357.41,1535.79,-11.61,-178.38,green,7.0,31.0,2026-10-01,2026-10-07,2026-10-08 13:23:48
DM-55-06-05-03,custom_60d,0.0,0.0,,,gray,0.0,0.0,,,gray,7.0,31.0,2026-10-01,2026-10-07,2026-10-08 13:23:48
DM-55-06-05-04,custom_60d,0.0,0.0,,,gray,0.0,0.0,,,gray,7.0,31.0,2026-10-01,2026-10-07,2026-10-08 13:23:48
DM-55-06-05-05,custom_60d,0.0,0.0,,,gray,0.0,0.0,,,gray,7.0,31.0,2026-10-01,2026-10-07,2026-10-08 13:23:48
DM-55-06-05-06,custom_60d,481.579,517.19,-6.89,-35.61,green,11832.59,12398.46,-4.56,-565.87,green,7.0,31.0,2026-10-01,2026-10-07,2026-10-08 13:23:48
DM-55-06-05-07,custom_60d,0.0,0.0,,,gray,0.0,0.0,,,gray,7.0,31.0,2026-10-01,2026-10-07,2026-10-08 13:23:48
DM-55-06-06-01,custom_60d,,,,,gray,1237.61,1105.59,11.94,132.02,yellow,7.0,31.0,2026-10-01,2026-10-07,2026-10-08 13:23:48
DM-55-06-06-02,custom_60d,66.33,65.481,1.3,0.85,green,3132.73,3168.72,-1.14,-35.99,green,7.0,31.0,2026-10-01,2026-10-07,2026-10-08 13:23:48
DM-55-06-06-03,custom_60d,,,,,gray,253.94,291.78,-12.97,-37.84,green,7.0,31.0,2026-10-01,2026-10-07,2026-10-08 13:23:48
DM-55-06-06-04,custom_60d,,,,,gray,276.71,621.33,-55.46,-344.62,green,7.0,31.0,2026-10-01,2026-10-07,2026-10-08 13:23:48
DM-55-06-06-05,custom_60d,0.0,0.214,-100.0,-0.21,green,0.0,6.05,-100.0,-6.05,green,7.0,31.0,2026-10-01,2026-10-07,2026-10-08 13:23:48
DM-55-06-06-06,custom_60d,0.0,0.0,,,gray,0.0,0.0,,,gray,7.0,31.0,2026-10-01,2026-10-07,2026-10-08 13:23:48
DM-55-06-07-01,custom_60d,,,,,gray,727.73,2313.16,-68.54,-1585.43,green,7.0,21.0,2026-10-01,2026-10-07,2026-10-08 13:23:48
DM-55-06-07-02,custom_60d,,,,,gray,336.97,345.68,-2.52,-8.71,green,7.0,31.0,2026-10-01,2026-10-07,2026-10-08 13:23:48
DM-55-06-07-03,custom_60d,3.004,14.056,-78.63,-11.05,green,699.46,641.66,9.01,57.8,yellow,7.0,31.0,2026-10-01,2026-10-07,2026-10-08 13:23:48
DM-55-06-07-04,custom_60d,3.95,2.631,50.13,1.32,red,261.52,280.29,-6.7,-18.77,green,7.0,31.0,2026-10-01,2026-10-07,2026-10-08 13:23:48
DM-55-06-07-05,custom_60d,0.019,0.075,-74.67,-0.06,green,4.92,0.32,1437.5,4.6,red,7.0,31.0,2026-10-01,2026-10-07,2026-10-08 13:23:48
DM-55-06-07-06,custom_60d,66.633,,,,gray,4611.16,,,,gray,7.0,,2026-10-01,2026-10-07,2026-10-08 13:23:48
DM-55-06-07-07,custom_60d,0.0,0.045,-100.0,-0.04,green,14.06,1.16,1112.07,12.9,red,7.0,31.0,2026-10-01,2026-10-07,2026-10-08 13:23:48
DM-55-06-07-08,custom_60d,0.022,0.001,2100.0,0.02,red,3.94,0.95,314.74,2.99,red,7.0,31.0,2026-10-01,2026-10-07,2026-10-08 13:23:48
DM-55-06-07-10,custom_60d,107.303,107.305,-0.0,-0.0,green,4317.61,4261.98,1.31,55.63,green,7.0,31.0,2026-10-01,2026-10-07,2026-10-08 13:23:48
DM-55-07-01-01,custom_60d,0.0,0.133,-100.0,-0.13,green,0.0,3.6,-100.0,-3.6,green,7.0,31.0,2026-10-01,2026-10-07,2026-10-08 13:23:48
DM-55-07-01-02,custom_60d,154.45,158.013,-2.25,-3.56,green,7430.82,7106.11,4.57,324.71,green,7.0,31.0,2026-10-01,2026-10-07,2026-10-08 13:23:48
DM-55-07-02-01,custom_60d,119.89,150.207,-20.18,-30.32,green,4281.7,4986.82,-14.14,-705.12,green,7.0,31.0,2026-10-01,2026-10-07,2026-10-08 13:23:48
DM-55-07-02-02,custom_60d,0.0,121.374,-100.0,-121.37,green,0.0,3879.46,-100.0,-3879.46,green,7.0,31.0,2026-10-01,2026-10-07,2026-10-08 13:23:48
DM-55-07-03-01,custom_60d,63.149,97.978,-35.55,-34.83,green,3203.36,3480.71,-7.97,-277.35,green,7.0,31.0,2026-10-01,2026-10-07,2026-10-08 13:23:48
DM-55-07-03-02,custom_60d,,,,,gray,2037.18,2122.37,-4.01,-85.19,green,7.0,31.0,2026-10-01,2026-10-07,2026-10-08 13:23:48
DM-55-07-04-01,custom_60d,100.339,0.478,20891.42,99.86,red,4309.49,476.01,805.34,3833.48,red,7.0,31.0,2026-10-01,2026-10-07,2026-10-08 13:23:48
DM-55-07-04-02,custom_60d,111.205,119.348,-6.82,-8.14,green,5053.02,4882.95,3.48,170.07,green,7.0,31.0,2026-10-01,2026-10-07,2026-10-08 13:23:48
DM-55-07-05-01,custom_60d,137.785,137.307,0.35,0.48,green,5572.88,6305.41,-11.62,-732.53,green,7.0,31.0,2026-10-01,2026-10-07,2026-10-08 13:23:48
DM-55-07-05-02,custom_60d,51.608,,,,gray,1958.62,1895.27,3.34,63.35,green,7.0,31.0,2026-10-01,2026-10-07,2026-10-08 13:23:48
DM-55-07-05-03,custom_60d,27.065,40.477,-33.13,-13.41,green,1993.58,1978.98,0.74,14.6,green,7.0,31.0,2026-10-01,2026-10-07,2026-10-08 13:23:48
DM-55-07-06-01,custom_60d,72.925,295.991,-75.36,-223.07,green,4488.51,8553.56,-47.52,-4065.05,green,7.0,31.0,2026-10-01,2026-10-07,2026-10-08 13:23:48
DM-55-07-06-02,custom_60d,190.699,190.643,0.03,0.06,green,5951.89,6752.02,-11.85,-800.13,green,7.0,31.0,2026-10-01,2026-10-07,2026-10-08 13:23:48
DM-55-07-06-03,custom_60d,79.307,104.737,-24.28,-25.43,green,4730.12,4826.5,-2.0,-96.38,green,7.0,31.0,2026-10-01,2026-10-07,2026-10-08 13:23:48
DM-55-07-06-04,custom_60d,,,,,gray,1374.26,1445.55,-4.93,-71.29,green,7.0,31.0,2026-10-01,2026-10-07,2026-10-08 13:23:48
DM-55-07-06-05,custom_60d,9.738,9.738,0.0,0.0,green,212.39,237.99,-10.76,-25.6,green,7.0,31.0,2026-10-01,2026-10-07,2026-10-08 13:23:48
DM-55-07-06-06,custom_60d,,,,,gray,324.91,368.24,-11.77,-43.33,green,7.0,31.0,2026-10-01,2026-10-07,2026-10-08 13:23:48
DM-55-07-07-01,custom_60d,0.0,0.0,,,gray,0.0,0.0,,,gray,7.0,31.0,2026-10-01,2026-10-07,2026-10-08 13:23:48
DM-55-07-07-02,custom_60d,101.267,102.821,-1.51,-1.55,green,3776.97,4270.4,-11.55,-493.43,green,7.0,31.0,2026-10-01,2026-10-07,2026-10-08 13:23:48
DM-55-07-07-03,custom_60d,86.24,83.616,3.14,2.62,green,3088.54,3300.35,-6.42,-211.81,green,7.0,31.0,2026-10-01,2026-10-07,2026-10-08 13:23:48
DM-55-07-07-04,custom_60d,,85.923,,,gray,,3315.52,,,gray,,27.0,,,2026-10-08 13:23:48
DM-55-08-01-01,custom_60d,0.0,124.542,-100.0,-124.54,green,0.0,5049.65,-100.0,-5049.65,green,7.0,31.0,2026-10-01,2026-10-07,2026-10-08 13:23:48
DM-55-08-01-02,custom_60d,124.535,,,,gray,5328.08,5819.93,-8.45,-491.85,green,7.0,31.0,2026-10-01,2026-10-07,2026-10-08 13:23:48
DM-55-08-02-01,custom_60d,81.682,,,,gray,4084.46,4656.44,-12.28,-571.98,green,7.0,31.0,2026-10-01,2026-10-07,2026-10-08 13:23:48
DM-55-08-02-02,custom_60d,137.249,153.811,-10.77,-16.56,green,6026.45,5954.67,1.21,71.78,green,7.0,31.0,2026-10-01,2026-10-07,2026-10-08 13:23:48
DM-55-08-03-01,custom_60d,43.422,44.139,-1.62,-0.72,green,2972.6,3078.74,-3.45,-106.14,green,7.0,31.0,2026-10-01,2026-10-07,2026-10-08 13:23:48
DM-55-09-01-01,custom_60d,46.496,0.0,,,gray,2043.67,0.0,,,gray,7.0,31.0,2026-10-01,2026-10-07,2026-10-08 13:23:48
DM-55-09-01-02,custom_60d,4.925,0.0,,,gray,318.68,0.0,,,gray,7.0,31.0,2026-10-01,2026-10-07,2026-10-08 13:23:48
DM-55-09-02-01,custom_60d,116.888,,,,gray,5580.73,5875.3,-5.01,-294.57,green,7.0,31.0,2026-10-01,2026-10-07,2026-10-08 13:23:48
DM-55-09-02-02,custom_60d,24.451,24.596,-0.59,-0.14,green,767.1,875.87,-12.42,-108.77,green,7.0,31.0,2026-10-01,2026-10-07,2026-10-08 13:23:48
DM-55-09-03-01,custom_60d,,,,,gray,0.0,2466.15,-100.0,-2466.15,green,7.0,31.0,2026-10-01,2026-10-07,2026-10-08 13:23:48
DM-55-09-04-01,custom_60d,0.0,0.0,,,gray,0.0,0.0,,,gray,7.0,31.0,2026-10-01,2026-10-07,2026-10-08 13:23:48
DM-55-09-04-02,custom_60d,61.518,61.642,-0.2,-0.12,green,2404.98,2731.32,-11.95,-326.34,green,7.0,31.0,2026-10-01,2026-10-07,2026-10-08 13:23:48
DM-56-01-01-01,custom_60d,102.225,0.0,,,gray,4649.28,0.0,,,gray,7.0,31.0,2026-10-01,2026-10-07,2026-10-08 13:23:48
DM-56-01-02-01,custom_60d,190.591,134.969,41.21,55.62,red,4769.45,4726.21,0.91,43.24,green,7.0,31.0,2026-10-01,2026-10-07,2026-10-08 13:23:48
DM-56-01-03-01,custom_60d,276.005,315.632,-12.55,-39.63,green,7826.77,8248.24,-5.11,-421.47,green,7.0,31.0,2026-10-01,2026-10-07,2026-10-08 13:23:48
DM-56-01-03-02,custom_60d,138.687,100.285,38.29,38.4,red,5372.16,3826.7,40.39,1545.46,red,7.0,31.0,2026-10-01,2026-10-07,2026-10-08 13:23:48
DM-56-01-04-01,custom_60d,189.08,134.341,40.75,54.74,red,4729.4,4698.99,0.65,30.41,green,7.0,31.0,2026-10-01,2026-10-07,2026-10-08 13:23:48
DM-56-01-05-01,custom_60d,285.27,250.095,14.06,35.17,yellow,12395.89,11346.86,9.25,1049.03,yellow,7.0,31.0,2026-10-01,2026-10-07,2026-10-08 13:23:48
DM-56-02-01-01,custom_60d,160.248,150.16,6.72,10.09,yellow,7045.08,7205.2,-2.22,-160.12,green,7.0,31.0,2026-10-01,2026-10-07,2026-10-08 13:23:48
DM-56-02-02-01,custom_60d,17.67,22.399,-21.11,-4.73,green,1224.68,1308.96,-6.44,-84.28,green,7.0,31.0,2026-10-01,2026-10-07,2026-10-08 13:23:48
DM-56-02-02-02,custom_60d,20.658,46.121,-55.21,-25.46,green,1477.8,1526.06,-3.16,-48.26,green,7.0,31.0,2026-10-01,2026-10-07,2026-10-08 13:23:48
DM-56-02-03-01,custom_60d,50.169,58.751,-14.61,-8.58,green,2438.73,2625.02,-7.1,-186.29,green,7.0,31.0,2026-10-01,2026-10-07,2026-10-08 13:23:48
DM-56-02-04-01,custom_60d,159.731,82.158,94.42,77.57,red,3751.47,3454.19,8.61,297.28,yellow,7.0,31.0,2026-10-01,2026-10-07,2026-10-08 13:23:48
DM-56-02-05-01,custom_60d,47.855,,,,gray,2606.81,3121.69,-16.49,-514.88,green,7.0,31.0,2026-10-01,2026-10-07,2026-10-08 13:23:48
DM-56-02-05-02,custom_60d,57.696,78.509,-26.51,-20.81,green,2319.21,2675.47,-13.32,-356.26,green,7.0,31.0,2026-10-01,2026-10-07,2026-10-08 13:23:48
DM-56-02-06-01,custom_60d,354.059,341.802,3.59,12.26,green,8706.6,8361.1,4.13,345.5,green,7.0,31.0,2026-10-01,2026-10-07,2026-10-08 13:23:48
DM-56-02-07-01,custom_60d,77.349,128.698,-39.9,-51.35,green,3593.71,4079.74,-11.91,-486.03,green,7.0,31.0,2026-10-01,2026-10-07,2026-10-08 13:23:48
DM-56-02-08-01,custom_60d,130.509,145.935,-10.57,-15.43,green,6783.47,7161.79,-5.28,-378.32,green,7.0,31.0,2026-10-01,2026-10-07,2026-10-08 13:23:48
DM-56-02-09-01,custom_60d,48.109,48.765,-1.35,-0.66,green,2621.36,2674.62,-1.99,-53.26,green,7.0,31.0,2026-10-01,2026-10-07,2026-10-08 13:23:48
DM-56-02-10-01,custom_60d,25.842,30.626,-15.62,-4.78,green,1340.12,1486.88,-9.87,-146.76,green,7.0,31.0,2026-10-01,2026-10-07,2026-10-08 13:23:48
DM-56-03-01-01,custom_60d,34.571,108.563,-68.16,-73.99,green,1853.12,5606.58,-66.95,-3753.46,green,7.0,31.0,2026-10-01,2026-10-07,2026-10-08 13:23:48
DM-56-03-01-02,custom_60d,51.914,47.07,10.29,4.84,yellow,2059.55,2113.26,-2.54,-53.71,green,7.0,31.0,2026-10-01,2026-10-07,2026-10-08 13:23:48
DM-56-03-02-01,custom_60d,100.447,99.542,0.91,0.91,green,5020.4,5622.89,-10.71,-602.49,green,7.0,31.0,2026-10-01,2026-10-07,2026-10-08 13:23:48
DM-56-03-03-01,custom_60d,62.408,137.649,-54.66,-75.24,green,3867.05,4049.73,-4.51,-182.68,green,7.0,31.0,2026-10-01,2026-10-07,2026-10-08 13:23:48
DM-56-03-04-01,custom_60d,87.501,80.446,8.77,7.06,yellow,3900.71,3696.77,5.52,203.94,yellow,7.0,31.0,2026-10-01,2026-10-07,2026-10-08 13:23:48
DM-56-03-05-01,custom_60d,140.166,348.235,-59.75,-208.07,green,7145.55,6564.44,8.85,581.11,yellow,7.0,31.0,2026-10-01,2026-10-07,2026-10-08 13:23:48
DM-56-03-05-02,custom_60d,148.936,132.661,12.27,16.28,yellow,5991.71,6330.45,-5.35,-338.74,green,7.0,31.0,2026-10-01,2026-10-07,2026-10-08 13:23:48
DM-56-03-06-01,custom_60d,64.181,64.352,-0.27,-0.17,green,2203.78,2464.72,-10.59,-260.94,green,7.0,31.0,2026-10-01,2026-10-07,2026-10-08 13:23:48
DM-56-03-06-02,custom_60d,67.797,71.676,-5.41,-3.88,green,2776.18,2906.92,-4.5,-130.74,green,7.0,31.0,2026-10-01,2026-10-07,2026-10-08 13:23:48
DM-56-03-06-03,custom_60d,80.326,86.686,-7.34,-6.36,green,3291.41,3320.79,-0.88,-29.38,green,7.0,31.0,2026-10-01,2026-10-07,2026-10-08 13:23:48
DM-56-04-01-01,custom_60d,237.04,229.985,3.07,7.05,green,11772.22,10430.52,12.86,1341.7,yellow,7.0,31.0,2026-10-01,2026-10-07,2026-10-08 13:23:48
DM-56-04-02-01,custom_60d,91.581,97.736,-6.3,-6.16,green,5597.21,6060.63,-7.65,-463.42,green,7.0,31.0,2026-10-01,2026-10-07,2026-10-08 13:23:48
DM-56-04-03-01,custom_60d,197.541,54.723,260.98,142.82,red,8800.19,2628.09,234.85,6172.1,red,7.0,31.0,2026-10-01,2026-10-07,2026-10-08 13:23:48
DM-56-04-04-01,custom_60d,48.394,53.767,-9.99,-5.37,green,2522.36,2937.01,-14.12,-414.65,green,7.0,31.0,2026-10-01,2026-10-07,2026-10-08 13:23:48
DM-56-04-04-02,custom_60d,42.485,61.218,-30.6,-18.73,green,2118.08,3184.37,-33.49,-1066.29,green,7.0,31.0,2026-10-01,2026-10-07,2026-10-08 13:23:48
DM-56-04-05-01,custom_60d,38.04,107.118,-64.49,-69.08,green,2840.66,2845.71,-0.18,-5.05,green,7.0,31.0,2026-10-01,2026-10-07,2026-10-08 13:23:48
DM-56-04-05-02,custom_60d,71.64,66.799,7.25,4.84,yellow,3171.68,3011.86,5.31,159.82,yellow,7.0,31.0,2026-10-01,2026-10-07,2026-10-08 13:23:48
DM-56-05-01-01,custom_60d,366.256,93.339,292.39,272.92,red,7664.75,2261.84,238.87,5402.91,red,7.0,31.0,2026-10-01,2026-10-07,2026-10-08 13:23:48
DM-56-05-01-02,custom_60d,34.267,53.247,-35.65,-18.98,green,2186.24,3166.44,-30.96,-980.2,green,7.0,31.0,2026-10-01,2026-10-07,2026-10-08 13:23:48
DM-56-05-01-03,custom_60d,176.181,0.0,,,gray,7897.04,0.0,,,gray,7.0,31.0,2026-10-01,2026-10-07,2026-10-08 13:23:48
DM-56-05-02-01,custom_60d,81.878,85.276,-3.98,-3.4,green,4058.65,4111.42,-1.28,-52.77,green,7.0,31.0,2026-10-01,2026-10-07,2026-10-08 13:23:48
DM-56-05-03-01,custom_60d,112.727,119.333,-5.54,-6.61,green,5046.31,4729.17,6.71,317.14,yellow,7.0,31.0,2026-10-01,2026-10-07,2026-10-08 13:23:48
DM-56-05-04-01,custom_60d,40.744,93.733,-56.53,-52.99,green,2309.5,4583.55,-49.61,-2274.05,green,7.0,31.0,2026-10-01,2026-10-07,2026-10-08 13:23:48
DM-56-05-05-01,custom_60d,121.52,125.926,-3.5,-4.41,green,4050.92,4591.12,-11.77,-540.2,green,7.0,31.0,2026-10-01,2026-10-07,2026-10-08 13:23:48
DM-56-05-05-02,custom_60d,115.257,124.11,-7.13,-8.85,green,5078.15,5494.55,-7.58,-416.4,green,7.0,31.0,2026-10-01,2026-10-07,2026-10-08 13:23:48
DM-56-05-06-01,custom_60d,40.516,47.112,-14.0,-6.6,green,3443.36,3403.33,1.18,40.03,green,7.0,31.0,2026-10-01,2026-10-07,2026-10-08 13:23:48
DM-56-05-07-01,custom_60d,0.011,0.01,10.0,0.0,yellow,0.23,0.25,-8.0,-0.02,green,7.0,31.0,2026-10-01,2026-10-07,2026-10-08 13:23:48
DM-56-06-01-01,custom_60d,500.0,507.372,-1.45,-7.37,green,12000.0,12171.94,-1.41,-171.94,green,7.0,31.0,2026-10-01,2026-10-07,2026-10-08 13:23:48
DM-56-06-02-01,custom_60d,90.118,149.766,-39.83,-59.65,green,3870.03,4301.7,-10.03,-431.67,green,7.0,31.0,2026-10-01,2026-10-07,2026-10-08 13:23:48
DM-56-06-03-01,custom_60d,109.398,161.765,-32.37,-52.37,green,5438.32,5377.96,1.12,60.36,green,7.0,31.0,2026-10-01,2026-10-07,2026-10-08 13:23:48
DM-56-06-03-02,custom_60d,62.771,64.757,-3.07,-1.99,green,2798.06,3161.87,-11.51,-363.81,green,7.0,31.0,2026-10-01,2026-10-07,2026-10-08 13:23:48
DM-56-06-04-01,custom_60d,105.339,95.084,10.79,10.25,yellow,4799.04,4288.34,11.91,510.7,yellow,7.0,31.0,2026-10-01,2026-10-07,2026-10-08 13:23:48
DM-56-06-05-01,custom_60d,156.706,118.117,32.67,38.59,red,6392.7,5471.29,16.84,921.41,yellow,7.0,31.0,2026-10-01,2026-10-07,2026-10-08 13:23:48
DM-56-06-06-01,custom_60d,3.08,3.899,-21.01,-0.82,green,306.5,400.11,-23.4,-93.61,green,7.0,31.0,2026-10-01,2026-10-07,2026-10-08 13:23:48
DM-56-07-01-01,custom_60d,226.629,207.549,9.19,19.08,yellow,10315.26,8916.52,15.69,1398.74,yellow,7.0,31.0,2026-10-01,2026-10-07,2026-10-08 13:23:48
DM-56-07-02-01,custom_60d,194.085,282.738,-31.36,-88.65,green,8519.73,8512.13,0.09,7.6,green,7.0,31.0,2026-10-01,2026-10-07,2026-10-08 13:23:48
DM-56-07-03-01,custom_60d,167.284,176.024,-4.97,-8.74,green,8988.14,9917.99,-9.38,-929.85,green,7.0,31.0,2026-10-01,2026-10-07,2026-10-08 13:23:48
DM-56-07-04-01,custom_60d,55.393,58.363,-5.09,-2.97,green,2566.94,2693.1,-4.68,-126.16,green,7.0,31.0,2026-10-01,2026-10-07,2026-10-08 13:23:48
DM-56-07-04-02,custom_60d,0.0,200.337,-100.0,-200.34,green,0.0,10244.35,-100.0,-10244.35,green,7.0,31.0,2026-10-01,2026-10-07,2026-10-08 13:23:48
DM-56-07-05-01,custom_60d,163.588,172.153,-4.98,-8.56,green,7266.18,7459.55,-2.59,-193.37,green,7.0,31.0,2026-10-01,2026-10-07,2026-10-08 13:23:48
DM-56-07-05-02,custom_60d,153.643,315.712,-51.33,-162.07,green,6896.86,5532.92,24.65,1363.94,red,7.0,31.0,2026-10-01,2026-10-07,2026-10-08 13:23:48
