dma_code,date,avg_f,avg_p
DM-01-01-01-01,2026-08-26,78.8840625,4.035104166666667
DM-01-01-01-01,2026-08-27,80.465,4.08375
DM-01-01-01-01,2026-08-28,79.87197916666666,3.966458333333333
DM-01-01-01-01,2026-08-29,80.11749999999999,3.9807291666666664
DM-01-01-01-01,2026-08-30,87.75677083333333,4.536458333333333
DM-01-01-01-01,2026-08-31,80.83437500000001,4.1934375
DM-01-01-01-01,2026-09-01,79.205625,4.194270833333333
DM-01-01-02-01,2026-08-26,122.30083333333333,6.807291666666667
DM-01-01-02-01,2026-08-27,122.83010416666667,6.846979166666666
DM-01-01-02-01,2026-08-28,121.81447916666667,6.735416666666667
DM-01-01-02-01,2026-08-29,112.57552083333333,6.151354166666667
DM-01-01-02-01,2026-08-30,138.24156250000001,7.4359375000000005
DM-01-01-02-01,2026-08-31,120.5228125,6.827708333333334
DM-01-01-02-01,2026-09-01,123.2625,6.829583333333333
DM-01-01-02-02,2026-08-26,38.39479166666667,6.0453125000000005
DM-01-01-02-02,2026-08-27,39.768229166666664,6.103437499999999
DM-01-01-02-02,2026-08-28,37.77552083333333,6.056875000000001
DM-01-01-02-02,2026-08-29,39.16125,5.9584375
DM-01-01-02-02,2026-08-30,39.12197916666667,6.1875
DM-01-01-02-02,2026-08-31,36.955,6.151770833333334
DM-01-01-02-02,2026-09-01,36.78395833333334,6.137291666666666
DM-01-01-03-01,2026-08-26,46.6665625,6.012604166666667
DM-01-01-03-01,2026-08-27,46.338854166666664,6.0196875
DM-01-01-03-01,2026-08-28,45.70947916666666,5.991979166666667
DM-01-01-03-01,2026-08-29,40.95604166666667,5.9740625
DM-01-01-03-01,2026-08-30,45.03989583333333,6.155729166666667
DM-01-01-03-01,2026-08-31,47.67635416666667,6.1121875
DM-01-01-03-01,2026-09-01,48.0790625,6.070416666666667
DM-01-01-03-02,2026-08-26,0.0,3.7032291666666666
DM-01-01-03-02,2026-08-27,0.0,3.7032291666666666
DM-01-01-03-02,2026-08-28,0.0,3.7032291666666666
DM-01-01-03-02,2026-08-29,0.0,4.015416666666667
DM-01-01-03-02,2026-08-30,0.0,4.018958333333333
DM-01-01-03-02,2026-08-31,0.0,3.7032291666666666
DM-01-01-03-02,2026-09-01,0.0,3.7032291666666666
DM-01-01-03-03,2026-08-26,0.0,4.512395833333334
DM-01-01-03-03,2026-08-27,0.0,4.590729166666667
DM-01-01-03-03,2026-08-28,0.0,4.5234375
DM-01-01-03-03,2026-08-29,0.0,4.725208333333334
DM-01-01-03-03,2026-08-30,0.0,4.982916666666667
DM-01-01-03-03,2026-08-31,0.0,4.657916666666667
DM-01-01-03-03,2026-09-01,0.0,4.63
DM-01-01-04-01,2026-08-26,0.0,6.301354166666666
DM-01-01-04-01,2026-08-27,0.0,6.285416666666666
DM-01-01-04-01,2026-08-28,0.0,6.229791666666666
DM-01-01-04-01,2026-08-29,0.0,6.196770833333333
DM-01-01-04-01,2026-08-30,0.0,6.414791666666667
DM-01-01-04-01,2026-08-31,0.0,6.375416666666666
DM-01-01-04-01,2026-09-01,0.0,6.3346875
DM-01-01-05-01,2026-08-26,155.71229166666666,5.2871875
DM-01-01-05-01,2026-08-27,155.255,5.259166666666666
DM-01-01-05-01,2026-08-28,154.46125,5.2195833333333335
DM-01-01-05-01,2026-08-29,159.2853125,5.2127083333333335
DM-01-01-05-01,2026-08-30,160.26375,5.404166666666666
DM-01-01-05-01,2026-08-31,151.11302083333334,5.3263541666666665
DM-01-01-05-01,2026-09-01,154.51895833333333,5.289791666666667
DM-01-01-05-02,2026-08-26,14.344270833333333,6.302395833333333
DM-01-01-05-02,2026-08-27,30.197916666666668,6.262395833333334
DM-01-01-05-02,2026-08-28,62.244166666666665,6.209166666666667
DM-01-01-05-02,2026-08-29,76.95552083333334,6.066354166666667
DM-01-01-05-02,2026-08-30,59.76083333333333,6.212812499999999
DM-01-01-05-02,2026-08-31,48.498020833333335,6.2659375
DM-01-01-05-02,2026-09-01,42.79833333333334,6.386458333333334
DM-01-01-06-01,2026-08-26,127.1596875,5.8596875
DM-01-01-06-01,2026-08-27,126.08,5.855416666666667
DM-01-01-06-01,2026-08-28,125.69687499999999,5.796770833333333
DM-01-01-06-01,2026-08-29,127.80739583333333,5.775729166666667
DM-01-01-06-01,2026-08-30,131.80937500000002,5.9347916666666665
DM-01-01-06-01,2026-08-31,128.18395833333332,5.939791666666667
DM-01-01-06-01,2026-09-01,126.11708333333333,5.902291666666667
DM-01-01-06-02,2026-08-26,23.153541666666666,1.8064583333333333
DM-01-01-06-02,2026-08-27,23.153541666666666,1.8064583333333333
DM-01-01-06-02,2026-08-28,23.153541666666666,1.8064583333333333
DM-01-01-06-02,2026-08-29,15.796354166666667,1.4261458333333332
DM-01-01-06-02,2026-08-30,13.225520833333334,1.4180208333333333
DM-01-01-06-02,2026-08-31,22.57020833333333,1.8060416666666665
DM-01-01-06-02,2026-09-01,23.145520833333332,1.8064583333333333
DM-01-02-01-01,2026-08-26,79.98354166666667,4.04375
DM-01-02-01-01,2026-08-27,79.99458333333332,4.030833333333333
DM-01-02-01-01,2026-08-28,78.161875,4.020625
DM-01-02-01-01,2026-08-29,93.82968749999999,4.117604166666667
DM-01-02-01-01,2026-08-30,91.37239583333333,4.376041666666667
DM-01-02-01-01,2026-08-31,79.6684375,4.244583333333334
DM-01-02-01-01,2026-09-01,83.26947916666667,4.197395833333333
DM-01-02-01-02,2026-08-26,0.0,3.7675
DM-01-02-01-02,2026-08-27,0.0,3.9155208333333333
DM-01-02-01-02,2026-08-28,0.0,3.740625
DM-01-02-01-02,2026-08-29,0.0,3.6361458333333334
DM-01-02-01-02,2026-08-30,0.0,4.4525
DM-01-02-01-02,2026-08-31,0.0,4.005
DM-01-02-01-02,2026-09-01,0.0,3.7490625000000004
DM-01-02-02-01,2026-08-26,291.9869791666667,4.048854166666667
DM-01-02-02-01,2026-08-27,294.0598958333333,4.013333333333334
DM-01-02-02-01,2026-08-28,305.42062500000003,3.8033333333333332
DM-01-02-02-01,2026-08-29,310.7211458333333,3.602395833333333
DM-01-02-02-01,2026-08-30,336.2709375,4.047187500000001
DM-01-02-02-01,2026-08-31,293.320625,4.142291666666666
DM-01-02-02-01,2026-09-01,275.68645833333335,4.143958333333333
DM-01-02-02-02,2026-08-26,47.15083333333333,3.3195833333333336
DM-01-02-02-02,2026-08-27,43.18322916666667,3.4136458333333333
DM-01-02-02-02,2026-08-28,36.326875,3.435833333333333
DM-01-02-02-02,2026-08-29,32.85010416666667,3.4047916666666667
DM-01-02-02-02,2026-08-30,32.94416666666667,4.1784375
DM-01-02-02-02,2026-08-31,45.05708333333333,3.5432291666666664
DM-01-02-02-02,2026-09-01,54.72875,3.14125
DM-01-02-03-02,2026-08-26,99.39791666666667,6.3825
DM-01-02-03-02,2026-08-27,101.48281250000001,6.34
DM-01-02-03-02,2026-08-28,100.03572916666667,6.301875
DM-01-02-03-02,2026-08-29,115.91385416666667,6.227916666666666
DM-01-02-03-02,2026-08-30,115.294375,6.4593750000000005
DM-01-02-03-02,2026-08-31,97.66083333333334,6.424479166666667
DM-01-02-03-02,2026-09-01,95.91864583333334,6.388541666666666
DM-01-02-04-02,2026-08-26,82.29114583333333,5.6433333333333335
DM-01-02-04-02,2026-08-27,80.6284375,5.700520833333333
DM-01-02-04-02,2026-08-28,81.56208333333333,5.671250000000001
DM-01-02-04-02,2026-08-29,84.29572916666667,4.4803125
DM-01-02-04-02,2026-08-30,84.06614583333334,5.102291666666667
DM-01-02-04-02,2026-08-31,80.74770833333334,5.689166666666666
DM-01-02-04-02,2026-09-01,78.15677083333334,5.8879166666666665
DM-01-02-04-03,2026-08-26,59.31875,6.961875
DM-01-02-04-03,2026-08-27,56.31885416666666,6.945625
DM-01-02-04-03,2026-08-28,55.84125,6.0566666666666675
DM-01-02-04-03,2026-08-29,65.85302083333333,6.007708333333333
DM-01-02-04-03,2026-08-30,60.38885416666667,5.712395833333333
DM-01-02-04-03,2026-08-31,54.2509375,6.086562499999999
DM-01-02-04-03,2026-09-01,54.508020833333326,6.120729166666667
DM-01-02-05-01,2026-08-26,90.69010416666667,5.418541666666666
DM-01-02-05-01,2026-08-27,89.6953125,5.423645833333333
DM-01-02-05-01,2026-08-28,89.98041666666667,5.347395833333334
DM-01-02-05-01,2026-08-29,92.38083333333333,5.048854166666667
DM-01-02-05-01,2026-08-30,101.6596875,5.9175
DM-01-02-05-01,2026-08-31,88.6559375,5.473229166666666
DM-01-02-05-01,2026-09-01,89.48656249999999,5.4171875
DM-01-03-01-01,2026-08-26,0.0,3.7485416666666667
DM-01-03-01-01,2026-08-27,0.0,3.7620833333333334
DM-01-03-01-01,2026-08-28,0.0,3.7176041666666664
DM-01-03-01-01,2026-08-29,0.0,3.7701041666666666
DM-01-03-01-01,2026-08-30,0.0,3.840520833333333
DM-01-03-01-01,2026-08-31,0.0,3.907291666666667
DM-01-03-01-01,2026-09-01,0.0,3.9421874999999997
DM-01-03-02-01,2026-08-26,186.52239583333335,5.3840625
DM-01-03-02-01,2026-08-27,183.6888541666667,5.324791666666667
DM-01-03-02-01,2026-08-28,184.56562499999998,5.297916666666667
DM-01-03-02-01,2026-08-29,188.88375,5.521249999999999
DM-01-03-02-01,2026-08-30,189.56500000000003,5.46
DM-01-03-02-01,2026-08-31,179.8084375,5.4070833333333335
DM-01-03-02-01,2026-09-01,180.72354166666665,5.4478125
DM-01-03-03-01,2026-08-26,0.3984375,4.402708333333334
DM-01-03-03-01,2026-08-27,0.4083333333333334,4.356979166666666
DM-01-03-03-01,2026-08-28,0.5120833333333333,4.231875
DM-01-03-03-01,2026-08-29,18.785833333333333,4.340104166666666
DM-01-03-03-01,2026-08-30,22.523020833333334,4.701979166666667
DM-01-03-03-01,2026-08-31,0.9384375,4.561354166666667
DM-01-03-03-01,2026-09-01,0.37833333333333335,4.5725
DM-01-03-04-01,2026-08-26,457.56177083333336,7.291354166666667
DM-01-03-04-01,2026-08-27,452.58750000000003,7.271562500000001
DM-01-03-04-01,2026-08-28,455.44624999999996,7.279895833333334
DM-01-03-04-01,2026-08-29,460.38822916666663,7.464166666666666
DM-01-03-04-01,2026-08-30,454.08739583333335,7.4269791666666665
DM-01-03-04-01,2026-08-31,446.545,7.2690625
DM-01-03-04-01,2026-09-01,448.41343750000004,7.354583333333333
DM-01-03-05-01,2026-08-26,241.27395833333333,3.4324999999999997
DM-01-03-05-01,2026-08-27,262.33802083333336,3.748125
DM-01-03-05-01,2026-08-28,234.06645833333334,3.3979166666666667
DM-01-03-05-01,2026-08-29,224.886875,3.3544791666666662
DM-01-03-05-01,2026-08-30,271.5619791666667,4.1609375
DM-01-03-05-01,2026-08-31,239.54447916666666,3.669583333333333
DM-01-03-05-01,2026-09-01,231.56479166666668,3.6113541666666666
DM-01-03-05-02,2026-08-26,1.1363541666666668,2.692083333333333
DM-01-03-05-02,2026-08-27,1.1491666666666667,2.7379166666666666
DM-01-03-05-02,2026-08-28,1.1434374999999999,2.6979166666666665
DM-01-03-05-02,2026-08-29,1.1269791666666666,2.8144791666666666
DM-01-03-05-02,2026-08-30,1.105,2.928125
DM-01-03-05-02,2026-08-31,1.0843749999999999,2.852395833333333
DM-01-03-05-02,2026-09-01,1.0642708333333333,2.908958333333333
DM-01-03-06-01,2026-08-26,98.79416666666667,4.022291666666667
DM-01-03-06-01,2026-08-27,99.66375,4.03625
DM-01-03-06-01,2026-08-28,98.2871875,3.9110416666666663
DM-01-03-06-01,2026-08-29,99.91739583333333,4.099583333333333
DM-01-03-06-01,2026-08-30,102.44749999999999,4.452604166666666
DM-01-03-06-01,2026-08-31,98.30333333333334,4.214791666666667
DM-01-03-06-01,2026-09-01,102.39104166666668,4.1293750000000005
DM-01-03-06-02,2026-08-26,64.4675,4.22875
DM-01-03-06-02,2026-08-27,65.81868421052631,4.1176315789473685
DM-01-03-06-02,2026-08-28,61.30854166666666,4.2353125
DM-01-03-06-02,2026-08-29,61.22114583333333,4.348333333333334
DM-01-03-06-02,2026-08-30,61.014270833333335,4.569999999999999
DM-01-03-06-02,2026-08-31,61.26916666666667,4.438541666666667
DM-01-03-06-02,2026-09-01,62.27135416666667,4.435208333333334
DM-01-03-06-03,2026-08-26,82.48604166666667,3.833229166666667
DM-01-03-06-03,2026-08-27,86.35635416666666,3.852395833333333
DM-01-03-06-03,2026-08-28,87.97010416666666,3.703958333333333
DM-01-03-06-03,2026-08-29,63.633229166666666,3.5286458333333335
DM-01-03-06-03,2026-08-30,76.08624999999999,3.9595833333333332
DM-01-03-06-03,2026-08-31,100.01260416666666,4.033229166666667
DM-01-03-06-03,2026-09-01,100.61177083333332,4.017604166666667
DM-01-04-01-01,2026-08-26,153.78572916666667,3.5028124999999997
DM-01-04-01-01,2026-08-27,156.1371875,3.5426041666666666
DM-01-04-01-01,2026-08-28,151.91427083333335,3.3925
DM-01-04-01-01,2026-08-29,167.301875,3.5872916666666668
DM-01-04-01-01,2026-08-30,166.01916666666668,3.9920833333333334
DM-01-04-01-01,2026-08-31,162.77864583333334,3.8554166666666667
DM-01-04-01-01,2026-09-01,148.41614583333333,3.686666666666667
DM-01-04-01-02,2026-08-26,15.651874999999999,4.6596874999999995
DM-01-04-01-02,2026-08-27,20.859895833333333,4.6277083333333335
DM-01-04-01-02,2026-08-28,15.651979166666665,4.490208333333333
DM-01-04-01-02,2026-08-29,10.4321875,4.250520833333334
DM-01-04-01-02,2026-08-30,10.432291666666666,4.172604166666667
DM-01-04-01-02,2026-08-31,5.235729166666666,4.561770833333333
DM-01-04-01-02,2026-09-01,12.920729166666666,4.555104166666667
DM-01-04-02-01,2026-08-26,221.02093749999997,4.493645833333333
DM-01-04-02-01,2026-08-27,217.16239583333333,4.5225
DM-01-04-02-01,2026-08-28,215.62968750000002,4.4582291666666665
DM-01-04-02-01,2026-08-29,150.64895833333333,3.1584375
DM-01-04-02-01,2026-08-30,176.48770833333333,3.6157291666666667
DM-01-04-02-01,2026-08-31,203.63510416666668,4.699479166666666
DM-01-04-02-01,2026-09-01,205.954375,4.663333333333333
DM-01-04-03-01,2026-08-26,0.03260416666666666,4.9593750000000005
DM-01-04-03-01,2026-08-27,0.0328125,5.05375
DM-01-04-03-01,2026-08-28,0.033125,4.979895833333333
DM-01-04-03-01,2026-08-29,0.021875000000000002,3.5566666666666666
DM-01-04-03-01,2026-08-30,0.021770833333333333,3.8886458333333334
DM-01-04-03-01,2026-08-31,0.033125,5.128125
DM-01-04-03-01,2026-09-01,0.021458333333333333,5.252291666666667
DM-01-04-03-02,2026-08-26,8.105,2.5360416666666667
DM-01-04-03-02,2026-08-27,6.956145833333333,2.5703125
DM-01-04-03-02,2026-08-28,9.623958333333333,2.490625
DM-01-04-03-02,2026-08-29,8.043541666666666,2.6164583333333336
DM-01-04-03-02,2026-08-30,9.410937500000001,2.776875
DM-01-04-03-02,2026-08-31,6.6403125,2.700416666666667
DM-01-04-03-02,2026-09-01,7.888125,2.7748958333333333
DM-01-04-03-03,2026-08-26,70.41114583333334,3.8884375
DM-01-04-03-03,2026-08-27,68.15552083333334,3.9121875
DM-01-04-03-03,2026-08-28,67.07635416666666,3.806875
DM-01-04-03-03,2026-08-29,61.163333333333334,4.056770833333333
DM-01-04-03-03,2026-08-30,59.679375,4.399583333333333
DM-01-04-03-03,2026-08-31,63.92010416666667,4.203229166666667
DM-01-04-03-03,2026-09-01,64.548125,4.116979166666667
DM-01-04-04-01,2026-08-26,0.0,4.683229166666666
DM-01-04-04-01,2026-08-27,0.0,4.715520833333334
DM-01-04-04-01,2026-08-28,0.0,4.7179166666666665
DM-01-04-04-01,2026-08-29,0.0,3.4201041666666665
DM-01-04-04-01,2026-08-30,0.0,3.6704166666666667
DM-01-04-04-01,2026-08-31,0.0,5.8374999999999995
DM-01-04-04-01,2026-09-01,0.0,5.8896875
DM-01-04-04-02,2026-08-26,71.22083333333333,3.0081249999999997
DM-01-04-04-02,2026-08-27,65.63770833333334,3.1430208333333334
DM-01-04-04-02,2026-08-28,66.94395833333333,3.0418749999999997
DM-01-04-04-02,2026-08-29,68.480625,3.060833333333333
DM-01-04-04-02,2026-08-30,64.88135416666667,3.0601041666666666
DM-01-04-04-02,2026-08-31,52.4865625,4.245416666666666
DM-01-04-04-02,2026-09-01,43.8721875,4.972604166666667
DM-01-04-05-01,2026-08-26,161.82729166666667,2.7675
DM-01-04-05-01,2026-08-27,164.22083333333333,2.819479166666667
DM-01-04-05-01,2026-08-28,158.86458333333334,2.6717708333333334
DM-01-04-05-01,2026-08-29,155.82750000000001,2.8829166666666666
DM-01-04-05-01,2026-08-30,155.676875,3.1844791666666663
DM-01-04-05-01,2026-08-31,163.07270833333334,3.1092708333333334
DM-01-04-05-01,2026-09-01,163.96427083333333,2.974895833333333
DM-01-04-05-02,2026-08-26,262.63156250000003,2.7759375
DM-01-04-05-02,2026-08-27,259.1564583333333,2.8563541666666663
DM-01-04-05-02,2026-08-28,254.85833333333335,2.7460416666666667
DM-01-04-05-02,2026-08-29,262.83302083333336,2.8815625
DM-01-04-05-02,2026-08-30,264.10302083333335,3.192083333333333
DM-01-04-05-02,2026-08-31,257.4220833333333,3.1105208333333336
DM-01-04-05-02,2026-09-01,262.60031250000003,2.9916666666666667
DM-01-04-06-01,2026-08-26,417.55875,9.656875000000001
DM-01-04-06-01,2026-08-27,415.3771875,9.614270833333334
DM-01-04-06-01,2026-08-28,416.2136458333334,9.5925
DM-01-04-06-01,2026-08-29,423.91302083333335,9.561354166666666
DM-01-04-06-01,2026-08-30,425.0742708333333,9.564166666666667
DM-01-04-06-01,2026-08-31,364.6666666666667,9.605729166666666
DM-01-04-06-01,2026-09-01,337.84802083333335,9.1521875
DM-01-04-06-02,2026-08-26,65.97395833333333,2.783125
DM-01-04-06-02,2026-08-27,69.85895833333333,3.0160416666666667
DM-01-04-06-02,2026-08-28,71.51416666666667,2.8495833333333334
DM-01-04-06-02,2026-08-29,40.18989583333333,2.7317708333333335
DM-01-04-06-02,2026-08-30,41.858645833333334,2.7060416666666662
DM-01-04-06-02,2026-08-31,50.90114583333334,2.8478125
DM-01-04-06-02,2026-09-01,32.875416666666666,2.7855208333333334
DM-01-04-07-01,2026-08-26,201.5484375,3.786979166666667
DM-01-04-07-01,2026-08-27,201.06645833333334,3.8326041666666666
DM-01-04-07-01,2026-08-28,195.56447916666664,3.7504166666666667
DM-01-04-07-01,2026-08-29,206.72697916666667,3.8438541666666666
DM-01-04-07-01,2026-08-30,228.37468750000002,4.121458333333334
DM-01-04-07-01,2026-08-31,233.19208333333333,3.853125
DM-01-04-07-01,2026-09-01,252.27812500000002,3.709375
DM-01-05-01-01,2026-08-26,289.17041666666665,3.6566666666666667
DM-01-05-01-01,2026-08-27,212.4084375,4.235
DM-01-05-01-01,2026-08-28,195.33197916666666,4.3834375
DM-01-05-01-01,2026-08-29,208.8603125,4.316041666666666
DM-01-05-01-01,2026-08-30,214.34979166666668,4.572916666666667
DM-01-05-01-01,2026-08-31,203.20083333333332,4.6059375000000005
DM-01-05-01-01,2026-09-01,201.2071875,4.594895833333333
DM-01-05-01-02,2026-08-26,227.260625,3.8858333333333337
DM-01-05-01-02,2026-08-27,198.87166666666667,3.98625
DM-01-05-01-02,2026-08-28,187.60677083333334,3.952291666666667
DM-01-05-01-02,2026-08-29,194.7571875,4.1053125
DM-01-05-01-02,2026-08-30,198.54708333333335,4.332916666666667
DM-01-05-01-02,2026-08-31,194.8367708333333,4.227083333333334
DM-01-05-01-02,2026-09-01,192.67770833333336,4.156875
DM-01-05-02-01,2026-08-26,162.4284375,3.295208333333333
DM-01-05-02-01,2026-08-27,161.61572916666668,3.3350000000000004
DM-01-05-02-01,2026-08-28,164.13645833333334,3.2619791666666664
DM-01-05-02-01,2026-08-29,153.90697916666667,3.4553125
DM-01-05-02-01,2026-08-30,157.59729166666668,3.6707291666666664
DM-01-05-02-01,2026-08-31,158.32375,3.5901041666666664
DM-01-05-02-01,2026-09-01,159.73020833333334,3.521770833333333
DM-01-05-03-01,2026-08-26,177.95760416666667,6.0634375
DM-01-05-03-01,2026-08-27,179.36958333333334,6.056458333333333
DM-01-05-03-01,2026-08-28,177.5690625,6.0275
DM-01-05-03-01,2026-08-29,196.5615625,5.816666666666666
DM-01-05-03-01,2026-08-30,207.1815625,6.523229166666667
DM-01-05-03-01,2026-08-31,173.33260416666667,6.16875
DM-01-05-03-01,2026-09-01,179.23947916666668,6.1434375
DM-01-05-03-02,2026-08-26,105.24739583333333,6.549895833333333
DM-01-05-03-02,2026-08-27,105.54885416666667,6.514583333333333
DM-01-05-03-02,2026-08-28,104.4503125,6.459479166666667
DM-01-05-03-02,2026-08-29,102.68020833333333,6.846354166666667
DM-01-05-03-02,2026-08-30,101.96499999999999,7.008229166666666
DM-01-05-03-02,2026-08-31,98.11791666666666,6.643958333333334
DM-01-05-03-02,2026-09-01,89.61177083333332,6.6553125
DM-01-05-04-01,2026-08-26,141.03489583333334,6.629375
DM-01-05-04-01,2026-08-27,137.65427083333333,6.570208333333333
DM-01-05-04-01,2026-08-28,135.13708333333332,6.590625
DM-01-05-04-01,2026-08-29,169.02770833333332,6.535729166666666
DM-01-05-04-01,2026-08-30,167.92947916666665,6.756458333333334
DM-01-05-04-01,2026-08-31,151.34489583333334,6.643541666666667
DM-01-05-04-01,2026-09-01,135.07947916666666,6.709479166666667
DM-01-05-04-02,2026-08-26,111.82427083333333,6.6728125
DM-01-05-04-02,2026-08-27,113.19,6.766041666666666
DM-01-05-04-02,2026-08-28,110.125625,6.592291666666667
DM-01-05-04-02,2026-08-29,108.60145833333333,6.322187499999999
DM-01-05-04-02,2026-08-30,122.13322916666668,7.295520833333334
DM-01-05-04-02,2026-08-31,106.34458333333333,6.7590625
DM-01-05-04-02,2026-09-01,105.9525,6.722916666666666
DM-01-05-04-03,2026-08-26,108.24854166666667,5.976354166666667
DM-01-05-04-03,2026-08-27,108.24854166666667,5.976354166666667
DM-01-05-04-03,2026-08-28,108.24854166666667,5.976354166666667
DM-01-05-04-03,2026-08-29,122.38479166666667,6.2315625
DM-01-05-04-03,2026-08-30,110.78239583333334,5.936979166666667
DM-01-05-04-03,2026-08-31,108.24854166666667,5.976354166666667
DM-01-05-04-03,2026-09-01,108.24854166666667,5.976354166666667
DM-01-06-01-01,2026-08-26,133.72958333333332,5.29
DM-01-06-01-01,2026-08-27,130.8215625,5.329583333333333
DM-01-06-01-01,2026-08-28,131.2425,5.317291666666667
DM-01-06-01-01,2026-08-29,132.8221875,5.405625000000001
DM-01-06-01-01,2026-08-30,130.82822916666666,5.609895833333333
DM-01-06-01-01,2026-08-31,124.5634375,5.504270833333333
DM-01-06-01-01,2026-09-01,125.30770833333334,5.481875
DM-01-06-01-02,2026-08-26,54.885729166666664,4.925416666666666
DM-01-06-01-02,2026-08-27,54.885729166666664,4.925416666666666
DM-01-06-01-02,2026-08-28,54.885729166666664,4.925416666666666
DM-01-06-01-02,2026-08-29,53.524166666666666,4.309583333333333
DM-01-06-01-02,2026-08-30,55.294062499999995,4.8640625
DM-01-06-01-02,2026-08-31,54.885729166666664,4.925416666666666
DM-01-06-01-02,2026-09-01,54.885729166666664,4.925416666666666
DM-01-06-02-01,2026-08-26,9.359479166666667,5.2917708333333335
DM-01-06-02-01,2026-08-27,7.822395833333334,5.203854166666667
DM-01-06-02-01,2026-08-28,8.711979166666667,5.326979166666667
DM-01-06-02-01,2026-08-29,17.082916666666666,4.817395833333333
DM-01-06-02-01,2026-08-30,13.723645833333334,5.204270833333333
DM-01-06-02-01,2026-08-31,7.974270833333333,5.5382291666666665
DM-01-06-02-01,2026-09-01,6.577916666666667,5.562604166666667
DM-01-06-02-02,2026-08-26,204.55947916666665,3.7128125
DM-01-06-02-02,2026-08-27,258.328125,3.5198958333333334
DM-01-06-02-02,2026-08-28,213.62604166666665,3.7582291666666667
DM-01-06-02-02,2026-08-29,203.13510416666668,3.6502083333333335
DM-01-06-02-02,2026-08-30,221.03604166666665,4.319166666666667
DM-01-06-02-02,2026-08-31,196.19864583333333,4.091875
DM-01-06-02-02,2026-09-01,195.2975,4.010833333333333
DM-01-06-02-04,2026-08-26,12.479895833333332,5.097395833333334
DM-01-06-02-04,2026-08-27,21.663854166666667,5.170520833333334
DM-01-06-02-04,2026-08-28,14.358229166666666,5.1277083333333335
DM-01-06-02-04,2026-08-29,23.935729166666665,5.014375
DM-01-06-02-04,2026-08-30,30.5434375,5.708125
DM-01-06-02-04,2026-08-31,16.086875,5.4148958333333335
DM-01-06-02-04,2026-09-01,12.654791666666666,5.385729166666667
DM-01-06-02-05,2026-08-26,0.0,5.344895833333333
DM-01-06-02-05,2026-08-27,0.0,5.344895833333333
DM-01-06-02-05,2026-08-28,0.0,5.344895833333333
DM-01-06-02-05,2026-08-29,0.0,5.602291666666667
DM-01-06-02-05,2026-08-30,0.0,5.526041666666667
DM-01-06-02-05,2026-08-31,0.0,5.344895833333333
DM-01-06-02-05,2026-09-01,0.0,5.344895833333333
DM-01-06-03-01,2026-08-26,0.0,6.2625
DM-01-06-03-01,2026-08-27,0.0,6.2603125
DM-01-06-03-01,2026-08-28,0.0,6.2196875
DM-01-06-03-01,2026-08-29,0.0,6.0421875
DM-01-06-03-01,2026-08-30,0.0,6.765833333333333
DM-01-06-03-01,2026-08-31,0.0,6.357187499999999
DM-01-06-03-01,2026-09-01,1.7874999999999999,6.3515625
DM-01-06-03-02,2026-08-26,101.22427083333334,5.1146875
DM-01-06-03-02,2026-08-27,99.63958333333333,5.0652083333333335
DM-01-06-03-02,2026-08-28,100.59895833333333,5.0603125
DM-01-06-03-02,2026-08-29,94.84979166666666,3.3169791666666666
DM-01-06-03-02,2026-08-30,95.35458333333334,4.110520833333333
DM-01-06-03-02,2026-08-31,95.95604166666668,5.3602083333333335
DM-01-06-03-02,2026-09-01,86.54031250000001,5.558541666666667
DM-01-06-04-01,2026-08-26,229.50854166666667,6.544479166666666
DM-01-06-04-01,2026-08-27,229.2953125,6.515520833333333
DM-01-06-04-01,2026-08-28,232.709375,6.474374999999999
DM-01-06-04-01,2026-08-29,227.98791666666668,6.483020833333334
DM-01-06-04-01,2026-08-30,226.61791666666667,6.740833333333334
DM-01-06-04-01,2026-08-31,220.84291666666664,6.6471875
DM-01-06-04-01,2026-09-01,221.025625,6.666354166666667
DM-01-06-04-02,2026-08-26,267.939375,5.834583333333334
DM-01-06-04-02,2026-08-27,267.6922916666667,5.8075
DM-01-06-04-02,2026-08-28,265.7048958333333,5.8421875000000005
DM-01-06-04-02,2026-08-29,264.269375,5.982500000000001
DM-01-06-04-02,2026-08-30,261.80635416666667,6.176770833333333
DM-01-06-04-02,2026-08-31,252.56947916666664,6.0496875
DM-01-06-04-02,2026-09-01,259.0372916666667,5.980833333333333
DM-01-06-05-01,2026-08-26,173.79333333333332,6.525208333333333
DM-01-06-05-01,2026-08-27,174.28041666666664,6.49625
DM-01-06-05-01,2026-08-28,174.72635416666665,6.4696875
DM-01-06-05-01,2026-08-29,166.02822916666665,6.355520833333333
DM-01-06-05-01,2026-08-30,178.62989583333334,6.9953125
DM-01-06-05-01,2026-08-31,172.32489583333333,6.619583333333334
DM-01-06-05-01,2026-09-01,171.23510416666667,6.594895833333333
DM-01-06-05-02,2026-08-26,108.9928125,5.869270833333334
DM-01-06-05-02,2026-08-27,109.17604166666666,5.845416666666666
DM-01-06-05-02,2026-08-28,110.3434375,5.8528125
DM-01-06-05-02,2026-08-29,63.90354166666666,6.405520833333333
DM-01-06-05-02,2026-08-30,91.24343750000001,6.311875000000001
DM-01-06-05-02,2026-08-31,109.04260416666666,5.995
DM-01-06-05-02,2026-09-01,108.99010416666665,5.982291666666666
DM-01-06-05-03,2026-08-26,0.0,0.03197916666666666
DM-01-06-05-03,2026-08-27,0.0,0.03197916666666666
DM-01-06-05-03,2026-08-28,0.0,0.03197916666666666
DM-01-06-05-03,2026-08-29,0.0,0.0275
DM-01-06-05-03,2026-08-30,0.0,0.02666666666666667
DM-01-06-05-03,2026-08-31,0.0,0.03197916666666666
DM-01-06-05-03,2026-09-01,0.0,0.017395833333333333
DM-01-06-05-04,2026-08-26,11.795729166666668,1.7653125
DM-01-06-05-04,2026-08-27,11.809166666666668,1.7696874999999999
DM-01-06-05-04,2026-08-28,11.795729166666668,1.5778125
DM-01-06-05-04,2026-08-29,2.2507291666666664,0.71875
DM-01-06-05-04,2026-08-30,2.1367708333333333,0.7980208333333333
DM-01-06-05-04,2026-08-31,11.809166666666668,1.1819791666666666
DM-01-06-05-04,2026-09-01,7.412395833333334,1.2354166666666666
DM-01-06-05-05,2026-08-26,186.23114583333333,6.52
DM-01-06-05-05,2026-08-27,181.43583333333333,6.482708333333334
DM-01-06-05-05,2026-08-28,174.233125,6.4428125
DM-01-06-05-05,2026-08-29,158.97979166666667,6.349270833333333
DM-01-06-05-05,2026-08-30,162.46031250000001,6.4781249999999995
DM-01-06-05-05,2026-08-31,171.45166666666668,6.6031249999999995
DM-01-06-05-05,2026-09-01,180.33343749999997,6.573958333333334
DM-01-06-05-06,2026-08-26,105.78010416666666,1.1891666666666667
DM-01-06-05-06,2026-08-27,105.78010416666666,1.1891666666666667
DM-01-06-05-06,2026-08-28,105.78010416666666,1.1891666666666667
DM-01-06-05-06,2026-08-29,105.51614583333333,1.211875
DM-01-06-05-06,2026-08-30,105.51083333333334,1.21125
DM-01-06-05-06,2026-08-31,105.78010416666666,1.1891666666666667
DM-01-06-05-06,2026-09-01,105.78010416666666,1.1891666666666667
DM-01-06-05-07,2026-08-26,4.511219512195122,1.461951219512195
DM-01-06-05-07,2026-08-27,3.6685057471264364,3.1985057471264366
DM-01-06-05-07,2026-08-28,3.0492708333333334,5.6278125
DM-01-06-05-07,2026-08-29,3.4388541666666668,5.900833333333334
DM-01-06-05-07,2026-08-30,3.3495833333333334,5.895104166666666
DM-01-06-05-07,2026-08-31,3.0492708333333334,5.6278125
DM-01-06-05-07,2026-09-01,3.0990625,5.4089583333333335
DM-01-07-01-01,2026-08-26,187.49833333333333,5.314583333333333
DM-01-07-01-01,2026-08-27,191.97395833333334,5.482083333333333
DM-01-07-01-01,2026-08-28,184.41875000000002,5.311875
DM-01-07-01-01,2026-08-29,169.58124999999998,5.0746875000000005
DM-01-07-01-01,2026-08-30,197.40885416666666,6.0340625
DM-01-07-01-01,2026-08-31,170.75312499999998,5.52375
DM-01-07-01-01,2026-09-01,171.97187499999998,5.494791666666667
DM-01-07-01-02,2026-08-26,10.056041666666667,5.1015625
DM-01-07-01-02,2026-08-27,10.056041666666667,5.1015625
DM-01-07-01-02,2026-08-28,10.056041666666667,5.1015625
DM-01-07-01-02,2026-08-29,11.21375,5.624270833333333
DM-01-07-01-02,2026-08-30,10.993958333333333,5.529479166666667
DM-01-07-01-02,2026-08-31,10.056041666666667,5.1015625
DM-01-07-01-02,2026-09-01,10.056041666666667,5.1015625
DM-01-07-02-01,2026-08-26,219.04375000000002,6.331979166666667
DM-01-07-02-01,2026-08-27,217.79010416666665,6.3194791666666665
DM-01-07-02-01,2026-08-28,214.65520833333335,6.325520833333333
DM-01-07-02-01,2026-08-29,208.0665625,6.4753125
DM-01-07-02-01,2026-08-30,213.51916666666668,6.660208333333333
DM-01-07-02-01,2026-08-31,213.69697916666667,6.49125
DM-01-07-02-01,2026-09-01,219.3685416666667,6.449166666666667
DM-01-07-02-02,2026-08-26,0.3278125,6.485104166666667
DM-01-07-02-02,2026-08-27,0.32656250000000003,6.4578125
DM-01-07-02-02,2026-08-28,0.3278125,6.4696875
DM-01-07-02-02,2026-08-29,0.4922916666666666,6.311770833333333
DM-01-07-02-02,2026-08-30,0.4844791666666666,7.006145833333334
DM-01-07-02-02,2026-08-31,0.32947916666666666,6.5925
DM-01-07-02-02,2026-09-01,0.25104166666666666,6.579895833333333
DM-01-07-02-03,2026-08-26,51.30406249999999,7.002083333333334
DM-01-07-02-03,2026-08-27,50.84822916666667,6.996875
DM-01-07-02-03,2026-08-28,49.65260416666666,6.992083333333333
DM-01-07-02-03,2026-08-29,49.693958333333335,7.09625
DM-01-07-02-03,2026-08-30,48.85833333333333,7.244062499999999
DM-01-07-02-03,2026-08-31,47.07416666666666,7.101875
DM-01-07-02-03,2026-09-01,46.44302083333333,7.070625
DM-01-07-03-01,2026-08-26,135.79364583333333,4.804895833333333
DM-01-07-03-01,2026-08-27,138.8034375,4.913125
DM-01-07-03-01,2026-08-28,133.49302083333333,4.7882291666666665
DM-01-07-03-01,2026-08-29,132.46885416666666,4.627291666666667
DM-01-07-03-01,2026-08-30,147.86291666666668,5.4184375
DM-01-07-03-01,2026-08-31,132.70885416666667,5.073854166666666
DM-01-07-03-01,2026-09-01,130.46916666666667,5.0365625
DM-01-07-03-02,2026-08-26,85.5053125,4.671770833333333
DM-01-07-03-02,2026-08-27,85.656875,4.6903125
DM-01-07-03-02,2026-08-28,85.8603125,4.67375
DM-01-07-03-02,2026-08-29,86.3365625,4.5226041666666665
DM-01-07-03-02,2026-08-30,97.91635416666666,5.280208333333333
DM-01-07-03-02,2026-08-31,84.14614583333334,4.9384375
DM-01-07-03-02,2026-09-01,84.54895833333333,4.911979166666667
DM-01-07-03-03,2026-08-26,83.53270833333333,5.1503125
DM-01-07-03-03,2026-08-27,84.16229166666666,5.163854166666667
DM-01-07-03-03,2026-08-28,84.37104166666667,5.153645833333333
DM-01-07-03-03,2026-08-29,88.28416666666668,5.2321875
DM-01-07-03-03,2026-08-30,86.89729166666666,5.493333333333333
DM-01-07-03-03,2026-08-31,78.80645833333334,5.3975
DM-01-07-03-03,2026-09-01,79.40739583333333,5.359375
DM-01-07-03-04,2026-08-26,20.420833333333334,4.0659374999999995
DM-01-07-03-04,2026-08-27,21.158125000000002,4.066979166666667
DM-01-07-03-04,2026-08-28,20.697708333333335,4.063645833333333
DM-01-07-03-04,2026-08-29,21.60083333333333,4.201458333333333
DM-01-07-03-04,2026-08-30,21.51291666666667,4.389583333333333
DM-01-07-03-04,2026-08-31,18.572187500000002,4.293645833333334
DM-01-07-03-04,2026-09-01,20.516458333333333,4.246354166666666
DM-01-07-04-01,2026-08-26,84.77302083333333,4.645104166666667
DM-01-07-04-01,2026-08-27,86.9365625,4.7472916666666665
DM-01-07-04-01,2026-08-28,84.74520833333334,4.6484375
DM-01-07-04-01,2026-08-29,82.77791666666667,4.617916666666667
DM-01-07-04-01,2026-08-30,90.33385416666665,5.180729166666667
DM-01-07-04-01,2026-08-31,82.04666666666667,4.936875
DM-01-07-04-01,2026-09-01,81.75750000000001,4.896354166666667
DM-01-07-04-02,2026-08-26,15.219895833333334,3.4640625000000003
DM-01-07-04-02,2026-08-27,15.0028125,3.4654166666666666
DM-01-07-04-02,2026-08-28,15.015,3.4814583333333338
DM-01-07-04-02,2026-08-29,12.872604166666667,3.48
DM-01-07-04-02,2026-08-30,13.084375,3.744375
DM-01-07-04-02,2026-08-31,13.397187500000001,3.8451041666666668
DM-01-07-04-02,2026-09-01,13.767604166666667,3.8041666666666667
DM-01-07-04-03,2026-08-26,80.870625,4.1163541666666665
DM-01-07-04-03,2026-08-27,80.3621875,4.1674999999999995
DM-01-07-04-03,2026-08-28,81.13177083333333,4.124270833333333
DM-01-07-04-03,2026-08-29,78.57125,4.124791666666667
DM-01-07-04-03,2026-08-30,83.23729166666666,4.618645833333333
DM-01-07-04-03,2026-08-31,74.97229166666666,4.4109375
DM-01-07-04-03,2026-09-01,74.9303125,4.380833333333333
DM-01-07-05-01,2026-08-26,123.92416666666666,4.841875
DM-01-07-05-01,2026-08-27,121.65510416666666,4.814791666666667
DM-01-07-05-01,2026-08-28,121.92312500000001,4.819583333333333
DM-01-07-05-01,2026-08-29,127.37697916666667,4.916354166666667
DM-01-07-05-01,2026-08-30,122.18135416666667,5.121979166666667
DM-01-07-05-01,2026-08-31,106.84229166666667,5.088958333333333
DM-01-07-05-01,2026-09-01,109.35145833333333,5.027916666666667
DM-01-07-06-01,2026-08-26,38.00125,5.381875
DM-01-07-06-01,2026-08-27,36.76177083333334,5.4184375
DM-01-07-06-01,2026-08-28,39.337291666666665,5.378020833333333
DM-01-07-06-01,2026-08-29,35.48802083333333,5.317916666666666
DM-01-07-06-01,2026-08-30,37.781979166666666,6.0254166666666675
DM-01-07-06-01,2026-08-31,37.3690625,5.525520833333334
DM-01-07-06-01,2026-09-01,36.61666666666667,5.520833333333333
DM-01-07-06-02,2026-08-26,45.96,0.0
DM-01-07-06-02,2026-08-27,45.96,0.0
DM-01-07-06-02,2026-08-28,45.96,0.0
DM-01-07-06-02,2026-08-29,34.75395833333334,3.059791666666667
DM-01-07-06-02,2026-08-30,44.5521875,1.0978125
DM-01-07-06-02,2026-08-31,45.96,0.0
DM-01-07-06-02,2026-09-01,45.96,0.0
DM-01-07-06-03,2026-08-26,42.459375,7.086041666666667
DM-01-07-06-03,2026-08-27,41.981770833333336,7.054166666666667
DM-01-07-06-03,2026-08-28,40.88375,6.9896875
DM-01-07-06-03,2026-08-29,44.27020833333333,7.14875
DM-01-07-06-03,2026-08-30,45.356249999999996,7.345729166666666
DM-01-07-06-03,2026-08-31,40.459895833333334,7.1866666666666665
DM-01-07-06-03,2026-09-01,39.790104166666666,7.153020833333334
DM-01-08-01-01,2026-08-26,141.92447916666666,4.905520833333333
DM-01-08-01-01,2026-08-27,141.79854166666667,4.920416666666667
DM-01-08-01-01,2026-08-28,142.8646875,4.901770833333333
DM-01-08-01-01,2026-08-29,145.02958333333333,5.050104166666666
DM-01-08-01-01,2026-08-30,153.91927083333334,5.226666666666667
DM-01-08-01-01,2026-08-31,142.38083333333333,5.1696875
DM-01-08-01-01,2026-09-01,143.61104166666667,5.120416666666666
DM-01-08-01-02,2026-08-26,34.55458333333333,4.483854166666666
DM-01-08-01-02,2026-08-27,34.24197916666667,4.511458333333334
DM-01-08-01-02,2026-08-28,34.775,4.497083333333333
DM-01-08-01-02,2026-08-29,51.42510416666667,4.630416666666666
DM-01-08-01-02,2026-08-30,47.387708333333336,4.8265625000000005
DM-01-08-01-02,2026-08-31,37.1659375,4.751354166666666
DM-01-08-01-02,2026-09-01,42.880937499999995,4.719791666666667
DM-01-08-01-03,2026-08-26,215.22760416666665,3.685
DM-01-08-01-03,2026-08-27,216.59947916666667,3.6811458333333333
DM-01-08-01-03,2026-08-28,217.85916666666665,3.68375
DM-01-08-01-03,2026-08-29,170.30541666666667,4.0065625
DM-01-08-01-03,2026-08-30,186.875625,4.125729166666667
DM-01-08-01-03,2026-08-31,224.1396875,3.9145833333333333
DM-01-08-01-03,2026-09-01,224.6103125,3.8842708333333333
DM-01-08-02-01,2026-08-26,114.75677083333333,5.032604166666666
DM-01-08-02-01,2026-08-27,114.75677083333333,5.032604166666666
DM-01-08-02-01,2026-08-28,114.75677083333333,5.032604166666666
DM-01-08-02-01,2026-08-29,117.56916666666666,4.8211458333333335
DM-01-08-02-01,2026-08-30,115.64666666666666,4.96875
DM-01-08-02-01,2026-08-31,114.75677083333333,5.032604166666666
DM-01-08-02-01,2026-09-01,114.75677083333333,5.032604166666666
DM-01-08-02-02,2026-08-26,0.0,0.0
DM-01-08-02-02,2026-08-27,0.0,0.0
DM-01-08-02-02,2026-08-28,0.0,0.0
DM-01-08-02-02,2026-08-29,0.0,0.0
DM-01-08-02-02,2026-08-30,0.0,0.0
DM-01-08-02-02,2026-08-31,0.0,0.0
DM-01-08-02-02,2026-09-01,0.0,0.0
DM-01-08-03-01,2026-08-26,143.59104166666665,4.2683333333333335
DM-01-08-03-01,2026-08-27,142.60875000000001,4.253541666666666
DM-01-08-03-01,2026-08-28,142.0290625,4.263541666666667
DM-01-08-03-01,2026-08-29,291.70677083333334,4.376979166666667
DM-01-08-03-01,2026-08-30,282.6852083333333,4.646770833333333
DM-01-08-03-01,2026-08-31,123.6709375,4.634166666666666
DM-01-08-03-01,2026-09-01,122.80239583333334,4.603541666666667
DM-01-08-04-01,2026-08-26,82.84385416666667,4.040416666666666
DM-01-08-04-01,2026-08-27,81.47520833333333,4.049270833333334
DM-01-08-04-01,2026-08-28,81.4575,4.0396875
DM-01-08-04-01,2026-08-29,78.256875,4.214791666666667
DM-01-08-04-01,2026-08-30,74.19072916666666,4.458645833333334
DM-01-08-04-01,2026-08-31,71.38052083333334,4.423125
DM-01-08-04-01,2026-09-01,72.29697916666667,4.388958333333333
DM-01-08-04-02,2026-08-26,30.86145833333333,4.3296874999999995
DM-01-08-04-02,2026-08-27,30.250833333333333,4.3078125
DM-01-08-04-02,2026-08-28,30.359791666666666,4.3259375
DM-01-08-04-02,2026-08-29,30.155729166666664,4.4054166666666665
DM-01-08-04-02,2026-08-30,30.324583333333333,4.648229166666667
DM-01-08-04-02,2026-08-31,28.505,4.621666666666667
DM-01-08-04-02,2026-09-01,29.01635416666667,4.6120833333333335
DM-01-08-04-03,2026-08-26,340.71218749999997,4.5711458333333335
DM-01-08-04-03,2026-08-27,348.84520833333335,4.755833333333333
DM-01-08-04-03,2026-08-28,339.17270833333333,4.589166666666666
DM-01-08-04-03,2026-08-29,298.474375,4.561041666666667
DM-01-08-04-03,2026-08-30,323.125,5.278958333333333
DM-01-08-04-03,2026-08-31,299.59270833333335,4.875416666666667
DM-01-08-04-03,2026-09-01,303.6282291666667,4.849583333333333
DM-01-09-01-01,2026-08-26,256.10947916666663,6.2296875
DM-01-09-01-01,2026-08-27,249.9338541666667,6.245625
DM-01-09-01-01,2026-08-28,254.40302083333333,6.144375
DM-01-09-01-01,2026-08-29,258.4409375,6.12375
DM-01-09-01-01,2026-08-30,260.2547916666667,6.294375
DM-01-09-01-01,2026-08-31,258.81093749999997,6.27375
DM-01-09-01-01,2026-09-01,219.55583333333334,4.864791666666666
DM-01-09-02-01,2026-08-26,74.0725,6.341562499999999
DM-01-09-02-01,2026-08-27,72.80499999999999,6.3613541666666675
DM-01-09-02-01,2026-08-28,73.27770833333334,6.261458333333334
DM-01-09-02-01,2026-08-29,72.51041666666667,6.077395833333333
DM-01-09-02-01,2026-08-30,83.07697916666667,6.6937500000000005
DM-01-09-02-01,2026-08-31,76.39333333333333,6.3721875
DM-01-09-02-01,2026-09-01,77.45802083333334,6.282395833333333
DM-01-09-02-02,2026-08-26,64.22104166666666,6.173958333333334
DM-01-09-02-02,2026-08-27,65.37541666666667,6.175833333333333
DM-01-09-02-02,2026-08-28,65.03416666666666,6.101770833333333
DM-01-09-02-02,2026-08-29,69.21645833333334,6.051458333333334
DM-01-09-02-02,2026-08-30,68.43177083333333,6.204375
DM-01-09-02-02,2026-08-31,63.831250000000004,6.2609375
DM-01-09-02-02,2026-09-01,64.23718749999999,6.132187500000001
DM-01-09-03-01,2026-08-26,116.82666666666667,6.5555208333333335
DM-01-09-03-01,2026-08-27,118.241875,6.5125
DM-01-09-03-01,2026-08-28,118.33812499999999,6.444687500000001
DM-01-09-03-01,2026-08-29,116.27520833333334,6.495729166666667
DM-01-09-03-01,2026-08-30,117.73510416666666,6.635104166666667
DM-01-09-03-01,2026-08-31,115.8409375,6.561770833333333
DM-01-09-03-01,2026-09-01,117.84541666666667,6.5097916666666675
DM-01-09-04-01,2026-08-26,222.96791666666664,7.148020833333334
DM-01-09-04-01,2026-08-27,216.94010416666666,6.554791666666667
DM-01-09-04-01,2026-08-28,184.92302083333334,6.5653125
DM-01-09-04-01,2026-08-29,223.95458333333332,6.2709375
DM-01-09-04-01,2026-08-30,221.55385416666664,7.064791666666667
DM-01-09-04-01,2026-08-31,190.95395833333336,6.712291666666666
DM-01-09-04-01,2026-09-01,183.03041666666664,6.7058333333333335
DM-01-09-05-01,2026-08-26,106.0075,10.298125
DM-01-09-05-01,2026-08-27,115.96604166666667,10.88875
DM-01-09-05-01,2026-08-28,105.82333333333332,10.0540625
DM-01-09-05-01,2026-08-29,109.97395833333333,9.768125
DM-01-09-05-01,2026-08-30,119.43802083333333,10.6090625
DM-01-09-05-01,2026-08-31,104.33749999999999,10.1615625
DM-01-09-05-01,2026-09-01,103.92729166666668,9.844583333333334
DM-01-09-06-01,2026-08-26,77.57447916666666,6.390208333333334
DM-01-09-06-01,2026-08-27,77.68479166666667,6.418229166666666
DM-01-09-06-01,2026-08-28,77.8315625,6.312708333333333
DM-01-09-06-01,2026-08-29,76.529375,5.992083333333333
DM-01-09-06-01,2026-08-30,83.82239583333333,6.706458333333334
DM-01-09-06-01,2026-08-31,79.20916666666666,6.4504166666666665
DM-01-09-06-01,2026-09-01,81.29885416666666,6.344791666666667
DM-01-09-07-01,2026-08-26,192.24510416666666,8.311979166666667
DM-01-09-07-01,2026-08-27,192.23229166666667,8.297395833333333
DM-01-09-07-01,2026-08-28,191.4148958333333,8.223437500000001
DM-01-09-07-01,2026-08-29,218.2408333333333,8.3165625
DM-01-09-07-01,2026-08-30,216.38979166666664,8.331145833333332
DM-01-09-07-01,2026-08-31,185.69135416666666,8.2790625
DM-01-09-07-01,2026-09-01,185.041875,8.1146875
DM-01-09-08-01,2026-08-26,237.40979166666668,7.984270833333333
DM-01-09-08-01,2026-08-27,241.42416666666668,7.941458333333333
DM-01-09-08-01,2026-08-28,233.3465625,7.885104166666667
DM-01-09-08-01,2026-08-29,242.09875,7.914687499999999
DM-01-09-08-01,2026-08-30,244.27197916666668,7.970208333333333
DM-01-09-08-01,2026-08-31,228.68604166666668,7.933333333333334
DM-01-09-08-01,2026-09-01,229.98041666666666,7.7977083333333335
DM-01-09-09-01,2026-08-26,108.62645833333333,7.174375
DM-01-09-09-01,2026-08-27,111.55333333333334,7.183854166666666
DM-01-09-09-01,2026-08-28,109.15875,7.133854166666667
DM-01-09-09-01,2026-08-29,113.04124999999999,7.1925
DM-01-09-09-01,2026-08-30,112.98812500000001,7.179583333333333
DM-01-09-09-01,2026-08-31,106.45489583333334,7.140416666666667
DM-01-09-09-01,2026-09-01,105.765,7.041875
DM-01-09-10-01,2026-08-26,98.904375,6.668020833333333
DM-01-09-10-01,2026-08-27,96.73031250000001,6.6653125
DM-01-09-10-01,2026-08-28,99.88937499999999,6.554375
DM-01-09-10-01,2026-08-29,101.70395833333333,6.569895833333334
DM-01-09-10-01,2026-08-30,99.960625,6.640104166666667
DM-01-09-10-01,2026-08-31,94.52916666666665,6.6221875
DM-01-09-10-01,2026-09-01,95.61895833333334,6.555833333333333
DM-02-01-01-01,2026-08-26,78.35322916666667,6.7984374999999995
DM-02-01-01-01,2026-08-27,75.171875,6.825
DM-02-01-01-01,2026-08-28,82.68104166666667,6.6301041666666665
DM-02-01-01-01,2026-08-29,74.31218750000001,6.419479166666666
DM-02-01-01-01,2026-08-30,75.4159375,7.0633333333333335
DM-02-01-01-01,2026-08-31,78.6025,6.892291666666666
DM-02-01-01-01,2026-09-01,76.69260416666667,6.700208333333333
DM-02-01-01-02,2026-08-26,112.80135416666667,7.070937499999999
DM-02-01-01-02,2026-08-27,110.67614583333334,7.105208333333334
DM-02-01-01-02,2026-08-28,110.6740625,6.973333333333334
DM-02-01-01-02,2026-08-29,113.62291666666665,6.781770833333333
DM-02-01-01-02,2026-08-30,120.26687500000001,7.270833333333333
DM-02-01-01-02,2026-08-31,110.00104166666667,7.1434375
DM-02-01-01-02,2026-09-01,110.69645833333334,7.016354166666667
DM-02-01-02-01,2026-08-26,88.55604166666666,7.157708333333333
DM-02-01-02-01,2026-08-27,88.80604166666666,7.090625
DM-02-01-02-01,2026-08-28,90.71958333333333,7.118541666666666
DM-02-01-02-01,2026-08-29,90.77968750000001,7.863958333333334
DM-02-01-02-01,2026-08-30,90.8559375,8.025625
DM-02-01-02-01,2026-08-31,89.205625,7.217291666666667
DM-02-01-02-01,2026-09-01,90.60291666666666,6.957395833333333
DM-02-01-02-02,2026-08-26,93.07937500000001,5.936354166666667
DM-02-01-02-02,2026-08-27,93.54135416666666,5.886875
DM-02-01-02-02,2026-08-28,92.87281250000001,5.786145833333333
DM-02-01-02-02,2026-08-29,94.21708333333333,5.812291666666667
DM-02-01-02-02,2026-08-30,99.73333333333333,6.144895833333333
DM-02-01-02-02,2026-08-31,93.22802083333333,6.006875
DM-02-01-02-02,2026-09-01,93.11572916666667,5.9309375
DM-02-01-03-01,2026-08-26,0.34447916666666667,7.545729166666667
DM-02-01-03-01,2026-08-27,0.36520833333333336,7.56375
DM-02-01-03-01,2026-08-28,0.3511458333333333,7.39375
DM-02-01-03-01,2026-08-29,0.35270833333333335,7.162395833333334
DM-02-01-03-01,2026-08-30,0.35250000000000004,7.766979166666666
DM-02-01-03-01,2026-08-31,0.4565625,7.586458333333333
DM-02-01-03-01,2026-09-01,0.409375,7.368541666666666
DM-02-01-03-02,2026-08-26,58.47864583333333,6.305729166666667
DM-02-01-03-02,2026-08-27,57.5871875,6.3343750000000005
DM-02-01-03-02,2026-08-28,57.47104166666667,6.178333333333334
DM-02-01-03-02,2026-08-29,58.351979166666666,5.945937499999999
DM-02-01-03-02,2026-08-30,58.5178125,6.118229166666667
DM-02-01-03-02,2026-08-31,58.37947916666667,6.404479166666667
DM-02-01-03-02,2026-09-01,59.614583333333336,6.2553125
DM-02-01-03-03,2026-08-26,270.2425,6.5815625
DM-02-01-03-03,2026-08-27,261.32604166666664,6.637291666666666
DM-02-01-03-03,2026-08-28,260.3290625,6.480833333333333
DM-02-01-03-03,2026-08-29,264.4865625,6.331770833333334
DM-02-01-03-03,2026-08-30,262.0388541666667,6.522083333333334
DM-02-01-03-03,2026-08-31,261.2966666666667,6.6632291666666665
DM-02-01-03-03,2026-09-01,250.90520833333332,6.488333333333333
DM-02-01-04-01,2026-08-26,69.55989583333333,7.105
DM-02-01-04-01,2026-08-27,88.85614583333334,7.0531250000000005
DM-02-01-04-01,2026-08-28,112.37343750000001,6.864583333333333
DM-02-01-04-01,2026-08-29,90.7509375,6.887395833333334
DM-02-01-04-01,2026-08-30,96.52729166666667,6.992395833333333
DM-02-01-04-01,2026-08-31,113.32802083333333,7.0715625
DM-02-01-04-01,2026-09-01,105.93697916666667,6.868541666666666
DM-02-01-04-02,2026-08-26,29.145520833333332,7.13625
DM-02-01-04-02,2026-08-27,29.145520833333332,7.13625
DM-02-01-04-02,2026-08-28,29.145520833333332,7.13625
DM-02-01-04-02,2026-08-29,29.0246875,7.081354166666666
DM-02-01-04-02,2026-08-30,28.83875,7.068541666666667
DM-02-01-04-02,2026-08-31,29.145520833333332,7.13625
DM-02-01-04-02,2026-09-01,29.145520833333332,7.13625
DM-02-01-04-03,2026-08-26,114.5240625,5.865833333333334
DM-02-01-04-03,2026-08-27,115.31552083333334,5.8490625
DM-02-01-04-03,2026-08-28,112.98572916666666,5.745729166666667
DM-02-01-04-03,2026-08-29,84.66145833333333,5.923020833333333
DM-02-01-04-03,2026-08-30,90.83229166666666,6.081875
DM-02-01-04-03,2026-08-31,110.35520833333334,6.066770833333333
DM-02-01-04-03,2026-09-01,110.8834375,5.835312500000001
DM-02-01-04-05,2026-08-26,79.7459375,6.999375000000001
DM-02-01-04-05,2026-08-27,79.7459375,6.999375000000001
DM-02-01-04-05,2026-08-28,79.7459375,6.999375000000001
DM-02-01-04-05,2026-08-29,76.72229166666666,6.038125
DM-02-01-04-05,2026-08-30,76.72229166666666,6.038125
DM-02-01-04-05,2026-08-31,79.7459375,6.999375000000001
DM-02-01-04-05,2026-09-01,79.7459375,6.999375000000001
DM-02-01-07-01,2026-08-26,53.75604166666667,8.63125
DM-02-01-07-01,2026-08-27,53.89479166666666,8.62875
DM-02-01-07-01,2026-08-28,56.70875,8.4278125
DM-02-01-07-01,2026-08-29,37.66104166666667,8.48
DM-02-01-07-01,2026-08-30,42.588125,8.5290625
DM-02-01-07-01,2026-08-31,52.788125,8.641562500000001
DM-02-01-07-01,2026-09-01,51.83239583333333,7.899583333333333
DM-02-02-01-01,2026-08-26,149.50375,5.978750000000001
DM-02-02-01-01,2026-08-27,151.12291666666667,5.9972916666666665
DM-02-02-01-01,2026-08-28,151.68770833333335,5.857916666666667
DM-02-02-01-01,2026-08-29,158.525625,5.9490625
DM-02-02-01-01,2026-08-30,158.45177083333334,6.0995833333333325
DM-02-02-01-01,2026-08-31,155.13791666666665,6.246979166666667
DM-02-02-01-01,2026-09-01,156.72333333333333,6.019270833333334
DM-02-02-01-02,2026-08-26,282.15239583333334,5.352083333333333
DM-02-02-01-02,2026-08-27,281.43541666666664,5.354895833333334
DM-02-02-01-02,2026-08-28,278.80958333333336,5.233854166666666
DM-02-02-01-02,2026-08-29,140.73906250000002,4.948854166666666
DM-02-02-01-02,2026-08-30,97.62927083333334,5.6570833333333335
DM-02-02-01-02,2026-08-31,138.12625,5.7565625
DM-02-02-01-02,2026-09-01,137.24552083333333,5.566770833333333
DM-02-02-02-01,2026-08-26,203.864375,5.0607291666666665
DM-02-02-02-01,2026-08-27,205.4205208333333,5.045416666666667
DM-02-02-02-01,2026-08-28,207.024375,4.938229166666667
DM-02-02-02-01,2026-08-29,198.92635416666667,5.253541666666666
DM-02-02-02-01,2026-08-30,212.51104166666667,5.427291666666666
DM-02-02-02-01,2026-08-31,207.26604166666667,5.7664583333333335
DM-02-02-02-01,2026-09-01,194.84479166666665,5.6525
DM-02-02-03-01,2026-08-26,103.23760416666666,5.510416666666667
DM-02-02-03-01,2026-08-27,100.86979166666667,5.550416666666667
DM-02-02-03-01,2026-08-28,99.96072916666667,5.411874999999999
DM-02-02-03-01,2026-08-29,107.96885416666667,5.238229166666667
DM-02-02-03-01,2026-08-30,114.90854166666666,5.7640625000000005
DM-02-02-03-01,2026-08-31,107.49458333333332,5.676041666666666
DM-02-02-03-01,2026-09-01,107.3896875,5.498854166666667
DM-02-02-04-01,2026-08-26,63.41375,6.051770833333333
DM-02-02-04-01,2026-08-27,63.478541666666665,6.078333333333333
DM-02-02-04-01,2026-08-28,62.46447916666667,5.9504166666666665
DM-02-02-04-01,2026-08-29,60.11322916666666,5.6781250000000005
DM-02-02-04-01,2026-08-30,66.83520833333334,6.300833333333333
DM-02-02-04-01,2026-08-31,64.06385416666667,6.344791666666667
DM-02-02-04-01,2026-09-01,63.2471875,6.142708333333334
DM-02-02-04-02,2026-08-26,129.52645833333335,5.6525
DM-02-02-04-02,2026-08-27,130.79729166666667,5.687083333333334
DM-02-02-04-02,2026-08-28,130.1234375,5.564687500000001
DM-02-02-04-02,2026-08-29,130.55333333333334,5.447395833333334
DM-02-02-04-02,2026-08-30,141.25312499999998,6.068958333333334
DM-02-02-04-02,2026-08-31,128.80635416666667,5.956041666666667
DM-02-02-04-02,2026-09-01,135.55729166666666,5.728645833333334
DM-02-02-05-01,2026-08-26,44.017604166666665,5.7437499999999995
DM-02-02-05-01,2026-08-27,42.39,5.742291666666667
DM-02-02-05-01,2026-08-28,43.264895833333334,5.6375
DM-02-02-05-01,2026-08-29,46.13999999999999,5.7245833333333325
DM-02-02-05-01,2026-08-30,45.88364583333333,5.899583333333333
DM-02-02-05-01,2026-08-31,41.1571875,5.986249999999999
DM-02-02-05-01,2026-09-01,39.99583333333333,5.806354166666666
DM-02-02-05-02,2026-08-26,99.15125,5.0562499999999995
DM-02-02-05-02,2026-08-27,100.21312499999999,5.061458333333333
DM-02-02-05-02,2026-08-28,93.36135416666667,4.991874999999999
DM-02-02-05-02,2026-08-29,98.20197916666666,5.055625
DM-02-02-05-02,2026-08-30,88.74416666666667,5.2646875
DM-02-02-05-02,2026-08-31,89.0215625,5.385416666666667
DM-02-02-05-02,2026-09-01,77.46489583333333,5.185520833333333
DM-02-02-06-01,2026-08-26,83.10604166666667,5.515000000000001
DM-02-02-06-01,2026-08-27,83.21583333333334,5.514583333333333
DM-02-02-06-01,2026-08-28,87.12145833333334,5.4004166666666675
DM-02-02-06-01,2026-08-29,79.9659375,5.564166666666666
DM-02-02-06-01,2026-08-30,80.95875,5.6940625
DM-02-02-06-01,2026-08-31,82.06052083333334,5.8046875
DM-02-02-06-01,2026-09-01,85.22635416666667,5.577083333333333
DM-02-02-06-02,2026-08-26,56.588854166666664,5.415833333333333
DM-02-02-06-02,2026-08-27,61.64364583333333,5.361875
DM-02-02-06-02,2026-08-28,60.815625000000004,5.302291666666666
DM-02-02-06-02,2026-08-29,58.35552083333334,5.249583333333333
DM-02-02-06-02,2026-08-30,61.86416666666667,5.842395833333334
DM-02-02-06-02,2026-08-31,58.4009375,5.700833333333333
DM-02-02-06-02,2026-09-01,56.062916666666666,5.53
DM-02-02-06-03,2026-08-26,26.108333333333334,5.312083333333333
DM-02-02-06-03,2026-08-27,24.997708333333335,5.374270833333333
DM-02-02-06-03,2026-08-28,25.78916666666667,5.277604166666666
DM-02-02-06-03,2026-08-29,25.2228125,5.555312499999999
DM-02-02-06-03,2026-08-30,25.297812500000003,5.545625
DM-02-02-06-03,2026-08-31,24.74083333333333,5.514270833333334
DM-02-02-06-03,2026-09-01,24.70885416666667,5.235416666666667
DM-02-02-07-01,2026-08-26,60.80614583333334,5.613229166666667
DM-02-02-07-01,2026-08-27,63.5534375,5.574479166666666
DM-02-02-07-01,2026-08-28,59.4059375,5.5225
DM-02-02-07-01,2026-08-29,59.958020833333336,5.632187500000001
DM-02-02-07-01,2026-08-30,64.52072916666667,5.775104166666666
DM-02-02-07-01,2026-08-31,60.8021875,5.8909375
DM-02-02-07-01,2026-09-01,60.30406249999999,5.705208333333334
DM-02-02-07-03,2026-08-26,58.3115625,6.021562500000001
DM-02-02-07-03,2026-08-27,59.41104166666667,5.981458333333333
DM-02-02-07-03,2026-08-28,57.090937499999995,5.923333333333333
DM-02-02-07-03,2026-08-29,63.486979166666664,6.028958333333333
DM-02-02-07-03,2026-08-30,63.1853125,6.169479166666666
DM-02-02-07-03,2026-08-31,59.13489583333333,6.250104166666667
DM-02-02-07-03,2026-09-01,58.147083333333335,6.056875000000001
DM-02-02-08-01,2026-08-26,119.8825,5.980729166666666
DM-02-02-08-01,2026-08-27,121.63114583333333,5.966458333333333
DM-02-02-08-01,2026-08-28,122.72927083333333,5.867812499999999
DM-02-02-08-01,2026-08-29,117.56458333333335,5.995625
DM-02-02-08-01,2026-08-30,119.14010416666667,6.1684375
DM-02-02-08-01,2026-08-31,122.58385416666665,6.243229166666667
DM-02-02-08-01,2026-09-01,119.23062499999999,5.957916666666667
DM-02-03-01-01,2026-08-26,65.58104166666666,7.549270833333334
DM-02-03-01-01,2026-08-27,65.58104166666666,7.549270833333334
DM-02-03-01-01,2026-08-28,65.58104166666666,7.549270833333334
DM-02-03-01-01,2026-08-29,64.874375,7.459895833333333
DM-02-03-01-01,2026-08-30,64.7565625,7.401458333333333
DM-02-03-01-01,2026-08-31,65.58104166666666,7.549270833333334
DM-02-03-01-01,2026-09-01,65.58104166666666,7.549270833333334
DM-02-03-02-01,2026-08-26,71.40010416666667,5.835
DM-02-03-02-01,2026-08-27,71.04010416666667,5.866041666666667
DM-02-03-02-01,2026-08-28,75.4596875,5.7179166666666665
DM-02-03-02-01,2026-08-29,84.39354166666666,5.6805208333333335
DM-02-03-02-01,2026-08-30,86.81020833333334,5.939583333333334
DM-02-03-02-01,2026-08-31,66.0521875,5.9840625
DM-02-03-02-01,2026-09-01,73.52,5.761666666666667
DM-02-03-02-02,2026-08-26,26.118854166666665,8.3746875
DM-02-03-02-02,2026-08-27,26.42052083333333,8.351979166666666
DM-02-03-02-02,2026-08-28,25.505625,8.17375
DM-02-03-02-02,2026-08-29,30.121979166666666,7.652395833333333
DM-02-03-02-02,2026-08-30,31.402916666666666,8.126875
DM-02-03-02-02,2026-08-31,23.84302083333333,8.362708333333334
DM-02-03-02-02,2026-09-01,19.825104166666666,8.1190625
DM-02-03-03-01,2026-08-26,64.26208333333334,8.49875
DM-02-03-03-01,2026-08-27,65.60895833333333,8.4646875
DM-02-03-03-01,2026-08-28,63.93864583333333,8.2896875
DM-02-03-03-01,2026-08-29,72.95937500000001,8.266770833333334
DM-02-03-03-01,2026-08-30,71.93614583333333,8.364895833333334
DM-02-03-03-01,2026-08-31,63.1675,8.459479166666666
DM-02-03-03-01,2026-09-01,70.9725,8.175625
DM-02-03-03-02,2026-08-26,50.68927083333333,7.535208333333333
DM-02-03-03-02,2026-08-27,48.51572916666667,7.478229166666666
DM-02-03-03-02,2026-08-28,47.10510416666667,7.3409375
DM-02-03-03-02,2026-08-29,49.49447916666667,7.294583333333333
DM-02-03-03-02,2026-08-30,49.43927083333333,7.3796875
DM-02-03-03-02,2026-08-31,46.70395833333333,7.5261458333333335
DM-02-03-03-02,2026-09-01,40.834583333333335,7.2778125
DM-02-03-04-01,2026-08-26,157.04208333333332,5.391354166666667
DM-02-03-04-01,2026-08-27,158.97187499999998,5.363958333333334
DM-02-03-04-01,2026-08-28,158.63260416666665,5.287604166666667
DM-02-03-04-01,2026-08-29,164.555625,5.333020833333333
DM-02-03-04-01,2026-08-30,166.60739583333333,5.446666666666666
DM-02-03-04-01,2026-08-31,157.80302083333333,5.5403125
DM-02-03-04-01,2026-09-01,157.04739583333333,5.341875000000001
DM-02-03-05-01,2026-08-26,106.65177083333333,5.8975
DM-02-03-05-01,2026-08-27,93.57125,5.873958333333333
DM-02-03-05-01,2026-08-28,105.49843750000001,5.789166666666667
DM-02-03-05-01,2026-08-29,75.2846875,5.813020833333333
DM-02-03-05-01,2026-08-30,84.17322916666667,5.954375
DM-02-03-05-01,2026-08-31,98.9290625,6.053541666666667
DM-02-03-05-01,2026-09-01,105.21625,5.834479166666667
DM-02-03-06-01,2026-08-26,113.31124999999999,6.3428125
DM-02-03-06-01,2026-08-27,116.84333333333335,6.369479166666667
DM-02-03-06-01,2026-08-28,113.40166666666666,6.231041666666666
DM-02-03-06-01,2026-08-29,110.12302083333333,6.180729166666667
DM-02-03-06-01,2026-08-30,117.33291666666668,6.736666666666667
DM-02-03-06-01,2026-08-31,112.3178125,6.5867708333333335
DM-02-03-06-01,2026-09-01,159.83947916666668,6.227187499999999
DM-02-03-06-02,2026-08-26,0.0,5.53
DM-02-03-06-02,2026-08-27,0.0,5.53
DM-02-03-06-02,2026-08-28,0.0,5.53
DM-02-03-06-02,2026-08-29,0.0,5.844791666666667
DM-02-03-06-02,2026-08-30,0.0,5.6940625
DM-02-03-06-02,2026-08-31,0.0,5.5303125
DM-02-03-06-02,2026-09-01,0.0,5.53
DM-02-03-06-03,2026-08-26,64.10802083333333,6.7984374999999995
DM-02-03-06-03,2026-08-27,67.9790625,6.470833333333334
DM-02-03-06-03,2026-08-28,67.73041666666667,6.435729166666667
DM-02-03-06-03,2026-08-29,67.11770833333334,6.326875
DM-02-03-06-03,2026-08-30,75.2609375,6.228854166666667
DM-02-03-06-03,2026-08-31,66.448125,6.7597916666666675
DM-02-03-06-03,2026-09-01,69.95760416666667,6.32125
DM-02-04-01-02,2026-08-26,99.58968750000001,5.052083333333333
DM-02-04-01-02,2026-08-27,99.71354166666667,5.179791666666667
DM-02-04-01-02,2026-08-28,103.56489583333332,5.050833333333333
DM-02-04-01-02,2026-08-29,97.97625,4.580520833333334
DM-02-04-01-02,2026-08-30,96.37739583333332,4.904375
DM-02-04-01-02,2026-08-31,102.26770833333335,5.366458333333333
DM-02-04-01-02,2026-09-01,97.5471875,5.2839583333333335
DM-02-04-01-03,2026-08-26,63.278645833333336,5.6464583333333325
DM-02-04-01-03,2026-08-27,63.070729166666666,5.666250000000001
DM-02-04-01-03,2026-08-28,66.479375,5.570625
DM-02-04-01-03,2026-08-29,72.03322916666666,5.640104166666667
DM-02-04-01-03,2026-08-30,67.6321875,5.733333333333333
DM-02-04-01-03,2026-08-31,65.1275,5.8275
DM-02-04-01-03,2026-09-01,61.02916666666667,5.673229166666666
DM-02-04-02-01,2026-08-26,37.57020833333333,5.497916666666666
DM-02-04-02-01,2026-08-27,37.945729166666666,5.5363541666666665
DM-02-04-02-01,2026-08-28,37.91010416666666,5.466354166666666
DM-02-04-02-01,2026-08-29,38.63979166666667,5.472291666666667
DM-02-04-02-01,2026-08-30,38.958958333333335,5.58125
DM-02-04-02-01,2026-08-31,38.005,5.699583333333333
DM-02-04-02-01,2026-09-01,37.49166666666667,5.55375
DM-02-04-02-02,2026-08-26,220.59822916666667,10.531979166666668
DM-02-04-02-02,2026-08-27,222.13458333333332,10.450208333333334
DM-02-04-02-02,2026-08-28,222.9076041666667,10.5878125
DM-02-04-02-02,2026-08-29,230.0013541666667,6.752187500000001
DM-02-04-02-02,2026-08-30,231.48916666666665,7.202708333333334
DM-02-04-02-02,2026-08-31,212.32510416666665,9.959375
DM-02-04-02-02,2026-09-01,213.83083333333332,10.018541666666666
DM-02-04-03-01,2026-08-26,290.63614583333333,5.812916666666666
DM-02-04-03-01,2026-08-27,272.3460416666667,6.016354166666667
DM-02-04-03-01,2026-08-28,290.98927083333336,5.725416666666667
DM-02-04-03-01,2026-08-29,300.13427083333335,6.3535416666666675
DM-02-04-03-01,2026-08-30,314.9348958333333,6.4828125000000005
DM-02-04-03-01,2026-08-31,282.44177083333335,5.590416666666666
DM-02-04-03-01,2026-09-01,281.94947916666666,5.614791666666666
DM-02-04-04-01,2026-08-26,344.53208333333333,3.1054166666666667
DM-02-04-04-01,2026-08-27,273.0184375,4.003645833333334
DM-02-04-04-01,2026-08-28,268.84270833333335,4.1571875
DM-02-04-04-01,2026-08-29,258.1646875,4.541875
DM-02-04-04-01,2026-08-30,259.0853125,4.697291666666667
DM-02-04-04-01,2026-08-31,254.49385416666667,4.039791666666667
DM-02-04-04-01,2026-09-01,258.21218749999997,4.0372916666666665
DM-02-04-04-02,2026-08-26,185.62614583333334,4.7975
DM-02-04-04-02,2026-08-27,189.64364583333335,4.8378125
DM-02-04-04-02,2026-08-28,193.1875,4.818645833333334
DM-02-04-04-02,2026-08-29,212.39135416666667,4.8896875
DM-02-04-04-02,2026-08-30,217.08364583333332,4.9878124999999995
DM-02-04-04-02,2026-08-31,191.2821875,4.745416666666666
DM-02-04-04-02,2026-09-01,193.97427083333332,4.67875
DM-02-04-05-01,2026-08-26,202.94281249999997,4.045416666666667
DM-02-04-05-01,2026-08-27,202.70927083333333,4.128125
DM-02-04-05-01,2026-08-28,201.4802083333333,4.0675
DM-02-04-05-01,2026-08-29,200.04510416666668,4.2231250000000005
DM-02-04-05-01,2026-08-30,223.59364583333334,4.3665625
DM-02-04-05-01,2026-08-31,200.48010416666668,4.085416666666666
DM-02-04-05-01,2026-09-01,191.19125,4.183854166666666
DM-02-04-05-02,2026-08-26,145.18270833333332,3.278020833333333
DM-02-04-05-02,2026-08-27,149.51885416666667,3.342916666666667
DM-02-04-05-02,2026-08-28,145.35666666666665,3.3020833333333335
DM-02-04-05-02,2026-08-29,146.18583333333333,3.3516666666666666
DM-02-04-05-02,2026-08-30,159.92229166666667,3.6635416666666667
DM-02-04-05-02,2026-08-31,144.55552083333333,3.3016666666666663
DM-02-04-05-02,2026-09-01,143.85208333333333,3.3409375000000003
DM-02-04-06-01,2026-08-26,0.02729166666666667,5.949375
DM-02-04-06-01,2026-08-27,0.044895833333333336,5.936354166666667
DM-02-04-06-01,2026-08-28,0.058750000000000004,5.946458333333333
DM-02-04-06-01,2026-08-29,0.022604166666666665,6.201770833333334
DM-02-04-06-01,2026-08-30,0.0403125,6.408020833333333
DM-02-04-06-01,2026-08-31,0.036145833333333335,6.019166666666667
DM-02-04-06-01,2026-09-01,0.042604166666666665,6.043854166666667
DM-02-08-01-01,2026-08-26,247.7409375,6.3234375
DM-02-08-01-01,2026-08-27,255.26354166666667,6.172395833333333
DM-02-08-01-01,2026-08-28,257.25656250000003,6.277291666666667
DM-02-08-01-01,2026-08-29,238.32041666666666,6.533124999999999
DM-02-08-01-01,2026-08-30,262.3539583333333,6.972604166666667
DM-02-08-01-01,2026-08-31,241.77687500000002,6.022708333333333
DM-02-08-01-01,2026-09-01,239.84333333333333,6.0903125
DM-02-08-01-02,2026-08-26,0.0,0.0
DM-02-08-01-02,2026-08-27,0.0,0.0
DM-02-08-01-02,2026-08-28,0.0,0.0
DM-02-08-01-02,2026-08-29,0.0,0.00010416666666666667
DM-02-08-01-02,2026-08-30,0.0,0.0
DM-02-08-01-02,2026-08-31,0.0,0.0
DM-02-08-01-02,2026-09-01,0.0,0.0
DM-02-08-02-01,2026-08-26,189.3165625,6.175
DM-02-08-02-01,2026-08-27,189.01125000000002,6.169479166666666
DM-02-08-02-01,2026-08-28,191.68864583333334,6.241770833333334
DM-02-08-02-01,2026-08-29,200.579375,6.670000000000001
DM-02-08-02-01,2026-08-30,202.41145833333334,6.77875
DM-02-08-02-01,2026-08-31,179.975,6.024375
DM-02-08-02-01,2026-09-01,172.7586458333333,6.0509375
DM-02-08-02-02,2026-08-26,0.0,7.345833333333334
DM-02-08-02-02,2026-08-27,0.0,7.345833333333334
DM-02-08-02-02,2026-08-28,0.0,7.345833333333334
DM-02-08-02-02,2026-08-29,0.0,7.679895833333333
DM-02-08-02-02,2026-08-30,0.0,7.5846875
DM-02-08-02-02,2026-08-31,0.0,7.345833333333334
DM-02-08-02-02,2026-09-01,0.0,7.345833333333334
DM-02-08-03-01,2026-08-26,0.170625,8.028958333333334
DM-02-08-03-01,2026-08-27,0.17885416666666668,8.0178125
DM-02-08-03-01,2026-08-28,0.18197916666666666,7.903125
DM-02-08-03-01,2026-08-29,0.16666666666666666,8.072291666666667
DM-02-08-03-01,2026-08-30,0.1740625,8.233749999999999
DM-02-08-03-01,2026-08-31,0.17958333333333332,8.25375
DM-02-08-03-01,2026-09-01,0.20177083333333334,8.438541666666667
DM-02-08-03-02,2026-08-26,306.26427083333334,11.870416666666666
DM-02-08-03-02,2026-08-27,309.4322916666667,11.8134375
DM-02-08-03-02,2026-08-28,308.51229166666667,11.829583333333334
DM-02-08-03-02,2026-08-29,320.3440625,12.1121875
DM-02-08-03-02,2026-08-30,315.2940625,12.222499999999998
DM-02-08-03-02,2026-08-31,293.018125,11.848333333333334
DM-02-08-03-02,2026-09-01,290.30041666666665,12.056145833333334
DM-02-08-03-03,2026-08-26,291.09385416666663,10.397291666666666
DM-02-08-03-03,2026-08-27,294.10229166666664,10.370416666666666
DM-02-08-03-03,2026-08-28,290.404375,10.303749999999999
DM-02-08-03-03,2026-08-29,293.3028125,9.5978125
DM-02-08-03-03,2026-08-30,326.6066666666667,10.5753125
DM-02-08-03-03,2026-08-31,288.1438541666667,10.381354166666666
DM-02-08-03-03,2026-09-01,288.10270833333334,10.538958333333333
DM-02-08-04-01,2026-08-26,90.81229166666667,5.576041666666666
DM-02-08-04-01,2026-08-27,89.37197916666666,5.623020833333334
DM-02-08-04-01,2026-08-28,94.1875,5.631145833333334
DM-02-08-04-01,2026-08-29,105.19864583333333,5.914687499999999
DM-02-08-04-01,2026-08-30,107.62979166666668,6.064374999999999
DM-02-08-04-01,2026-08-31,86.37875000000001,5.5671875
DM-02-08-04-01,2026-09-01,85.60770833333333,5.568124999999999
DM-02-08-04-02,2026-08-26,132.38072916666667,4.633333333333334
DM-02-08-04-02,2026-08-27,133.17916666666667,4.6596874999999995
DM-02-08-04-02,2026-08-28,132.24520833333332,4.7778125000000005
DM-02-08-04-02,2026-08-29,134.17447916666666,5.284270833333333
DM-02-08-04-02,2026-08-30,132.1290625,5.4321875
DM-02-08-04-02,2026-08-31,130.10489583333333,4.536458333333333
DM-02-08-04-02,2026-09-01,129.74270833333333,4.506666666666667
DM-02-08-04-03,2026-08-26,0.0,9.051458333333334
DM-02-08-04-03,2026-08-27,0.0,8.972916666666666
DM-02-08-04-03,2026-08-28,0.0,8.972708333333333
DM-02-08-04-03,2026-08-29,0.0,4.59625
DM-02-08-04-03,2026-08-30,0.0,5.643854166666666
DM-02-08-04-03,2026-08-31,0.0,9.123541666666666
DM-02-08-04-03,2026-09-01,0.0,9.285937500000001
DM-02-12-01-01,2026-08-26,221.79770833333336,4.936354166666667
DM-02-12-01-01,2026-08-27,222.81395833333332,4.977708333333333
DM-02-12-01-01,2026-08-28,226.38885416666668,4.9035416666666665
DM-02-12-01-01,2026-08-29,238.47187499999998,4.871041666666667
DM-02-12-01-01,2026-08-30,240.6265625,4.969270833333334
DM-02-12-01-01,2026-08-31,222.47979166666667,5.153020833333334
DM-02-12-01-01,2026-09-01,218.11229166666666,5.003020833333333
DM-02-12-01-02,2026-08-26,233.79791666666665,4.265104166666666
DM-02-12-01-02,2026-08-27,235.38750000000002,4.282916666666667
DM-02-12-01-02,2026-08-28,229.54677083333334,4.216458333333334
DM-02-12-01-02,2026-08-29,231.3353125,4.2375
DM-02-12-01-02,2026-08-30,213.48583333333332,4.3671875
DM-02-12-01-02,2026-08-31,205.68479166666668,4.519583333333333
DM-02-12-01-02,2026-09-01,193.04895833333333,4.359479166666667
DM-02-12-01-03,2026-08-26,157.9076041666667,4.8665625
DM-02-12-01-03,2026-08-27,160.94395833333334,4.921979166666667
DM-02-12-01-03,2026-08-28,161.35635416666665,4.833645833333333
DM-02-12-01-03,2026-08-29,166.43541666666667,4.579270833333333
DM-02-12-01-03,2026-08-30,177.83927083333333,5.156145833333333
DM-02-12-01-03,2026-08-31,160.956875,5.093125
DM-02-12-01-03,2026-09-01,157.85416666666666,4.9315625
DM-02-12-01-04,2026-08-26,0.0,0.003541666666666667
DM-02-12-01-04,2026-08-27,0.0,0.003541666666666667
DM-02-12-01-04,2026-08-28,0.0,0.003541666666666667
DM-02-12-01-04,2026-08-29,0.0,0.0031249999999999997
DM-02-12-01-04,2026-08-30,0.0,0.00125
DM-02-12-01-04,2026-08-31,0.0,0.003541666666666667
DM-02-12-01-04,2026-09-01,0.0,0.0033333333333333335
DM-02-12-02-01,2026-08-26,147.6834375,8.111770833333333
DM-02-12-02-01,2026-08-27,148.22875000000002,8.088645833333333
DM-02-12-02-01,2026-08-28,149.01822916666666,7.878229166666667
DM-02-12-02-01,2026-08-29,146.98989583333335,7.855833333333333
DM-02-12-02-01,2026-08-30,147.32625,7.9366666666666665
DM-02-12-02-01,2026-08-31,146.78020833333332,8.082916666666668
DM-02-12-02-01,2026-09-01,146.28739583333333,7.8261458333333325
DM-02-12-02-02,2026-08-26,77.7296875,7.835520833333334
DM-02-12-02-02,2026-08-27,77.67041666666667,7.805729166666667
DM-02-12-02-02,2026-08-28,77.5284375,7.608125
DM-02-12-02-02,2026-08-29,77.1134375,7.562708333333333
DM-02-12-02-02,2026-08-30,78.24052083333333,7.665729166666666
DM-02-12-02-02,2026-08-31,77.06958333333334,7.8222916666666675
DM-02-12-02-02,2026-09-01,77.96010416666667,7.531458333333333
DM-02-12-02-03,2026-08-26,74.986875,5.379583333333334
DM-02-12-02-03,2026-08-27,81.1996875,5.3946875
DM-02-12-02-03,2026-08-28,77.17864583333333,5.339270833333334
DM-02-12-02-03,2026-08-29,78.08729166666667,5.075729166666666
DM-02-12-02-03,2026-08-30,81.5615625,5.803020833333334
DM-02-12-02-03,2026-08-31,80.51208333333334,5.61625
DM-02-12-02-03,2026-09-01,73.77208333333333,5.377187500000001
DM-02-12-03-01,2026-08-26,106.05270833333333,4.164583333333334
DM-02-12-03-01,2026-08-27,108.24697916666668,4.199375
DM-02-12-03-01,2026-08-28,106.68416666666667,4.16375
DM-02-12-03-01,2026-08-29,113.54208333333334,4.152395833333333
DM-02-12-03-01,2026-08-30,111.88583333333334,4.2430208333333335
DM-02-12-03-01,2026-08-31,104.90833333333335,4.371979166666667
DM-02-12-03-01,2026-09-01,103.15333333333332,4.228541666666667
DM-02-12-03-02,2026-08-26,202.84645833333332,4.405729166666666
DM-02-12-03-02,2026-08-27,207.744375,4.431875
DM-02-12-03-02,2026-08-28,207.39031250000002,4.3571875
DM-02-12-03-02,2026-08-29,212.91239583333333,4.3696875
DM-02-12-03-02,2026-08-30,215.4439583333333,4.45875
DM-02-12-03-02,2026-08-31,204.81354166666665,4.6397916666666665
DM-02-12-03-02,2026-09-01,196.90322916666665,4.435
DM-02-13-01-01,2026-08-26,170.12302083333333,4.3966666666666665
DM-02-13-01-01,2026-08-27,171.04291666666666,4.4834375
DM-02-13-01-01,2026-08-28,171.9134375,4.4340625000000005
DM-02-13-01-01,2026-08-29,165.1146875,4.1476041666666665
DM-02-13-01-01,2026-08-30,188.18552083333336,4.732083333333333
DM-02-13-01-01,2026-08-31,170.03625,4.609895833333334
DM-02-13-01-01,2026-09-01,167.22145833333335,4.492916666666667
DM-02-13-01-02,2026-08-26,54.291875000000005,4.204166666666667
DM-02-13-01-02,2026-08-27,54.705104166666665,4.260729166666667
DM-02-13-01-02,2026-08-28,54.06854166666667,4.2404166666666665
DM-02-13-01-02,2026-08-29,51.36322916666666,3.9128125
DM-02-13-01-02,2026-08-30,52.336875,4.1696875
DM-02-13-01-02,2026-08-31,52.44354166666667,4.4084375
DM-02-13-01-02,2026-09-01,52.083333333333336,4.3075
DM-02-13-02-01,2026-08-26,143.15645833333335,4.4305208333333335
DM-02-13-02-01,2026-08-27,145.94135416666668,4.012604166666667
DM-02-13-02-01,2026-08-28,145.15979166666668,4.3021875
DM-02-13-02-01,2026-08-29,146.42375,3.9128125
DM-02-13-02-01,2026-08-30,145.98864583333332,3.861458333333333
DM-02-13-02-01,2026-08-31,147.4490625,4.6421874999999995
DM-02-13-02-01,2026-09-01,144.47947916666666,4.419791666666667
DM-02-13-02-02,2026-08-26,97.34885416666667,5.25375
DM-02-13-02-02,2026-08-27,96.95572916666667,5.3159374999999995
DM-02-13-02-02,2026-08-28,96.65572916666667,5.230833333333334
DM-02-13-02-02,2026-08-29,93.26291666666667,4.935
DM-02-13-02-02,2026-08-30,104.42416666666666,5.589270833333334
DM-02-13-02-02,2026-08-31,98.4690625,5.5051041666666665
DM-02-13-02-02,2026-09-01,97.89322916666667,5.318645833333333
DM-02-13-03-01,2026-08-26,113.67312500000001,4.132291666666666
DM-02-13-03-01,2026-08-27,116.56031250000001,4.1805208333333335
DM-02-13-03-01,2026-08-28,109.2759375,4.269895833333334
DM-02-13-03-01,2026-08-29,112.20197916666666,4.211145833333333
DM-02-13-03-01,2026-08-30,105.04385416666666,4.3878125
DM-02-13-03-01,2026-08-31,92.61312500000001,4.6571875
DM-02-13-03-01,2026-09-01,91.7159375,4.548125
DM-02-13-03-02,2026-08-26,132.12854166666668,4.719270833333334
DM-02-13-03-02,2026-08-27,135.10989583333333,4.777291666666667
DM-02-13-03-02,2026-08-28,132.39927083333333,4.7257291666666665
DM-02-13-03-02,2026-08-29,136.41802083333332,4.384166666666666
DM-02-13-03-02,2026-08-30,155.0309375,5.040104166666667
DM-02-13-03-02,2026-08-31,133.10395833333334,4.960625
DM-02-13-03-02,2026-09-01,132.3778125,4.7839583333333335
DM-02-13-04-01,2026-08-26,142.67416666666665,5.1865625
DM-02-13-04-01,2026-08-27,143.29375000000002,5.254479166666667
DM-02-13-04-01,2026-08-28,140.704375,5.255416666666666
DM-02-13-04-01,2026-08-29,144.23489583333333,5.241145833333333
DM-02-13-04-01,2026-08-30,146.076875,5.279895833333334
DM-02-13-04-01,2026-08-31,140.82708333333332,5.417916666666667
DM-02-13-04-01,2026-09-01,139.18177083333333,5.271041666666666
DM-02-13-04-02,2026-08-26,104.74760416666668,5.626458333333333
DM-02-13-04-02,2026-08-27,105.82760416666667,5.703749999999999
DM-02-13-04-02,2026-08-28,105.36593749999999,5.694583333333333
DM-02-13-04-02,2026-08-29,106.5265625,5.6660416666666675
DM-02-13-04-02,2026-08-30,107.60208333333333,5.73
DM-02-13-04-02,2026-08-31,105.0053125,5.846354166666667
DM-02-13-04-02,2026-09-01,101.58958333333334,5.7257291666666665
DM-02-13-05-01,2026-08-26,162.7846875,4.378020833333333
DM-02-13-05-01,2026-08-27,163.730625,4.441041666666666
DM-02-13-05-01,2026-08-28,162.20875,4.437604166666667
DM-02-13-05-01,2026-08-29,125.36666666666667,4.407916666666667
DM-02-13-05-01,2026-08-30,135.52875,4.47375
DM-02-13-05-01,2026-08-31,162.83114583333335,4.608958333333333
DM-02-13-05-01,2026-09-01,161.12864583333334,4.4792708333333335
DM-02-13-05-02,2026-08-26,126.0075,3.5991666666666666
DM-02-13-05-02,2026-08-27,124.29281250000001,3.9253125
DM-02-13-05-02,2026-08-28,124.5528125,4.750416666666667
DM-02-13-05-02,2026-08-29,122.45270833333332,4.2136458333333335
DM-02-13-05-02,2026-08-30,122.01697916666666,4.295833333333333
DM-02-13-05-02,2026-08-31,122.69520833333333,4.9184375000000005
DM-02-13-05-02,2026-09-01,122.13375,4.7082291666666665
DM-02-13-06-01,2026-08-26,76.85447916666666,4.789375
DM-02-13-06-01,2026-08-27,77.95041666666667,4.8321875
DM-02-13-06-01,2026-08-28,77.49062500000001,4.8500000000000005
DM-02-13-06-01,2026-08-29,78.08854166666667,4.807291666666667
DM-02-13-06-01,2026-08-30,78.97291666666666,4.861666666666667
DM-02-13-06-01,2026-08-31,75.87739583333332,4.9984375000000005
DM-02-13-06-01,2026-09-01,76.61791666666666,4.847291666666666
DM-02-13-06-02,2026-08-26,149.84229166666668,5.320729166666667
DM-02-13-06-02,2026-08-27,151.13385416666668,5.3999999999999995
DM-02-13-06-02,2026-08-28,151.6090625,5.396354166666666
DM-02-13-06-02,2026-08-29,159.6015625,5.3471875
DM-02-13-06-02,2026-08-30,159.98677083333334,5.4103125
DM-02-13-06-02,2026-08-31,152.66604166666667,5.5353125
DM-02-13-06-02,2026-09-01,148.94677083333332,5.417291666666666
DM-02-14-03-01,2026-08-26,147.40156249999998,4.561979166666666
DM-02-14-03-01,2026-08-27,153.165,4.640729166666667
DM-02-14-03-01,2026-08-28,159.16447916666667,4.5711458333333335
DM-02-14-03-01,2026-08-29,119.9496875,3.842916666666667
DM-02-14-03-01,2026-08-30,129.94479166666667,3.99
DM-02-14-03-01,2026-08-31,145.17614583333332,4.637604166666667
DM-02-14-03-01,2026-09-01,152.83822916666665,4.683958333333334
DM-02-14-03-02,2026-08-26,178.06583333333333,3.456875
DM-02-14-03-02,2026-08-27,175.69583333333333,3.4946875
DM-02-14-03-02,2026-08-28,177.39677083333333,3.4737500000000003
DM-02-14-03-02,2026-08-29,170.94052083333335,3.6157291666666667
DM-02-14-03-02,2026-08-30,196.57500000000002,3.6960416666666664
DM-02-14-03-02,2026-08-31,173.25489583333334,3.5063541666666667
DM-02-14-03-02,2026-09-01,171.535,3.5414583333333334
DM-02-14-03-03,2026-08-26,74.26531250000001,8.483020833333333
DM-02-14-03-03,2026-08-27,75.48281250000001,8.487499999999999
DM-02-14-03-03,2026-08-28,72.69989583333333,8.446145833333334
DM-02-14-03-03,2026-08-29,69.31770833333333,8.298333333333334
DM-02-14-03-03,2026-08-30,68.95302083333333,9.250625
DM-02-14-03-03,2026-08-31,71.573125,8.419270833333334
DM-02-14-03-03,2026-09-01,73.08416666666666,8.547812500000001
DM-02-14-04-01,2026-08-26,110.46427083333333,7.835208333333333
DM-02-14-04-01,2026-08-27,111.07770833333332,7.7846875
DM-02-14-04-01,2026-08-28,110.22250000000001,7.809270833333334
DM-02-14-04-01,2026-08-29,89.21833333333332,7.817916666666666
DM-02-14-04-01,2026-08-30,95.16427083333333,8.618229166666667
DM-02-14-04-01,2026-08-31,109.90822916666667,7.889375
DM-02-14-04-01,2026-09-01,109.79770833333333,7.924270833333334
DM-02-14-04-02,2026-08-26,65.6725,6.019583333333333
DM-02-14-04-02,2026-08-27,64.73364583333334,6.010625
DM-02-14-04-02,2026-08-28,64.01,6.005729166666666
DM-02-14-04-02,2026-08-29,70.30177083333334,6.214583333333334
DM-02-14-04-02,2026-08-30,70.09552083333334,6.335520833333334
DM-02-14-04-02,2026-08-31,64.36041666666667,6.0065625
DM-02-14-04-02,2026-09-01,63.07572916666667,6.043229166666666
DM-02-14-04-03,2026-08-26,249.43375,4.729166666666667
DM-02-14-04-03,2026-08-27,251.58604166666666,4.735416666666667
DM-02-14-04-03,2026-08-28,249.89552083333334,4.743333333333333
DM-02-14-04-03,2026-08-29,252.42447916666666,4.929375
DM-02-14-04-03,2026-08-30,256.55812499999996,5.0028125
DM-02-14-04-03,2026-08-31,247.44604166666667,4.738020833333334
DM-02-14-04-03,2026-09-01,244.7513541666667,4.765520833333333
DM-02-14-04-04,2026-08-26,133.89020833333333,5.950104166666667
DM-02-14-04-04,2026-08-27,134.57239583333333,5.960729166666667
DM-02-14-04-04,2026-08-28,133.00572916666667,6.006458333333334
DM-02-14-04-04,2026-08-29,136.96,6.2590625
DM-02-14-04-04,2026-08-30,142.15427083333333,6.330520833333334
DM-02-14-04-04,2026-08-31,134.50635416666668,5.989791666666666
DM-02-14-04-04,2026-09-01,132.72458333333333,6.040416666666666
DM-02-14-05-01,2026-08-26,123.60833333333333,5.0134375
DM-02-14-05-01,2026-08-27,124.7571875,4.98125
DM-02-14-05-01,2026-08-28,123.04802083333334,4.952083333333333
DM-02-14-05-01,2026-08-29,126.91041666666666,3.6529166666666666
DM-02-14-05-01,2026-08-30,127.34375,3.9573958333333334
DM-02-14-05-01,2026-08-31,119.62708333333335,5.0242708333333335
DM-02-14-05-01,2026-09-01,119.92135416666667,5.161979166666667
DM-02-14-05-02,2026-08-26,182.32875,4.9305208333333335
DM-02-14-05-02,2026-08-27,174.27729166666666,4.944791666666666
DM-02-14-05-02,2026-08-28,180.79770833333336,4.940729166666666
DM-02-14-05-02,2026-08-29,183.1234375,5.161458333333333
DM-02-14-05-02,2026-08-30,180.22687499999998,5.289166666666667
DM-02-14-05-02,2026-08-31,176.49489583333332,4.9384375
DM-02-14-05-02,2026-09-01,176.80802083333333,4.9865625
DM-02-14-05-03,2026-08-26,25.16416666666667,0.9189583333333333
DM-02-14-05-03,2026-08-27,25.16416666666667,0.9189583333333333
DM-02-14-05-03,2026-08-28,25.699375,1.0604166666666666
DM-02-14-05-03,2026-08-29,0.12458333333333334,1.6610416666666667
DM-02-14-05-03,2026-08-30,0.12437500000000001,1.6049999999999998
DM-02-14-05-03,2026-08-31,24.526875,1.0140624999999999
DM-02-14-05-03,2026-09-01,16.957708333333333,0.6547916666666667
DM-02-14-06-01,2026-08-26,111.6615625,5.319895833333333
DM-02-14-06-01,2026-08-27,114.46322916666666,5.314166666666667
DM-02-14-06-01,2026-08-28,114.48822916666667,5.318333333333333
DM-02-14-06-01,2026-08-29,119.4640625,5.5242708333333335
DM-02-14-06-01,2026-08-30,129.85979166666667,5.505624999999999
DM-02-14-06-01,2026-08-31,110.06104166666667,5.312395833333333
DM-02-14-06-01,2026-09-01,111.59989583333333,5.329791666666666
DM-02-14-06-02,2026-08-26,131.51,3.3461458333333334
DM-02-14-06-02,2026-08-27,132.26322916666666,3.3778124999999997
DM-02-14-06-02,2026-08-28,132.49020833333333,3.359375
DM-02-14-06-02,2026-08-29,134.54489583333333,3.468541666666667
DM-02-14-06-02,2026-08-30,140.99625,3.692604166666667
DM-02-14-06-02,2026-08-31,129.42499999999998,3.3689583333333335
DM-02-14-06-02,2026-09-01,129.43645833333332,3.3877083333333338
DM-02-14-07-01,2026-08-26,0.0,0.016145833333333335
DM-02-14-07-01,2026-08-27,0.0,0.016770833333333336
DM-02-14-07-01,2026-08-28,0.0,0.016041666666666666
DM-02-14-07-01,2026-08-29,0.0,0.017083333333333336
DM-02-14-07-01,2026-08-30,0.0,0.0178125
DM-02-14-07-01,2026-08-31,0.0,0.0146875
DM-02-14-07-01,2026-09-01,0.0,0.015416666666666667
DM-02-14-07-02,2026-08-26,269.6203125,4.1890624999999995
DM-02-14-07-02,2026-08-27,270.2996875,4.196458333333333
DM-02-14-07-02,2026-08-28,270.01427083333334,4.222604166666667
DM-02-14-07-02,2026-08-29,270.9995833333333,4.4558333333333335
DM-02-14-07-02,2026-08-30,270.0002083333333,4.5825000000000005
DM-02-14-07-02,2026-08-31,257.6090625,4.233020833333334
DM-02-14-07-02,2026-09-01,265.6326041666667,4.2546875
DM-02-14-07-03,2026-08-26,113.21645833333334,5.265729166666667
DM-02-14-07-03,2026-08-27,108.8690625,5.305
DM-02-14-07-03,2026-08-28,113.27416666666666,5.246770833333334
DM-02-14-07-03,2026-08-29,121.21927083333333,5.523229166666667
DM-02-14-07-03,2026-08-30,121.09010416666666,5.4383333333333335
DM-02-14-07-03,2026-08-31,114.66947916666668,5.3159374999999995
DM-02-14-07-03,2026-09-01,110.90927083333334,5.17875
DM-02-14-07-04,2026-08-26,152.80260416666667,4.875
DM-02-14-07-04,2026-08-27,154.29520833333333,4.903645833333333
DM-02-14-07-04,2026-08-28,153.21760416666666,4.8968750000000005
DM-02-14-07-04,2026-08-29,156.61916666666667,5.014583333333333
DM-02-14-07-04,2026-08-30,173.28979166666667,5.2247916666666665
DM-02-14-07-04,2026-08-31,148.27927083333333,4.887291666666667
DM-02-14-07-04,2026-09-01,150.36697916666665,4.9089583333333335
DM-02-14-07-05,2026-08-26,95.60604166666667,5.167604166666666
DM-02-14-07-05,2026-08-27,94.9603125,5.184375
DM-02-14-07-05,2026-08-28,96.04166666666667,5.254166666666666
DM-02-14-07-05,2026-08-29,94.9121875,5.521041666666666
DM-02-14-07-05,2026-08-30,88.33208333333333,5.611875
DM-02-14-07-05,2026-08-31,93.33854166666667,5.264375
DM-02-14-07-05,2026-09-01,95.703125,5.2316666666666665
DM-02-14-08-01,2026-08-26,297.54854166666667,3.6207291666666666
DM-02-14-08-01,2026-08-27,306.0388541666667,3.5510416666666664
DM-02-14-08-01,2026-08-28,302.78479166666665,3.5570833333333334
DM-02-14-08-01,2026-08-29,269.97739583333333,3.7129166666666666
DM-02-14-08-01,2026-08-30,329.71979166666665,4.015625
DM-02-14-08-01,2026-08-31,307.9585416666667,3.637395833333333
DM-02-14-08-01,2026-09-01,308.88937500000003,3.4998958333333334
DM-02-14-09-01,2026-08-26,244.86947916666668,10.920416666666666
DM-02-14-09-01,2026-08-27,249.5872916666667,10.92
DM-02-14-09-01,2026-08-28,249.79458333333332,10.910937500000001
DM-02-14-09-01,2026-08-29,274.93666666666667,10.884895833333333
DM-02-14-09-01,2026-08-30,273.61854166666666,10.924791666666666
DM-02-14-09-01,2026-08-31,246.6478125,10.885937499999999
DM-02-14-09-01,2026-09-01,240.49739583333334,10.943854166666666
DM-02-14-09-02,2026-08-26,280.7922916666667,3.88125
DM-02-14-09-02,2026-08-27,289.88645833333334,3.8748958333333334
DM-02-14-09-02,2026-08-28,280.44145833333334,3.7864583333333335
DM-02-14-09-02,2026-08-29,281.41416666666663,2.985416666666667
DM-02-14-09-02,2026-08-30,280.549375,3.384375
DM-02-14-09-02,2026-08-31,273.1589583333333,3.9166666666666665
DM-02-14-09-02,2026-09-01,271.3065625,4.110520833333333
DM-02-15-01-01,2026-08-26,246.01760416666664,5.155
DM-02-15-01-01,2026-08-27,245.5119791666667,5.1621875
DM-02-15-01-01,2026-08-28,251.29395833333334,4.975833333333333
DM-02-15-01-01,2026-08-29,237.03270833333332,5.072395833333333
DM-02-15-01-01,2026-08-30,256.7398958333333,5.4440625
DM-02-15-01-01,2026-08-31,245.2896875,5.316145833333334
DM-02-15-01-01,2026-09-01,246.26510416666667,5.102916666666666
DM-02-15-02-01,2026-08-26,216.06760416666668,7.525833333333334
DM-02-15-02-01,2026-08-27,238.0803125,7.405
DM-02-15-02-01,2026-08-28,225.22114583333334,7.312708333333333
DM-02-15-02-01,2026-08-29,218.10302083333332,7.402291666666667
DM-02-15-02-01,2026-08-30,218.53416666666666,7.488645833333333
DM-02-15-02-01,2026-08-31,212.89625,7.596041666666667
DM-02-15-02-01,2026-09-01,214.96708333333333,7.346354166666667
DM-02-15-03-01,2026-08-26,176.72177083333335,5.2584375
DM-02-15-03-01,2026-08-27,172.4494791666667,5.292395833333333
DM-02-15-03-01,2026-08-28,175.18322916666668,5.193125
DM-02-15-03-01,2026-08-29,136.93302083333333,4.081145833333333
DM-02-15-03-01,2026-08-30,145.198125,4.544375
DM-02-15-03-01,2026-08-31,177.04291666666666,5.439791666666667
DM-02-15-03-01,2026-09-01,167.88791666666665,5.415208333333333
DM-02-15-04-01,2026-08-26,154.40989583333334,6.772083333333334
DM-02-15-04-01,2026-08-27,152.28864583333333,6.78
DM-02-15-04-01,2026-08-28,142.99937500000001,6.723541666666667
DM-02-15-04-01,2026-08-29,191.40385416666666,6.478437499999999
DM-02-15-04-01,2026-08-30,167.946875,6.675520833333334
DM-02-15-04-01,2026-08-31,134.7653125,6.96125
DM-02-15-04-01,2026-09-01,145.03177083333333,6.69125
DM-02-15-04-02,2026-08-26,88.56812500000001,5.0015624999999995
DM-02-15-04-02,2026-08-27,96.52166666666666,4.87875
DM-02-15-04-02,2026-08-28,94.88375,4.80375
DM-02-15-04-02,2026-08-29,90.18395833333334,3.4380208333333333
DM-02-15-04-02,2026-08-30,86.89760416666667,4.202395833333333
DM-02-15-04-02,2026-08-31,89.64708333333334,5.0964583333333335
DM-02-15-04-02,2026-09-01,76.11364583333334,5.1740625
DM-02-15-05-01,2026-08-26,0.0,0.0
DM-02-15-05-01,2026-08-27,0.0,0.0
DM-02-15-05-01,2026-08-28,0.0,0.0
DM-02-15-05-01,2026-08-29,0.0,0.0
DM-02-15-05-01,2026-08-30,0.0,0.0
DM-02-15-05-01,2026-08-31,0.0,0.0
DM-02-15-05-01,2026-09-01,0.0,0.0
DM-02-15-05-02,2026-08-26,19.923958333333335,6.999479166666667
DM-02-15-05-02,2026-08-27,20.364166666666666,6.967708333333333
DM-02-15-05-02,2026-08-28,19.166666666666668,6.840625
DM-02-15-05-02,2026-08-29,11.305104166666666,6.6397916666666665
DM-02-15-05-02,2026-08-30,12.136249999999999,7.0694791666666665
DM-02-15-05-02,2026-08-31,19.735,7.100416666666667
DM-02-15-05-02,2026-09-01,18.8571875,6.8525
DM-02-16-01-01,2026-08-26,41.25447916666666,8.271979166666666
DM-02-16-01-01,2026-08-27,40.86770833333333,8.249062499999999
DM-02-16-01-01,2026-08-28,40.96208333333333,8.054062499999999
DM-02-16-01-01,2026-08-29,44.72083333333333,4.2569791666666665
DM-02-16-01-01,2026-08-30,45.35218750000001,5.1589583333333335
DM-02-16-01-01,2026-08-31,40.93864583333333,8.2825
DM-02-16-01-01,2026-09-01,39.97322916666666,7.884895833333334
DM-02-16-02-01,2026-08-26,68.989375,6.300416666666667
DM-02-16-02-01,2026-08-27,68.32916666666667,6.4053125
DM-02-16-02-01,2026-08-28,68.75260416666667,6.269895833333333
DM-02-16-02-01,2026-08-29,68.18718750000001,5.898541666666667
DM-02-16-02-01,2026-08-30,74.51979166666666,6.554479166666667
DM-02-16-02-01,2026-08-31,68.11604166666667,6.2953125000000005
DM-02-16-02-01,2026-09-01,66.92395833333333,6.188958333333333
DM-02-16-02-02,2026-08-26,100.49395833333334,5.538125
DM-02-16-02-02,2026-08-27,106.62083333333334,5.6156250000000005
DM-02-16-02-02,2026-08-28,103.75645833333334,5.492395833333333
DM-02-16-02-02,2026-08-29,113.21833333333335,5.063229166666667
DM-02-16-02-02,2026-08-30,118.02479166666666,5.387604166666667
DM-02-16-02-02,2026-08-31,100.27427083333333,5.766979166666666
DM-02-16-02-02,2026-09-01,99.60635416666666,5.703749999999999
DM-02-16-03-01,2026-08-26,96.62510416666667,6.341562499999999
DM-02-16-03-01,2026-08-27,94.82541666666667,6.352708333333333
DM-02-16-03-01,2026-08-28,96.45510416666667,6.2215625
DM-02-16-03-01,2026-08-29,100.88739583333334,6.3334375
DM-02-16-03-01,2026-08-30,102.16802083333333,6.438229166666667
DM-02-16-03-01,2026-08-31,96.1875,6.522395833333333
DM-02-16-03-01,2026-09-01,94.49072916666667,6.3253125
DM-02-16-03-02,2026-08-26,38.4846875,3.265
DM-02-16-03-02,2026-08-27,40.40864583333333,3.319479166666667
DM-02-16-03-02,2026-08-28,39.9140625,3.2103125
DM-02-16-03-02,2026-08-29,39.599270833333335,4.09625
DM-02-16-03-02,2026-08-30,38.36375,5.712708333333333
DM-02-16-03-02,2026-08-31,40.40864583333333,7.411979166666666
DM-02-16-03-02,2026-09-01,34.84427083333333,7.164166666666667
DM-02-16-04-01,2026-08-26,9.375104166666667,2.918125
DM-02-16-04-01,2026-08-27,9.462395833333334,2.9803125
DM-02-16-04-01,2026-08-28,9.258333333333333,2.8919791666666668
DM-02-16-04-01,2026-08-29,11.748854166666668,3.1021875
DM-02-16-04-01,2026-08-30,11.506041666666667,3.234375
DM-02-16-04-01,2026-08-31,9.462395833333334,3.112083333333333
DM-02-16-04-01,2026-09-01,6.039166666666667,3.0220833333333332
DM-02-16-04-02,2026-08-26,64.66010416666667,5.295729166666667
DM-02-16-04-02,2026-08-27,64.66010416666667,5.295729166666667
DM-02-16-04-02,2026-08-28,64.66010416666667,5.295729166666667
DM-02-16-04-02,2026-08-29,58.29864583333333,5.373229166666667
DM-02-16-04-02,2026-08-30,58.28927083333334,5.3725
DM-02-16-04-02,2026-08-31,64.6240625,5.295
DM-02-16-04-02,2026-09-01,64.66010416666667,5.295729166666667
DM-02-16-05-01,2026-08-26,206.45604166666666,4.9624999999999995
DM-02-16-05-01,2026-08-27,207.82625,4.899166666666667
DM-02-16-05-01,2026-08-28,216.4076041666667,4.791354166666666
DM-02-16-05-01,2026-08-29,202.76593749999998,3.682395833333333
DM-02-16-05-01,2026-08-30,191.93416666666667,4.3528125
DM-02-16-05-01,2026-08-31,172.93635416666666,5.183020833333333
DM-02-16-05-01,2026-09-01,169.15260416666666,5.0853125
DM-02-16-06-01,2026-08-26,161.2853125,4.563229166666667
DM-02-16-06-01,2026-08-27,161.2853125,4.563229166666667
DM-02-16-06-01,2026-08-28,161.2853125,4.563229166666667
DM-02-16-06-01,2026-08-29,131.08083333333335,4.8040625
DM-02-16-06-01,2026-08-30,131.08083333333335,4.8040625
DM-02-16-06-01,2026-08-31,161.2853125,4.563229166666667
DM-02-16-06-01,2026-09-01,161.2853125,4.563229166666667
DM-02-16-06-02,2026-08-26,70.13729166666667,5.50375
DM-02-16-06-02,2026-08-27,70.66520833333333,5.533854166666667
DM-02-16-06-02,2026-08-28,70.14770833333334,5.467708333333333
DM-02-16-06-02,2026-08-29,74.7546875,5.450208333333333
DM-02-16-06-02,2026-08-30,76.37864583333334,5.562604166666667
DM-02-16-06-02,2026-08-31,68.79229166666667,5.705729166666667
DM-02-16-06-02,2026-09-01,68.86041666666667,5.55375
DM-02-16-06-03,2026-08-26,33.73416666666667,5.9384375
DM-02-16-06-03,2026-08-27,33.69166666666667,5.971354166666667
DM-02-16-06-03,2026-08-28,33.36291666666667,5.968229166666667
DM-02-16-06-03,2026-08-29,33.677083333333336,5.992708333333333
DM-02-16-06-03,2026-08-30,33.557187500000005,6.0978125
DM-02-16-06-03,2026-08-31,33.94322916666667,6.1570833333333335
DM-02-16-06-03,2026-09-01,33.493541666666665,5.935625000000001
DM-02-16-07-01,2026-08-26,138.04302083333334,5.5093749999999995
DM-02-16-07-01,2026-08-27,138.90354166666665,5.550520833333334
DM-02-16-07-01,2026-08-28,139.76458333333332,5.483645833333333
DM-02-16-07-01,2026-08-29,144.775625,5.437916666666666
DM-02-16-07-01,2026-08-30,146.98604166666667,5.5515625
DM-02-16-07-01,2026-08-31,138.48322916666666,5.703645833333333
DM-02-16-07-01,2026-09-01,135.98458333333335,5.541979166666667
DM-02-16-07-02,2026-08-26,1.7073958333333332,5.945625
DM-02-16-07-02,2026-08-27,1.4289583333333333,5.963854166666667
DM-02-16-07-02,2026-08-28,1.9451041666666666,5.8896875
DM-02-16-07-02,2026-08-29,4.082916666666667,5.936458333333333
DM-02-16-07-02,2026-08-30,2.9047916666666667,6.0164583333333335
DM-02-16-07-02,2026-08-31,1.8578124999999999,6.108020833333334
DM-02-16-07-02,2026-09-01,1.2963541666666667,5.959479166666667
DM-02-16-08-02,2026-08-26,0.0,4.220833333333333
DM-02-16-08-02,2026-08-27,0.0,4.220833333333333
DM-02-16-08-02,2026-08-28,0.0,4.220833333333333
DM-02-16-08-02,2026-08-29,0.0,4.442916666666666
DM-02-16-08-02,2026-08-30,0.0,4.323229166666667
DM-02-16-08-02,2026-08-31,0.0,4.221145833333334
DM-02-16-08-02,2026-09-01,0.0,4.220833333333333
DM-03-01-01-01,2026-08-26,157.53989583333333,6.9284375
DM-03-01-01-01,2026-08-27,164.53843750000001,6.8308333333333335
DM-03-01-01-01,2026-08-28,155.609375,6.896562500000001
DM-03-01-01-01,2026-08-29,155.64739583333332,7.587395833333333
DM-03-01-01-01,2026-08-30,193.839375,6.9028125
DM-03-01-01-01,2026-08-31,211.8216666666667,5.769895833333333
DM-03-01-01-01,2026-09-01,159.37114583333332,6.939895833333334
DM-03-01-01-02,2026-08-26,0.30916666666666665,6.883958333333333
DM-03-01-01-02,2026-08-27,0.29541666666666666,6.740416666666667
DM-03-01-01-02,2026-08-28,0.3077083333333333,6.870104166666667
DM-03-01-01-02,2026-08-29,0.25156249999999997,7.631145833333334
DM-03-01-01-02,2026-08-30,0.27947916666666667,6.453125
DM-03-01-01-02,2026-08-31,0.3659375,5.531041666666667
DM-03-01-01-02,2026-09-01,0.37354166666666666,6.8855208333333335
DM-03-01-02-01,2026-08-26,106.27364583333333,7.139895833333333
DM-03-01-02-01,2026-08-27,99.12520833333333,7.170416666666667
DM-03-01-02-01,2026-08-28,111.81958333333334,7.068958333333334
DM-03-01-02-01,2026-08-29,81.49416666666666,7.441979166666666
DM-03-01-02-01,2026-08-30,69.31489583333332,7.5519791666666665
DM-03-01-02-01,2026-08-31,93.70677083333334,7.145416666666667
DM-03-01-02-01,2026-09-01,99.1828125,7.1715625
DM-03-01-02-02,2026-08-26,43.035937499999996,2.2047916666666665
DM-03-01-02-02,2026-08-27,42.60208333333333,2.190729166666667
DM-03-01-02-02,2026-08-28,43.71177083333333,2.158125
DM-03-01-02-02,2026-08-29,36.23020833333333,2.28875
DM-03-01-02-02,2026-08-30,39.64270833333333,2.236145833333333
DM-03-01-02-02,2026-08-31,35.25145833333333,2.2144791666666666
DM-03-01-02-02,2026-09-01,42.71958333333333,2.1790625
DM-03-01-02-03,2026-08-26,53.2184375,6.5555208333333335
DM-03-01-02-03,2026-08-27,61.021875,6.648333333333333
DM-03-01-02-03,2026-08-28,52.0121875,6.445104166666667
DM-03-01-02-03,2026-08-29,36.464687500000004,6.600937500000001
DM-03-01-02-03,2026-08-30,44.65708333333333,7.105833333333333
DM-03-01-02-03,2026-08-31,54.924791666666664,6.49875
DM-03-01-02-03,2026-09-01,52.3734375,6.545104166666667
DM-03-01-03-01,2026-08-26,295.1219791666667,7.4593750000000005
DM-03-01-03-01,2026-08-27,295.1748958333333,7.491770833333334
DM-03-01-03-01,2026-08-28,291.20875,7.4228125
DM-03-01-03-01,2026-08-29,301.24833333333333,7.743958333333333
DM-03-01-03-01,2026-08-30,301.82197916666667,7.844375
DM-03-01-03-01,2026-08-31,292.0763541666667,7.444895833333334
DM-03-01-03-01,2026-09-01,287.09791666666666,7.495729166666667
DM-03-01-04-01,2026-08-26,245.90520833333335,4.278229166666667
DM-03-01-04-01,2026-08-27,265.2503125,4.3253125
DM-03-01-04-01,2026-08-28,247.75166666666667,4.1978125
DM-03-01-04-01,2026-08-29,248.73625,4.039375
DM-03-01-04-01,2026-08-30,265.7441666666667,4.403020833333334
DM-03-01-04-01,2026-08-31,243.36104166666667,4.418333333333334
DM-03-01-04-01,2026-09-01,250.94677083333332,4.4046875000000005
DM-03-01-05-01,2026-08-26,226.946875,0.0
DM-03-01-05-01,2026-08-27,250.41666666666666,0.9539583333333334
DM-03-01-05-01,2026-08-28,222.5303125,1.5911458333333333
DM-03-01-05-01,2026-08-29,175.78510416666666,1.5620833333333335
DM-03-01-05-01,2026-08-30,206.51541666666665,1.5614583333333334
DM-03-01-05-01,2026-08-31,228.67999999999998,1.6082291666666668
DM-03-01-05-01,2026-09-01,231.96447916666668,1.0095833333333333
DM-03-01-05-02,2026-08-26,17.707083333333333,3.468958333333333
DM-03-01-05-02,2026-08-27,15.105208333333332,3.4982291666666665
DM-03-01-05-02,2026-08-28,21.105520833333333,3.4194791666666666
DM-03-01-05-02,2026-08-29,16.211875,3.273645833333333
DM-03-01-05-02,2026-08-30,17.40822916666667,3.3870833333333334
DM-03-01-05-02,2026-08-31,19.007708333333333,3.593125
DM-03-01-05-02,2026-09-01,15.830833333333333,3.5288541666666666
DM-03-01-05-03,2026-08-26,139.5,5.17
DM-03-01-05-03,2026-08-27,139.5,5.17
DM-03-01-05-03,2026-08-28,139.5,5.17
DM-03-01-05-03,2026-08-29,138.15364583333334,5.120729166666666
DM-03-01-05-03,2026-08-30,138.15364583333334,5.120729166666666
DM-03-01-05-03,2026-08-31,139.5,5.17
DM-03-01-05-03,2026-09-01,139.5,5.17
DM-03-01-06-01,2026-08-26,193.15104166666666,4.868854166666667
DM-03-01-06-01,2026-08-27,187.7271875,4.926041666666666
DM-03-01-06-01,2026-08-28,183.45333333333335,4.841354166666666
DM-03-01-06-01,2026-08-29,153.1978125,4.825729166666666
DM-03-01-06-01,2026-08-30,144.71239583333332,5.0207291666666665
DM-03-01-06-01,2026-08-31,186.17916666666667,5.0540625
DM-03-01-06-01,2026-09-01,177.4353125,5.0406249999999995
DM-03-01-06-02,2026-08-26,132.7340625,4.5730208333333335
DM-03-01-06-02,2026-08-27,129.89333333333335,4.692291666666667
DM-03-01-06-02,2026-08-28,131.13239583333333,4.4982291666666665
DM-03-01-06-02,2026-08-29,102.961875,4.4078124999999995
DM-03-01-06-02,2026-08-30,120.81635416666667,4.781875
DM-03-01-06-02,2026-08-31,127.48520833333333,4.716354166666666
DM-03-01-06-02,2026-09-01,121.70177083333334,4.724270833333334
DM-03-01-07-01,2026-08-26,177.83666666666667,4.113229166666667
DM-03-01-07-01,2026-08-27,190.2159375,4.160208333333333
DM-03-01-07-01,2026-08-28,177.75447916666667,4.119479166666666
DM-03-01-07-01,2026-08-29,161.89208333333332,4.209791666666667
DM-03-01-07-01,2026-08-30,175.98541666666665,4.415416666666666
DM-03-01-07-01,2026-08-31,174.97052083333332,4.652708333333333
DM-03-01-07-01,2026-09-01,171.19208333333333,4.651770833333333
DM-03-01-08-01,2026-08-26,233.08989583333334,4.540208333333333
DM-03-01-08-01,2026-08-27,237.2173958333333,4.551354166666667
DM-03-01-08-01,2026-08-28,238.8216666666667,4.424166666666667
DM-03-01-08-01,2026-08-29,246.599375,4.357395833333333
DM-03-01-08-01,2026-08-30,243.82979166666667,4.528958333333333
DM-03-01-08-01,2026-08-31,242.32208333333335,4.6834375
DM-03-01-08-01,2026-09-01,238.42104166666664,4.6903125
DM-03-01-09-01,2026-08-26,154.49937500000001,4.493125
DM-03-01-09-01,2026-08-27,158.706875,4.488020833333334
DM-03-01-09-01,2026-08-28,150.72208333333333,4.4156249999999995
DM-03-01-09-01,2026-08-29,150.13375,4.453020833333333
DM-03-01-09-01,2026-08-30,150.09510416666666,4.574791666666667
DM-03-01-09-01,2026-08-31,156.55541666666667,4.6823958333333335
DM-03-01-09-01,2026-09-01,151.585625,4.660208333333333
DM-03-02-01-01,2026-08-26,116.565,7.749375000000001
DM-03-02-01-01,2026-08-27,123.7128125,7.766875
DM-03-02-01-01,2026-08-28,116.13489583333335,7.736875
DM-03-02-01-01,2026-08-29,103.44208333333334,8.28375
DM-03-02-01-01,2026-08-30,114.92239583333333,8.561145833333333
DM-03-02-01-01,2026-08-31,114.40416666666665,7.3964583333333325
DM-03-02-01-01,2026-09-01,114.25125000000001,7.792291666666666
DM-03-02-02-01,2026-08-26,106.40770833333333,5.6834375
DM-03-02-02-01,2026-08-27,109.0515625,5.646354166666666
DM-03-02-02-01,2026-08-28,101.47250000000001,5.565520833333333
DM-03-02-02-01,2026-08-29,108.23760416666666,5.838541666666667
DM-03-02-02-01,2026-08-30,106.51708333333333,5.943437500000001
DM-03-02-02-01,2026-08-31,100.70333333333333,5.6866666666666665
DM-03-02-02-01,2026-09-01,100.17104166666667,5.666666666666667
DM-03-02-03-01,2026-08-26,313.1802083333333,6.306354166666666
DM-03-02-03-01,2026-08-27,313.83927083333333,6.317083333333334
DM-03-02-03-01,2026-08-28,319.09229166666665,6.171979166666667
DM-03-02-03-01,2026-08-29,354.0254166666667,6.369270833333334
DM-03-02-03-01,2026-08-30,343.54572916666666,6.482916666666667
DM-03-02-03-01,2026-08-31,318.04770833333333,6.265729166666667
DM-03-02-03-01,2026-09-01,311.8209375,6.283541666666667
DM-03-02-04-01,2026-08-26,0.0,0.0
DM-03-02-04-01,2026-08-27,0.0,0.0
DM-03-02-04-01,2026-08-28,0.0,0.0
DM-03-02-04-01,2026-08-29,0.0,0.0
DM-03-02-04-01,2026-08-30,0.0,0.0
DM-03-02-04-01,2026-08-31,0.0,0.0
DM-03-02-04-01,2026-09-01,0.0,0.0
DM-03-02-04-02,2026-08-26,142.1396875,4.546875
DM-03-02-04-02,2026-08-27,138.59572916666667,4.7127083333333335
DM-03-02-04-02,2026-08-28,140.94270833333334,4.418958333333333
DM-03-02-04-02,2026-08-29,144.21406249999998,4.667916666666667
DM-03-02-04-02,2026-08-30,146.81729166666665,4.597916666666666
DM-03-02-04-02,2026-08-31,145.28875,4.461458333333334
DM-03-02-04-02,2026-09-01,144.42249999999999,4.540104166666667
DM-03-02-05-01,2026-08-26,248.7746875,6.1771875
DM-03-02-05-01,2026-08-27,244.02229166666666,5.802604166666666
DM-03-02-05-01,2026-08-28,253.724375,6.011458333333334
DM-03-02-05-01,2026-08-29,279.50427083333335,6.124270833333333
DM-03-02-05-01,2026-08-30,282.0209375,6.1828125
DM-03-02-05-01,2026-08-31,261.7452083333333,5.9609375
DM-03-02-05-01,2026-09-01,261.8198958333333,5.93625
DM-03-02-06-01,2026-08-26,65.24541666666667,6.440833333333334
DM-03-02-06-01,2026-08-27,65.53864583333333,6.4490625
DM-03-02-06-01,2026-08-28,66.21291666666666,6.304270833333334
DM-03-02-06-01,2026-08-29,61.3975,6.417083333333333
DM-03-02-06-01,2026-08-30,69.3059375,6.80125
DM-03-02-06-01,2026-08-31,61.678958333333334,6.448125
DM-03-02-06-01,2026-09-01,63.09427083333333,6.419479166666666
DM-03-02-07-01,2026-08-26,284.1769791666667,4.455104166666667
DM-03-02-07-01,2026-08-27,284.9121875,4.4896875
DM-03-02-07-01,2026-08-28,282.49145833333336,4.381458333333334
DM-03-02-07-01,2026-08-29,279.46666666666664,4.336041666666667
DM-03-02-07-01,2026-08-30,287.3276041666667,4.478229166666667
DM-03-02-07-01,2026-08-31,287.6622916666667,4.614375
DM-03-02-07-01,2026-09-01,286.225625,4.5893749999999995
DM-03-02-08-01,2026-08-26,242.10375,4.9446875
DM-03-02-08-01,2026-08-27,238.00510416666668,4.996458333333334
DM-03-02-08-01,2026-08-28,237.171875,4.868125
DM-03-02-08-01,2026-08-29,233.77031250000002,4.739791666666666
DM-03-02-08-01,2026-08-30,259.14218750000003,5.098958333333333
DM-03-02-08-01,2026-08-31,235.89812500000002,5.151770833333333
DM-03-02-08-01,2026-09-01,235.93854166666665,5.1453125
DM-03-02-09-01,2026-08-26,189.40333333333334,5.089895833333333
DM-03-02-09-01,2026-08-27,191.23479166666667,5.090729166666667
DM-03-02-09-01,2026-08-28,191.24572916666668,4.919583333333333
DM-03-02-09-01,2026-08-29,204.95604166666666,4.946666666666666
DM-03-02-09-01,2026-08-30,204.92427083333334,5.028333333333333
DM-03-02-09-01,2026-08-31,190.22177083333335,5.206875
DM-03-02-09-01,2026-09-01,189.94833333333335,5.195625
DM-03-03-01-01,2026-08-26,70.0365625,4.228541666666667
DM-03-03-01-01,2026-08-27,75.07791666666667,4.2559375
DM-03-03-01-01,2026-08-28,68.72145833333333,4.2584375
DM-03-03-01-01,2026-08-29,72.5865625,3.8093749999999997
DM-03-03-01-01,2026-08-30,92.32166666666666,3.9303125
DM-03-03-01-01,2026-08-31,103.39666666666666,4.363333333333333
DM-03-03-01-01,2026-09-01,80.32239583333333,4.3367708333333335
DM-03-03-01-02,2026-08-26,82.835,4.263645833333333
DM-03-03-01-02,2026-08-27,80.50947916666667,4.166041666666667
DM-03-03-01-02,2026-08-28,85.19895833333334,4.140520833333333
DM-03-03-01-02,2026-08-29,87.5165625,4.048229166666666
DM-03-03-01-02,2026-08-30,91.00635416666667,4.364270833333333
DM-03-03-01-02,2026-08-31,60.43020833333333,4.8228125
DM-03-03-01-02,2026-09-01,50.507395833333334,5.008229166666667
DM-03-03-02-01,2026-08-26,191.52458333333334,4.977708333333333
DM-03-03-02-01,2026-08-27,195.09427083333333,5.003020833333333
DM-03-03-02-01,2026-08-28,183.37156249999998,4.9675
DM-03-03-02-01,2026-08-29,130.5290625,4.7214583333333335
DM-03-03-02-01,2026-08-30,117.29489583333333,4.84875
DM-03-03-02-01,2026-08-31,173.62541666666667,5.113645833333334
DM-03-03-02-01,2026-09-01,176.51770833333333,5.062083333333333
DM-03-03-02-02,2026-08-26,229.67854166666666,4.5659374999999995
DM-03-03-02-02,2026-08-27,221.15385416666666,4.6478125
DM-03-03-02-02,2026-08-28,219.9134375,4.627916666666667
DM-03-03-02-02,2026-08-29,196.91802083333334,4.162083333333333
DM-03-03-02-02,2026-08-30,208.46302083333333,4.242708333333334
DM-03-03-02-02,2026-08-31,219.79489583333336,4.6571875
DM-03-03-02-02,2026-09-01,220.48520833333336,4.577604166666666
DM-03-03-03-01,2026-08-26,79.29677083333333,4.099583333333333
DM-03-03-03-01,2026-08-27,83.29135416666666,4.1846875
DM-03-03-03-01,2026-08-28,77.95614583333334,4.113541666666666
DM-03-03-03-01,2026-08-29,72.8190625,3.6128125
DM-03-03-03-01,2026-08-30,69.8134375,3.788020833333333
DM-03-03-03-01,2026-08-31,67.944375,4.337604166666667
DM-03-03-03-01,2026-09-01,68.60604166666667,4.271979166666667
DM-03-03-03-02,2026-08-26,161.2826041666667,3.185625
DM-03-03-03-02,2026-08-27,165.7746875,3.2386458333333334
DM-03-03-03-02,2026-08-28,164.21760416666666,3.2175
DM-03-03-03-02,2026-08-29,160.40322916666665,2.834270833333333
DM-03-03-03-02,2026-08-30,163.0953125,2.8951041666666666
DM-03-03-03-02,2026-08-31,160.43083333333334,3.4367708333333336
DM-03-03-03-02,2026-09-01,167.09697916666667,3.373958333333333
DM-03-03-04-01,2026-08-26,57.49,0.01
DM-03-03-04-01,2026-08-27,57.49,0.01
DM-03-03-04-01,2026-08-28,57.49,0.01
DM-03-03-04-01,2026-08-29,56.892291666666665,0.01
DM-03-03-04-01,2026-08-30,56.892291666666665,0.010104166666666666
DM-03-03-04-01,2026-08-31,57.49,0.01
DM-03-03-04-01,2026-09-01,57.49,0.01
DM-03-03-04-02,2026-08-26,225.8275,5.0910416666666665
DM-03-03-04-02,2026-08-27,224.29385416666665,4.9159375
DM-03-03-04-02,2026-08-28,226.79875,4.854166666666667
DM-03-03-04-02,2026-08-29,214.8040625,4.306770833333333
DM-03-03-04-02,2026-08-30,228.28656249999997,4.613125
DM-03-03-04-02,2026-08-31,225.58447916666668,4.7898958333333335
DM-03-03-04-02,2026-09-01,227.65708333333336,4.740520833333333
DM-03-03-04-03,2026-08-26,18.234375,4.884791666666667
DM-03-03-04-03,2026-08-27,19.8384375,4.930000000000001
DM-03-03-04-03,2026-08-28,19.048750000000002,4.885208333333334
DM-03-03-04-03,2026-08-29,20.69729166666667,4.382916666666667
DM-03-03-04-03,2026-08-30,19.719791666666666,4.441041666666666
DM-03-03-04-03,2026-08-31,18.665208333333332,5.074479166666666
DM-03-03-04-03,2026-09-01,17.1065625,5.019270833333334
DM-03-03-05-01,2026-08-26,119.72489583333333,0.8158333333333334
DM-03-03-05-01,2026-08-27,120.04947916666667,0.8594791666666667
DM-03-03-05-01,2026-08-28,121.13177083333333,0.8221875000000001
DM-03-03-05-01,2026-08-29,128.17656250000002,0.42343749999999997
DM-03-03-05-01,2026-08-30,130.62125,0.6245833333333334
DM-03-03-05-01,2026-08-31,121.0059375,0.8929166666666667
DM-03-03-05-01,2026-09-01,125.27906250000001,0.8337500000000001
DM-03-03-06-01,2026-08-26,126.9709375,4.074166666666667
DM-03-03-06-01,2026-08-27,125.6278125,4.171354166666666
DM-03-03-06-01,2026-08-28,128.51822916666666,4.1634375
DM-03-03-06-01,2026-08-29,115.73625,3.7955208333333332
DM-03-03-06-01,2026-08-30,116.60072916666667,4.0609375000000005
DM-03-03-06-01,2026-08-31,127.04666666666667,4.389166666666667
DM-03-03-06-01,2026-09-01,128.95781250000002,4.320729166666667
DM-03-03-06-02,2026-08-26,40.330625000000005,4.088541666666667
DM-03-03-06-02,2026-08-27,40.180625,4.161875
DM-03-03-06-02,2026-08-28,41.20708333333334,4.168333333333334
DM-03-03-06-02,2026-08-29,39.370416666666664,3.7431249999999996
DM-03-03-06-02,2026-08-30,39.86,4.005208333333333
DM-03-03-06-02,2026-08-31,40.3190625,4.40875
DM-03-03-06-02,2026-09-01,40.43083333333333,4.359583333333333
DM-03-03-07-01,2026-08-26,86.66177083333334,4.074166666666667
DM-03-03-07-01,2026-08-27,83.63437499999999,4.1784375
DM-03-03-07-01,2026-08-28,86.45166666666667,4.10375
DM-03-03-07-01,2026-08-29,83.40364583333333,3.681875
DM-03-03-07-01,2026-08-30,81.70708333333333,3.8820833333333336
DM-03-03-07-01,2026-08-31,85.63427083333333,4.369791666666667
DM-03-03-07-01,2026-09-01,85.2109375,4.2709375
DM-03-03-07-02,2026-08-26,146.62895833333332,3.8076041666666662
DM-03-03-07-02,2026-08-27,142.24802083333333,3.8891666666666667
DM-03-03-07-02,2026-08-28,145.47458333333333,3.86875
DM-03-03-07-02,2026-08-29,141.75145833333332,3.3366666666666664
DM-03-03-07-02,2026-08-30,135.16697916666666,3.5420833333333337
DM-03-03-07-02,2026-08-31,139.5078125,3.8165625
DM-03-03-07-02,2026-09-01,140.17145833333333,3.765416666666667
DM-03-03-08-01,2026-08-26,115.66364583333332,4.5440625
DM-03-03-08-01,2026-08-27,113.25760416666667,4.5740625
DM-03-03-08-01,2026-08-28,115.92770833333333,4.507083333333333
DM-03-03-08-01,2026-08-29,107.47989583333333,4.276770833333333
DM-03-03-08-01,2026-08-30,101.705625,4.467604166666667
DM-03-03-08-01,2026-08-31,113.87291666666665,4.633229166666667
DM-03-03-08-01,2026-09-01,113.48875,4.726354166666667
DM-03-03-09-01,2026-08-26,0.0,5.638125
DM-03-03-09-01,2026-08-27,0.0,5.638125
DM-03-03-09-01,2026-08-28,0.0,5.638125
DM-03-03-09-01,2026-08-29,0.0,6.314374999999999
DM-03-03-09-01,2026-08-30,0.0,6.258541666666667
DM-03-03-09-01,2026-08-31,0.0,5.638125
DM-03-03-09-01,2026-09-01,0.0,5.638125
DM-03-03-10-01,2026-08-26,115.31791666666668,4.246979166666667
DM-03-03-10-01,2026-08-27,110.5775,4.331041666666667
DM-03-03-10-01,2026-08-28,110.36770833333333,4.3019791666666665
DM-03-03-10-01,2026-08-29,93.9146875,3.731875
DM-03-03-10-01,2026-08-30,104.29229166666666,4.3065625
DM-03-03-10-01,2026-08-31,109.4071875,4.5146875
DM-03-03-10-01,2026-09-01,112.25802083333333,4.39125
DM-03-03-10-02,2026-08-26,71.10239583333333,3.6377083333333338
DM-03-03-10-02,2026-08-27,68.09479166666667,3.7191666666666667
DM-03-03-10-02,2026-08-28,67.8546875,3.7102083333333336
DM-03-03-10-02,2026-08-29,66.11687500000001,3.269375
DM-03-03-10-02,2026-08-30,70.3784375,3.4912500000000004
DM-03-03-10-02,2026-08-31,71.5228125,3.954166666666667
DM-03-03-10-02,2026-09-01,67.15656249999999,3.8660416666666664
DM-03-03-11-01,2026-08-26,0.0,3.1784375
DM-03-03-11-01,2026-08-27,0.0,3.1784375
DM-03-03-11-01,2026-08-28,0.0,3.1784375
DM-03-03-11-01,2026-08-29,0.0,3.2245833333333334
DM-03-03-11-01,2026-08-30,0.0,3.216041666666667
DM-03-03-11-01,2026-08-31,0.0,3.1784375
DM-03-03-11-01,2026-09-01,0.0,3.1784375
DM-03-03-11-02,2026-08-26,0.01,4.796145833333333
DM-03-03-11-02,2026-08-27,0.01,4.796145833333333
DM-03-03-11-02,2026-08-28,0.01,4.796145833333333
DM-03-03-11-02,2026-08-29,2.0603124999999998,6.287708333333334
DM-03-03-11-02,2026-08-30,6.193020833333333,6.2059375
DM-03-03-11-02,2026-08-31,0.01,4.796145833333333
DM-03-03-11-02,2026-09-01,0.01,4.796145833333333
DM-03-03-12-01,2026-08-26,295.5566666666667,3.935208333333333
DM-03-03-12-01,2026-08-27,298.31864583333333,4.0086458333333335
DM-03-03-12-01,2026-08-28,292.57427083333334,3.9890624999999997
DM-03-03-12-01,2026-08-29,290.1617708333333,3.534479166666667
DM-03-03-12-01,2026-08-30,288.6452083333333,3.814583333333333
DM-03-03-12-01,2026-08-31,297.51958333333334,4.271770833333334
DM-03-03-12-01,2026-09-01,292.59229166666665,4.168854166666667
DM-03-03-13-01,2026-08-26,314.9641666666667,5.629270833333333
DM-03-03-13-01,2026-08-27,315.59770833333334,5.665208333333333
DM-03-03-13-01,2026-08-28,313.2363541666667,5.7784375
DM-03-03-13-01,2026-08-29,276.05875,5.0690625
DM-03-03-13-01,2026-08-30,274.91802083333334,5.0086458333333335
DM-03-03-13-01,2026-08-31,306.4010416666667,5.734166666666667
DM-03-03-13-01,2026-09-01,302.4770833333333,5.85125
DM-03-03-13-02,2026-08-26,100.38739583333334,3.9464583333333336
DM-03-03-13-02,2026-08-27,95.53927083333333,3.9671875
DM-03-03-13-02,2026-08-28,100.02968750000001,3.8725
DM-03-03-13-02,2026-08-29,93.8446875,3.423125
DM-03-03-13-02,2026-08-30,87.16083333333334,3.8275
DM-03-03-13-02,2026-08-31,101.60197916666665,4.047083333333333
DM-03-03-13-02,2026-09-01,97.29229166666666,4.1034375
DM-03-04-01-01,2026-08-26,128.98697916666666,0.0
DM-03-04-01-01,2026-08-27,126.34697916666666,0.0
DM-03-04-01-01,2026-08-28,125.0159375,0.00010416666666666667
DM-03-04-01-01,2026-08-29,122.07739583333334,0.0010416666666666667
DM-03-04-01-01,2026-08-30,129.62614583333334,0.0010416666666666667
DM-03-04-01-01,2026-08-31,124.1909375,0.00010416666666666667
DM-03-04-01-01,2026-09-01,123.279375,0.0005208333333333333
DM-03-04-02-01,2026-08-26,260.78625,4.717604166666667
DM-03-04-02-01,2026-08-27,260.83666666666664,4.7859375
DM-03-04-02-01,2026-08-28,258.3484375,4.7281249999999995
DM-03-04-02-01,2026-08-29,231.63604166666667,4.018854166666666
DM-03-04-02-01,2026-08-30,264.4053125,4.4617708333333335
DM-03-04-02-01,2026-08-31,247.86427083333334,4.832604166666667
DM-03-04-02-01,2026-09-01,248.54218749999998,4.76875
DM-03-04-03-01,2026-08-26,276.19447916666667,4.763125
DM-03-04-03-01,2026-08-27,274.45677083333334,4.7898958333333335
DM-03-04-03-01,2026-08-28,279.10072916666667,4.673125
DM-03-04-03-01,2026-08-29,280.78114583333337,4.70375
DM-03-04-03-01,2026-08-30,279.8334375,4.811979166666666
DM-03-04-03-01,2026-08-31,268.7033333333333,4.935208333333333
DM-03-04-03-01,2026-09-01,270.06166666666667,4.930416666666667
DM-03-04-04-01,2026-08-26,0.0,5.506354166666667
DM-03-04-04-01,2026-08-27,0.0,5.5093749999999995
DM-03-04-04-01,2026-08-28,0.0,5.268854166666666
DM-03-04-04-01,2026-08-29,0.0,5.330416666666667
DM-03-04-04-01,2026-08-30,0.0,5.481041666666666
DM-03-04-04-01,2026-08-31,0.0,5.6284375
DM-03-04-04-01,2026-09-01,0.0,5.604166666666667
DM-03-04-04-02,2026-08-26,24.613958333333333,2.112604166666667
DM-03-04-04-02,2026-08-27,29.177291666666665,2.0038541666666667
DM-03-04-04-02,2026-08-28,23.785,1.9409375000000002
DM-03-04-04-02,2026-08-29,25.64833333333333,2.3135416666666666
DM-03-04-04-02,2026-08-30,27.372083333333332,2.738958333333333
DM-03-04-04-02,2026-08-31,28.71302083333333,2.965
DM-03-04-04-02,2026-09-01,30.733958333333334,3.0405208333333333
DM-03-04-05-01,2026-08-26,0.9377083333333333,4.640729166666667
DM-03-04-05-01,2026-08-27,0.138125,4.364375
DM-03-04-05-01,2026-08-28,0.0,4.269270833333334
DM-03-04-05-01,2026-08-29,0.0,4.186354166666667
DM-03-04-05-01,2026-08-30,0.0,4.186354166666667
DM-03-04-05-01,2026-08-31,2.9995833333333333,4.7521875
DM-03-04-05-01,2026-09-01,3.5965624999999997,4.680729166666667
DM-03-04-06-01,2026-08-26,134.51677083333334,3.427395833333333
DM-03-04-06-01,2026-08-27,137.3134375,3.6479166666666667
DM-03-04-06-01,2026-08-28,134.71614583333334,3.7486458333333332
DM-03-04-06-01,2026-08-29,139.27572916666665,3.674583333333333
DM-03-04-06-01,2026-08-30,139.27572916666665,3.674583333333333
DM-03-04-06-01,2026-08-31,149.45291666666665,4.872708333333333
DM-03-04-06-01,2026-09-01,149.08604166666666,4.857083333333334
DM-03-04-07-01,2026-08-26,119.68927083333334,3.4341666666666666
DM-03-04-07-01,2026-08-27,91.20125,3.4435416666666665
DM-03-04-07-01,2026-08-28,110.05364583333333,3.7262500000000003
DM-03-04-07-01,2026-08-29,104.86375,3.720625
DM-03-04-07-01,2026-08-30,104.86375,3.720625
DM-03-04-07-01,2026-08-31,103.80635416666667,5.8059375
DM-03-04-07-01,2026-09-01,106.30312500000001,5.795000000000001
DM-03-04-08-01,2026-08-26,0.0,5.279791666666667
DM-03-04-08-01,2026-08-27,0.0,5.275520833333333
DM-03-04-08-01,2026-08-28,0.0,5.1156250000000005
DM-03-04-08-01,2026-08-29,0.0,5.173020833333333
DM-03-04-08-01,2026-08-30,0.0,5.1163541666666665
DM-03-04-08-01,2026-08-31,0.0,5.4871875
DM-03-04-08-01,2026-09-01,0.0,5.402916666666666
DM-03-05-01-01,2026-08-26,279.55822916666665,4.9539583333333335
DM-03-05-01-01,2026-08-27,272.0230208333333,4.7946875
DM-03-05-01-01,2026-08-28,262.19666666666666,4.4852083333333335
DM-03-05-01-01,2026-08-29,257.2792708333333,4.3025
DM-03-05-01-01,2026-08-30,257.2792708333333,4.3025
DM-03-05-01-01,2026-08-31,256.193125,4.8659375
DM-03-05-01-01,2026-09-01,255.30958333333334,4.760625
DM-03-05-02-01,2026-08-26,168.60135416666665,3.5278125
DM-03-05-02-01,2026-08-27,156.8715625,3.5560416666666668
DM-03-05-02-01,2026-08-28,159.78770833333334,3.704791666666667
DM-03-05-02-01,2026-08-29,164.54927083333334,3.7246875
DM-03-05-02-01,2026-08-30,164.54927083333334,3.7246875
DM-03-05-02-01,2026-08-31,173.4225,4.737395833333333
DM-03-05-02-01,2026-09-01,168.27114583333335,4.734166666666667
DM-03-05-02-02,2026-08-26,215.91020833333334,3.5975
DM-03-05-02-02,2026-08-27,216.42208333333335,3.7496875
DM-03-05-02-02,2026-08-28,215.94572916666667,3.704791666666667
DM-03-05-02-02,2026-08-29,222.38072916666667,3.715520833333333
DM-03-05-02-02,2026-08-30,222.38072916666667,3.715520833333333
DM-03-05-02-02,2026-08-31,238.90135416666666,4.59125
DM-03-05-02-02,2026-09-01,234.7696875,4.573854166666666
DM-03-05-03-01,2026-08-26,115.87885416666667,3.391458333333333
DM-03-05-03-01,2026-08-27,117.3990625,3.4388541666666668
DM-03-05-03-01,2026-08-28,117.72270833333333,3.419375
DM-03-05-03-01,2026-08-29,107.97239583333334,2.9795833333333337
DM-03-05-03-01,2026-08-30,106.0771875,3.1439583333333334
DM-03-05-03-01,2026-08-31,108.88572916666668,3.490520833333333
DM-03-05-03-01,2026-09-01,109.5996875,3.377291666666667
DM-03-05-04-01,2026-08-26,337.9575,5.018020833333334
DM-03-05-04-01,2026-08-27,339.92843750000003,5.108125
DM-03-05-04-01,2026-08-28,338.2736458333333,5.081666666666666
DM-03-05-04-01,2026-08-29,319.68093749999997,4.4859374999999995
DM-03-05-04-01,2026-08-30,334.09760416666666,4.726354166666667
DM-03-05-04-01,2026-08-31,338.4861458333333,5.083125
DM-03-05-04-01,2026-09-01,340.505,4.987916666666666
DM-03-05-04-02,2026-08-26,29.6215625,2.759375
DM-03-05-04-02,2026-08-27,33.59734042553192,2.8840425531914895
DM-03-05-04-02,2026-08-28,32.85989247311828,2.908064516129032
DM-03-05-04-02,2026-08-29,40.6078125,2.4597916666666664
DM-03-05-04-02,2026-08-30,42.74552083333333,2.5047916666666667
DM-03-05-04-02,2026-08-31,42.28760416666667,2.9567708333333336
DM-03-05-04-02,2026-09-01,40.69927083333334,2.9176041666666666
DM-03-05-05-01,2026-08-26,297.9270833333333,3.545208333333333
DM-03-05-05-01,2026-08-27,306.59218749999997,3.5977083333333333
DM-03-05-05-01,2026-08-28,303.36552083333333,3.593125
DM-03-05-05-01,2026-08-29,292.0909375,3.1679166666666667
DM-03-05-05-01,2026-08-30,316.7288541666667,3.53375
DM-03-05-05-01,2026-08-31,305.91854166666667,3.9423958333333338
DM-03-05-05-01,2026-09-01,306.8119791666667,3.8467708333333337
DM-03-05-06-01,2026-08-26,232.260625,3.9279166666666665
DM-03-05-06-01,2026-08-27,232.260625,3.9279166666666665
DM-03-05-06-01,2026-08-28,232.260625,3.9279166666666665
DM-03-05-06-01,2026-08-29,392.7885416666666,3.9149999999999996
DM-03-05-06-01,2026-08-30,394.4591666666667,3.9048958333333332
DM-03-05-06-01,2026-08-31,232.260625,3.9279166666666665
DM-03-05-06-01,2026-09-01,232.260625,3.9279166666666665
DM-03-05-06-02,2026-08-26,0.0,0.0
DM-03-05-06-02,2026-08-27,0.0,0.0
DM-03-05-06-02,2026-08-28,0.0,0.0
DM-03-05-06-02,2026-08-29,0.0,0.0
DM-03-05-06-02,2026-08-30,0.0,0.0
DM-03-05-06-02,2026-08-31,0.0,0.0
DM-03-05-06-02,2026-09-01,0.0,0.0
DM-03-05-06-03,2026-08-26,94.44749999999999,4.218645833333333
DM-03-05-06-03,2026-08-27,90.0853125,4.1622916666666665
DM-03-05-06-03,2026-08-28,86.60541666666667,3.9561458333333337
DM-03-05-06-03,2026-08-29,83.76791666666666,3.84375
DM-03-05-06-03,2026-08-30,83.76791666666666,3.84375
DM-03-05-06-03,2026-08-31,85.17822916666667,4.531458333333333
DM-03-05-06-03,2026-09-01,82.59208333333333,4.445729166666667
DM-03-05-06-04,2026-08-26,175.84072916666665,3.8165625
DM-03-05-06-04,2026-08-27,259.36354166666666,3.776145833333333
DM-03-05-06-04,2026-08-28,331.20666666666665,3.599375
DM-03-05-06-04,2026-08-29,357.66520833333334,3.6536458333333335
DM-03-05-06-04,2026-08-30,360.26885416666664,3.71125
DM-03-05-06-04,2026-08-31,342.63135416666665,4.1934375
DM-03-05-06-04,2026-09-01,332.4741666666667,4.201666666666667
DM-03-05-07-01,2026-08-26,296.09,0.7486458333333333
DM-03-05-07-01,2026-08-27,295.7654166666667,0.6284375
DM-03-05-07-01,2026-08-28,297.064375,0.45125
DM-03-05-07-01,2026-08-29,284.82604166666664,0.12270833333333332
DM-03-05-07-01,2026-08-30,314.8851041666667,0.14822916666666666
DM-03-05-07-01,2026-08-31,322.6246875,0.10458333333333335
DM-03-05-07-01,2026-09-01,324.1408333333333,0.165
DM-03-05-08-01,2026-08-26,142.11479166666666,3.50375
DM-03-05-08-01,2026-08-27,140.53,3.2323958333333334
DM-03-05-08-01,2026-08-28,133.25541666666666,3.252291666666667
DM-03-05-08-01,2026-08-29,136.7146875,3.1871875000000003
DM-03-05-08-01,2026-08-30,136.7146875,3.1871875000000003
DM-03-05-08-01,2026-08-31,135.82750000000001,3.9703125
DM-03-05-08-01,2026-09-01,135.320625,3.8832291666666667
DM-03-05-09-01,2026-08-26,0.0,1.4029166666666668
DM-03-05-09-01,2026-08-27,0.0,1.4038541666666668
DM-03-05-09-01,2026-08-28,0.0,1.5514583333333334
DM-03-05-09-01,2026-08-29,0.0,1.6136458333333332
DM-03-05-09-01,2026-08-30,0.0,1.6136458333333332
DM-03-05-09-01,2026-08-31,0.0,1.8098958333333333
DM-03-05-09-01,2026-09-01,0.0,1.7721875
DM-03-05-09-02,2026-08-26,8.75125,3.267291666666667
DM-03-05-09-02,2026-08-27,8.8125,3.2321875
DM-03-05-09-02,2026-08-28,9.010625,2.9616666666666664
DM-03-05-09-02,2026-08-29,9.206249999999999,3.075416666666667
DM-03-05-09-02,2026-08-30,10.552708333333333,3.2521875
DM-03-05-09-02,2026-08-31,9.168750000000001,3.74375
DM-03-05-09-02,2026-09-01,9.777708333333333,3.624791666666667
DM-03-05-10-01,2026-08-26,292.17197916666663,3.834895833333333
DM-03-05-10-01,2026-08-27,295.269375,3.9028125
DM-03-05-10-01,2026-08-28,297.71958333333333,3.8515625
DM-03-05-10-01,2026-08-29,256.93104166666666,3.598333333333333
DM-03-05-10-01,2026-08-30,272.8230208333333,3.9443750000000004
DM-03-05-10-01,2026-08-31,296.17677083333336,4.460520833333333
DM-03-05-10-01,2026-09-01,291.40989583333334,4.3725
DM-03-05-11-01,2026-08-26,227.04250000000002,3.6497916666666668
DM-03-05-11-01,2026-08-27,211.49791666666667,3.638541666666667
DM-03-05-11-01,2026-08-28,222.61802083333336,3.6207291666666666
DM-03-05-11-01,2026-08-29,207.40937499999998,3.6254166666666667
DM-03-05-11-01,2026-08-30,207.40937499999998,3.6254166666666667
DM-03-05-11-01,2026-08-31,235.36885416666667,4.395833333333333
DM-03-05-11-01,2026-09-01,230.94625,4.313125
DM-03-05-12-01,2026-08-26,332.5292708333333,4.1359375
DM-03-05-12-01,2026-08-27,332.8597916666667,4.227291666666667
DM-03-05-12-01,2026-08-28,334.20875,4.219895833333333
DM-03-05-12-01,2026-08-29,329.8016666666667,3.7071875
DM-03-05-12-01,2026-08-30,370.2325,4.292708333333334
DM-03-05-12-01,2026-08-31,347.3484375,4.509166666666666
DM-03-05-12-01,2026-09-01,344.0998958333333,4.468020833333333
DM-03-05-12-02,2026-08-26,133.51572916666666,0.04322916666666667
DM-03-05-12-02,2026-08-27,0.0,0.0
DM-03-05-12-02,2026-08-28,0.0,0.0
DM-03-05-12-02,2026-08-29,0.0,0.0
DM-03-05-12-02,2026-08-30,0.0,0.0
DM-03-05-12-02,2026-08-31,0.0,0.0
DM-03-05-12-02,2026-09-01,0.0,0.0
DM-03-06-01-01,2026-08-26,0.0,3.5142708333333332
DM-03-06-01-01,2026-08-27,0.0,3.353125
DM-03-06-01-01,2026-08-28,0.0,3.6407291666666666
DM-03-06-01-01,2026-08-29,0.0,3.783958333333333
DM-03-06-01-01,2026-08-30,0.0,3.783958333333333
DM-03-06-01-01,2026-08-31,0.0,4.693020833333333
DM-03-06-01-01,2026-09-01,9.06375,4.585
DM-03-06-01-02,2026-08-26,0.4192708333333333,2.7459375
DM-03-06-01-02,2026-08-27,0.43197916666666664,2.966041666666667
DM-03-06-01-02,2026-08-28,0.42552083333333335,3.1525
DM-03-06-01-02,2026-08-29,0.4183333333333333,3.08375
DM-03-06-01-02,2026-08-30,0.4183333333333333,3.08375
DM-03-06-01-02,2026-08-31,0.40697916666666667,3.6090625000000003
DM-03-06-01-02,2026-09-01,0.41520833333333335,3.5680208333333336
DM-03-06-02-01,2026-08-26,119.6634375,3.9121875
DM-03-06-02-01,2026-08-27,127.1690625,4.055
DM-03-06-02-01,2026-08-28,127.1690625,4.055
DM-03-06-02-01,2026-08-29,127.01010416666666,4.2283333333333335
DM-03-06-02-01,2026-08-30,123.94208333333334,4.9765625
DM-03-06-02-01,2026-08-31,155.69697916666667,4.897708333333333
DM-03-06-02-01,2026-09-01,167.7746875,4.761145833333333
DM-03-06-02-02,2026-08-26,172.42739583333332,3.2657291666666666
DM-03-06-02-02,2026-08-27,171.71895833333335,3.5197916666666664
DM-03-06-02-02,2026-08-28,171.18052083333336,3.7921875000000003
DM-03-06-02-02,2026-08-29,171.29239583333333,3.728229166666667
DM-03-06-02-02,2026-08-30,171.29239583333333,3.728229166666667
DM-03-06-02-02,2026-08-31,192.41760416666668,4.1403125
DM-03-06-02-02,2026-09-01,192.66885416666665,4.090625
DM-03-06-03-01,2026-08-26,411.2755208333333,8.908020833333333
DM-03-06-03-01,2026-08-27,428.76447916666666,8.5171875
DM-03-06-03-01,2026-08-28,457.471875,8.243229166666667
DM-03-06-03-01,2026-08-29,457.85229166666664,7.9584375
DM-03-06-03-01,2026-08-30,457.85229166666664,7.9584375
DM-03-06-03-01,2026-08-31,468.38166666666666,8.441875
DM-03-06-03-01,2026-09-01,460.6735416666667,8.311458333333333
DM-03-06-03-02,2026-08-26,10.888229166666667,0.0
DM-03-06-03-02,2026-08-27,10.534791666666667,0.0
DM-03-06-03-02,2026-08-28,10.1325,0.0
DM-03-06-03-02,2026-08-29,10.996250000000002,0.0
DM-03-06-03-02,2026-08-30,10.660833333333334,0.0
DM-03-06-03-02,2026-08-31,9.7309375,0.0
DM-03-06-03-02,2026-09-01,10.054375,0.0
DM-03-06-04-01,2026-08-26,146.92447916666666,3.7779166666666666
DM-03-06-04-01,2026-08-27,139.74979166666665,3.6903124999999997
DM-03-06-04-01,2026-08-28,144.91260416666668,3.8362499999999997
DM-03-06-04-01,2026-08-29,145.91541666666666,3.8592708333333334
DM-03-06-04-01,2026-08-30,145.91541666666666,3.8592708333333334
DM-03-06-04-01,2026-08-31,159.69697916666667,4.6903125
DM-03-06-04-01,2026-09-01,153.06510416666666,4.689895833333334
DM-03-06-04-02,2026-08-26,90.21729166666667,9.437604166666667
DM-03-06-04-02,2026-08-27,87.06614583333334,8.8025
DM-03-06-04-02,2026-08-28,87.26854166666668,8.944270833333333
DM-03-06-04-02,2026-08-29,86.20895833333333,8.8828125
DM-03-06-04-02,2026-08-30,86.20895833333333,8.8828125
DM-03-06-04-02,2026-08-31,89.52854166666667,9.1496875
DM-03-06-04-02,2026-09-01,85.55479166666667,9.005416666666667
DM-03-06-04-03,2026-08-26,74.92645833333333,4.071041666666667
DM-03-06-04-03,2026-08-27,74.55260416666667,4.176458333333334
DM-03-06-04-03,2026-08-28,73.4178125,4.123854166666667
DM-03-06-04-03,2026-08-29,60.34229166666666,4.1540625
DM-03-06-04-03,2026-08-30,60.34229166666666,4.1540625
DM-03-06-04-03,2026-08-31,76.51916666666666,4.97375
DM-03-06-04-03,2026-09-01,76.46239583333333,4.95875
DM-03-06-05-01,2026-08-26,0.0,0.0
DM-03-06-05-01,2026-08-27,0.0,0.0
DM-03-06-05-01,2026-08-28,0.0,0.0
DM-03-06-05-01,2026-08-29,0.0,0.0
DM-03-06-05-01,2026-08-30,0.0,0.0
DM-03-06-05-01,2026-08-31,0.0,0.0
DM-03-06-05-01,2026-09-01,0.0,0.0
DM-03-06-05-02,2026-08-26,123.05989583333333,3.52875
DM-03-06-05-02,2026-08-27,127.69427083333333,3.618020833333333
DM-03-06-05-02,2026-08-28,126.0340625,3.550104166666667
DM-03-06-05-02,2026-08-29,118.68416666666667,3.5790624999999996
DM-03-06-05-02,2026-08-30,118.63583333333334,3.5790624999999996
DM-03-06-05-02,2026-08-31,118.81427083333334,4.324791666666667
DM-03-06-05-02,2026-09-01,120.31708333333334,4.322395833333333
DM-03-06-05-03,2026-08-26,192.21239583333332,6.926458333333334
DM-03-06-05-03,2026-08-27,179.2536458333333,6.984270833333333
DM-03-06-05-03,2026-08-28,186.04333333333332,7.115520833333334
DM-03-06-05-03,2026-08-29,145.691875,7.561145833333334
DM-03-06-05-03,2026-08-30,145.691875,7.561145833333334
DM-03-06-05-03,2026-08-31,173.35552083333334,7.5093749999999995
DM-03-06-05-03,2026-09-01,177.57177083333332,7.244479166666667
DM-03-06-06-01,2026-08-26,187.70375,3.0478124999999996
DM-03-06-06-01,2026-08-27,179.045,3.170208333333333
DM-03-06-06-01,2026-08-28,178.64083333333335,3.309791666666667
DM-03-06-06-01,2026-08-29,151.85135416666665,3.4586458333333336
DM-03-06-06-01,2026-08-30,155.82822916666666,3.4483333333333337
DM-03-06-06-01,2026-08-31,159.54854166666667,3.220416666666667
DM-03-06-06-01,2026-09-01,164.754375,2.6486458333333336
DM-03-06-06-02,2026-08-26,0.050833333333333335,7.355416666666667
DM-03-06-06-02,2026-08-27,0.07041666666666667,7.3663541666666665
DM-03-06-06-02,2026-08-28,0.0425,7.603854166666667
DM-03-06-06-02,2026-08-29,0.8613541666666666,8.154791666666666
DM-03-06-06-02,2026-08-30,0.43625,8.010208333333333
DM-03-06-06-02,2026-08-31,0.0278125,7.872395833333333
DM-03-06-06-02,2026-09-01,0.009791666666666666,7.5765625000000005
DM-03-06-07-01,2026-08-26,148.17395833333333,6.576875
DM-03-06-07-01,2026-08-27,141.6596875,6.423020833333333
DM-03-06-07-01,2026-08-28,142.75989583333333,6.768125
DM-03-06-07-01,2026-08-29,115.8940625,7.196770833333333
DM-03-06-07-01,2026-08-30,115.8940625,7.196770833333333
DM-03-06-07-01,2026-08-31,148.86802083333333,7.1152083333333325
DM-03-06-07-01,2026-09-01,147.64427083333334,6.869375000000001
DM-03-06-07-02,2026-08-26,101.04041666666666,7.733854166666667
DM-03-06-07-02,2026-08-27,101.81374999999998,7.746458333333333
DM-03-06-07-02,2026-08-28,99.03479166666666,7.922291666666666
DM-03-06-07-02,2026-08-29,98.7178125,8.096874999999999
DM-03-06-07-02,2026-08-30,92.61625,8.279375
DM-03-06-07-02,2026-08-31,92.83677083333333,8.196041666666668
DM-03-06-07-02,2026-09-01,95.81020833333334,7.948958333333334
DM-03-06-08-01,2026-08-26,18.986666666666668,4.208541666666666
DM-03-06-08-01,2026-08-27,17.655625,4.09
DM-03-06-08-01,2026-08-28,18.814791666666668,4.154583333333334
DM-03-06-08-01,2026-08-29,16.645625,4.132916666666667
DM-03-06-08-01,2026-08-30,16.645625,4.132916666666667
DM-03-06-08-01,2026-08-31,28.055000000000003,4.843229166666666
DM-03-06-08-01,2026-09-01,26.8496875,4.751354166666666
DM-03-06-08-02,2026-08-26,276.95208333333335,5.769375
DM-03-06-08-02,2026-08-27,281.76854166666664,5.754791666666667
DM-03-06-08-02,2026-08-28,292.3773958333333,5.8097916666666665
DM-03-06-08-02,2026-08-29,304.69916666666666,6.011875
DM-03-06-08-02,2026-08-30,304.69916666666666,6.011875
DM-03-06-08-02,2026-08-31,282.98302083333334,6.225625
DM-03-06-08-02,2026-09-01,279.67041666666665,6.021354166666666
DM-03-06-09-01,2026-08-26,91.71260869565216,3.6244565217391305
DM-03-06-09-01,2026-08-27,82.1929347826087,3.7109782608695654
DM-03-06-09-01,2026-08-28,69.29697916666667,3.583020833333333
DM-03-06-09-01,2026-08-29,65.5403125,3.592916666666667
DM-03-06-09-01,2026-08-30,65.5403125,3.592916666666667
DM-03-06-09-01,2026-08-31,92.10297619047618,4.395595238095238
DM-03-06-09-01,2026-09-01,101.53111111111112,4.3929629629629625
DM-03-06-10-01,2026-08-26,103.63937499999999,3.958229166666667
DM-03-06-10-01,2026-08-27,100.5659375,4.0290625
DM-03-06-10-01,2026-08-28,105.04208333333334,4.068854166666667
DM-03-06-10-01,2026-08-29,113.9825,3.8955208333333338
DM-03-06-10-01,2026-08-30,106.63020833333333,4.444375
DM-03-06-10-01,2026-08-31,101.15989583333334,4.620729166666666
DM-03-06-10-01,2026-09-01,99.10020833333334,4.4821875
DM-03-06-11-01,2026-08-26,2.3065625,3.698229166666667
DM-03-06-11-01,2026-08-27,1.9526041666666665,3.7461458333333333
DM-03-06-11-01,2026-08-28,2.0504166666666666,3.5796875
DM-03-06-11-01,2026-08-29,2.0490625000000002,3.537395833333333
DM-03-06-11-01,2026-08-30,2.0490625000000002,3.537395833333333
DM-03-06-11-01,2026-08-31,2.0794791666666668,4.3531249999999995
DM-03-06-11-01,2026-09-01,2.0897916666666667,4.289166666666667
DM-03-06-12-01,2026-08-26,100.24322916666667,4.164166666666667
DM-03-06-12-01,2026-08-27,98.09333333333332,4.199166666666667
DM-03-06-12-01,2026-08-28,100.84614583333332,4.078125
DM-03-06-12-01,2026-08-29,101.05927083333334,4.042916666666667
DM-03-06-12-01,2026-08-30,101.05927083333334,4.042916666666667
DM-03-06-12-01,2026-08-31,100.2996875,4.8525
DM-03-06-12-01,2026-09-01,98.46677083333333,4.7415625
DM-03-06-13-01,2026-08-26,66.00395833333333,3.9135416666666667
DM-03-06-13-01,2026-08-27,65.55427083333333,3.965520833333333
DM-03-06-13-01,2026-08-28,66.2040625,3.843541666666667
DM-03-06-13-01,2026-08-29,58.814166666666665,3.8652083333333334
DM-03-06-13-01,2026-08-30,58.814166666666665,3.8652083333333334
DM-03-06-13-01,2026-08-31,68.23885416666667,4.569583333333333
DM-03-06-13-01,2026-09-01,66.30739583333333,4.514895833333333
DM-03-06-13-02,2026-08-26,17.355520833333333,3.833854166666667
DM-03-06-13-02,2026-08-27,16.877083333333335,3.8759374999999996
DM-03-06-13-02,2026-08-28,16.451874999999998,3.7581249999999997
DM-03-06-13-02,2026-08-29,13.516041666666666,3.7733333333333334
DM-03-06-13-02,2026-08-30,13.516041666666666,3.7733333333333334
DM-03-06-13-02,2026-08-31,17.7028125,4.493333333333333
DM-03-06-13-02,2026-09-01,16.666354166666668,4.4228125
DM-03-10-10-04,2026-08-26,0.0,0.0
DM-03-10-10-04,2026-08-27,0.0,0.0
DM-03-10-10-04,2026-08-28,0.0,0.0
DM-03-10-10-04,2026-08-29,0.0,0.0
DM-03-10-10-04,2026-08-30,0.0,0.0
DM-03-10-10-04,2026-08-31,0.0,0.0
DM-03-10-10-04,2026-09-01,0.0,0.0
DM-04-03-01-01,2026-08-26,121.03947916666668,3.1279166666666662
DM-04-03-01-01,2026-08-27,120.7859375,3.3783333333333334
DM-04-03-01-01,2026-08-28,120.93416666666667,3.6782291666666667
DM-04-03-01-01,2026-08-29,124.58177083333334,3.881770833333333
DM-04-03-01-01,2026-08-30,124.58177083333334,3.881770833333333
DM-04-03-01-01,2026-08-31,120.55729166666667,4.1648958333333335
DM-04-03-01-01,2026-09-01,121.97875,4.090520833333334
DM-04-03-01-02,2026-08-26,83.27499999999999,3.4823958333333334
DM-04-03-01-02,2026-08-27,76.7278125,3.4502083333333338
DM-04-03-01-02,2026-08-28,85.40177083333333,3.5101041666666664
DM-04-03-01-02,2026-08-29,86.22291666666666,3.6296874999999997
DM-04-03-01-02,2026-08-30,96.32104166666666,3.8754166666666667
DM-04-03-01-02,2026-08-31,103.66166666666668,3.8107291666666665
DM-04-03-01-02,2026-09-01,100.11895833333334,3.736458333333333
DM-04-03-02-01,2026-08-26,92.41114583333332,4.3531249999999995
DM-04-03-02-01,2026-08-27,92.09208333333333,3.9254166666666666
DM-04-03-02-01,2026-08-28,96.685,4.565
DM-04-03-02-01,2026-08-29,101.99770833333334,4.784375
DM-04-03-02-01,2026-08-30,101.99770833333334,4.784375
DM-04-03-02-01,2026-08-31,94.66104166666666,4.5356250000000005
DM-04-03-02-01,2026-09-01,94.58364583333334,4.7
DM-04-03-03-01,2026-08-26,128.99645833333332,3.4117708333333336
DM-04-03-03-01,2026-08-27,130.060625,3.4530208333333334
DM-04-03-03-01,2026-08-28,129.40552083333333,3.5196875
DM-04-03-03-01,2026-08-29,127.47104166666666,3.7125
DM-04-03-03-01,2026-08-30,127.47104166666666,3.7125
DM-04-03-03-01,2026-08-31,129.21635416666666,3.4484375000000003
DM-04-03-03-01,2026-09-01,128.46895833333335,3.6158333333333332
DM-04-03-04-01,2026-08-26,130.21406249999998,3.9371875000000003
DM-04-03-04-01,2026-08-27,130.45802083333334,3.9780208333333333
DM-04-03-04-01,2026-08-28,128.83697916666668,4.046770833333333
DM-04-03-04-01,2026-08-29,131.11125,4.222916666666666
DM-04-03-04-01,2026-08-30,131.11125,4.222916666666666
DM-04-03-04-01,2026-08-31,124.2178125,3.9808333333333334
DM-04-03-04-01,2026-09-01,126.38937499999999,4.138333333333333
DM-04-03-05-01,2026-08-26,158.32729166666667,4.929791666666667
DM-04-03-05-01,2026-08-27,157.58885416666666,5.061041666666667
DM-04-03-05-01,2026-08-28,156.54270833333334,5.096354166666667
DM-04-03-05-01,2026-08-29,151.93052083333333,5.398020833333334
DM-04-03-05-01,2026-08-30,151.93052083333333,5.398020833333334
DM-04-03-05-01,2026-08-31,149.40947916666667,5.0621875
DM-04-03-05-01,2026-09-01,154.599375,5.144583333333333
DM-04-03-06-01,2026-08-26,0.0,5.321979166666667
DM-04-03-06-01,2026-08-27,0.0,5.331979166666667
DM-04-03-06-01,2026-08-28,0.0,5.331666666666666
DM-04-03-06-01,2026-08-29,0.0,5.7586458333333335
DM-04-03-06-01,2026-08-30,0.0,5.854375
DM-04-03-06-01,2026-08-31,0.0,5.377083333333334
DM-04-03-06-01,2026-09-01,0.0,5.522291666666667
DM-04-03-07-01,2026-08-26,184.27489583333332,4.634895833333333
DM-04-03-07-01,2026-08-27,182.89031250000002,4.6784375
DM-04-03-07-01,2026-08-28,181.6107291666667,4.661458333333333
DM-04-03-07-01,2026-08-29,185.34052083333333,4.578125
DM-04-03-07-01,2026-08-30,185.34052083333333,4.578125
DM-04-03-07-01,2026-08-31,182.1428125,4.731770833333333
DM-04-03-07-01,2026-09-01,181.60385416666668,4.769895833333333
DM-04-03-07-02,2026-08-26,41.3584375,3.8911458333333333
DM-04-03-07-02,2026-08-27,35.946875,4.053333333333334
DM-04-03-07-02,2026-08-28,36.62895833333334,4.0571875
DM-04-03-07-02,2026-08-29,33.907916666666665,4.460416666666666
DM-04-03-07-02,2026-08-30,33.907916666666665,4.460416666666666
DM-04-03-07-02,2026-08-31,38.426458333333336,4.1871875
DM-04-03-07-02,2026-09-01,37.204791666666665,4.20125
DM-04-03-08-01,2026-08-26,53.055104166666666,4.2140625
DM-04-03-08-01,2026-08-27,48.185624999999995,4.253125
DM-04-03-08-01,2026-08-28,42.6465625,4.227708333333333
DM-04-03-08-01,2026-08-29,37.3428125,4.249687499999999
DM-04-03-08-01,2026-08-30,37.23458333333333,4.249687499999999
DM-04-03-08-01,2026-08-31,46.73291666666666,4.335729166666667
DM-04-03-08-01,2026-09-01,48.8715625,4.375729166666667
DM-04-03-09-01,2026-08-26,222.26104166666667,3.6796875
DM-04-03-09-01,2026-08-27,220.94135416666666,3.7321875
DM-04-03-09-01,2026-08-28,219.63260416666665,3.7891666666666666
DM-04-03-09-01,2026-08-29,227.531875,3.9338541666666664
DM-04-03-09-01,2026-08-30,227.531875,3.9338541666666664
DM-04-03-09-01,2026-08-31,221.4871875,3.8088541666666664
DM-04-03-09-01,2026-09-01,222.011875,3.85375
DM-04-03-10-01,2026-08-26,213.92010416666668,4.3810416666666665
DM-04-03-10-01,2026-08-27,216.33572916666665,4.4396875
DM-04-03-10-01,2026-08-28,217.42791666666668,4.393020833333334
DM-04-03-10-01,2026-08-29,217.43541666666667,4.6728125
DM-04-03-10-01,2026-08-30,228.21760416666666,4.6301041666666665
DM-04-03-10-01,2026-08-31,209.34635416666666,4.4078124999999995
DM-04-03-10-01,2026-09-01,209.11385416666667,4.54875
DM-04-03-11-01,2026-08-26,176.07062499999998,4.537604166666667
DM-04-03-11-01,2026-08-27,178.52104166666666,4.5828125
DM-04-03-11-01,2026-08-28,175.21927083333333,4.658125
DM-04-03-11-01,2026-08-29,164.87385416666666,4.904791666666667
DM-04-03-11-01,2026-08-30,164.87385416666666,4.904791666666667
DM-04-03-11-01,2026-08-31,171.33354166666666,4.568125
DM-04-03-11-01,2026-09-01,171.97739583333336,4.745104166666667
DM-04-03-12-01,2026-08-26,122.46270833333334,5.848958333333333
DM-04-03-12-01,2026-08-27,123.30843750000001,5.8897916666666665
DM-04-03-12-01,2026-08-28,127.65583333333335,5.8953125
DM-04-03-12-01,2026-08-29,133.57541666666665,6.121145833333333
DM-04-03-12-01,2026-08-30,133.57541666666665,6.121145833333333
DM-04-03-12-01,2026-08-31,135.09802083333332,5.814791666666667
DM-04-03-12-01,2026-09-01,130.04218749999998,5.953541666666666
DM-04-05-01-01,2026-08-26,135.55104166666666,4.4113541666666665
DM-04-05-01-01,2026-08-27,134.78708333333333,4.426145833333334
DM-04-05-01-01,2026-08-28,135.43427083333333,4.4359375000000005
DM-04-05-01-01,2026-08-29,143.75489583333334,4.750520833333334
DM-04-05-01-01,2026-08-30,141.33385416666667,4.798958333333333
DM-04-05-01-01,2026-08-31,130.90979166666668,4.441770833333334
DM-04-05-01-01,2026-09-01,129.75572916666667,4.6190625
DM-04-05-02-01,2026-08-26,88.17114583333334,3.3394791666666666
DM-04-05-02-01,2026-08-27,86.5840625,3.3503125
DM-04-05-02-01,2026-08-28,87.65239583333333,3.3628125
DM-04-05-02-01,2026-08-29,88.888125,3.6597916666666666
DM-04-05-02-01,2026-08-30,88.78531249999999,3.6984375000000003
DM-04-05-02-01,2026-08-31,85.05958333333334,3.366979166666667
DM-04-05-02-01,2026-09-01,85.89729166666666,3.5396875
DM-04-05-03-01,2026-08-26,132.07416666666668,4.278125
DM-04-05-03-01,2026-08-27,131.55833333333334,4.286770833333333
DM-04-05-03-01,2026-08-28,135.97302083333332,4.288020833333333
DM-04-05-03-01,2026-08-29,139.22114583333334,4.6078125000000005
DM-04-05-03-01,2026-08-30,137.09302083333333,4.6457291666666665
DM-04-05-03-01,2026-08-31,127.65666666666665,4.2975
DM-04-05-03-01,2026-09-01,128.5140625,4.470208333333333
DM-04-05-04-01,2026-08-26,246.3065625,4.205729166666667
DM-04-05-04-01,2026-08-27,247.50020833333335,4.2647916666666665
DM-04-05-04-01,2026-08-28,245.13885416666665,4.33125
DM-04-05-04-01,2026-08-29,247.97989583333333,4.5997916666666665
DM-04-05-04-01,2026-08-30,247.97989583333333,4.5997916666666665
DM-04-05-04-01,2026-08-31,244.56229166666665,4.3176041666666665
DM-04-05-04-01,2026-09-01,243.75270833333332,4.4044791666666665
DM-04-05-05-01,2026-08-26,121.8596875,0.09604166666666668
DM-04-05-05-01,2026-08-27,124.54552083333334,0.0715625
DM-04-05-05-01,2026-08-28,122.56635416666667,0.09291666666666666
DM-04-05-05-01,2026-08-29,129.6915625,0.035625000000000004
DM-04-05-05-01,2026-08-30,130.15989583333334,0.083125
DM-04-05-05-01,2026-08-31,119.86833333333334,0.017916666666666668
DM-04-05-05-01,2026-09-01,123.01010416666666,0.07291666666666667
DM-04-05-06-01,2026-08-26,500.0,0.0
DM-04-05-06-01,2026-08-27,496.653125,0.0
DM-04-05-06-01,2026-08-28,500.0,0.0
DM-04-05-06-01,2026-08-29,468.34312500000004,0.0
DM-04-05-06-01,2026-08-30,285.6271875,0.0
DM-04-05-06-01,2026-08-31,368.9378125,0.0
DM-04-05-06-01,2026-09-01,394.4128125,0.0
DM-04-05-07-01,2026-08-26,0.0,3.67625
DM-04-05-07-01,2026-08-27,0.0,3.724479166666667
DM-04-05-07-01,2026-08-28,0.0,3.7903125
DM-04-05-07-01,2026-08-29,0.0,3.9678125000000004
DM-04-05-07-01,2026-08-30,0.0,3.9678125000000004
DM-04-05-07-01,2026-08-31,0.0,3.7334375000000004
DM-04-05-07-01,2026-09-01,0.0,3.893854166666667
DM-04-05-08-01,2026-08-26,198.12625,3.56625
DM-04-05-08-01,2026-08-27,197.618125,3.5897916666666667
DM-04-05-08-01,2026-08-28,194.2408333333333,3.6073958333333334
DM-04-05-08-01,2026-08-29,204.97104166666668,3.8076041666666662
DM-04-05-08-01,2026-08-30,214.98135416666665,3.8616666666666664
DM-04-05-08-01,2026-08-31,203.12677083333332,3.5930208333333336
DM-04-05-08-01,2026-09-01,193.33270833333333,3.7889583333333334
DM-04-05-09-01,2026-08-26,116.32010416666667,3.6559375000000003
DM-04-05-09-01,2026-08-27,112.14145833333333,3.5161458333333333
DM-04-05-09-01,2026-08-28,121.601875,3.6666666666666665
DM-04-05-09-01,2026-08-29,121.79072916666667,3.940729166666667
DM-04-05-09-01,2026-08-30,123.9890625,3.9732291666666666
DM-04-05-09-01,2026-08-31,113.48479166666668,3.6988541666666666
DM-04-05-09-01,2026-09-01,112.39854166666667,3.8730208333333334
DM-04-05-10-01,2026-08-26,166.351875,5.336875
DM-04-05-10-01,2026-08-27,165.44989583333333,5.382708333333333
DM-04-05-10-01,2026-08-28,164.215,5.458541666666666
DM-04-05-10-01,2026-08-29,170.890625,5.709791666666667
DM-04-05-10-01,2026-08-30,170.890625,5.709791666666667
DM-04-05-10-01,2026-08-31,163.13229166666667,5.3434375
DM-04-05-10-01,2026-09-01,152.15291666666667,5.540104166666667
DM-04-05-11-01,2026-08-26,72.88135416666667,3.8913541666666664
DM-04-05-11-01,2026-08-27,74.32781250000001,3.9320833333333334
DM-04-05-11-01,2026-08-28,74.90427083333334,3.9688541666666666
DM-04-05-11-01,2026-08-29,72.81739583333334,4.242395833333333
DM-04-05-11-01,2026-08-30,72.81739583333334,4.242395833333333
DM-04-05-11-01,2026-08-31,112.78364583333332,3.9779166666666668
DM-04-05-11-01,2026-09-01,124.0615625,4.014270833333334
DM-04-05-12-01,2026-08-26,111.39427083333334,3.2619791666666664
DM-04-05-12-01,2026-08-27,117.245625,3.2310416666666666
DM-04-05-12-01,2026-08-28,114.12427083333334,3.3083333333333336
DM-04-05-12-01,2026-08-29,112.7428125,3.479270833333333
DM-04-05-12-01,2026-08-30,114.45197916666666,3.328125
DM-04-05-12-01,2026-08-31,117.44979166666667,3.319270833333333
DM-04-05-12-01,2026-09-01,109.76302083333333,3.293125
DM-04-05-13-01,2026-08-26,127.09364583333333,4.074375
DM-04-05-13-01,2026-08-27,129.19447916666667,4.1397916666666665
DM-04-05-13-01,2026-08-28,128.0053125,4.205104166666667
DM-04-05-13-01,2026-08-29,134.63385416666668,4.3765624999999995
DM-04-05-13-01,2026-08-30,134.63385416666668,4.3765624999999995
DM-04-05-13-01,2026-08-31,128.14802083333333,4.281145833333333
DM-04-05-13-01,2026-09-01,126.33395833333333,4.285833333333334
DM-04-05-14-01,2026-08-26,167.6171875,4.211354166666667
DM-04-05-14-01,2026-08-27,173.34447916666667,4.2359374999999995
DM-04-05-14-01,2026-08-28,166.41791666666668,4.3296874999999995
DM-04-05-14-01,2026-08-29,165.13802083333334,4.563645833333333
DM-04-05-14-01,2026-08-30,165.13802083333334,4.563645833333333
DM-04-05-14-01,2026-08-31,163.15072916666665,4.239375
DM-04-05-14-01,2026-09-01,158.47708333333333,4.446354166666667
DM-04-06-01-01,2026-08-26,0.7405208333333334,5.21875
DM-04-06-01-01,2026-08-27,0.5586458333333334,5.289583333333334
DM-04-06-01-01,2026-08-28,0.0,5.5225
DM-04-06-01-01,2026-08-29,0.0,5.824270833333333
DM-04-06-01-01,2026-08-30,0.0,5.824270833333333
DM-04-06-01-01,2026-08-31,0.4879166666666666,5.697083333333333
DM-04-06-01-01,2026-09-01,0.41177083333333336,5.621041666666667
DM-04-06-02-01,2026-08-26,205.46677083333336,1.5964583333333333
DM-04-06-02-01,2026-08-27,207.69614583333336,1.6016666666666666
DM-04-06-02-01,2026-08-28,210.54510416666665,1.604375
DM-04-06-02-01,2026-08-29,197.83041666666668,1.7311458333333334
DM-04-06-02-01,2026-08-30,194.61427083333334,1.7288541666666666
DM-04-06-02-01,2026-08-31,197.42104166666664,1.5893750000000002
DM-04-06-02-01,2026-09-01,198.44510416666665,1.633125
DM-04-06-03-01,2026-08-26,107.35958333333333,0.973125
DM-04-06-03-01,2026-08-27,108.07489583333334,0.9758333333333332
DM-04-06-03-01,2026-08-28,106.210625,0.9779166666666667
DM-04-06-03-01,2026-08-29,107.76156250000001,1.0392708333333334
DM-04-06-03-01,2026-08-30,108.875625,1.0361458333333333
DM-04-06-03-01,2026-08-31,101.09156250000001,0.9615625
DM-04-06-03-01,2026-09-01,103.14354166666668,0.9840625
DM-04-06-04-01,2026-08-26,118.72791666666667,7.9621875
DM-04-06-04-01,2026-08-27,118.5784375,7.9953125
DM-04-06-04-01,2026-08-28,118.57510416666666,8.025833333333333
DM-04-06-04-01,2026-08-29,121.89364583333334,8.524479166666667
DM-04-06-04-01,2026-08-30,123.86874999999999,8.486770833333333
DM-04-06-04-01,2026-08-31,114.59270833333333,7.892708333333334
DM-04-06-04-01,2026-09-01,115.61302083333334,8.117708333333333
DM-04-06-05-01,2026-08-26,80.03,5.423958333333334
DM-04-06-05-01,2026-08-27,76.91208333333334,5.443958333333334
DM-04-06-05-01,2026-08-28,78.47166666666666,5.5275
DM-04-06-05-01,2026-08-29,80.87364583333333,5.819375
DM-04-06-05-01,2026-08-30,80.87364583333333,5.819375
DM-04-06-05-01,2026-08-31,71.41,5.3684375
DM-04-06-05-01,2026-09-01,72.01364583333333,5.562708333333333
DM-04-06-06-01,2026-08-26,167.1396875,7.3019791666666665
DM-04-06-06-01,2026-08-27,166.095,7.389583333333333
DM-04-06-06-01,2026-08-28,165.741875,7.721875
DM-04-06-06-01,2026-08-29,172.02270833333333,9.0653125
DM-04-06-06-01,2026-08-30,173.9540625,8.965833333333334
DM-04-06-06-01,2026-08-31,162.0140625,8.769791666666666
DM-04-06-06-01,2026-09-01,164.85239583333333,8.373958333333333
DM-04-06-07-01,2026-08-26,0.0,8.509375
DM-04-06-07-01,2026-08-27,0.0,8.587916666666667
DM-04-06-07-01,2026-08-28,0.0,8.729687499999999
DM-04-06-07-01,2026-08-29,0.0,9.180104166666666
DM-04-06-07-01,2026-08-30,0.0,9.180104166666666
DM-04-06-07-01,2026-08-31,0.0,8.702708333333334
DM-04-06-07-01,2026-09-01,0.0,8.703958333333334
DM-04-06-08-01,2026-08-26,107.86802083333333,9.553749999999999
DM-04-06-08-01,2026-08-27,109.445,9.4465625
DM-04-06-08-01,2026-08-28,107.6690625,9.5290625
DM-04-06-08-01,2026-08-29,100.49552083333333,10.012604166666668
DM-04-06-08-01,2026-08-30,114.2528125,10.558645833333333
DM-04-06-08-01,2026-08-31,101.84885416666667,9.263541666666667
DM-04-06-08-01,2026-09-01,101.59177083333333,9.469687500000001
DM-04-06-09-01,2026-08-26,131.29239583333333,5.226145833333333
DM-04-06-09-01,2026-08-27,125.39708333333334,5.229895833333333
DM-04-06-09-01,2026-08-28,126.25572916666665,5.368229166666667
DM-04-06-09-01,2026-08-29,128.2359375,5.624479166666667
DM-04-06-09-01,2026-08-30,128.2359375,5.624479166666667
DM-04-06-09-01,2026-08-31,129.53635416666665,5.435416666666666
DM-04-06-09-01,2026-09-01,121.56197916666667,5.439374999999999
DM-04-06-10-01,2026-08-26,76.29677083333333,5.031666666666667
DM-04-06-10-01,2026-08-27,75.71114583333333,5.074479166666666
DM-04-06-10-01,2026-08-28,73.69427083333333,5.1565625
DM-04-06-10-01,2026-08-29,74.75979166666666,5.443541666666667
DM-04-06-10-01,2026-08-30,74.75979166666666,5.443541666666667
DM-04-06-10-01,2026-08-31,70.77645833333334,5.066770833333334
DM-04-06-10-01,2026-09-01,74.72479166666666,5.215208333333334
DM-04-06-11-01,2026-08-26,127.51687500000001,5.395104166666666
DM-04-06-11-01,2026-08-27,129.29166666666666,5.459583333333334
DM-04-06-11-01,2026-08-28,126.71854166666667,5.463854166666667
DM-04-06-11-01,2026-08-29,130.06791666666666,5.764479166666667
DM-04-06-11-01,2026-08-30,130.06791666666666,5.764479166666667
DM-04-06-11-01,2026-08-31,128.23489583333333,5.625208333333333
DM-04-06-11-01,2026-09-01,122.42135416666667,5.603854166666667
DM-04-06-12-01,2026-08-26,216.66843749999998,8.848958333333334
DM-04-06-12-01,2026-08-27,216.48093749999998,8.886041666666666
DM-04-06-12-01,2026-08-28,215.46697916666668,8.909479166666666
DM-04-06-12-01,2026-08-29,221.6625,9.478854166666666
DM-04-06-12-01,2026-08-30,223.6783333333333,9.4378125
DM-04-06-12-01,2026-08-31,209.76458333333335,8.7753125
DM-04-06-12-01,2026-09-01,213.97260416666666,8.9665625
DM-04-06-13-01,2026-08-26,164.45697916666666,5.339270833333334
DM-04-06-13-01,2026-08-27,168.17010416666668,5.379479166666666
DM-04-06-13-01,2026-08-28,173.841875,5.432291666666667
DM-04-06-13-01,2026-08-29,182.9411458333333,5.727291666666667
DM-04-06-13-01,2026-08-30,178.0872916666667,5.800520833333334
DM-04-06-13-01,2026-08-31,165.73489583333333,5.380416666666666
DM-04-06-13-01,2026-09-01,167.15854166666665,5.536041666666667
DM-04-06-14-01,2026-08-26,55.471562500000005,7.195520833333333
DM-04-06-14-01,2026-08-27,58.28989583333333,7.2238541666666665
DM-04-06-14-01,2026-08-28,58.63916666666666,7.261458333333334
DM-04-06-14-01,2026-08-29,59.7846875,7.7140625
DM-04-06-14-01,2026-08-30,58.98770833333333,7.693645833333334
DM-04-06-14-01,2026-08-31,55.1678125,7.081458333333334
DM-04-06-14-01,2026-09-01,55.049791666666664,7.3445833333333335
DM-04-08-01-01,2026-08-26,60.783125000000005,8.166666666666666
DM-04-08-01-01,2026-08-27,60.39270833333333,8.182708333333332
DM-04-08-01-01,2026-08-28,61.93395833333333,8.228020833333334
DM-04-08-01-01,2026-08-29,64.32333333333334,8.516354166666668
DM-04-08-01-01,2026-08-30,64.32333333333334,8.516354166666668
DM-04-08-01-01,2026-08-31,55.187916666666666,7.929895833333333
DM-04-08-01-01,2026-09-01,65.4165625,8.1603125
DM-04-08-01-02,2026-08-26,64.10187499999999,5.711458333333333
DM-04-08-01-02,2026-08-27,65.25802083333333,5.706666666666667
DM-04-08-01-02,2026-08-28,60.903645833333336,5.781145833333333
DM-04-08-01-02,2026-08-29,65.29552083333333,5.8644791666666665
DM-04-08-01-02,2026-08-30,70.32489583333333,6.113229166666667
DM-04-08-01-02,2026-08-31,59.59760416666666,5.773229166666667
DM-04-08-01-02,2026-09-01,60.04447916666666,5.822083333333333
DM-04-08-02-01,2026-08-26,195.95635416666667,6.035416666666666
DM-04-08-02-01,2026-08-27,196.28072916666667,6.085208333333334
DM-04-08-02-01,2026-08-28,195.67541666666668,6.1615625
DM-04-08-02-01,2026-08-29,204.36416666666665,6.375520833333333
DM-04-08-02-01,2026-08-30,204.36416666666665,6.375520833333333
DM-04-08-02-01,2026-08-31,194.54333333333332,5.904583333333334
DM-04-08-02-01,2026-09-01,196.56197916666667,6.177499999999999
DM-04-08-03-01,2026-08-26,164.47552083333332,7.8777083333333335
DM-04-08-03-01,2026-08-27,149.50010416666666,7.971354166666667
DM-04-08-03-01,2026-08-28,150.58291666666665,8.052604166666667
DM-04-08-03-01,2026-08-29,155.8359375,8.379687500000001
DM-04-08-03-01,2026-08-30,155.8359375,8.379687500000001
DM-04-08-03-01,2026-08-31,147.49270833333333,7.773229166666667
DM-04-08-03-01,2026-09-01,146.58760416666667,8.077083333333333
DM-04-08-04-01,2026-08-26,160.143125,7.075104166666667
DM-04-08-04-01,2026-08-27,159.76947916666668,7.191354166666667
DM-04-08-04-01,2026-08-28,159.50604166666668,7.233645833333333
DM-04-08-04-01,2026-08-29,165.4925,7.6632291666666665
DM-04-08-04-01,2026-08-30,169.74156250000001,7.576979166666667
DM-04-08-04-01,2026-08-31,155.8003125,7.014479166666667
DM-04-08-04-01,2026-09-01,157.125,7.299479166666667
DM-04-08-04-02,2026-08-26,170.13552083333335,7.47625
DM-04-08-04-02,2026-08-27,170.13552083333335,7.47625
DM-04-08-04-02,2026-08-28,170.13552083333335,7.47625
DM-04-08-04-02,2026-08-29,179.4857291666667,7.561354166666667
DM-04-08-04-02,2026-08-30,179.05927083333333,7.581145833333333
DM-04-08-04-02,2026-08-31,170.13552083333335,7.47625
DM-04-08-04-02,2026-09-01,170.13552083333335,7.47625
DM-04-08-05-01,2026-08-26,70.81854166666666,7.669583333333333
DM-04-08-05-01,2026-08-27,71.6290625,7.718020833333333
DM-04-08-05-01,2026-08-28,71.94958333333334,7.800416666666667
DM-04-08-05-01,2026-08-29,77.75041666666667,8.124270833333332
DM-04-08-05-01,2026-08-30,77.75041666666667,8.124270833333332
DM-04-08-05-01,2026-08-31,68.96166666666666,7.503125
DM-04-08-05-01,2026-09-01,73.60697916666666,7.7890625
DM-04-08-06-01,2026-08-26,219.78,6.865416666666667
DM-04-08-06-01,2026-08-27,220.30770833333335,6.907604166666666
DM-04-08-06-01,2026-08-28,219.55947916666665,7.0025
DM-04-08-06-01,2026-08-29,225.68072916666665,7.2659375
DM-04-08-06-01,2026-08-30,225.68072916666665,7.2659375
DM-04-08-06-01,2026-08-31,208.53156249999998,6.704479166666666
DM-04-08-06-01,2026-09-01,213.04395833333334,6.988541666666666
DM-04-08-06-02,2026-08-26,188.8678125,7.308125
DM-04-08-06-02,2026-08-27,188.8678125,7.308125
DM-04-08-06-02,2026-08-28,188.8678125,7.308125
DM-04-08-06-02,2026-08-29,195.68364583333334,7.443124999999999
DM-04-08-06-02,2026-08-30,194.02270833333333,7.390000000000001
DM-04-08-06-02,2026-08-31,188.8678125,7.308125
DM-04-08-06-02,2026-09-01,188.8678125,7.308125
DM-04-08-06-03,2026-08-26,74.92833333333333,6.177604166666666
DM-04-08-06-03,2026-08-27,74.55947916666666,6.2628125
DM-04-08-06-03,2026-08-28,74.68333333333334,6.568958333333334
DM-04-08-06-03,2026-08-29,83.11145833333333,7.017708333333334
DM-04-08-06-03,2026-08-30,84.97645833333333,6.507916666666667
DM-04-08-06-03,2026-08-31,71.57604166666667,6.460208333333333
DM-04-08-06-03,2026-09-01,71.23875,6.2878125
DM-04-08-07-01,2026-08-26,198.4857291666667,5.7659375
DM-04-08-07-01,2026-08-27,191.98000000000002,5.8325
DM-04-08-07-01,2026-08-28,189.81562499999998,5.888125
DM-04-08-07-01,2026-08-29,184.32020833333334,6.1884375
DM-04-08-07-01,2026-08-30,184.32020833333334,6.1884375
DM-04-08-07-01,2026-08-31,187.99875,5.9941666666666675
DM-04-08-07-01,2026-09-01,194.77802083333333,5.982083333333333
DM-04-08-08-01,2026-08-26,77.60375,5.146458333333333
DM-04-08-08-01,2026-08-27,79.89510416666667,5.180104166666667
DM-04-08-08-01,2026-08-28,78.74354166666667,5.2546875
DM-04-08-08-01,2026-08-29,70.25197916666666,5.562291666666667
DM-04-08-08-01,2026-08-30,70.25197916666666,5.562291666666667
DM-04-08-08-01,2026-08-31,71.65677083333334,5.136666666666667
DM-04-08-08-01,2026-09-01,77.1653125,5.333541666666666
DM-04-08-09-01,2026-08-26,11.426041666666668,5.215104166666666
DM-04-08-09-01,2026-08-27,11.648958333333333,5.447083333333333
DM-04-08-09-01,2026-08-28,11.648958333333333,5.447083333333333
DM-04-08-09-01,2026-08-29,11.631666666666668,5.601354166666667
DM-04-08-09-01,2026-08-30,10.433645833333333,5.358020833333334
DM-04-08-09-01,2026-08-31,11.2178125,5.9740625
DM-04-08-09-01,2026-09-01,11.041875,5.473645833333333
DM-04-08-10-01,2026-08-26,0.21447916666666667,4.304270833333333
DM-04-08-10-01,2026-08-27,0.3725,4.3611458333333335
DM-04-08-10-01,2026-08-28,0.0,4.419270833333333
DM-04-08-10-01,2026-08-29,0.0,4.640937500000001
DM-04-08-10-01,2026-08-30,0.0,4.640937500000001
DM-04-08-10-01,2026-08-31,0.3610416666666667,4.4828125000000005
DM-04-08-10-01,2026-09-01,0.4070833333333333,4.492916666666667
DM-04-09-01-01,2026-08-26,223.1553125,7.919687499999999
DM-04-09-01-01,2026-08-27,225.27322916666665,7.9721875
DM-04-09-01-01,2026-08-28,221.5128125,8.021770833333333
DM-04-09-01-01,2026-08-29,220.65510416666666,8.5271875
DM-04-09-01-01,2026-08-30,219.4595833333333,8.4659375
DM-04-09-01-01,2026-08-31,204.86989583333332,7.79
DM-04-09-01-01,2026-09-01,211.83395833333336,8.078958333333334
DM-04-09-01-02,2026-08-26,4.6625000000000005,8.656458333333333
DM-04-09-01-02,2026-08-27,4.6625000000000005,8.656458333333333
DM-04-09-01-02,2026-08-28,4.6625000000000005,8.656458333333333
DM-04-09-01-02,2026-08-29,3.5364583333333335,8.661145833333334
DM-04-09-01-02,2026-08-30,3.339166666666667,8.591875
DM-04-09-01-02,2026-08-31,4.6812499999999995,8.656458333333333
DM-04-09-01-02,2026-09-01,4.6625000000000005,8.656458333333333
DM-04-09-02-01,2026-08-26,104.19125000000001,7.2646875
DM-04-09-02-01,2026-08-27,108.67447916666667,7.3272916666666665
DM-04-09-02-01,2026-08-28,92.2584375,7.412291666666667
DM-04-09-02-01,2026-08-29,95.73104166666667,7.705416666666667
DM-04-09-02-01,2026-08-30,95.73062499999999,7.705416666666667
DM-04-09-02-01,2026-08-31,91.75791666666667,7.495520833333334
DM-04-09-02-01,2026-09-01,93.37645833333333,7.515000000000001
DM-04-09-03-01,2026-08-26,76.40989583333334,1.5454166666666669
DM-04-09-03-01,2026-08-27,73.80354166666667,1.5551041666666665
DM-04-09-03-01,2026-08-28,76.33375,1.5775
DM-04-09-03-01,2026-08-29,115.41916666666667,1.6366666666666667
DM-04-09-03-01,2026-08-30,114.62177083333334,1.6177083333333335
DM-04-09-03-01,2026-08-31,71.90114583333333,1.5480208333333334
DM-04-09-03-01,2026-09-01,71.809375,1.6064583333333333
DM-04-09-04-01,2026-08-26,97.1709375,7.539270833333333
DM-04-09-04-01,2026-08-27,96.17927083333332,7.5984375
DM-04-09-04-01,2026-08-28,96.58572916666667,7.682604166666667
DM-04-09-04-01,2026-08-29,102.05072916666667,8.006145833333333
DM-04-09-04-01,2026-08-30,102.05072916666667,8.006145833333333
DM-04-09-04-01,2026-08-31,92.95885416666665,7.394270833333334
DM-04-09-04-01,2026-09-01,93.2025,7.686875000000001
DM-04-09-05-01,2026-08-26,71.40864583333332,7.067708333333333
DM-04-09-05-01,2026-08-27,70.72166666666666,7.121770833333333
DM-04-09-05-01,2026-08-28,72.31572916666667,7.1434375
DM-04-09-05-01,2026-08-29,68.33083333333333,7.614270833333333
DM-04-09-05-01,2026-08-30,61.799375,7.641041666666666
DM-04-09-05-01,2026-08-31,70.07947916666667,6.916145833333334
DM-04-09-05-01,2026-09-01,67.66447916666667,7.236875
DM-04-09-06-01,2026-08-26,102.50322916666666,5.92875
DM-04-09-06-01,2026-08-27,106.1621875,5.942395833333333
DM-04-09-06-01,2026-08-28,103.069375,6.025104166666666
DM-04-09-06-01,2026-08-29,104.83010416666667,6.34
DM-04-09-06-01,2026-08-30,104.83010416666667,6.34
DM-04-09-06-01,2026-08-31,97.44458333333334,5.867395833333333
DM-04-09-06-01,2026-09-01,95.1009375,6.106979166666666
DM-04-09-07-01,2026-08-26,0.07125000000000001,0.0
DM-04-09-07-01,2026-08-27,0.07125000000000001,0.0
DM-04-09-07-01,2026-08-28,0.07125000000000001,0.0
DM-04-09-07-01,2026-08-29,0.07416666666666667,0.0
DM-04-09-07-01,2026-08-30,0.07427083333333333,0.0
DM-04-09-07-01,2026-08-31,0.07125000000000001,0.0
DM-04-09-07-01,2026-09-01,0.07125000000000001,0.0
DM-04-09-07-02,2026-08-26,164.32177083333332,9.115
DM-04-09-07-02,2026-08-27,162.65364583333334,9.161145833333334
DM-04-09-07-02,2026-08-28,166.92541666666668,9.237708333333334
DM-04-09-07-02,2026-08-29,166.25510416666665,9.700729166666667
DM-04-09-07-02,2026-08-30,166.25510416666665,9.700729166666667
DM-04-09-07-02,2026-08-31,155.48645833333333,8.9721875
DM-04-09-07-02,2026-09-01,158.97979166666667,9.265833333333333
DM-04-09-08-01,2026-08-26,88.54124999999999,9.490625
DM-04-09-08-01,2026-08-27,74.75697916666667,9.595416666666667
DM-04-09-08-01,2026-08-28,70.24645833333334,9.6496875
DM-04-09-08-01,2026-08-29,88.8046875,10.190520833333332
DM-04-09-08-01,2026-08-30,89.74489583333333,10.116875
DM-04-09-08-01,2026-08-31,82.99104166666667,9.298125
DM-04-09-08-01,2026-09-01,96.26687500000001,9.571145833333334
DM-04-09-09-01,2026-08-26,115.36229166666668,10.545416666666666
DM-04-09-09-01,2026-08-27,115.36229166666668,10.545416666666666
DM-04-09-09-01,2026-08-28,115.36229166666668,10.545416666666666
DM-04-09-09-01,2026-08-29,111.39708333333334,10.841354166666667
DM-04-09-09-01,2026-08-30,111.47541666666666,10.8134375
DM-04-09-09-01,2026-08-31,115.36229166666668,10.545416666666666
DM-04-09-09-01,2026-09-01,115.36229166666668,10.545416666666666
DM-04-09-10-01,2026-08-26,39.709583333333335,9.505729166666667
DM-04-09-10-01,2026-08-27,40.35729166666667,9.733229166666666
DM-04-09-10-01,2026-08-28,39.4034375,9.6846875
DM-04-09-10-01,2026-08-29,37.11229166666667,9.840416666666666
DM-04-09-10-01,2026-08-30,49.915937500000005,10.608437499999999
DM-04-09-10-01,2026-08-31,37.94927083333334,9.263020833333334
DM-04-09-10-01,2026-09-01,37.438854166666665,9.533020833333333
DM-04-09-11-01,2026-08-26,101.53302083333334,9.62875
DM-04-09-11-01,2026-08-27,103.67791666666666,9.4709375
DM-04-09-11-01,2026-08-28,104.1075,9.451145833333333
DM-04-09-11-01,2026-08-29,96.44541666666667,9.483541666666666
DM-04-09-11-01,2026-08-30,112.89802083333332,10.105833333333333
DM-04-09-11-01,2026-08-31,95.40708333333333,9.070208333333333
DM-04-09-11-01,2026-09-01,97.86364583333334,9.416458333333333
DM-04-09-12-01,2026-08-26,202.76520833333333,7.4828125000000005
DM-04-09-12-01,2026-08-27,202.97406249999997,7.558958333333333
DM-04-09-12-01,2026-08-28,201.16979166666667,7.6241666666666665
DM-04-09-12-01,2026-08-29,200.92197916666666,7.9653125
DM-04-09-12-01,2026-08-30,200.92197916666666,7.9653125
DM-04-09-12-01,2026-08-31,205.62114583333334,7.510416666666667
DM-04-09-12-01,2026-09-01,206.19916666666666,7.603750000000001
DM-04-09-13-01,2026-08-26,0.0,5.9785416666666675
DM-04-09-13-01,2026-08-27,0.0,5.974895833333334
DM-04-09-13-01,2026-08-28,0.0,5.9609375
DM-04-09-13-01,2026-08-29,0.0,6.2629166666666665
DM-04-09-13-01,2026-08-30,0.0,6.2629166666666665
DM-04-09-13-01,2026-08-31,0.0,6.0421875
DM-04-09-13-01,2026-09-01,0.0,6.150104166666666
DM-04-09-14-01,2026-08-26,73.49520833333334,7.311041666666667
DM-04-09-14-01,2026-08-27,72.34333333333333,7.371770833333334
DM-04-09-14-01,2026-08-28,73.668125,7.414479166666666
DM-04-09-14-01,2026-08-29,79.88958333333333,7.728020833333333
DM-04-09-14-01,2026-08-30,79.88958333333333,7.728020833333333
DM-04-09-14-01,2026-08-31,72.42031250000001,7.266145833333333
DM-04-09-14-01,2026-09-01,73.78270833333333,7.500416666666666
DM-04-09-15-01,2026-08-26,7.419791666666666,7.320208333333333
DM-04-09-15-01,2026-08-27,7.3116666666666665,7.147083333333334
DM-04-09-15-01,2026-08-28,8.169166666666667,7.252187500000001
DM-04-09-15-01,2026-08-29,8.780208333333333,7.509687499999999
DM-04-09-15-01,2026-08-30,5.545000000000001,7.7022916666666665
DM-04-09-15-01,2026-08-31,6.981458333333333,7.6278125
DM-04-09-15-01,2026-09-01,6.516354166666666,7.646249999999999
DM-05-01-01-01,2026-08-26,90.3778125,6.2865625
DM-05-01-01-01,2026-08-27,80.99520833333334,6.094270833333333
DM-05-01-01-01,2026-08-28,72.29947916666667,6.015520833333333
DM-05-01-01-01,2026-08-29,49.54364583333333,5.977916666666666
DM-05-01-01-01,2026-08-30,49.54364583333333,5.977916666666666
DM-05-01-01-01,2026-08-31,72.505,6.294791666666666
DM-05-01-01-01,2026-09-01,71.10614583333334,6.1475
DM-05-01-01-03,2026-08-26,151.02427083333333,5.119583333333334
DM-05-01-01-03,2026-08-27,159.08729166666666,5.244583333333334
DM-05-01-01-03,2026-08-28,149.48927083333334,5.178958333333333
DM-05-01-01-03,2026-08-29,164.15114583333335,5.281354166666667
DM-05-01-01-03,2026-08-30,165.49989583333334,5.3828125
DM-05-01-01-03,2026-08-31,0.0,5.3019791666666665
DM-05-01-01-03,2026-09-01,70.77916666666667,5.258333333333334
DM-05-01-02-01,2026-08-26,187.93697916666667,5.2184375
DM-05-01-02-01,2026-08-27,189.79354166666667,5.3185416666666665
DM-05-01-02-01,2026-08-28,175.61,5.2409375
DM-05-01-02-01,2026-08-29,147.77520833333332,4.539270833333333
DM-05-01-02-01,2026-08-30,157.68916666666667,4.937083333333333
DM-05-01-02-01,2026-08-31,173.08260416666667,5.354166666666667
DM-05-01-02-01,2026-09-01,172.71375,5.437291666666667
DM-05-01-03-03,2026-08-26,214.84604166666668,4.856979166666666
DM-05-01-03-03,2026-08-27,204.95083333333332,4.805729166666667
DM-05-01-03-03,2026-08-28,212.91239583333333,4.883333333333334
DM-05-01-03-03,2026-08-29,210.6103125,5.070104166666667
DM-05-01-03-03,2026-08-30,210.6103125,5.070104166666667
DM-05-01-03-03,2026-08-31,209.07458333333332,5.081041666666667
DM-05-01-03-03,2026-09-01,209.55802083333333,5.074166666666667
DM-05-01-04-01,2026-08-26,100.83520833333334,5.214166666666666
DM-05-01-04-01,2026-08-27,97.82916666666667,5.396562500000001
DM-05-01-04-01,2026-08-28,97.97916666666667,5.306041666666666
DM-05-01-04-01,2026-08-29,93.355,5.472708333333333
DM-05-01-04-01,2026-08-30,88.97635416666667,5.570729166666666
DM-05-01-04-01,2026-08-31,94.67104166666667,5.422395833333333
DM-05-01-04-01,2026-09-01,97.87354166666667,5.3769791666666675
DM-05-01-04-02,2026-08-26,70.371875,5.847916666666666
DM-05-01-04-02,2026-08-27,70.371875,5.847916666666666
DM-05-01-04-02,2026-08-28,70.371875,5.847916666666666
DM-05-01-04-02,2026-08-29,72.00291666666666,6.069583333333333
DM-05-01-04-02,2026-08-30,70.33364583333334,6.002083333333334
DM-05-01-04-02,2026-08-31,70.371875,5.8484375
DM-05-01-04-02,2026-09-01,70.371875,5.848020833333333
DM-05-01-05-01,2026-08-26,122.04729166666668,5.040416666666666
DM-05-01-05-01,2026-08-27,114.16333333333334,4.692395833333333
DM-05-01-05-01,2026-08-28,121.66947916666668,5.0676041666666665
DM-05-01-05-01,2026-08-29,101.46749999999999,5.265
DM-05-01-05-01,2026-08-30,101.46749999999999,5.265
DM-05-01-05-01,2026-08-31,112.95468749999999,5.2671874999999995
DM-05-01-05-01,2026-09-01,116.59218750000001,5.259270833333333
DM-05-01-05-02,2026-08-26,0.25322916666666667,3.8331250000000003
DM-05-01-05-02,2026-08-27,0.2557291666666667,4.105729166666666
DM-05-01-05-02,2026-08-28,0.26291666666666663,4.7551041666666665
DM-05-01-05-02,2026-08-29,0.25510416666666663,5.0521875
DM-05-01-05-02,2026-08-30,0.25927083333333334,5.16375
DM-05-01-05-02,2026-08-31,0.2602083333333333,4.971354166666667
DM-05-01-05-02,2026-09-01,0.25552083333333336,4.946979166666667
DM-05-01-06-01,2026-08-26,103.33916666666666,5.424479166666667
DM-05-01-06-01,2026-08-27,79.73406250000001,5.4617708333333335
DM-05-01-06-01,2026-08-28,91.52125000000001,5.539375
DM-05-01-06-01,2026-08-29,81.411875,5.8190625
DM-05-01-06-01,2026-08-30,81.411875,5.8190625
DM-05-01-06-01,2026-08-31,87.11989583333333,5.665729166666666
DM-05-01-06-01,2026-09-01,98.28125,5.676145833333333
DM-05-01-07-01,2026-08-26,0.0,0.0
DM-05-01-07-01,2026-08-27,0.0,0.0
DM-05-01-07-01,2026-08-28,0.0,0.0
DM-05-01-07-01,2026-08-29,0.0,0.0
DM-05-01-07-01,2026-08-30,0.0,0.0
DM-05-01-07-01,2026-08-31,0.0,0.0
DM-05-01-07-01,2026-09-01,0.0,0.0
DM-05-01-08-01,2026-08-26,171.564375,0.0
DM-05-01-08-01,2026-08-27,171.564375,0.0
DM-05-01-08-01,2026-08-28,171.564375,0.0
DM-05-01-08-01,2026-08-29,281.94666666666666,0.0
DM-05-01-08-01,2026-08-30,205.37885416666666,0.0
DM-05-01-08-01,2026-08-31,171.564375,0.0
DM-05-01-08-01,2026-09-01,171.564375,0.0
DM-05-01-09-02,2026-08-26,1000.0,6.063125
DM-05-01-09-02,2026-08-27,1000.0,6.3634375
DM-05-01-09-02,2026-08-28,1000.0,6.188124999999999
DM-05-01-09-02,2026-08-29,586.188125,6.706979166666667
DM-05-01-09-02,2026-08-30,388.8945833333333,6.775729166666667
DM-05-01-09-02,2026-08-31,568.3413541666666,6.248333333333334
DM-05-01-09-02,2026-09-01,568.3413541666666,6.247916666666666
DM-05-02-01-01,2026-08-26,330.85520833333334,3.7040624999999996
DM-05-02-01-01,2026-08-27,467.10270833333334,3.9817708333333335
DM-05-02-01-01,2026-08-28,219.24614583333334,3.9361458333333332
DM-05-02-01-01,2026-08-29,491.39302083333337,4.0565625
DM-05-02-01-01,2026-08-30,500.0,4.185520833333333
DM-05-02-01-01,2026-08-31,500.0,4.087395833333333
DM-05-02-01-01,2026-09-01,456.37375,4.0808333333333335
DM-05-02-01-02,2026-08-26,0.0,1.6260416666666666
DM-05-02-01-02,2026-08-27,0.0,1.7438541666666667
DM-05-02-01-02,2026-08-28,0.0,1.65125
DM-05-02-01-02,2026-08-29,0.0,1.735625
DM-05-02-01-02,2026-08-30,0.0,1.9491666666666667
DM-05-02-01-02,2026-08-31,0.0,1.7810416666666666
DM-05-02-01-02,2026-09-01,0.0,1.903125
DM-05-02-02-01,2026-08-26,171.98229166666667,4.849270833333334
DM-05-02-02-01,2026-08-27,173.16947916666666,4.991041666666667
DM-05-02-02-01,2026-08-28,169.41166666666666,4.9930208333333335
DM-05-02-02-01,2026-08-29,168.90802083333332,5.068125
DM-05-02-02-01,2026-08-30,168.90802083333332,5.068125
DM-05-02-02-01,2026-08-31,176.3478125,4.980104166666667
DM-05-02-02-01,2026-09-01,178.4921875,4.976770833333333
DM-05-02-02-02,2026-08-26,98.93552083333333,3.475
DM-05-02-02-02,2026-08-27,94.92739583333334,3.3909375
DM-05-02-02-02,2026-08-28,96.9765625,3.6011458333333333
DM-05-02-02-02,2026-08-29,98.089375,3.6732291666666668
DM-05-02-02-02,2026-08-30,98.089375,3.6732291666666668
DM-05-02-02-02,2026-08-31,101.7909375,3.5801041666666666
DM-05-02-02-02,2026-09-01,102.13260416666667,3.5665625
DM-05-02-02-03,2026-08-26,9.834375,2.5385416666666667
DM-05-02-02-03,2026-08-27,9.565104166666666,2.6314583333333332
DM-05-02-02-03,2026-08-28,9.282187500000001,2.5433333333333334
DM-05-02-02-03,2026-08-29,9.446250000000001,2.665
DM-05-02-02-03,2026-08-30,9.723020833333333,2.7969791666666666
DM-05-02-02-03,2026-08-31,9.226458333333333,2.6960416666666664
DM-05-02-02-03,2026-09-01,9.421770833333333,2.6747916666666662
DM-05-02-03-01,2026-08-26,141.65885416666666,4.029375
DM-05-02-03-01,2026-08-27,143.74197916666665,4.184583333333333
DM-05-02-03-01,2026-08-28,142.46614583333334,4.183645833333333
DM-05-02-03-01,2026-08-29,141.48760416666667,4.339583333333334
DM-05-02-03-01,2026-08-30,141.48760416666667,4.339583333333334
DM-05-02-03-01,2026-08-31,140.71041666666667,4.228541666666667
DM-05-02-03-01,2026-09-01,146.36770833333333,4.1884375
DM-05-02-03-03,2026-08-26,164.27229166666666,2.782083333333333
DM-05-02-03-03,2026-08-27,165.095,2.9196875
DM-05-02-03-03,2026-08-28,163.22072916666667,2.9252083333333334
DM-05-02-03-03,2026-08-29,157.20291666666665,3.0467708333333334
DM-05-02-03-03,2026-08-30,157.20291666666665,3.0467708333333334
DM-05-02-03-03,2026-08-31,160.91979166666667,2.9605208333333333
DM-05-02-03-03,2026-09-01,168.32020833333334,2.9133333333333336
DM-05-02-04-02,2026-08-26,351.70937499999997,4.219166666666667
DM-05-02-04-02,2026-08-27,339.6221875,4.0687500000000005
DM-05-02-04-02,2026-08-28,343.0213541666667,4.0178125
DM-05-02-04-02,2026-08-29,313.85572916666666,4.138541666666667
DM-05-02-04-02,2026-08-30,313.85572916666666,4.138541666666667
DM-05-02-04-02,2026-08-31,337.6219791666667,4.418854166666667
DM-05-02-04-02,2026-09-01,343.26197916666666,4.368854166666667
DM-05-02-05-01,2026-08-26,260.9117708333333,3.866354166666667
DM-05-02-05-01,2026-08-27,255.05520833333333,4.0772916666666665
DM-05-02-05-01,2026-08-28,254.88739583333333,4.0417708333333335
DM-05-02-05-01,2026-08-29,239.02677083333333,4.363125
DM-05-02-05-01,2026-08-30,239.02677083333333,4.363125
DM-05-02-05-01,2026-08-31,248.636875,4.177291666666666
DM-05-02-05-01,2026-09-01,253.86697916666665,4.10125
DM-05-02-06-01,2026-08-26,0.01,4.317083333333334
DM-05-02-06-01,2026-08-27,0.01,4.317083333333334
DM-05-02-06-01,2026-08-28,0.01,4.317083333333334
DM-05-02-06-01,2026-08-29,0.3754166666666667,4.042708333333334
DM-05-02-06-01,2026-08-30,1.1130208333333333,4.065104166666667
DM-05-02-06-01,2026-08-31,0.01,4.317083333333334
DM-05-02-06-01,2026-09-01,0.01,4.317083333333334
DM-05-02-06-02,2026-08-26,195.55645833333332,3.3686458333333333
DM-05-02-06-02,2026-08-27,188.4646875,3.5194791666666667
DM-05-02-06-02,2026-08-28,182.704375,3.4410416666666666
DM-05-02-06-02,2026-08-29,185.8869791666667,3.5189583333333334
DM-05-02-06-02,2026-08-30,187.95458333333332,3.6436458333333337
DM-05-02-06-02,2026-08-31,180.7025,3.58
DM-05-02-06-02,2026-09-01,174.48770833333333,3.5751041666666663
DM-05-02-07-01,2026-08-26,175.6185416666667,3.116145833333333
DM-05-02-07-01,2026-08-27,170.02270833333333,3.2817708333333333
DM-05-02-07-01,2026-08-28,169.05760416666666,3.270729166666667
DM-05-02-07-01,2026-08-29,170.02833333333334,3.3317708333333336
DM-05-02-07-01,2026-08-30,170.02833333333334,3.3317708333333336
DM-05-02-07-01,2026-08-31,173.74125,3.260104166666667
DM-05-02-07-01,2026-09-01,168.92479166666666,3.2971875
DM-05-02-08-01,2026-08-26,126.44989583333334,4.484166666666667
DM-05-02-08-01,2026-08-27,116.69552083333333,4.635416666666667
DM-05-02-08-01,2026-08-28,118.40302083333334,4.6065625
DM-05-02-08-01,2026-08-29,106.63427083333333,4.674166666666666
DM-05-02-08-01,2026-08-30,106.63427083333333,4.674166666666666
DM-05-02-08-01,2026-08-31,119.48916666666666,4.636354166666666
DM-05-02-08-01,2026-09-01,112.42562500000001,4.642916666666667
DM-05-03-01-01,2026-08-26,0.0,2.292291666666667
DM-05-03-01-01,2026-08-27,0.0,2.424583333333333
DM-05-03-01-01,2026-08-28,0.0,2.4217708333333334
DM-05-03-01-01,2026-08-29,0.0,2.4838541666666667
DM-05-03-01-01,2026-08-30,0.0,2.4838541666666667
DM-05-03-01-01,2026-08-31,0.0,2.4726041666666667
DM-05-03-01-01,2026-09-01,0.0,2.548645833333333
DM-05-03-01-02,2026-08-26,120.03229166666667,2.2203125
DM-05-03-01-02,2026-08-27,116.624375,2.3188541666666667
DM-05-03-01-02,2026-08-28,118.69489583333335,2.230208333333333
DM-05-03-01-02,2026-08-29,115.78645833333333,2.3264583333333335
DM-05-03-01-02,2026-08-30,107.81041666666665,2.4986458333333332
DM-05-03-01-02,2026-08-31,114.2578125,2.409895833333333
DM-05-03-01-02,2026-09-01,104.56,2.4628125
DM-05-03-02-01,2026-08-26,0.0,3.1096874999999997
DM-05-03-02-01,2026-08-27,26.8971875,3.2313541666666663
DM-05-03-02-01,2026-08-28,53.255937499999995,3.1401041666666667
DM-05-03-02-01,2026-08-29,61.044999999999995,3.2304166666666667
DM-05-03-02-01,2026-08-30,48.98989583333333,3.3501041666666667
DM-05-03-02-01,2026-08-31,52.61770833333333,3.2584375
DM-05-03-02-01,2026-09-01,38.63260416666667,3.281458333333333
DM-05-03-02-02,2026-08-26,99.06635416666667,3.1460416666666666
DM-05-03-02-02,2026-08-27,100.37281250000001,3.2552083333333335
DM-05-03-02-02,2026-08-28,99.50552083333334,3.1679166666666667
DM-05-03-02-02,2026-08-29,101.535625,3.2566666666666664
DM-05-03-02-02,2026-08-30,102.23333333333333,3.3921875
DM-05-03-02-02,2026-08-31,99.46020833333334,3.3098958333333335
DM-05-03-02-02,2026-09-01,95.378125,3.3242708333333333
DM-05-03-02-03,2026-08-26,17.980625,2.4340625
DM-05-03-02-03,2026-08-27,17.869791666666668,2.5365625
DM-05-03-02-03,2026-08-28,17.600520833333334,2.4410416666666666
DM-05-03-02-03,2026-08-29,18.679479166666667,2.5388541666666664
DM-05-03-02-03,2026-08-30,20.159583333333334,2.6975
DM-05-03-02-03,2026-08-31,16.186354166666668,2.623125
DM-05-03-02-03,2026-09-01,15.872083333333334,2.6559375
DM-05-03-03-01,2026-08-26,78.64802083333333,2.4431249999999998
DM-05-03-03-01,2026-08-27,80.065625,2.4406250000000003
DM-05-03-03-01,2026-08-28,79.07864583333334,2.426875
DM-05-03-03-01,2026-08-29,81.64791666666666,2.466458333333333
DM-05-03-03-01,2026-08-30,81.64791666666666,2.466458333333333
DM-05-03-03-01,2026-08-31,78.39010416666666,2.7245833333333334
DM-05-03-03-01,2026-09-01,78.27083333333333,2.5807291666666665
DM-05-03-03-02,2026-08-26,73.42854166666667,2.3596875
DM-05-03-03-02,2026-08-27,69.725625,2.3878125
DM-05-03-03-02,2026-08-28,70.55,2.4667708333333334
DM-05-03-03-02,2026-08-29,74.43677083333334,2.5147916666666665
DM-05-03-03-02,2026-08-30,74.43677083333334,2.5147916666666665
DM-05-03-03-02,2026-08-31,66.7890625,2.5222916666666664
DM-05-03-03-02,2026-09-01,66.46927083333334,2.553541666666667
DM-05-03-03-03,2026-08-26,100.22395833333333,2.1386458333333334
DM-05-03-03-03,2026-08-27,99.74583333333334,2.1802083333333333
DM-05-03-03-03,2026-08-28,102.31229166666667,2.2502083333333336
DM-05-03-03-03,2026-08-29,106.01822916666667,2.2851041666666667
DM-05-03-03-03,2026-08-30,106.01822916666667,2.2851041666666667
DM-05-03-03-03,2026-08-31,99.88406250000001,2.32375
DM-05-03-03-03,2026-09-01,100.56833333333333,2.3559375
DM-05-03-04-01,2026-08-26,0.12635416666666668,2.3328124999999997
DM-05-03-04-01,2026-08-27,0.13135416666666666,2.4469791666666665
DM-05-03-04-01,2026-08-28,0.13458333333333333,2.3339583333333334
DM-05-03-04-01,2026-08-29,0.14052083333333334,2.4278125
DM-05-03-04-01,2026-08-30,0.13749999999999998,2.5814583333333334
DM-05-03-04-01,2026-08-31,0.13989583333333333,2.5059375
DM-05-03-04-01,2026-09-01,0.1409375,2.5297916666666667
DM-05-03-04-02,2026-08-26,117.95645833333333,2.1525
DM-05-03-04-02,2026-08-27,117.74385416666667,2.2728125
DM-05-03-04-02,2026-08-28,116.12510416666667,2.231145833333333
DM-05-03-04-02,2026-08-29,118.19739583333335,2.2665625
DM-05-03-04-02,2026-08-30,118.19739583333335,2.2669791666666668
DM-05-03-04-02,2026-08-31,117.68854166666667,2.1094791666666666
DM-05-03-04-02,2026-09-01,116.51864583333334,2.1498958333333333
DM-05-03-04-03,2026-08-26,0.0,2.2087499999999998
DM-05-03-04-03,2026-08-27,0.0,2.3398958333333333
DM-05-03-04-03,2026-08-28,0.0,2.3289583333333335
DM-05-03-04-03,2026-08-29,0.0,2.3803125
DM-05-03-04-03,2026-08-30,0.0,2.3803125
DM-05-03-04-03,2026-08-31,0.0,2.3683333333333336
DM-05-03-04-03,2026-09-01,0.0,2.3838541666666666
DM-05-03-05-01,2026-08-26,37.49854166666667,2.573020833333333
DM-05-03-05-01,2026-08-27,39.74302083333333,2.5796875
DM-05-03-05-01,2026-08-28,39.33229166666667,2.6811458333333333
DM-05-03-05-01,2026-08-29,39.22239583333333,2.735416666666667
DM-05-03-05-01,2026-08-30,39.22239583333333,2.735416666666667
DM-05-03-05-01,2026-08-31,40.88947916666667,2.7498958333333334
DM-05-03-05-01,2026-09-01,40.21270833333333,2.783125
DM-05-03-05-02,2026-08-26,60.842083333333335,2.5703125
DM-05-03-05-02,2026-08-27,63.916875000000005,2.5742708333333333
DM-05-03-05-02,2026-08-28,63.79739583333333,2.675104166666667
DM-05-03-05-02,2026-08-29,63.71572916666667,2.734375
DM-05-03-05-02,2026-08-30,63.71572916666667,2.734375
DM-05-03-05-02,2026-08-31,66.11354166666666,2.7426041666666667
DM-05-03-05-02,2026-09-01,64.29062499999999,2.7753125
DM-05-03-06-01,2026-08-26,86.48333333333333,2.6483333333333334
DM-05-03-06-01,2026-08-27,87.9409375,2.7215624999999997
DM-05-03-06-01,2026-08-28,90.32541666666667,2.753229166666667
DM-05-03-06-01,2026-08-29,89.62322916666666,2.8078125000000003
DM-05-03-06-01,2026-08-30,89.62322916666666,2.8078125000000003
DM-05-03-06-01,2026-08-31,82.63104166666666,2.8316666666666666
DM-05-03-06-01,2026-09-01,83.2596875,2.8662500000000004
DM-05-03-06-02,2026-08-26,127.26854166666668,3.1489583333333333
DM-05-03-06-02,2026-08-27,131.24156250000001,3.2447916666666665
DM-05-03-06-02,2026-08-28,126.74624999999999,3.171875
DM-05-03-06-02,2026-08-29,129.70781250000002,3.258125
DM-05-03-06-02,2026-08-30,128.3578125,3.4097916666666666
DM-05-03-06-02,2026-08-31,123.05989583333333,3.325416666666667
DM-05-03-06-02,2026-09-01,123.0771875,3.3278125000000003
DM-05-04-01-01,2026-08-26,51.442708333333336,3.3781250000000003
DM-05-04-01-01,2026-08-27,50.72708333333333,3.519375
DM-05-04-01-01,2026-08-28,50.3603125,3.5065625
DM-05-04-01-01,2026-08-29,51.9696875,3.5710416666666664
DM-05-04-01-01,2026-08-30,51.9696875,3.5710416666666664
DM-05-04-01-01,2026-08-31,50.6365625,3.556979166666667
DM-05-04-01-01,2026-09-01,51.076458333333335,3.5564583333333335
DM-05-04-02-01,2026-08-26,116.86010416666666,2.8105208333333334
DM-05-04-02-01,2026-08-27,113.54177083333333,2.8524999999999996
DM-05-04-02-01,2026-08-28,117.96333333333332,2.9371875
DM-05-04-02-01,2026-08-29,118.92541666666666,3.0058333333333334
DM-05-04-02-01,2026-08-30,118.92541666666666,3.0058333333333334
DM-05-04-02-01,2026-08-31,115.69572916666668,2.9858333333333333
DM-05-04-02-01,2026-09-01,114.33968750000001,2.9897916666666666
DM-05-04-02-02,2026-08-26,124.9303125,2.504375
DM-05-04-02-02,2026-08-27,123.3740625,2.6394791666666664
DM-05-04-02-02,2026-08-28,124.72833333333334,2.6309375
DM-05-04-02-02,2026-08-29,128.26197916666666,2.6990625
DM-05-04-02-02,2026-08-30,128.26197916666666,2.6991666666666667
DM-05-04-02-02,2026-08-31,123.92895833333334,2.670208333333333
DM-05-04-02-02,2026-09-01,122.67593749999999,2.6759375
DM-05-04-03-01,2026-08-26,158.52395833333333,2.481666666666667
DM-05-04-03-01,2026-08-27,153.8996875,2.580416666666667
DM-05-04-03-01,2026-08-28,154.75145833333332,2.644791666666667
DM-05-04-03-01,2026-08-29,156.47322916666667,2.7222916666666666
DM-05-04-03-01,2026-08-30,156.47322916666667,2.7222916666666666
DM-05-04-03-01,2026-08-31,161.95875,2.6557291666666667
DM-05-04-03-01,2026-09-01,160.8528125,2.6497916666666668
DM-05-04-03-02,2026-08-26,94.64333333333333,3.7173958333333332
DM-05-04-03-02,2026-08-27,96.97895833333332,3.832708333333333
DM-05-04-03-02,2026-08-28,95.54812500000001,3.7471875000000003
DM-05-04-03-02,2026-08-29,97.27999999999999,3.8368749999999996
DM-05-04-03-02,2026-08-30,99.0409375,3.9661458333333335
DM-05-04-03-02,2026-08-31,96.3925,3.8863541666666666
DM-05-04-03-02,2026-09-01,96.75104166666667,3.887395833333333
DM-05-04-04-01,2026-08-26,111.03875,3.7105208333333333
DM-05-04-04-01,2026-08-27,111.03875,3.7105208333333333
DM-05-04-04-01,2026-08-28,111.03875,3.7105208333333333
DM-05-04-04-01,2026-08-29,115.745,3.868229166666667
DM-05-04-04-01,2026-08-30,113.62718749999999,3.8303125
DM-05-04-04-01,2026-08-31,111.03875,3.7105208333333333
DM-05-04-04-01,2026-09-01,111.03875,3.7105208333333333
DM-05-04-05-01,2026-08-26,159.50312499999998,2.9378124999999997
DM-05-04-05-01,2026-08-27,159.50312499999998,2.9378124999999997
DM-05-04-05-01,2026-08-28,159.50312499999998,2.9378124999999997
DM-05-04-05-01,2026-08-29,157.93697916666667,2.9146875
DM-05-04-05-01,2026-08-30,157.98427083333334,2.9129166666666664
DM-05-04-05-01,2026-08-31,159.50312499999998,2.9378124999999997
DM-05-04-05-01,2026-09-01,159.50312499999998,2.9378124999999997
DM-05-04-06-01,2026-08-26,425.6120833333334,2.1726041666666664
DM-05-04-06-01,2026-08-27,434.08885416666664,2.3021875
DM-05-04-06-01,2026-08-28,445.453125,2.3098958333333335
DM-05-04-06-01,2026-08-29,448.17375,2.345833333333333
DM-05-04-06-01,2026-08-30,448.17375,2.345833333333333
DM-05-04-06-01,2026-08-31,429.7620833333333,2.3232291666666667
DM-05-04-06-01,2026-09-01,429.47208333333333,2.3154166666666667
DM-05-04-06-02,2026-08-26,108.4628125,2.343125
DM-05-04-06-02,2026-08-27,109.39364583333334,2.470625
DM-05-04-06-02,2026-08-28,108.53625,2.479375
DM-05-04-06-02,2026-08-29,109.86562500000001,2.5492708333333334
DM-05-04-06-02,2026-08-30,109.86562500000001,2.549375
DM-05-04-06-02,2026-08-31,109.3746875,2.517395833333333
DM-05-04-06-02,2026-09-01,110.505,2.50625
DM-05-04-06-03,2026-08-26,63.364583333333336,2.285416666666667
DM-05-04-06-03,2026-08-27,63.566875,2.4165625
DM-05-04-06-03,2026-08-28,62.778333333333336,2.4155208333333333
DM-05-04-06-03,2026-08-29,65.66541666666667,2.4871875
DM-05-04-06-03,2026-08-30,65.66541666666667,2.4871875
DM-05-04-06-03,2026-08-31,64.90625,2.42875
DM-05-04-06-03,2026-09-01,65.9384375,2.419375
DM-05-04-06-04,2026-08-26,55.1246875,2.7657291666666666
DM-05-04-06-04,2026-08-27,53.743541666666665,2.775729166666667
DM-05-04-06-04,2026-08-28,54.81625,2.8921875
DM-05-04-06-04,2026-08-29,55.13260416666666,2.9618749999999996
DM-05-04-06-04,2026-08-30,55.13260416666666,2.9618749999999996
DM-05-04-06-04,2026-08-31,54.06635416666666,2.9303125
DM-05-04-06-04,2026-09-01,54.557604166666664,2.924583333333333
DM-05-04-07-01,2026-08-26,196.41875000000002,2.771354166666667
DM-05-04-07-01,2026-08-27,196.41875000000002,2.771354166666667
DM-05-04-07-01,2026-08-28,196.41875000000002,2.771354166666667
DM-05-04-07-01,2026-08-29,195.03145833333335,2.9481249999999997
DM-05-04-07-01,2026-08-30,194.67510416666667,2.8322916666666664
DM-05-04-07-01,2026-08-31,196.41875000000002,2.771354166666667
DM-05-04-07-01,2026-09-01,196.41875000000002,2.771354166666667
DM-05-04-07-02,2026-08-26,117.0596875,2.5552083333333333
DM-05-04-07-02,2026-08-27,117.13156249999999,2.6846875000000003
DM-05-04-07-02,2026-08-28,116.36854166666666,2.6828125000000003
DM-05-04-07-02,2026-08-29,117.83552083333332,2.75375
DM-05-04-07-02,2026-08-30,117.83552083333332,2.75375
DM-05-04-07-02,2026-08-31,117.24833333333333,2.7186458333333334
DM-05-04-07-02,2026-09-01,118.07197916666667,2.7096875
DM-05-04-08-01,2026-08-26,120.94656250000001,3.6254166666666667
DM-05-04-08-01,2026-08-27,114.28583333333334,3.495625
DM-05-04-08-01,2026-08-28,119.26822916666667,3.526875
DM-05-04-08-01,2026-08-29,119.02666666666666,3.5007291666666664
DM-05-04-08-01,2026-08-30,119.02666666666666,3.5007291666666664
DM-05-04-08-01,2026-08-31,119.85572916666666,3.9063541666666666
DM-05-04-08-01,2026-09-01,124.83958333333334,4.0215625
DM-05-04-08-02,2026-08-26,62.513125,2.9254166666666666
DM-05-04-08-02,2026-08-27,64.01416666666667,3.0229166666666667
DM-05-04-08-02,2026-08-28,66.65885416666667,2.9519791666666664
DM-05-04-08-02,2026-08-29,70.51958333333333,3.0343750000000003
DM-05-04-08-02,2026-08-30,63.57208333333333,3.1742708333333334
DM-05-04-08-02,2026-08-31,60.682812500000004,3.084895833333333
DM-05-04-08-02,2026-09-01,88.15177083333333,3.0537500000000004
DM-05-04-09-01,2026-08-26,59.60072916666667,3.1860416666666667
DM-05-04-09-01,2026-08-27,62.75208333333333,3.294375
DM-05-04-09-01,2026-08-28,60.97020833333334,3.2182291666666667
DM-05-04-09-01,2026-08-29,64.98583333333333,3.2927083333333336
DM-05-04-09-01,2026-08-30,57.8775,3.442604166666667
DM-05-04-09-01,2026-08-31,59.64302083333333,3.34375
DM-05-04-09-01,2026-09-01,59.24635416666666,3.358333333333333
DM-05-04-10-01,2026-08-26,108.3359375,3.261875
DM-05-04-10-01,2026-08-27,108.9215625,3.3657291666666667
DM-05-04-10-01,2026-08-28,109.06739583333332,3.2855208333333334
DM-05-04-10-01,2026-08-29,109.36791666666666,3.37375
DM-05-04-10-01,2026-08-30,109.59541666666667,3.5178125
DM-05-04-10-01,2026-08-31,107.37343750000001,3.414895833333333
DM-05-04-10-01,2026-09-01,107.00239583333332,3.4165625
DM-05-04-10-02,2026-08-26,67.85291666666667,3.31625
DM-05-04-10-02,2026-08-27,63.549791666666664,3.2291666666666665
DM-05-04-10-02,2026-08-28,68.22875,3.428854166666667
DM-05-04-10-02,2026-08-29,68.47854166666666,3.5175
DM-05-04-10-02,2026-08-30,68.47854166666666,3.5175
DM-05-04-10-02,2026-08-31,67.05427083333333,3.4746875
DM-05-04-10-02,2026-09-01,65.65447916666666,3.4659375000000003
DM-05-04-10-03,2026-08-26,55.86656249999999,0.22802083333333334
DM-05-04-10-03,2026-08-27,56.48,0.27291666666666664
DM-05-04-10-03,2026-08-28,57.44947916666666,0.24302083333333335
DM-05-04-10-03,2026-08-29,58.274166666666666,0.255
DM-05-04-10-03,2026-08-30,58.274166666666666,0.255
DM-05-04-10-03,2026-08-31,55.594479166666666,0.2628125
DM-05-04-10-03,2026-09-01,55.505833333333335,0.24208333333333334
DM-05-04-10-04,2026-08-26,105.76739583333334,3.1079166666666667
DM-05-04-10-04,2026-08-27,104.9175,3.1923958333333338
DM-05-04-10-04,2026-08-28,103.64458333333333,3.195520833333333
DM-05-04-10-04,2026-08-29,100.15072916666666,3.2879166666666664
DM-05-04-10-04,2026-08-30,100.15072916666666,3.2879166666666664
DM-05-04-10-04,2026-08-31,103.67520833333333,3.2446875
DM-05-04-10-04,2026-09-01,103.50958333333334,3.24625
DM-05-04-11-01,2026-08-26,55.414791666666666,3.1590624999999997
DM-05-04-11-01,2026-08-27,55.03697916666667,3.2902083333333336
DM-05-04-11-01,2026-08-28,55.34947916666667,3.2805208333333336
DM-05-04-11-01,2026-08-29,54.63364583333333,3.3621874999999997
DM-05-04-11-01,2026-08-30,54.66958333333333,3.3621874999999997
DM-05-04-11-01,2026-08-31,55.843020833333334,3.3261458333333334
DM-05-04-11-01,2026-09-01,54.810833333333335,3.327916666666667
DM-05-05-01-01,2026-08-26,418.2561458333333,4.62
DM-05-05-01-01,2026-08-27,424.7285416666667,4.745520833333333
DM-05-05-01-01,2026-08-28,421.08687499999996,4.682604166666667
DM-05-05-01-01,2026-08-29,390.4558333333334,4.978020833333333
DM-05-05-01-01,2026-08-30,379.9961458333333,5.0890625
DM-05-05-01-01,2026-08-31,400.64135416666664,4.870833333333334
DM-05-05-01-01,2026-09-01,407.24114583333335,4.812395833333333
DM-05-05-02-02,2026-08-26,110.57270833333332,3.3530208333333333
DM-05-05-02-02,2026-08-27,108.78583333333334,3.4814583333333338
DM-05-05-02-02,2026-08-28,108.44208333333334,3.4741666666666666
DM-05-05-02-02,2026-08-29,109.64218749999999,3.548541666666667
DM-05-05-02-02,2026-08-30,109.64218749999999,3.548541666666667
DM-05-05-02-02,2026-08-31,101.0053125,3.5626041666666666
DM-05-05-02-02,2026-09-01,100.55177083333332,3.555729166666667
DM-05-05-02-03,2026-08-26,231.8708333333333,4.5997916666666665
DM-05-05-02-03,2026-08-27,236.6153125,4.624270833333333
DM-05-05-02-03,2026-08-28,234.3786458333333,4.535520833333334
DM-05-05-02-03,2026-08-29,228.75791666666666,4.654375
DM-05-05-02-03,2026-08-30,229.97270833333334,4.8073958333333335
DM-05-05-02-03,2026-08-31,229.94416666666666,4.684895833333333
DM-05-05-02-03,2026-09-01,230.05291666666668,4.703020833333333
DM-05-05-03-01,2026-08-26,69.85802083333333,4.144166666666666
DM-05-05-03-01,2026-08-27,65.84989583333333,4.1878125
DM-05-05-03-01,2026-08-28,68.3978125,4.271354166666667
DM-05-05-03-01,2026-08-29,70.99520833333334,4.341354166666666
DM-05-05-03-01,2026-08-30,70.99520833333334,4.341354166666666
DM-05-05-03-01,2026-08-31,65.02760416666666,4.339791666666667
DM-05-05-03-01,2026-09-01,68.46791666666667,4.3488541666666665
DM-05-05-04-01,2026-08-26,0.0,3.1298958333333338
DM-05-05-04-01,2026-08-27,0.0,3.2547916666666663
DM-05-05-04-01,2026-08-28,0.0,3.2445833333333334
DM-05-05-04-01,2026-08-29,0.0,3.320625
DM-05-05-04-01,2026-08-30,0.0,3.320625
DM-05-05-04-01,2026-08-31,0.0,3.2836458333333334
DM-05-05-04-01,2026-09-01,0.0,3.2809375000000003
DM-05-05-04-02,2026-08-26,0.0,2.265625
DM-05-05-04-02,2026-08-27,0.0,2.1252083333333336
DM-05-05-04-02,2026-08-28,0.0,2.1239583333333334
DM-05-05-04-02,2026-08-29,0.0,2.36625
DM-05-05-04-02,2026-08-30,0.0,2.516770833333333
DM-05-05-04-02,2026-08-31,0.0,2.73625
DM-05-05-04-02,2026-09-01,0.0,2.5465625
DM-05-05-05-01,2026-08-26,93.09208333333333,3.7040624999999996
DM-05-05-05-01,2026-08-27,92.87479166666667,3.8198958333333333
DM-05-05-05-01,2026-08-28,90.10812499999999,3.7403125
DM-05-05-05-01,2026-08-29,90.14125,3.838125
DM-05-05-05-01,2026-08-30,89.3984375,3.980625
DM-05-05-05-01,2026-08-31,89.99229166666667,3.8827083333333334
DM-05-05-05-01,2026-09-01,89.07,3.89
DM-05-05-06-01,2026-08-26,67.754375,3.2794791666666665
DM-05-05-06-01,2026-08-27,67.754375,3.2794791666666665
DM-05-05-06-01,2026-08-28,67.754375,3.2794791666666665
DM-05-05-06-01,2026-08-29,65.58562500000001,3.4673958333333332
DM-05-05-06-01,2026-08-30,64.98635416666666,3.3996875
DM-05-05-06-01,2026-08-31,67.754375,3.2794791666666665
DM-05-05-06-01,2026-09-01,67.754375,3.2794791666666665
DM-05-05-07-01,2026-08-26,120.5671875,3.2393750000000003
DM-05-05-07-01,2026-08-27,125.63322916666668,3.2851041666666667
DM-05-05-07-01,2026-08-28,119.9578125,3.2237500000000003
DM-05-05-07-01,2026-08-29,124.30385416666667,3.2781249999999997
DM-05-05-07-01,2026-08-30,120.72135416666667,3.384895833333333
DM-05-05-07-01,2026-08-31,121.1509375,3.3426041666666664
DM-05-05-07-01,2026-09-01,119.56833333333333,3.3508333333333336
DM-05-05-07-02,2026-08-26,117.69520833333333,3.1300000000000003
DM-05-05-07-02,2026-08-27,115.65072916666666,3.256979166666667
DM-05-05-07-02,2026-08-28,111.91562499999999,3.18875
DM-05-05-07-02,2026-08-29,114.75385416666667,3.256770833333333
DM-05-05-07-02,2026-08-30,106.99635416666666,3.4028125
DM-05-05-07-02,2026-08-31,109.71645833333334,3.2895833333333333
DM-05-05-07-02,2026-09-01,110.13916666666667,3.2832291666666666
DM-05-05-08-01,2026-08-26,177.3771875,2.970833333333333
DM-05-05-08-01,2026-08-27,165.79916666666665,2.983333333333333
DM-05-05-08-01,2026-08-28,174.5528125,3.0965624999999997
DM-05-05-08-01,2026-08-29,163.77562500000002,3.2176041666666664
DM-05-05-08-01,2026-08-30,163.77562500000002,3.2176041666666664
DM-05-05-08-01,2026-08-31,172.97687499999998,3.1380208333333335
DM-05-05-08-01,2026-09-01,171.52145833333336,3.1472916666666664
DM-05-05-08-02,2026-08-26,167.88541666666666,3.5435416666666666
DM-05-05-08-02,2026-08-27,161.63864583333333,3.665729166666667
DM-05-05-08-02,2026-08-28,162.91427083333335,3.5882291666666664
DM-05-05-08-02,2026-08-29,158.38,3.7013541666666665
DM-05-05-08-02,2026-08-30,154.36072916666666,3.861875
DM-05-05-08-02,2026-08-31,161.64864583333335,3.734375
DM-05-05-08-02,2026-09-01,159.98385416666667,3.7441666666666666
DM-05-05-09-01,2026-08-26,118.27729166666667,2.3270833333333334
DM-05-05-09-01,2026-08-27,99.98979166666668,2.475
DM-05-05-09-01,2026-08-28,107.13072916666665,2.509583333333333
DM-05-05-09-01,2026-08-29,107.09927083333334,2.605208333333333
DM-05-05-09-01,2026-08-30,107.09927083333334,2.605208333333333
DM-05-05-09-01,2026-08-31,107.08427083333333,2.5541666666666667
DM-05-05-09-01,2026-09-01,102.8859375,2.5815625
DM-05-05-09-02,2026-08-26,75.36635416666667,2.25125
DM-05-05-09-02,2026-08-27,64.86749999999999,2.2822916666666666
DM-05-05-09-02,2026-08-28,70.05520833333334,2.3808333333333334
DM-05-05-09-02,2026-08-29,71.8528125,2.496354166666667
DM-05-05-09-02,2026-08-30,71.8528125,2.496354166666667
DM-05-05-09-02,2026-08-31,69.3984375,2.4067708333333333
DM-05-05-09-02,2026-09-01,66.12979166666666,2.435729166666667
DM-05-05-09-03,2026-08-26,66.13875,2.2360416666666665
DM-05-05-09-03,2026-08-27,64.86083333333333,2.3723958333333335
DM-05-05-09-03,2026-08-28,65.08541666666666,2.3627083333333334
DM-05-05-09-03,2026-08-29,63.281666666666666,2.45125
DM-05-05-09-03,2026-08-30,63.281666666666666,2.45125
DM-05-05-09-03,2026-08-31,64.76718749999999,2.4013541666666667
DM-05-05-09-03,2026-09-01,63.732395833333335,2.4054166666666665
DM-05-05-09-04,2026-08-26,90.3284375,3.2838541666666665
DM-05-05-09-04,2026-08-27,90.49072916666667,3.3989583333333333
DM-05-05-09-04,2026-08-28,89.54260416666666,3.3329166666666663
DM-05-05-09-04,2026-08-29,91.5634375,2.0975
DM-05-05-09-04,2026-08-30,90.3003125,2.456770833333333
DM-05-05-09-04,2026-08-31,88.67052083333334,3.3858333333333337
DM-05-05-09-04,2026-09-01,88.83395833333333,3.435833333333333
DM-05-05-10-01,2026-08-26,89.03052083333334,2.799375
DM-05-05-10-01,2026-08-27,90.50177083333334,2.921041666666667
DM-05-05-10-01,2026-08-28,89.37010416666668,2.8659375
DM-05-05-10-01,2026-08-29,90.08552083333335,2.9904166666666665
DM-05-05-10-01,2026-08-30,93.27677083333333,2.9302083333333333
DM-05-05-10-01,2026-08-31,89.57864583333333,2.8834375
DM-05-05-10-01,2026-09-01,91.93697916666667,2.896354166666667
DM-05-05-11-01,2026-08-26,88.15614583333333,3.0313541666666666
DM-05-05-11-01,2026-08-27,82.35187499999999,3.1765624999999997
DM-05-05-11-01,2026-08-28,66.30645833333334,3.1865625000000004
DM-05-05-11-01,2026-08-29,55.696875,3.289895833333333
DM-05-05-11-01,2026-08-30,55.696875,3.289895833333333
DM-05-05-11-01,2026-08-31,97.89468749999999,3.1677083333333336
DM-05-05-11-01,2026-09-01,103.10114583333332,3.1636458333333333
DM-05-05-12-01,2026-08-26,102.43770833333333,2.7747916666666668
DM-05-05-12-01,2026-08-27,103.62541666666668,2.8827083333333334
DM-05-05-12-01,2026-08-28,103.83114583333334,2.8025
DM-05-05-12-01,2026-08-29,104.93364583333333,2.8980208333333333
DM-05-05-12-01,2026-08-30,104.4890625,3.046666666666667
DM-05-05-12-01,2026-08-31,100.1046875,2.94375
DM-05-05-12-01,2026-09-01,102.25083333333333,2.9419791666666666
DM-05-05-12-02,2026-08-26,59.1059375,2.5282291666666667
DM-05-05-12-02,2026-08-27,58.33166666666667,2.670208333333333
DM-05-05-12-02,2026-08-28,58.8646875,2.6588541666666665
DM-05-05-12-02,2026-08-29,61.645,2.7523958333333334
DM-05-05-12-02,2026-08-30,61.645,2.7525
DM-05-05-12-02,2026-08-31,59.84,2.6861458333333332
DM-05-05-12-02,2026-09-01,59.415625,2.6940625
DM-05-05-12-03,2026-08-26,131.32343749999998,3.038020833333333
DM-05-05-12-03,2026-08-27,131.32343749999998,3.038020833333333
DM-05-05-12-03,2026-08-28,131.32343749999998,3.038020833333333
DM-05-05-12-03,2026-08-29,140.40520833333332,3.2019791666666664
DM-05-05-12-03,2026-08-30,138.2109375,3.1547916666666667
DM-05-05-12-03,2026-08-31,131.32343749999998,3.038020833333333
DM-05-05-12-03,2026-09-01,131.32343749999998,3.038020833333333
DM-05-05-13-01,2026-08-26,83.4678125,2.711145833333333
DM-05-05-13-01,2026-08-27,88.5903125,2.8301041666666666
DM-05-05-13-01,2026-08-28,88.13802083333333,2.814166666666667
DM-05-05-13-01,2026-08-29,81.60427083333333,2.9129166666666664
DM-05-05-13-01,2026-08-30,81.60427083333333,2.9129166666666664
DM-05-05-13-01,2026-08-31,94.35635416666666,2.824895833333333
DM-05-05-13-01,2026-09-01,84.93906249999999,2.8564583333333338
DM-05-05-14-01,2026-08-26,69.33770833333334,3.227395833333333
DM-05-05-14-01,2026-08-27,75.90666666666667,3.34375
DM-05-05-14-01,2026-08-28,77.85625,3.326458333333333
DM-05-05-14-01,2026-08-29,74.34833333333333,3.4226041666666664
DM-05-05-14-01,2026-08-30,74.34833333333333,3.4226041666666664
DM-05-05-14-01,2026-08-31,66.62145833333334,3.3913541666666664
DM-05-05-14-01,2026-09-01,65.40520833333333,3.3923958333333335
DM-05-05-14-02,2026-08-26,0.0,2.7265625
DM-05-05-14-02,2026-08-27,0.0,2.7319791666666666
DM-05-05-14-02,2026-08-28,0.0,2.8071875
DM-05-05-14-02,2026-08-29,0.0,2.921666666666667
DM-05-05-14-02,2026-08-30,0.0,2.921666666666667
DM-05-05-14-02,2026-08-31,0.0,2.9285416666666664
DM-05-05-14-02,2026-09-01,0.0,2.9185416666666666
DM-06-01-01-01,2026-08-26,98.93614583333333,3.374375
DM-06-01-01-01,2026-08-27,98.371875,3.4600000000000004
DM-06-01-01-01,2026-08-28,98.30854166666667,3.3960416666666666
DM-06-01-01-01,2026-08-29,96.2134375,3.343125
DM-06-01-01-01,2026-08-30,96.2134375,3.343125
DM-06-01-01-01,2026-08-31,99.37989583333332,3.4725
DM-06-01-01-01,2026-09-01,93.93645833333333,3.3491666666666666
DM-06-01-02-01,2026-08-26,81.51979166666666,2.9946875
DM-06-01-02-01,2026-08-27,79.96354166666667,3.0195833333333333
DM-06-01-02-01,2026-08-28,83.855625,2.9784375
DM-06-01-02-01,2026-08-29,87.05239583333334,2.8828125
DM-06-01-02-01,2026-08-30,87.05239583333334,2.8828125
DM-06-01-02-01,2026-08-31,76.84416666666667,3.163229166666667
DM-06-01-02-01,2026-09-01,76.44989583333333,3.0315624999999997
DM-06-01-02-02,2026-08-26,56.5625,5.155
DM-06-01-02-02,2026-08-27,54.81697916666667,5.037916666666667
DM-06-01-02-02,2026-08-28,55.40166666666667,5.052083333333333
DM-06-01-02-02,2026-08-29,52.19177083333333,4.930208333333334
DM-06-01-02-02,2026-08-30,52.19177083333333,4.930208333333334
DM-06-01-02-02,2026-08-31,54.358125,5.173229166666666
DM-06-01-02-02,2026-09-01,57.79916666666667,5.051666666666667
DM-06-01-03-01,2026-08-26,45.55791666666667,4.1345833333333335
DM-06-01-03-01,2026-08-27,59.872187499999995,4.1734374999999995
DM-06-01-03-01,2026-08-28,74.42927083333333,4.0424999999999995
DM-06-01-03-01,2026-08-29,75.73489583333334,3.9865625
DM-06-01-03-01,2026-08-30,75.73395833333333,3.9865625
DM-06-01-03-01,2026-08-31,45.243854166666665,4.1978125
DM-06-01-03-01,2026-09-01,44.12145833333333,4.110833333333333
DM-06-01-03-02,2026-08-26,43.73458333333334,4.0981250000000005
DM-06-01-03-02,2026-08-27,41.391666666666666,4.201770833333334
DM-06-01-03-02,2026-08-28,40.42375,4.185520833333333
DM-06-01-03-02,2026-08-29,39.09229166666667,4.100625
DM-06-01-03-02,2026-08-30,39.20854166666667,4.014166666666667
DM-06-01-03-02,2026-08-31,38.53697916666667,4.171354166666666
DM-06-01-03-02,2026-09-01,37.584270833333335,4.0843750000000005
DM-06-01-03-03,2026-08-26,0.0,0.0
DM-06-01-03-03,2026-08-27,0.0,0.0
DM-06-01-03-03,2026-08-28,0.0,0.0
DM-06-01-03-03,2026-08-29,0.0,0.0
DM-06-01-03-03,2026-08-30,0.0,0.0
DM-06-01-03-03,2026-08-31,0.0,0.0
DM-06-01-03-03,2026-09-01,0.0,0.0
DM-06-01-03-04,2026-08-26,60.4175,4.313229166666667
DM-06-01-03-04,2026-08-27,60.4175,4.313229166666667
DM-06-01-03-04,2026-08-28,60.4175,4.313229166666667
DM-06-01-03-04,2026-08-29,56.873124999999995,4.347083333333333
DM-06-01-03-04,2026-08-30,56.26500000000001,4.311145833333334
DM-06-01-03-04,2026-08-31,60.4175,4.313229166666667
DM-06-01-03-04,2026-09-01,60.4175,4.313229166666667
DM-06-01-03-05,2026-08-26,85.4271875,3.6234375
DM-06-01-03-05,2026-08-27,85.4271875,3.6234375
DM-06-01-03-05,2026-08-28,85.4271875,3.6234375
DM-06-01-03-05,2026-08-29,86.63416666666666,3.6246875000000003
DM-06-01-03-05,2026-08-30,86.05083333333333,3.6285416666666666
DM-06-01-03-05,2026-08-31,85.4271875,3.6234375
DM-06-01-03-05,2026-09-01,85.4271875,3.6234375
DM-06-01-04-01,2026-08-26,0.0,0.0
DM-06-01-04-01,2026-08-27,0.0,0.0
DM-06-01-04-01,2026-08-28,0.0,0.0
DM-06-01-04-01,2026-08-29,0.0,0.0
DM-06-01-04-01,2026-08-30,0.0,0.0
DM-06-01-04-01,2026-08-31,0.0,0.0
DM-06-01-04-01,2026-09-01,0.0,0.0
DM-06-01-04-02,2026-08-26,43.71541666666667,4.014270833333334
DM-06-01-04-02,2026-08-27,42.17270833333333,3.9433333333333334
DM-06-01-04-02,2026-08-28,42.28572916666666,3.97125
DM-06-01-04-02,2026-08-29,39.837916666666665,3.9233333333333333
DM-06-01-04-02,2026-08-30,39.837916666666665,3.9233333333333333
DM-06-01-04-02,2026-08-31,41.948541666666664,4.0616666666666665
DM-06-01-04-02,2026-09-01,41.04239583333334,3.9682291666666667
DM-06-01-04-03,2026-08-26,85.87645833333333,3.9955208333333334
DM-06-01-04-03,2026-08-27,85.08291666666666,4.065104166666667
DM-06-01-04-03,2026-08-28,83.06,3.9671875
DM-06-01-04-03,2026-08-29,81.81583333333333,3.9253125
DM-06-01-04-03,2026-08-30,81.81583333333333,3.9253125
DM-06-01-04-03,2026-08-31,85.213125,4.061145833333334
DM-06-01-04-03,2026-09-01,85.4503125,3.9770833333333333
DM-06-01-05-01,2026-08-26,92.75166666666667,4.250208333333333
DM-06-01-05-01,2026-08-27,90.95364583333333,4.310520833333333
DM-06-01-05-01,2026-08-28,88.94895833333334,4.205
DM-06-01-05-01,2026-08-29,87.29458333333334,4.15375
DM-06-01-05-01,2026-08-30,87.29458333333334,4.15375
DM-06-01-05-01,2026-08-31,90.79854166666667,4.308645833333333
DM-06-01-05-01,2026-09-01,90.96177083333333,4.225833333333333
DM-06-01-05-03,2026-08-26,148.7534375,5.812604166666667
DM-06-01-05-03,2026-08-27,150.72229166666668,5.889375
DM-06-01-05-03,2026-08-28,149.25302083333332,5.890208333333334
DM-06-01-05-03,2026-08-29,147.92260416666667,5.7941666666666665
DM-06-01-05-03,2026-08-30,143.76229166666667,5.552395833333333
DM-06-01-05-03,2026-08-31,148.45458333333332,5.8165625
DM-06-01-05-03,2026-09-01,147.619375,5.7977083333333335
DM-06-01-05-04,2026-08-26,119.54739583333333,4.302708333333333
DM-06-01-05-04,2026-08-27,120.74854166666667,4.395833333333333
DM-06-01-05-04,2026-08-28,119.10427083333333,4.3446875
DM-06-01-05-04,2026-08-29,116.34249999999999,4.220729166666667
DM-06-01-05-04,2026-08-30,111.28625,4.150625
DM-06-01-05-04,2026-08-31,117.57197916666667,4.2977083333333335
DM-06-01-05-04,2026-09-01,116.71041666666667,4.213541666666667
DM-06-01-06-01,2026-08-26,121.88458333333334,4.0771875
DM-06-01-06-01,2026-08-27,122.1165625,4.1378125
DM-06-01-06-01,2026-08-28,121.67322916666666,4.029791666666667
DM-06-01-06-01,2026-08-29,117.45427083333334,3.9890624999999997
DM-06-01-06-01,2026-08-30,117.45427083333334,3.9890624999999997
DM-06-01-06-01,2026-08-31,121.66864583333334,4.138645833333333
DM-06-01-06-01,2026-09-01,119.17062500000002,4.0575
DM-06-01-06-02,2026-08-26,34.823125,0.0
DM-06-01-06-02,2026-08-27,33.9303125,0.0
DM-06-01-06-02,2026-08-28,33.851979166666666,0.0
DM-06-01-06-02,2026-08-29,30.1759375,0.0
DM-06-01-06-02,2026-08-30,29.5996875,0.0
DM-06-01-06-02,2026-08-31,32.60333333333333,0.0
DM-06-01-06-02,2026-09-01,32.5659375,0.0
DM-06-02-01-01,2026-08-26,18.005625,4.546666666666667
DM-06-02-01-01,2026-08-27,17.80333333333333,4.6040625
DM-06-02-01-01,2026-08-28,17.789583333333333,4.496145833333333
DM-06-02-01-01,2026-08-29,16.37875,4.442291666666667
DM-06-02-01-01,2026-08-30,16.37875,4.442291666666667
DM-06-02-01-01,2026-08-31,17.784375,4.590625
DM-06-02-01-01,2026-09-01,17.142083333333336,4.511354166666666
DM-06-02-01-02,2026-08-26,236.02427083333336,4.1590625
DM-06-02-01-02,2026-08-27,238.10697916666666,4.246041666666667
DM-06-02-01-02,2026-08-28,240.85593749999998,4.209479166666667
DM-06-02-01-02,2026-08-29,239.42666666666665,4.129166666666666
DM-06-02-01-02,2026-08-30,235.64229166666667,4.0555208333333335
DM-06-02-01-02,2026-08-31,246.23822916666666,4.177708333333333
DM-06-02-01-02,2026-09-01,244.05385416666664,4.0996875
DM-06-02-02-01,2026-08-26,148.97291666666666,4.451145833333333
DM-06-02-02-01,2026-08-27,149.03395833333335,4.5446875
DM-06-02-02-01,2026-08-28,195.28656249999997,4.431354166666667
DM-06-02-02-01,2026-08-29,258.776875,4.2996875
DM-06-02-02-01,2026-08-30,169.50552083333335,4.332395833333334
DM-06-02-02-01,2026-08-31,159.79052083333332,4.500208333333333
DM-06-02-02-01,2026-09-01,156.364375,4.415416666666666
DM-06-02-03-01,2026-08-26,113.69104166666666,4.297395833333334
DM-06-02-03-01,2026-08-27,116.11385416666667,4.349583333333333
DM-06-02-03-01,2026-08-28,117.289375,4.234166666666667
DM-06-02-03-01,2026-08-29,119.41281249999999,4.1779166666666665
DM-06-02-03-01,2026-08-30,119.41281249999999,4.1779166666666665
DM-06-02-03-01,2026-08-31,112.461875,4.3590625
DM-06-02-03-01,2026-09-01,115.65083333333332,4.264166666666667
DM-06-02-03-02,2026-08-26,28.670312499999998,4.4948958333333335
DM-06-02-03-02,2026-08-27,28.87697916666667,4.595
DM-06-02-03-02,2026-08-28,28.970520833333335,4.56625
DM-06-02-03-02,2026-08-29,28.613333333333333,4.496354166666666
DM-06-02-03-02,2026-08-30,28.126458333333332,4.411041666666667
DM-06-02-03-02,2026-08-31,29.033645833333335,4.5671875
DM-06-02-03-02,2026-09-01,28.324895833333333,4.423229166666666
DM-06-02-03-03,2026-08-26,149.44041666666666,1.4740624999999998
DM-06-02-03-03,2026-08-27,150.31895833333334,1.4715625
DM-06-02-03-03,2026-08-28,150.6953125,1.4375
DM-06-02-03-03,2026-08-29,149.944375,1.3796875
DM-06-02-03-03,2026-08-30,147.82010416666665,1.3129166666666667
DM-06-02-03-03,2026-08-31,150.51260416666665,1.3529166666666665
DM-06-02-03-03,2026-09-01,150.2334375,1.3041666666666667
DM-06-02-04-01,2026-08-26,66.88427083333333,4.489375
DM-06-02-04-01,2026-08-27,66.64833333333333,4.584270833333333
DM-06-02-04-01,2026-08-28,63.99666666666667,4.555208333333334
DM-06-02-04-01,2026-08-29,61.42791666666667,4.469375
DM-06-02-04-01,2026-08-30,58.33291666666667,4.384166666666666
DM-06-02-04-01,2026-08-31,63.53,4.537395833333333
DM-06-02-04-01,2026-09-01,64.49354166666667,4.4522916666666665
DM-06-02-04-02,2026-08-26,111.18479166666667,0.09020833333333333
DM-06-02-04-02,2026-08-27,111.55093749999999,0.08760416666666666
DM-06-02-04-02,2026-08-28,106.54072916666667,0.11760416666666668
DM-06-02-04-02,2026-08-29,107.9246875,0.12020833333333335
DM-06-02-04-02,2026-08-30,106.01510416666667,0.12458333333333334
DM-06-02-04-02,2026-08-31,106.67635416666667,0.23697916666666666
DM-06-02-04-02,2026-09-01,102.76145833333334,0.3084375
DM-06-02-05-01,2026-08-26,118.20291666666667,4.256875
DM-06-02-05-01,2026-08-27,117.39333333333333,4.352083333333334
DM-06-02-05-01,2026-08-28,118.6609375,4.323125
DM-06-02-05-01,2026-08-29,116.34604166666666,4.241770833333333
DM-06-02-05-01,2026-08-30,110.71104166666667,4.163645833333333
DM-06-02-05-01,2026-08-31,116.63416666666666,4.312708333333333
DM-06-02-05-01,2026-09-01,104.79614583333334,4.2446875
DM-06-02-05-02,2026-08-26,30.006354166666668,4.636666666666667
DM-06-02-05-02,2026-08-27,27.163229166666667,4.568020833333333
DM-06-02-05-02,2026-08-28,29.008750000000003,4.5859375
DM-06-02-05-02,2026-08-29,27.233437499999997,4.54875
DM-06-02-05-02,2026-08-30,27.233437499999997,4.54875
DM-06-02-05-02,2026-08-31,28.972291666666667,4.696666666666666
DM-06-02-05-02,2026-09-01,27.6203125,4.6125
DM-06-02-06-01,2026-08-26,0.0,4.0665625
DM-06-02-06-01,2026-08-27,0.0,4.1667708333333335
DM-06-02-06-01,2026-08-28,0.0,4.130208333333333
DM-06-02-06-01,2026-08-29,0.0,4.167083333333333
DM-06-02-06-01,2026-08-30,0.0,4.014583333333333
DM-06-02-06-01,2026-08-31,0.0,4.1137500000000005
DM-06-02-06-01,2026-09-01,0.0,4.017083333333333
DM-06-02-06-02,2026-08-26,47.84375,4.180625
DM-06-02-06-02,2026-08-27,47.59375,4.2846874999999995
DM-06-02-06-02,2026-08-28,48.4428125,4.259166666666666
DM-06-02-06-02,2026-08-29,47.973437499999996,4.188854166666666
DM-06-02-06-02,2026-08-30,45.520312499999996,4.116041666666667
DM-06-02-06-02,2026-08-31,46.911875,4.26625
DM-06-02-06-02,2026-09-01,46.60489583333333,4.175729166666667
DM-06-02-07-01,2026-08-26,42.499270833333334,4.184166666666667
DM-06-02-07-01,2026-08-27,42.499270833333334,4.184166666666667
DM-06-02-07-01,2026-08-28,42.499270833333334,4.184166666666667
DM-06-02-07-01,2026-08-29,39.6553125,4.238958333333334
DM-06-02-07-01,2026-08-30,38.80072916666666,4.199479166666666
DM-06-02-07-01,2026-08-31,42.499270833333334,4.184166666666667
DM-06-02-07-01,2026-09-01,42.499270833333334,4.184166666666667
DM-06-02-07-02,2026-08-26,91.89437500000001,4.788020833333333
DM-06-02-07-02,2026-08-27,100.70635416666666,4.820729166666667
DM-06-02-07-02,2026-08-28,112.69822916666668,4.673541666666667
DM-06-02-07-02,2026-08-29,113.1921875,4.6328125
DM-06-02-07-02,2026-08-30,113.1921875,4.6328125
DM-06-02-07-02,2026-08-31,147.2484375,4.721354166666667
DM-06-02-07-02,2026-09-01,129.56520833333335,4.6701041666666665
DM-06-02-07-03,2026-08-26,138.73041666666668,4.518125
DM-06-02-07-03,2026-08-27,138.228125,4.598020833333334
DM-06-02-07-03,2026-08-28,134.1996875,4.4715625
DM-06-02-07-03,2026-08-29,133.29645833333333,4.415208333333333
DM-06-02-07-03,2026-08-30,133.24666666666667,4.4203125000000005
DM-06-02-07-03,2026-08-31,133.04645833333333,4.565520833333333
DM-06-02-07-03,2026-09-01,137.03739583333333,4.536770833333333
DM-06-03-01-01,2026-08-26,94.05583333333334,3.461770833333333
DM-06-03-01-01,2026-08-27,90.69510416666667,3.4620833333333336
DM-06-03-01-01,2026-08-28,91.86583333333334,3.4858333333333333
DM-06-03-01-01,2026-08-29,81.78802083333333,3.4447916666666667
DM-06-03-01-01,2026-08-30,81.78802083333333,3.4447916666666667
DM-06-03-01-01,2026-08-31,88.21510416666666,3.5702083333333334
DM-06-03-01-01,2026-09-01,91.10822916666666,3.415104166666667
DM-06-03-02-01,2026-08-26,102.95802083333332,5.278125
DM-06-03-02-01,2026-08-27,101.42635416666667,5.206458333333333
DM-06-03-02-01,2026-08-28,102.69083333333333,5.231041666666667
DM-06-03-02-01,2026-08-29,102.22229166666666,4.9669791666666665
DM-06-03-02-01,2026-08-30,102.22229166666666,4.9669791666666665
DM-06-03-02-01,2026-08-31,101.7403125,5.303541666666667
DM-06-03-02-01,2026-09-01,100.86510416666665,5.105104166666666
DM-06-03-02-02,2026-08-26,159.6275,4.7421875
DM-06-03-02-02,2026-08-27,147.2309375,4.4582291666666665
DM-06-03-02-02,2026-08-28,158.300625,4.701145833333333
DM-06-03-02-02,2026-08-29,164.69427083333332,4.6290625
DM-06-03-02-02,2026-08-30,160.49864583333334,4.456666666666666
DM-06-03-02-02,2026-08-31,158.97322916666667,4.787604166666667
DM-06-03-02-02,2026-09-01,155.42989583333335,4.611666666666666
DM-06-03-03-01,2026-08-26,44.196666666666665,5.369479166666667
DM-06-03-03-01,2026-08-27,44.51208333333333,5.4582291666666665
DM-06-03-03-01,2026-08-28,43.45729166666666,5.335208333333333
DM-06-03-03-01,2026-08-29,37.612604166666664,5.0694791666666665
DM-06-03-03-01,2026-08-30,37.612604166666664,5.0694791666666665
DM-06-03-03-01,2026-08-31,42.18302083333334,5.3964583333333325
DM-06-03-03-01,2026-09-01,41.7975,5.203645833333334
DM-06-03-03-02,2026-08-26,86.11093749999999,4.600833333333333
DM-06-03-03-02,2026-08-27,83.56739583333334,4.697291666666667
DM-06-03-03-02,2026-08-28,85.59833333333334,4.654166666666667
DM-06-03-03-02,2026-08-29,78.77916666666667,4.633854166666667
DM-06-03-03-02,2026-08-30,77.97354166666666,4.4775
DM-06-03-03-02,2026-08-31,82.71114583333333,4.652604166666666
DM-06-03-03-02,2026-09-01,82.09052083333333,4.560104166666666
DM-06-03-03-03,2026-08-26,81.68197916666666,4.866458333333333
DM-06-03-03-03,2026-08-27,80.80479166666667,4.961041666666667
DM-06-03-03-03,2026-08-28,79.27833333333334,4.8453124999999995
DM-06-03-03-03,2026-08-29,76.29833333333333,4.61125
DM-06-03-03-03,2026-08-30,76.29833333333333,4.61125
DM-06-03-03-03,2026-08-31,78.59354166666667,4.9156249999999995
DM-06-03-03-03,2026-09-01,77.42885416666667,4.7103125
DM-06-03-04-01,2026-08-26,68.59989583333333,4.642083333333333
DM-06-03-04-01,2026-08-27,66.58395833333334,4.741145833333333
DM-06-03-04-01,2026-08-28,68.69854166666667,4.7292708333333335
DM-06-03-04-01,2026-08-29,66.71770833333333,4.630625
DM-06-03-04-01,2026-08-30,64.21385416666666,4.519791666666666
DM-06-03-04-01,2026-08-31,66.27052083333334,4.7009375
DM-06-03-04-01,2026-09-01,65.05635416666667,4.6033333333333335
DM-06-03-04-02,2026-08-26,117.63645833333334,4.4156249999999995
DM-06-03-04-02,2026-08-27,118.80958333333332,4.4628125
DM-06-03-04-02,2026-08-28,121.36229166666668,4.418020833333333
DM-06-03-04-02,2026-08-29,111.37510416666667,4.398854166666667
DM-06-03-04-02,2026-08-30,111.37510416666667,4.398854166666667
DM-06-03-04-02,2026-08-31,116.17239583333333,4.545416666666667
DM-06-03-04-02,2026-09-01,116.663125,4.598333333333334
DM-06-03-05-01,2026-08-26,36.219166666666666,3.9348958333333335
DM-06-03-05-01,2026-08-27,35.353854166666665,3.8565625000000003
DM-06-03-05-01,2026-08-28,35.626666666666665,3.878229166666667
DM-06-03-05-01,2026-08-29,35.679270833333334,3.82875
DM-06-03-05-01,2026-08-30,35.679270833333334,3.82875
DM-06-03-05-01,2026-08-31,35.955,3.979791666666667
DM-06-03-05-01,2026-09-01,35.504583333333336,3.887916666666667
DM-06-03-06-01,2026-08-26,72.9321875,4.3609374999999995
DM-06-03-06-01,2026-08-27,72.8503125,4.453333333333333
DM-06-03-06-01,2026-08-28,71.2546875,4.436354166666667
DM-06-03-06-01,2026-08-29,71.66822916666666,4.336458333333334
DM-06-03-06-01,2026-08-30,67.99666666666667,4.240833333333334
DM-06-03-06-01,2026-08-31,71.1584375,4.403125
DM-06-03-06-01,2026-09-01,70.65697916666666,4.3109375000000005
DM-06-03-06-02,2026-08-26,79.00979166666666,4.189375
DM-06-03-06-02,2026-08-27,73.0275,4.126041666666667
DM-06-03-06-02,2026-08-28,77.80375,4.1397916666666665
DM-06-03-06-02,2026-08-29,74.79416666666667,4.104166666666667
DM-06-03-06-02,2026-08-30,74.79416666666667,4.104166666666667
DM-06-03-06-02,2026-08-31,77.6025,4.242395833333333
DM-06-03-06-02,2026-09-01,76.6503125,4.1544791666666665
DM-06-03-07-01,2026-08-26,79.43041666666666,4.592395833333334
DM-06-03-07-01,2026-08-27,79.0878125,4.6511458333333335
DM-06-03-07-01,2026-08-28,77.496875,4.546666666666667
DM-06-03-07-01,2026-08-29,74.92416666666666,4.494375
DM-06-03-07-01,2026-08-30,74.92416666666666,4.494375
DM-06-03-07-01,2026-08-31,79.468125,4.651458333333333
DM-06-03-07-01,2026-09-01,78.22770833333333,4.56625
DM-06-03-08-01,2026-08-26,48.84010416666666,4.566458333333333
DM-06-03-08-01,2026-08-27,50.1259375,4.658541666666667
DM-06-03-08-01,2026-08-28,49.75958333333333,4.638645833333333
DM-06-03-08-01,2026-08-29,47.83083333333334,4.5515625
DM-06-03-08-01,2026-08-30,45.196979166666665,4.473958333333333
DM-06-03-08-01,2026-08-31,49.41354166666667,4.623645833333334
DM-06-03-08-01,2026-09-01,45.92572916666666,4.5340625
DM-06-03-08-03,2026-08-26,114.42822916666667,4.265
DM-06-03-08-03,2026-08-27,113.80333333333334,4.324375
DM-06-03-08-03,2026-08-28,112.2115625,4.216354166666666
DM-06-03-08-03,2026-08-29,104.07510416666666,4.180833333333333
DM-06-03-08-03,2026-08-30,104.07510416666666,4.180833333333333
DM-06-03-08-03,2026-08-31,114.62291666666665,4.318645833333333
DM-06-03-08-03,2026-09-01,113.43625000000002,4.235625
DM-06-04-01-01,2026-08-26,0.0,1.951875
DM-06-04-01-01,2026-08-27,0.0,1.951875
DM-06-04-01-01,2026-08-28,0.0,1.951875
DM-06-04-01-01,2026-08-29,0.0,1.91875
DM-06-04-01-01,2026-08-30,0.0,1.9254166666666668
DM-06-04-01-01,2026-08-31,0.0,1.951875
DM-06-04-01-01,2026-09-01,0.0,1.951875
DM-06-04-01-02,2026-08-26,236.099375,4.561354166666667
DM-06-04-01-02,2026-08-27,260.47218749999996,4.626145833333333
DM-06-04-01-02,2026-08-28,262.1410416666667,4.59
DM-06-04-01-02,2026-08-29,261.07802083333337,4.619583333333334
DM-06-04-01-02,2026-08-30,263.45604166666664,4.57125
DM-06-04-01-02,2026-08-31,260.83604166666663,4.6159375
DM-06-04-01-02,2026-09-01,260.95385416666664,4.5440625
DM-06-04-01-03,2026-08-26,105.30802083333333,4.184479166666667
DM-06-04-01-03,2026-08-27,99.88916666666667,4.308229166666666
DM-06-04-01-03,2026-08-28,101.2178125,4.251979166666667
DM-06-04-01-03,2026-08-29,98.10739583333333,4.378333333333333
DM-06-04-01-03,2026-08-30,90.76125,4.4021875
DM-06-04-01-03,2026-08-31,93.8175,4.319583333333333
DM-06-04-01-03,2026-09-01,93.02322916666667,4.304374999999999
DM-06-04-01-04,2026-08-26,36.4534375,3.9994791666666667
DM-06-04-01-04,2026-08-27,36.003229166666664,4.054166666666666
DM-06-04-01-04,2026-08-28,34.83708333333333,3.9908333333333332
DM-06-04-01-04,2026-08-29,32.56677083333333,3.903541666666667
DM-06-04-01-04,2026-08-30,32.56677083333333,3.903541666666667
DM-06-04-01-04,2026-08-31,35.44041666666667,4.059375
DM-06-04-01-04,2026-09-01,33.99489583333333,3.9778125
DM-06-04-02-01,2026-08-26,98.03729166666666,4.088541666666667
DM-06-04-02-01,2026-08-27,96.8465625,4.212604166666667
DM-06-04-02-01,2026-08-28,98.69572916666668,4.159166666666667
DM-06-04-02-01,2026-08-29,97.1334375,4.287083333333333
DM-06-04-02-01,2026-08-30,96.71708333333333,4.158541666666667
DM-06-04-02-01,2026-08-31,111.2128125,4.211666666666667
DM-06-04-02-01,2026-09-01,96.64427083333334,4.208125
DM-06-04-02-03,2026-08-26,36.905,4.188854166666666
DM-06-04-02-03,2026-08-27,29.841458333333335,4.3097916666666665
DM-06-04-02-03,2026-08-28,29.536354166666666,4.256354166666667
DM-06-04-02-03,2026-08-29,28.335520833333334,4.378333333333333
DM-06-04-02-03,2026-08-30,28.647604166666667,4.389479166666667
DM-06-04-02-03,2026-08-31,28.25572916666667,4.317083333333334
DM-06-04-02-03,2026-09-01,27.811875,4.296875
DM-06-04-03-01,2026-08-26,0.0,2.6875
DM-06-04-03-01,2026-08-27,0.0,2.6875
DM-06-04-03-01,2026-08-28,0.0,2.6875
DM-06-04-03-01,2026-08-29,0.0,3.135729166666667
DM-06-04-03-01,2026-08-30,0.0,2.9764583333333334
DM-06-04-03-01,2026-08-31,0.0,2.6875
DM-06-04-03-01,2026-09-01,0.0,2.6875
DM-06-04-03-02,2026-08-26,209.76260416666665,2.6771875
DM-06-04-03-02,2026-08-27,209.76260416666665,2.6771875
DM-06-04-03-02,2026-08-28,209.76260416666665,2.6771875
DM-06-04-03-02,2026-08-29,209.90656249999998,3.4497916666666666
DM-06-04-03-02,2026-08-30,209.1185416666667,3.1088541666666667
DM-06-04-03-02,2026-08-31,209.76260416666665,2.6880208333333333
DM-06-04-03-02,2026-09-01,209.76260416666665,2.6771875
DM-06-04-04-02,2026-08-26,163.16385416666665,4.7709375
DM-06-04-04-02,2026-08-27,166.01760416666667,4.86
DM-06-04-04-02,2026-08-28,166.16625000000002,4.8386458333333335
DM-06-04-04-02,2026-08-29,157.14239583333332,4.805104166666667
DM-06-04-04-02,2026-08-30,148.56302083333333,4.6646875
DM-06-04-04-02,2026-08-31,153.74177083333333,4.844062500000001
DM-06-04-04-02,2026-09-01,152.35302083333332,4.762395833333334
DM-06-04-04-03,2026-08-26,217.94479166666667,4.1053125
DM-06-04-04-03,2026-08-27,221.095625,4.185208333333333
DM-06-04-04-03,2026-08-28,220.630625,4.163958333333333
DM-06-04-04-03,2026-08-29,221.82979166666667,4.170208333333333
DM-06-04-04-03,2026-08-30,219.51552083333334,4.0093749999999995
DM-06-04-04-03,2026-08-31,217.9517708333333,4.160416666666666
DM-06-04-04-03,2026-09-01,218.15364583333334,4.076041666666667
DM-06-04-04-04,2026-08-26,79.3759375,4.458333333333333
DM-06-04-04-04,2026-08-27,74.25083333333333,4.368541666666666
DM-06-04-04-04,2026-08-28,76.8946875,4.380833333333333
DM-06-04-04-04,2026-08-29,74.07333333333334,4.4521875
DM-06-04-04-04,2026-08-30,74.07333333333334,4.4521875
DM-06-04-04-04,2026-08-31,75.4771875,4.59125
DM-06-04-04-04,2026-09-01,79.67375,4.5415625
DM-06-04-05-01,2026-08-26,34.91583333333333,3.8472916666666666
DM-06-04-05-01,2026-08-27,32.6059375,3.9394791666666666
DM-06-04-05-01,2026-08-28,32.3778125,3.8202083333333334
DM-06-04-05-01,2026-08-29,32.270833333333336,3.8804166666666666
DM-06-04-05-01,2026-08-30,32.270833333333336,3.8804166666666666
DM-06-04-05-01,2026-08-31,32.86447916666667,4.033854166666667
DM-06-04-05-01,2026-09-01,33.66552083333333,3.9564583333333334
DM-06-04-05-02,2026-08-26,295.36645833333336,4.706354166666666
DM-06-04-05-02,2026-08-27,308.4663541666667,4.805729166666667
DM-06-04-05-02,2026-08-28,304.7077083333333,4.731354166666667
DM-06-04-05-02,2026-08-29,300.1125,4.8656250000000005
DM-06-04-05-02,2026-08-30,286.65052083333336,5.0634375
DM-06-04-05-02,2026-08-31,288.3704166666667,4.901770833333333
DM-06-04-05-02,2026-09-01,295.62343749999997,4.8464583333333335
DM-06-04-05-03,2026-08-26,71.7075,4.287708333333334
DM-06-04-05-03,2026-08-27,71.37739583333332,4.410416666666666
DM-06-04-05-03,2026-08-28,70.22520833333333,4.362708333333333
DM-06-04-05-03,2026-08-29,70.56708333333333,4.4426041666666665
DM-06-04-05-03,2026-08-30,67.58135416666667,4.43375
DM-06-04-05-03,2026-08-31,68.08739583333333,4.428229166666667
DM-06-04-05-03,2026-09-01,68.56802083333334,4.371875
DM-06-04-05-04,2026-08-26,724.5864583333333,4.2228125
DM-06-04-05-04,2026-08-27,725.010625,4.302604166666667
DM-06-04-05-04,2026-08-28,724.8240625,4.162083333333333
DM-06-04-05-04,2026-08-29,725.0270833333334,4.217083333333333
DM-06-04-05-04,2026-08-30,725.0270833333334,4.217083333333333
DM-06-04-05-04,2026-08-31,724.0829166666667,4.376979166666667
DM-06-04-05-04,2026-09-01,725.09,4.304479166666667
DM-06-04-06-01,2026-08-26,68.98697916666667,4.233125
DM-06-04-06-01,2026-08-27,73.30072916666667,4.266145833333334
DM-06-04-06-01,2026-08-28,72.7446875,4.1446875
DM-06-04-06-01,2026-08-29,79.03729166666666,4.1944791666666665
DM-06-04-06-01,2026-08-30,79.03729166666666,4.1944791666666665
DM-06-04-06-01,2026-08-31,74.81854166666666,4.353020833333333
DM-06-04-06-01,2026-09-01,70.4721875,4.3434375
DM-06-04-06-03,2026-08-26,0.0,0.01
DM-06-04-06-03,2026-08-27,0.0,0.01
DM-06-04-06-03,2026-08-28,0.0,0.01
DM-06-04-06-03,2026-08-29,0.0,0.09364583333333333
DM-06-04-06-03,2026-08-30,0.0,0.26135416666666667
DM-06-04-06-03,2026-08-31,0.0,0.01
DM-06-04-06-03,2026-09-01,0.0,0.01
DM-06-04-06-04,2026-08-26,0.0,5.781770833333333
DM-06-04-06-04,2026-08-27,0.0,5.781770833333333
DM-06-04-06-04,2026-08-28,0.0,5.781770833333333
DM-06-04-06-04,2026-08-29,50.672291666666666,6.087291666666666
DM-06-04-06-04,2026-08-30,17.706145833333334,6.092604166666667
DM-06-04-06-04,2026-08-31,0.0,5.7820833333333335
DM-06-04-06-04,2026-09-01,0.0,5.781770833333333
DM-06-04-06-05,2026-08-26,79.91947916666668,4.7253125
DM-06-04-06-05,2026-08-27,81.33427083333333,4.8121875
DM-06-04-06-05,2026-08-28,76.27604166666667,4.769166666666667
DM-06-04-06-05,2026-08-29,74.13354166666666,4.721770833333333
DM-06-04-06-05,2026-08-30,71.02114583333334,4.710729166666667
DM-06-04-06-05,2026-08-31,79.8503125,4.787916666666667
DM-06-04-06-05,2026-09-01,78.18135416666667,4.729479166666667
DM-06-04-06-06,2026-08-26,233.18020833333333,7.4309375
DM-06-04-06-06,2026-08-27,233.18020833333333,7.4309375
DM-06-04-06-06,2026-08-28,233.18020833333333,7.4309375
DM-06-04-06-06,2026-08-29,197.39635416666667,7.494791666666667
DM-06-04-06-06,2026-08-30,197.030625,7.481875
DM-06-04-06-06,2026-08-31,233.18020833333333,7.4309375
DM-06-04-06-06,2026-09-01,233.18020833333333,7.4309375
DM-06-04-07-01,2026-08-26,198.18177083333333,4.95
DM-06-04-07-01,2026-08-27,201.73510416666667,5.003125
DM-06-04-07-01,2026-08-28,198.92697916666668,4.936354166666667
DM-06-04-07-01,2026-08-29,169.98291666666668,5.146041666666666
DM-06-04-07-01,2026-08-30,169.98291666666668,5.146041666666666
DM-06-04-07-01,2026-08-31,185.02010416666667,5.120104166666667
DM-06-04-07-01,2026-09-01,199.68499999999997,5.049791666666667
DM-06-04-07-02,2026-08-26,198.01020833333334,5.5730208333333335
DM-06-04-07-02,2026-08-27,200.39177083333334,5.650625000000001
DM-06-04-07-02,2026-08-28,193.938125,5.5778125
DM-06-04-07-02,2026-08-29,171.4190625,5.6980208333333335
DM-06-04-07-02,2026-08-30,171.0008333333333,5.7977083333333335
DM-06-04-07-02,2026-08-31,183.28958333333333,5.704583333333333
DM-06-04-07-02,2026-09-01,187.56072916666668,5.6570833333333335
DM-06-04-07-03,2026-08-26,216.7101041666667,3.633020833333333
DM-06-04-07-03,2026-08-27,206.05270833333336,3.598125
DM-06-04-07-03,2026-08-28,210.13989583333333,3.6059375
DM-06-04-07-03,2026-08-29,199.64489583333332,3.5980208333333334
DM-06-04-07-03,2026-08-30,199.64489583333332,3.5980208333333334
DM-06-04-07-03,2026-08-31,206.93927083333332,3.8334375
DM-06-04-07-03,2026-09-01,209.10302083333332,3.7682291666666665
DM-06-04-08-01,2026-08-26,175.37270833333332,5.137708333333333
DM-06-04-08-01,2026-08-27,177.65270833333332,5.230729166666666
DM-06-04-08-01,2026-08-28,169.195625,5.1646875
DM-06-04-08-01,2026-08-29,146.37968750000002,5.154895833333334
DM-06-04-08-01,2026-08-30,142.23479166666667,5.286770833333334
DM-06-04-08-01,2026-08-31,169.61822916666668,5.2759375
DM-06-04-08-01,2026-09-01,163.6778125,5.239583333333333
DM-06-04-08-02,2026-08-26,140.90104166666666,4.5382291666666665
DM-06-04-08-02,2026-08-27,132.11010416666667,4.446458333333333
DM-06-04-08-02,2026-08-28,131.10468749999998,4.496875
DM-06-04-08-02,2026-08-29,129.2775,4.579791666666667
DM-06-04-08-02,2026-08-30,129.2775,4.579791666666667
DM-06-04-08-02,2026-08-31,132.1403125,4.660833333333334
DM-06-04-08-02,2026-09-01,130.05697916666665,4.6453125
DM-06-04-08-03,2026-08-26,275.2714583333333,4.701458333333333
DM-06-04-08-03,2026-08-27,279.07020833333337,4.723958333333333
DM-06-04-08-03,2026-08-28,268.1347916666667,4.7346875
DM-06-04-08-03,2026-08-29,263.0238541666667,4.79375
DM-06-04-08-03,2026-08-30,237.25072916666667,5.051354166666667
DM-06-04-08-03,2026-08-31,269.90781250000003,4.804479166666667
DM-06-04-08-03,2026-09-01,264.27177083333333,4.812187499999999
DM-06-05-01-01,2026-08-26,86.458125,0.8582291666666667
DM-06-05-01-01,2026-08-27,79.59552083333334,0.9327083333333334
DM-06-05-01-01,2026-08-28,78.07052083333333,0.935
DM-06-05-01-01,2026-08-29,87.25541666666668,0.9257291666666667
DM-06-05-01-01,2026-08-30,92.63770833333332,0.8804166666666666
DM-06-05-01-01,2026-08-31,83.60552083333333,0.9263541666666667
DM-06-05-01-01,2026-09-01,88.2940625,0.8817708333333334
DM-06-05-01-02,2026-08-26,77.08552083333333,4.154791666666667
DM-06-05-01-02,2026-08-27,73.25916666666667,4.244583333333334
DM-06-05-01-02,2026-08-28,77.07656250000001,4.203333333333333
DM-06-05-01-02,2026-08-29,73.07885416666666,3.7452083333333337
DM-06-05-01-02,2026-08-30,72.08979166666667,3.9684375000000003
DM-06-05-01-02,2026-08-31,75.74770833333334,4.4279166666666665
DM-06-05-01-02,2026-09-01,76.76197916666666,4.348541666666667
DM-06-05-01-03,2026-08-26,51.549479166666664,3.634479166666667
DM-06-05-01-03,2026-08-27,51.549479166666664,3.634479166666667
DM-06-05-01-03,2026-08-28,51.549479166666664,3.634479166666667
DM-06-05-01-03,2026-08-29,49.52458333333333,3.6130208333333336
DM-06-05-01-03,2026-08-30,49.47427083333333,3.6067708333333335
DM-06-05-01-03,2026-08-31,51.549479166666664,3.634479166666667
DM-06-05-01-03,2026-09-01,51.549479166666664,3.634479166666667
DM-06-05-02-01,2026-08-26,72.8496875,4.48625
DM-06-05-02-01,2026-08-27,70.4490625,4.614166666666667
DM-06-05-02-01,2026-08-28,68.819375,4.57125
DM-06-05-02-01,2026-08-29,60.000729166666666,4.6303125
DM-06-05-02-01,2026-08-30,60.000729166666666,4.6303125
DM-06-05-02-01,2026-08-31,73.47177083333334,4.667708333333334
DM-06-05-02-01,2026-09-01,74.69260416666667,4.570729166666667
DM-06-05-02-02,2026-08-26,31.110520833333336,5.783020833333333
DM-06-05-02-02,2026-08-27,33.17666666666667,5.6978125
DM-06-05-02-02,2026-08-28,29.3634375,5.875208333333333
DM-06-05-02-02,2026-08-29,26.1765625,5.5375000000000005
DM-06-05-02-02,2026-08-30,26.1765625,5.5375000000000005
DM-06-05-02-02,2026-08-31,28.856041666666666,5.983020833333334
DM-06-05-02-02,2026-09-01,25.966145833333332,5.801770833333333
DM-06-05-03-01,2026-08-26,120.29333333333334,4.406770833333334
DM-06-05-03-01,2026-08-27,120.31833333333333,4.5578125
DM-06-05-03-01,2026-08-28,121.71708333333333,4.5555208333333335
DM-06-05-03-01,2026-08-29,119.29729166666668,4.237604166666666
DM-06-05-03-01,2026-08-30,118.62791666666668,4.086354166666667
DM-06-05-03-01,2026-08-31,114.99979166666667,4.596145833333334
DM-06-05-03-01,2026-09-01,118.42354166666667,4.327708333333333
DM-06-05-03-02,2026-08-26,113.18187499999999,4.9522916666666665
DM-06-05-03-02,2026-08-27,107.84531249999999,5.088333333333334
DM-06-05-03-02,2026-08-28,106.02968750000001,5.0225
DM-06-05-03-02,2026-08-29,105.68479166666667,4.725416666666667
DM-06-05-03-02,2026-08-30,105.68479166666667,4.725416666666667
DM-06-05-03-02,2026-08-31,108.38614583333333,5.095208333333333
DM-06-05-03-02,2026-09-01,110.61791666666666,4.849479166666667
DM-06-05-03-03,2026-08-26,162.48906250000002,5.1821875
DM-06-05-03-03,2026-08-27,155.71406249999998,5.165416666666666
DM-06-05-03-03,2026-08-28,157.47875,5.234062499999999
DM-06-05-03-03,2026-08-29,154.73749999999998,4.9359375000000005
DM-06-05-03-03,2026-08-30,154.73749999999998,4.9359375000000005
DM-06-05-03-03,2026-08-31,162.43645833333332,5.317708333333333
DM-06-05-03-03,2026-09-01,160.52166666666668,5.051770833333333
DM-06-05-04-01,2026-08-26,32.52770833333333,5.538541666666667
DM-06-05-04-01,2026-08-27,31.22791666666667,5.503229166666666
DM-06-05-04-01,2026-08-28,31.2975,5.521666666666667
DM-06-05-04-01,2026-08-29,30.371979166666666,5.089895833333333
DM-06-05-04-01,2026-08-30,30.371979166666666,5.089895833333333
DM-06-05-04-01,2026-08-31,31.4278125,5.568541666666667
DM-06-05-04-01,2026-09-01,30.64375,5.289479166666667
DM-06-05-04-02,2026-08-26,59.88291666666667,5.1277083333333335
DM-06-05-04-02,2026-08-27,56.73458333333334,5.128958333333333
DM-06-05-04-02,2026-08-28,58.34458333333333,5.1814583333333335
DM-06-05-04-02,2026-08-29,57.865520833333335,4.882083333333333
DM-06-05-04-02,2026-08-30,57.865520833333335,4.882083333333333
DM-06-05-04-02,2026-08-31,59.01864583333333,5.261666666666667
DM-06-05-04-02,2026-09-01,58.462604166666665,5.0059375
DM-06-05-05-01,2026-08-26,0.14520833333333333,4.7259375
DM-06-05-05-01,2026-08-27,0.06645833333333333,4.933645833333333
DM-06-05-05-01,2026-08-28,0.0,4.962916666666667
DM-06-05-05-01,2026-08-29,0.0,4.465
DM-06-05-05-01,2026-08-30,0.0,4.465
DM-06-05-05-01,2026-08-31,0.22166666666666668,4.8410416666666665
DM-06-05-05-01,2026-09-01,0.25145833333333334,4.607916666666667
DM-06-05-05-02,2026-08-26,163.30145833333333,7.889270833333334
DM-06-05-05-02,2026-08-27,146.48197916666666,7.420104166666667
DM-06-05-05-02,2026-08-28,155.44979166666667,7.7759375
DM-06-05-05-02,2026-08-29,147.12520833333335,6.9325
DM-06-05-05-02,2026-08-30,147.12520833333335,6.9325
DM-06-05-05-02,2026-08-31,154.68687500000001,7.6709375
DM-06-05-05-02,2026-09-01,151.27604166666666,7.231875
DM-06-05-05-03,2026-08-26,166.2778125,7.539583333333333
DM-06-05-05-03,2026-08-27,156.96010416666667,7.433958333333333
DM-06-05-05-03,2026-08-28,156.44447916666667,7.424166666666667
DM-06-05-05-03,2026-08-29,148.59354166666665,6.597083333333334
DM-06-05-05-03,2026-08-30,148.59354166666665,6.597083333333334
DM-06-05-05-03,2026-08-31,158.70145833333333,7.308229166666667
DM-06-05-05-03,2026-09-01,155.50958333333332,6.886770833333333
DM-06-05-06-01,2026-08-26,117.10239583333333,5.960625
DM-06-05-06-01,2026-08-27,120.22479166666666,6.094791666666667
DM-06-05-06-01,2026-08-28,119.44166666666666,6.167083333333333
DM-06-05-06-01,2026-08-29,102.08718750000001,5.397812500000001
DM-06-05-06-01,2026-08-30,97.26083333333334,5.185104166666666
DM-06-05-06-01,2026-08-31,114.76416666666667,5.88625
DM-06-05-06-01,2026-09-01,111.47000000000001,5.566354166666667
DM-06-05-07-01,2026-08-26,0.0,6.1746875
DM-06-05-07-01,2026-08-27,0.0,6.110625
DM-06-05-07-01,2026-08-28,0.0,6.101666666666667
DM-06-05-07-01,2026-08-29,0.0,5.576770833333334
DM-06-05-07-01,2026-08-30,0.0,5.576770833333334
DM-06-05-07-01,2026-08-31,0.0,6.1175
DM-06-05-07-01,2026-09-01,0.0,5.803333333333334
DM-06-05-07-02,2026-08-26,55.83927083333333,6.624895833333333
DM-06-05-07-02,2026-08-27,57.59260416666667,6.728541666666666
DM-06-05-07-02,2026-08-28,54.40083333333333,6.520625
DM-06-05-07-02,2026-08-29,49.876354166666665,5.862395833333333
DM-06-05-07-02,2026-08-30,49.876354166666665,5.862395833333333
DM-06-05-07-02,2026-08-31,52.48072916666666,6.506458333333334
DM-06-05-07-02,2026-09-01,52.73114583333333,6.1379166666666665
DM-06-05-08-01,2026-08-26,0.0,3.9486458333333334
DM-06-05-08-01,2026-08-27,0.0,3.9907291666666667
DM-06-05-08-01,2026-08-28,0.0,3.9914583333333336
DM-06-05-08-01,2026-08-29,0.0,3.9709375
DM-06-05-08-01,2026-08-30,0.0,3.9709375
DM-06-05-08-01,2026-08-31,0.0,4.01625
DM-06-05-08-01,2026-09-01,0.0,3.882604166666667
DM-06-05-09-01,2026-08-26,124.04208333333332,5.072395833333333
DM-06-05-09-01,2026-08-27,124.945625,5.160833333333334
DM-06-05-09-01,2026-08-28,115.5390625,5.066145833333334
DM-06-05-09-01,2026-08-29,94.526875,4.766875
DM-06-05-09-01,2026-08-30,94.526875,4.766875
DM-06-05-09-01,2026-08-31,124.53197916666666,5.0984375
DM-06-05-09-01,2026-09-01,115.7075,4.895833333333333
DM-06-05-09-02,2026-08-26,202.45354166666667,4.6890624999999995
DM-06-05-09-02,2026-08-27,199.578125,4.793229166666667
DM-06-05-09-02,2026-08-28,192.21270833333332,4.724895833333334
DM-06-05-09-02,2026-08-29,185.57322916666666,4.417395833333333
DM-06-05-09-02,2026-08-30,185.60968749999998,4.417395833333333
DM-06-05-09-02,2026-08-31,167.75010416666666,4.852604166666667
DM-06-05-09-02,2026-09-01,160.20895833333333,4.642916666666667
DM-06-05-09-03,2026-08-26,107.5109375,5.001041666666667
DM-06-05-09-03,2026-08-27,109.871875,5.089479166666666
DM-06-05-09-03,2026-08-28,109.44322916666665,5.094166666666667
DM-06-05-09-03,2026-08-29,93.59989583333333,5.023541666666667
DM-06-05-09-03,2026-08-30,90.23895833333334,4.892916666666666
DM-06-05-09-03,2026-08-31,104.38864583333333,5.0615625
DM-06-05-09-03,2026-09-01,109.585625,4.94625
DM-06-05-10-01,2026-08-26,12.595833333333333,4.7169791666666665
DM-06-05-10-01,2026-08-27,12.478854166666666,4.7726041666666665
DM-06-05-10-01,2026-08-28,12.4325,4.653125
DM-06-05-10-01,2026-08-29,10.770312500000001,4.5730208333333335
DM-06-05-10-01,2026-08-30,10.770312500000001,4.5730208333333335
DM-06-05-10-01,2026-08-31,11.192187500000001,4.758958333333333
DM-06-05-10-01,2026-09-01,11.378437499999999,4.653854166666666
DM-06-05-10-02,2026-08-26,141.77625,4.710625
DM-06-05-10-02,2026-08-27,142.55135416666667,4.794375
DM-06-05-10-02,2026-08-28,142.5284375,4.806145833333333
DM-06-05-10-02,2026-08-29,134.83208333333332,4.7586458333333335
DM-06-05-10-02,2026-08-30,134.08625,4.5675
DM-06-05-10-02,2026-08-31,135.99041666666668,4.761354166666667
DM-06-05-10-02,2026-09-01,135.8084375,4.653020833333334
DM-06-05-10-03,2026-08-26,65.84322916666666,5.7378125
DM-06-05-10-03,2026-08-27,76.44812499999999,5.7765625
DM-06-05-10-03,2026-08-28,68.10552083333333,5.959270833333334
DM-06-05-10-03,2026-08-29,50.89541666666667,5.961666666666667
DM-06-05-10-03,2026-08-30,51.215833333333336,5.560208333333333
DM-06-05-10-03,2026-08-31,75.42052083333333,5.810833333333334
DM-06-05-10-03,2026-09-01,80.44562499999999,5.646354166666666
DM-06-06-01-01,2026-08-26,234.40572916666667,4.342708333333333
DM-06-06-01-01,2026-08-27,242.72739583333336,4.288541666666666
DM-06-06-01-01,2026-08-28,236.819375,4.2915625
DM-06-06-01-01,2026-08-29,128.10708333333335,4.5138541666666665
DM-06-06-01-01,2026-08-30,114.64552083333332,4.7175
DM-06-06-01-01,2026-08-31,217.42239583333333,4.570520833333333
DM-06-06-01-01,2026-09-01,228.48239583333336,4.476041666666666
DM-06-06-01-02,2026-08-26,191.64729166666666,4.429895833333333
DM-06-06-01-02,2026-08-27,189.35041666666666,4.4991666666666665
DM-06-06-01-02,2026-08-28,183.27666666666667,4.413125
DM-06-06-01-02,2026-08-29,161.97208333333333,4.621666666666667
DM-06-06-01-02,2026-08-30,161.97208333333333,4.621666666666667
DM-06-06-01-02,2026-08-31,184.70208333333335,4.581458333333333
DM-06-06-01-02,2026-09-01,176.79135416666668,4.584479166666667
DM-06-06-01-03,2026-08-26,129.45489583333332,5.5616666666666665
DM-06-06-01-03,2026-08-27,129.27822916666665,5.571666666666666
DM-06-06-01-03,2026-08-28,128.898125,5.4355208333333325
DM-06-06-01-03,2026-08-29,103.48052083333333,5.553645833333333
DM-06-06-01-03,2026-08-30,103.48052083333333,5.553645833333333
DM-06-06-01-03,2026-08-31,123.05739583333333,5.6570833333333335
DM-06-06-01-03,2026-09-01,125.49822916666666,5.578125
DM-06-06-02-01,2026-08-26,48.3434375,5.648854166666666
DM-06-06-02-01,2026-08-27,83.16458333333334,4.284479166666666
DM-06-06-02-01,2026-08-28,81.36385416666667,4.323125
DM-06-06-02-01,2026-08-29,53.503125000000004,5.443020833333333
DM-06-06-02-01,2026-08-30,69.19635416666667,4.998333333333333
DM-06-06-02-01,2026-08-31,86.56406249999999,4.2078125
DM-06-06-02-01,2026-09-01,78.97937499999999,4.322916666666667
DM-06-06-02-02,2026-08-26,315.2683333333333,3.9737500000000003
DM-06-06-02-02,2026-08-27,315.2683333333333,3.9737500000000003
DM-06-06-02-02,2026-08-28,315.2683333333333,3.9737500000000003
DM-06-06-02-02,2026-08-29,337.5308333333333,3.9747916666666665
DM-06-06-02-02,2026-08-30,337.5308333333333,3.9747916666666665
DM-06-06-02-02,2026-08-31,315.2683333333333,3.9737500000000003
DM-06-06-02-02,2026-09-01,30.9603125,5.3553125
DM-06-06-03-01,2026-08-26,176.65541666666664,4.87625
DM-06-06-03-01,2026-08-27,169.79697916666666,4.6232291666666665
DM-06-06-03-01,2026-08-28,169.95260416666667,4.548229166666666
DM-06-06-03-01,2026-08-29,172.14770833333333,4.646770833333333
DM-06-06-03-01,2026-08-30,172.14770833333333,4.646770833333333
DM-06-06-03-01,2026-08-31,177.71375,4.965104166666666
DM-06-06-03-01,2026-09-01,172.66802083333334,4.944166666666667
DM-06-06-03-02,2026-08-26,195.35385416666668,5.1379166666666665
DM-06-06-03-02,2026-08-27,182.76322916666666,5.258229166666667
DM-06-06-03-02,2026-08-28,191.563125,5.16375
DM-06-06-03-02,2026-08-29,163.91572916666667,5.392395833333333
DM-06-06-03-02,2026-08-30,140.59520833333332,5.491979166666667
DM-06-06-03-02,2026-08-31,192.00625,5.262291666666667
DM-06-06-03-02,2026-09-01,193.829375,5.2315625
DM-06-06-04-01,2026-08-26,187.81479166666668,4.426041666666666
DM-06-06-04-01,2026-08-27,182.80999999999997,4.460416666666666
DM-06-06-04-01,2026-08-28,183.3865625,4.2840625
DM-06-06-04-01,2026-08-29,177.8834375,4.417708333333334
DM-06-06-04-01,2026-08-30,177.8834375,4.417708333333334
DM-06-06-04-01,2026-08-31,189.21645833333332,4.532604166666666
DM-06-06-04-01,2026-09-01,187.2978125,4.506458333333334
DM-06-06-05-01,2026-08-26,101.15249999999999,3.9608333333333334
DM-06-06-05-01,2026-08-27,103.4696875,3.9758333333333336
DM-06-06-05-01,2026-08-28,101.62989583333332,4.008125
DM-06-06-05-01,2026-08-29,97.07302083333333,4.206770833333334
DM-06-06-05-01,2026-08-30,95.62916666666666,4.031354166666667
DM-06-06-05-01,2026-08-31,98.6840625,3.995625
DM-06-06-05-01,2026-09-01,99.36156249999999,3.9020833333333336
DM-06-06-05-02,2026-08-26,131.93458333333334,3.9976041666666666
DM-06-06-05-02,2026-08-27,142.26760416666667,4.062291666666667
DM-06-06-05-02,2026-08-28,135.08541666666667,4.0315625
DM-06-06-05-02,2026-08-29,121.36791666666666,4.088854166666667
DM-06-06-05-02,2026-08-30,130.04447916666666,4.044791666666667
DM-06-06-05-02,2026-08-31,128.648125,4.1154166666666665
DM-06-06-05-02,2026-09-01,129.11677083333333,4.115208333333333
DM-06-06-05-03,2026-08-26,60.28583333333333,4.554791666666667
DM-06-06-05-03,2026-08-27,60.28583333333333,4.554791666666667
DM-06-06-05-03,2026-08-28,60.28583333333333,4.554791666666667
DM-06-06-05-03,2026-08-29,59.19947916666666,4.667916666666667
DM-06-06-05-03,2026-08-30,58.76020833333333,4.6353125
DM-06-06-05-03,2026-08-31,60.28583333333333,4.554791666666667
DM-06-06-05-03,2026-09-01,60.28583333333333,4.554791666666667
DM-06-06-06-02,2026-08-26,184.05145833333333,4.36125
DM-06-06-06-02,2026-08-27,181.2725,4.3728125
DM-06-06-06-02,2026-08-28,179.14927083333336,4.2296875
DM-06-06-06-02,2026-08-29,184.07468749999998,4.3084375
DM-06-06-06-02,2026-08-30,184.07468749999998,4.3084375
DM-06-06-06-02,2026-08-31,181.95979166666666,4.479583333333333
DM-06-06-06-02,2026-09-01,176.05854166666666,4.457291666666666
DM-06-06-06-03,2026-08-26,194.53093750000002,3.586979166666667
DM-06-06-06-03,2026-08-27,186.45666666666668,3.449895833333333
DM-06-06-06-03,2026-08-28,190.15791666666667,3.348125
DM-06-06-06-03,2026-08-29,192.60083333333333,3.4633333333333334
DM-06-06-06-03,2026-08-30,192.60083333333333,3.4633333333333334
DM-06-06-06-03,2026-08-31,191.40010416666667,3.7346874999999997
DM-06-06-06-03,2026-09-01,192.42927083333333,3.6827083333333337
DM-06-06-06-04,2026-08-26,150.25864583333333,4.099479166666667
DM-06-06-06-04,2026-08-27,146.54645833333333,4.001458333333333
DM-06-06-06-04,2026-08-28,149.77124999999998,3.9902083333333334
DM-06-06-06-04,2026-08-29,149.56031249999998,4.0996875
DM-06-06-06-04,2026-08-30,149.56031249999998,4.0996875
DM-06-06-06-04,2026-08-31,154.276875,4.202812499999999
DM-06-06-06-04,2026-09-01,148.54479166666667,4.2003125
DM-06-06-07-01,2026-08-26,150.395,4.982395833333333
DM-06-06-07-01,2026-08-27,145.08479166666666,5.1625000000000005
DM-06-06-07-01,2026-08-28,140.02833333333334,4.909895833333334
DM-06-06-07-01,2026-08-29,139.69197916666667,4.95
DM-06-06-07-01,2026-08-30,139.69197916666667,4.95
DM-06-06-07-01,2026-08-31,148.16875000000002,4.4290625
DM-06-06-07-01,2026-09-01,146.89906249999999,4.340416666666667
DM-06-06-07-02,2026-08-26,39.20395833333333,4.327604166666666
DM-06-06-07-02,2026-08-27,40.48229166666667,4.416354166666666
DM-06-06-07-02,2026-08-28,39.079166666666666,4.361875
DM-06-06-07-02,2026-08-29,32.98427083333333,4.510104166666667
DM-06-06-07-02,2026-08-30,30.85864583333333,4.573958333333334
DM-06-06-07-02,2026-08-31,36.267291666666665,4.467083333333333
DM-06-06-07-02,2026-09-01,38.58739583333333,4.424270833333334
DM-06-06-07-03,2026-08-26,385.0985416666667,3.704166666666667
DM-06-06-07-03,2026-08-27,381.421875,3.79625
DM-06-06-07-03,2026-08-28,378.0898958333333,3.740520833333333
DM-06-06-07-03,2026-08-29,374.95197916666666,3.90625
DM-06-06-07-03,2026-08-30,379.2760416666667,3.9477083333333334
DM-06-06-07-03,2026-08-31,377.514375,3.8489583333333335
DM-06-06-07-03,2026-09-01,380.8229166666667,3.8061458333333333
DM-06-06-08-01,2026-08-26,185.93499999999997,4.6728125
DM-06-06-08-01,2026-08-27,180.868125,4.525729166666666
DM-06-06-08-01,2026-08-28,183.1783333333333,4.622916666666667
DM-06-06-08-01,2026-08-29,180.09666666666666,4.582604166666667
DM-06-06-08-01,2026-08-30,180.09666666666666,4.582604166666667
DM-06-06-08-01,2026-08-31,183.76354166666667,4.7404166666666665
DM-06-06-08-01,2026-09-01,179.2203125,4.6606250000000005
DM-06-06-08-02,2026-08-26,81.83270833333333,2.3140625
DM-06-06-08-02,2026-08-27,74.48145833333334,2.5455208333333332
DM-06-06-08-02,2026-08-28,72.8446875,2.416354166666667
DM-06-06-08-02,2026-08-29,60.7915625,2.4785416666666666
DM-06-06-08-02,2026-08-30,62.52072916666666,2.458645833333333
DM-06-06-08-02,2026-08-31,71.82000000000001,2.542708333333333
DM-06-06-08-02,2026-09-01,73.89854166666667,2.561354166666667
DM-06-06-08-03,2026-08-26,92.11916666666667,3.6259374999999996
DM-06-06-08-03,2026-08-27,94.85104166666667,3.4683333333333333
DM-06-06-08-03,2026-08-28,95.31166666666667,3.492395833333333
DM-06-06-08-03,2026-08-29,94.90291666666667,3.5022916666666664
DM-06-06-08-03,2026-08-30,94.90291666666667,3.5022916666666664
DM-06-06-08-03,2026-08-31,101.19177083333334,3.721458333333333
DM-06-06-08-03,2026-09-01,100.16666666666667,3.599895833333333
DM-06-06-09-01,2026-08-26,279.6454166666667,3.693125
DM-06-06-09-01,2026-08-27,271.20322916666663,3.8203125
DM-06-06-09-01,2026-08-28,272.53229166666665,3.7925
DM-06-06-09-01,2026-08-29,270.291875,3.8040625
DM-06-06-09-01,2026-08-30,275.5865625,3.7404166666666665
DM-06-06-09-01,2026-08-31,274.29697916666663,3.8151041666666665
DM-06-06-09-01,2026-09-01,269.2288541666667,3.8385416666666665
DM-06-06-09-02,2026-08-26,114.85010416666667,4.974166666666666
DM-06-06-09-02,2026-08-27,118.4928125,4.7703125
DM-06-06-09-02,2026-08-28,136.305625,4.65625
DM-06-06-09-02,2026-08-29,146.489375,4.739166666666667
DM-06-06-09-02,2026-08-30,146.489375,4.739166666666667
DM-06-06-09-02,2026-08-31,113.083125,5.04625
DM-06-06-09-02,2026-09-01,112.26937500000001,5.0146875
DM-06-06-09-03,2026-08-26,149.7809375,4.0441666666666665
DM-06-06-09-03,2026-08-27,155.55677083333333,4.51625
DM-06-06-09-03,2026-08-28,161.9359375,4.43875
DM-06-06-09-03,2026-08-29,157.09125,4.512604166666667
DM-06-06-09-03,2026-08-30,156.041875,4.4747916666666665
DM-06-06-09-03,2026-08-31,154.03062500000001,4.5190624999999995
DM-06-06-09-03,2026-09-01,152.755,4.466875
DM-06-06-10-01,2026-08-26,38.28177083333333,3.7325
DM-06-06-10-01,2026-08-27,37.83364583333333,3.8252083333333338
DM-06-06-10-01,2026-08-28,35.493229166666666,3.7876041666666667
DM-06-06-10-01,2026-08-29,45.16489583333333,3.670833333333333
DM-06-06-10-01,2026-08-30,39.16739583333334,4.202604166666666
DM-06-06-10-01,2026-08-31,37.86125,4.142916666666666
DM-06-06-10-01,2026-09-01,39.82604166666667,3.943229166666667
DM-06-06-10-02,2026-08-26,57.842083333333335,3.671041666666667
DM-06-06-10-02,2026-08-27,60.55479166666667,3.5665625
DM-06-06-10-02,2026-08-28,61.828854166666666,3.575208333333333
DM-06-06-10-02,2026-08-29,63.95635416666667,3.695520833333333
DM-06-06-10-02,2026-08-30,63.95635416666667,3.695520833333333
DM-06-06-10-02,2026-08-31,65.50708333333334,4.067083333333334
DM-06-06-10-02,2026-09-01,66.83822916666666,3.8701041666666662
DM-06-06-11-01,2026-08-26,76.54854166666667,2.5538541666666665
DM-06-06-11-01,2026-08-27,73.25614583333333,2.6088541666666667
DM-06-06-11-01,2026-08-28,64.91895833333334,2.5534375
DM-06-06-11-01,2026-08-29,59.590833333333336,2.545625
DM-06-06-11-01,2026-08-30,59.590833333333336,2.545625
DM-06-06-11-01,2026-08-31,68.93302083333333,3.243229166666667
DM-06-06-11-01,2026-09-01,68.69562499999999,3.1553125000000004
DM-06-06-11-02,2026-08-26,2.291770833333333,3.767708333333333
DM-06-06-11-02,2026-08-27,1.9239583333333332,3.6844791666666663
DM-06-06-11-02,2026-08-28,1.9389583333333331,3.698020833333333
DM-06-06-11-02,2026-08-29,1.581875,3.653020833333333
DM-06-06-11-02,2026-08-30,1.5573958333333333,3.653020833333333
DM-06-06-11-02,2026-08-31,2.137395833333333,4.432083333333334
DM-06-06-11-02,2026-09-01,2.133020833333333,4.3415625
DM-06-06-12-01,2026-08-26,91.41677083333333,3.7071875
DM-06-06-12-01,2026-08-27,81.7865625,3.6255208333333333
DM-06-06-12-01,2026-08-28,83.60197916666667,3.620416666666667
DM-06-06-12-01,2026-08-29,62.30864583333334,3.7604166666666665
DM-06-06-12-01,2026-08-30,62.306666666666665,3.7604166666666665
DM-06-06-12-01,2026-08-31,82.80458333333333,4.112708333333333
DM-06-06-12-01,2026-09-01,98.54302083333333,3.9067708333333333
DM-07-01-01-01,2026-08-26,326.43333333333334,3.76625
DM-07-01-01-01,2026-08-27,333.42979166666663,3.8275
DM-07-01-01-01,2026-08-28,327.5080208333333,3.7541666666666664
DM-07-01-01-01,2026-08-29,318.7482291666667,3.846979166666667
DM-07-01-01-01,2026-08-30,313.7397916666667,3.9389583333333333
DM-07-01-01-01,2026-08-31,322.08947916666665,3.9110416666666663
DM-07-01-01-01,2026-09-01,329.9990625,3.8580208333333332
DM-07-01-01-02,2026-08-26,70.40875,3.9762500000000003
DM-07-01-01-02,2026-08-27,71.38354166666666,4.042708333333334
DM-07-01-01-02,2026-08-28,71.38354166666666,3.975520833333333
DM-07-01-01-02,2026-08-29,82.58854166666667,4.032291666666667
DM-07-01-01-02,2026-08-30,81.295625,4.119166666666667
DM-07-01-01-02,2026-08-31,71.38354166666666,4.111770833333334
DM-07-01-01-02,2026-09-01,70.723125,4.0784375
DM-07-01-02-01,2026-08-26,296.51666666666665,3.5619791666666667
DM-07-01-02-01,2026-08-27,303.57947916666666,3.609375
DM-07-01-02-01,2026-08-28,295.95677083333334,3.5571875
DM-07-01-02-01,2026-08-29,287.8146875,3.6767708333333338
DM-07-01-02-01,2026-08-30,277.79552083333334,3.817395833333333
DM-07-01-02-01,2026-08-31,291.898125,3.7373958333333337
DM-07-01-02-01,2026-09-01,280.5278125,3.759895833333333
DM-07-01-02-02,2026-08-26,308.64406249999996,3.4540624999999996
DM-07-01-02-02,2026-08-27,305.26718750000003,3.526875
DM-07-01-02-02,2026-08-28,305.40760416666666,3.4555208333333334
DM-07-01-02-02,2026-08-29,291.37833333333333,3.5859375
DM-07-01-02-02,2026-08-30,281.32135416666665,3.712604166666667
DM-07-01-02-02,2026-08-31,295.2317708333333,3.651145833333333
DM-07-01-02-02,2026-09-01,291.86572916666665,3.6440625
DM-07-01-03-01,2026-08-26,195.06718750000002,3.6022916666666664
DM-07-01-03-01,2026-08-27,232.65729166666665,3.51
DM-07-01-03-01,2026-08-28,232.65729166666665,3.51
DM-07-01-03-01,2026-08-29,173.69322916666667,3.7706250000000003
DM-07-01-03-01,2026-08-30,131.55510416666667,3.669375
DM-07-01-03-01,2026-08-31,232.65729166666665,3.51
DM-07-01-03-01,2026-09-01,232.65729166666665,3.51
DM-07-01-04-01,2026-08-26,159.41979166666667,3.571979166666667
DM-07-01-04-01,2026-08-27,155.41375,3.6595833333333334
DM-07-01-04-01,2026-08-28,157.75927083333332,3.5528125
DM-07-01-04-01,2026-08-29,157.90208333333334,3.639375
DM-07-01-04-01,2026-08-30,153.55760416666666,3.736666666666667
DM-07-01-04-01,2026-08-31,152.21645833333335,3.739895833333333
DM-07-01-04-01,2026-09-01,155.37385416666666,3.7159375000000003
DM-07-01-04-02,2026-08-26,219.80031250000002,3.630729166666667
DM-07-01-04-02,2026-08-27,220.4178125,3.7096875
DM-07-01-04-02,2026-08-28,218.685625,3.6024999999999996
DM-07-01-04-02,2026-08-29,214.57520833333334,3.7113541666666667
DM-07-01-04-02,2026-08-30,213.07552083333334,3.797916666666667
DM-07-01-04-02,2026-08-31,215.46947916666667,3.798541666666667
DM-07-01-04-02,2026-09-01,217.56697916666667,3.7760416666666665
DM-07-01-04-03,2026-08-26,0.12,3.5400000000000005
DM-07-01-04-03,2026-08-27,0.12,3.5400000000000005
DM-07-01-04-03,2026-08-28,0.12,3.5400000000000005
DM-07-01-04-03,2026-08-29,0.11885416666666666,3.504375
DM-07-01-04-03,2026-08-30,0.11885416666666666,3.504375
DM-07-01-04-03,2026-08-31,0.12,3.5400000000000005
DM-07-01-04-03,2026-09-01,0.12,3.5400000000000005
DM-07-01-04-04,2026-08-26,145.44625,4.088333333333334
DM-07-01-04-04,2026-08-27,140.6034375,4.158541666666667
DM-07-01-04-04,2026-08-28,153.93333333333334,4.055729166666667
DM-07-01-04-04,2026-08-29,139.91885416666668,4.136875
DM-07-01-04-04,2026-08-30,132.62791666666666,4.224479166666667
DM-07-01-04-04,2026-08-31,141.101875,4.2159375
DM-07-01-04-04,2026-09-01,151.56833333333333,4.1812499999999995
DM-07-01-05-02,2026-08-27,5.39,1.89
DM-07-01-05-02,2026-08-28,1.948,3.274
DM-07-01-05-02,2026-08-29,4.635714285714286,2.632142857142857
DM-07-01-05-02,2026-08-30,4.193846153846154,2.7571794871794872
DM-07-01-05-02,2026-08-31,1.568888888888889,3.497777777777778
DM-07-01-05-02,2026-09-01,1.058,3.742
DM-07-01-05-03,2026-08-26,128.54958333333335,4.06625
DM-07-01-05-03,2026-08-27,129.77322916666665,4.113645833333334
DM-07-01-05-03,2026-08-28,126.81364583333334,4.0325
DM-07-01-05-03,2026-08-29,109.13260416666667,4.1007291666666665
DM-07-01-05-03,2026-08-30,110.64197916666666,4.1640625
DM-07-01-05-03,2026-08-31,71.95572916666667,4.19
DM-07-01-05-03,2026-09-01,124.99479166666667,4.164270833333333
DM-07-01-05-04,2026-08-26,117.435625,4.041979166666667
DM-07-01-05-04,2026-08-27,118.61510416666665,4.101145833333333
DM-07-01-05-04,2026-08-28,118.864375,4.03125
DM-07-01-05-04,2026-08-29,116.690625,4.1003125
DM-07-01-05-04,2026-08-30,116.2959375,4.1628125
DM-07-01-05-04,2026-08-31,117.0390625,4.166875
DM-07-01-05-04,2026-09-01,115.91833333333334,4.1525
DM-07-01-06-01,2026-08-26,128.25677083333332,4.171354166666666
DM-07-01-06-01,2026-08-27,128.26010416666665,4.214479166666666
DM-07-01-06-01,2026-08-28,129.5209375,4.161145833333333
DM-07-01-06-01,2026-08-29,126.89114583333333,4.169270833333333
DM-07-01-06-01,2026-08-30,124.83749999999999,4.2196875
DM-07-01-06-01,2026-08-31,126.07145833333334,4.287604166666667
DM-07-01-06-01,2026-09-01,126.6475,4.265416666666667
DM-07-01-06-02,2026-08-26,196.33510416666664,3.9606250000000003
DM-07-01-06-02,2026-08-27,197.8059375,3.9968749999999997
DM-07-01-06-02,2026-08-28,197.93125,3.9490625
DM-07-01-06-02,2026-08-29,196.20385416666667,3.9544791666666668
DM-07-01-06-02,2026-08-30,192.59541666666667,4.018958333333333
DM-07-01-06-02,2026-08-31,193.35822916666666,4.095416666666667
DM-07-01-06-02,2026-09-01,192.40572916666667,4.0763541666666665
DM-07-01-06-04,2026-08-26,70.13375,2.2622916666666666
DM-07-01-06-04,2026-08-27,67.5225,2.28
DM-07-01-06-04,2026-08-28,71.8840625,2.30125
DM-07-01-06-04,2026-08-29,71.53375,2.3995833333333336
DM-07-01-06-04,2026-08-30,69.90447916666666,2.4072916666666666
DM-07-01-06-04,2026-08-31,68.22427083333334,2.4377083333333336
DM-07-01-06-04,2026-09-01,69.34052083333333,2.408125
DM-07-01-07-01,2026-08-26,247.9865625,3.1873958333333334
DM-07-01-07-01,2026-08-27,248.53593750000002,3.230625
DM-07-01-07-01,2026-08-28,246.5353125,3.224479166666667
DM-07-01-07-01,2026-08-29,240.3978125,3.2809375000000003
DM-07-01-07-01,2026-08-30,240.3865625,3.2841666666666662
DM-07-01-07-01,2026-08-31,242.34729166666668,3.3627083333333334
DM-07-01-07-01,2026-09-01,239.80135416666667,3.361666666666667
DM-07-01-07-02,2026-08-26,208.98885416666667,3.9840625000000003
DM-07-01-07-02,2026-08-27,206.610625,4.035416666666666
DM-07-01-07-02,2026-08-28,205.62322916666668,3.997916666666667
DM-07-01-07-02,2026-08-29,202.4715625,3.9945833333333334
DM-07-01-07-02,2026-08-30,199.72041666666667,4.0228125
DM-07-01-07-02,2026-08-31,201.96875,4.133020833333333
DM-07-01-07-02,2026-09-01,199.88854166666667,4.121354166666666
DM-07-01-07-03,2026-08-26,161.72947916666666,4.107291666666667
DM-07-01-07-03,2026-08-27,161.72947916666666,4.107291666666667
DM-07-01-07-03,2026-08-28,161.72947916666666,4.107291666666667
DM-07-01-07-03,2026-08-29,160.10104166666667,4.1701041666666665
DM-07-01-07-03,2026-08-30,159.2334375,4.146041666666666
DM-07-01-07-03,2026-08-31,161.72947916666666,4.107291666666667
DM-07-01-07-03,2026-09-01,161.72947916666666,4.107291666666667
DM-07-01-08-01,2026-08-26,161.61322916666668,4.319166666666667
DM-07-01-08-01,2026-08-27,161.61322916666668,4.319166666666667
DM-07-01-08-01,2026-08-28,161.61322916666668,4.319166666666667
DM-07-01-08-01,2026-08-29,162.98625,4.314166666666667
DM-07-01-08-01,2026-08-30,161.91520833333334,4.265104166666666
DM-07-01-08-01,2026-08-31,161.61322916666668,4.319166666666667
DM-07-01-08-01,2026-09-01,161.61322916666668,4.319166666666667
DM-07-01-08-02,2026-08-26,183.26614583333333,3.411979166666667
DM-07-01-08-02,2026-08-27,182.98364583333333,3.4462499999999996
DM-07-01-08-02,2026-08-28,181.7753125,3.411354166666667
DM-07-01-08-02,2026-08-29,190.46395833333335,3.376666666666667
DM-07-01-08-02,2026-08-30,190.2228125,3.398125
DM-07-01-08-02,2026-08-31,178.4246875,3.5551041666666667
DM-07-01-08-02,2026-09-01,180.19708333333332,3.5463541666666667
DM-07-01-09-01,2026-08-26,0.05000000000000001,0.0
DM-07-01-09-01,2026-08-27,34.541562500000005,0.0003125
DM-07-01-09-01,2026-08-28,78.90927083333334,0.0028125000000000003
DM-07-01-09-01,2026-08-29,72.629375,0.001979166666666667
DM-07-01-09-01,2026-08-30,81.90354166666667,0.001979166666666667
DM-07-01-09-01,2026-08-31,73.724375,0.0025
DM-07-01-09-01,2026-09-01,70.40145833333334,0.0025
DM-07-01-09-02,2026-08-26,54.17979166666667,4.033541666666667
DM-07-01-09-02,2026-08-27,53.55916666666667,4.072916666666667
DM-07-01-09-02,2026-08-28,55.02135416666667,4.043958333333333
DM-07-01-09-02,2026-08-29,49.58197916666666,4.016354166666667
DM-07-01-09-02,2026-08-30,46.161249999999995,4.045729166666667
DM-07-01-09-02,2026-08-31,53.653645833333336,4.160520833333334
DM-07-01-09-02,2026-09-01,57.133229166666666,4.1502083333333335
DM-07-01-09-03,2026-08-26,186.85968749999998,3.2073958333333334
DM-07-01-09-03,2026-08-27,194.44510416666665,3.216041666666667
DM-07-01-09-03,2026-08-28,194.98406250000002,3.1755208333333336
DM-07-01-09-03,2026-08-29,174.48749999999998,3.2420833333333334
DM-07-01-09-03,2026-08-30,171.00729166666667,3.256145833333333
DM-07-01-09-03,2026-08-31,190.60354166666664,3.3175000000000003
DM-07-01-09-03,2026-09-01,191.16083333333333,3.3096875000000003
DM-07-01-09-05,2026-08-26,0.0,4.1390625000000005
DM-07-01-09-05,2026-08-27,39.5221875,4.174375
DM-07-01-09-05,2026-08-28,79.12927083333334,4.141666666666667
DM-07-01-09-05,2026-08-29,92.93385416666666,3.418958333333333
DM-07-01-09-05,2026-08-30,91.76572916666667,3.52125
DM-07-01-09-05,2026-08-31,81.5584375,4.249375
DM-07-01-09-05,2026-09-01,73.799375,4.2378124999999995
DM-07-01-09-06,2026-08-26,143.30958333333334,2.8229166666666665
DM-07-01-09-06,2026-08-27,144.8590625,2.84375
DM-07-01-09-06,2026-08-28,152.26239583333333,2.8098958333333335
DM-07-01-09-06,2026-08-29,140.1403125,2.835625
DM-07-01-09-06,2026-08-30,136.56354166666668,2.8594791666666666
DM-07-01-09-06,2026-08-31,146.36697916666665,2.9165625
DM-07-01-09-06,2026-09-01,146.18520833333335,2.914270833333333
DM-07-01-10-01,2026-08-26,208.82572916666666,3.3070833333333334
DM-07-01-10-01,2026-08-27,202.38979166666664,3.3659375
DM-07-01-10-01,2026-08-28,196.9178125,3.3578125
DM-07-01-10-01,2026-08-29,204.18041666666667,3.3111458333333332
DM-07-01-10-01,2026-08-30,208.96562500000002,3.321875
DM-07-01-10-01,2026-08-31,204.12479166666665,3.4615625
DM-07-01-10-01,2026-09-01,201.32729166666664,3.469791666666667
DM-07-01-11-01,2026-08-26,78.70197916666667,3.2816666666666667
DM-07-01-11-01,2026-08-27,79.00677083333333,3.307916666666667
DM-07-01-11-01,2026-08-28,79.24072916666667,3.2616666666666667
DM-07-01-11-01,2026-08-29,78.54385416666666,3.288020833333333
DM-07-01-11-01,2026-08-30,78.814375,3.2976041666666664
DM-07-01-11-01,2026-08-31,77.96614583333333,3.4140625
DM-07-01-11-01,2026-09-01,77.56166666666667,3.4168749999999997
DM-07-01-11-03,2026-08-26,235.38072916666667,3.766666666666667
DM-07-01-11-03,2026-08-27,237.59364583333334,3.7877083333333332
DM-07-01-11-03,2026-08-28,237.25875,3.750208333333333
DM-07-01-11-03,2026-08-29,232.43989583333334,3.7743749999999996
DM-07-01-11-03,2026-08-30,233.65625,3.781041666666667
DM-07-01-11-03,2026-08-31,236.89041666666665,3.8763541666666668
DM-07-01-11-03,2026-09-01,233.92437500000003,3.884375
DM-07-04-01-01,2026-08-26,209.045625,2.248125
DM-07-04-01-01,2026-08-27,209.00322916666667,2.243958333333333
DM-07-04-01-01,2026-08-28,208.364375,2.2178125
DM-07-04-01-01,2026-08-29,212.1654166666667,2.1747916666666667
DM-07-04-01-01,2026-08-30,214.189375,2.183125
DM-07-04-01-01,2026-08-31,206.95979166666666,2.3671875
DM-07-04-01-01,2026-09-01,207.1390625,2.3970833333333332
DM-07-04-02-01,2026-08-26,239.46177083333336,3.8436458333333334
DM-07-04-02-01,2026-08-27,245.75343750000002,3.783125
DM-07-04-02-01,2026-08-28,246.47489583333333,3.748333333333333
DM-07-04-02-01,2026-08-29,241.22552083333335,3.756145833333333
DM-07-04-02-01,2026-08-30,246.16135416666668,3.7209375
DM-07-04-02-01,2026-08-31,241.13604166666667,3.9234375
DM-07-04-02-01,2026-09-01,243.51083333333335,3.9189583333333338
DM-07-04-02-02,2026-08-26,117.79104166666667,4.891666666666667
DM-07-04-02-02,2026-08-27,117.01406250000001,4.866979166666667
DM-07-04-02-02,2026-08-28,120.55229166666668,4.8371875
DM-07-04-02-02,2026-08-29,108.781875,4.8081249999999995
DM-07-04-02-02,2026-08-30,112.2021875,4.801354166666667
DM-07-04-02-02,2026-08-31,131.69760416666665,4.935416666666667
DM-07-04-02-02,2026-09-01,125.85281250000001,4.983229166666667
DM-07-04-03-01,2026-08-26,46.0278125,2.7256250000000004
DM-07-04-03-01,2026-08-27,48.21395833333333,2.7085416666666666
DM-07-04-03-01,2026-08-28,47.30739583333334,2.7025
DM-07-04-03-01,2026-08-29,56.52947916666667,2.749791666666667
DM-07-04-03-01,2026-08-30,50.1909375,2.7490625000000004
DM-07-04-03-01,2026-08-31,43.877916666666664,2.8346875
DM-07-04-03-01,2026-09-01,44.09,2.8406249999999997
DM-07-04-03-02,2026-08-26,0.05000000000000001,5.163020833333333
DM-07-04-03-02,2026-08-27,15.980312499999998,5.1321875
DM-07-04-03-02,2026-08-28,37.400625,5.135208333333334
DM-07-04-03-02,2026-08-29,33.5615625,5.0477083333333335
DM-07-04-03-02,2026-08-30,33.25770833333333,5.088229166666667
DM-07-04-03-02,2026-08-31,37.23458333333333,5.292395833333333
DM-07-04-03-02,2026-09-01,34.38229166666667,5.29625
DM-07-04-03-03,2026-08-26,188.85666666666668,4.844895833333333
DM-07-04-03-03,2026-08-27,188.33791666666664,4.8153125
DM-07-04-03-03,2026-08-28,179.26906250000002,4.835
DM-07-04-03-03,2026-08-29,191.0603125,4.716770833333333
DM-07-04-03-03,2026-08-30,213.70635416666667,4.7834375
DM-07-04-03-03,2026-08-31,215.24895833333335,5.018020833333334
DM-07-04-03-03,2026-09-01,145.69260416666665,5.017604166666667
DM-07-04-04-01,2026-08-26,86.23072916666666,3.292291666666667
DM-07-04-04-01,2026-08-27,81.12572916666666,3.314583333333333
DM-07-04-04-01,2026-08-28,66.69791666666667,3.2646875000000004
DM-07-04-04-01,2026-08-29,69.9028125,3.2763541666666662
DM-07-04-04-01,2026-08-30,75.74385416666667,3.290104166666667
DM-07-04-04-01,2026-08-31,79.49,3.4309375
DM-07-04-04-01,2026-09-01,81.10968749999999,3.44375
DM-07-04-04-02,2026-08-26,74.78010416666667,3.530625
DM-07-04-04-02,2026-08-27,68.54239583333333,3.1690625000000003
DM-07-04-04-02,2026-08-28,72.424375,3.2373958333333337
DM-07-04-04-02,2026-08-29,70.60916666666667,3.243229166666667
DM-07-04-04-02,2026-08-30,70.05791666666667,3.241979166666667
DM-07-04-04-02,2026-08-31,69.05312500000001,3.4058333333333333
DM-07-04-04-02,2026-09-01,68.61166666666666,3.4255208333333336
DM-07-04-05-01,2026-08-26,150.18020833333333,2.7975
DM-07-04-05-01,2026-08-27,156.93989583333334,2.7746875
DM-07-04-05-01,2026-08-28,159.63385416666668,2.7554166666666666
DM-07-04-05-01,2026-08-29,148.28020833333332,2.7866666666666666
DM-07-04-05-01,2026-08-30,146.35645833333334,2.8083333333333336
DM-07-04-05-01,2026-08-31,158.96958333333333,2.8815625
DM-07-04-05-01,2026-09-01,140.42041666666668,2.931770833333333
DM-07-04-06-01,2026-08-26,164.1378125,2.2796875
DM-07-04-06-01,2026-08-27,164.95083333333335,2.2647916666666665
DM-07-04-06-01,2026-08-28,165.08739583333332,2.2386458333333334
DM-07-04-06-01,2026-08-29,163.10468749999998,2.255520833333333
DM-07-04-06-01,2026-08-30,159.19416666666666,2.268333333333333
DM-07-04-06-01,2026-08-31,159.53437499999998,2.388854166666667
DM-07-04-06-01,2026-09-01,160.69958333333332,2.43125
DM-07-04-07-01,2026-08-26,94.936875,2.8428125000000004
DM-07-04-07-01,2026-08-27,92.37093750000001,2.8511458333333333
DM-07-04-07-01,2026-08-28,92.79010416666667,2.821979166666667
DM-07-04-07-01,2026-08-29,96.22614583333332,2.821354166666667
DM-07-04-07-01,2026-08-30,95.13135416666667,2.824375
DM-07-04-07-01,2026-08-31,92.36062500000001,2.9460416666666664
DM-07-04-07-01,2026-09-01,92.19010416666667,2.9501041666666663
DM-07-04-08-01,2026-08-26,106.43291666666666,3.435416666666667
DM-07-04-08-01,2026-08-27,109.71020833333334,3.4225
DM-07-04-08-01,2026-08-28,108.47812499999999,3.3947916666666664
DM-07-04-08-01,2026-08-29,108.69760416666666,3.392708333333333
DM-07-04-08-01,2026-08-30,112.45729166666666,3.381145833333333
DM-07-04-08-01,2026-08-31,116.86572916666667,3.4921875
DM-07-04-08-01,2026-09-01,116.69197916666667,3.5009374999999996
DM-07-04-08-02,2026-08-26,87.04447916666668,2.455
DM-07-04-08-02,2026-08-27,86.14677083333333,2.4540625
DM-07-04-08-02,2026-08-28,88.86177083333332,2.449479166666667
DM-07-04-08-02,2026-08-29,88.90197916666666,2.4530208333333334
DM-07-04-08-02,2026-08-30,88.55760416666668,2.453958333333333
DM-07-04-08-02,2026-08-31,85.36833333333334,2.4815625
DM-07-04-08-02,2026-09-01,87.75906250000001,2.4790625
DM-07-04-09-01,2026-08-26,25.298020833333336,4.090729166666667
DM-07-04-09-01,2026-08-27,24.9934375,4.073333333333333
DM-07-04-09-01,2026-08-28,25.67322916666667,4.05375
DM-07-04-09-01,2026-08-29,27.352708333333336,4.059583333333333
DM-07-04-09-01,2026-08-30,26.523750000000003,4.06625
DM-07-04-09-01,2026-08-31,25.091458333333335,4.191979166666667
DM-07-04-09-01,2026-09-01,25.105625,4.231770833333333
DM-07-04-10-01,2026-08-26,0.0,2.9717708333333337
DM-07-04-10-01,2026-08-27,70.64677083333333,2.9637499999999997
DM-07-04-10-01,2026-08-28,178.91885416666665,2.943020833333333
DM-07-04-10-01,2026-08-29,137.629375,2.950625
DM-07-04-10-01,2026-08-30,147.06447916666667,2.942083333333333
DM-07-04-10-01,2026-08-31,178.91885416666665,3.0455208333333332
DM-07-04-10-01,2026-09-01,158.865625,3.0516666666666663
DM-07-04-10-02,2026-08-26,17.254270833333333,3.5141666666666667
DM-07-04-10-02,2026-08-27,15.473125000000001,3.5085416666666664
DM-07-04-10-02,2026-08-28,15.92875,3.481666666666667
DM-07-04-10-02,2026-08-29,13.793333333333335,3.5189583333333334
DM-07-04-10-02,2026-08-30,14.238958333333334,3.514791666666667
DM-07-04-10-02,2026-08-31,14.149895833333334,3.674166666666667
DM-07-04-10-02,2026-09-01,16.068125,3.6830208333333334
DM-07-04-11-01,2026-08-26,99.3525,4.316041666666666
DM-07-04-11-01,2026-08-27,98.74395833333334,4.2996875
DM-07-04-11-01,2026-08-28,97.4209375,4.273750000000001
DM-07-04-11-01,2026-08-29,97.92541666666666,4.2640625000000005
DM-07-04-11-01,2026-08-30,99.49541666666666,4.255520833333334
DM-07-04-11-01,2026-08-31,98.34989583333333,4.423333333333333
DM-07-04-11-01,2026-09-01,97.48572916666666,4.423333333333333
DM-07-04-11-03,2026-08-26,249.50447916666667,4.094791666666667
DM-07-04-11-03,2026-08-27,248.72,4.085625
DM-07-04-11-03,2026-08-28,248.461875,4.054791666666667
DM-07-04-11-03,2026-08-29,249.94614583333336,4.051875
DM-07-04-11-03,2026-08-30,251.53875000000002,4.043333333333334
DM-07-04-11-03,2026-08-31,246.63947916666666,4.2053125
DM-07-04-11-03,2026-09-01,247.71885416666666,4.221145833333334
DM-07-04-12-01,2026-08-26,172.34229166666668,3.49375
DM-07-04-12-01,2026-08-27,174.22677083333335,3.4928125
DM-07-04-12-01,2026-08-28,173.675625,3.450416666666667
DM-07-04-12-01,2026-08-29,172.17885416666664,3.4715624999999997
DM-07-04-12-01,2026-08-30,172.5975,3.4565625
DM-07-04-12-01,2026-08-31,170.52135416666667,3.604270833333333
DM-07-04-12-01,2026-09-01,171.905625,3.6132291666666667
DM-07-04-12-02,2026-08-26,154.63218750000001,3.4214583333333333
DM-07-04-12-02,2026-08-27,156.07343749999998,3.4042708333333334
DM-07-04-12-02,2026-08-28,154.78291666666667,3.3822916666666667
DM-07-04-12-02,2026-08-29,152.4340625,3.3959375
DM-07-04-12-02,2026-08-30,152.86625,3.4010416666666665
DM-07-04-12-02,2026-08-31,153.53947916666667,3.5721875
DM-07-04-12-02,2026-09-01,154.20489583333332,3.6008333333333336
DM-07-04-13-01,2026-08-26,500.0,0.0
DM-07-04-13-01,2026-08-27,396.60791666666665,0.26958333333333334
DM-07-04-13-01,2026-08-28,219.85489583333333,0.005625000000000001
DM-07-04-13-01,2026-08-29,178.28666666666666,0.33375
DM-07-04-13-01,2026-08-30,177.93802083333333,0.32958333333333334
DM-07-04-13-01,2026-08-31,218.68875,0.8879166666666666
DM-07-04-13-01,2026-09-01,261.33489583333335,0.5035416666666667
DM-07-04-13-02,2026-08-26,85.10447916666666,3.3498958333333335
DM-07-04-13-02,2026-08-27,85.63687499999999,3.307395833333333
DM-07-04-13-02,2026-08-28,84.31114583333333,3.2819791666666664
DM-07-04-13-02,2026-08-29,78.765,3.1889583333333333
DM-07-04-13-02,2026-08-30,75.33322916666667,3.1565624999999997
DM-07-04-13-02,2026-08-31,84.9053125,3.2284375
DM-07-04-13-02,2026-09-01,83.36989583333333,3.2395833333333335
DM-07-04-14-01,2026-08-26,137.696875,3.4936458333333333
DM-07-04-14-01,2026-08-27,138.2159375,3.489895833333333
DM-07-04-14-01,2026-08-28,138.44072916666667,3.4526041666666667
DM-07-04-14-01,2026-08-29,138.61072916666666,3.4912500000000004
DM-07-04-14-01,2026-08-30,138.73458333333335,3.452083333333333
DM-07-04-14-01,2026-08-31,138.05354166666666,3.586979166666667
DM-07-04-14-01,2026-09-01,137.87427083333333,3.5898958333333333
DM-07-04-15-01,2026-08-26,213.90416666666667,3.4457291666666667
DM-07-04-15-01,2026-08-27,214.51802083333334,3.427604166666667
DM-07-04-15-01,2026-08-28,214.39447916666666,3.393125
DM-07-04-15-01,2026-08-29,213.30197916666668,3.426458333333333
DM-07-04-15-01,2026-08-30,213.58197916666666,3.404583333333333
DM-07-04-15-01,2026-08-31,214.88666666666666,3.53
DM-07-04-15-01,2026-09-01,216.90041666666664,3.5311458333333334
DM-07-04-15-02,2026-08-26,150.6996875,2.4022916666666667
DM-07-04-15-02,2026-08-27,149.45697916666666,2.4013541666666667
DM-07-04-15-02,2026-08-28,150.0609375,2.3959375
DM-07-04-15-02,2026-08-29,151.60333333333332,2.4021874999999997
DM-07-04-15-02,2026-08-30,150.46135416666667,2.4023958333333333
DM-07-04-15-02,2026-08-31,150.49791666666667,2.4297916666666666
DM-07-04-15-02,2026-09-01,145.85958333333335,2.430520833333333
DM-07-04-16-01,2026-08-26,147.66072916666667,3.124375
DM-07-04-16-01,2026-08-27,148.97052083333332,2.8126041666666666
DM-07-04-16-01,2026-08-28,147.4565625,2.8027083333333334
DM-07-04-16-01,2026-08-29,143.63416666666666,3.1356249999999997
DM-07-04-16-01,2026-08-30,140.6525,3.328125
DM-07-04-16-01,2026-08-31,143.61104166666667,3.530625
DM-07-04-16-01,2026-09-01,142.88770833333334,3.586145833333333
DM-07-04-16-02,2026-08-26,88.7503125,3.1053125
DM-07-04-16-02,2026-08-27,88.6278125,3.080833333333333
DM-07-04-16-02,2026-08-28,89.060625,3.0359374999999997
DM-07-04-16-02,2026-08-29,87.88239583333335,2.9012499999999997
DM-07-04-16-02,2026-08-30,86.53114583333333,2.8746875000000003
DM-07-04-16-02,2026-08-31,87.48520833333333,3.1844791666666663
DM-07-04-16-02,2026-09-01,86.63791666666667,3.1822916666666665
DM-07-04-16-04,2026-08-26,4.7700000000000005,2.986785714285714
DM-07-04-16-04,2026-08-27,5.2709090909090905,3.142121212121212
DM-07-04-16-04,2026-08-28,5.874137931034483,3.0620689655172413
DM-07-04-16-04,2026-08-29,2.4457142857142857,3.2523809523809524
DM-07-04-16-04,2026-08-30,4.4795454545454545,3.160909090909091
DM-07-04-16-04,2026-08-31,6.39,3.2455882352941177
DM-07-04-16-04,2026-09-01,6.0215151515151515,3.267272727272727
DM-07-04-16-05,2026-08-26,47.943333333333335,2.6001041666666667
DM-07-04-16-05,2026-08-27,46.664375,2.5915624999999998
DM-07-04-16-05,2026-08-28,46.490208333333335,2.565
DM-07-04-16-05,2026-08-29,49.63677083333334,2.58875
DM-07-04-16-05,2026-08-30,51.26458333333333,2.5580208333333334
DM-07-04-16-05,2026-08-31,47.294270833333336,2.74
DM-07-04-16-05,2026-09-01,47.36208333333334,2.743854166666667
DM-07-04-18-01,2026-08-26,500.0,3.9751041666666667
DM-07-04-18-01,2026-08-27,416.4316666666667,3.9608333333333334
DM-07-04-18-01,2026-08-28,176.0684375,3.9344791666666663
DM-07-04-18-01,2026-08-29,125.22989583333333,3.9308333333333336
DM-07-04-18-01,2026-08-30,140.93031249999999,3.9222916666666667
DM-07-04-18-01,2026-08-31,176.0684375,4.074895833333334
DM-07-04-18-01,2026-09-01,202.6627083333333,4.089895833333333
DM-07-04-19-01,2026-08-26,174.73958333333334,2.8861458333333334
DM-07-04-19-01,2026-08-27,173.48541666666665,2.8874999999999997
DM-07-04-19-01,2026-08-28,174.79052083333332,2.85375
DM-07-04-19-01,2026-08-29,182.705,2.7954166666666667
DM-07-04-19-01,2026-08-30,181.68260416666666,2.8115625000000004
DM-07-04-19-01,2026-08-31,170.7385416666667,2.9769791666666667
DM-07-04-19-01,2026-09-01,170.198125,3.01375
DM-07-04-20-01,2026-08-26,45.3515625,4.4953125
DM-07-04-20-01,2026-08-27,47.3865625,4.475833333333333
DM-07-04-20-01,2026-08-28,47.071979166666665,4.445104166666667
DM-07-04-20-01,2026-08-29,40.21625,4.449375
DM-07-04-20-01,2026-08-30,42.095625,4.442916666666666
DM-07-04-20-01,2026-08-31,43.55479166666667,4.5893749999999995
DM-07-04-20-01,2026-09-01,45.700625,4.599270833333333
DM-07-04-21-01,2026-08-26,65.36333333333333,2.9530208333333334
DM-07-04-21-01,2026-08-27,66.27395833333334,2.9367708333333336
DM-07-04-21-01,2026-08-28,65.514375,2.8984375
DM-07-04-21-01,2026-08-29,67.994375,2.9025
DM-07-04-21-01,2026-08-30,67.050625,2.9010416666666665
DM-07-04-21-01,2026-08-31,66.84,3.0345833333333334
DM-07-04-21-01,2026-09-01,64.53427083333334,3.0387500000000003
DM-07-04-22-01,2026-08-26,109.68260416666668,5.473333333333334
DM-07-04-22-01,2026-08-27,108.73322916666666,5.4478125
DM-07-04-22-01,2026-08-28,108.91864583333334,5.430625
DM-07-04-22-01,2026-08-29,111.42979166666667,5.3410416666666665
DM-07-04-22-01,2026-08-30,111.86843750000001,5.3059375
DM-07-04-22-01,2026-08-31,109.26989583333334,5.553333333333334
DM-07-04-22-01,2026-09-01,107.749375,5.531770833333333
DM-07-04-22-02,2026-08-26,161.42802083333333,5.479166666666667
DM-07-04-22-02,2026-08-27,160.5134375,5.453749999999999
DM-07-04-22-02,2026-08-28,161.1861458333333,5.4312499999999995
DM-07-04-22-02,2026-08-29,157.80135416666667,5.3325000000000005
DM-07-04-22-02,2026-08-30,159.56604166666668,5.3246875000000005
DM-07-04-22-02,2026-08-31,158.78802083333332,5.566354166666667
DM-07-04-22-02,2026-09-01,158.64354166666666,5.5309375
DM-07-04-23-01,2026-08-26,191.85270833333334,4.973645833333333
DM-07-04-23-01,2026-08-27,190.67614583333332,4.95375
DM-07-04-23-01,2026-08-28,194.05291666666668,4.920416666666667
DM-07-04-23-01,2026-08-29,195.00875,4.874270833333333
DM-07-04-23-01,2026-08-30,196.06822916666667,4.8654166666666665
DM-07-04-23-01,2026-08-31,190.7747916666667,5.041145833333333
DM-07-04-23-01,2026-09-01,192.78562499999998,5.062083333333333
DM-07-05-01-01,2026-08-26,308.78572916666667,3.455625
DM-07-05-01-01,2026-08-27,310.97291666666666,3.5246875
DM-07-05-01-01,2026-08-28,310.77760416666666,3.4454166666666666
DM-07-05-01-01,2026-08-29,289.4379166666667,3.6045833333333337
DM-07-05-01-01,2026-08-30,281.9683333333333,3.7284375
DM-07-05-01-01,2026-08-31,305.1879166666667,3.6065625000000003
DM-07-05-01-01,2026-09-01,306.2810416666667,3.571354166666667
DM-07-05-02-01,2026-08-26,500.0,3.231875
DM-07-05-02-01,2026-08-27,405.2634375,3.3040625
DM-07-05-02-01,2026-08-28,228.22270833333334,3.219375
DM-07-05-02-01,2026-08-29,179.59124999999997,3.3635416666666664
DM-07-05-02-01,2026-08-30,189.7121875,3.4935416666666668
DM-07-05-02-01,2026-08-31,228.2665625,3.4149999999999996
DM-07-05-02-01,2026-09-01,245.0192708333333,3.4073958333333336
DM-07-05-02-02,2026-08-26,20.806458333333335,2.8683333333333336
DM-07-05-02-02,2026-08-27,19.598229166666666,2.9228124999999996
DM-07-05-02-02,2026-08-28,18.388333333333332,2.8570833333333336
DM-07-05-02-02,2026-08-29,17.220104166666665,2.9615625
DM-07-05-02-02,2026-08-30,12.654583333333333,3.070520833333333
DM-07-05-02-02,2026-08-31,14.935520833333333,3.009375
DM-07-05-02-02,2026-09-01,15.430208333333333,2.99375
DM-07-05-02-03,2026-08-26,44.0525,3.2733333333333334
DM-07-05-02-03,2026-08-27,44.39489583333333,3.3625000000000003
DM-07-05-02-03,2026-08-28,46.2028125,3.29875
DM-07-05-02-03,2026-08-29,46.090833333333336,3.3325
DM-07-05-02-03,2026-08-30,44.87562500000001,3.0535416666666664
DM-07-05-02-03,2026-08-31,47.20666666666667,3.1694791666666666
DM-07-05-02-03,2026-09-01,46.29239583333333,3.1843749999999997
DM-07-05-03-01,2026-08-26,98.76135416666666,2.962604166666667
DM-07-05-03-01,2026-08-27,97.88895833333333,3.0646875
DM-07-05-03-01,2026-08-28,99.99041666666666,2.929895833333333
DM-07-05-03-01,2026-08-29,72.64135416666666,3.0525
DM-07-05-03-01,2026-08-30,73.25260416666667,3.1588541666666665
DM-07-05-03-01,2026-08-31,95.73447916666667,3.1171875
DM-07-05-03-01,2026-09-01,91.6396875,3.102395833333333
DM-07-05-03-02,2026-08-26,232.55583333333334,2.82375
DM-07-05-03-02,2026-08-27,227.0896875,2.93875
DM-07-05-03-02,2026-08-28,196.14395833333333,2.9425000000000003
DM-07-05-03-02,2026-08-29,195.37583333333336,3.0552083333333333
DM-07-05-03-02,2026-08-30,184.97166666666666,3.1740625
DM-07-05-03-02,2026-08-31,165.28572916666667,3.2065625
DM-07-05-03-02,2026-09-01,164.25552083333335,3.1394791666666664
DM-07-05-04-01,2026-08-26,83.26760416666666,3.0338541666666665
DM-07-05-04-01,2026-08-27,82.34531249999999,3.1121874999999997
DM-07-05-04-01,2026-08-28,83.07645833333333,3.021145833333333
DM-07-05-04-01,2026-08-29,83.90197916666666,3.1105208333333336
DM-07-05-04-01,2026-08-30,82.67541666666666,3.1871875
DM-07-05-04-01,2026-08-31,84.0759375,3.1682291666666664
DM-07-05-04-01,2026-09-01,82.8384375,3.158125
DM-07-05-04-02,2026-08-26,174.37979166666665,4.305625
DM-07-05-04-02,2026-08-27,175.35083333333333,4.3621875
DM-07-05-04-02,2026-08-28,174.50979166666664,4.302291666666666
DM-07-05-04-02,2026-08-29,174.45895833333336,4.273125
DM-07-05-04-02,2026-08-30,176.16229166666665,4.3142708333333335
DM-07-05-04-02,2026-08-31,174.92739583333332,4.385729166666667
DM-07-05-04-02,2026-09-01,174.50270833333332,4.3603125
DM-07-05-04-03,2026-08-26,235.71302083333333,3.3390625000000003
DM-07-05-04-03,2026-08-27,219.79145833333334,3.4409375
DM-07-05-04-03,2026-08-28,304.588125,3.0667708333333334
DM-07-05-04-03,2026-08-29,279.4238541666667,3.1848958333333335
DM-07-05-04-03,2026-08-30,221.89489583333332,3.2531250000000003
DM-07-05-04-03,2026-08-31,177.33843750000003,3.0533333333333332
DM-07-05-04-03,2026-09-01,184.831875,3.05625
DM-07-05-05-01,2026-08-26,1.2385416666666667,3.550625
DM-07-05-05-01,2026-08-27,1.2421875,3.6484375
DM-07-05-05-01,2026-08-28,1.2396875,3.5142708333333332
DM-07-05-05-01,2026-08-29,0.9672916666666667,3.6016666666666666
DM-07-05-05-01,2026-08-30,0.9290625,3.7100000000000004
DM-07-05-05-01,2026-08-31,1.238125,3.7094791666666667
DM-07-05-05-01,2026-09-01,1.20625,3.7059374999999997
DM-07-05-05-02,2026-08-26,222.8453125,4.8240625
DM-07-05-05-02,2026-08-27,221.46010416666664,4.900520833333333
DM-07-05-05-02,2026-08-28,225.26958333333334,4.825104166666667
DM-07-05-05-02,2026-08-29,220.32552083333334,4.8019791666666665
DM-07-05-05-02,2026-08-30,215.2790625,4.846875
DM-07-05-05-02,2026-08-31,217.4601041666667,4.925104166666666
DM-07-05-05-02,2026-09-01,215.12583333333336,4.894583333333333
DM-07-05-06-01,2026-08-26,123.43145833333334,4.301666666666667
DM-07-05-06-01,2026-08-27,122.50614583333333,4.359791666666667
DM-07-05-06-01,2026-08-28,125.29864583333334,4.287708333333334
DM-07-05-06-01,2026-08-29,112.15697916666666,4.355416666666667
DM-07-05-06-01,2026-08-30,114.28364583333332,4.42125
DM-07-05-06-01,2026-08-31,125.15947916666666,4.4215625
DM-07-05-06-01,2026-09-01,121.60125,4.408541666666667
DM-07-05-06-02,2026-08-26,99.70364583333333,4.224375
DM-07-05-06-02,2026-08-27,97.25114583333334,4.280625
DM-07-05-06-02,2026-08-28,100.89041666666667,4.19
DM-07-05-06-02,2026-08-29,96.40697916666666,4.268541666666667
DM-07-05-06-02,2026-08-30,94.23458333333333,4.418229166666666
DM-07-05-06-02,2026-08-31,99.0125,4.314375
DM-07-05-06-02,2026-09-01,97.1878125,4.304479166666667
DM-07-05-07-01,2026-08-26,213.8475,5.275833333333334
DM-07-05-07-01,2026-08-27,212.34343750000002,5.323854166666666
DM-07-05-07-01,2026-08-28,212.62625,5.2696875
DM-07-05-07-01,2026-08-29,201.426875,5.3109375000000005
DM-07-05-07-01,2026-08-30,195.224375,5.418125
DM-07-05-07-01,2026-08-31,211.21166666666667,5.363229166666667
DM-07-05-07-01,2026-09-01,211.21343750000003,5.3237499999999995
DM-07-05-08-01,2026-08-26,369.169375,5.560625000000001
DM-07-05-08-01,2026-08-27,369.5584375,5.616145833333333
DM-07-05-08-01,2026-08-28,361.0285416666666,5.5753125
DM-07-05-08-01,2026-08-29,354.6628125,5.622916666666666
DM-07-05-08-01,2026-08-30,353.14750000000004,5.6196875
DM-07-05-08-01,2026-08-31,364.175625,5.673125
DM-07-05-08-01,2026-09-01,347.826875,5.6855208333333325
DM-07-05-09-01,2026-08-26,135.63593749999998,3.288854166666667
DM-07-05-09-01,2026-08-27,131.79489583333333,3.3707291666666666
DM-07-05-09-01,2026-08-28,131.79489583333333,3.4053124999999995
DM-07-05-09-01,2026-08-29,141.9475,2.993020833333333
DM-07-05-09-01,2026-08-30,141.93208333333334,3.064583333333333
DM-07-05-09-01,2026-08-31,161.37322916666668,3.3310416666666662
DM-07-05-09-01,2026-09-01,139.34687499999998,3.515833333333333
DM-07-05-09-02,2026-08-26,253.21052083333333,3.6927083333333335
DM-07-05-09-02,2026-08-27,248.74020833333336,3.7373958333333337
DM-07-05-09-02,2026-08-28,236.78104166666665,3.726770833333333
DM-07-05-09-02,2026-08-29,175.08666666666667,3.610208333333333
DM-07-05-09-02,2026-08-30,183.53302083333332,3.6481250000000003
DM-07-05-09-02,2026-08-31,241.33,3.8408333333333338
DM-07-05-09-02,2026-09-01,234.44968749999998,3.8534375
DM-07-05-10-02,2026-08-26,80.90635416666667,1.5571875000000002
DM-07-05-10-02,2026-08-27,81.90593750000001,1.1088541666666667
DM-07-05-10-02,2026-08-28,78.9865625,0.8476041666666667
DM-07-05-10-02,2026-08-29,80.7159375,0.39208333333333334
DM-07-05-10-02,2026-08-30,82.676875,0.4128125
DM-07-05-10-02,2026-08-31,79.99552083333333,0.2813541666666667
DM-07-05-10-02,2026-09-01,79.40239583333333,0.3127083333333333
DM-07-05-10-03,2026-08-26,0.0,0.0
DM-07-05-10-03,2026-08-27,0.0,0.0
DM-07-05-10-03,2026-08-28,0.0,0.0
DM-07-05-10-03,2026-08-29,0.0,0.0
DM-07-05-10-03,2026-08-30,0.0,0.0
DM-07-05-10-03,2026-08-31,0.0,0.0
DM-07-05-10-03,2026-09-01,0.0,0.0
DM-07-05-11-01,2026-08-26,206.51802083333334,5.5988541666666665
DM-07-05-11-01,2026-08-27,205.04729166666667,5.648541666666667
DM-07-05-11-01,2026-08-28,208.08906249999998,5.5917708333333325
DM-07-05-11-01,2026-08-29,194.72979166666667,5.5678125
DM-07-05-11-01,2026-08-30,191.94677083333332,5.583958333333334
DM-07-05-11-01,2026-08-31,201.02020833333333,5.690729166666666
DM-07-05-11-01,2026-09-01,199.27374999999998,5.655729166666667
DM-07-05-11-02,2026-08-26,120.6884375,5.1590625
DM-07-05-11-02,2026-08-27,125.01791666666666,5.193645833333334
DM-07-05-11-02,2026-08-28,122.558125,5.1466666666666665
DM-07-05-11-02,2026-08-29,118.62302083333333,5.1865625
DM-07-05-11-02,2026-08-30,118.83927083333333,5.28875
DM-07-05-11-02,2026-08-31,120.41520833333334,5.242604166666667
DM-07-05-11-02,2026-09-01,119.09958333333333,5.204583333333333
DM-07-05-11-03,2026-08-26,197.48510416666667,4.8484375
DM-07-05-11-03,2026-08-27,198.38531250000003,4.907291666666667
DM-07-05-11-03,2026-08-28,196.47145833333332,4.811770833333333
DM-07-05-11-03,2026-08-29,191.51041666666666,3.6257291666666664
DM-07-05-11-03,2026-08-30,194.25041666666667,3.896145833333333
DM-07-05-11-03,2026-08-31,198.67989583333335,4.871041666666667
DM-07-05-11-03,2026-09-01,198.78822916666664,4.901979166666666
DM-07-05-11-04,2026-08-26,173.0084375,4.153125
DM-07-05-11-04,2026-08-27,174.22729166666667,4.206979166666667
DM-07-05-11-04,2026-08-28,172.45052083333334,4.149895833333333
DM-07-05-11-04,2026-08-29,168.0525,4.177395833333333
DM-07-05-11-04,2026-08-30,170.37791666666666,4.2046874999999995
DM-07-05-11-04,2026-08-31,173.9375,4.218854166666667
DM-07-05-11-04,2026-09-01,173.86520833333336,4.1571875
DM-07-05-12-01,2026-08-26,138.525,3.6882291666666664
DM-07-05-12-01,2026-08-27,139.2809375,3.7435416666666668
DM-07-05-12-01,2026-08-28,141.94072916666667,3.6742708333333334
DM-07-05-12-01,2026-08-29,134.77520833333332,3.7209375
DM-07-05-12-01,2026-08-30,137.50375,3.7815624999999997
DM-07-05-12-01,2026-08-31,138.55802083333333,3.7792708333333334
DM-07-05-12-01,2026-09-01,137.92770833333333,3.7478125
DM-07-05-12-02,2026-08-26,0.0703125,1.9908333333333335
DM-07-05-12-02,2026-08-27,0.11666666666666665,2.0084375
DM-07-05-12-02,2026-08-28,0.18239583333333334,1.8705208333333332
DM-07-05-12-02,2026-08-29,0.2175,1.9132291666666665
DM-07-05-12-02,2026-08-30,0.21625000000000003,1.8564583333333333
DM-07-05-12-02,2026-08-31,0.21916666666666665,1.9566666666666668
DM-07-05-12-02,2026-09-01,0.19947916666666665,1.9401041666666667
DM-07-05-12-03,2026-08-26,86.45479166666667,6.234375
DM-07-05-12-03,2026-08-27,86.45479166666667,6.234375
DM-07-05-12-03,2026-08-28,86.45479166666667,6.234375
DM-07-05-12-03,2026-08-29,136.56875,6.467604166666667
DM-07-05-12-03,2026-08-30,108.43958333333335,6.3847916666666675
DM-07-05-12-03,2026-08-31,86.45479166666667,6.234375
DM-07-05-12-03,2026-09-01,86.45479166666667,6.234375
DM-07-05-12-04,2026-08-26,121.16531250000001,3.8825000000000003
DM-07-05-12-04,2026-08-27,121.16531250000001,3.8825000000000003
DM-07-05-12-04,2026-08-28,121.16531250000001,3.8825000000000003
DM-07-05-12-04,2026-08-29,113.25510416666667,4.0062500000000005
DM-07-05-12-04,2026-08-30,112.346875,3.9396875
DM-07-05-12-04,2026-08-31,121.16531250000001,3.8825000000000003
DM-07-05-12-04,2026-09-01,121.16531250000001,3.8825000000000003
DM-07-05-13-01,2026-08-26,43.3615625,3.2220833333333334
DM-07-05-13-01,2026-08-27,42.40979166666667,3.3027083333333334
DM-07-05-13-01,2026-08-28,43.0728125,3.2148958333333333
DM-07-05-13-01,2026-08-29,45.39895833333333,3.3035416666666664
DM-07-05-13-01,2026-08-30,45.010416666666664,3.377708333333333
DM-07-05-13-01,2026-08-31,42.620312500000004,3.381979166666667
DM-07-05-13-01,2026-09-01,41.4365625,3.3446874999999996
DM-07-05-13-02,2026-08-26,82.80833333333334,5.126354166666666
DM-07-05-13-02,2026-08-27,81.18072916666667,5.208645833333333
DM-07-05-13-02,2026-08-28,80.91208333333334,5.143958333333333
DM-07-05-13-02,2026-08-29,68.70947916666667,5.122083333333333
DM-07-05-13-02,2026-08-30,68.8634375,5.1996875000000005
DM-07-05-13-02,2026-08-31,76.63697916666666,5.244791666666667
DM-07-05-13-02,2026-09-01,82.51885416666667,5.19625
DM-07-05-13-03,2026-08-26,18.2303125,5.1359375
DM-07-05-13-03,2026-08-27,18.230833333333333,5.212604166666667
DM-07-05-13-03,2026-08-28,18.230833333333333,5.1396875
DM-07-05-13-03,2026-08-29,16.38083333333333,5.108958333333333
DM-07-05-13-03,2026-08-30,16.016354166666666,5.1903125
DM-07-05-13-03,2026-08-31,18.0503125,5.2456249999999995
DM-07-05-13-03,2026-09-01,18.155208333333334,5.201041666666667
DM-07-05-14-01,2026-08-26,0.7236458333333333,2.4028125
DM-07-05-14-01,2026-08-27,1.2653125,2.4798958333333334
DM-07-05-14-01,2026-08-28,2.1738541666666666,2.4222916666666667
DM-07-05-14-01,2026-08-29,2.879583333333333,2.3884374999999998
DM-07-05-14-01,2026-08-30,2.6683333333333334,2.4854166666666666
DM-07-05-14-01,2026-08-31,1.8655208333333333,2.5639583333333333
DM-07-05-14-01,2026-09-01,1.3812499999999999,2.519791666666667
DM-07-05-15-01,2026-08-26,32.843333333333334,4.961875
DM-07-05-15-01,2026-08-27,41.020625,5.059270833333334
DM-07-05-15-01,2026-08-28,44.08385416666667,4.998333333333333
DM-07-05-15-01,2026-08-29,58.1578125,5.011979166666666
DM-07-05-15-01,2026-08-30,55.4253125,5.100208333333334
DM-07-05-15-01,2026-08-31,27.464270833333334,5.0940625
DM-07-05-15-01,2026-09-01,30.694270833333334,5.0675
DM-07-06-01-01,2026-08-26,49.04385416666667,4.40625
DM-07-06-01-01,2026-08-27,48.71031249999999,4.3925
DM-07-06-01-01,2026-08-28,47.831041666666664,4.398541666666667
DM-07-06-01-01,2026-08-29,45.79572916666667,4.364583333333333
DM-07-06-01-01,2026-08-30,51.66583333333333,4.39375
DM-07-06-01-01,2026-08-31,42.26322916666667,4.507708333333333
DM-07-06-01-01,2026-09-01,50.22541666666667,4.534895833333334
DM-07-06-01-02,2026-08-26,22.1778125,1.7965625
DM-07-06-01-02,2026-08-27,22.300625,1.7947916666666668
DM-07-06-01-02,2026-08-28,22.765,1.7341666666666666
DM-07-06-01-02,2026-08-29,23.110833333333332,1.7733333333333334
DM-07-06-01-02,2026-08-30,22.34572916666667,1.80375
DM-07-06-01-02,2026-08-31,21.365624999999998,1.82
DM-07-06-01-02,2026-09-01,22.022291666666664,1.8134375
DM-07-06-01-03,2026-08-26,156.7359375,3.2848958333333336
DM-07-06-01-03,2026-08-27,154.16489583333333,3.2836458333333334
DM-07-06-01-03,2026-08-28,155.81125,3.2466666666666666
DM-07-06-01-03,2026-08-29,173.43739583333334,3.1709375000000004
DM-07-06-01-03,2026-08-30,158.87604166666668,3.2120833333333336
DM-07-06-01-03,2026-08-31,152.74552083333333,3.3832291666666667
DM-07-06-01-03,2026-09-01,150.52677083333333,3.4219791666666666
DM-07-06-02-02,2026-08-26,114.32114583333333,3.3417708333333334
DM-07-06-02-02,2026-08-27,114.32114583333333,3.3417708333333334
DM-07-06-02-02,2026-08-28,114.32114583333333,3.3417708333333334
DM-07-06-02-02,2026-08-29,108.03197916666666,3.2441666666666666
DM-07-06-02-02,2026-08-30,107.81124999999999,3.2307291666666664
DM-07-06-02-02,2026-08-31,114.32114583333333,3.3417708333333334
DM-07-06-02-02,2026-09-01,114.32114583333333,3.3417708333333334
DM-07-06-02-03,2026-08-26,0.05000000000000001,1.7479166666666668
DM-07-06-02-03,2026-08-27,13.2246875,1.7377083333333332
DM-07-06-02-03,2026-08-28,31.343229166666664,1.7342708333333334
DM-07-06-02-03,2026-08-29,34.207708333333336,1.6857291666666667
DM-07-06-02-03,2026-08-30,33.66854166666666,1.6941666666666666
DM-07-06-02-03,2026-08-31,31.0178125,1.8358333333333334
DM-07-06-02-03,2026-09-01,28.744687499999998,1.8764583333333331
DM-07-06-02-04,2026-08-26,105.921875,2.4038541666666666
DM-07-06-02-04,2026-08-27,105.4034375,2.3967708333333335
DM-07-06-02-04,2026-08-28,100.84750000000001,2.3769791666666666
DM-07-06-02-04,2026-08-29,102.79385416666666,2.3372916666666668
DM-07-06-02-04,2026-08-30,170.86604166666666,2.3346875
DM-07-06-02-04,2026-08-31,219.51333333333332,2.5002083333333336
DM-07-06-02-04,2026-09-01,190.720625,2.5397916666666664
DM-07-06-02-05,2026-08-26,21.554374999999997,3.7277083333333336
DM-07-06-02-05,2026-08-27,21.3828125,3.7135416666666665
DM-07-06-02-05,2026-08-28,23.401770833333334,3.662395833333333
DM-07-06-02-05,2026-08-29,22.340833333333332,3.6177083333333333
DM-07-06-02-05,2026-08-30,21.06625,3.638541666666667
DM-07-06-02-05,2026-08-31,21.263541666666665,3.8305208333333334
DM-07-06-02-05,2026-09-01,21.224999999999998,3.895208333333333
DM-07-06-02-06,2026-08-26,46.86052083333333,3.665729166666667
DM-07-06-02-06,2026-08-27,48.52895833333333,3.829375
DM-07-06-02-06,2026-08-28,46.84479166666667,4.1146875
DM-07-06-02-06,2026-08-29,41.964166666666664,3.8783333333333334
DM-07-06-02-06,2026-08-30,41.888125,3.8832291666666667
DM-07-06-02-06,2026-08-31,46.84479166666667,4.1146875
DM-07-06-02-06,2026-09-01,46.692187499999996,4.078125
DM-07-06-02-07,2026-08-26,32.5715625,3.469375
DM-07-06-02-07,2026-08-27,36.44375,3.4538541666666664
DM-07-06-02-07,2026-08-28,41.014375,3.4236458333333335
DM-07-06-02-07,2026-08-29,97.99197916666667,3.3632291666666667
DM-07-06-02-07,2026-08-30,80.18885416666667,3.3971875
DM-07-06-02-07,2026-08-31,33.861666666666665,3.5765625
DM-07-06-02-07,2026-09-01,37.18479166666666,3.6417708333333336
DM-07-06-02-08,2026-08-26,46.40208333333334,3.4015625000000003
DM-07-06-02-08,2026-08-27,47.922083333333326,3.3754166666666667
DM-07-06-02-08,2026-08-28,48.12083333333334,3.320104166666667
DM-07-06-02-08,2026-08-29,39.4478125,2.823020833333333
DM-07-06-02-08,2026-08-30,42.104166666666664,3.0490625
DM-07-06-02-08,2026-08-31,46.895312499999996,3.531458333333333
DM-07-06-02-08,2026-09-01,47.14895833333333,3.609583333333333
DM-07-06-03-01,2026-08-26,234.49916666666664,4.1334375
DM-07-06-03-01,2026-08-27,265.48375,4.051145833333334
DM-07-06-03-01,2026-08-28,240.85406250000003,4.139375
DM-07-06-03-01,2026-08-29,246.53364583333334,4.061770833333333
DM-07-06-03-01,2026-08-30,243.10083333333333,4.066458333333333
DM-07-06-03-01,2026-08-31,228.48364583333333,4.203333333333333
DM-07-06-03-01,2026-09-01,229.02645833333335,4.253541666666666
DM-07-06-03-02,2026-08-26,75.91489583333333,3.404166666666667
DM-07-06-03-02,2026-08-27,73.41614583333333,3.3480208333333334
DM-07-06-03-02,2026-08-28,76.84125,3.3975000000000004
DM-07-06-03-02,2026-08-29,69.8990625,3.6631250000000004
DM-07-06-03-02,2026-08-30,75.23468749999999,3.5265625000000003
DM-07-06-03-02,2026-08-31,75.50020833333333,3.3979166666666667
DM-07-06-03-02,2026-09-01,78.76625,3.3993749999999996
DM-07-06-03-03,2026-08-26,0.0,3.6267708333333335
DM-07-06-03-03,2026-08-27,0.015208333333333332,3.5684375
DM-07-06-03-03,2026-08-28,0.034270833333333334,3.5938541666666666
DM-07-06-03-03,2026-08-29,0.022708333333333334,3.50125
DM-07-06-03-03,2026-08-30,0.022500000000000003,3.5379166666666664
DM-07-06-03-03,2026-08-31,0.03416666666666667,3.7550000000000003
DM-07-06-03-03,2026-09-01,0.03177083333333333,3.814791666666667
DM-07-06-03-04,2026-08-26,170.33229166666666,3.0428125
DM-07-06-03-04,2026-08-27,166.43604166666668,3.0835416666666666
DM-07-06-03-04,2026-08-28,169.61947916666665,3.01125
DM-07-06-03-04,2026-08-29,162.7984375,2.942604166666667
DM-07-06-03-04,2026-08-30,161.77989583333334,2.965520833333333
DM-07-06-03-04,2026-08-31,163.74833333333333,3.120625
DM-07-06-03-04,2026-09-01,164.38750000000002,3.173958333333333
DM-07-06-03-05,2026-08-26,2.0124999999999997,3.941875
DM-07-06-03-05,2026-08-27,2.0124999999999997,3.941875
DM-07-06-03-05,2026-08-28,2.0124999999999997,3.941875
DM-07-06-03-05,2026-08-29,2.2273958333333335,3.9907291666666667
DM-07-06-03-05,2026-08-30,2.2273958333333335,3.9907291666666667
DM-07-06-03-05,2026-08-31,2.0124999999999997,3.941875
DM-07-06-03-05,2026-09-01,2.0124999999999997,3.941875
DM-07-06-04-01,2026-08-26,0.2197916666666667,3.5510416666666664
DM-07-06-04-01,2026-08-27,0.2197916666666667,3.5585416666666667
DM-07-06-04-01,2026-08-28,0.2197916666666667,3.5248958333333333
DM-07-06-04-01,2026-08-29,0.18125,3.4196875
DM-07-06-04-01,2026-08-30,0.1790625,3.471458333333333
DM-07-06-04-01,2026-08-31,0.216875,3.6097916666666667
DM-07-06-04-01,2026-09-01,0.21854166666666666,3.54625
DM-07-06-04-03,2026-08-26,131.4653125,4.2240625
DM-07-06-04-03,2026-08-27,141.15010416666667,4.19125
DM-07-06-04-03,2026-08-28,131.59687499999998,4.220208333333333
DM-07-06-04-03,2026-08-29,139.78916666666666,4.137708333333333
DM-07-06-04-03,2026-08-30,138.45677083333334,4.151354166666667
DM-07-06-04-03,2026-08-31,128.56177083333333,4.297083333333333
DM-07-06-04-03,2026-09-01,127.57145833333334,4.316041666666666
DM-07-06-05-02,2026-08-26,104.7675,4.3753125
DM-07-06-05-02,2026-08-27,85.43145833333334,3.6897916666666664
DM-07-06-05-02,2026-08-28,108.37979166666666,4.3801041666666665
DM-07-06-05-02,2026-08-29,106.12416666666667,4.304583333333333
DM-07-06-05-02,2026-08-30,106.768125,4.309270833333334
DM-07-06-05-02,2026-08-31,108.90979166666666,4.468541666666667
DM-07-06-05-02,2026-09-01,109.280625,4.5190624999999995
DM-07-06-07-01,2026-08-26,195.223125,2.3082291666666666
DM-07-06-07-01,2026-08-27,197.5353125,2.310416666666667
DM-07-06-07-01,2026-08-28,190.7252083333333,2.299375
DM-07-06-07-01,2026-08-29,192.84947916666667,2.3891666666666667
DM-07-06-07-01,2026-08-30,188.66989583333336,2.3396875
DM-07-06-07-01,2026-08-31,189.59385416666666,2.3892708333333332
DM-07-06-07-01,2026-09-01,188.19843749999998,2.3671875
DM-07-06-08-01,2026-08-26,49.65083333333333,2.0677083333333335
DM-07-06-08-01,2026-08-27,49.826249999999995,2.0741666666666667
DM-07-06-08-01,2026-08-28,50.484583333333326,2.0759374999999998
DM-07-06-08-01,2026-08-29,50.458333333333336,2.1226041666666666
DM-07-06-08-01,2026-08-30,48.56854166666667,2.1226041666666666
DM-07-06-08-01,2026-08-31,46.09625,2.1933333333333334
DM-07-06-08-01,2026-09-01,47.145520833333336,2.1905208333333333
DM-07-06-09-01,2026-08-26,122.59625,2.0322916666666666
DM-07-06-09-01,2026-08-27,122.95791666666666,2.0309375
DM-07-06-09-01,2026-08-28,116.95833333333333,2.0235416666666666
DM-07-06-09-01,2026-08-29,118.88458333333334,2.0961458333333334
DM-07-06-09-01,2026-08-30,115.53041666666667,2.0778125
DM-07-06-09-01,2026-08-31,119.4790625,2.1445833333333333
DM-07-06-09-01,2026-09-01,118.09895833333333,2.136875
DM-07-06-10-01,2026-08-26,79.30989583333333,2.4605208333333333
DM-07-06-10-01,2026-08-27,76.98635416666666,2.4772916666666664
DM-07-06-10-01,2026-08-28,80.94020833333333,2.4676041666666664
DM-07-06-10-01,2026-08-29,75.24354166666667,2.520729166666667
DM-07-06-10-01,2026-08-30,73.67156250000001,2.4968749999999997
DM-07-06-10-01,2026-08-31,74.47333333333333,2.5667708333333334
DM-07-06-10-01,2026-09-01,76.54145833333332,2.5708333333333333
DM-07-06-11-01,2026-08-26,119.7265625,2.3198958333333333
DM-07-06-11-01,2026-08-27,123.32541666666667,2.3066666666666666
DM-07-06-11-01,2026-08-28,116.38291666666667,2.3021875
DM-07-06-11-01,2026-08-29,117.66270833333334,2.379583333333333
DM-07-06-11-01,2026-08-30,113.04760416666666,2.3503125
DM-07-06-11-01,2026-08-31,113.4946875,2.421875
DM-07-06-11-01,2026-09-01,114.06322916666666,2.4061458333333334
DM-07-07-01-01,2026-08-26,231.68510416666666,4.0384375
DM-07-07-01-01,2026-08-27,225.68177083333333,4.047916666666667
DM-07-07-01-01,2026-08-28,224.37802083333335,4.019375
DM-07-07-01-01,2026-08-29,229.6783333333333,3.9907291666666667
DM-07-07-01-01,2026-08-30,230.06708333333333,3.9877083333333334
DM-07-07-01-01,2026-08-31,225.60791666666668,4.161875
DM-07-07-01-01,2026-09-01,225.16864583333333,4.190729166666666
DM-07-07-02-01,2026-08-26,218.6471875,5.642916666666667
DM-07-07-02-01,2026-08-27,222.86187500000003,5.658020833333333
DM-07-07-02-01,2026-08-28,218.880625,5.553020833333334
DM-07-07-02-01,2026-08-29,230.02791666666667,5.4021875
DM-07-07-02-01,2026-08-30,219.51812500000003,5.653645833333333
DM-07-07-02-01,2026-08-31,214.89572916666668,5.920208333333334
DM-07-07-02-01,2026-09-01,211.63708333333332,5.9659375
DM-07-07-02-03,2026-08-26,0.0,2.3066666666666666
DM-07-07-02-03,2026-08-27,0.7014583333333334,2.314583333333333
DM-07-07-02-03,2026-08-28,1.9015624999999998,2.2754166666666666
DM-07-07-02-03,2026-08-29,1.5751041666666667,1.7241666666666668
DM-07-07-02-03,2026-08-30,1.5596875,2.245416666666667
DM-07-07-02-03,2026-08-31,1.0369791666666666,2.4594791666666667
DM-07-07-02-03,2026-09-01,1.7136458333333333,2.4827083333333335
DM-07-07-02-04,2026-08-26,0.05000000000000001,3.0611458333333332
DM-07-07-02-04,2026-08-27,17.072708333333335,3.0840625
DM-07-07-02-04,2026-08-28,39.39729166666667,3.0239583333333333
DM-07-07-02-04,2026-08-29,41.34520833333333,2.818020833333333
DM-07-07-02-04,2026-08-30,41.359791666666666,2.9984375
DM-07-07-02-04,2026-08-31,39.39729166666667,3.2359375
DM-07-07-02-04,2026-09-01,35.649479166666666,3.3138541666666668
DM-07-07-03-01,2026-08-26,115.89166666666667,6.03
DM-07-07-03-01,2026-08-27,116.3778125,6.0789583333333335
DM-07-07-03-01,2026-08-28,134.4909375,5.881458333333334
DM-07-07-03-01,2026-08-29,122.66572916666667,6.1721875
DM-07-07-03-01,2026-08-30,115.94177083333334,6.070937499999999
DM-07-07-03-01,2026-08-31,110.91083333333334,6.273541666666667
DM-07-07-03-01,2026-09-01,110.59895833333333,6.287395833333334
DM-07-07-04-01,2026-08-26,108.3221875,5.253125
DM-07-07-04-01,2026-08-27,107.70989583333333,5.284583333333333
DM-07-07-04-01,2026-08-28,108.22739583333333,5.1779166666666665
DM-07-07-04-01,2026-08-29,114.08427083333333,5.295
DM-07-07-04-01,2026-08-30,109.67083333333333,5.252395833333334
DM-07-07-04-01,2026-08-31,104.10552083333333,5.408541666666667
DM-07-07-04-01,2026-09-01,103.17875,5.417708333333334
DM-07-07-04-02,2026-08-26,165.20583333333335,6.482083333333333
DM-07-07-04-02,2026-08-27,164.89645833333333,6.548854166666666
DM-07-07-04-02,2026-08-28,165.821875,6.408541666666667
DM-07-07-04-02,2026-08-29,169.0078125,6.564583333333334
DM-07-07-04-02,2026-08-30,164.946875,6.4902083333333325
DM-07-07-04-02,2026-08-31,160.47572916666667,6.724791666666667
DM-07-07-04-02,2026-09-01,159.03145833333335,6.73
DM-07-07-05-01,2026-08-26,231.1002083333333,5.693124999999999
DM-07-07-05-01,2026-08-27,231.22322916666667,5.738854166666666
DM-07-07-05-01,2026-08-28,230.074375,5.6128125
DM-07-07-05-01,2026-08-29,244.13802083333334,5.704583333333333
DM-07-07-05-01,2026-08-30,237.94875000000002,5.6703125000000005
DM-07-07-05-01,2026-08-31,228.27302083333333,5.917604166666667
DM-07-07-05-01,2026-09-01,225.73333333333335,5.953541666666666
DM-07-07-05-02,2026-08-26,67.06958333333334,3.7408333333333332
DM-07-07-05-02,2026-08-27,69.53635416666667,3.7459375
DM-07-07-05-02,2026-08-28,68.268125,3.696979166666667
DM-07-07-05-02,2026-08-29,73.93572916666666,3.6103124999999996
DM-07-07-05-02,2026-08-30,74.16802083333333,3.6704166666666667
DM-07-07-05-02,2026-08-31,75.33104166666666,3.93625
DM-07-07-05-02,2026-09-01,71.8340625,4.019166666666666
DM-07-07-06-01,2026-08-26,373.59520833333335,4.2839583333333335
DM-07-07-06-01,2026-08-27,375.00354166666665,4.3009375
DM-07-07-06-01,2026-08-28,377.9375,4.1834375
DM-07-07-06-01,2026-08-29,382.31187500000004,4.3777083333333335
DM-07-07-06-01,2026-08-30,283.44166666666666,4.774895833333333
DM-07-07-06-01,2026-08-31,231.22625000000002,5.16375
DM-07-07-06-01,2026-09-01,237.66864583333333,5.1359375
DM-07-07-06-02,2026-08-26,116.96697916666666,3.616145833333333
DM-07-07-06-02,2026-08-27,114.63447916666667,3.6290625
DM-07-07-06-02,2026-08-28,117.30677083333335,3.5875
DM-07-07-06-02,2026-08-29,120.4746875,3.434791666666667
DM-07-07-06-02,2026-08-30,121.091875,3.523645833333333
DM-07-07-06-02,2026-08-31,116.54979166666668,3.7385416666666664
DM-07-07-06-02,2026-09-01,91.55291666666666,3.8941666666666666
DM-07-07-06-03,2026-08-26,0.0,3.1337078651685393
DM-07-07-06-03,2026-08-27,0.12484848484848485,3.160151515151515
DM-07-07-06-03,2026-08-28,0.41200000000000003,3.5839999999999996
DM-07-07-06-03,2026-08-29,2.0633333333333335,2.934242424242424
DM-07-07-06-03,2026-08-30,2.0633333333333335,2.713333333333333
DM-07-07-06-03,2026-08-31,0.41200000000000003,3.525
DM-07-07-06-03,2026-09-01,0.33190476190476187,3.650952380952381
DM-07-07-07-01,2026-08-26,109.37208333333332,7.501458333333333
DM-07-07-07-01,2026-08-27,94.69552083333333,7.513437499999999
DM-07-07-07-01,2026-08-28,102.61354166666666,7.6353125
DM-07-07-07-01,2026-08-29,103.14177083333334,7.4835416666666665
DM-07-07-07-01,2026-08-30,103.28197916666666,7.722083333333334
DM-07-07-07-01,2026-08-31,96.71541666666667,7.757916666666667
DM-07-07-07-01,2026-09-01,98.68343750000001,7.596875
DM-07-07-07-02,2026-08-26,155.96708333333333,4.0625
DM-07-07-07-02,2026-08-27,155.59510416666666,4.067291666666667
DM-07-07-07-02,2026-08-28,156.63166666666666,4.0315625
DM-07-07-07-02,2026-08-29,147.88489583333333,3.877708333333333
DM-07-07-07-02,2026-08-30,153.03333333333333,3.954166666666667
DM-07-07-07-02,2026-08-31,153.1,4.198854166666666
DM-07-07-07-02,2026-09-01,154.22885416666665,4.315
DM-07-07-07-03,2026-08-26,50.449999999999996,4.931979166666666
DM-07-07-07-03,2026-08-27,50.449999999999996,4.931979166666666
DM-07-07-07-03,2026-08-28,50.449999999999996,4.931979166666666
DM-07-07-07-03,2026-08-29,53.21041666666667,4.896354166666667
DM-07-07-07-03,2026-08-30,52.94895833333334,4.8957291666666665
DM-07-07-07-03,2026-08-31,50.449999999999996,4.931979166666666
DM-07-07-07-03,2026-09-01,50.449999999999996,4.931979166666666
DM-07-07-08-01,2026-08-26,60.70979166666667,4.480104166666666
DM-07-07-08-01,2026-08-27,61.555416666666666,4.3065625
DM-07-07-08-01,2026-08-28,60.5546875,4.02625
DM-07-07-08-01,2026-08-29,61.557812500000004,3.8107291666666665
DM-07-07-08-01,2026-08-30,61.630208333333336,3.9815625000000003
DM-07-07-08-01,2026-08-31,62.18697916666667,4.547604166666667
DM-07-07-08-01,2026-09-01,62.104166666666664,4.6053125
DM-07-07-09-01,2026-08-26,47.32010416666666,5.0984375
DM-07-07-09-01,2026-08-27,44.16,5.120729166666666
DM-07-07-09-01,2026-08-28,45.2303125,5.010833333333333
DM-07-07-09-01,2026-08-29,44.17875,5.1565625
DM-07-07-09-01,2026-08-30,44.53177083333333,5.126979166666667
DM-07-07-09-01,2026-08-31,44.99666666666667,5.3029166666666665
DM-07-07-09-01,2026-09-01,44.75322916666667,5.306666666666667
DM-07-07-10-01,2026-08-26,42.97,6.813229166666667
DM-07-07-10-01,2026-08-27,42.718333333333334,6.8500000000000005
DM-07-07-10-01,2026-08-28,44.47427083333333,6.708333333333333
DM-07-07-10-01,2026-08-29,41.9596875,7.0575
DM-07-07-10-01,2026-08-30,42.7009375,6.859479166666667
DM-07-07-10-01,2026-08-31,42.1384375,7.0164583333333335
DM-07-07-10-01,2026-09-01,42.21822916666667,7.028229166666667
DM-07-07-11-01,2026-08-26,25.075833333333335,5.5754166666666665
DM-07-07-11-01,2026-08-27,25.036666666666665,5.3968750000000005
DM-07-07-11-01,2026-08-28,25.474791666666665,5.221666666666667
DM-07-07-11-01,2026-08-29,21.885416666666668,6.2471875
DM-07-07-11-01,2026-08-30,21.6790625,5.616145833333333
DM-07-07-11-01,2026-08-31,26.225624999999997,4.5703125
DM-07-07-11-01,2026-09-01,24.042604166666667,4.511666666666667
DM-11-03-01-01,2026-08-26,119.8403125,4.818333333333333
DM-11-03-01-01,2026-08-27,122.51916666666666,4.78375
DM-11-03-01-01,2026-08-28,120.25937499999999,4.8015625
DM-11-03-01-01,2026-08-29,122.12354166666667,4.760208333333334
DM-11-03-01-01,2026-08-30,122.12354166666667,4.760208333333334
DM-11-03-01-01,2026-08-31,117.36416666666666,4.7960416666666665
DM-11-03-01-01,2026-09-01,118.12052083333333,4.740833333333334
DM-11-03-01-02,2026-08-26,73.4628125,5.343645833333333
DM-11-03-01-02,2026-08-27,74.785,5.119166666666667
DM-11-03-01-02,2026-08-28,76.32875,5.179375
DM-11-03-01-02,2026-08-29,78.02770833333334,5.2325
DM-11-03-01-02,2026-08-30,78.02770833333334,5.2325
DM-11-03-01-02,2026-08-31,72.8809375,5.086041666666667
DM-11-03-01-02,2026-09-01,73.77447916666667,5.2143749999999995
DM-11-03-03-01,2026-08-26,174.18020833333333,4.7090625
DM-11-03-03-01,2026-08-27,174.41885416666665,4.687395833333333
DM-11-03-03-01,2026-08-28,175.11520833333336,4.57
DM-11-03-03-01,2026-08-29,178.28093750000002,4.5684375
DM-11-03-03-01,2026-08-30,178.98968749999997,4.6425
DM-11-03-03-01,2026-08-31,174.35968749999998,4.6859375000000005
DM-11-03-03-01,2026-09-01,173.54645833333333,4.638125
DM-11-03-05-01,2026-08-26,113.07687499999999,6.541875
DM-11-03-05-01,2026-08-27,113.961875,6.493958333333333
DM-11-03-05-01,2026-08-28,112.46447916666666,6.512083333333333
DM-11-03-05-01,2026-08-29,111.15708333333333,6.477187499999999
DM-11-03-05-01,2026-08-30,111.15708333333333,6.477187499999999
DM-11-03-05-01,2026-08-31,109.78635416666667,6.501770833333333
DM-11-03-05-01,2026-09-01,111.61135416666667,6.436458333333333
DM-11-03-06-01,2026-08-26,170.225625,4.271458333333333
DM-11-03-06-01,2026-08-27,173.1442708333333,4.2275
DM-11-03-06-01,2026-08-28,178.8146875,4.230104166666666
DM-11-03-06-01,2026-08-29,172.88010416666668,4.199895833333334
DM-11-03-06-01,2026-08-30,172.88010416666668,4.199895833333334
DM-11-03-06-01,2026-08-31,206.42677083333334,4.063645833333333
DM-11-03-06-01,2026-09-01,175.96083333333334,4.2015625000000005
DM-11-03-10-02,2026-08-26,36.91395833333333,5.381875
DM-11-03-10-02,2026-08-27,37.00802083333333,5.346354166666667
DM-11-03-10-02,2026-08-28,37.47541666666667,5.363541666666666
DM-11-03-10-02,2026-08-29,37.89833333333333,5.316458333333333
DM-11-03-10-02,2026-08-30,37.89833333333333,5.316458333333333
DM-11-03-10-02,2026-08-31,36.6621875,5.3434375
DM-11-03-10-02,2026-09-01,35.533750000000005,5.305
DM-11-03-32-01,2026-08-26,248.55229166666666,4.073645833333333
DM-11-03-32-01,2026-08-27,245.15833333333333,4.0477083333333335
DM-11-03-32-01,2026-08-28,243.12958333333333,3.9205208333333332
DM-11-03-32-01,2026-08-29,248.05375,3.943229166666667
DM-11-03-32-01,2026-08-30,253.90427083333336,4.007395833333333
DM-11-03-32-01,2026-08-31,247.838125,4.0446875
DM-11-03-32-01,2026-09-01,245.1717708333333,4.052083333333333
DM-11-03-32-02,2026-08-26,2.4303125,0.38395833333333335
DM-11-03-32-02,2026-08-27,2.4917708333333333,0.3863541666666667
DM-11-03-32-02,2026-08-28,2.4857291666666668,0.3863541666666667
DM-11-03-32-02,2026-08-29,2.3352083333333336,0.058229166666666665
DM-11-03-32-02,2026-08-30,2.3709375,0.056562499999999995
DM-11-03-32-02,2026-08-31,3.150729166666667,0.3863541666666667
DM-11-03-32-02,2026-09-01,3.2621875,0.33666666666666667
DM-11-03-33-01,2026-08-26,267.84760416666666,4.811458333333333
DM-11-03-33-01,2026-08-27,268.5178125,4.7830208333333335
DM-11-03-33-01,2026-08-28,265.5257291666667,4.802083333333333
DM-11-03-33-01,2026-08-29,269.42958333333337,4.7428125
DM-11-03-33-01,2026-08-30,269.42958333333337,4.7428125
DM-11-03-33-01,2026-08-31,264.8559375,4.735729166666666
DM-11-03-33-01,2026-09-01,267.2295833333333,4.757604166666667
DM-11-03-34-01,2026-08-26,198.74010416666667,0.0026041666666666665
DM-11-03-34-01,2026-08-27,198.7125,0.0013541666666666667
DM-11-03-34-01,2026-08-28,200.86406250000002,0.0017708333333333332
DM-11-03-34-01,2026-08-29,209.49708333333334,0.00125
DM-11-03-34-01,2026-08-30,208.33885416666666,0.0035416666666666665
DM-11-03-34-01,2026-08-31,198.09083333333334,0.0010416666666666667
DM-11-03-34-01,2026-09-01,197.36958333333334,0.0031249999999999997
DM-11-03-34-02,2026-08-26,0.0,0.01
DM-11-03-34-02,2026-08-27,0.0,0.01
DM-11-03-34-02,2026-08-28,0.0,0.01
DM-11-03-34-02,2026-08-29,0.0,0.01
DM-11-03-34-02,2026-08-30,0.0,0.010625
DM-11-03-34-02,2026-08-31,0.0,0.01
DM-11-03-34-02,2026-09-01,0.0,0.01
DM-11-03-39-01,2026-08-26,259.3821875,0.9094791666666667
DM-11-03-39-01,2026-08-27,262.36802083333333,0.9040625000000001
DM-11-03-39-01,2026-08-28,265.3413541666667,0.8815624999999999
DM-11-03-39-01,2026-08-29,268.71229166666666,0.8790625
DM-11-03-39-01,2026-08-30,267.26989583333335,0.8920833333333333
DM-11-03-39-01,2026-08-31,260.1446875,0.90375
DM-11-03-39-01,2026-09-01,257.97229166666665,0.8984375
DM-11-03-40-01,2026-08-26,184.0192708333333,4.591770833333333
DM-11-03-40-01,2026-08-27,186.45208333333335,4.565520833333333
DM-11-03-40-01,2026-08-28,186.99802083333336,4.4496875000000005
DM-11-03-40-01,2026-08-29,186.23770833333333,4.457916666666667
DM-11-03-40-01,2026-08-30,183.50979166666664,4.541458333333334
DM-11-03-40-01,2026-08-31,183.67041666666668,4.5715625
DM-11-03-40-01,2026-09-01,186.30552083333336,4.522708333333333
DM-11-03-40-02,2026-08-26,115.82520833333332,4.612395833333333
DM-11-03-40-02,2026-08-27,114.66812499999999,4.585208333333333
DM-11-03-40-02,2026-08-28,117.76041666666667,4.4578125
DM-11-03-40-02,2026-08-29,110.61562500000001,4.478854166666667
DM-11-03-40-02,2026-08-30,110.2665625,4.5718749999999995
DM-11-03-40-02,2026-08-31,113.74927083333334,4.578020833333333
DM-11-03-40-02,2026-09-01,113.95739583333334,4.5365625
DM-11-03-41-01,2026-08-26,186.53864583333333,5.019583333333333
DM-11-03-41-01,2026-08-27,185.76125000000002,5.084270833333333
DM-11-03-41-01,2026-08-28,186.62375,4.991770833333333
DM-11-03-41-01,2026-08-29,182.25729166666667,4.753125
DM-11-03-41-01,2026-08-30,212.16760416666668,5.227916666666666
DM-11-03-41-01,2026-08-31,183.53302083333332,5.051041666666666
DM-11-03-41-01,2026-09-01,182.5296875,5.054583333333333
DM-11-03-43-01,2026-08-26,134.2009375,3.8220833333333335
DM-11-03-43-01,2026-08-27,132.77666666666667,3.8064583333333335
DM-11-03-43-01,2026-08-28,131.20770833333333,3.8385416666666665
DM-11-03-43-01,2026-08-29,133.669375,3.7728125
DM-11-03-43-01,2026-08-30,133.669375,3.7728125
DM-11-03-43-01,2026-08-31,129.13697916666666,3.83
DM-11-03-43-01,2026-09-01,129.92864583333332,3.7963541666666667
DM-11-03-43-02,2026-08-26,179.8189583333333,3.758020833333333
DM-11-03-43-02,2026-08-27,175.43677083333333,3.749791666666667
DM-11-03-43-02,2026-08-28,173.983125,3.7772916666666667
DM-11-03-43-02,2026-08-29,175.17875,3.7028125000000003
DM-11-03-43-02,2026-08-30,175.17875,3.7028125000000003
DM-11-03-43-02,2026-08-31,175.0069791666667,3.7604166666666665
DM-11-03-43-02,2026-09-01,176.28760416666668,3.7180208333333336
DM-11-05-26-01,2026-08-26,225.456875,8.708854166666667
DM-11-05-26-01,2026-08-27,221.24020833333336,8.760104166666666
DM-11-05-26-01,2026-08-28,221.59947916666667,8.734791666666666
DM-11-05-26-01,2026-08-29,226.46729166666668,8.871458333333333
DM-11-05-26-01,2026-08-30,224.1540625,8.880729166666667
DM-11-05-26-01,2026-08-31,213.0721875,8.561354166666666
DM-11-05-26-01,2026-09-01,213.92020833333333,8.641562500000001
DM-11-05-27-01,2026-08-26,208.32322916666666,6.768229166666667
DM-11-05-27-01,2026-08-27,208.32322916666666,6.768229166666667
DM-11-05-27-01,2026-08-28,210.37739583333334,6.6980208333333335
DM-11-05-27-01,2026-08-29,213.44989583333333,6.9011458333333335
DM-11-05-27-01,2026-08-30,207.48979166666666,5.841458333333333
DM-11-05-27-01,2026-08-31,209.42572916666666,6.443020833333333
DM-11-05-27-01,2026-09-01,219.92531250000002,4.311145833333334
DM-11-05-27-02,2026-08-26,19.983125,6.735104166666667
DM-11-05-27-02,2026-08-27,18.320833333333333,6.723645833333333
DM-11-05-27-02,2026-08-28,18.429791666666667,6.826354166666667
DM-11-05-27-02,2026-08-29,19.45,6.967083333333334
DM-11-05-27-02,2026-08-30,19.4478125,6.967083333333334
DM-11-05-27-02,2026-08-31,18.659583333333334,6.613333333333333
DM-11-05-27-02,2026-09-01,18.379375,6.5711458333333335
DM-11-05-27-03,2026-08-26,0.0,7.827395833333333
DM-11-05-27-03,2026-08-27,0.0,7.625104166666667
DM-11-05-27-03,2026-08-28,0.0,7.583020833333333
DM-11-05-27-03,2026-08-29,0.0,7.861666666666667
DM-11-05-27-03,2026-08-30,0.0,8.1121875
DM-11-05-27-03,2026-08-31,0.0,7.526770833333334
DM-11-05-27-03,2026-09-01,0.0,7.602083333333333
DM-11-05-28-01,2026-08-26,6.596354166666667,7.216979166666667
DM-11-05-28-01,2026-08-27,6.583749999999999,7.207395833333333
DM-11-05-28-01,2026-08-28,0.7216666666666667,7.209166666666667
DM-11-05-28-01,2026-08-29,2.0319791666666664,7.496666666666666
DM-11-05-28-01,2026-08-30,0.6796875,7.601041666666667
DM-11-05-28-01,2026-08-31,0.5047916666666666,7.13
DM-11-05-28-01,2026-09-01,3.9557291666666665,7.202083333333333
DM-11-05-28-02,2026-08-26,5.8940625,0.8784375
DM-11-05-28-02,2026-08-27,5.855520833333333,0.8784375
DM-11-05-28-02,2026-08-28,5.731145833333334,0.8784375
DM-11-05-28-02,2026-08-29,3.501875,0.6264583333333333
DM-11-05-28-02,2026-08-30,3.8049999999999997,0.6023958333333334
DM-11-05-28-02,2026-08-31,6.5009375,0.8619791666666666
DM-11-05-28-02,2026-09-01,6.287291666666667,0.8516666666666666
DM-11-05-29-01,2026-08-26,115.79385416666668,4.008229166666667
DM-11-05-29-01,2026-08-27,110.23291666666667,3.9559374999999997
DM-11-05-29-01,2026-08-28,111.9628125,4.0051041666666665
DM-11-05-29-01,2026-08-29,117.62729166666666,3.9345833333333338
DM-11-05-29-01,2026-08-30,117.62729166666666,3.9345833333333338
DM-11-05-29-01,2026-08-31,119.54666666666667,3.952916666666667
DM-11-05-29-01,2026-09-01,112.54739583333333,3.9756250000000004
DM-11-05-30-01,2026-08-26,93.07166666666666,8.6071875
DM-11-05-30-01,2026-08-27,92.28510416666667,8.617604166666666
DM-11-05-30-01,2026-08-28,93.41416666666667,8.552916666666667
DM-11-05-30-01,2026-08-29,94.6928125,8.933645833333333
DM-11-05-30-01,2026-08-30,93.40895833333333,9.034895833333334
DM-11-05-30-01,2026-08-31,88.5603125,8.611979166666666
DM-11-05-30-01,2026-09-01,87.65864583333332,8.518020833333333
DM-11-05-30-02,2026-08-26,77.21885416666667,9.532291666666667
DM-11-05-30-02,2026-08-27,75.07041666666667,8.675625
DM-11-05-30-02,2026-08-28,77.9428125,8.404166666666667
DM-11-05-30-02,2026-08-29,76.88437499999999,8.6325
DM-11-05-30-02,2026-08-30,76.88437499999999,8.6325
DM-11-05-30-02,2026-08-31,70.5390625,9.611041666666667
DM-11-05-30-02,2026-09-01,69.25625000000001,9.979583333333332
DM-11-05-31-01,2026-08-26,165.18541666666667,8.209999999999999
DM-11-05-31-01,2026-08-27,157.888125,7.813958333333333
DM-11-05-31-01,2026-08-28,167.77572916666665,7.815
DM-11-05-31-01,2026-08-29,170.13520833333334,8.056041666666667
DM-11-05-31-01,2026-08-30,170.13520833333334,8.056041666666667
DM-11-05-31-01,2026-08-31,155.60041666666666,8.275520833333333
DM-11-05-31-01,2026-09-01,155.19104166666668,8.311562499999999
DM-11-06-06-02,2026-08-26,121.48197916666668,4.9428125
DM-11-06-06-02,2026-08-27,132.29895833333333,4.8865625
DM-11-06-06-02,2026-08-28,145.16635416666665,4.7707291666666665
DM-11-06-06-02,2026-08-29,148.74666666666667,4.752604166666667
DM-11-06-06-02,2026-08-30,148.74666666666667,4.7527083333333335
DM-11-06-06-02,2026-08-31,182.75614583333333,4.4878124999999995
DM-11-06-06-02,2026-09-01,175.6838541666667,4.427395833333333
DM-11-06-06-03,2026-08-26,26.8234375,5.52375
DM-11-06-06-03,2026-08-27,26.8234375,5.52375
DM-11-06-06-03,2026-08-28,26.8234375,5.52375
DM-11-06-06-03,2026-08-29,26.828229166666663,5.663958333333333
DM-11-06-06-03,2026-08-30,26.8665625,5.591666666666666
DM-11-06-06-03,2026-08-31,26.8234375,5.52375
DM-11-06-06-03,2026-09-01,26.8234375,5.52375
DM-11-06-09-01,2026-08-26,327.81322916666664,3.3815625
DM-11-06-09-01,2026-08-27,328.2601041666667,3.4573958333333334
DM-11-06-09-01,2026-08-28,319.0659375,3.5090625
DM-11-06-09-01,2026-08-29,311.67677083333336,3.6006250000000004
DM-11-06-09-01,2026-08-30,290.28041666666667,3.8965625
DM-11-06-09-01,2026-08-31,280.30177083333336,3.9116666666666666
DM-11-06-09-01,2026-09-01,278.35083333333336,3.8080208333333334
DM-11-06-09-02,2026-08-26,258.27416666666664,4.8321875
DM-11-06-09-02,2026-08-27,246.7122916666667,4.56625
DM-11-06-09-02,2026-08-28,241.7753125,4.574791666666667
DM-11-06-09-02,2026-08-29,242.25010416666666,4.517604166666667
DM-11-06-09-02,2026-08-30,242.25010416666666,4.517604166666667
DM-11-06-09-02,2026-08-31,256.9320833333333,4.906145833333333
DM-11-06-09-02,2026-09-01,286.4605208333333,5.132395833333333
DM-11-06-09-04,2026-08-26,114.20145833333333,6.603645833333334
DM-11-06-09-04,2026-08-27,113.02864583333333,6.548749999999999
DM-11-06-09-04,2026-08-28,112.71749999999999,6.563124999999999
DM-11-06-09-04,2026-08-29,114.0653125,6.657291666666667
DM-11-06-09-04,2026-08-30,115.17197916666667,6.760729166666667
DM-11-06-09-04,2026-08-31,111.83885416666668,6.586041666666667
DM-11-06-09-04,2026-09-01,89.78125,6.532708333333333
DM-11-06-10-01,2026-08-26,182.6755208333333,4.0325
DM-11-06-10-01,2026-08-27,181.7039583333333,4.104791666666666
DM-11-06-10-01,2026-08-28,179.88885416666665,4.1502083333333335
DM-11-06-10-01,2026-08-29,183.0666666666667,4.1515625
DM-11-06-10-01,2026-08-30,183.0666666666667,4.1518749999999995
DM-11-06-10-01,2026-08-31,181.45000000000002,4.375416666666667
DM-11-06-10-01,2026-09-01,179.0215625,4.2664583333333335
DM-11-06-11-02,2026-08-26,0.0038541666666666668,0.0
DM-11-06-11-02,2026-08-27,0.0046875,0.0
DM-11-06-11-02,2026-08-28,0.005104166666666667,0.0
DM-11-06-11-02,2026-08-29,0.005937500000000001,0.0
DM-11-06-11-02,2026-08-30,0.004791666666666667,0.0
DM-11-06-11-02,2026-08-31,0.005520833333333333,0.0
DM-11-06-11-02,2026-09-01,0.005937500000000001,0.0
DM-11-06-15-01,2026-08-26,318.4982291666667,7.2134375
DM-11-06-15-01,2026-08-27,317.74427083333336,7.3339583333333325
DM-11-06-15-01,2026-08-28,319.24125,7.231145833333333
DM-11-06-15-01,2026-08-29,299.24010416666664,6.900312499999999
DM-11-06-15-01,2026-08-30,371.8303125,9.040416666666667
DM-11-06-15-01,2026-08-31,304.0959375,7.0703125
DM-11-06-15-01,2026-09-01,304.1773958333333,7.031770833333333
DM-11-06-17-01,2026-08-26,162.745625,5.210208333333333
DM-11-06-17-01,2026-08-27,162.745625,5.210208333333333
DM-11-06-17-01,2026-08-28,162.745625,5.210208333333333
DM-11-06-17-01,2026-08-29,167.22333333333333,5.2515624999999995
DM-11-06-17-01,2026-08-30,164.66,5.181145833333333
DM-11-06-17-01,2026-08-31,162.745625,5.211041666666667
DM-11-06-17-01,2026-09-01,162.745625,5.210208333333333
DM-11-06-18-01,2026-08-26,94.92312500000001,5.157604166666666
DM-11-06-18-01,2026-08-27,96.17114583333334,5.316145833333334
DM-11-06-18-01,2026-08-28,99.44749999999999,5.2768749999999995
DM-11-06-18-01,2026-08-29,94.38166666666666,4.8950000000000005
DM-11-06-18-01,2026-08-30,112.77677083333333,5.729583333333333
DM-11-06-18-01,2026-08-31,95.80447916666667,5.415937499999999
DM-11-06-18-01,2026-09-01,93.70395833333333,5.289375
DM-11-06-18-02,2026-08-26,115.87979166666668,5.401979166666667
DM-11-06-18-02,2026-08-27,116.26510416666667,5.5382291666666665
DM-11-06-18-02,2026-08-28,116.12291666666665,5.500104166666667
DM-11-06-18-02,2026-08-29,116.87854166666666,5.4959375
DM-11-06-18-02,2026-08-30,117.64708333333334,5.7089583333333325
DM-11-06-18-02,2026-08-31,114.7509375,5.657916666666666
DM-11-06-18-02,2026-09-01,114.14947916666667,5.523020833333334
DM-11-06-19-01,2026-08-26,80.55791666666667,5.175729166666667
DM-11-06-19-01,2026-08-27,80.62197916666666,5.2804166666666665
DM-11-06-19-01,2026-08-28,78.9421875,5.2996875
DM-11-06-19-01,2026-08-29,78.9009375,5.301458333333334
DM-11-06-19-01,2026-08-30,78.9009375,5.301458333333334
DM-11-06-19-01,2026-08-31,82.3934375,5.427083333333333
DM-11-06-19-01,2026-09-01,81.31489583333334,5.285833333333334
DM-11-06-19-02,2026-08-26,188.19708333333332,5.2684375
DM-11-06-19-02,2026-08-27,185.78333333333333,5.3946875
DM-11-06-19-02,2026-08-28,189.08552083333333,5.3259375
DM-11-06-19-02,2026-08-29,183.10052083333335,5.001458333333333
DM-11-06-19-02,2026-08-30,214.0575,5.740416666666667
DM-11-06-19-02,2026-08-31,190.24249999999998,5.482916666666667
DM-11-06-19-02,2026-09-01,186.5560416666667,5.345833333333334
DM-11-06-24-01,2026-08-26,116.5009375,4.3659375
DM-11-06-24-01,2026-08-27,117.66895833333332,4.3429166666666665
DM-11-06-24-01,2026-08-28,118.2628125,4.2278125
DM-11-06-24-01,2026-08-29,78.655625,4.2709375
DM-11-06-24-01,2026-08-30,89.32479166666667,4.331979166666667
DM-11-06-24-01,2026-08-31,119.23708333333333,4.327395833333333
DM-11-06-24-01,2026-09-01,116.56083333333333,4.314791666666667
DM-11-06-24-02,2026-08-26,282.8539583333333,3.5809374999999997
DM-11-06-24-02,2026-08-27,279.08458333333334,3.573541666666667
DM-11-06-24-02,2026-08-28,280.54395833333336,3.442604166666667
DM-11-06-24-02,2026-08-29,280.81374999999997,3.4287500000000004
DM-11-06-24-02,2026-08-30,282.2789583333333,3.494479166666667
DM-11-06-24-02,2026-08-31,278.7346875,3.5463541666666667
DM-11-06-24-02,2026-09-01,277.4138541666667,3.567083333333333
DM-11-06-25-01,2026-08-26,455.6691666666666,5.523541666666667
DM-11-06-25-01,2026-08-27,442.17270833333333,5.5874999999999995
DM-11-06-25-01,2026-08-28,422.3026041666667,5.680416666666667
DM-11-06-25-01,2026-08-29,429.35697916666663,5.770104166666666
DM-11-06-25-01,2026-08-30,428.98197916666663,5.8698958333333335
DM-11-06-25-01,2026-08-31,414.73322916666666,5.685416666666666
DM-11-06-25-01,2026-09-01,411.24302083333333,5.625208333333333
DM-11-07-47-01,2026-08-26,222.66697916666666,6.797083333333333
DM-11-07-47-01,2026-08-27,217.70645833333333,6.765000000000001
DM-11-07-47-01,2026-08-28,217.2096875,6.807916666666666
DM-11-07-47-01,2026-08-29,219.02125,6.931145833333333
DM-11-07-47-01,2026-08-30,219.02125,6.931145833333333
DM-11-07-47-01,2026-08-31,209.92416666666668,6.765416666666667
DM-11-07-47-01,2026-09-01,209.06218750000002,6.7778125
DM-11-07-47-02,2026-08-26,169.91708333333335,3.9115625
DM-11-07-47-02,2026-08-27,163.53062500000001,3.6597916666666666
DM-11-07-47-02,2026-08-28,157.70583333333335,3.1984375000000003
DM-11-07-47-02,2026-08-29,159.26604166666667,3.298541666666667
DM-11-07-47-02,2026-08-30,159.26604166666667,3.298541666666667
DM-11-07-47-02,2026-08-31,164.10958333333335,3.4938541666666665
DM-11-07-47-02,2026-09-01,160.9646875,3.096458333333333
DM-11-07-48-01,2026-08-26,60.879687499999996,3.02125
DM-11-07-48-01,2026-08-27,61.61604166666667,3.0083333333333333
DM-11-07-48-01,2026-08-28,63.17625,3.0446875
DM-11-07-48-01,2026-08-29,63.467395833333335,3.0928125000000004
DM-11-07-48-01,2026-08-30,63.60708333333333,3.0807291666666665
DM-11-07-48-01,2026-08-31,60.65677083333333,3.0941666666666667
DM-11-07-48-01,2026-09-01,60.12562500000001,3.03375
DM-11-07-49-02,2026-08-26,66.6525,1.5352083333333333
DM-11-07-49-02,2026-08-27,66.998125,1.5119791666666667
DM-11-07-49-02,2026-08-28,70.15520833333333,1.5114583333333333
DM-11-07-49-02,2026-08-29,68.25041666666667,1.5650000000000002
DM-11-07-49-02,2026-08-30,69.1340625,1.56375
DM-11-07-49-02,2026-08-31,66.68729166666667,1.6069791666666668
DM-11-07-49-02,2026-09-01,73.04322916666666,1.5286458333333333
DM-11-07-50-01,2026-08-26,231.808125,1.5834374999999998
DM-11-07-50-01,2026-08-27,227.85625000000002,1.2360416666666667
DM-11-07-50-01,2026-08-28,230.81604166666668,1.2248958333333333
DM-11-07-50-01,2026-08-29,234.21197916666665,1.2330208333333335
DM-11-07-50-01,2026-08-30,234.22229166666668,1.1988541666666668
DM-11-07-50-01,2026-08-31,225.14864583333335,1.2857291666666666
DM-11-07-50-01,2026-09-01,223.51833333333332,1.2739583333333333
DM-11-07-51-01,2026-08-26,339.2608333333333,3.388333333333333
DM-11-07-51-01,2026-08-27,337.4163541666667,3.3613541666666666
DM-11-07-51-01,2026-08-28,338.5184375,3.3785416666666666
DM-11-07-51-01,2026-08-29,346.5333333333333,3.4135416666666667
DM-11-07-51-01,2026-08-30,352.1244791666666,3.3884375
DM-11-07-51-01,2026-08-31,335.5910416666667,3.386875
DM-11-07-51-01,2026-09-01,335.59822916666667,3.364895833333333
DM-11-07-52-01,2026-08-26,244.7003125,2.365104166666667
DM-11-07-52-01,2026-08-27,239.78104166666665,2.3767708333333335
DM-11-07-52-01,2026-08-28,234.3571875,2.4371875
DM-11-07-52-01,2026-08-29,241.66291666666666,2.4957291666666666
DM-11-07-52-01,2026-08-30,241.29427083333334,2.4934375
DM-11-07-52-01,2026-08-31,230.95854166666666,2.400208333333333
DM-11-07-52-01,2026-09-01,236.42104166666664,2.3514583333333334
DM-11-07-52-02,2026-08-26,113.66583333333334,3.6565625
DM-11-07-52-02,2026-08-27,116.05041666666666,3.4905208333333335
DM-11-07-52-02,2026-08-28,116.26333333333334,3.4924999999999997
DM-11-07-52-02,2026-08-29,121.2290625,3.5494791666666665
DM-11-07-52-02,2026-08-30,121.2290625,3.5494791666666665
DM-11-07-52-02,2026-08-31,42.76895833333333,1.3696875000000002
DM-11-07-52-02,2026-09-01,26.739166666666666,0.1375
DM-11-07-53-02,2026-08-26,0.0,5.1788541666666665
DM-11-07-53-02,2026-08-27,0.0,5.0634375
DM-11-07-53-02,2026-08-28,0.0,5.058020833333333
DM-11-07-53-02,2026-08-29,0.0,5.172604166666667
DM-11-07-53-02,2026-08-30,0.0,5.226979166666667
DM-11-07-53-02,2026-08-31,0.0,4.96875
DM-11-07-53-02,2026-09-01,0.0,5.061145833333334
DM-11-07-53-03,2026-08-26,292.17354166666667,2.743229166666667
DM-11-07-53-03,2026-08-27,279.02979166666665,2.730625
DM-11-07-53-03,2026-08-28,285.6684375,2.805729166666667
DM-11-07-53-03,2026-08-29,286.926875,2.7790625
DM-11-07-53-03,2026-08-30,286.926875,2.7790625
DM-11-07-53-03,2026-08-31,285.73541666666665,2.796666666666667
DM-11-07-53-03,2026-09-01,285.57895833333333,2.788854166666667
DM-11-07-53-05,2026-08-26,163.82041666666666,6.313541666666667
DM-11-07-53-05,2026-08-27,157.99687500000002,6.272916666666667
DM-11-07-53-05,2026-08-28,154.33947916666668,6.320625
DM-11-07-53-05,2026-08-29,158.2890625,6.303333333333334
DM-11-07-53-05,2026-08-30,158.2890625,6.303333333333334
DM-11-07-53-05,2026-08-31,158.00718750000001,6.277291666666667
DM-11-07-53-05,2026-09-01,160.57708333333332,6.265208333333334
DM-11-07-54-01,2026-08-26,57.273854166666666,8.081354166666666
DM-11-07-54-01,2026-08-27,57.04260416666667,7.686875000000001
DM-11-07-54-01,2026-08-28,57.69927083333334,7.699791666666666
DM-11-07-54-01,2026-08-29,58.345625000000005,7.930104166666666
DM-11-07-54-01,2026-08-30,57.60489583333333,7.951875
DM-11-07-54-01,2026-08-31,54.34270833333333,7.58625
DM-11-07-54-01,2026-09-01,55.966145833333336,7.533645833333334
DM-11-07-54-02,2026-08-26,184.77333333333334,6.868229166666667
DM-11-07-54-02,2026-08-27,183.4489583333333,6.779583333333334
DM-11-07-54-02,2026-08-28,181.8271875,6.841145833333333
DM-11-07-54-02,2026-08-29,188.6759375,6.8796875
DM-11-07-54-02,2026-08-30,188.6759375,6.8796875
DM-11-07-54-02,2026-08-31,178.49187500000002,6.7335416666666665
DM-11-07-54-02,2026-09-01,178.66645833333334,6.736249999999999
DM-11-07-55-01,2026-08-26,166.0215625,6.861041666666666
DM-11-07-55-01,2026-08-27,166.57614583333333,6.748333333333334
DM-11-07-55-01,2026-08-28,167.85125,6.732604166666667
DM-11-07-55-01,2026-08-29,170.18822916666667,6.931770833333334
DM-11-07-55-01,2026-08-30,169.63489583333333,6.952500000000001
DM-11-07-55-01,2026-08-31,162.7478125,6.592604166666667
DM-11-07-55-01,2026-09-01,161.230625,6.651458333333333
DM-11-07-56-01,2026-08-26,155.7925,6.055625
DM-11-07-56-01,2026-08-27,157.490625,5.982604166666667
DM-11-07-56-01,2026-08-28,157.46447916666668,6.010729166666667
DM-11-07-56-01,2026-08-29,158.56125,6.187291666666667
DM-11-07-56-01,2026-08-30,166.93822916666667,6.020833333333333
DM-11-07-56-01,2026-08-31,154.89208333333332,5.9025
DM-11-07-56-01,2026-09-01,153.8453125,5.839479166666667
DM-11-07-56-02,2026-08-26,0.0,5.188541666666667
DM-11-07-56-02,2026-08-27,0.0,5.124479166666666
DM-11-07-56-02,2026-08-28,0.0,5.142291666666667
DM-11-07-56-02,2026-08-29,0.0,5.2590625
DM-11-07-56-02,2026-08-30,0.0,5.236979166666667
DM-11-07-56-02,2026-08-31,0.0,5.111354166666667
DM-11-07-56-02,2026-09-01,0.0,5.105520833333333
DM-11-07-57-01,2026-08-26,132.29364583333333,7.373333333333334
DM-11-07-57-01,2026-08-27,128.981875,7.3640625
DM-11-07-57-01,2026-08-28,127.35541666666667,7.50125
DM-11-07-57-01,2026-08-29,130.02125,7.6246875
DM-11-07-57-01,2026-08-30,130.02125,7.6246875
DM-11-07-57-01,2026-08-31,129.1259375,7.096354166666667
DM-11-07-57-01,2026-09-01,130.04479166666667,7.026770833333334
DM-11-07-57-02,2026-08-26,66.85479166666667,7.6781250000000005
DM-11-07-57-02,2026-08-27,65.0528125,7.305104166666666
DM-11-07-57-02,2026-08-28,67.433125,7.579375
DM-11-07-57-02,2026-08-29,70.36010416666666,7.629166666666666
DM-11-07-57-02,2026-08-30,70.36010416666666,7.629166666666666
DM-11-07-57-02,2026-08-31,62.99114583333333,7.517499999999999
DM-11-07-57-02,2026-09-01,63.917187500000004,7.4840625
DM-11-08-07-01,2026-08-26,31.37375,2.035
DM-11-08-07-01,2026-08-27,34.58864583333334,2.0640625
DM-11-08-07-01,2026-08-28,35.40958333333334,2.12
DM-11-08-07-01,2026-08-29,18.74385416666667,1.9042708333333334
DM-11-08-07-01,2026-08-30,20.798958333333335,1.8182291666666668
DM-11-08-07-01,2026-08-31,31.891562500000003,2.1898958333333334
DM-11-08-07-01,2026-09-01,19.423125,2.5835416666666666
DM-11-08-07-02,2026-08-26,520.7028125,0.19062500000000002
DM-11-08-07-02,2026-08-27,549.7382291666667,0.1571875
DM-11-08-07-02,2026-08-28,545.5494791666666,0.1625
DM-11-08-07-02,2026-08-29,549.6927083333334,0.17489583333333333
DM-11-08-07-02,2026-08-30,547.0186458333334,0.19895833333333335
DM-11-08-07-02,2026-08-31,541.6863541666667,0.17260416666666667
DM-11-08-07-02,2026-09-01,531.3511458333334,0.176875
DM-11-08-08-02,2026-08-26,42.2115625,4.124479166666666
DM-11-08-08-02,2026-08-27,40.388020833333336,3.890833333333333
DM-11-08-08-02,2026-08-28,43.01020833333333,4.1468750000000005
DM-11-08-08-02,2026-08-29,43.64114583333333,4.1953125
DM-11-08-08-02,2026-08-30,43.64114583333333,4.195416666666667
DM-11-08-08-02,2026-08-31,40.51322916666667,4.065104166666667
DM-11-08-08-02,2026-09-01,40.58052083333333,4.068333333333333
DM-11-08-08-03,2026-08-26,73.5603125,3.3988541666666667
DM-11-08-08-03,2026-08-27,81.355625,3.2864583333333335
DM-11-08-08-03,2026-08-28,97.401875,3.2526041666666665
DM-11-08-08-03,2026-08-29,125.84750000000001,3.1209375
DM-11-08-08-03,2026-08-30,125.84750000000001,3.1186458333333333
DM-11-08-08-03,2026-08-31,66.675,3.4438541666666667
DM-11-08-08-03,2026-09-01,67.2196875,3.401666666666667
DM-11-08-12-01,2026-08-26,82.74177083333333,3.031041666666667
DM-11-08-12-01,2026-08-27,82.86041666666667,3.0072916666666667
DM-11-08-12-01,2026-08-28,83.18635416666667,3.0107291666666662
DM-11-08-12-01,2026-08-29,84.58125,3.045625
DM-11-08-12-01,2026-08-30,86.31885416666667,3.1157291666666667
DM-11-08-12-01,2026-08-31,80.90145833333334,3.1269791666666666
DM-11-08-12-01,2026-09-01,81.59041666666667,3.052395833333333
DM-11-08-12-02,2026-08-26,167.57343749999998,3.7641666666666667
DM-11-08-12-02,2026-08-27,166.9315625,3.7494791666666667
DM-11-08-12-02,2026-08-28,168.59291666666667,3.752291666666667
DM-11-08-12-02,2026-08-29,157.28770833333334,3.5814583333333334
DM-11-08-12-02,2026-08-30,184.12666666666667,4.19125
DM-11-08-12-02,2026-08-31,162.69989583333333,3.8468750000000003
DM-11-08-12-02,2026-09-01,164.28166666666667,3.8415625
DM-11-08-13-01,2026-08-26,32.7215625,3.713020833333333
DM-11-08-13-01,2026-08-27,24.931979166666665,3.6275
DM-11-08-13-01,2026-08-28,16.694062499999998,3.6592708333333337
DM-11-08-13-01,2026-08-29,15.131145833333333,3.6154166666666665
DM-11-08-13-01,2026-08-30,15.126458333333334,3.6136458333333334
DM-11-08-13-01,2026-08-31,23.393125,3.7476041666666666
DM-11-08-13-01,2026-09-01,26.354791666666667,3.7062500000000003
DM-11-08-13-02,2026-08-26,88.99791666666665,3.1688541666666663
DM-11-08-13-02,2026-08-27,85.81458333333335,3.0878125
DM-11-08-13-02,2026-08-28,85.295,3.126041666666667
DM-11-08-13-02,2026-08-29,85.934375,3.069270833333333
DM-11-08-13-02,2026-08-30,85.898125,3.0669791666666666
DM-11-08-13-02,2026-08-31,84.13635416666666,3.1836458333333333
DM-11-08-13-02,2026-09-01,84.40666666666667,3.143854166666667
DM-11-08-14-01,2026-08-26,327.9428125,5.661770833333333
DM-11-08-14-01,2026-08-27,327.85281249999997,5.647083333333334
DM-11-08-14-01,2026-08-28,329.561875,5.6937500000000005
DM-11-08-14-01,2026-08-29,311.83885416666664,5.3346875
DM-11-08-14-01,2026-08-30,363.4944791666667,6.302083333333333
DM-11-08-14-01,2026-08-31,323.84458333333333,5.676875
DM-11-08-14-01,2026-09-01,322.87333333333333,5.591458333333333
DM-11-08-16-01,2026-08-26,268.10052083333335,6.956979166666667
DM-11-08-16-01,2026-08-27,268.7660416666667,6.9042708333333325
DM-11-08-16-01,2026-08-28,271.09729166666665,6.9042708333333325
DM-11-08-16-01,2026-08-29,277.5058333333333,7.022708333333333
DM-11-08-16-01,2026-08-30,280.1411458333333,7.029895833333334
DM-11-08-16-01,2026-08-31,264.9228125,6.8133333333333335
DM-11-08-16-01,2026-09-01,262.63729166666667,6.799166666666667
DM-11-08-20-01,2026-08-26,187.38541666666666,6.195833333333333
DM-11-08-20-01,2026-08-27,184.88031249999997,6.107708333333334
DM-11-08-20-01,2026-08-28,188.38947916666666,6.11625
DM-11-08-20-01,2026-08-29,198.28333333333333,6.1509375
DM-11-08-20-01,2026-08-30,198.28333333333333,6.1509375
DM-11-08-20-01,2026-08-31,183.3846875,6.041666666666667
DM-11-08-20-01,2026-09-01,183.556875,6.018541666666667
DM-11-08-21-01,2026-08-26,187.14083333333335,4.4334375
DM-11-08-21-01,2026-08-27,228.95947916666668,4.3634375
DM-11-08-21-01,2026-08-28,209.14770833333333,4.4174999999999995
DM-11-08-21-01,2026-08-29,223.76010416666668,4.467604166666667
DM-11-08-21-01,2026-08-30,226.39302083333334,4.465520833333334
DM-11-08-21-01,2026-08-31,211.8346875,4.4309375
DM-11-08-21-01,2026-09-01,215.0389583333333,4.4025
DM-11-08-22-01,2026-08-26,173.7982291666667,9.7684375
DM-11-08-22-01,2026-08-27,171.57864583333333,9.803020833333333
DM-11-08-22-01,2026-08-28,173.67656250000002,9.8496875
DM-11-08-22-01,2026-08-29,172.4489583333333,9.198854166666667
DM-11-08-22-01,2026-08-30,207.19000000000003,11.098645833333334
DM-11-08-22-01,2026-08-31,166.0090625,9.537604166666666
DM-11-08-22-01,2026-09-01,167.885625,9.481354166666668
DM-11-08-23-01,2026-08-26,89.45083333333334,10.915
DM-11-08-23-01,2026-08-27,89.00135416666666,10.822708333333333
DM-11-08-23-01,2026-08-28,89.70708333333333,10.877291666666666
DM-11-08-23-01,2026-08-29,90.93114583333333,11.176354166666668
DM-11-08-23-01,2026-08-30,90.77499999999999,11.126666666666667
DM-11-08-23-01,2026-08-31,87.71656250000001,10.506874999999999
DM-11-08-23-01,2026-09-01,88.5084375,10.475208333333333
DM-11-10-58-01,2026-08-26,116.95958333333334,3.8688541666666665
DM-11-10-58-01,2026-08-27,112.2965625,3.8472916666666666
DM-11-10-58-01,2026-08-28,117.20270833333332,3.8544791666666662
DM-11-10-58-01,2026-08-29,124.17125,3.8617708333333334
DM-11-10-58-01,2026-08-30,121.49947916666667,3.860625
DM-11-10-58-01,2026-08-31,112.72864583333335,3.870416666666667
DM-11-10-58-01,2026-09-01,112.18114583333333,3.8126041666666666
DM-11-10-58-02,2026-08-26,186.57541666666668,3.4645833333333336
DM-11-10-58-02,2026-08-27,183.4361458333333,3.425625
DM-11-10-58-02,2026-08-28,180.46604166666668,3.450416666666667
DM-11-10-58-02,2026-08-29,180.96916666666667,3.4236458333333335
DM-11-10-58-02,2026-08-30,180.96916666666667,3.4236458333333335
DM-11-10-58-02,2026-08-31,183.10833333333335,3.4497916666666666
DM-11-10-58-02,2026-09-01,182.23916666666665,3.4316666666666666
DM-11-10-59-01,2026-08-26,167.4115625,2.9656249999999997
DM-11-10-59-01,2026-08-27,168.02614583333335,2.945
DM-11-10-59-01,2026-08-28,170.96552083333333,2.9382291666666664
DM-11-10-59-01,2026-08-29,177.48447916666666,2.9403124999999997
DM-11-10-59-01,2026-08-30,181.25468750000002,2.9187499999999997
DM-11-10-59-01,2026-08-31,167.5509375,2.9796875000000003
DM-11-10-59-01,2026-09-01,165.8434375,2.9656249999999997
DM-11-10-60-01,2026-08-26,119.2884375,4.270833333333333
DM-11-10-60-01,2026-08-27,119.2884375,4.270833333333333
DM-11-10-60-01,2026-08-28,119.2884375,4.270833333333333
DM-11-10-60-01,2026-08-29,119.5984375,4.0690625
DM-11-10-60-01,2026-08-30,119.58104166666668,4.066354166666667
DM-11-10-60-01,2026-08-31,119.2884375,4.270833333333333
DM-11-10-60-01,2026-09-01,119.2884375,4.270833333333333
DM-11-10-61-01,2026-08-26,102.64239583333334,2.4415625
DM-11-10-61-01,2026-08-27,102.3315625,2.4111458333333333
DM-11-10-61-01,2026-08-28,103.69479166666667,2.4225
DM-11-10-61-01,2026-08-29,103.72927083333333,2.4746875
DM-11-10-61-01,2026-08-30,100.05479166666667,2.4734374999999997
DM-11-10-61-01,2026-08-31,99.45510416666667,2.4428125
DM-11-10-61-01,2026-09-01,100.47864583333335,2.4202083333333335
DM-11-10-62-01,2026-08-26,219.4622916666667,4.078645833333334
DM-11-10-62-01,2026-08-27,216.87760416666666,4.04375
DM-11-10-62-01,2026-08-28,218.9903125,4.063020833333334
DM-11-10-62-01,2026-08-29,224.08489583333335,4.1203125
DM-11-10-62-01,2026-08-30,220.61770833333333,4.127291666666667
DM-11-10-62-01,2026-08-31,214.41572916666667,4.0671875
DM-11-10-62-01,2026-09-01,213.6496875,4.0396875
DM-11-10-62-02,2026-08-26,0.0,0.015520833333333333
DM-11-10-62-02,2026-08-27,0.0,0.015520833333333333
DM-11-10-62-02,2026-08-28,0.0,0.015520833333333333
DM-11-10-62-02,2026-08-29,0.0,0.0184375
DM-11-10-62-02,2026-08-30,0.0,0.018229166666666668
DM-11-10-62-02,2026-08-31,0.0,0.015520833333333333
DM-11-10-62-02,2026-09-01,0.0,0.0153125
DM-11-10-63-01,2026-08-26,200.37750000000003,4.0690625
DM-11-10-63-01,2026-08-27,198.27833333333334,4.033854166666667
DM-11-10-63-01,2026-08-28,201.5534375,3.8049999999999997
DM-11-10-63-01,2026-08-29,209.571875,3.716041666666667
DM-11-10-63-01,2026-08-30,209.571875,3.716041666666667
DM-11-10-63-01,2026-08-31,188.9240625,4.151041666666667
DM-11-10-63-01,2026-09-01,189.3934375,4.108958333333333
DM-11-10-64-01,2026-08-26,87.20958333333334,3.2843750000000003
DM-11-10-64-01,2026-08-27,75.650625,3.2851041666666667
DM-11-10-64-01,2026-08-28,78.87895833333333,3.2918749999999997
DM-11-10-64-01,2026-08-29,82.07145833333333,3.307395833333333
DM-11-10-64-01,2026-08-30,84.3859375,3.285833333333333
DM-11-10-64-01,2026-08-31,77.21458333333334,3.3171874999999997
DM-11-10-64-01,2026-09-01,77.62656249999999,3.283541666666667
DM-11-10-65-01,2026-08-26,229.6966666666667,3.4855208333333336
DM-11-10-65-01,2026-08-27,226.13583333333335,3.435416666666667
DM-11-10-65-01,2026-08-28,225.449375,3.4375
DM-11-10-65-01,2026-08-29,235.05322916666668,3.3711458333333333
DM-11-10-65-01,2026-08-30,235.05322916666668,3.3711458333333333
DM-11-10-65-01,2026-08-31,225.70583333333332,3.4839583333333333
DM-11-10-65-01,2026-09-01,223.57177083333332,3.4735416666666663
DM-11-10-65-02,2026-08-26,19.358958333333334,3.482291666666667
DM-11-10-65-02,2026-08-27,19.249895833333333,3.4459375
DM-11-10-65-02,2026-08-28,19.448854166666667,3.4595833333333332
DM-11-10-65-02,2026-08-29,19.5090625,3.4853124999999996
DM-11-10-65-02,2026-08-30,20.494583333333335,3.477604166666667
DM-11-10-65-02,2026-08-31,20.239791666666665,3.485416666666667
DM-11-10-65-02,2026-09-01,20.363125,3.4707291666666666
DM-11-10-66-01,2026-08-26,238.05375,3.3484374999999997
DM-11-10-66-01,2026-08-27,234.9729166666667,3.317395833333333
DM-11-10-66-01,2026-08-28,236.65083333333334,3.3227083333333334
DM-11-10-66-01,2026-08-29,242.3415625,3.3358333333333334
DM-11-10-66-01,2026-08-30,245.9346875,3.3246875
DM-11-10-66-01,2026-08-31,233.40635416666666,3.3872916666666666
DM-11-10-66-01,2026-09-01,232.24770833333332,3.3876041666666663
DM-11-10-66-02,2026-08-26,28.552395833333335,2.373125
DM-11-10-66-02,2026-08-27,30.42197916666667,3.4282291666666667
DM-11-10-66-02,2026-08-28,29.573854166666667,3.2646875000000004
DM-11-10-66-02,2026-08-29,31.72666666666667,3.3136458333333336
DM-11-10-66-02,2026-08-30,31.72666666666667,3.3136458333333336
DM-11-10-66-02,2026-08-31,30.931979166666665,3.583645833333333
DM-11-10-66-02,2026-09-01,31.234791666666666,3.5611458333333332
DM-11-10-67-01,2026-08-26,517.8891666666666,0.033125
DM-11-10-67-01,2026-08-27,517.8891666666666,0.033125
DM-11-10-67-01,2026-08-28,517.8891666666666,0.033125
DM-11-10-67-01,2026-08-29,517.8836458333333,0.034374999999999996
DM-11-10-67-01,2026-08-30,517.8836458333333,0.034374999999999996
DM-11-10-67-01,2026-08-31,517.8891666666666,0.033125
DM-11-10-67-01,2026-09-01,517.8891666666666,0.033125
DM-11-10-67-03,2026-08-26,0.0,3.750208333333333
DM-11-10-67-03,2026-08-27,0.0,3.6108333333333333
DM-11-10-67-03,2026-08-28,0.0,3.6034375
DM-11-10-67-03,2026-08-29,0.0,3.3082291666666666
DM-11-10-67-03,2026-08-30,0.0,3.307395833333333
DM-11-10-67-03,2026-08-31,0.0,3.7386458333333334
DM-11-10-67-03,2026-09-01,0.0,3.9164583333333334
DM-11-10-68-01,2026-08-26,0.0,2.9784375
DM-11-10-68-01,2026-08-27,0.0,2.8344791666666667
DM-11-10-68-01,2026-08-28,0.0,2.908958333333333
DM-11-10-68-01,2026-08-29,0.0,2.7218750000000003
DM-11-10-68-01,2026-08-30,0.0,2.7202083333333333
DM-11-10-68-01,2026-08-31,0.0,3.1291666666666664
DM-11-10-68-01,2026-09-01,0.0,3.0985416666666663
DM-11-10-68-02,2026-08-26,0.0,3.1048958333333334
DM-11-10-68-02,2026-08-27,0.0,2.9209375000000004
DM-11-10-68-02,2026-08-28,0.0,3.0731249999999997
DM-11-10-68-02,2026-08-29,0.0,2.932916666666667
DM-11-10-68-02,2026-08-30,0.0,2.9327083333333337
DM-11-10-68-02,2026-08-31,0.0,3.2464583333333334
DM-11-10-68-02,2026-09-01,0.0,3.2266666666666666
DM-11-10-68-03,2026-08-26,20.118645833333336,3.3151041666666665
DM-11-10-68-03,2026-08-27,19.7103125,3.337604166666667
DM-11-10-68-03,2026-08-28,20.0646875,3.296666666666667
DM-11-10-68-03,2026-08-29,21.1096875,3.3417708333333334
DM-11-10-68-03,2026-08-30,21.987395833333334,3.3763541666666668
DM-11-10-68-03,2026-08-31,20.083854166666665,3.4425000000000003
DM-11-10-68-03,2026-09-01,19.878541666666667,3.4255208333333336
DM-11-10-68-04,2026-08-26,0.0,0.09760416666666667
DM-11-10-68-04,2026-08-27,0.0,0.10239583333333334
DM-11-10-68-04,2026-08-28,0.0,0.12187500000000001
DM-11-10-68-04,2026-08-29,0.0,0.10645833333333334
DM-11-10-68-04,2026-08-30,0.0,0.09552083333333333
DM-11-10-68-04,2026-08-31,0.0,0.07062500000000001
DM-11-10-68-04,2026-09-01,0.0,0.051354166666666666
DM-11-10-69-01,2026-08-26,80.45302083333333,2.8907291666666666
DM-11-10-69-01,2026-08-27,80.81583333333333,2.8288541666666664
DM-11-10-69-01,2026-08-28,82.09854166666666,2.8504166666666664
DM-11-10-69-01,2026-08-29,79.7315625,2.88875
DM-11-10-69-01,2026-08-30,76.3315625,3.000833333333333
DM-11-10-69-01,2026-08-31,79.99104166666667,2.9261458333333334
DM-11-10-69-01,2026-09-01,77.61083333333333,2.891666666666667
DM-11-10-69-02,2026-08-26,165.55114583333332,2.8484374999999997
DM-11-10-69-02,2026-08-27,166.29020833333334,2.7614583333333336
DM-11-10-69-02,2026-08-28,157.80864583333332,2.8246875
DM-11-10-69-02,2026-08-29,167.27447916666668,2.7410416666666664
DM-11-10-69-02,2026-08-30,167.27447916666668,2.73875
DM-11-10-69-02,2026-08-31,178.050625,2.8280208333333334
DM-11-10-69-02,2026-09-01,179.0611458333333,2.784479166666667
DM-11-10-70-01,2026-08-26,0.0,3.0323958333333336
DM-11-10-70-01,2026-08-27,0.0,3.0377083333333332
DM-11-10-70-01,2026-08-28,0.0,3.042291666666667
DM-11-10-70-01,2026-08-29,0.0,3.065
DM-11-10-70-01,2026-08-30,0.0,3.0395833333333333
DM-11-10-70-01,2026-08-31,0.0,3.078125
DM-11-10-70-01,2026-09-01,0.0,3.055729166666667
DM-11-10-70-02,2026-08-26,19.7746875,2.9573958333333334
DM-11-10-70-02,2026-08-27,20.13927083333333,2.9184375
DM-11-10-70-02,2026-08-28,19.982916666666664,2.9411458333333336
DM-11-10-70-02,2026-08-29,22.971979166666667,2.8354166666666667
DM-11-10-70-02,2026-08-30,23.858437499999997,2.7932291666666664
DM-11-10-70-02,2026-08-31,20.047395833333333,2.9765625
DM-11-10-70-02,2026-09-01,19.2165625,2.955625
DM-11-10-71-01,2026-08-26,125.90645833333333,3.419791666666667
DM-11-10-71-01,2026-08-27,123.13104166666666,3.3432291666666667
DM-11-10-71-01,2026-08-28,122.29229166666666,3.3825000000000003
DM-11-10-71-01,2026-08-29,122.13510416666666,3.3442708333333333
DM-11-10-71-01,2026-08-30,122.13510416666666,3.342708333333333
DM-11-10-71-01,2026-08-31,120.21135416666665,3.4511458333333334
DM-11-10-71-01,2026-09-01,120.17072916666666,3.4048958333333332
DM-11-10-71-02,2026-08-26,63.05239583333333,1.944375
DM-11-10-71-02,2026-08-27,60.619791666666664,1.8069791666666666
DM-11-10-71-02,2026-08-28,62.84229166666666,1.8941666666666668
DM-11-10-71-02,2026-08-29,63.53,1.8783333333333332
DM-11-10-71-02,2026-08-30,63.53,1.8783333333333332
DM-11-10-71-02,2026-08-31,64.625625,1.9817708333333333
DM-11-10-71-02,2026-09-01,63.499583333333334,1.9701041666666665
DM-11-10-72-01,2026-08-26,0.480625,0.5191666666666667
DM-11-10-72-01,2026-08-27,0.48635416666666664,0.7023958333333334
DM-11-10-72-01,2026-08-28,0.47875,1.0041666666666667
DM-11-10-72-01,2026-08-29,0.4935416666666667,0.315
DM-11-10-72-01,2026-08-30,0.4867708333333333,0.0
DM-11-10-72-01,2026-08-31,0.48989583333333336,0.0
DM-11-10-72-01,2026-09-01,0.4964583333333334,0.0
DM-11-10-72-02,2026-08-26,77.66291666666667,3.6157291666666667
DM-11-10-72-02,2026-08-27,49.361875,3.7651041666666667
DM-11-10-72-02,2026-08-28,52.98802083333334,3.7140625000000003
DM-11-10-72-02,2026-08-29,54.693958333333335,3.4559374999999997
DM-11-10-72-02,2026-08-30,51.3021875,3.3754166666666667
DM-11-10-72-02,2026-08-31,46.38489583333333,3.6327083333333334
DM-11-10-72-02,2026-09-01,51.212916666666665,3.8130208333333333
DM-11-10-72-03,2026-08-26,53.07791666666666,0.9740625
DM-11-10-72-03,2026-08-27,29.285208333333333,0.9533333333333333
DM-11-10-72-03,2026-08-28,34.34072916666667,0.9430208333333333
DM-11-10-72-03,2026-08-29,31.601145833333334,1.0127083333333333
DM-11-10-72-03,2026-08-30,27.068125,1.1309375
DM-11-10-72-03,2026-08-31,28.407187500000003,1.1202083333333335
DM-11-10-72-03,2026-09-01,29.831770833333334,1.1492708333333332
DM-11-10-73-02,2026-08-26,26.293645833333333,3.328958333333333
DM-11-10-73-02,2026-08-27,25.036458333333332,3.334375
DM-11-10-73-02,2026-08-28,23.72375,3.2865625
DM-11-10-73-02,2026-08-29,22.089375,3.1551041666666664
DM-11-10-73-02,2026-08-30,22.084791666666664,3.1575
DM-11-10-73-02,2026-08-31,22.8984375,3.4623958333333333
DM-11-10-73-02,2026-09-01,24.0065625,3.4404166666666662
DM-11-10-73-03,2026-08-26,0.00010416666666666667,3.341458333333333
DM-11-10-73-03,2026-08-27,0.000625,3.3783333333333334
DM-11-10-73-03,2026-08-28,0.0,3.3388541666666662
DM-11-10-73-03,2026-08-29,0.0,3.049375
DM-11-10-73-03,2026-08-30,0.0,3.1496875
DM-11-10-73-03,2026-08-31,0.0008333333333333334,3.4523958333333336
DM-11-10-73-03,2026-09-01,0.0,3.4589583333333334
DM-11-10-73-04,2026-08-26,0.31572916666666667,3.725
DM-11-10-73-04,2026-08-27,0.315625,3.7396875
DM-11-10-73-04,2026-08-28,0.31385416666666666,3.7137499999999997
DM-11-10-73-04,2026-08-29,0.30416666666666664,3.7665624999999996
DM-11-10-73-04,2026-08-30,0.30395833333333333,3.771770833333333
DM-11-10-73-04,2026-08-31,0.30020833333333335,3.8229166666666665
DM-11-10-73-04,2026-09-01,0.2994791666666667,3.8076041666666662
DM-12-01-01-01,2026-08-26,129.6740625,0.0
DM-12-01-01-01,2026-08-27,128.30958333333334,0.0
DM-12-01-01-01,2026-08-28,128.248125,0.0
DM-12-01-01-01,2026-08-29,131.7440625,0.0
DM-12-01-01-01,2026-08-30,132.010625,0.0
DM-12-01-01-01,2026-08-31,126.29145833333332,0.0
DM-12-01-01-01,2026-09-01,126.81229166666667,0.0
DM-12-01-01-02,2026-08-26,151.64614583333335,5.434895833333333
DM-12-01-01-02,2026-08-27,145.73375000000001,5.238958333333334
DM-12-01-01-02,2026-08-28,150.6653125,5.4271875
DM-12-01-01-02,2026-08-29,155.20760416666667,5.585833333333333
DM-12-01-01-02,2026-08-30,155.20760416666667,5.585833333333333
DM-12-01-01-02,2026-08-31,149.0528125,5.374270833333333
DM-12-01-01-02,2026-09-01,148.95333333333335,5.341562499999999
DM-12-01-02-01,2026-08-26,144.75958333333332,5.65125
DM-12-01-02-01,2026-08-27,143.31270833333335,5.66125
DM-12-01-02-01,2026-08-28,143.40520833333332,5.524479166666667
DM-12-01-02-01,2026-08-29,144.93239583333335,5.864166666666667
DM-12-01-02-01,2026-08-30,148.60375,5.881875
DM-12-01-02-01,2026-08-31,141.2775,5.626145833333333
DM-12-01-02-01,2026-09-01,141.67552083333334,5.585625
DM-12-01-02-02,2026-08-26,0.0,5.513229166666666
DM-12-01-02-02,2026-08-27,0.0,5.570833333333333
DM-12-01-02-02,2026-08-28,0.0,5.5417708333333335
DM-12-01-02-02,2026-08-29,0.0,5.695520833333333
DM-12-01-02-02,2026-08-30,0.0,5.695520833333333
DM-12-01-02-02,2026-08-31,0.0,5.4959375
DM-12-01-02-02,2026-09-01,0.0,5.459583333333334
DM-12-01-03-02,2026-08-26,164.79322916666666,5.791250000000001
DM-12-01-03-02,2026-08-27,159.11989583333335,5.830312500000001
DM-12-01-03-02,2026-08-28,153.92010416666668,5.788020833333333
DM-12-01-03-02,2026-08-29,157.40958333333333,5.873333333333334
DM-12-01-03-02,2026-08-30,157.40958333333333,5.873333333333334
DM-12-01-03-02,2026-08-31,145.29760416666667,5.786770833333333
DM-12-01-03-02,2026-09-01,145.62416666666667,5.7593749999999995
DM-12-01-04-01,2026-08-26,11.078229166666667,5.861875
DM-12-01-04-01,2026-08-27,12.393749999999999,5.894166666666667
DM-12-01-04-01,2026-08-28,11.102916666666667,5.8384375
DM-12-01-04-01,2026-08-29,11.7159375,5.834062500000001
DM-12-01-04-01,2026-08-30,11.7159375,5.834062500000001
DM-12-01-04-01,2026-08-31,11.379062500000002,5.851666666666667
DM-12-01-04-01,2026-09-01,10.75625,5.8234375
DM-12-01-04-02,2026-08-26,0.0,5.101666666666667
DM-12-01-04-02,2026-08-27,0.0,5.1609375
DM-12-01-04-02,2026-08-28,0.0,5.14
DM-12-01-04-02,2026-08-29,0.0,5.143854166666666
DM-12-01-04-02,2026-08-30,0.0,5.143854166666666
DM-12-01-04-02,2026-08-31,0.0,5.1234375000000005
DM-12-01-04-02,2026-09-01,0.0,5.106041666666667
DM-12-01-05-01,2026-08-26,209.33802083333333,5.756666666666667
DM-12-01-05-01,2026-08-27,205.87572916666667,5.8133333333333335
DM-12-01-05-01,2026-08-28,201.6640625,5.782604166666666
DM-12-01-05-01,2026-08-29,205.2415625,5.940416666666667
DM-12-01-05-01,2026-08-30,205.2415625,5.940416666666667
DM-12-01-05-01,2026-08-31,208.35687499999997,5.6953125
DM-12-01-05-01,2026-09-01,211.2684375,5.648958333333333
DM-12-01-05-02,2026-08-26,0.0,4.9584375
DM-12-01-05-02,2026-08-27,0.0,4.9584375
DM-12-01-05-02,2026-08-28,0.0,4.9584375
DM-12-01-05-02,2026-08-29,0.0,5.144895833333334
DM-12-01-05-02,2026-08-30,0.0,5.1309375
DM-12-01-05-02,2026-08-31,0.0,4.9584375
DM-12-01-05-02,2026-09-01,0.0,4.9584375
DM-12-01-05-03,2026-08-26,5.39,8.51
DM-12-01-05-03,2026-08-27,5.39,8.51
DM-12-01-05-03,2026-08-28,5.39,8.51
DM-12-01-05-03,2026-08-29,5.336458333333333,8.424999999999999
DM-12-01-05-03,2026-08-30,5.336458333333333,8.424999999999999
DM-12-01-05-03,2026-08-31,5.39,8.51
DM-12-01-05-03,2026-09-01,5.39,8.51
DM-12-01-06-01,2026-08-26,78.785,5.837395833333333
DM-12-01-06-01,2026-08-27,73.64239583333334,5.777291666666667
DM-12-01-06-01,2026-08-28,75.5503125,5.835416666666667
DM-12-01-06-01,2026-08-29,78.7634375,5.9715625
DM-12-01-06-01,2026-08-30,78.7634375,5.9715625
DM-12-01-06-01,2026-08-31,72.40104166666667,5.744375000000001
DM-12-01-06-01,2026-09-01,70.17791666666666,5.711666666666667
DM-12-01-06-02,2026-08-26,0.0,0.0
DM-12-01-06-02,2026-08-27,0.0,0.0
DM-12-01-06-02,2026-08-28,0.0,0.0
DM-12-01-06-02,2026-08-29,0.0,0.0
DM-12-01-06-02,2026-08-30,0.0,0.0
DM-12-01-06-02,2026-08-31,0.0,0.0
DM-12-01-06-02,2026-09-01,0.0,0.0
DM-12-01-07-01,2026-08-26,88.81354166666667,5.868125
DM-12-01-07-01,2026-08-27,89.0315625,5.929270833333334
DM-12-01-07-01,2026-08-28,86.570625,5.8722916666666665
DM-12-01-07-01,2026-08-29,83.32489583333333,5.9870833333333335
DM-12-01-07-01,2026-08-30,83.32489583333333,5.9870833333333335
DM-12-01-07-01,2026-08-31,84.706875,5.807291666666667
DM-12-01-07-01,2026-09-01,82.6603125,5.726458333333333
DM-12-01-08-01,2026-08-26,6.036979166666666,5.314895833333334
DM-12-01-08-01,2026-08-27,130.3225,5.1909374999999995
DM-12-01-08-01,2026-08-28,17.23125,5.324583333333334
DM-12-01-08-01,2026-08-29,0.42020833333333335,5.427604166666666
DM-12-01-08-01,2026-08-30,0.01,5.427604166666666
DM-12-01-08-01,2026-08-31,208.94135416666666,5.230729166666666
DM-12-01-08-01,2026-09-01,204.82000000000002,5.18875
DM-12-01-09-01,2026-08-26,0.0,5.869062499999999
DM-12-01-09-01,2026-08-27,0.0,5.874270833333333
DM-12-01-09-01,2026-08-28,0.0,5.7175
DM-12-01-09-01,2026-08-29,0.0,5.4383333333333335
DM-12-01-09-01,2026-08-30,0.0,5.5917708333333325
DM-12-01-09-01,2026-08-31,0.0,5.8659375
DM-12-01-09-01,2026-09-01,0.0,5.840833333333333
DM-12-02-01-01,2026-08-26,0.0,5.037916666666667
DM-12-02-01-01,2026-08-27,0.0,5.037916666666667
DM-12-02-01-01,2026-08-28,0.0,5.037916666666667
DM-12-02-01-01,2026-08-29,0.0,5.06625
DM-12-02-01-01,2026-08-30,0.0,5.0564583333333335
DM-12-02-01-01,2026-08-31,0.0,5.037916666666667
DM-12-02-01-01,2026-09-01,0.0,5.037916666666667
DM-12-02-01-02,2026-08-26,156.15302083333333,5.876874999999999
DM-12-02-01-02,2026-08-27,149.56572916666667,5.721875
DM-12-02-01-02,2026-08-28,149.78083333333333,5.82375
DM-12-02-01-02,2026-08-29,154.69260416666665,5.8301041666666675
DM-12-02-01-02,2026-08-30,154.69260416666665,5.8301041666666675
DM-12-02-01-02,2026-08-31,153.14885416666667,5.871145833333333
DM-12-02-01-02,2026-09-01,150.20614583333335,5.8359375
DM-12-02-02-01,2026-08-26,0.0,11.13125
DM-12-02-02-01,2026-08-27,0.0,11.182812499999999
DM-12-02-02-01,2026-08-28,0.0,10.893020833333333
DM-12-02-02-01,2026-08-29,0.0,8.178229166666666
DM-12-02-02-01,2026-08-30,0.0,8.178229166666666
DM-12-02-02-01,2026-08-31,0.0,11.069166666666666
DM-12-02-02-01,2026-09-01,0.0,11.080208333333333
DM-12-02-02-02,2026-08-26,78.65343750000001,5.874791666666667
DM-12-02-02-02,2026-08-27,77.2140625,5.868125
DM-12-02-02-02,2026-08-28,78.36239583333334,5.6866666666666665
DM-12-02-02-02,2026-08-29,75.83802083333333,5.790729166666666
DM-12-02-02-02,2026-08-30,76.54885416666666,5.872812499999999
DM-12-02-02-02,2026-08-31,75.7759375,5.876666666666666
DM-12-02-02-02,2026-09-01,76.07489583333333,5.841458333333333
DM-12-02-02-03,2026-08-26,104.87927083333334,4.573541666666666
DM-12-02-02-03,2026-08-27,94.68541666666665,4.808229166666666
DM-12-02-02-03,2026-08-28,77.6628125,5.061041666666667
DM-12-02-02-03,2026-08-29,75.69875,5.0778125
DM-12-02-02-03,2026-08-30,75.69875,5.0778125
DM-12-02-02-03,2026-08-31,113.49874999999999,4.345208333333333
DM-12-02-02-03,2026-09-01,115.95041666666667,4.242083333333333
DM-12-02-03-01,2026-08-26,165.71156249999999,4.4078124999999995
DM-12-02-03-01,2026-08-27,164.81989583333333,4.41125
DM-12-02-03-01,2026-08-28,163.01645833333333,4.258020833333333
DM-12-02-03-01,2026-08-29,166.27979166666668,4.3343750000000005
DM-12-02-03-01,2026-08-30,168.89677083333333,4.386770833333333
DM-12-02-03-01,2026-08-31,166.7840625,4.3950000000000005
DM-12-02-03-01,2026-09-01,166.09802083333332,4.371875
DM-12-02-04-01,2026-08-26,403.3476041666667,0.0
DM-12-02-04-01,2026-08-27,397.0807291666667,0.0
DM-12-02-04-01,2026-08-28,386.78041666666667,0.0
DM-12-02-04-01,2026-08-29,388.55114583333335,0.0
DM-12-02-04-01,2026-08-30,388.55114583333335,0.0
DM-12-02-04-01,2026-08-31,401.8532291666666,0.0
DM-12-02-04-01,2026-09-01,401.52229166666666,0.0
DM-12-02-05-01,2026-08-26,0.0,5.846666666666667
DM-12-02-05-01,2026-08-27,0.0,5.739791666666666
DM-12-02-05-01,2026-08-28,0.0,5.799375
DM-12-02-05-01,2026-08-29,0.0,5.7771875
DM-12-02-05-01,2026-08-30,0.0,5.7771875
DM-12-02-05-01,2026-08-31,0.0,5.848958333333333
DM-12-02-05-01,2026-09-01,0.0,5.809479166666667
DM-12-02-06-01,2026-08-26,208.19197916666667,5.568645833333334
DM-12-02-06-01,2026-08-27,205.98781250000002,5.601770833333333
DM-12-02-06-01,2026-08-28,203.63250000000002,5.526354166666667
DM-12-02-06-01,2026-08-29,206.6392708333333,5.4584375
DM-12-02-06-01,2026-08-30,206.6392708333333,5.4584375
DM-12-02-06-01,2026-08-31,207.0455208333333,5.574895833333333
DM-12-02-06-01,2026-09-01,203.9076041666667,5.545833333333333
DM-12-02-06-02,2026-08-26,0.0,0.0
DM-12-02-06-02,2026-08-27,0.0,0.0
DM-12-02-06-02,2026-08-28,0.0,0.0
DM-12-02-06-02,2026-08-29,0.0,0.0
DM-12-02-06-02,2026-08-30,0.0,0.0
DM-12-02-06-02,2026-08-31,0.0,0.0
DM-12-02-06-02,2026-09-01,0.0,0.0
DM-12-02-07-01,2026-08-26,194.53697916666667,5.217708333333333
DM-12-02-07-01,2026-08-27,183.4084375,4.97375
DM-12-02-07-01,2026-08-28,193.60583333333332,5.171875
DM-12-02-07-01,2026-08-29,203.31562499999998,5.229375
DM-12-02-07-01,2026-08-30,203.31562499999998,5.229375
DM-12-02-07-01,2026-08-31,190.43802083333333,5.16375
DM-12-02-07-01,2026-09-01,190.81052083333336,5.099583333333333
DM-12-02-07-02,2026-08-26,221.85041666666666,5.1690625
DM-12-02-07-02,2026-08-27,221.2196875,5.149791666666666
DM-12-02-07-02,2026-08-28,224.42104166666664,4.9513541666666665
DM-12-02-07-02,2026-08-29,226.01552083333334,5.101458333333333
DM-12-02-07-02,2026-08-30,224.8040625,5.144895833333334
DM-12-02-07-02,2026-08-31,216.45479166666667,5.115520833333333
DM-12-02-07-02,2026-09-01,218.86083333333332,5.0503124999999995
DM-12-02-08-01,2026-08-26,206.93947916666664,5.990729166666667
DM-12-02-08-01,2026-08-27,205.430625,5.922395833333333
DM-12-02-08-01,2026-08-28,197.47489583333333,5.495833333333334
DM-12-02-08-01,2026-08-29,194.10979166666667,5.4425
DM-12-02-08-01,2026-08-30,194.2903125,5.46125
DM-12-02-08-01,2026-08-31,193.11364583333332,5.581770833333334
DM-12-02-08-01,2026-09-01,193.00583333333336,5.589791666666667
DM-12-02-08-02,2026-08-26,153.10375000000002,6.166458333333334
DM-12-02-08-02,2026-08-27,150.49927083333333,6.205208333333334
DM-12-02-08-02,2026-08-28,148.82083333333333,6.081041666666667
DM-12-02-08-02,2026-08-29,150.94958333333332,6.145208333333334
DM-12-02-08-02,2026-08-30,150.94958333333332,6.145208333333334
DM-12-02-08-02,2026-08-31,146.19468750000001,6.128958333333333
DM-12-02-08-02,2026-09-01,146.48635416666667,6.065104166666667
DM-12-03-01-01,2026-08-26,158.81052083333333,2.1480208333333333
DM-12-03-01-01,2026-08-27,160.40291666666667,2.0472916666666667
DM-12-03-01-01,2026-08-28,162.31541666666666,2.0753125
DM-12-03-01-01,2026-08-29,166.77104166666666,2.0264583333333333
DM-12-03-01-01,2026-08-30,166.77104166666666,2.0264583333333333
DM-12-03-01-01,2026-08-31,157.86447916666665,2.1592708333333333
DM-12-03-01-01,2026-09-01,155.26364583333333,2.1408333333333336
DM-12-03-01-02,2026-08-26,152.50239583333334,5.7078125
DM-12-03-01-02,2026-08-27,147.20260416666667,5.5460416666666665
DM-12-03-01-02,2026-08-28,150.74354166666666,5.602187499999999
DM-12-03-01-02,2026-08-29,150.62145833333332,5.543333333333333
DM-12-03-01-02,2026-08-30,150.62145833333332,5.543333333333333
DM-12-03-01-02,2026-08-31,147.58458333333334,5.704895833333333
DM-12-03-01-02,2026-09-01,145.76333333333335,5.6812499999999995
DM-12-03-02-01,2026-08-26,0.0,0.0
DM-12-03-02-01,2026-08-27,0.0,0.0
DM-12-03-02-01,2026-08-28,0.0,0.0
DM-12-03-02-01,2026-08-29,0.0,0.0
DM-12-03-02-01,2026-08-30,0.0,0.0
DM-12-03-02-01,2026-08-31,0.0,0.0
DM-12-03-02-01,2026-09-01,0.0,0.0
DM-12-03-02-02,2026-08-26,73.545625,6.194270833333333
DM-12-03-02-02,2026-08-27,73.143125,6.1784375
DM-12-03-02-02,2026-08-28,71.98625,6.063229166666667
DM-12-03-02-02,2026-08-29,69.46989583333333,5.948229166666667
DM-12-03-02-02,2026-08-30,69.46989583333333,5.948229166666667
DM-12-03-02-02,2026-08-31,73.9328125,6.1144791666666665
DM-12-03-02-02,2026-09-01,74.70583333333333,6.0746875
DM-12-03-03-01,2026-08-26,500.0,4.674270833333334
DM-12-03-03-01,2026-08-27,500.0,4.631875
DM-12-03-03-01,2026-08-28,500.0,4.486770833333334
DM-12-03-03-01,2026-08-29,500.0,4.462291666666666
DM-12-03-03-01,2026-08-30,500.0,4.5112499999999995
DM-12-03-03-01,2026-08-31,500.0,4.558645833333333
DM-12-03-03-01,2026-09-01,500.0,4.551666666666667
DM-12-03-04-01,2026-08-26,35.096979166666664,4.664583333333334
DM-12-03-04-01,2026-08-27,34.484375,4.621666666666667
DM-12-03-04-01,2026-08-28,38.465520833333336,4.4621875
DM-12-03-04-01,2026-08-29,37.1265625,4.461354166666667
DM-12-03-04-01,2026-08-30,42.41229166666667,4.497395833333333
DM-12-03-04-01,2026-08-31,40.5465625,4.5496875
DM-12-03-04-01,2026-09-01,34.557916666666664,4.5415625
DM-12-03-04-02,2026-08-26,133.61270833333333,6.626874999999999
DM-12-03-04-02,2026-08-27,128.80458333333334,6.408854166666667
DM-12-03-04-02,2026-08-28,130.008125,6.420104166666667
DM-12-03-04-02,2026-08-29,128.78625,6.247395833333333
DM-12-03-04-02,2026-08-30,128.78625,6.247395833333333
DM-12-03-04-02,2026-08-31,129.02979166666668,6.445208333333333
DM-12-03-04-02,2026-09-01,117.20677083333334,6.4640625
DM-12-03-04-03,2026-08-26,269.69447916666667,6.8565625
DM-12-03-04-03,2026-08-27,269.2809375,6.784375
DM-12-03-04-03,2026-08-28,267.77791666666667,6.568020833333333
DM-12-03-04-03,2026-08-29,261.11427083333336,6.5495833333333335
DM-12-03-04-03,2026-08-30,263.72531250000003,6.5519791666666665
DM-12-03-04-03,2026-08-31,268.20302083333337,6.684895833333333
DM-12-03-04-03,2026-09-01,249.9021875,6.6978125
DM-12-03-05-01,2026-08-26,127.5028125,6.62875
DM-12-03-05-01,2026-08-27,122.44541666666667,6.399062499999999
DM-12-03-05-01,2026-08-28,132.09239583333334,6.353645833333334
DM-12-03-05-01,2026-08-29,139.69791666666666,6.216875000000001
DM-12-03-05-01,2026-08-30,139.69791666666666,6.216875000000001
DM-12-03-05-01,2026-08-31,121.5109375,6.4281250000000005
DM-12-03-05-01,2026-09-01,121.46468750000001,6.409791666666667
DM-12-03-06-01,2026-08-26,134.35927083333334,5.5128125
DM-12-03-06-01,2026-08-27,134.35927083333334,5.5128125
DM-12-03-06-01,2026-08-28,134.35927083333334,5.5128125
DM-12-03-06-01,2026-08-29,131.568125,5.4703124999999995
DM-12-03-06-01,2026-08-30,131.24489583333335,5.451979166666667
DM-12-03-06-01,2026-08-31,134.35927083333334,5.5128125
DM-12-03-06-01,2026-09-01,134.35927083333334,5.5128125
DM-12-03-06-02,2026-08-26,0.0,7.66
DM-12-03-06-02,2026-08-27,0.0,7.66
DM-12-03-06-02,2026-08-28,0.0,7.66
DM-12-03-06-02,2026-08-29,0.0,7.582604166666667
DM-12-03-06-02,2026-08-30,0.0,7.582604166666667
DM-12-03-06-02,2026-08-31,0.0,7.66
DM-12-03-06-02,2026-09-01,0.0,7.66
DM-12-03-07-01,2026-08-26,123.80802083333333,6.0925
DM-12-03-07-01,2026-08-27,109.5028125,5.799270833333334
DM-12-03-07-01,2026-08-28,104.63135416666667,5.873854166666667
DM-12-03-07-01,2026-08-29,100.79239583333333,5.671979166666667
DM-12-03-07-01,2026-08-30,100.79239583333333,5.671979166666667
DM-12-03-07-01,2026-08-31,125.080625,5.749375000000001
DM-12-03-07-01,2026-09-01,124.72416666666668,5.752187500000001
DM-12-03-08-01,2026-08-26,73.44333333333333,6.253333333333334
DM-12-03-08-01,2026-08-27,74.61864583333333,6.159270833333333
DM-12-03-08-01,2026-08-28,70.4328125,5.768125
DM-12-03-08-01,2026-08-29,71.83541666666666,5.691354166666667
DM-12-03-08-01,2026-08-30,72.62302083333334,5.710208333333333
DM-12-03-08-01,2026-08-31,69.9715625,5.828020833333333
DM-12-03-08-01,2026-09-01,69.22791666666667,5.832708333333334
DM-12-03-08-02,2026-08-26,148.79458333333335,5.940729166666666
DM-12-03-08-02,2026-08-27,134.71270833333332,5.5441666666666665
DM-12-03-08-02,2026-08-28,142.9221875,5.61625
DM-12-03-08-02,2026-08-29,148.36333333333332,5.367812499999999
DM-12-03-08-02,2026-08-30,148.36333333333332,5.367812499999999
DM-12-03-08-02,2026-08-31,144.83552083333333,5.580729166666667
DM-12-03-08-02,2026-09-01,142.11239583333332,5.544375
DM-12-03-09-01,2026-08-26,157.9040625,6.1690625
DM-12-03-09-01,2026-08-27,147.279375,5.824375
DM-12-03-09-01,2026-08-28,151.450625,5.8457291666666675
DM-12-03-09-01,2026-08-29,158.38427083333332,5.664375
DM-12-03-09-01,2026-08-30,158.38427083333332,5.664375
DM-12-03-09-01,2026-08-31,150.41739583333333,5.80125
DM-12-03-09-01,2026-09-01,149.12322916666668,5.806979166666667
DM-12-03-09-02,2026-08-26,517.505,1.2016666666666667
DM-12-03-09-02,2026-08-27,517.8762499999999,1.1475
DM-12-03-09-02,2026-08-28,517.6604166666666,0.012916666666666667
DM-12-03-09-02,2026-08-29,517.7402083333333,0.01
DM-12-03-09-02,2026-08-30,517.7402083333333,0.01
DM-12-03-09-02,2026-08-31,517.92,1.0466666666666666
DM-12-03-09-02,2026-09-01,514.1780208333333,1.0460416666666668
DM-12-03-10-01,2026-08-26,92.29281250000001,7.1230208333333325
DM-12-03-10-01,2026-08-27,86.61843750000001,6.884687499999999
DM-12-03-10-01,2026-08-28,90.71458333333334,6.754166666666666
DM-12-03-10-01,2026-08-29,94.04677083333333,6.492812499999999
DM-12-03-10-01,2026-08-30,94.04677083333333,6.492812499999999
DM-12-03-10-01,2026-08-31,87.13614583333333,6.857083333333333
DM-12-03-10-01,2026-09-01,87.17854166666666,6.859895833333333
DM-12-03-11-01,2026-08-26,235.843125,6.611041666666666
DM-12-03-11-01,2026-08-27,185.96958333333336,6.4902083333333325
DM-12-03-11-01,2026-08-28,245.17677083333334,6.3309375
DM-12-03-11-01,2026-08-29,259.2711458333333,6.080312500000001
DM-12-03-11-01,2026-08-30,259.2711458333333,6.080312500000001
DM-12-03-11-01,2026-08-31,161.73145833333334,6.495208333333333
DM-12-03-11-01,2026-09-01,169.59072916666665,6.483854166666667
DM-12-04-01-01,2026-08-26,76.89552083333334,5.943229166666666
DM-12-04-01-01,2026-08-27,77.1021875,5.990833333333334
DM-12-04-01-01,2026-08-28,78.81114583333333,5.857604166666667
DM-12-04-01-01,2026-08-29,82.29718749999999,5.906041666666667
DM-12-04-01-01,2026-08-30,84.7946875,5.987604166666666
DM-12-04-01-01,2026-08-31,81.42125,6.093541666666667
DM-12-04-01-01,2026-09-01,81.98333333333333,6.068437500000001
DM-12-04-01-02,2026-08-26,0.0,0.0
DM-12-04-01-02,2026-08-27,0.0,0.0
DM-12-04-01-02,2026-08-28,0.0,0.0
DM-12-04-01-02,2026-08-29,0.0,0.0
DM-12-04-01-02,2026-08-30,0.0,0.0
DM-12-04-01-02,2026-08-31,0.0,0.0
DM-12-04-01-02,2026-09-01,0.0,0.0
DM-12-04-02-01,2026-08-26,0.0,5.938645833333333
DM-12-04-02-01,2026-08-27,0.0,5.936354166666667
DM-12-04-02-01,2026-08-28,0.0,5.8351041666666665
DM-12-04-02-01,2026-08-29,0.0,5.7265625
DM-12-04-02-01,2026-08-30,0.0,5.7265625
DM-12-04-02-01,2026-08-31,0.0,5.8915625
DM-12-04-02-01,2026-09-01,0.0,5.856145833333333
DM-12-04-02-02,2026-08-26,186.21395833333335,5.818124999999999
DM-12-04-02-02,2026-08-27,183.0040625,5.815
DM-12-04-02-02,2026-08-28,179.25520833333334,5.706979166666667
DM-12-04-02-02,2026-08-29,179.220625,5.596770833333333
DM-12-04-02-02,2026-08-30,179.220625,5.596770833333333
DM-12-04-02-02,2026-08-31,179.73541666666665,5.774479166666667
DM-12-04-02-02,2026-09-01,179.05520833333333,5.739166666666667
DM-12-04-02-03,2026-08-26,0.0,0.0
DM-12-04-02-03,2026-08-27,0.0,0.0
DM-12-04-02-03,2026-08-28,0.0,0.0
DM-12-04-02-03,2026-08-29,0.0,0.0
DM-12-04-02-03,2026-08-30,0.0,0.0
DM-12-04-02-03,2026-08-31,0.0,0.0
DM-12-04-02-03,2026-09-01,0.0,0.0
DM-12-04-03-01,2026-08-26,138.90791666666667,9.882604166666667
DM-12-04-03-01,2026-08-27,137.70302083333334,9.614791666666667
DM-12-04-03-01,2026-08-28,136.37291666666667,9.51625
DM-12-04-03-01,2026-08-29,130.923125,9.377916666666666
DM-12-04-03-01,2026-08-30,130.923125,9.377916666666666
DM-12-04-03-01,2026-08-31,136.40395833333335,9.628541666666667
DM-12-04-03-01,2026-09-01,133.73927083333334,9.4646875
DM-12-04-03-02,2026-08-26,38.25333333333334,7.0859375
DM-12-04-03-02,2026-08-27,38.43145833333333,7.0584375
DM-12-04-03-02,2026-08-28,37.3803125,6.9355208333333325
DM-12-04-03-02,2026-08-29,36.39041666666667,6.8128125
DM-12-04-03-02,2026-08-30,36.39041666666667,6.8128125
DM-12-04-03-02,2026-08-31,38.37895833333334,6.985729166666666
DM-12-04-03-02,2026-09-01,38.71510416666667,6.941979166666666
DM-12-04-03-03,2026-08-26,101.5259375,9.681875
DM-12-04-03-03,2026-08-27,100.25677083333333,9.423958333333333
DM-12-04-03-03,2026-08-28,101.31729166666666,9.3165625
DM-12-04-03-03,2026-08-29,101.76937500000001,9.175833333333333
DM-12-04-03-03,2026-08-30,101.76937500000001,9.176458333333334
DM-12-04-03-03,2026-08-31,100.50156249999999,9.437083333333334
DM-12-04-03-03,2026-09-01,99.06395833333333,9.267083333333334
DM-12-04-04-01,2026-08-26,0.05000000000000001,14.18
DM-12-04-04-01,2026-08-27,0.05000000000000001,14.18
DM-12-04-04-01,2026-08-28,0.05000000000000001,14.18
DM-12-04-04-01,2026-08-29,0.04979166666666667,14.036979166666667
DM-12-04-04-01,2026-08-30,0.04979166666666667,14.036979166666667
DM-12-04-04-01,2026-08-31,0.05000000000000001,14.18
DM-12-04-04-01,2026-09-01,0.05000000000000001,14.18
DM-12-04-04-02,2026-08-26,0.0,0.0
DM-12-04-04-02,2026-08-27,0.0,0.0
DM-12-04-04-02,2026-08-28,0.0,0.0
DM-12-04-04-02,2026-08-29,0.0,0.0
DM-12-04-04-02,2026-08-30,0.0,0.0
DM-12-04-04-02,2026-08-31,0.0,0.0
DM-12-04-04-02,2026-09-01,0.0,0.0
DM-12-04-04-03,2026-08-26,267.0840625,11.459270833333333
DM-12-04-04-03,2026-08-27,265.23427083333337,11.327708333333334
DM-12-04-04-03,2026-08-28,262.10281249999997,11.333333333333334
DM-12-04-04-03,2026-08-29,260.9940625,11.121354166666668
DM-12-04-04-03,2026-08-30,260.9940625,11.121354166666668
DM-12-04-04-03,2026-08-31,258.7970833333333,11.450833333333334
DM-12-04-04-03,2026-09-01,255.06270833333335,11.1565625
DM-12-04-05-01,2026-08-26,133.8871875,6.496666666666666
DM-12-04-05-01,2026-08-27,172.62885416666666,6.337708333333333
DM-12-04-05-01,2026-08-28,216.77520833333335,6.060625000000001
DM-12-04-05-01,2026-08-29,238.05010416666667,5.8542708333333335
DM-12-04-05-01,2026-08-30,238.05010416666667,5.8542708333333335
DM-12-04-05-01,2026-08-31,125.7375,6.3684375
DM-12-04-05-01,2026-09-01,124.7471875,6.343020833333333
DM-12-04-05-02,2026-08-26,282.838125,10.868020833333333
DM-12-04-05-02,2026-08-27,278.7021875,10.788125
DM-12-04-05-02,2026-08-28,284.44979166666667,10.783645833333333
DM-12-04-05-02,2026-08-29,277.86083333333335,10.692187500000001
DM-12-04-05-02,2026-08-30,275.148125,10.681041666666667
DM-12-04-05-02,2026-08-31,283.11302083333334,10.846874999999999
DM-12-04-05-02,2026-09-01,275.02260416666667,10.651666666666666
DM-12-04-06-01,2026-08-26,0.0,6.5559375
DM-12-04-06-01,2026-08-27,0.0,6.345624999999999
DM-12-04-06-01,2026-08-28,0.0,6.338229166666667
DM-12-04-06-01,2026-08-29,0.0,6.177916666666667
DM-12-04-06-01,2026-08-30,0.0,6.177916666666667
DM-12-04-06-01,2026-08-31,0.0,6.371770833333334
DM-12-04-06-01,2026-09-01,0.0,6.370208333333333
DM-12-04-06-02,2026-08-26,0.0,6.646145833333333
DM-12-04-06-02,2026-08-27,0.0,6.809270833333334
DM-12-04-06-02,2026-08-28,0.0,6.56375
DM-12-04-06-02,2026-08-29,0.0,6.670104166666667
DM-12-04-06-02,2026-08-30,0.0,6.7515624999999995
DM-12-04-06-02,2026-08-31,0.0,6.59625
DM-12-04-06-02,2026-09-01,0.0,6.638958333333334
DM-12-04-06-03,2026-08-26,0.06794871794871794,0.0
DM-12-04-06-03,2026-08-27,0.03693548387096774,0.0
DM-12-04-06-03,2026-08-28,0.01,0.0
DM-12-04-06-03,2026-08-29,0.01,0.0
DM-12-04-06-03,2026-08-30,0.01,0.0
DM-12-04-06-03,2026-08-31,0.08333333333333333,0.0
DM-12-04-06-03,2026-09-01,0.04566666666666667,0.0
DM-12-04-07-01,2026-08-26,240.55208333333334,5.736875
DM-12-04-07-01,2026-08-27,237.5771875,5.713541666666667
DM-12-04-07-01,2026-08-28,237.80260416666667,5.523020833333334
DM-12-04-07-01,2026-08-29,245.02072916666668,5.2684375
DM-12-04-07-01,2026-08-30,245.02072916666668,5.2684375
DM-12-04-07-01,2026-08-31,239.96291666666664,5.538645833333334
DM-12-04-07-01,2026-09-01,240.84479166666665,5.519270833333334
DM-12-04-07-02,2026-08-26,160.85302083333332,6.2749999999999995
DM-12-04-07-02,2026-08-27,153.32135416666668,5.930729166666667
DM-12-04-07-02,2026-08-28,163.18104166666666,6.030208333333333
DM-12-04-07-02,2026-08-29,171.34843750000002,5.881458333333334
DM-12-04-07-02,2026-08-30,171.34843750000002,5.881458333333334
DM-12-04-07-02,2026-08-31,162.03822916666667,6.0730208333333335
DM-12-04-07-02,2026-09-01,162.39531250000002,6.057604166666667
DM-12-04-08-01,2026-08-26,191.0475,6.2459375
DM-12-04-08-01,2026-08-27,190.67020833333333,6.195104166666667
DM-12-04-08-01,2026-08-28,188.7984375,5.909270833333333
DM-12-04-08-01,2026-08-29,194.88177083333335,5.838125000000001
DM-12-04-08-01,2026-08-30,196.44604166666667,5.8495833333333325
DM-12-04-08-01,2026-08-31,190.52677083333333,6.0165625
DM-12-04-08-01,2026-09-01,189.46104166666666,6.0090625
DM-12-04-09-01,2026-08-26,92.48604166666667,6.180208333333333
DM-12-04-09-01,2026-08-27,79.58125,5.959062500000001
DM-12-04-09-01,2026-08-28,86.69510416666667,5.986875
DM-12-04-09-01,2026-08-29,92.27270833333334,5.7375
DM-12-04-09-01,2026-08-30,92.27270833333334,5.7375
DM-12-04-09-01,2026-08-31,89.83510416666667,5.976145833333334
DM-12-04-09-01,2026-09-01,89.49854166666667,5.957291666666666
DM-12-05-01-01,2026-08-26,220.88052083333332,5.568437500000001
DM-12-05-01-01,2026-08-27,223.97729166666667,5.493958333333333
DM-12-05-01-01,2026-08-28,201.3659375,4.724479166666667
DM-12-05-01-01,2026-08-29,191.92156250000002,4.567708333333333
DM-12-05-01-01,2026-08-30,192.7515625,4.649895833333333
DM-12-05-01-01,2026-08-31,193.6021875,4.7703125
DM-12-05-01-01,2026-09-01,195.2159375,4.7825
DM-12-05-02-01,2026-08-26,146.47989583333333,0.3048958333333333
DM-12-05-02-01,2026-08-27,133.7771875,0.16770833333333335
DM-12-05-02-01,2026-08-28,157.60291666666666,0.0
DM-12-05-02-01,2026-08-29,171.64104166666667,0.0
DM-12-05-02-01,2026-08-30,171.64104166666667,0.0
DM-12-05-02-01,2026-08-31,161.86302083333334,0.3183333333333333
DM-12-05-02-01,2026-09-01,156.66802083333332,0.30010416666666667
DM-12-05-03-01,2026-08-26,226.0453125,6.1203125
DM-12-05-03-01,2026-08-27,213.9490625,5.867916666666667
DM-12-05-03-01,2026-08-28,213.92677083333334,5.4609375
DM-12-05-03-01,2026-08-29,216.72604166666667,5.09
DM-12-05-03-01,2026-08-30,216.72604166666667,5.09
DM-12-05-03-01,2026-08-31,216.02,5.254166666666666
DM-12-05-03-01,2026-09-01,213.42197916666666,5.2865625
DM-12-05-04-01,2026-08-26,59.710625,6.988020833333334
DM-12-05-04-01,2026-08-27,56.641041666666666,6.927499999999999
DM-12-05-04-01,2026-08-28,55.8578125,6.0562499999999995
DM-12-05-04-01,2026-08-29,57.94177083333333,5.941354166666667
DM-12-05-04-01,2026-08-30,56.44427083333333,5.967708333333333
DM-12-05-04-01,2026-08-31,54.43895833333334,6.0678125
DM-12-05-04-01,2026-09-01,54.837812500000005,6.089583333333334
DM-12-05-05-01,2026-08-26,0.0,0.0
DM-12-05-05-01,2026-08-27,0.0,0.0
DM-12-05-05-01,2026-08-28,0.0,0.0
DM-12-05-05-01,2026-08-29,0.0,0.0
DM-12-05-05-01,2026-08-30,0.0,0.0
DM-12-05-05-01,2026-08-31,0.0,0.0
DM-12-05-05-01,2026-09-01,0.0,0.0
DM-12-05-05-02,2026-08-26,57.750729166666666,6.7784375
DM-12-05-05-02,2026-08-27,65.03156249999999,6.757916666666667
DM-12-05-05-02,2026-08-28,47.66489583333333,6.20375
DM-12-05-05-02,2026-08-29,30.935625,5.861875
DM-12-05-05-02,2026-08-30,30.86916666666667,5.861875
DM-12-05-05-02,2026-08-31,51.164791666666666,6.007083333333333
DM-12-05-05-02,2026-09-01,51.20989583333333,6.022395833333333
DM-12-05-05-03,2026-08-26,76.40072916666666,6.52625
DM-12-05-05-03,2026-08-27,76.40072916666666,6.52625
DM-12-05-05-03,2026-08-28,76.40072916666666,6.52625
DM-12-05-05-03,2026-08-29,79.67395833333333,6.2605208333333335
DM-12-05-05-03,2026-08-30,78.63375,6.211458333333333
DM-12-05-05-03,2026-08-31,76.40072916666666,6.52625
DM-12-05-05-03,2026-09-01,76.40072916666666,6.52625
DM-12-05-06-02,2026-08-26,154.33177083333334,6.806354166666666
DM-12-05-06-02,2026-08-27,142.36885416666667,6.2707291666666665
DM-12-05-06-02,2026-08-28,151.75708333333333,6.259895833333334
DM-12-05-06-02,2026-08-29,156.669375,6.065104166666667
DM-12-05-06-02,2026-08-30,156.669375,6.065104166666667
DM-12-05-06-02,2026-08-31,150.95677083333334,6.176458333333334
DM-12-05-06-02,2026-09-01,148.81822916666667,6.202604166666667
DM-12-05-07-01,2026-08-26,153.94520833333334,5.912708333333334
DM-12-05-07-01,2026-08-27,148.3965625,5.895104166666666
DM-12-05-07-01,2026-08-28,142.33708333333334,5.372395833333333
DM-12-05-07-01,2026-08-29,142.08177083333334,5.297604166666667
DM-12-05-07-01,2026-08-30,146.35302083333332,5.29375
DM-12-05-07-01,2026-08-31,140.03447916666667,5.451979166666667
DM-12-05-07-01,2026-09-01,139.3653125,5.468645833333333
DM-12-05-08-01,2026-08-26,0.0,5.3812500000000005
DM-12-05-08-01,2026-08-27,0.0,5.3878125
DM-12-05-08-01,2026-08-28,0.0,5.177291666666666
DM-12-05-08-01,2026-08-29,0.0,5.3777083333333335
DM-12-05-08-01,2026-08-30,0.0,5.425833333333333
DM-12-05-08-01,2026-08-31,0.0,5.293333333333334
DM-12-05-08-01,2026-09-01,0.0,5.231770833333333
DM-12-05-08-02,2026-08-26,0.0,1.383125
DM-12-05-08-02,2026-08-27,0.0,1.3639583333333334
DM-12-05-08-02,2026-08-28,0.0,1.3139583333333333
DM-12-05-08-02,2026-08-29,0.0,1.1230208333333334
DM-12-05-08-02,2026-08-30,0.0,1.1031250000000001
DM-12-05-08-02,2026-08-31,0.0,1.3639583333333334
DM-12-05-08-02,2026-09-01,0.0,1.3410416666666667
DM-12-05-09-01,2026-08-26,160.03968749999999,6.310104166666666
DM-12-05-09-01,2026-08-27,141.30406250000001,5.8475
DM-12-05-09-01,2026-08-28,153.12177083333333,5.914375
DM-12-05-09-01,2026-08-29,156.39124999999999,5.673749999999999
DM-12-05-09-01,2026-08-30,156.39124999999999,5.673749999999999
DM-12-05-09-01,2026-08-31,154.2196875,5.887291666666666
DM-12-05-09-01,2026-09-01,157.84666666666666,5.8897916666666665
DM-12-05-09-02,2026-08-26,80.81770833333333,6.6746875
DM-12-05-09-02,2026-08-27,82.6059375,6.6222916666666665
DM-12-05-09-02,2026-08-28,59.09,6.207083333333333
DM-12-05-09-02,2026-08-29,47.37041666666667,5.420833333333333
DM-12-05-09-02,2026-08-30,49.09385416666667,5.5984375
DM-12-05-09-02,2026-08-31,56.141979166666665,6.238125
DM-12-05-09-02,2026-09-01,58.100208333333335,6.2665625
DM-12-05-10-01,2026-08-26,230.86791666666667,6.5628125
DM-12-05-10-01,2026-08-27,224.5196875,6.405833333333334
DM-12-05-10-01,2026-08-28,214.33395833333336,5.9384375
DM-12-05-10-01,2026-08-29,210.90635416666666,5.577604166666667
DM-12-05-10-01,2026-08-30,210.90635416666666,5.577604166666667
DM-12-05-10-01,2026-08-31,214.4259375,5.738125
DM-12-05-10-01,2026-09-01,216.16093750000002,5.7534375
DM-12-06-01-01,2026-08-26,197.836875,6.835312500000001
DM-12-06-01-01,2026-08-27,184.62010416666666,6.574895833333334
DM-12-06-01-01,2026-08-28,186.546875,6.145625
DM-12-06-01-01,2026-08-29,186.2352083333333,5.778854166666666
DM-12-06-01-01,2026-08-30,186.2352083333333,5.778854166666666
DM-12-06-01-01,2026-08-31,183.00958333333332,5.9484375
DM-12-06-01-01,2026-09-01,185.7121875,5.922604166666667
DM-12-06-01-02,2026-08-26,0.2810416666666667,4.7749999999999995
DM-12-06-01-02,2026-08-27,0.2573958333333333,4.755208333333333
DM-12-06-01-02,2026-08-28,0.25375,4.221145833333334
DM-12-06-01-02,2026-08-29,0.281875,3.872916666666667
DM-12-06-01-02,2026-08-30,0.281875,3.872916666666667
DM-12-06-01-02,2026-08-31,0.23114583333333336,4.087916666666667
DM-12-06-01-02,2026-09-01,0.22406250000000003,4.023333333333333
DM-12-06-02-01,2026-08-26,49.60052083333333,6.6040625
DM-12-06-02-01,2026-08-27,47.15052083333333,6.576041666666666
DM-12-06-02-01,2026-08-28,50.009479166666665,6.009791666666666
DM-12-06-02-01,2026-08-29,52.3728125,5.646979166666667
DM-12-06-02-01,2026-08-30,52.3728125,5.646979166666667
DM-12-06-02-01,2026-08-31,51.301770833333336,5.7821875
DM-12-06-02-01,2026-09-01,51.183125,5.814166666666666
DM-12-06-02-02,2026-08-26,122.86302083333334,6.054270833333334
DM-12-06-02-02,2026-08-27,121.5225,6.003020833333333
DM-12-06-02-02,2026-08-28,120.35197916666665,5.4678125
DM-12-06-02-02,2026-08-29,120.7925,5.3999999999999995
DM-12-06-02-02,2026-08-30,121.67260416666666,5.414791666666667
DM-12-06-02-02,2026-08-31,118.60322916666667,5.544687499999999
DM-12-06-02-02,2026-09-01,118.93041666666666,5.5573958333333335
DM-12-06-02-03,2026-08-26,126.4746875,5.716354166666666
DM-12-06-02-03,2026-08-27,126.4746875,5.716354166666666
DM-12-06-02-03,2026-08-28,126.4746875,5.716354166666666
DM-12-06-02-03,2026-08-29,133.86354166666666,5.474687500000001
DM-12-06-02-03,2026-08-30,131.86645833333333,5.431458333333333
DM-12-06-02-03,2026-08-31,126.4746875,5.716354166666666
DM-12-06-02-03,2026-09-01,126.4746875,5.716354166666666
DM-12-06-03-01,2026-08-26,0.0,0.0
DM-12-06-03-01,2026-08-27,0.0,0.0
DM-12-06-03-01,2026-08-28,0.0,0.0
DM-12-06-03-01,2026-08-29,0.0,0.0
DM-12-06-03-01,2026-08-30,0.0,0.0
DM-12-06-03-01,2026-08-31,0.0,0.0
DM-12-06-03-01,2026-09-01,0.0,0.0
DM-12-06-03-02,2026-08-26,181.0140625,6.350937500000001
DM-12-06-03-02,2026-08-27,173.26760416666664,6.3741666666666665
DM-12-06-03-02,2026-08-28,170.46572916666668,5.9421875
DM-12-06-03-02,2026-08-29,177.85427083333332,5.622916666666666
DM-12-06-03-02,2026-08-30,177.85427083333332,5.622916666666666
DM-12-06-03-02,2026-08-31,169.03145833333335,5.845416666666666
DM-12-06-03-02,2026-09-01,166.65458333333333,5.871770833333334
DM-12-06-04-01,2026-08-26,125.720625,6.827604166666667
DM-12-06-04-01,2026-08-27,117.40583333333332,6.812916666666666
DM-12-06-04-01,2026-08-28,111.05020833333333,6.316979166666666
DM-12-06-04-01,2026-08-29,107.59354166666667,6.2734375
DM-12-06-04-01,2026-08-30,109.81697916666667,6.296666666666667
DM-12-06-04-01,2026-08-31,106.01364583333333,6.4070833333333335
DM-12-06-04-01,2026-09-01,107.24791666666665,6.416250000000001
DM-12-06-05-01,2026-08-26,213.7151041666667,6.795729166666667
DM-12-06-05-01,2026-08-27,201.88125,6.7328125000000005
DM-12-06-05-01,2026-08-28,180.7904166666667,6.574479166666666
DM-12-06-05-01,2026-08-29,174.82125,6.560312499999999
DM-12-06-05-01,2026-08-30,174.82125,6.560312499999999
DM-12-06-05-01,2026-08-31,233.03885416666665,6.386458333333334
DM-12-06-05-01,2026-09-01,166.89072916666666,6.606145833333334
DM-12-06-06-01,2026-08-26,517.92,6.249583333333334
DM-12-06-06-01,2026-08-27,517.1357291666667,6.2496875
DM-12-06-06-01,2026-08-28,517.7173958333333,5.938124999999999
DM-12-06-06-01,2026-08-29,517.8001041666666,5.657916666666666
DM-12-06-06-01,2026-08-30,517.92,5.740520833333334
DM-12-06-06-01,2026-08-31,517.92,5.880624999999999
DM-12-06-06-01,2026-09-01,517.505,5.8903125
DM-12-06-07-01,2026-08-26,83.78614583333334,6.388750000000001
DM-12-06-07-01,2026-08-27,78.50552083333334,6.176354166666666
DM-12-06-07-01,2026-08-28,80.93239583333333,5.986041666666666
DM-12-06-07-01,2026-08-29,85.67062499999999,5.709583333333334
DM-12-06-07-01,2026-08-30,85.67062499999999,5.709583333333334
DM-12-06-07-01,2026-08-31,78.83416666666666,5.884479166666666
DM-12-06-07-01,2026-09-01,79.69197916666667,5.900520833333334
DM-12-06-07-02,2026-08-26,174.40239583333334,5.963125000000001
DM-12-06-07-02,2026-08-27,174.40239583333334,5.963125000000001
DM-12-06-07-02,2026-08-28,174.40239583333334,5.963125000000001
DM-12-06-07-02,2026-08-29,152.3140625,5.139583333333333
DM-12-06-07-02,2026-08-30,153.01447916666666,5.1499999999999995
DM-12-06-07-02,2026-08-31,174.40239583333334,5.963125000000001
DM-12-06-07-02,2026-09-01,174.40239583333334,5.963125000000001
DM-12-06-08-01,2026-08-26,69.3821875,6.124270833333333
DM-12-06-08-01,2026-08-27,60.35552083333334,5.617395833333333
DM-12-06-08-01,2026-08-28,64.27854166666667,5.578541666666666
DM-12-06-08-01,2026-08-29,68.325625,5.3741666666666665
DM-12-06-08-01,2026-08-30,68.325625,5.3741666666666665
DM-12-06-08-01,2026-08-31,62.49114583333333,5.503854166666667
DM-12-06-08-01,2026-09-01,61.458958333333335,5.517916666666667
DM-12-06-09-01,2026-08-26,65.294375,6.671354166666667
DM-12-06-09-01,2026-08-27,65.294375,6.671354166666667
DM-12-06-09-01,2026-08-28,65.294375,6.671354166666667
DM-12-06-09-01,2026-08-29,62.228229166666665,6.4870833333333335
DM-12-06-09-01,2026-08-30,62.197291666666665,6.497812499999999
DM-12-06-09-01,2026-08-31,65.294375,6.671354166666667
DM-12-06-09-01,2026-09-01,65.294375,6.671354166666667
DM-12-06-10-01,2026-08-26,0.0,0.0
DM-12-06-10-01,2026-08-27,0.0,0.0
DM-12-06-10-01,2026-08-28,0.0,0.0
DM-12-06-10-01,2026-08-29,0.0,0.0
DM-12-06-10-01,2026-08-30,0.0,0.0
DM-12-06-10-01,2026-08-31,0.0,0.0
DM-12-06-10-01,2026-09-01,0.0,0.0
DM-12-06-11-01,2026-08-26,57.03677083333333,7.4210416666666665
DM-12-06-11-01,2026-08-27,61.80822916666667,7.3609374999999995
DM-12-06-11-01,2026-08-28,60.116770833333334,6.987604166666667
DM-12-06-11-01,2026-08-29,54.8425,6.927812500000001
DM-12-06-11-01,2026-08-30,53.328854166666666,6.967395833333334
DM-12-06-11-01,2026-08-31,58.0771875,7.055104166666666
DM-12-06-11-01,2026-09-01,53.93927083333333,7.114583333333333
DM-12-07-01-01,2026-08-26,0.0,4.8810416666666665
DM-12-07-01-01,2026-08-27,0.0,4.8810416666666665
DM-12-07-01-01,2026-08-28,0.0,4.8810416666666665
DM-12-07-01-01,2026-08-29,0.0,4.778854166666666
DM-12-07-01-01,2026-08-30,0.0,4.7928125
DM-12-07-01-01,2026-08-31,0.0,4.8810416666666665
DM-12-07-01-01,2026-09-01,0.0,4.8810416666666665
DM-12-07-01-02,2026-08-26,0.0,0.0
DM-12-07-01-02,2026-08-27,0.0,0.0
DM-12-07-01-02,2026-08-28,0.0,0.0
DM-12-07-01-02,2026-08-29,0.0,0.0
DM-12-07-01-02,2026-08-30,0.0,0.0
DM-12-07-01-02,2026-08-31,0.0,0.0
DM-12-07-01-02,2026-09-01,0.0,0.0
DM-12-07-02-01,2026-08-26,0.0,0.0
DM-12-07-02-01,2026-08-27,0.0,0.0
DM-12-07-02-01,2026-08-28,0.0,0.0
DM-12-07-02-01,2026-08-29,0.0,0.0
DM-12-07-02-01,2026-08-30,0.0,0.0
DM-12-07-02-01,2026-08-31,0.0,0.0
DM-12-07-02-01,2026-09-01,0.0,0.0
DM-12-07-02-03,2026-08-26,0.0,5.583958333333334
DM-12-07-02-03,2026-08-27,0.0,5.583958333333334
DM-12-07-02-03,2026-08-28,0.0,5.583958333333334
DM-12-07-02-03,2026-08-29,0.0,5.307083333333334
DM-12-07-02-03,2026-08-30,0.0,5.314166666666667
DM-12-07-02-03,2026-08-31,0.0,5.583958333333334
DM-12-07-02-03,2026-09-01,0.0,5.583958333333334
DM-12-07-03-01,2026-08-26,158.62552083333333,6.77375
DM-12-07-03-01,2026-08-27,147.64208333333332,6.513020833333333
DM-12-07-03-01,2026-08-28,149.10479166666667,6.109479166666667
DM-12-07-03-01,2026-08-29,149.71322916666665,5.7491666666666665
DM-12-07-03-01,2026-08-30,149.71322916666665,5.7491666666666665
DM-12-07-03-01,2026-08-31,148.980625,5.904375000000001
DM-12-07-03-01,2026-09-01,151.075625,5.922499999999999
DM-12-07-03-02,2026-08-26,113.76552083333333,6.5275
DM-12-07-03-02,2026-08-27,111.16416666666667,6.5105208333333335
DM-12-07-03-02,2026-08-28,104.33333333333333,5.8640625
DM-12-07-03-02,2026-08-29,104.00083333333333,5.470833333333334
DM-12-07-03-02,2026-08-30,104.00083333333333,5.470833333333334
DM-12-07-03-02,2026-08-31,103.37354166666667,5.6511458333333335
DM-12-07-03-02,2026-09-01,104.45010416666668,5.6725
DM-12-07-03-03,2026-08-26,35.650104166666665,6.4125000000000005
DM-12-07-03-03,2026-08-27,34.498020833333335,6.111979166666667
DM-12-07-03-03,2026-08-28,37.08583333333333,5.715833333333333
DM-12-07-03-03,2026-08-29,37.4296875,5.3609374999999995
DM-12-07-03-03,2026-08-30,37.4296875,5.3609374999999995
DM-12-07-03-03,2026-08-31,34.13947916666667,5.5184375
DM-12-07-03-03,2026-09-01,34.15177083333334,5.538541666666667
DM-12-07-04-01,2026-08-26,90.83916666666666,6.632291666666667
DM-12-07-04-01,2026-08-27,91.5053125,6.603958333333334
DM-12-07-04-01,2026-08-28,86.88552083333333,5.980208333333334
DM-12-07-04-01,2026-08-29,90.98791666666666,5.5815625
DM-12-07-04-01,2026-08-30,90.98791666666666,5.5815625
DM-12-07-04-01,2026-08-31,85.06666666666666,5.755729166666666
DM-12-07-04-01,2026-09-01,87.47104166666666,5.780729166666667
DM-12-07-04-02,2026-08-26,275.9980208333333,5.937916666666666
DM-12-07-04-02,2026-08-27,267.3335416666667,5.904791666666667
DM-12-07-04-02,2026-08-28,269.2525,5.092083333333333
DM-12-07-04-02,2026-08-29,270.8697916666667,4.996145833333333
DM-12-07-04-02,2026-08-30,269.1984375,5.029270833333333
DM-12-07-04-02,2026-08-31,271.88875,5.130729166666667
DM-12-07-04-02,2026-09-01,247.59729166666668,5.225520833333333
DM-12-07-05-01,2026-08-26,214.69197916666667,5.6035416666666675
DM-12-07-05-01,2026-08-27,204.90322916666665,5.338333333333334
DM-12-07-05-01,2026-08-28,203.56145833333335,5.030729166666666
DM-12-07-05-01,2026-08-29,201.33291666666665,4.678958333333333
DM-12-07-05-01,2026-08-30,201.33291666666665,4.678958333333333
DM-12-07-05-01,2026-08-31,204.209375,4.82875
DM-12-07-05-01,2026-09-01,202.019375,4.862708333333333
DM-12-07-06-01,2026-08-26,0.23916666666666667,4.286875
DM-12-07-06-01,2026-08-27,0.2265625,4.2593749999999995
DM-12-07-06-01,2026-08-28,0.23572916666666666,3.586979166666667
DM-12-07-06-01,2026-08-29,0.25864583333333335,3.4796875000000003
DM-12-07-06-01,2026-08-30,0.2353125,3.4596875
DM-12-07-06-01,2026-08-31,0.25385416666666666,3.651875
DM-12-07-06-01,2026-09-01,0.25447916666666665,3.7142708333333334
DM-12-07-07-01,2026-08-26,0.0,6.756041666666667
DM-12-07-07-01,2026-08-27,0.0,6.363020833333334
DM-12-07-07-01,2026-08-28,0.0,6.254583333333334
DM-12-07-07-01,2026-08-29,0.0,6.110104166666667
DM-12-07-07-01,2026-08-30,0.0,6.110104166666667
DM-12-07-07-01,2026-08-31,0.0,6.2003125
DM-12-07-07-01,2026-09-01,0.0,6.152916666666666
DM-12-07-08-01,2026-08-26,103.75145833333333,5.780208333333333
DM-12-07-08-01,2026-08-27,95.97572916666667,5.529479166666667
DM-12-07-08-01,2026-08-28,97.091875,5.137395833333334
DM-12-07-08-01,2026-08-29,98.73729166666668,4.748854166666667
DM-12-07-08-01,2026-08-30,98.73729166666668,4.748854166666667
DM-12-07-08-01,2026-08-31,97.12583333333333,4.94
DM-12-07-08-01,2026-09-01,92.43489583333333,4.954791666666667
DM-12-07-09-01,2026-08-26,134.61135416666667,7.078229166666667
DM-12-07-09-01,2026-08-27,129.18729166666665,7.017291666666666
DM-12-07-09-01,2026-08-28,129.28197916666667,6.993333333333333
DM-12-07-09-01,2026-08-29,131.6684375,6.7430208333333335
DM-12-07-09-01,2026-08-30,131.6684375,6.7430208333333335
DM-12-07-09-01,2026-08-31,134.1525,6.995208333333333
DM-12-07-09-01,2026-09-01,134.25229166666665,7.048125
DM-12-07-10-01,2026-08-26,0.0,5.771249999999999
DM-12-07-10-01,2026-08-27,0.0,5.742812499999999
DM-12-07-10-01,2026-08-28,0.0,5.233958333333333
DM-12-07-10-01,2026-08-29,0.0,5.154270833333333
DM-12-07-10-01,2026-08-30,0.0,5.1727083333333335
DM-12-07-10-01,2026-08-31,0.0,5.306875
DM-12-07-10-01,2026-09-01,0.0,5.322916666666667
DM-13-01-01-01,2026-08-26,207.936875,4.923229166666666
DM-13-01-01-01,2026-08-27,209.31322916666667,4.9090625
DM-13-01-01-01,2026-08-28,211.6075,4.879791666666667
DM-13-01-01-01,2026-08-29,220.53520833333334,4.909375
DM-13-01-01-01,2026-08-30,215.34406249999998,4.827395833333333
DM-13-01-01-01,2026-08-31,208.743125,4.982083333333333
DM-13-01-01-01,2026-09-01,203.7848958333333,4.964583333333334
DM-13-01-01-02,2026-08-26,42.1303125,4.830208333333333
DM-13-01-01-02,2026-08-27,44.45979166666667,4.80375
DM-13-01-01-02,2026-08-28,46.09375,4.781458333333333
DM-13-01-01-02,2026-08-29,41.845104166666665,4.775520833333333
DM-13-01-01-02,2026-08-30,43.21510416666666,4.693854166666667
DM-13-01-01-02,2026-08-31,45.2578125,4.867395833333333
DM-13-01-01-02,2026-09-01,43.268750000000004,4.8534375
DM-13-01-02-01,2026-08-26,0.05000000000000001,4.1878125
DM-13-01-02-01,2026-08-27,0.05000000000000001,4.130416666666666
DM-13-01-02-01,2026-08-28,0.05000000000000001,4.110104166666667
DM-13-01-02-01,2026-08-29,0.05000000000000001,4.19625
DM-13-01-02-01,2026-08-30,0.05000000000000001,4.082604166666667
DM-13-01-02-01,2026-08-31,0.05000000000000001,4.223333333333334
DM-13-01-02-01,2026-09-01,0.05000000000000001,4.2378124999999995
DM-13-01-03-01,2026-08-26,186.20166666666668,3.6051041666666666
DM-13-01-03-01,2026-08-27,185.02114583333332,3.608333333333333
DM-13-01-03-01,2026-08-28,184.0809375,3.580208333333333
DM-13-01-03-01,2026-08-29,190.22958333333335,3.548125
DM-13-01-03-01,2026-08-30,189.0584375,3.512916666666667
DM-13-01-03-01,2026-08-31,182.21010416666664,3.659791666666667
DM-13-01-03-01,2026-09-01,182.091875,3.62875
DM-13-01-03-02,2026-08-26,153.7528125,3.8784375
DM-13-01-03-02,2026-08-27,154.66947916666666,3.8654166666666665
DM-13-01-03-02,2026-08-28,154.78020833333332,3.8519791666666667
DM-13-01-03-02,2026-08-29,158.995,3.8314583333333334
DM-13-01-03-02,2026-08-30,159.64385416666667,3.77
DM-13-01-03-02,2026-08-31,153.48583333333332,3.949895833333333
DM-13-01-03-02,2026-09-01,152.7596875,3.9453125
DM-13-01-03-03,2026-08-26,57.76791666666667,3.0457291666666664
DM-13-01-03-03,2026-08-27,56.11041666666667,3.013541666666667
DM-13-01-03-03,2026-08-28,53.699999999999996,2.994375
DM-13-01-03-03,2026-08-29,61.25364583333334,2.9678125000000004
DM-13-01-03-03,2026-08-30,64.62760416666667,2.974895833333333
DM-13-01-03-03,2026-08-31,54.585208333333334,3.1320833333333336
DM-13-01-03-03,2026-09-01,54.93270833333333,3.1331249999999997
DM-13-01-04-01,2026-08-26,175.67125,2.9921875
DM-13-01-04-01,2026-08-27,173.45562500000003,2.9951041666666662
DM-13-01-04-01,2026-08-28,175.47395833333334,2.9610416666666666
DM-13-01-04-01,2026-08-29,178.12802083333335,2.967916666666667
DM-13-01-04-01,2026-08-30,179.38333333333333,2.9027083333333334
DM-13-01-04-01,2026-08-31,175.04833333333332,3.0689583333333332
DM-13-01-04-01,2026-09-01,173.84604166666668,3.0613541666666664
DM-13-01-04-02,2026-08-26,225.3786458333333,3.6240625000000004
DM-13-01-04-02,2026-08-27,210.04177083333332,3.682916666666667
DM-13-01-04-02,2026-08-28,222.949375,3.592708333333333
DM-13-01-04-02,2026-08-29,225.2586458333333,3.5775
DM-13-01-04-02,2026-08-30,226.94416666666666,3.5661458333333336
DM-13-01-04-02,2026-08-31,223.16145833333334,3.6908333333333334
DM-13-01-04-02,2026-09-01,221.6029166666667,3.6940625
DM-13-01-05-01,2026-08-26,313.16583333333335,2.3719791666666667
DM-13-01-05-01,2026-08-27,311.331875,2.4589583333333334
DM-13-01-05-01,2026-08-28,307.62083333333334,2.678020833333333
DM-13-01-05-01,2026-08-29,227.5196875,2.6915625
DM-13-01-05-01,2026-08-30,246.7365625,2.6483333333333334
DM-13-01-05-01,2026-08-31,307.23875,2.800104166666667
DM-13-01-05-01,2026-09-01,308.54260416666665,2.7103125
DM-13-01-05-02,2026-08-26,268.92083333333335,4.085624999999999
DM-13-01-05-02,2026-08-27,271.4040625,4.06625
DM-13-01-05-02,2026-08-28,269.57927083333334,4.066458333333333
DM-13-01-05-02,2026-08-29,277.22791666666666,4.140104166666666
DM-13-01-05-02,2026-08-30,275.65125,4.079791666666667
DM-13-01-05-02,2026-08-31,263.4025,4.179583333333333
DM-13-01-05-02,2026-09-01,262.7922916666667,4.15625
DM-13-01-06-01,2026-08-26,195.32864583333333,4.739583333333333
DM-13-01-06-01,2026-08-27,196.7253125,4.736041666666667
DM-13-01-06-01,2026-08-28,197.31083333333333,4.6980208333333335
DM-13-01-06-01,2026-08-29,190.3965625,4.341875
DM-13-01-06-01,2026-08-30,193.860625,4.306354166666667
DM-13-01-06-01,2026-08-31,194.43072916666665,4.758125
DM-13-01-06-01,2026-09-01,193.80010416666667,4.7609375
DM-13-01-06-02,2026-08-26,166.65687499999999,4.006145833333334
DM-13-01-06-02,2026-08-27,167.7409375,4.0
DM-13-01-06-02,2026-08-28,168.49375,3.9803125
DM-13-01-06-02,2026-08-29,171.88677083333334,3.6573958333333336
DM-13-01-06-02,2026-08-30,168.55864583333332,3.7540625
DM-13-01-06-02,2026-08-31,165.3503125,4.0555208333333335
DM-13-01-06-02,2026-09-01,165.11875,4.043958333333333
DM-13-01-07-01,2026-08-26,6.789479166666666,4.2560416666666665
DM-13-01-07-01,2026-08-27,6.570729166666666,4.254791666666667
DM-13-01-07-01,2026-08-28,6.072500000000001,4.229166666666667
DM-13-01-07-01,2026-08-29,6.546875,3.9896875
DM-13-01-07-01,2026-08-30,6.3109375000000005,4.006458333333334
DM-13-01-07-01,2026-08-31,6.185208333333333,4.322291666666667
DM-13-01-07-01,2026-09-01,6.179375,4.3228125
DM-13-01-07-02,2026-08-26,96.52916666666665,3.6990625
DM-13-01-07-02,2026-08-27,98.88364583333333,3.6960416666666664
DM-13-01-07-02,2026-08-28,97.31364583333334,3.650729166666667
DM-13-01-07-02,2026-08-29,102.8196875,3.635104166666667
DM-13-01-07-02,2026-08-30,96.44854166666666,3.599895833333333
DM-13-01-07-02,2026-08-31,98.57260416666666,3.7589583333333336
DM-13-01-07-02,2026-09-01,96.58739583333333,3.7676041666666666
DM-13-02-01-02,2026-08-26,48.34708333333333,6.479375
DM-13-02-01-02,2026-08-27,47.24916666666667,6.476145833333334
DM-13-02-01-02,2026-08-28,44.9125,6.521979166666667
DM-13-02-01-02,2026-08-29,48.56875,6.392395833333333
DM-13-02-01-02,2026-08-30,47.55083333333334,6.311979166666667
DM-13-02-01-02,2026-08-31,46.231875,6.520416666666667
DM-13-02-01-02,2026-09-01,45.08739583333334,6.4621875
DM-13-02-01-03,2026-08-26,87.59708333333333,6.535104166666667
DM-13-02-01-03,2026-08-27,81.75447916666667,6.534375
DM-13-02-01-03,2026-08-28,78.67875,6.5765625000000005
DM-13-02-01-03,2026-08-29,88.054375,6.44
DM-13-02-01-03,2026-08-30,95.89947916666667,6.3425
DM-13-02-01-03,2026-08-31,94.03427083333334,6.586041666666667
DM-13-02-01-03,2026-09-01,96.69041666666668,6.538437500000001
DM-13-02-02-01,2026-08-26,149.62614583333334,5.251666666666667
DM-13-02-02-01,2026-08-27,145.11052083333334,5.2778125000000005
DM-13-02-02-01,2026-08-28,144.53479166666668,5.277916666666667
DM-13-02-02-01,2026-08-29,137.43729166666665,5.253645833333334
DM-13-02-02-01,2026-08-30,139.26677083333334,5.170208333333333
DM-13-02-02-01,2026-08-31,144.42552083333334,5.313541666666667
DM-13-02-02-01,2026-09-01,139.62958333333333,5.3165625
DM-13-02-03-01,2026-08-26,105.34989583333333,4.837083333333333
DM-13-02-03-01,2026-08-27,104.30239583333334,4.825
DM-13-02-03-01,2026-08-28,105.84166666666665,4.816145833333334
DM-13-02-03-01,2026-08-29,105.07916666666667,4.91125
DM-13-02-03-01,2026-08-30,103.37374999999999,4.8064583333333335
DM-13-02-03-01,2026-08-31,104.299375,4.906145833333333
DM-13-02-03-01,2026-09-01,104.50791666666667,4.8890625000000005
DM-13-02-03-02,2026-08-26,154.08677083333333,4.799270833333334
DM-13-02-03-02,2026-08-27,154.96364583333335,4.7707291666666665
DM-13-02-03-02,2026-08-28,154.92385416666667,4.771041666666666
DM-13-02-03-02,2026-08-29,149.72229166666668,4.806875
DM-13-02-03-02,2026-08-30,149.21197916666668,4.7508333333333335
DM-13-02-03-02,2026-08-31,151.7575,4.851458333333333
DM-13-02-03-02,2026-09-01,151.05614583333332,4.840833333333333
DM-13-02-04-01,2026-08-26,126.564375,5.8465625
DM-13-02-04-01,2026-08-27,118.599375,5.968333333333334
DM-13-02-04-01,2026-08-28,130.52656249999998,5.967291666666667
DM-13-02-04-01,2026-08-29,144.380625,6.5105208333333335
DM-13-02-04-01,2026-08-30,130.54291666666668,6.227291666666667
DM-13-02-04-01,2026-08-31,126.5240625,5.992395833333333
DM-13-02-04-01,2026-09-01,117.60812499999999,5.937291666666667
DM-13-02-04-02,2026-08-26,435.7028125,5.621041666666667
DM-13-02-04-02,2026-08-27,425.6902083333334,5.755937500000001
DM-13-02-04-02,2026-08-28,419.08750000000003,5.799375
DM-13-02-04-02,2026-08-29,436.5034375,6.3071875
DM-13-02-04-02,2026-08-30,423.7708333333333,6.0509375
DM-13-02-04-02,2026-08-31,421.4689583333333,5.7934375
DM-13-02-04-02,2026-09-01,394.2625,5.78
DM-13-02-04-03,2026-08-26,124.73833333333333,7.9975
DM-13-02-04-03,2026-08-27,126.2559375,8.029270833333333
DM-13-02-04-03,2026-08-28,126.16781250000001,8.0284375
DM-13-02-04-03,2026-08-29,123.90708333333333,8.200104166666668
DM-13-02-04-03,2026-08-30,125.35166666666667,8.270104166666666
DM-13-02-04-03,2026-08-31,126.433125,8.133333333333333
DM-13-02-04-03,2026-09-01,125.37229166666667,8.145312500000001
DM-13-02-04-04,2026-08-26,53.374583333333334,3.11875
DM-13-02-04-04,2026-08-27,52.80895833333333,3.1956249999999997
DM-13-02-04-04,2026-08-28,53.374583333333334,3.2620833333333334
DM-13-02-04-04,2026-08-29,28.7078125,3.4678125000000004
DM-13-02-04-04,2026-08-30,33.91614583333333,3.3217708333333333
DM-13-02-04-04,2026-08-31,53.374583333333334,3.256770833333333
DM-13-02-04-04,2026-09-01,61.15770833333334,3.310833333333333
DM-13-02-04-05,2026-08-26,92.31333333333333,3.8576041666666665
DM-13-02-04-05,2026-08-27,84.500625,3.916145833333333
DM-13-02-04-05,2026-08-28,85.02822916666666,3.933958333333333
DM-13-02-04-05,2026-08-29,100.640625,4.269375
DM-13-02-04-05,2026-08-30,98.84635416666667,4.05375
DM-13-02-04-05,2026-08-31,94.2221875,3.8928125
DM-13-02-04-05,2026-09-01,79.76739583333334,3.9489583333333336
DM-13-02-05-01,2026-08-26,262.4433333333333,4.350416666666667
DM-13-02-05-01,2026-08-27,259.00364583333334,4.348645833333333
DM-13-02-05-01,2026-08-28,265.81145833333335,4.300208333333333
DM-13-02-05-01,2026-08-29,267.61041666666665,4.401770833333333
DM-13-02-05-01,2026-08-30,251.05239583333332,4.408541666666666
DM-13-02-05-01,2026-08-31,259.62583333333333,4.421875
DM-13-02-05-01,2026-09-01,263.4142708333333,4.390625
DM-13-02-05-02,2026-08-26,14.515625,2.955208333333333
DM-13-02-05-02,2026-08-27,14.115833333333333,2.955208333333333
DM-13-02-05-02,2026-08-28,16.602083333333333,2.9213541666666667
DM-13-02-05-02,2026-08-29,17.487083333333334,2.9878125
DM-13-02-05-02,2026-08-30,16.8278125,3.0476041666666664
DM-13-02-05-02,2026-08-31,13.4634375,3.0136458333333334
DM-13-02-05-02,2026-09-01,12.769895833333335,3.002291666666667
DM-13-02-05-03,2026-08-26,67.80510416666667,4.267083333333333
DM-13-02-05-03,2026-08-27,70.04223404255319,4.293510638297872
DM-13-02-05-03,2026-08-28,69.55072916666667,4.2740625
DM-13-02-05-03,2026-08-29,74.65614583333333,4.411979166666667
DM-13-02-05-03,2026-08-30,69.42547368421053,4.482526315789474
DM-13-02-05-03,2026-08-31,68.08302083333334,4.381458333333334
DM-13-02-05-03,2026-09-01,68.77916666666667,4.337395833333333
DM-13-02-06-01,2026-08-26,216.34020833333332,4.743333333333333
DM-13-02-06-01,2026-08-27,213.44604166666667,4.7742708333333335
DM-13-02-06-01,2026-08-28,219.62249999999997,4.785729166666667
DM-13-02-06-01,2026-08-29,222.12114583333334,4.7971875
DM-13-02-06-01,2026-08-30,219.98729166666666,4.638125
DM-13-02-06-01,2026-08-31,216.31625,4.869166666666667
DM-13-02-06-01,2026-09-01,211.94916666666666,4.787083333333333
DM-13-02-06-04,2026-08-26,310.71697916666665,10.209895833333333
DM-13-02-06-04,2026-08-27,309.14187499999997,10.142916666666666
DM-13-02-06-04,2026-08-28,313.92020833333333,10.346458333333333
DM-13-02-06-04,2026-08-29,310.6308333333333,10.024479166666667
DM-13-02-06-04,2026-08-30,305.37385416666666,9.738958333333333
DM-13-02-06-04,2026-08-31,305.06458333333336,10.239583333333334
DM-13-02-06-04,2026-09-01,296.083125,9.949583333333333
DM-13-02-07-01,2026-08-26,172.32354166666667,3.8285416666666667
DM-13-02-07-01,2026-08-27,174.8053125,3.908333333333333
DM-13-02-07-01,2026-08-28,174.18520833333332,3.9221874999999997
DM-13-02-07-01,2026-08-29,184.068125,4.325729166666666
DM-13-02-07-01,2026-08-30,182.77083333333334,4.0971874999999995
DM-13-02-07-01,2026-08-31,173.8253125,3.9569791666666667
DM-13-02-07-01,2026-09-01,172.19572916666667,3.9059375000000003
DM-13-02-07-02,2026-08-26,58.089375,4.724270833333333
DM-13-02-07-02,2026-08-27,60.41,4.7299999999999995
DM-13-02-07-02,2026-08-28,58.352916666666665,4.7875000000000005
DM-13-02-07-02,2026-08-29,59.828854166666666,5.1646875
DM-13-02-07-02,2026-08-30,58.42916666666667,4.977604166666667
DM-13-02-07-02,2026-08-31,55.8003125,4.8678125
DM-13-02-07-02,2026-09-01,56.175000000000004,4.832083333333333
DM-13-02-08-01,2026-08-26,285.25156250000003,8.977708333333334
DM-13-02-08-01,2026-08-27,284.49145833333336,8.905729166666667
DM-13-02-08-01,2026-08-28,291.4690625,9.0940625
DM-13-02-08-01,2026-08-29,291.3355208333333,8.809270833333334
DM-13-02-08-01,2026-08-30,289.36302083333334,8.5328125
DM-13-02-08-01,2026-08-31,284.2784375,9.024270833333334
DM-13-02-08-01,2026-09-01,279.2739583333333,8.793750000000001
DM-13-02-08-02,2026-08-26,206.81593750000002,10.690208333333333
DM-13-02-08-02,2026-08-27,206.81593750000002,10.690208333333333
DM-13-02-08-02,2026-08-28,206.81593750000002,10.690208333333333
DM-13-02-08-02,2026-08-29,207.7371875,10.34625
DM-13-02-08-02,2026-08-30,208.14447916666666,10.334895833333333
DM-13-02-08-02,2026-08-31,206.81593750000002,10.690208333333333
DM-13-02-08-02,2026-09-01,206.81593750000002,10.690208333333333
DM-13-03-01-01,2026-08-26,81.64572916666667,2.7825
DM-13-03-01-01,2026-08-27,80.73125,2.7928125
DM-13-03-01-01,2026-08-28,79.33875,2.7847916666666666
DM-13-03-01-01,2026-08-29,82.17760416666667,2.8132291666666664
DM-13-03-01-01,2026-08-30,82.70072916666668,2.7534375
DM-13-03-01-01,2026-08-31,79.1290625,2.9183333333333334
DM-13-03-01-01,2026-09-01,80.18906249999999,2.9080208333333335
DM-13-03-01-03,2026-08-26,94.4790625,3.42625
DM-13-03-01-03,2026-08-27,94.00020833333333,3.4282291666666667
DM-13-03-01-03,2026-08-28,92.50385416666667,3.419166666666667
DM-13-03-01-03,2026-08-29,92.87395833333333,3.4562500000000003
DM-13-03-01-03,2026-08-30,92.71375,3.4111458333333338
DM-13-03-01-03,2026-08-31,91.24104166666666,3.5377083333333332
DM-13-03-01-03,2026-09-01,93.01958333333333,3.5205208333333338
DM-13-03-02-01,2026-08-26,122.16229166666666,2.9958333333333336
DM-13-03-02-01,2026-08-27,121.95677083333334,3.010104166666667
DM-13-03-02-01,2026-08-28,121.69604166666666,2.982291666666667
DM-13-03-02-01,2026-08-29,122.66270833333334,3.0259375
DM-13-03-02-01,2026-08-30,123.81614583333334,2.9858333333333333
DM-13-03-02-01,2026-08-31,121.539375,3.0932291666666667
DM-13-03-02-01,2026-09-01,119.8228125,3.0469791666666666
DM-13-03-02-02,2026-08-26,53.7365625,3.2313541666666663
DM-13-03-02-02,2026-08-27,53.7365625,3.2313541666666663
DM-13-03-02-02,2026-08-28,42.496249999999996,2.794166666666667
DM-13-03-02-02,2026-08-29,59.57729166666667,3.1614583333333335
DM-13-03-02-02,2026-08-30,59.78041666666667,3.2030208333333334
DM-13-03-02-02,2026-08-31,59.0178125,3.2028125000000003
DM-13-03-02-02,2026-09-01,59.01541666666666,3.202083333333333
DM-13-03-02-03,2026-08-26,93.95677083333334,3.076041666666667
DM-13-03-02-03,2026-08-27,94.691875,3.0811458333333337
DM-13-03-02-03,2026-08-28,94.56124999999999,3.0316666666666667
DM-13-03-02-03,2026-08-29,96.73395833333335,3.250833333333333
DM-13-03-02-03,2026-08-30,97.15208333333334,3.226770833333333
DM-13-03-02-03,2026-08-31,94.999375,3.2944791666666666
DM-13-03-02-03,2026-09-01,93.71729166666667,3.2905208333333333
DM-13-03-02-04,2026-08-26,29.254791666666666,2.9572916666666664
DM-13-03-02-04,2026-08-27,29.385416666666668,2.9562500000000003
DM-13-03-02-04,2026-08-28,29.394479166666667,2.9190625000000003
DM-13-03-02-04,2026-08-29,31.06375,2.9975
DM-13-03-02-04,2026-08-30,31.079270833333336,2.9713541666666665
DM-13-03-02-04,2026-08-31,28.788736842105262,3.0489473684210524
DM-13-03-02-04,2026-09-01,29.210520833333334,3.033541666666667
DM-13-03-02-05,2026-08-26,12.257529411764708,2.973529411764706
DM-13-03-02-05,2026-08-27,12.549135802469136,2.9817283950617286
DM-13-03-02-05,2026-08-28,11.617142857142857,2.9192857142857145
DM-13-03-02-05,2026-08-29,13.089666666666666,3.041222222222222
DM-13-03-02-05,2026-08-30,12.772528735632184,3.022183908045977
DM-13-03-02-05,2026-08-31,10.427160493827161,3.0530864197530865
DM-13-03-02-05,2026-09-01,10.891538461538461,3.007948717948718
DM-13-03-03-01,2026-08-26,95.98427083333333,3.0036458333333336
DM-13-03-03-01,2026-08-27,95.78114583333333,3.015416666666667
DM-13-03-03-01,2026-08-28,94.71541666666667,2.99
DM-13-03-03-01,2026-08-29,98.6303125,3.0790624999999996
DM-13-03-03-01,2026-08-30,99.29229166666666,3.025625
DM-13-03-03-01,2026-08-31,94.57583333333334,3.107291666666667
DM-13-03-03-01,2026-09-01,94.17343749999999,3.0871875
DM-13-03-03-02,2026-08-26,0.0,2.7013541666666665
DM-13-03-03-02,2026-08-27,0.0,2.7465625
DM-13-03-03-02,2026-08-28,0.0,2.721666666666667
DM-13-03-03-02,2026-08-29,0.0,2.846458333333333
DM-13-03-03-02,2026-08-30,0.0,2.7753125
DM-13-03-03-02,2026-08-31,0.0,2.8703125000000003
DM-13-03-03-02,2026-09-01,0.0,2.8058333333333336
DM-13-03-03-04,2026-08-26,28.5084375,3.0661458333333336
DM-13-03-03-04,2026-08-27,28.426041666666666,3.0638541666666668
DM-13-03-03-04,2026-08-28,28.29822916666667,3.0259375
DM-13-03-03-04,2026-08-29,28.671041666666667,3.103125
DM-13-03-03-04,2026-08-30,28.553749999999997,3.07625
DM-13-03-03-04,2026-08-31,27.505312500000002,3.1557291666666667
DM-13-03-03-04,2026-09-01,27.47854166666667,3.1419791666666668
DM-13-03-03-05,2026-08-26,14.837708333333333,3.1244791666666667
DM-13-03-03-05,2026-08-27,15.086979166666666,3.1223958333333335
DM-13-03-03-05,2026-08-28,15.297395833333333,3.0835416666666666
DM-13-03-03-05,2026-08-29,16.899270833333333,3.1645833333333333
DM-13-03-03-05,2026-08-30,17.347708333333333,3.1359375000000003
DM-13-03-03-05,2026-08-31,15.305104166666666,3.2133333333333334
DM-13-03-03-05,2026-09-01,14.781770833333333,3.1999999999999997
DM-13-03-04-01,2026-08-26,190.7665625,3.396875
DM-13-03-04-01,2026-08-27,190.32583333333332,3.3956250000000003
DM-13-03-04-01,2026-08-28,183.91,3.3588541666666667
DM-13-03-04-01,2026-08-29,139.86499999999998,3.364479166666667
DM-13-03-04-01,2026-08-30,159.77875,3.363958333333333
DM-13-03-04-01,2026-08-31,178.89260416666664,3.48625
DM-13-03-04-01,2026-09-01,189.7742708333333,3.4155208333333333
DM-13-03-04-02,2026-08-26,16.021666666666665,3.635104166666667
DM-13-03-04-02,2026-08-27,15.863333333333332,3.638958333333333
DM-13-03-04-02,2026-08-28,16.021666666666665,3.6009375
DM-13-03-04-02,2026-08-29,20.007916666666667,3.465
DM-13-03-04-02,2026-08-30,19.796041666666667,3.5095833333333335
DM-13-03-04-02,2026-08-31,16.012083333333333,3.7475
DM-13-03-04-02,2026-09-01,15.9003125,3.716041666666667
DM-13-03-04-03,2026-08-26,109.94114583333334,3.0209375
DM-13-03-04-03,2026-08-27,110.08916666666666,3.0338541666666665
DM-13-03-04-03,2026-08-28,109.69114583333334,3.0259375
DM-13-03-04-03,2026-08-29,111.14,3.2957291666666664
DM-13-03-04-03,2026-08-30,110.60489583333333,3.1561458333333334
DM-13-03-04-03,2026-08-31,108.51156250000001,3.1189583333333335
DM-13-03-04-03,2026-09-01,108.52197916666667,3.0975
DM-13-03-05-01,2026-08-26,149.45114583333333,3.8261458333333334
DM-13-03-05-01,2026-08-27,146.65875,3.8455208333333335
DM-13-03-05-01,2026-08-28,148.34958333333333,3.7918749999999997
DM-13-03-05-01,2026-08-29,142.4378125,3.7540625
DM-13-03-05-01,2026-08-30,140.70125,3.7727083333333336
DM-13-03-05-01,2026-08-31,143.27520833333332,3.8809375
DM-13-03-05-01,2026-09-01,142.73052083333332,3.8275
DM-13-03-06-01,2026-08-26,0.0,3.1332291666666667
DM-13-03-06-01,2026-08-27,75.50125,3.1364583333333336
DM-13-03-06-01,2026-08-28,205.52645833333335,3.109166666666667
DM-13-03-06-01,2026-08-29,236.33062500000003,3.0140625
DM-13-03-06-01,2026-08-30,236.32114583333336,3.05625
DM-13-03-06-01,2026-08-31,205.52645833333335,3.197395833333333
DM-13-03-06-01,2026-09-01,188.46760416666666,3.1508333333333334
DM-13-03-06-02,2026-08-26,100.61760416666668,3.8221875
DM-13-03-06-02,2026-08-27,101.48135416666666,3.8103125
DM-13-03-06-02,2026-08-28,101.64218749999999,3.7918749999999997
DM-13-03-06-02,2026-08-29,119.95114583333333,3.718541666666667
DM-13-03-06-02,2026-08-30,133.15875,3.7445833333333334
DM-13-03-06-02,2026-08-31,100.98895833333334,3.8346875
DM-13-03-06-02,2026-09-01,98.90989583333334,3.7796875
DM-13-03-06-03,2026-08-26,69.19375000000001,2.7372916666666662
DM-13-03-06-03,2026-08-27,71.59947916666667,2.773645833333333
DM-13-03-06-03,2026-08-28,70.80385416666667,2.7661458333333333
DM-13-03-06-03,2026-08-29,62.055,2.6603125
DM-13-03-06-03,2026-08-30,67.08114583333334,2.70875
DM-13-03-06-03,2026-08-31,73.66395833333333,2.821875
DM-13-03-06-03,2026-09-01,73.674375,2.7972916666666667
DM-13-03-07-01,2026-08-26,23.24802083333333,3.1409374999999997
DM-13-03-07-01,2026-08-27,22.787291666666665,3.14625
DM-13-03-07-01,2026-08-28,23.319999999999997,3.1101041666666664
DM-13-03-07-01,2026-08-29,25.919270833333332,3.3335416666666666
DM-13-03-07-01,2026-08-30,23.327083333333334,3.2079166666666663
DM-13-03-07-01,2026-08-31,22.660416666666666,3.2118749999999996
DM-13-03-07-01,2026-09-01,21.261458333333334,3.1966666666666668
DM-13-03-07-02,2026-08-26,193.1378125,2.53125
DM-13-03-07-02,2026-08-27,189.2825,2.54625
DM-13-03-07-02,2026-08-28,190.970625,2.4998958333333334
DM-13-03-07-02,2026-08-29,178.93802083333333,2.5240625
DM-13-03-07-02,2026-08-30,186.13322916666667,2.5215625
DM-13-03-07-02,2026-08-31,190.14093749999998,2.582708333333333
DM-13-03-07-02,2026-09-01,185.95489583333332,2.5478125
DM-13-03-07-03,2026-08-26,0.8833333333333333,2.9594791666666667
DM-13-03-07-03,2026-08-27,13.466458333333334,2.9620833333333336
DM-13-03-07-03,2026-08-28,30.946250000000003,2.926458333333333
DM-13-03-07-03,2026-08-29,34.6684375,3.15
DM-13-03-07-03,2026-08-30,39.03427083333333,3.0238541666666667
DM-13-03-07-03,2026-08-31,28.031458333333333,3.0488541666666666
DM-13-03-07-03,2026-09-01,22.786562500000002,3.0296875
DM-13-03-08-01,2026-08-26,62.96645833333333,3.813541666666667
DM-13-03-08-01,2026-08-27,62.63104166666667,3.8128124999999997
DM-13-03-08-01,2026-08-28,61.83197916666666,3.7890625
DM-13-03-08-01,2026-08-29,56.360104166666666,3.8027083333333334
DM-13-03-08-01,2026-08-30,51.459270833333335,3.797916666666667
DM-13-03-08-01,2026-08-31,58.72625,3.8695833333333334
DM-13-03-08-01,2026-09-01,58.541041666666665,3.8284374999999997
DM-13-03-09-01,2026-08-26,35.35791666666667,3.375833333333333
DM-13-03-09-01,2026-08-27,35.16229166666667,3.3792708333333334
DM-13-03-09-01,2026-08-28,35.201458333333335,3.3667708333333333
DM-13-03-09-01,2026-08-29,41.934895833333336,3.389375
DM-13-03-09-01,2026-08-30,40.622708333333335,3.3521875
DM-13-03-09-01,2026-08-31,34.9175,3.4705208333333335
DM-13-03-09-01,2026-09-01,33.93020833333333,3.468125
DM-13-03-09-02,2026-08-26,42.848125,2.5148958333333336
DM-13-03-09-02,2026-08-27,42.784062500000005,2.4973958333333335
DM-13-03-09-02,2026-08-28,43.627812500000005,2.48375
DM-13-03-09-02,2026-08-29,45.92739583333333,2.5438541666666667
DM-13-03-09-02,2026-08-30,47.92541666666667,2.4765625
DM-13-03-09-02,2026-08-31,43.1371875,2.5953125
DM-13-03-09-02,2026-09-01,43.9821875,2.5327083333333333
DM-13-03-10-01,2026-08-26,144.81468750000002,3.0620833333333333
DM-13-03-10-01,2026-08-27,145.95041666666665,3.0539583333333336
DM-13-03-10-01,2026-08-28,144.10125,3.038854166666667
DM-13-03-10-01,2026-08-29,146.70541666666665,3.1179166666666664
DM-13-03-10-01,2026-08-30,144.58208333333334,3.0454166666666667
DM-13-03-10-01,2026-08-31,140.65302083333333,3.165104166666667
DM-13-03-10-01,2026-09-01,142.45208333333332,3.1402083333333333
DM-13-04-01-01,2026-08-26,184.50166666666667,3.16625
DM-13-04-01-01,2026-08-27,191.68604166666668,3.196145833333333
DM-13-04-01-01,2026-08-28,174.76,3.31125
DM-13-04-01-01,2026-08-29,167.36739583333335,3.678645833333333
DM-13-04-01-01,2026-08-30,147.41802083333332,3.632604166666667
DM-13-04-01-01,2026-08-31,156.5165625,3.4642708333333334
DM-13-04-01-01,2026-09-01,162.21333333333334,3.3869791666666664
DM-13-04-01-03,2026-08-26,0.0,3.525104166666667
DM-13-04-01-03,2026-08-27,0.391875,3.5574999999999997
DM-13-04-01-03,2026-08-28,0.7635416666666667,3.5941666666666667
DM-13-04-01-03,2026-08-29,0.5678124999999999,4.016666666666667
DM-13-04-01-03,2026-08-30,0.5078125,3.8959375
DM-13-04-01-03,2026-08-31,0.7635416666666667,3.7715625
DM-13-04-01-03,2026-09-01,0.7164583333333333,3.773229166666667
DM-13-04-01-04,2026-08-26,243.97604166666667,3.157916666666667
DM-13-04-01-04,2026-08-27,251.470625,3.217916666666667
DM-13-04-01-04,2026-08-28,239.43260416666666,3.3052083333333333
DM-13-04-01-04,2026-08-29,232.749375,3.6692708333333335
DM-13-04-01-04,2026-08-30,217.55260416666667,3.5704166666666666
DM-13-04-01-04,2026-08-31,217.13864583333336,3.4793749999999997
DM-13-04-01-04,2026-09-01,214.40791666666667,3.4053125000000004
DM-13-04-02-01,2026-08-26,252.21135416666667,5.060104166666666
DM-13-04-02-01,2026-08-27,250.3575,5.1390625000000005
DM-13-04-02-01,2026-08-28,251.17895833333333,5.143854166666666
DM-13-04-02-01,2026-08-29,252.5609375,5.4707291666666675
DM-13-04-02-01,2026-08-30,252.53958333333333,5.323229166666667
DM-13-04-02-01,2026-08-31,261.5083333333333,5.19625
DM-13-04-02-01,2026-09-01,258.8220833333333,5.1784375
DM-13-04-02-02,2026-08-26,0.0,3.478645833333333
DM-13-04-02-02,2026-08-27,30.915625000000002,3.514375
DM-13-04-02-02,2026-08-28,79.83875,3.5329166666666665
DM-13-04-02-02,2026-08-29,64.52479166666667,3.8016666666666663
DM-13-04-02-02,2026-08-30,63.47708333333333,3.6634375
DM-13-04-02-02,2026-08-31,79.83875,3.6048958333333334
DM-13-04-02-02,2026-09-01,74.90020833333334,3.5664583333333333
DM-13-04-03-01,2026-08-26,291.95395833333333,3.0078125
DM-13-04-03-01,2026-08-27,291.2597916666667,3.0708333333333333
DM-13-04-03-01,2026-08-28,295.79041666666666,3.0621875
DM-13-04-03-01,2026-08-29,305.27427083333333,3.2747916666666668
DM-13-04-03-01,2026-08-30,300.22760416666665,3.1487499999999997
DM-13-04-03-01,2026-08-31,291.9109375,3.129375
DM-13-04-03-01,2026-09-01,295.82187500000003,3.0651041666666665
DM-13-04-04-01,2026-08-26,110.92020833333333,3.4234375
DM-13-04-04-01,2026-08-27,113.49333333333334,3.4576041666666666
DM-13-04-04-01,2026-08-28,113.84770833333333,3.4832291666666664
DM-13-04-04-01,2026-08-29,119.31656249999999,3.7094791666666667
DM-13-04-04-01,2026-08-30,116.31052083333333,3.590520833333333
DM-13-04-04-01,2026-08-31,110.93906249999999,3.562708333333333
DM-13-04-04-01,2026-09-01,109.83822916666666,3.5408333333333335
DM-13-04-04-02,2026-08-26,220.94270833333334,3.3558333333333334
DM-13-04-04-02,2026-08-27,222.91166666666666,3.396770833333333
DM-13-04-04-02,2026-08-28,224.97135416666666,3.428645833333333
DM-13-04-04-02,2026-08-29,241.2017708333333,3.638958333333333
DM-13-04-04-02,2026-08-30,236.71437500000002,3.5433333333333334
DM-13-04-04-02,2026-08-31,227.4053125,3.5070833333333336
DM-13-04-04-02,2026-09-01,222.65593750000002,3.485
DM-13-04-05-01,2026-08-26,277.7003125,2.8215625
DM-13-04-05-01,2026-08-27,279.51197916666666,2.8520833333333333
DM-13-04-05-01,2026-08-28,280.715625,2.830625
DM-13-04-05-01,2026-08-29,287.8411458333333,3.0362500000000003
DM-13-04-05-01,2026-08-30,288.50427083333335,2.88625
DM-13-04-05-01,2026-08-31,285.8442708333333,2.8732291666666665
DM-13-04-05-01,2026-09-01,279.55,2.901145833333333
DM-13-04-05-02,2026-08-26,13.705416666666666,2.6195833333333334
DM-13-04-05-02,2026-08-27,13.705416666666666,2.6195833333333334
DM-13-04-05-02,2026-08-28,13.705416666666666,2.6195833333333334
DM-13-04-05-02,2026-08-29,15.847708333333335,2.5542708333333333
DM-13-04-05-02,2026-08-30,15.411666666666667,2.5623958333333334
DM-13-04-05-02,2026-08-31,13.705416666666666,2.6195833333333334
DM-13-04-05-02,2026-09-01,13.705416666666666,2.6195833333333334
DM-13-04-06-01,2026-08-26,0.0,2.478645833333333
DM-13-04-06-01,2026-08-27,24.157083333333333,2.482604166666667
DM-13-04-06-01,2026-08-28,63.74114583333333,2.4761458333333333
DM-13-04-06-01,2026-08-29,60.9978125,2.6311458333333335
DM-13-04-06-01,2026-08-30,60.39927083333333,2.555625
DM-13-04-06-01,2026-08-31,64.58791666666667,2.5595833333333333
DM-13-04-06-01,2026-09-01,60.577395833333334,2.556770833333333
DM-13-04-06-02,2026-08-26,150.01604166666667,3.7884375
DM-13-04-06-02,2026-08-27,150.01604166666667,3.7884375
DM-13-04-06-02,2026-08-28,150.01604166666667,3.7884375
DM-13-04-06-02,2026-08-29,134.52020833333333,3.6703125
DM-13-04-06-02,2026-08-30,146.97395833333334,3.306875
DM-13-04-06-02,2026-08-31,150.01604166666667,0.0
DM-13-04-06-02,2026-09-01,150.01604166666667,0.0
DM-13-04-06-03,2026-08-26,171.12833333333333,3.908958333333333
DM-13-04-06-03,2026-08-27,156.2528125,3.935208333333333
DM-13-04-06-03,2026-08-28,169.11781249999999,3.881979166666667
DM-13-04-06-03,2026-08-29,151.941875,3.872708333333333
DM-13-04-06-03,2026-08-30,141.50166666666667,3.8377083333333335
DM-13-04-06-03,2026-08-31,148.61875,3.9270833333333335
DM-13-04-06-03,2026-09-01,131.57375,3.9302083333333333
DM-13-04-07-01,2026-08-26,203.64666666666668,2.7460416666666667
DM-13-04-07-01,2026-08-27,205.83260416666667,2.7379166666666666
DM-13-04-07-01,2026-08-28,206.94697916666667,2.75375
DM-13-04-07-01,2026-08-29,214.663125,2.9454166666666666
DM-13-04-07-01,2026-08-30,212.27010416666667,2.8120833333333333
DM-13-04-07-01,2026-08-31,203.17,2.801979166666667
DM-13-04-07-01,2026-09-01,200.03458333333333,2.8077083333333337
DM-13-04-07-02,2026-08-26,0.0,2.5547916666666666
DM-13-04-07-02,2026-08-27,0.0,2.5547916666666666
DM-13-04-07-02,2026-08-28,0.0,2.5547916666666666
DM-13-04-07-02,2026-08-29,0.0,2.556770833333333
DM-13-04-07-02,2026-08-30,0.0,2.5625
DM-13-04-07-02,2026-08-31,0.0,2.5547916666666666
DM-13-04-07-02,2026-09-01,0.0,2.5547916666666666
DM-13-04-07-03,2026-08-26,0.8586458333333334,2.7486458333333332
DM-13-04-07-03,2026-08-27,2.083125,2.7528124999999997
DM-13-04-07-03,2026-08-28,4.663958333333333,2.7232291666666666
DM-13-04-07-03,2026-08-29,3.6425,2.8894791666666664
DM-13-04-07-03,2026-08-30,3.7628125000000003,2.8051041666666667
DM-13-04-07-03,2026-08-31,4.271770833333333,2.8360416666666666
DM-13-04-07-03,2026-09-01,4.366874999999999,2.8383333333333334
DM-13-04-07-04,2026-08-26,0.0,2.3660416666666664
DM-13-04-07-04,2026-08-27,0.0,2.3660416666666664
DM-13-04-07-04,2026-08-28,0.0,2.3660416666666664
DM-13-04-07-04,2026-08-29,0.0,2.3559375
DM-13-04-07-04,2026-08-30,0.0,2.3628125
DM-13-04-07-04,2026-08-31,0.0,2.3660416666666664
DM-13-04-07-04,2026-09-01,0.0,2.3660416666666664
DM-13-04-07-05,2026-08-26,31.41875,3.44
DM-13-04-07-05,2026-08-27,32.29302083333334,3.444479166666667
DM-13-04-07-05,2026-08-28,32.6653125,3.4115625
DM-13-04-07-05,2026-08-29,32.950833333333335,3.5044791666666666
DM-13-04-07-05,2026-08-30,32.85333333333333,3.4959375
DM-13-04-07-05,2026-08-31,31.424895833333334,3.5245833333333336
DM-13-04-07-05,2026-09-01,30.82166666666667,3.5167708333333336
DM-13-04-08-01,2026-08-26,227.02374999999998,2.02625
DM-13-04-08-01,2026-08-27,228.31572916666667,2.0288541666666666
DM-13-04-08-01,2026-08-28,229.07000000000002,1.9973958333333333
DM-13-04-08-01,2026-08-29,234.81500000000003,2.1102083333333335
DM-13-04-08-01,2026-08-30,233.58927083333333,2.040833333333333
DM-13-04-08-01,2026-08-31,226.8267708333333,2.0952083333333333
DM-13-04-08-01,2026-09-01,223.47458333333336,2.1002083333333332
DM-13-04-08-02,2026-08-26,111.20968749999999,2.510625
DM-13-04-08-02,2026-08-27,111.80020833333333,2.5108333333333333
DM-13-04-08-02,2026-08-28,112.01416666666667,2.5130208333333335
DM-13-04-08-02,2026-08-29,116.70666666666666,2.61875
DM-13-04-08-02,2026-08-30,115.52302083333332,2.5366666666666666
DM-13-04-08-02,2026-08-31,111.45156250000001,2.6142708333333333
DM-13-04-08-02,2026-09-01,109.84145833333334,2.6180208333333335
DM-13-04-08-03,2026-08-26,145.87760416666666,3.1508333333333334
DM-13-04-08-03,2026-08-27,147.00364583333334,3.149479166666667
DM-13-04-08-03,2026-08-28,147.6465625,3.1107291666666668
DM-13-04-08-03,2026-08-29,143.73770833333333,3.205833333333333
DM-13-04-08-03,2026-08-30,138.49614583333332,3.200625
DM-13-04-08-03,2026-08-31,135.48885416666667,3.2501041666666666
DM-13-04-08-03,2026-09-01,133.61229166666666,3.2461458333333333
DM-13-04-09-01,2026-08-26,132.92083333333332,3.5281249999999997
DM-13-04-09-01,2026-08-27,132.22041666666667,3.538229166666667
DM-13-04-09-01,2026-08-28,130.19385416666668,3.464375
DM-13-04-09-01,2026-08-29,126.3353125,3.4609375
DM-13-04-09-01,2026-08-30,128.21708333333333,3.436875
DM-13-04-09-01,2026-08-31,131.19729166666667,3.6035416666666666
DM-13-04-09-01,2026-09-01,129.60520833333334,3.6244791666666667
DM-13-04-09-02,2026-08-26,201.09124999999997,2.24375
DM-13-04-09-02,2026-08-27,198.70739583333332,2.482291666666667
DM-13-04-09-02,2026-08-28,229.06645833333334,2.745416666666667
DM-13-04-09-02,2026-08-29,207.17937500000002,2.7417708333333333
DM-13-04-09-02,2026-08-30,203.4411458333333,2.9082291666666666
DM-13-04-09-02,2026-08-31,212.50208333333333,3.336145833333333
DM-13-04-09-02,2026-09-01,213.6690625,3.2925
DM-13-04-09-03,2026-08-26,82.11854166666667,3.6269791666666666
DM-13-04-09-03,2026-08-27,81.40697916666666,3.643125
DM-13-04-09-03,2026-08-28,81.34572916666666,3.5936458333333334
DM-13-04-09-03,2026-08-29,85.71697916666666,3.646875
DM-13-04-09-03,2026-08-30,82.8634375,3.6014583333333334
DM-13-04-09-03,2026-08-31,77.468125,3.724895833333333
DM-13-04-09-03,2026-09-01,76.78937499999999,3.716666666666667
DM-13-05-01-01,2026-08-26,170.0690625,2.0749999999999997
DM-13-05-01-01,2026-08-27,181.10593749999998,2.0630208333333333
DM-13-05-01-01,2026-08-28,178.30270833333336,2.034479166666667
DM-13-05-01-01,2026-08-29,181.583125,2.1330208333333336
DM-13-05-01-01,2026-08-30,184.18447916666665,2.0797916666666665
DM-13-05-01-01,2026-08-31,167.11072916666666,2.1733333333333333
DM-13-05-01-01,2026-09-01,166.81385416666666,2.156875
DM-13-05-01-03,2026-08-26,91.95916666666666,2.9478125
DM-13-05-01-03,2026-08-27,95.34760416666667,2.9464583333333336
DM-13-05-01-03,2026-08-28,96.6090625,2.9020833333333336
DM-13-05-01-03,2026-08-29,107.0778125,3.0497916666666662
DM-13-05-01-03,2026-08-30,104.20458333333333,2.9753125
DM-13-05-01-03,2026-08-31,91.34489583333334,3.049375
DM-13-05-01-03,2026-09-01,93.60479166666666,3.035
DM-13-05-02-01,2026-08-26,32.527499999999996,2.8969791666666667
DM-13-05-02-01,2026-08-27,33.084375,2.9051041666666664
DM-13-05-02-01,2026-08-28,34.28270833333333,2.8665625
DM-13-05-02-01,2026-08-29,37.116875,3.0465625000000003
DM-13-05-02-01,2026-08-30,36.64552083333333,2.956875
DM-13-05-02-01,2026-08-31,31.800520833333334,2.985208333333333
DM-13-05-02-01,2026-09-01,31.254375,2.979270833333333
DM-13-05-02-02,2026-08-26,113.90708333333333,3.0021875
DM-13-05-02-02,2026-08-27,113.9721875,2.9995833333333333
DM-13-05-02-02,2026-08-28,114.56833333333333,2.957708333333333
DM-13-05-02-02,2026-08-29,118.1721875,3.0484375
DM-13-05-02-02,2026-08-30,116.3115625,2.963645833333333
DM-13-05-02-02,2026-08-31,114.01125,3.068229166666667
DM-13-05-02-02,2026-09-01,113.73739583333334,3.0509375
DM-13-05-03-01,2026-08-26,61.58510416666667,3.1634375
DM-13-05-03-01,2026-08-27,58.54739583333333,3.1621875
DM-13-05-03-01,2026-08-28,58.521875,3.1281250000000003
DM-13-05-03-01,2026-08-29,63.45166666666666,3.2876041666666667
DM-13-05-03-01,2026-08-30,62.9375,3.2154166666666666
DM-13-05-03-01,2026-08-31,58.84979166666667,3.2422916666666666
DM-13-05-03-01,2026-09-01,55.62479166666666,3.227604166666667
DM-13-05-03-02,2026-08-26,26.423125,3.5121875
DM-13-05-03-02,2026-08-27,25.484375,3.5152083333333333
DM-13-05-03-02,2026-08-28,26.471979166666667,3.4762500000000003
DM-13-05-03-02,2026-08-29,26.8634375,3.5689583333333332
DM-13-05-03-02,2026-08-30,27.180625000000003,3.557604166666667
DM-13-05-03-02,2026-08-31,24.988645833333333,3.5980208333333334
DM-13-05-03-02,2026-09-01,23.937291666666667,3.5925
DM-13-05-04-01,2026-08-26,2.3684375,2.9287500000000004
DM-13-05-04-01,2026-08-27,2.3764583333333333,2.9379166666666667
DM-13-05-04-01,2026-08-28,2.0688541666666667,2.886875
DM-13-05-04-01,2026-08-29,2.0872916666666668,3.059583333333333
DM-13-05-04-01,2026-08-30,2.4390625,2.966458333333333
DM-13-05-04-01,2026-08-31,2.6750000000000003,3.015625
DM-13-05-04-01,2026-09-01,2.4265624999999997,3.00375
DM-13-05-04-03,2026-08-26,46.81072916666667,2.9814583333333338
DM-13-05-04-03,2026-08-27,45.931354166666665,2.9768749999999997
DM-13-05-04-03,2026-08-28,46.62708333333333,2.9525
DM-13-05-04-03,2026-08-29,48.68197916666667,3.1160416666666664
DM-13-05-04-03,2026-08-30,47.699999999999996,3.0248958333333333
DM-13-05-04-03,2026-08-31,46.26239583333333,3.059791666666667
DM-13-05-04-03,2026-09-01,45.187916666666666,3.0282291666666663
DM-13-05-04-04,2026-08-26,109.91354166666667,3.0883333333333334
DM-13-05-04-04,2026-08-27,110.191875,3.0780208333333334
DM-13-05-04-04,2026-08-28,110.12374999999999,3.0378125
DM-13-05-04-04,2026-08-29,114.174375,3.1557291666666667
DM-13-05-04-04,2026-08-30,112.94885416666666,3.0979166666666664
DM-13-05-04-04,2026-08-31,108.54364583333334,3.1512499999999997
DM-13-05-04-04,2026-09-01,106.29708333333333,3.1111458333333335
DM-13-05-05-01,2026-08-26,39.1571875,3.0003124999999997
DM-13-05-05-01,2026-08-27,37.6628125,3.0117708333333333
DM-13-05-05-01,2026-08-28,36.8984375,2.9746875
DM-13-05-05-01,2026-08-29,35.030833333333334,3.1522916666666667
DM-13-05-05-01,2026-08-30,35.634375,3.0656250000000003
DM-13-05-05-01,2026-08-31,38.081354166666664,3.0828124999999997
DM-13-05-05-01,2026-09-01,35.375416666666666,3.0666666666666664
DM-13-05-05-02,2026-08-26,52.723645833333336,3.421666666666667
DM-13-05-05-02,2026-08-27,52.723645833333336,3.421666666666667
DM-13-05-05-02,2026-08-28,52.723645833333336,3.421666666666667
DM-13-05-05-02,2026-08-29,54.66510416666667,3.4557291666666665
DM-13-05-05-02,2026-08-30,53.92395833333333,3.4291666666666667
DM-13-05-05-02,2026-08-31,52.723645833333336,3.421666666666667
DM-13-05-05-02,2026-09-01,52.723645833333336,3.421666666666667
DM-13-05-06-01,2026-08-26,105.41031249999999,2.57125
DM-13-05-06-01,2026-08-27,106.10875,2.57375
DM-13-05-06-01,2026-08-28,105.77177083333333,2.5298958333333332
DM-13-05-06-01,2026-08-29,109.86739583333333,2.6910416666666666
DM-13-05-06-01,2026-08-30,109.87166666666667,2.5970833333333334
DM-13-05-06-01,2026-08-31,106.30052083333334,2.6611458333333333
DM-13-05-06-01,2026-09-01,104.87104166666667,2.6561458333333334
DM-13-05-06-02,2026-08-26,114.830625,2.8937500000000003
DM-13-05-06-02,2026-08-27,116.28052083333334,2.8971875
DM-13-05-06-02,2026-08-28,115.8859375,2.866979166666667
DM-13-05-06-02,2026-08-29,119.88635416666666,3.0205208333333338
DM-13-05-06-02,2026-08-30,120.13739583333334,2.932916666666667
DM-13-05-06-02,2026-08-31,115.6309375,2.973125
DM-13-05-06-02,2026-09-01,114.42291666666667,2.9680208333333336
DM-13-05-07-01,2026-08-26,70.60885416666666,2.248229166666667
DM-13-05-07-01,2026-08-27,71.96041666666666,2.2110416666666666
DM-13-05-07-01,2026-08-28,72.50395833333333,2.1330208333333336
DM-13-05-07-01,2026-08-29,76.99177083333333,1.9513541666666667
DM-13-05-07-01,2026-08-30,75.41854166666667,1.9078125000000001
DM-13-05-07-01,2026-08-31,72.10302083333333,2.2521875000000002
DM-13-05-07-01,2026-09-01,70.8015625,2.2646875
DM-13-05-07-02,2026-08-26,138.67333333333332,1.6461458333333334
DM-13-05-07-02,2026-08-27,136.5140625,2.981666666666667
DM-13-05-07-02,2026-08-28,135.77916666666667,2.954166666666667
DM-13-05-07-02,2026-08-29,118.35802083333334,3.125208333333333
DM-13-05-07-02,2026-08-30,118.98989583333334,3.0465625000000003
DM-13-05-07-02,2026-08-31,124.67802083333333,3.0742708333333333
DM-13-05-07-02,2026-09-01,123.67302083333334,3.066875
DM-13-05-08-01,2026-08-26,165.01927083333334,4.169270833333333
DM-13-05-08-01,2026-08-27,185.08364583333332,4.055625
DM-13-05-08-01,2026-08-28,169.2634375,4.083125
DM-13-05-08-01,2026-08-29,171.58020833333333,4.2565625
DM-13-05-08-01,2026-08-30,173.09458333333336,4.130833333333333
DM-13-05-08-01,2026-08-31,166.98010416666668,4.1180208333333335
DM-13-05-08-01,2026-09-01,158.68677083333333,3.990520833333333
DM-13-05-08-02,2026-08-26,108.865,4.592708333333333
DM-13-05-08-02,2026-08-27,98.51802083333332,4.185833333333333
DM-13-05-08-02,2026-08-28,108.43093750000001,4.3365625
DM-13-05-08-02,2026-08-29,147.17677083333334,4.8378125
DM-13-05-08-02,2026-08-30,138.55302083333333,4.754583333333334
DM-13-05-08-02,2026-08-31,107.20760416666667,4.849270833333333
DM-13-05-08-02,2026-09-01,103.40729166666667,4.490520833333333
DM-13-05-08-03,2026-08-26,0.0,3.2207291666666666
DM-13-05-08-03,2026-08-27,0.0,3.2207291666666666
DM-13-05-08-03,2026-08-28,0.0,3.2207291666666666
DM-13-05-08-03,2026-08-29,0.0,3.0433333333333334
DM-13-05-08-03,2026-08-30,0.0,3.0490625
DM-13-05-08-03,2026-08-31,0.0,3.220625
DM-13-05-08-03,2026-09-01,0.0,3.2207291666666666
DM-13-05-09-01,2026-08-26,125.6103125,3.5365625
DM-13-05-09-01,2026-08-27,125.54552083333334,3.528958333333333
DM-13-05-09-01,2026-08-28,126.56052083333333,3.4929166666666664
DM-13-05-09-01,2026-08-29,150.7675,3.4063541666666666
DM-13-05-09-01,2026-08-30,146.25625,3.302395833333333
DM-13-05-09-01,2026-08-31,130.42541666666668,3.4600000000000004
DM-13-05-09-01,2026-09-01,129.26177083333334,3.3791666666666664
DM-13-05-09-02,2026-08-26,54.52104166666667,3.692083333333333
DM-13-05-09-02,2026-08-27,55.872395833333336,3.705
DM-13-05-09-02,2026-08-28,56.84020833333333,3.654583333333333
DM-13-05-09-02,2026-08-29,53.787708333333335,3.6584375
DM-13-05-09-02,2026-08-30,57.01145833333334,3.642916666666667
DM-13-05-09-02,2026-08-31,55.80354166666667,3.7505208333333333
DM-13-05-09-02,2026-09-01,55.2321875,3.67125
DM-13-05-09-03,2026-08-26,123.55364583333333,2.82375
DM-13-05-09-03,2026-08-27,126.23864583333334,2.7972916666666667
DM-13-05-09-03,2026-08-28,129.01802083333334,2.7402083333333334
DM-13-05-09-03,2026-08-29,125.47958333333334,2.7741666666666664
DM-13-05-09-03,2026-08-30,131.9390625,2.7716666666666665
DM-13-05-09-03,2026-08-31,125.7196875,2.8676041666666667
DM-13-05-09-03,2026-09-01,123.33114583333334,2.83
DM-13-05-10-01,2026-08-26,188.14104166666667,2.485208333333333
DM-13-05-10-01,2026-08-27,185.19822916666666,2.4805208333333333
DM-13-05-10-01,2026-08-28,184.12031249999998,2.4501041666666667
DM-13-05-10-01,2026-08-29,183.36760416666667,2.5847916666666664
DM-13-05-10-01,2026-08-30,183.46552083333333,2.4994791666666667
DM-13-05-10-01,2026-08-31,180.07520833333334,2.540625
DM-13-05-10-01,2026-09-01,170.35947916666666,2.5136458333333334
DM-13-05-10-02,2026-08-26,10.295263157894738,3.2594736842105263
DM-13-05-10-02,2026-08-27,11.483191489361703,3.4565957446808513
DM-13-05-10-02,2026-08-28,24.72179487179487,3.3161538461538465
DM-13-05-10-02,2026-08-29,7.3028571428571425,3.29
DM-13-05-10-02,2026-08-30,11.4953125,3.36484375
DM-13-05-10-02,2026-08-31,16.294655172413794,3.481896551724138
DM-13-05-10-02,2026-09-01,14.882394366197184,3.473943661971831
DM-13-05-10-03,2026-08-26,135.8003125,3.018854166666667
DM-13-05-10-03,2026-08-27,135.31135416666666,3.0078125
DM-13-05-10-03,2026-08-28,133.4909375,2.96875
DM-13-05-10-03,2026-08-29,139.40208333333334,3.0862499999999997
DM-13-05-10-03,2026-08-30,138.4609375,3.0284375000000003
DM-13-05-10-03,2026-08-31,130.72291666666666,3.0811458333333337
DM-13-05-10-03,2026-09-01,125.7578125,3.041770833333333
DM-13-05-11-01,2026-08-26,132.31614583333334,2.850520833333333
DM-13-05-11-01,2026-08-27,131.70635416666667,2.890833333333333
DM-13-05-11-01,2026-08-28,130.4296875,2.901875
DM-13-05-11-01,2026-08-29,132.79104166666667,2.9888541666666666
DM-13-05-11-01,2026-08-30,132.55479166666666,2.9075
DM-13-05-11-01,2026-08-31,131.10197916666667,2.8214583333333336
DM-13-05-11-01,2026-09-01,129.34239583333334,2.7514583333333333
DM-13-05-11-02,2026-08-26,0.0,2.1415625
DM-13-05-11-02,2026-08-27,35.605312500000004,2.153541666666667
DM-13-05-11-02,2026-08-28,85.71239583333333,2.115625
DM-13-05-11-02,2026-08-29,88.9403125,2.1152083333333334
DM-13-05-11-02,2026-08-30,87.926875,2.1241666666666665
DM-13-05-11-02,2026-08-31,86.03927083333333,2.2055208333333334
DM-13-05-11-02,2026-09-01,81.48520833333333,2.1453124999999997
DM-13-05-12-01,2026-08-26,119.82614583333333,3.3822916666666667
DM-13-05-12-01,2026-08-27,121.64739583333333,3.3786458333333336
DM-13-05-12-01,2026-08-28,122.13520833333332,3.3448958333333336
DM-13-05-12-01,2026-08-29,104.08187500000001,3.3697916666666665
DM-13-05-12-01,2026-08-30,112.28416666666668,3.3486458333333338
DM-13-05-12-01,2026-08-31,131.75333333333333,3.4225
DM-13-05-12-01,2026-09-01,131.71270833333332,3.3611458333333335
DM-13-05-13-01,2026-08-26,98.24677083333334,2.9311458333333333
DM-13-05-13-01,2026-08-27,99.11625,2.932395833333333
DM-13-05-13-01,2026-08-28,99.8365625,2.901145833333333
DM-13-05-13-01,2026-08-29,102.964375,3.0625
DM-13-05-13-01,2026-08-30,99.43583333333333,2.9957291666666666
DM-13-05-13-01,2026-08-31,102.10927083333333,3.0338541666666665
DM-13-05-13-01,2026-09-01,102.02135416666665,3.009895833333333
DM-13-06-01-01,2026-08-26,140.1628125,3.217083333333333
DM-13-06-01-01,2026-08-27,141.11614583333332,3.228645833333333
DM-13-06-01-01,2026-08-28,144.20604166666666,3.1933333333333334
DM-13-06-01-01,2026-08-29,149.31052083333333,3.3539583333333334
DM-13-06-01-01,2026-08-30,144.22333333333333,3.2689583333333334
DM-13-06-01-01,2026-08-31,138.70614583333335,3.2542708333333334
DM-13-06-01-01,2026-09-01,137.60979166666667,3.2359375
DM-13-06-01-02,2026-08-26,35.565,2.9103125
DM-13-06-01-02,2026-08-27,34.891979166666665,2.9137500000000003
DM-13-06-01-02,2026-08-28,36.25927083333333,2.892916666666667
DM-13-06-01-02,2026-08-29,26.129166666666666,2.968958333333333
DM-13-06-01-02,2026-08-30,15.949166666666665,2.903541666666667
DM-13-06-01-02,2026-08-31,12.493333333333332,2.9047916666666667
DM-13-06-01-02,2026-09-01,14.759895833333333,2.9066666666666667
DM-13-06-01-03,2026-08-29,19.483529411764707,3.432058823529412
DM-13-06-01-03,2026-08-30,12.382820512820514,3.4423076923076925
DM-13-06-01-04,2026-08-26,80.28479166666666,2.3746875
DM-13-06-01-04,2026-08-27,80.28479166666666,2.3746875
DM-13-06-01-04,2026-08-28,80.28479166666666,2.3746875
DM-13-06-01-04,2026-08-29,78.97104166666666,2.6816666666666666
DM-13-06-01-04,2026-08-30,78.0728125,2.672916666666667
DM-13-06-01-04,2026-08-31,80.28479166666666,2.3746875
DM-13-06-01-04,2026-09-01,80.28479166666666,2.3746875
DM-13-06-01-05,2026-08-26,68.31114583333333,3.4969791666666663
DM-13-06-01-05,2026-08-27,68.31114583333333,3.4969791666666663
DM-13-06-01-05,2026-08-28,68.31114583333333,3.4969791666666663
DM-13-06-01-05,2026-08-29,77.66885416666666,3.7515625
DM-13-06-01-05,2026-08-30,77.41239583333333,3.7521875
DM-13-06-01-05,2026-08-31,68.31114583333333,3.4969791666666663
DM-13-06-01-05,2026-09-01,68.31114583333333,3.4969791666666663
DM-13-06-02-01,2026-08-26,87.50322916666666,7.336041666666667
DM-13-06-02-01,2026-08-27,87.20739583333334,7.1396875
DM-13-06-02-01,2026-08-28,85.02979166666667,7.282916666666666
DM-13-06-02-01,2026-08-29,58.2925,6.120833333333334
DM-13-06-02-01,2026-08-30,62.72593749999999,6.481041666666666
DM-13-06-02-01,2026-08-31,85.9815625,7.249895833333333
DM-13-06-02-01,2026-09-01,83.94760416666666,6.98
DM-13-06-02-03,2026-08-26,167.65125,4.056666666666667
DM-13-06-02-03,2026-08-27,168.07822916666666,4.091458333333333
DM-13-06-02-03,2026-08-28,163.00083333333333,3.9904166666666665
DM-13-06-02-03,2026-08-29,94.57833333333333,4.163749999999999
DM-13-06-02-03,2026-08-30,99.91666666666667,4.076875
DM-13-06-02-03,2026-08-31,13.369270833333333,4.194895833333333
DM-13-06-02-03,2026-09-01,117.92750000000001,4.011770833333333
DM-13-06-03-01,2026-08-26,612.6703125,7.128854166666667
DM-13-06-03-01,2026-08-27,615.2959375,7.127291666666667
DM-13-06-03-01,2026-08-28,625.2321875,7.131666666666667
DM-13-06-03-01,2026-08-29,647.2829166666667,8.0284375
DM-13-06-03-01,2026-08-30,651.0194791666667,8.058020833333334
DM-13-06-03-01,2026-08-31,602.4563541666666,7.123333333333334
DM-13-06-03-01,2026-09-01,586.145,7.133854166666667
DM-13-06-03-02,2026-08-26,10.964270833333332,2.3119791666666667
DM-13-06-03-02,2026-08-27,11.013333333333334,2.2901041666666666
DM-13-06-03-02,2026-08-28,10.901979166666665,2.2346875
DM-13-06-03-02,2026-08-29,12.154895833333335,2.3646875
DM-13-06-03-02,2026-08-30,12.1621875,2.372708333333333
DM-13-06-03-02,2026-08-31,10.994583333333333,2.3913541666666664
DM-13-06-03-02,2026-09-01,11.011354166666665,2.3827083333333334
DM-13-06-03-03,2026-08-26,96.48114583333334,3.8148958333333334
DM-13-06-03-03,2026-08-27,96.48114583333334,3.8148958333333334
DM-13-06-03-03,2026-08-28,96.48114583333334,3.8148958333333334
DM-13-06-03-03,2026-08-29,106.26239583333334,3.933125
DM-13-06-03-03,2026-08-30,105.81177083333334,3.9345833333333338
DM-13-06-03-03,2026-08-31,96.48114583333334,3.8148958333333334
DM-13-06-03-03,2026-09-01,96.48114583333334,3.8148958333333334
DM-13-06-03-04,2026-08-26,0.03166666666666667,4.0925
DM-13-06-03-04,2026-08-27,0.03272727272727272,3.9518181818181817
DM-13-06-03-04,2026-08-28,0.043333333333333335,4.342666666666667
DM-13-06-03-04,2026-08-29,0.04466666666666667,4.1273333333333335
DM-13-06-03-04,2026-08-30,0.0325,4.2275
DM-13-06-03-04,2026-08-31,0.0325,4.05875
DM-13-06-03-04,2026-09-01,0.060000000000000005,4.079999999999999
DM-13-06-04-01,2026-08-26,2.2323958333333334,3.0120833333333334
DM-13-06-04-01,2026-08-27,2.3470833333333334,3.0185416666666662
DM-13-06-04-01,2026-08-28,2.6939583333333332,3.0038541666666667
DM-13-06-04-01,2026-08-29,6.507708333333333,2.893125
DM-13-06-04-01,2026-08-30,22.709791666666664,2.7624999999999997
DM-13-06-04-01,2026-08-31,37.36020833333333,3.053854166666667
DM-13-06-04-01,2026-09-01,39.33510416666667,3.0518750000000003
DM-13-06-04-02,2026-08-26,238.39166666666665,3.9929166666666664
DM-13-06-04-02,2026-08-27,235.42458333333332,3.9415625
DM-13-06-04-02,2026-08-28,241.95208333333335,3.9953125000000003
DM-13-06-04-02,2026-08-29,251.104375,4.029895833333334
DM-13-06-04-02,2026-08-30,257.463125,3.914895833333333
DM-13-06-04-02,2026-08-31,243.58395833333336,3.989895833333333
DM-13-06-04-02,2026-09-01,248.61406250000002,3.9973958333333335
DM-13-06-04-03,2026-08-26,12.76375,3.8473958333333336
DM-13-06-04-03,2026-08-27,12.687708333333333,3.851354166666667
DM-13-06-04-03,2026-08-28,10.965729166666668,3.825833333333333
DM-13-06-04-03,2026-08-29,12.788020833333334,3.9960416666666667
DM-13-06-04-03,2026-08-30,13.362812499999999,3.8134374999999996
DM-13-06-04-03,2026-08-31,12.664583333333333,3.8322916666666664
DM-13-06-04-03,2026-09-01,12.4121875,3.8340625
DM-13-06-04-04,2026-08-26,75.87354166666667,3.380520833333333
DM-13-06-04-04,2026-08-27,73.21385416666666,3.3384375
DM-13-06-04-04,2026-08-28,76.80520833333334,3.3991666666666664
DM-13-06-04-04,2026-08-29,80.545,3.5060416666666665
DM-13-06-04-04,2026-08-30,82.05239583333334,3.4657291666666663
DM-13-06-04-04,2026-08-31,75.07395833333334,3.3937500000000003
DM-13-06-04-04,2026-09-01,79.04583333333333,3.3971875
DM-13-06-05-01,2026-08-26,25.0990625,0.01
DM-13-06-05-01,2026-08-27,25.0990625,0.01
DM-13-06-05-01,2026-08-28,25.0990625,0.01
DM-13-06-05-01,2026-08-29,6.746145833333333,0.07760416666666667
DM-13-06-05-01,2026-08-30,9.055104166666666,0.21208333333333332
DM-13-06-05-01,2026-08-31,24.919166666666666,0.01
DM-13-06-05-01,2026-09-01,25.0990625,0.01
DM-13-06-05-02,2026-08-26,0.0,2.6015625
DM-13-06-05-02,2026-08-27,0.0,2.6015625
DM-13-06-05-02,2026-08-28,0.0,2.6015625
DM-13-06-05-02,2026-08-29,0.0,2.6380208333333335
DM-13-06-05-02,2026-08-30,0.0,2.6365625
DM-13-06-05-02,2026-08-31,0.0,2.6015625
DM-13-06-05-02,2026-09-01,0.0,2.6015625
DM-13-06-05-03,2026-08-26,143.83864583333335,4.912604166666667
DM-13-06-05-03,2026-08-27,140.63375,4.787604166666667
DM-13-06-05-03,2026-08-28,147.21812500000001,4.603854166666667
DM-13-06-05-03,2026-08-29,152.71989583333334,4.828541666666667
DM-13-06-05-03,2026-08-30,154.09937499999998,4.735729166666666
DM-13-06-05-03,2026-08-31,140.15427083333333,4.617916666666667
DM-13-06-05-03,2026-09-01,150.24531249999998,4.590625
DM-13-07-01-01,2026-08-26,94.72333333333334,4.0886458333333335
DM-13-07-01-01,2026-08-27,90.51489583333334,4.1769791666666665
DM-13-07-01-01,2026-08-28,97.866875,4.2039583333333335
DM-13-07-01-01,2026-08-29,90.05677083333335,3.0640625
DM-13-07-01-01,2026-08-30,85.84927083333334,3.2624999999999997
DM-13-07-01-01,2026-08-31,96.00156249999999,4.271770833333333
DM-13-07-01-01,2026-09-01,91.34156250000001,4.245
DM-13-07-01-02,2026-08-26,118.68739583333333,3.288020833333333
DM-13-07-01-02,2026-08-27,121.95208333333333,3.29875
DM-13-07-01-02,2026-08-28,119.38395833333334,3.3165625
DM-13-07-01-02,2026-08-29,114.53479166666666,3.656041666666667
DM-13-07-01-02,2026-08-30,113.16395833333333,3.5030208333333337
DM-13-07-01-02,2026-08-31,116.4590625,3.4109374999999997
DM-13-07-01-02,2026-09-01,112.55895833333334,3.4028125
DM-13-07-01-03,2026-08-26,179.485,4.0784375
DM-13-07-01-03,2026-08-27,179.43572916666668,4.148958333333334
DM-13-07-01-03,2026-08-28,173.11968750000003,4.217708333333333
DM-13-07-01-03,2026-08-29,180.0821875,4.5853125
DM-13-07-01-03,2026-08-30,176.36822916666665,4.4015625
DM-13-07-01-03,2026-08-31,173.83541666666667,4.273854166666667
DM-13-07-01-03,2026-09-01,172.58197916666666,4.2456249999999995
DM-13-07-01-04,2026-08-26,190.10635416666665,3.774479166666667
DM-13-07-01-04,2026-08-27,197.36895833333332,3.7988541666666666
DM-13-07-01-04,2026-08-28,195.60010416666668,3.8103125
DM-13-07-01-04,2026-08-29,198.30166666666665,4.156354166666667
DM-13-07-01-04,2026-08-30,192.68677083333333,3.9798958333333334
DM-13-07-01-04,2026-08-31,191.70281250000002,3.8825000000000003
DM-13-07-01-04,2026-09-01,187.08322916666668,3.875625
DM-13-07-02-01,2026-08-26,174.3040625,3.0423958333333334
DM-13-07-02-01,2026-08-27,177.11385416666667,3.060625
DM-13-07-02-01,2026-08-28,176.06770833333334,3.0442708333333335
DM-13-07-02-01,2026-08-29,181.7015625,3.2357291666666668
DM-13-07-02-01,2026-08-30,177.90833333333333,3.1248958333333334
DM-13-07-02-01,2026-08-31,178.510625,3.1146875
DM-13-07-02-01,2026-09-01,173.145625,3.1107291666666668
DM-13-07-02-02,2026-08-26,69.20302083333333,2.4533333333333336
DM-13-07-02-02,2026-08-27,69.20302083333333,2.4533333333333336
DM-13-07-02-02,2026-08-28,69.20302083333333,2.4533333333333336
DM-13-07-02-02,2026-08-29,68.1309375,2.5059375
DM-13-07-02-02,2026-08-30,67.856875,2.470833333333333
DM-13-07-02-02,2026-08-31,69.20302083333333,2.4533333333333336
DM-13-07-02-02,2026-09-01,69.20302083333333,2.4533333333333336
DM-13-07-03-01,2026-08-26,87.87906249999999,2.4916666666666667
DM-13-07-03-01,2026-08-27,86.91895833333332,2.4656249999999997
DM-13-07-03-01,2026-08-28,88.49614583333333,2.4765625
DM-13-07-03-01,2026-08-29,88.8959375,2.4336458333333333
DM-13-07-03-01,2026-08-30,89.12833333333333,2.3544791666666667
DM-13-07-03-01,2026-08-31,87.47874999999999,2.5217708333333335
DM-13-07-03-01,2026-09-01,86.915,2.5490625000000002
DM-13-07-03-02,2026-08-26,114.37364583333334,3.1547916666666667
DM-13-07-03-02,2026-08-27,116.00166666666667,3.1652083333333336
DM-13-07-03-02,2026-08-28,117.6103125,3.1445833333333333
DM-13-07-03-02,2026-08-29,125.9921875,3.318229166666667
DM-13-07-03-02,2026-08-30,120.88302083333333,3.220416666666667
DM-13-07-03-02,2026-08-31,118.13635416666666,3.2145833333333336
DM-13-07-03-02,2026-09-01,118.74520833333334,3.19375
DM-13-07-03-03,2026-08-26,116.90489583333334,3.5728125
DM-13-07-03-03,2026-08-27,116.90489583333334,3.5728125
DM-13-07-03-03,2026-08-28,116.90489583333334,3.5728125
DM-13-07-03-03,2026-08-29,114.19229166666666,3.5404166666666668
DM-13-07-03-03,2026-08-30,114.0853125,3.5377083333333332
DM-13-07-03-03,2026-08-31,116.90489583333334,3.5728125
DM-13-07-03-03,2026-09-01,116.90489583333334,3.5728125
DM-13-07-04-01,2026-08-26,173.71270833333332,3.6841666666666666
DM-13-07-04-01,2026-08-27,177.03114583333334,3.713020833333333
DM-13-07-04-01,2026-08-28,177.9466666666667,3.714375
DM-13-07-04-01,2026-08-29,190.5192708333333,3.9637499999999997
DM-13-07-04-01,2026-08-30,185.77958333333333,3.8155208333333337
DM-13-07-04-01,2026-08-31,176.91125,3.7811458333333334
DM-13-07-04-01,2026-09-01,174.5709375,3.7740625
DM-13-07-04-02,2026-08-26,66.67375,3.0429166666666667
DM-13-07-04-02,2026-08-27,67.99958333333333,3.0503125
DM-13-07-04-02,2026-08-28,68.19166666666666,3.039895833333333
DM-13-07-04-02,2026-08-29,67.73114583333333,3.2178125000000004
DM-13-07-04-02,2026-08-30,69.97916666666667,3.1145833333333335
DM-13-07-04-02,2026-08-31,66.47489583333333,3.1122916666666662
DM-13-07-04-02,2026-09-01,65.08020833333333,3.1115625
DM-13-07-04-03,2026-08-26,109.57541666666667,2.4686458333333334
DM-13-07-04-03,2026-08-27,110.40781249999999,2.443020833333333
DM-13-07-04-03,2026-08-28,108.09729166666666,2.4683333333333333
DM-13-07-04-03,2026-08-29,117.64927083333333,2.4961458333333333
DM-13-07-04-03,2026-08-30,114.44229166666666,2.3884374999999998
DM-13-07-04-03,2026-08-31,107.14958333333334,2.5439583333333333
DM-13-07-04-03,2026-09-01,107.725625,2.5345833333333334
DM-13-07-04-04,2026-08-26,177.0,3.3334375
DM-13-07-04-04,2026-08-27,180.27374999999998,3.3589583333333333
DM-13-07-04-04,2026-08-28,179.36739583333335,3.341041666666667
DM-13-07-04-04,2026-08-29,179.31135416666666,3.5362500000000003
DM-13-07-04-04,2026-08-30,179.15093750000003,3.4194791666666666
DM-13-07-04-04,2026-08-31,179.23791666666668,3.4086458333333334
DM-13-07-04-04,2026-09-01,176.8814583333333,3.3978125
DM-13-07-05-01,2026-08-26,179.75010416666666,4.4158333333333335
DM-13-07-05-01,2026-08-27,184.52302083333333,4.456979166666667
DM-13-07-05-01,2026-08-28,183.6632291666667,4.471875
DM-13-07-05-01,2026-08-29,194.47541666666666,4.693958333333334
DM-13-07-05-01,2026-08-30,189.739375,4.5356250000000005
DM-13-07-05-01,2026-08-31,183.59625000000003,4.5171874999999995
DM-13-07-05-01,2026-09-01,182.4359375,4.4750000000000005
DM-13-07-05-02,2026-08-26,27.437291666666667,3.228645833333333
DM-13-07-05-02,2026-08-27,30.1065625,3.2393750000000003
DM-13-07-05-02,2026-08-28,31.290208333333336,3.258645833333333
DM-13-07-05-02,2026-08-29,51.737500000000004,3.499791666666667
DM-13-07-05-02,2026-08-30,48.16822916666666,3.3510416666666667
DM-13-07-05-02,2026-08-31,29.911458333333332,3.3249999999999997
DM-13-07-05-02,2026-09-01,29.751770833333335,3.300625
DM-13-07-05-03,2026-08-26,519.0372916666666,6.061041666666667
DM-13-07-05-03,2026-08-27,516.4629166666667,6.033333333333334
DM-13-07-05-03,2026-08-28,523.9680208333333,6.137083333333333
DM-13-07-05-03,2026-08-29,513.5979166666667,6.042708333333334
DM-13-07-05-03,2026-08-30,506.05187500000005,5.9042708333333325
DM-13-07-05-03,2026-08-31,516.5005208333333,6.106354166666667
DM-13-07-05-03,2026-09-01,509.45156249999997,5.985833333333333
DM-13-07-06-01,2026-08-26,269.780625,2.7720833333333332
DM-13-07-06-01,2026-08-27,266.88718750000004,2.75125
DM-13-07-06-01,2026-08-28,272.2546875,2.7703124999999997
DM-13-07-06-01,2026-08-29,280.50375,2.8534375
DM-13-07-06-01,2026-08-30,277.5757291666667,2.7857291666666666
DM-13-07-06-01,2026-08-31,272.9817708333333,2.7696875
DM-13-07-06-01,2026-09-01,273.74135416666667,2.7708333333333335
DM-13-07-06-02,2026-08-26,130.72489583333333,3.0395833333333333
DM-13-07-06-02,2026-08-27,131.50322916666667,3.0357291666666666
DM-13-07-06-02,2026-08-28,129.41666666666666,3.0228125
DM-13-07-06-02,2026-08-29,107.89979166666666,2.955833333333333
DM-13-07-06-02,2026-08-30,78.68781249999999,2.8991666666666664
DM-13-07-06-02,2026-08-31,49.66322916666667,2.8646875
DM-13-07-06-02,2026-09-01,51.747187499999995,2.872708333333333
DM-13-07-06-03,2026-08-26,130.0896875,3.021875
DM-13-07-06-03,2026-08-27,133.9453125,3.0238541666666667
DM-13-07-06-03,2026-08-28,128.60260416666668,3.010104166666667
DM-13-07-06-03,2026-08-29,156.64416666666668,2.9526041666666667
DM-13-07-06-03,2026-08-30,169.00718750000001,2.951041666666667
DM-13-07-06-03,2026-08-31,180.09364583333334,2.9609375
DM-13-07-06-03,2026-09-01,176.10489583333333,2.9534374999999997
DM-13-07-07-01,2026-08-26,111.73510416666666,2.088229166666667
DM-13-07-07-01,2026-08-27,111.98927083333332,2.0640625
DM-13-07-07-01,2026-08-28,112.23291666666667,2.0655208333333333
DM-13-07-07-01,2026-08-29,126.95145833333333,2.0812500000000003
DM-13-07-07-01,2026-08-30,121.26822916666667,1.9989583333333334
DM-13-07-07-01,2026-08-31,112.80541666666666,2.1467708333333335
DM-13-07-07-01,2026-09-01,110.11364583333334,2.1614583333333335
DM-13-07-07-02,2026-08-26,95.69041666666668,2.4776041666666666
DM-13-07-07-02,2026-08-27,95.5346875,2.450625
DM-13-07-07-02,2026-08-28,96.4784375,2.4661458333333335
DM-13-07-07-02,2026-08-29,97.9378125,2.4066666666666667
DM-13-07-07-02,2026-08-30,98.87895833333333,2.333229166666667
DM-13-07-07-02,2026-08-31,94.60000000000001,2.5100000000000002
DM-13-07-07-02,2026-09-01,94.31489583333332,2.5325
DM-13-07-07-03,2026-08-26,75.37552083333334,2.0509375
DM-13-07-07-03,2026-08-27,76.12979166666666,2.0343750000000003
DM-13-07-07-03,2026-08-28,76.7009375,2.0361458333333333
DM-13-07-07-03,2026-08-29,76.03916666666667,2.0190625
DM-13-07-07-03,2026-08-30,75.58760416666667,1.9317708333333332
DM-13-07-07-03,2026-08-31,77.95322916666667,2.12
DM-13-07-07-03,2026-09-01,75.69010416666667,2.1317708333333334
DM-13-07-07-04,2026-08-26,94.82989583333334,2.2120833333333336
DM-13-07-07-04,2026-08-27,95.40145833333334,2.2092708333333335
DM-13-07-07-04,2026-08-28,94.5303125,2.2027083333333333
DM-13-07-07-04,2026-08-29,88.55125,2.160416666666667
DM-13-07-07-04,2026-08-30,106.2215625,2.2171875
DM-13-07-07-04,2026-08-31,99.82552083333333,2.3397916666666667
DM-13-07-07-04,2026-09-01,98.2765625,2.3394791666666666
DM-13-07-07-05,2026-08-26,922.1623958333333,5.129791666666667
DM-13-07-07-05,2026-08-27,926.5304166666666,5.092083333333333
DM-13-07-07-05,2026-08-28,926.5304166666666,5.211458333333334
DM-13-07-07-05,2026-08-29,922.7110416666666,5.1606250000000005
DM-13-07-07-05,2026-08-30,910.3534374999999,4.3888541666666665
DM-13-07-07-05,2026-08-31,926.5304166666666,5.110729166666666
DM-13-07-07-05,2026-09-01,923.5945833333334,5.0043750000000005
DM-13-07-07-06,2026-08-26,43.95166666666666,1.8573958333333334
DM-13-07-07-06,2026-08-27,44.096562500000005,1.83875
DM-13-07-07-06,2026-08-28,44.17104166666667,1.8421874999999999
DM-13-07-07-06,2026-08-29,46.37604166666667,1.81125
DM-13-07-07-06,2026-08-30,46.133125,1.7280208333333331
DM-13-07-07-06,2026-08-31,43.89010416666667,1.9107291666666668
DM-13-07-07-06,2026-09-01,43.563229166666666,1.9310416666666665
DM-14-05-01-02,2026-08-26,293.0697916666667,4.5525
DM-14-05-01-02,2026-08-27,292.5509375,4.534895833333334
DM-14-05-01-02,2026-08-28,289.0684375,4.584479166666667
DM-14-05-01-02,2026-08-29,293.14760416666667,4.8946875
DM-14-05-01-02,2026-08-30,293.14760416666667,4.8946875
DM-14-05-01-02,2026-08-31,281.0991666666667,4.341875
DM-14-05-01-02,2026-09-01,282.1073958333333,4.240729166666667
DM-14-05-02-01,2026-08-26,314.9741666666667,6.071458333333333
DM-14-05-02-01,2026-08-27,312.536875,6.0808333333333335
DM-14-05-02-01,2026-08-28,315.20645833333333,6.126354166666666
DM-14-05-02-01,2026-08-29,343.34531250000003,6.644895833333333
DM-14-05-02-01,2026-08-30,343.34531250000003,6.644895833333333
DM-14-05-02-01,2026-08-31,301.33427083333333,5.767499999999999
DM-14-05-02-01,2026-09-01,301.13572916666664,5.7285416666666675
DM-14-05-03-01,2026-08-26,137.24083333333334,5.887395833333333
DM-14-05-03-01,2026-08-27,134.32291666666666,5.924270833333334
DM-14-05-03-01,2026-08-28,136.76125,5.972083333333334
DM-14-05-03-01,2026-08-29,140.89885416666667,6.203125
DM-14-05-03-01,2026-08-30,141.31489583333334,6.246979166666667
DM-14-05-03-01,2026-08-31,133.61125,5.7508333333333335
DM-14-05-03-01,2026-09-01,132.62708333333333,5.769479166666667
DM-14-05-05-01,2026-08-26,100.30479166666667,6.963541666666667
DM-14-05-05-01,2026-08-27,149.04697916666666,6.9678125
DM-14-05-05-01,2026-08-28,201.4475,7.034479166666666
DM-14-05-05-01,2026-08-29,204.38593749999998,7.306979166666667
DM-14-05-05-01,2026-08-30,211.13979166666664,7.325937499999999
DM-14-05-05-01,2026-08-31,204.44635416666665,6.7621875
DM-14-05-05-01,2026-09-01,224.45552083333334,6.6781250000000005
DM-14-05-06-01,2026-08-26,308.81604166666665,12.350208333333333
DM-14-05-06-01,2026-08-27,308.81604166666665,12.350208333333333
DM-14-05-06-01,2026-08-28,308.81604166666665,12.350208333333333
DM-14-05-06-01,2026-08-29,303.3475,12.745416666666666
DM-14-05-06-01,2026-08-30,303.3475,12.748020833333333
DM-14-05-06-01,2026-08-31,277.97041666666667,12.532291666666666
DM-14-05-06-01,2026-09-01,278.4372916666667,12.609895833333333
DM-14-05-06-02,2026-08-26,165.42302083333334,10.305208333333333
DM-14-05-06-02,2026-08-27,166.17802083333333,10.293958333333334
DM-14-05-06-02,2026-08-28,166.51802083333334,10.257708333333333
DM-14-05-06-02,2026-08-29,154.59322916666667,10.568541666666667
DM-14-05-06-02,2026-08-30,150.92635416666667,10.5925
DM-14-05-06-02,2026-08-31,151.87885416666668,10.392083333333334
DM-14-05-06-02,2026-09-01,154.44083333333333,10.4259375
DM-14-05-07-01,2026-08-26,295.7728125,5.8346875
DM-14-05-07-01,2026-08-27,293.09447916666664,5.873958333333333
DM-14-05-07-01,2026-08-28,289.29854166666667,5.945833333333333
DM-14-05-07-01,2026-08-29,300.90458333333333,6.211979166666667
DM-14-05-07-01,2026-08-30,301.08468750000003,6.243229166666667
DM-14-05-07-01,2026-08-31,282.6594791666667,5.736979166666667
DM-14-05-07-01,2026-09-01,281.98333333333335,5.724374999999999
DM-14-06-01-01,2026-08-26,88.84020833333334,4.5134375
DM-14-06-01-01,2026-08-27,89.11677083333332,4.528854166666666
DM-14-06-01-01,2026-08-28,89.25854166666666,4.548541666666667
DM-14-06-01-01,2026-08-29,93.0028125,4.708020833333333
DM-14-06-01-01,2026-08-30,93.0028125,4.708020833333333
DM-14-06-01-01,2026-08-31,85.43958333333335,4.580208333333333
DM-14-06-01-01,2026-09-01,85.81791666666668,4.5910416666666665
DM-14-06-01-02,2026-08-26,44.92791666666667,4.436875
DM-14-06-01-02,2026-08-27,45.879895833333336,4.438125
DM-14-06-01-02,2026-08-28,44.330729166666664,4.4753125
DM-14-06-01-02,2026-08-29,45.33645833333333,4.6584375
DM-14-06-01-02,2026-08-30,45.33645833333333,4.6584375
DM-14-06-01-02,2026-08-31,46.342083333333335,4.463854166666667
DM-14-06-01-02,2026-09-01,45.54291666666666,4.476145833333333
DM-14-06-02-02,2026-08-26,190.7203125,0.07666666666666667
DM-14-06-02-02,2026-08-27,189.78135416666666,0.0775
DM-14-06-02-02,2026-08-28,191.7415625,0.076875
DM-14-06-02-02,2026-08-29,190.0432291666667,0.07187500000000001
DM-14-06-02-02,2026-08-30,190.71791666666664,0.07312500000000001
DM-14-06-02-02,2026-08-31,187.75604166666668,0.07239583333333334
DM-14-06-02-02,2026-09-01,187.50291666666666,0.07177083333333334
DM-14-06-03-01,2026-08-26,93.8990625,3.7801041666666664
DM-14-06-03-01,2026-08-27,95.90572916666667,3.97125
DM-14-06-03-01,2026-08-28,93.99958333333332,4.034270833333333
DM-14-06-03-01,2026-08-29,98.1359375,4.136875
DM-14-06-03-01,2026-08-30,98.65895833333333,4.131145833333333
DM-14-06-03-01,2026-08-31,88.5184375,3.977395833333333
DM-14-06-03-01,2026-09-01,88.96395833333334,4.0851041666666665
DM-14-06-04-01,2026-08-26,148.5328125,3.9234375
DM-14-06-04-01,2026-08-27,148.34552083333332,3.9467708333333333
DM-14-06-04-01,2026-08-28,149.77375,3.978229166666667
DM-14-06-04-01,2026-08-29,161.49687500000002,4.089791666666667
DM-14-06-04-01,2026-08-30,163.495,4.1066666666666665
DM-14-06-04-01,2026-08-31,155.32166666666666,3.9428125
DM-14-06-04-01,2026-09-01,157.1771875,3.9456249999999997
DM-14-06-04-02,2026-08-26,129.75302083333335,2.9814583333333338
DM-14-06-04-02,2026-08-27,122.71718750000001,3.0997916666666665
DM-14-06-04-02,2026-08-28,127.02562499999999,3.101354166666667
DM-14-06-04-02,2026-08-29,124.359375,3.2934375
DM-14-06-04-02,2026-08-30,116.32656250000001,3.4376041666666666
DM-14-06-04-02,2026-08-31,120.75979166666667,3.1929166666666666
DM-14-06-04-02,2026-09-01,119.9225,3.2090625
DM-14-06-04-03,2026-08-26,150.60729166666667,3.4642708333333334
DM-14-06-04-03,2026-08-27,142.77510416666667,3.5028124999999997
DM-14-06-04-03,2026-08-28,142.095,3.494479166666667
DM-14-06-04-03,2026-08-29,142.86916666666667,3.6354166666666665
DM-14-06-04-03,2026-08-30,142.86916666666667,3.6354166666666665
DM-14-06-04-03,2026-08-31,122.5703125,3.6698958333333334
DM-14-06-04-03,2026-09-01,119.96458333333334,3.6934375
DM-14-06-04-04,2026-08-26,166.15822916666667,4.316979166666667
DM-14-06-04-04,2026-08-27,166.15822916666667,4.316979166666667
DM-14-06-04-04,2026-08-28,166.15822916666667,4.316979166666667
DM-14-06-04-04,2026-08-29,163.20770833333333,4.386354166666666
DM-14-06-04-04,2026-08-30,163.03697916666667,4.3659375
DM-14-06-04-04,2026-08-31,166.15822916666667,4.316979166666667
DM-14-06-04-04,2026-09-01,166.15822916666667,4.316979166666667
DM-14-06-05-01,2026-08-26,139.26239583333333,5.2103125
DM-14-06-05-01,2026-08-27,142.78520833333332,5.489583333333333
DM-14-06-05-01,2026-08-28,147.90239583333332,5.5578125
DM-14-06-05-01,2026-08-29,150.7059375,5.629791666666667
DM-14-06-05-01,2026-08-30,150.31666666666666,5.534583333333334
DM-14-06-05-01,2026-08-31,139.81729166666665,5.530208333333333
DM-14-06-05-01,2026-09-01,140.17770833333333,5.708749999999999
DM-14-06-06-01,2026-08-26,0.0,4.221145833333334
DM-14-06-06-01,2026-08-27,0.0,4.221145833333334
DM-14-06-06-01,2026-08-28,0.0,4.221145833333334
DM-14-06-06-01,2026-08-29,0.0,4.291458333333334
DM-14-06-06-01,2026-08-30,0.0,4.388333333333334
DM-14-06-06-01,2026-08-31,0.0,4.146145833333333
DM-14-06-06-01,2026-09-01,0.0,4.20875
DM-14-06-06-02,2026-08-26,109.82604166666665,3.9250000000000003
DM-14-06-06-02,2026-08-27,113.47541666666666,4.082708333333334
DM-14-06-06-02,2026-08-28,112.02864583333333,4.051145833333334
DM-14-06-06-02,2026-08-29,120.9971875,4.190625
DM-14-06-06-02,2026-08-30,121.030625,4.189166666666667
DM-14-06-06-02,2026-08-31,109.69239583333332,4.13875
DM-14-06-06-02,2026-09-01,110.79395833333332,4.2527083333333335
DM-14-07-01-01,2026-08-26,7.369479166666667,3.602395833333333
DM-14-07-01-01,2026-08-27,1.9147916666666667,3.7304166666666667
DM-14-07-01-01,2026-08-28,3.919375,3.7667708333333336
DM-14-07-01-01,2026-08-29,3.988645833333333,3.61875
DM-14-07-01-01,2026-08-30,0.0,3.6298958333333338
DM-14-07-01-01,2026-08-31,2.4313541666666665,3.979270833333333
DM-14-07-01-01,2026-09-01,4.1646875,3.956875
DM-14-07-01-02,2026-08-26,49.75572916666667,3.1777083333333334
DM-14-07-01-02,2026-08-27,50.40416666666667,3.210104166666667
DM-14-07-01-02,2026-08-28,50.088750000000005,3.2325
DM-14-07-01-02,2026-08-29,51.38427083333334,3.349479166666667
DM-14-07-01-02,2026-08-30,51.38427083333334,3.349479166666667
DM-14-07-01-02,2026-08-31,56.33447916666666,3.2919791666666662
DM-14-07-01-02,2026-09-01,52.02552083333333,3.3027083333333334
DM-14-07-01-03,2026-08-26,59.051874999999995,3.4984375
DM-14-07-01-03,2026-08-27,59.76166666666666,3.688125
DM-14-07-01-03,2026-08-28,60.11833333333333,3.838020833333333
DM-14-07-01-03,2026-08-29,57.519375,3.723125
DM-14-07-01-03,2026-08-30,57.519375,3.7241666666666666
DM-14-07-01-03,2026-08-31,60.50510416666666,3.840520833333333
DM-14-07-01-03,2026-09-01,62.92697916666666,3.823541666666667
DM-14-07-02-01,2026-08-26,117.84416666666665,3.460729166666667
DM-14-07-02-01,2026-08-27,113.200625,3.591875
DM-14-07-02-01,2026-08-28,115.78750000000001,3.6440625
DM-14-07-02-01,2026-08-29,119.06812500000001,3.452291666666667
DM-14-07-02-01,2026-08-30,122.40947916666666,3.4532291666666666
DM-14-07-02-01,2026-08-31,105.6715625,3.8771875
DM-14-07-02-01,2026-09-01,94.96875,3.9097916666666666
DM-14-07-02-02,2026-08-26,0.4454166666666666,3.8247916666666666
DM-14-07-02-02,2026-08-27,0.4439583333333333,3.7903125
DM-14-07-02-02,2026-08-28,0.44593750000000004,3.7116666666666664
DM-14-07-02-02,2026-08-29,0.4583333333333333,3.693125
DM-14-07-02-02,2026-08-30,0.4496875,3.7391666666666663
DM-14-07-02-02,2026-08-31,0.4584375,3.7211458333333334
DM-14-07-02-02,2026-09-01,0.45239583333333333,3.7076041666666666
DM-14-07-03-01,2026-08-26,91.98666666666666,3.0014583333333333
DM-14-07-03-01,2026-08-27,92.69906250000001,3.122916666666667
DM-14-07-03-01,2026-08-28,93.20885416666665,3.1728124999999996
DM-14-07-03-01,2026-08-29,93.07156250000001,2.990104166666667
DM-14-07-03-01,2026-08-30,93.71,2.9825
DM-14-07-03-01,2026-08-31,91.3403125,3.3936458333333337
DM-14-07-03-01,2026-09-01,90.46083333333333,3.393333333333333
DM-14-07-03-02,2026-08-26,117.128125,2.7103125
DM-14-07-03-02,2026-08-27,112.65499999999999,2.8489583333333335
DM-14-07-03-02,2026-08-28,114.44583333333333,3.0375
DM-14-07-03-02,2026-08-29,97.65249999999999,2.9495833333333334
DM-14-07-03-02,2026-08-30,97.65249999999999,2.9495833333333334
DM-14-07-03-02,2026-08-31,109.01041666666667,3.1604166666666664
DM-14-07-03-02,2026-09-01,117.89104166666668,3.1694791666666666
DM-14-07-03-03,2026-08-26,500.0,10.210625
DM-14-07-03-03,2026-08-27,500.0,10.1328125
DM-14-07-03-03,2026-08-28,500.0,10.1946875
DM-14-07-03-03,2026-08-29,500.0,10.987708333333332
DM-14-07-03-03,2026-08-30,500.0,10.933124999999999
DM-14-07-03-03,2026-08-31,500.0,10.2425
DM-14-07-03-03,2026-09-01,500.0,10.177083333333334
DM-14-07-03-04,2026-08-26,102.8465625,2.3775
DM-14-07-03-04,2026-08-27,102.44020833333333,2.5001041666666666
DM-14-07-03-04,2026-08-28,102.9471875,2.6446875
DM-14-07-03-04,2026-08-29,78.96791666666667,2.4389583333333333
DM-14-07-03-04,2026-08-30,78.9159375,2.4389583333333333
DM-14-07-03-04,2026-08-31,91.59229166666667,2.8197916666666667
DM-14-07-03-04,2026-09-01,104.96354166666667,2.9013541666666662
DM-14-07-04-01,2026-08-26,271.81406250000003,2.792291666666667
DM-14-07-04-01,2026-08-27,260.6722916666667,2.8721875000000003
DM-14-07-04-01,2026-08-28,273.70625,3.1366666666666667
DM-14-07-04-01,2026-08-29,263.0004166666667,3.060625
DM-14-07-04-01,2026-08-30,263.0004166666667,3.060625
DM-14-07-04-01,2026-08-31,265.663125,3.19125
DM-14-07-04-01,2026-09-01,271.45927083333333,3.161875
DM-14-07-05-01,2026-08-26,174.2955208333333,3.1346875
DM-14-07-05-01,2026-08-27,174.23322916666666,3.330416666666667
DM-14-07-05-01,2026-08-28,173.51270833333334,3.478854166666667
DM-14-07-05-01,2026-08-29,165.32760416666667,3.3520833333333333
DM-14-07-05-01,2026-08-30,165.32760416666667,3.353229166666667
DM-14-07-05-01,2026-08-31,178.3996875,3.4985416666666667
DM-14-07-05-01,2026-09-01,177.13020833333334,3.4916666666666667
DM-14-07-06-01,2026-08-26,0.0,4.231041666666667
DM-14-07-06-01,2026-08-27,0.0,3.896354166666667
DM-14-07-06-01,2026-08-28,0.0,4.185625
DM-14-07-06-01,2026-08-29,0.0,4.592395833333334
DM-14-07-06-01,2026-08-30,0.0,4.6103125
DM-14-07-06-01,2026-08-31,0.0,4.4383333333333335
DM-14-07-06-01,2026-09-01,0.0,4.438645833333333
DM-14-07-06-02,2026-08-29,43.839,6.601571428571429
DM-14-07-06-02,2026-08-30,37.51173913043478,6.608695652173913
DM-14-07-07-01,2026-08-26,213.12239583333334,5.746979166666667
DM-14-07-07-01,2026-08-27,125.08135416666666,6.585625
DM-14-07-07-01,2026-08-28,209.66739583333333,5.687395833333333
DM-14-07-07-01,2026-08-29,217.46395833333335,6.002604166666667
DM-14-07-07-01,2026-08-30,217.58906249999998,6.0221875
DM-14-07-07-01,2026-08-31,203.83104166666666,5.709270833333334
DM-14-07-07-01,2026-09-01,204.79895833333333,5.731458333333333
DM-14-07-07-02,2026-08-26,254.10260416666665,2.879375
DM-14-07-07-02,2026-08-27,254.10260416666665,2.879375
DM-14-07-07-02,2026-08-28,254.10260416666665,2.879375
DM-14-07-07-02,2026-08-29,273.188125,2.6303125
DM-14-07-07-02,2026-08-30,269.4457291666667,2.6488541666666667
DM-14-07-07-02,2026-08-31,254.10260416666665,2.879375
DM-14-07-07-02,2026-09-01,254.10260416666665,2.879375
DM-14-07-08-01,2026-08-26,0.0,5.117604166666667
DM-14-07-08-01,2026-08-27,0.0,5.171562499999999
DM-14-07-08-01,2026-08-28,0.0,5.3909375
DM-14-07-08-01,2026-08-29,0.0,5.3769791666666675
DM-14-07-08-01,2026-08-30,0.0,5.3769791666666675
DM-14-07-08-01,2026-08-31,0.0,7.253645833333334
DM-14-07-08-01,2026-09-01,0.0,7.455520833333334
DM-14-07-10-01,2026-08-26,30.036875,2.824895833333333
DM-14-07-10-01,2026-08-27,29.941354166666667,2.956875
DM-14-07-10-01,2026-08-28,30.165000000000003,3.0157291666666666
DM-14-07-10-01,2026-08-29,29.4659375,2.811666666666667
DM-14-07-10-01,2026-08-30,28.715416666666666,2.813541666666667
DM-14-07-10-01,2026-08-31,30.830624999999998,3.2382291666666667
DM-14-07-10-01,2026-09-01,35.55979166666666,3.240520833333333
DM-14-09-01-01,2026-08-26,185.10354166666664,12.2328125
DM-14-09-01-01,2026-08-27,176.93416666666667,11.855104166666665
DM-14-09-01-01,2026-08-28,184.37958333333333,11.436875
DM-14-09-01-01,2026-08-29,188.713125,11.312916666666666
DM-14-09-01-01,2026-08-30,188.713125,11.312916666666666
DM-14-09-01-01,2026-08-31,183.239375,12.401666666666666
DM-14-09-01-01,2026-09-01,182.11208333333332,12.498020833333333
DM-14-09-02-01,2026-08-26,234.50895833333334,5.705625
DM-14-09-02-01,2026-08-27,260.75895833333334,5.541666666666667
DM-14-09-02-01,2026-08-28,295.5060416666667,5.343541666666667
DM-14-09-02-01,2026-08-29,321.87395833333335,5.334583333333334
DM-14-09-02-01,2026-08-30,321.87395833333335,5.334583333333334
DM-14-09-02-01,2026-08-31,289.65052083333336,5.356458333333333
DM-14-09-02-01,2026-09-01,289.73229166666664,5.3769791666666675
DM-14-09-02-02,2026-08-26,83.0971875,3.2465625
DM-14-09-02-02,2026-08-27,83.09406249999999,3.2986458333333335
DM-14-09-02-02,2026-08-28,85.61739583333333,3.326041666666667
DM-14-09-02-02,2026-08-29,98.59770833333333,3.2954166666666667
DM-14-09-02-02,2026-08-30,99.5615625,3.41625
DM-14-09-02-02,2026-08-31,84.57666666666667,3.351875
DM-14-09-02-02,2026-09-01,84.04854166666667,3.380729166666667
DM-14-09-02-03,2026-08-26,78.83989583333333,4.290520833333333
DM-14-09-02-03,2026-08-27,71.42385416666666,4.148229166666667
DM-14-09-02-03,2026-08-28,76.1184375,4.353541666666667
DM-14-09-02-03,2026-08-29,78.13208333333334,4.498958333333333
DM-14-09-02-03,2026-08-30,78.13208333333334,4.498958333333333
DM-14-09-02-03,2026-08-31,71.13729166666667,4.403125
DM-14-09-02-03,2026-09-01,69.8325,4.4059375
DM-14-09-02-04,2026-08-26,145.11875,6.025312499999999
DM-14-09-02-04,2026-08-27,148.5778125,6.072708333333334
DM-14-09-02-04,2026-08-28,140.46031250000001,6.2004166666666665
DM-14-09-02-04,2026-08-29,153.56635416666668,6.421875
DM-14-09-02-04,2026-08-30,152.80666666666667,6.421875
DM-14-09-02-04,2026-08-31,141.87541666666667,6.016354166666667
DM-14-09-02-04,2026-09-01,141.57114583333333,6.030104166666667
DM-14-09-03-01,2026-08-26,146.11656250000001,3.9129166666666664
DM-14-09-03-01,2026-08-27,144.2284375,3.9515625
DM-14-09-03-01,2026-08-28,148.17625,4.204166666666667
DM-14-09-03-01,2026-08-29,155.1446875,4.281458333333333
DM-14-09-03-01,2026-08-30,153.14697916666668,4.336354166666667
DM-14-09-03-01,2026-08-31,139.54218749999998,4.287708333333334
DM-14-09-03-01,2026-09-01,141.48020833333334,4.262395833333334
DM-14-10-01-01,2026-08-26,80.79979166666666,7.068229166666666
DM-14-10-01-01,2026-08-27,80.02145833333333,7.0801041666666675
DM-14-10-01-01,2026-08-28,79.71124999999999,7.119375000000001
DM-14-10-01-01,2026-08-29,83.07333333333334,7.55875
DM-14-10-01-01,2026-08-30,83.07333333333334,7.55875
DM-14-10-01-01,2026-08-31,81.90083333333332,6.846145833333334
DM-14-10-01-01,2026-09-01,80.18666666666667,6.82875
DM-14-10-02-01,2026-08-26,62.38947916666667,5.314791666666666
DM-14-10-02-01,2026-08-27,59.13739583333333,5.3769791666666675
DM-14-10-02-01,2026-08-28,61.32510416666667,5.353229166666666
DM-14-10-02-01,2026-08-29,64.14260416666666,5.475937500000001
DM-14-10-02-01,2026-08-30,64.14260416666666,5.475937500000001
DM-14-10-02-01,2026-08-31,54.61375,5.569375
DM-14-10-02-01,2026-09-01,57.88041666666667,5.378020833333333
DM-14-10-03-01,2026-08-26,67.21927083333334,1.3229166666666667
DM-14-10-03-01,2026-08-27,66.59229166666667,1.3213541666666666
DM-14-10-03-01,2026-08-28,67.16104166666666,1.33625
DM-14-10-03-01,2026-08-29,61.58541666666667,3.6838541666666664
DM-14-10-03-01,2026-08-30,64.23281250000001,7.028854166666666
DM-14-10-03-01,2026-08-31,71.04135416666666,6.4496875
DM-14-10-03-01,2026-09-01,77.1646875,6.426666666666667
DM-14-10-03-02,2026-08-26,92.53645833333333,0.06302083333333333
DM-14-10-03-02,2026-08-27,95.71270833333334,0.06229166666666667
DM-14-10-03-02,2026-08-28,96.24604166666667,0.06239583333333334
DM-14-10-03-02,2026-08-29,101.55229166666668,0.06177083333333333
DM-14-10-03-02,2026-08-30,98.51177083333333,0.05791666666666667
DM-14-10-03-02,2026-08-31,89.90052083333335,0.04875000000000001
DM-14-10-03-02,2026-09-01,92.10197916666668,0.030104166666666668
DM-14-10-04-02,2026-08-26,113.04,6.410416666666666
DM-14-10-04-02,2026-08-27,111.15083333333332,6.298020833333333
DM-14-10-04-02,2026-08-28,118.203125,6.4629166666666675
DM-14-10-04-02,2026-08-29,121.71895833333333,6.771249999999999
DM-14-10-04-02,2026-08-30,121.71895833333333,6.771249999999999
DM-14-10-04-02,2026-08-31,107.6146875,6.291666666666667
DM-14-10-04-02,2026-09-01,108.17614583333334,6.275416666666666
DM-14-10-05-01,2026-08-26,41.63135416666667,5.1066666666666665
DM-14-10-05-01,2026-08-27,41.055729166666666,5.113854166666667
DM-14-10-05-01,2026-08-28,33.64625,5.182083333333334
DM-14-10-05-01,2026-08-29,26.155729166666664,5.476145833333334
DM-14-10-05-01,2026-08-30,26.142083333333332,5.476145833333334
DM-14-10-05-01,2026-08-31,25.594375,5.123854166666667
DM-14-10-05-01,2026-09-01,28.9740625,5.1085416666666665
DM-14-10-05-02,2026-08-26,113.94020833333333,4.8950000000000005
DM-14-10-05-02,2026-08-27,113.6503125,4.903020833333334
DM-14-10-05-02,2026-08-28,115.69197916666667,4.949791666666667
DM-14-10-05-02,2026-08-29,115.7890625,5.221354166666667
DM-14-10-05-02,2026-08-30,116.31458333333335,5.2683333333333335
DM-14-10-05-02,2026-08-31,112.21083333333333,4.888333333333333
DM-14-10-05-02,2026-09-01,111.28416666666668,4.888645833333333
DM-14-10-06-01,2026-08-26,132.32427083333332,3.455
DM-14-10-06-01,2026-08-27,128.71385416666666,3.509895833333333
DM-14-10-06-01,2026-08-28,130.20489583333332,3.546041666666667
DM-14-10-06-01,2026-08-29,132.79166666666666,3.67625
DM-14-10-06-01,2026-08-30,132.1228125,3.7061458333333337
DM-14-10-06-01,2026-08-31,126.9015625,3.5589583333333334
DM-14-10-06-01,2026-09-01,127.76010416666666,3.557916666666667
DM-14-10-07-01,2026-08-26,49.89083333333334,4.407708333333333
DM-14-10-07-01,2026-08-27,49.599583333333335,2.45375
DM-14-10-07-01,2026-08-28,50.89395833333333,0.1084375
DM-14-10-07-01,2026-08-29,51.147708333333334,0.15583333333333335
DM-14-10-07-01,2026-08-30,48.029895833333335,0.21666666666666667
DM-14-10-07-01,2026-08-31,46.19802083333334,0.22302083333333333
DM-14-10-07-01,2026-09-01,48.09854166666667,0.2551041666666667
DM-14-10-07-02,2026-08-26,72.90979166666666,4.3374999999999995
DM-14-10-07-02,2026-08-27,72.90979166666666,4.3374999999999995
DM-14-10-07-02,2026-08-28,72.90979166666666,4.3374999999999995
DM-14-10-07-02,2026-08-29,73.82875,4.5086458333333335
DM-14-10-07-02,2026-08-30,73.82875,4.5086458333333335
DM-14-10-07-02,2026-08-31,71.47510416666667,4.330625
DM-14-10-07-02,2026-09-01,71.90052083333333,4.328333333333333
DM-14-11-01-01,2026-08-26,0.28458333333333335,3.2416666666666667
DM-14-11-01-01,2026-08-27,0.2841666666666667,3.2719791666666667
DM-14-11-01-01,2026-08-28,0.29031250000000003,3.3197916666666667
DM-14-11-01-01,2026-08-29,0.2041666666666667,3.2708333333333335
DM-14-11-01-01,2026-08-30,0.1959375,3.3512500000000003
DM-14-11-01-01,2026-08-31,0.3019791666666667,3.2194791666666664
DM-14-11-01-01,2026-09-01,0.30010416666666667,3.231145833333333
DM-14-11-01-02,2026-08-26,0.0,1.766875
DM-14-11-01-02,2026-08-27,0.0,1.921875
DM-14-11-01-02,2026-08-28,0.0,1.9922916666666666
DM-14-11-01-02,2026-08-29,0.0,1.7319791666666668
DM-14-11-01-02,2026-08-30,0.0,1.6879166666666665
DM-14-11-01-02,2026-08-31,0.0,2.225
DM-14-11-01-02,2026-09-01,0.0,2.238125
DM-14-11-02-01,2026-08-26,0.0,4.3187500000000005
DM-14-11-02-01,2026-08-27,0.0,4.320208333333333
DM-14-11-02-01,2026-08-28,0.0,4.3759375
DM-14-11-02-01,2026-08-29,0.0,4.2638541666666665
DM-14-11-02-01,2026-08-30,0.0,4.597083333333333
DM-14-11-02-01,2026-08-31,0.0,4.45
DM-14-11-02-01,2026-09-01,0.0,4.426145833333334
DM-14-11-02-02,2026-08-26,0.0,3.1821875
DM-14-11-02-02,2026-08-27,0.0,3.182916666666667
DM-14-11-02-02,2026-08-28,0.0,3.1333333333333333
DM-14-11-02-02,2026-08-29,0.0,3.108125
DM-14-11-02-02,2026-08-30,0.0,2.9528125
DM-14-11-02-02,2026-08-31,0.0,3.2247916666666665
DM-14-11-02-02,2026-09-01,0.0,3.2525
DM-14-11-03-01,2026-09-01,0.27794871794871795,0.018717948717948716
DM-14-11-03-02,2026-08-26,0.01,4.4928125
DM-14-11-03-02,2026-08-27,0.01,4.4928125
DM-14-11-03-02,2026-08-28,0.01,4.4928125
DM-14-11-03-02,2026-08-29,4.212641509433962,3.888867924528302
DM-14-11-03-02,2026-08-30,5.316470588235294,4.228352941176471
DM-14-11-03-02,2026-08-31,0.01,4.4928125
DM-14-11-03-02,2026-09-01,0.01,4.4928125
DM-14-11-03-03,2026-08-26,0.0,4.399895833333333
DM-14-11-03-03,2026-08-27,0.0,4.399895833333333
DM-14-11-03-03,2026-08-28,0.0,4.399895833333333
DM-14-11-03-03,2026-08-29,19.731382978723403,4.374042553191489
DM-14-11-03-03,2026-08-30,10.276145833333333,4.347395833333334
DM-14-11-03-03,2026-08-31,0.0,4.399895833333333
DM-14-11-03-03,2026-09-01,0.0,4.399895833333333
DM-14-11-03-04,2026-08-26,52.32572916666667,10.273020833333334
DM-14-11-03-04,2026-08-27,52.32572916666667,10.273020833333334
DM-14-11-03-04,2026-08-28,52.32572916666667,10.273020833333334
DM-14-11-03-04,2026-08-29,56.598437499999996,10.9840625
DM-14-11-03-04,2026-08-30,54.990520833333335,10.541666666666666
DM-14-11-03-04,2026-08-31,52.32572916666667,10.273020833333334
DM-14-11-03-04,2026-09-01,52.32572916666667,10.273020833333334
DM-14-11-03-05,2026-08-26,211.94583333333333,10.191354166666667
DM-14-11-03-05,2026-08-27,211.94583333333333,10.191354166666667
DM-14-11-03-05,2026-08-28,211.94583333333333,10.191354166666667
DM-14-11-03-05,2026-08-29,221.89677083333333,10.85875
DM-14-11-03-05,2026-08-30,217.4746875,10.449479166666666
DM-14-11-03-05,2026-08-31,211.94583333333333,10.191354166666667
DM-14-11-03-05,2026-09-01,211.94583333333333,10.191354166666667
DM-14-11-04-01,2026-08-26,0.0,7.402604166666666
DM-14-11-04-01,2026-08-27,0.0,7.123229166666667
DM-14-11-04-01,2026-08-28,0.0,7.4696875
DM-14-11-04-01,2026-08-29,0.0,7.9271875
DM-14-11-04-01,2026-08-30,0.0,7.9271875
DM-14-11-04-01,2026-08-31,0.0,8.166770833333333
DM-14-11-04-01,2026-09-01,0.0,8.365625
DM-14-11-04-02,2026-08-26,52.526562500000004,5.598125
DM-14-11-04-02,2026-08-27,52.526562500000004,5.598125
DM-14-11-04-02,2026-08-28,52.526562500000004,5.598125
DM-14-11-04-02,2026-08-29,52.842395833333335,5.299479166666667
DM-14-11-04-02,2026-08-30,52.78583333333333,5.2726041666666665
DM-14-11-04-02,2026-08-31,52.52572916666667,5.598125
DM-14-11-04-02,2026-09-01,52.526562500000004,5.598125
DM-14-11-04-03,2026-08-26,20.2815625,5.501770833333333
DM-14-11-04-03,2026-08-27,20.2815625,5.501770833333333
DM-14-11-04-03,2026-08-28,20.2815625,5.501770833333333
DM-14-11-04-03,2026-08-29,39.434736842105266,5.826736842105263
DM-14-11-04-03,2026-08-30,38.612747252747255,5.885054945054945
DM-14-11-04-03,2026-08-31,20.497604166666665,5.501770833333333
DM-14-11-04-03,2026-09-01,20.2815625,5.501770833333333
DM-14-11-05-01,2026-08-26,0.0,2.1489583333333333
DM-14-11-05-01,2026-08-27,0.0,2.3398958333333333
DM-14-11-05-01,2026-08-28,0.0,2.42375
DM-14-11-05-01,2026-08-29,0.0,1.9638541666666667
DM-14-11-05-01,2026-08-30,0.0,1.9639583333333333
DM-14-11-05-01,2026-08-31,0.0,2.5094791666666665
DM-14-11-05-01,2026-09-01,0.0,2.740625
DM-14-11-05-02,2026-08-26,517.92,1.9219791666666666
DM-14-11-05-02,2026-08-27,517.92,2.180833333333333
DM-14-11-05-02,2026-08-28,517.7941666666667,2.1785416666666664
DM-14-11-05-02,2026-08-29,517.92,1.7594791666666667
DM-14-11-05-02,2026-08-30,517.92,1.7594791666666667
DM-14-11-05-02,2026-08-31,517.92,2.1590625
DM-14-11-05-02,2026-09-01,517.92,2.3990625
DM-14-11-06-01,2026-08-26,0.2675,1.4391666666666667
DM-14-11-06-01,2026-08-27,0.2728125,1.4772916666666667
DM-14-11-06-01,2026-08-28,0.2754166666666667,1.505
DM-14-11-06-01,2026-08-29,0.1796875,1.313125
DM-14-11-06-01,2026-08-30,0.18635416666666668,1.3115625
DM-14-11-06-01,2026-08-31,0.2760416666666667,1.289375
DM-14-11-06-01,2026-09-01,0.28239583333333335,1.255625
DM-14-11-06-02,2026-08-26,0.0,3.828333333333333
DM-14-11-06-02,2026-08-27,0.0,3.6730208333333336
DM-14-11-06-02,2026-08-28,0.0,3.64125
DM-14-11-06-02,2026-08-29,0.0,3.65375
DM-14-11-06-02,2026-08-30,0.0,3.517291666666667
DM-14-11-06-02,2026-08-31,0.0,3.8141666666666665
DM-14-11-06-02,2026-09-01,0.0,3.8240625
DM-14-11-06-03,2026-08-26,517.92,1.904375
DM-14-11-06-03,2026-08-27,517.92,1.9347916666666667
DM-14-11-06-03,2026-08-28,517.8605208333332,2.1648958333333335
DM-14-11-06-03,2026-08-29,517.92,2.031875
DM-14-11-06-03,2026-08-30,517.92,2.031875
DM-14-11-06-03,2026-08-31,517.505,2.3429166666666665
DM-14-11-06-03,2026-09-01,517.92,2.3973958333333334
DM-14-11-06-04,2026-08-26,141.61270833333333,3.4254166666666666
DM-14-11-06-04,2026-08-27,87.23958333333333,2.28
DM-14-11-06-04,2026-08-28,119.2509375,2.819375
DM-14-11-06-04,2026-08-29,148.92989583333335,3.4403124999999997
DM-14-11-06-04,2026-08-30,147.11947916666665,3.486041666666667
DM-14-11-06-04,2026-08-31,142.36583333333334,3.497916666666667
DM-14-11-06-04,2026-09-01,141.69729166666667,3.421041666666667
DM-14-11-07-01,2026-08-26,437.3851041666667,4.3859375
DM-14-11-07-01,2026-08-27,418.7265625,4.3784374999999995
DM-14-11-07-01,2026-08-28,474.07572916666663,4.290104166666667
DM-14-11-07-01,2026-08-29,339.1803125,4.219895833333333
DM-14-11-07-01,2026-08-30,335.7103125,4.1053125
DM-14-11-07-01,2026-08-31,377.4646875,4.413541666666666
DM-14-11-07-01,2026-09-01,453.3780208333333,4.406354166666667
DM-14-11-07-02,2026-08-26,9.4225,0.9271875
DM-14-11-07-02,2026-08-27,10.229270833333333,0.9694791666666668
DM-14-11-07-02,2026-08-28,12.784270833333332,0.9232291666666667
DM-14-11-07-02,2026-08-29,6.679062500000001,2.0646875000000002
DM-14-11-07-02,2026-08-30,30.315520833333334,1.7252083333333335
DM-14-11-07-02,2026-08-31,18.9621875,0.9151041666666666
DM-14-11-07-02,2026-09-01,17.942291666666666,0.8758333333333334
DM-14-11-07-03,2026-08-26,0.0,4.167395833333333
DM-14-11-07-03,2026-08-27,0.0,4.167395833333333
DM-14-11-07-03,2026-08-28,0.0,4.167395833333333
DM-14-11-07-03,2026-08-29,0.6968817204301075,3.9791397849462364
DM-14-11-07-03,2026-08-30,0.28652777777777777,4.2501388888888885
DM-14-11-07-03,2026-08-31,0.0,4.167395833333333
DM-14-11-07-03,2026-09-01,0.0,4.167395833333333
DM-14-11-07-04,2026-08-26,0.0,0.0
DM-14-11-07-04,2026-08-27,0.0,0.0
DM-14-11-07-04,2026-08-28,0.0,0.0
DM-14-11-07-04,2026-08-29,0.0,0.09729166666666667
DM-14-11-07-04,2026-08-30,0.0,0.009166666666666667
DM-14-11-07-04,2026-08-31,0.0,0.0
DM-14-11-07-04,2026-09-01,0.0,0.0
DM-14-11-07-05,2026-08-26,17.6540625,3.0505208333333336
DM-14-11-07-05,2026-08-27,17.6540625,3.0505208333333336
DM-14-11-07-05,2026-08-28,17.6540625,3.0505208333333336
DM-14-11-07-05,2026-08-29,14.795454545454545,2.9420454545454544
DM-14-11-07-05,2026-08-30,13.956249999999999,2.9222916666666667
DM-14-11-07-05,2026-08-31,16.936979166666667,3.0505208333333336
DM-14-11-07-05,2026-09-01,17.619791666666668,3.0505208333333336
DM-14-11-08-01,2026-08-26,0.0,10.029166666666667
DM-14-11-08-01,2026-08-27,0.0,9.508958333333334
DM-14-11-08-01,2026-08-28,0.0,10.083333333333334
DM-14-11-08-01,2026-08-29,0.0,10.233958333333334
DM-14-11-08-01,2026-08-30,0.0,10.233958333333334
DM-14-11-08-01,2026-08-31,0.0,10.687291666666667
DM-14-11-08-01,2026-09-01,0.0,10.798229166666667
DM-14-11-08-02,2026-08-26,0.0,5.3871875
DM-14-11-08-02,2026-08-27,0.0,6.606354166666667
DM-14-11-08-02,2026-08-28,0.0,7.496145833333333
DM-14-11-08-02,2026-08-29,0.0,7.154375000000001
DM-14-11-08-02,2026-08-30,0.0,7.111249999999999
DM-14-11-08-02,2026-08-31,0.0,7.589270833333333
DM-14-11-08-02,2026-09-01,0.0,7.736145833333333
DM-14-11-08-03,2026-08-26,34.95697916666666,5.156354166666667
DM-14-11-08-03,2026-08-27,34.95697916666666,5.156354166666667
DM-14-11-08-03,2026-08-28,34.95697916666666,5.156354166666667
DM-14-11-08-03,2026-08-29,40.81854166666667,5.2986458333333335
DM-14-11-08-03,2026-08-30,37.585625,5.208333333333333
DM-14-11-08-03,2026-08-31,34.969479166666666,5.156354166666667
DM-14-11-08-03,2026-09-01,34.9575,5.156354166666667
DM-14-11-08-04,2026-08-26,30.86135416666667,0.0
DM-14-11-08-04,2026-08-27,30.86135416666667,0.0
DM-14-11-08-04,2026-08-28,30.86135416666667,0.0
DM-14-11-08-04,2026-08-29,39.54833333333333,3.500833333333333
DM-14-11-08-04,2026-08-30,32.950833333333335,1.1948958333333333
DM-14-11-08-04,2026-08-31,30.874062499999997,0.0
DM-14-11-08-04,2026-09-01,30.861874999999998,0.0
DM-14-11-08-05,2026-08-26,20.9059375,9.65875
DM-14-11-08-05,2026-08-27,20.9059375,9.65875
DM-14-11-08-05,2026-08-28,20.9059375,9.65875
DM-14-11-08-05,2026-08-29,22.656770833333336,10.311145833333333
DM-14-11-08-05,2026-08-30,21.4946875,9.874166666666666
DM-14-11-08-05,2026-08-31,20.9059375,9.65875
DM-14-11-08-05,2026-09-01,20.9059375,9.65875
DM-14-11-09-01,2026-08-26,0.0034375,0.0
DM-14-11-09-01,2026-08-27,0.0033333333333333335,0.0
DM-14-11-09-01,2026-08-28,0.004166666666666667,0.0
DM-14-11-09-01,2026-08-29,0.005520833333333333,0.0
DM-14-11-09-01,2026-08-30,0.0032291666666666666,0.0
DM-14-11-09-01,2026-08-31,0.0075,0.0
DM-14-11-09-01,2026-09-01,0.008854166666666666,0.0
DM-14-11-10-01,2026-08-26,0.0,8.584895833333333
DM-14-11-10-01,2026-08-27,0.0,8.27125
DM-14-11-10-01,2026-08-28,0.0,8.633020833333333
DM-14-11-10-01,2026-08-29,0.0,8.8325
DM-14-11-10-01,2026-08-30,0.0,8.8325
DM-14-11-10-01,2026-08-31,0.0,8.604375
DM-14-11-10-01,2026-09-01,0.0,8.834999999999999
DM-14-11-11-01,2026-08-26,0.0,15.352812499999999
DM-14-11-11-01,2026-08-27,0.0,13.876875
DM-14-11-11-01,2026-08-28,0.0,15.131458333333333
DM-14-11-11-01,2026-08-29,0.0,15.504583333333334
DM-14-11-11-01,2026-08-30,0.06177083333333333,17.325833333333332
DM-14-11-11-01,2026-08-31,0.0,15.213125
DM-14-11-11-01,2026-09-01,0.0,15.245104166666666
DM-14-11-11-02,2026-08-26,0.0,0.0
DM-14-11-11-02,2026-08-27,0.0,0.0
DM-14-11-11-02,2026-08-28,0.0,0.0
DM-14-11-11-02,2026-08-29,0.0,0.0
DM-14-11-11-02,2026-08-30,0.0,0.0
DM-14-11-11-02,2026-08-31,0.0,0.0
DM-14-11-11-02,2026-09-01,0.0,0.0
DM-14-11-12-01,2026-08-26,0.0,7.061145833333334
DM-14-11-12-01,2026-08-27,0.0,7.0834375
DM-14-11-12-01,2026-08-28,0.0,7.058854166666666
DM-14-11-12-01,2026-08-29,0.0,7.583333333333333
DM-14-11-12-01,2026-08-30,0.0,7.608645833333333
DM-14-11-12-01,2026-08-31,0.0,7.081875
DM-14-11-12-01,2026-09-01,0.0,7.109791666666666
DM-14-11-17-01,2026-08-26,0.01,10.550833333333333
DM-14-11-17-01,2026-08-27,0.01,10.550833333333333
DM-14-11-17-01,2026-08-28,0.01,10.550833333333333
DM-14-11-17-01,2026-08-29,0.01,11.2628125
DM-14-11-17-01,2026-08-30,0.01,11.037916666666668
DM-14-11-17-01,2026-08-31,0.01,10.550833333333333
DM-14-11-17-01,2026-09-01,0.01,10.550833333333333
DM-14-11-18-01,2026-08-26,219.220625,6.618125
DM-14-11-18-01,2026-08-27,219.220625,6.618125
DM-14-11-18-01,2026-08-28,219.220625,6.618125
DM-14-11-18-01,2026-08-29,219.73781250000002,6.495
DM-14-11-18-01,2026-08-30,218.57822916666666,6.498125000000001
DM-14-11-18-01,2026-08-31,219.220625,6.618125
DM-14-11-18-01,2026-09-01,219.220625,6.618125
DM-14-17-01-01,2026-08-26,192.88875,5.793958333333333
DM-14-17-01-01,2026-08-27,193.27645833333335,5.833749999999999
DM-14-17-01-01,2026-08-28,192.46958333333336,5.840104166666666
DM-14-17-01-01,2026-08-29,192.44427083333335,5.943124999999999
DM-14-17-01-01,2026-08-30,198.35406250000003,5.964479166666667
DM-14-17-01-01,2026-08-31,190.08124999999998,5.8133333333333335
DM-14-17-01-01,2026-09-01,190.37145833333332,5.845104166666666
DM-14-17-01-02,2026-08-26,161.89145833333333,5.8261458333333325
DM-14-17-01-02,2026-08-27,110.809375,5.837083333333333
DM-14-17-01-02,2026-08-28,37.9859375,5.854791666666667
DM-14-17-01-02,2026-08-29,0.653125,5.909270833333333
DM-14-17-01-02,2026-08-30,0.01,5.909270833333333
DM-14-17-01-02,2026-08-31,162.71010416666667,5.8675
DM-14-17-01-02,2026-09-01,162.06875,5.896770833333334
DM-14-17-02-01,2026-08-26,58.46302083333333,5.976979166666666
DM-14-17-02-01,2026-08-27,58.31854166666667,6.002083333333334
DM-14-17-02-01,2026-08-28,57.85666666666666,6.026770833333334
DM-14-17-02-01,2026-08-29,62.03604166666667,6.110520833333333
DM-14-17-02-01,2026-08-30,62.804375,6.097083333333334
DM-14-17-02-01,2026-08-31,57.24760416666667,6.005208333333333
DM-14-17-02-01,2026-09-01,56.294375,6.0441666666666665
DM-14-17-02-02,2026-08-26,126.71604166666667,6.2425
DM-14-17-02-02,2026-08-27,127.34552083333334,6.263333333333333
DM-14-17-02-02,2026-08-28,128.0459375,6.2863541666666665
DM-14-17-02-02,2026-08-29,131.200625,6.358854166666667
DM-14-17-02-02,2026-08-30,131.17697916666665,6.345937500000001
DM-14-17-02-02,2026-08-31,124.69937499999999,6.2996875
DM-14-17-02-02,2026-09-01,125.21791666666667,6.320833333333333
DM-14-17-03-01,2026-08-26,112.41416666666667,6.1290625
DM-14-17-03-01,2026-08-27,111.27749999999999,6.1347916666666675
DM-14-17-03-01,2026-08-28,109.99510416666668,6.1496875
DM-14-17-03-01,2026-08-29,112.74583333333334,6.286666666666666
DM-14-17-03-01,2026-08-30,112.74583333333334,6.286666666666666
DM-14-17-03-01,2026-08-31,104.2021875,6.159270833333333
DM-14-17-03-01,2026-09-01,102.52833333333332,6.1784375
DM-14-17-03-02,2026-08-26,119.49791666666665,5.96625
DM-14-17-03-02,2026-08-27,119.62520833333333,5.983958333333334
DM-14-17-03-02,2026-08-28,119.96541666666667,6.006770833333333
DM-14-17-03-02,2026-08-29,122.22614583333332,6.124583333333334
DM-14-17-03-02,2026-08-30,105.12718749999999,6.173541666666666
DM-14-17-03-02,2026-08-31,100.34677083333334,6.041354166666667
DM-14-17-03-02,2026-09-01,97.58166666666666,6.070208333333333
DM-14-17-04-01,2026-08-26,119.0825,6.049062500000001
DM-14-17-04-01,2026-08-27,119.50072916666666,6.0703125
DM-14-17-04-01,2026-08-28,120.95604166666668,6.088333333333334
DM-14-17-04-01,2026-08-29,124.25614583333333,6.185104166666666
DM-14-17-04-01,2026-08-30,127.28135416666667,6.163125
DM-14-17-04-01,2026-08-31,117.44510416666667,6.0665625
DM-14-17-04-01,2026-09-01,117.8046875,6.0886458333333335
DM-14-17-04-02,2026-08-26,66.37927083333334,5.921354166666667
DM-14-17-04-02,2026-08-27,66.96020833333334,5.929375
DM-14-17-04-02,2026-08-28,67.48708333333333,5.968958333333333
DM-14-17-04-02,2026-08-29,64.71302083333333,5.2820833333333335
DM-14-17-04-02,2026-08-30,67.18677083333334,5.3971875
DM-14-17-04-02,2026-08-31,65.84145833333334,5.963229166666667
DM-14-17-04-02,2026-09-01,66.513125,5.9937499999999995
DM-14-17-05-01,2026-08-26,234.67999999999998,12.1025
DM-14-17-05-01,2026-08-27,229.32604166666667,12.0634375
DM-14-17-05-01,2026-08-28,241.8685416666667,12.039375
DM-14-17-05-01,2026-08-29,224.82645833333333,12.391666666666666
DM-14-17-05-01,2026-08-30,224.82645833333333,12.394062499999999
DM-14-17-05-01,2026-08-31,225.21645833333332,12.152708333333335
DM-14-17-05-01,2026-09-01,218.80302083333333,12.253333333333332
DM-14-17-06-01,2026-08-26,97.7740625,10.635104166666666
DM-14-17-06-01,2026-08-27,104.16812499999999,10.584479166666666
DM-14-17-06-01,2026-08-28,111.73239583333333,10.570520833333333
DM-14-17-06-01,2026-08-29,123.29927083333332,10.771770833333333
DM-14-17-06-01,2026-08-30,123.29927083333332,10.773333333333333
DM-14-17-06-01,2026-08-31,94.53760416666667,10.687083333333334
DM-14-17-06-01,2026-09-01,97.86239583333334,10.727812499999999
DM-14-18-01-01,2026-08-26,140.065,3.9696874999999996
DM-14-18-01-01,2026-08-27,135.47416666666666,4.000625
DM-14-18-01-01,2026-08-28,137.64708333333334,4.034479166666666
DM-14-18-01-01,2026-08-29,135.77625,4.14375
DM-14-18-01-01,2026-08-30,126.67520833333333,4.287083333333333
DM-14-18-01-01,2026-08-31,131.61708333333334,4.065520833333333
DM-14-18-01-01,2026-09-01,132.4728125,4.0711458333333335
DM-14-18-01-02,2026-08-26,102.85177083333333,4.055625
DM-14-18-01-02,2026-08-27,94.08812499999999,4.042708333333334
DM-14-18-01-02,2026-08-28,65.98729166666666,4.226145833333333
DM-14-18-01-02,2026-08-29,62.935,4.393854166666666
DM-14-18-01-02,2026-08-30,62.830937500000005,4.393854166666666
DM-14-18-01-02,2026-08-31,91.84125,4.230208333333334
DM-14-18-01-02,2026-09-01,94.83520833333334,4.236979166666667
DM-14-18-02-01,2026-08-26,180.4284375,3.3195833333333336
DM-14-18-02-01,2026-08-27,182.22510416666668,3.4290625
DM-14-18-02-01,2026-08-28,183.01250000000002,3.4642708333333334
DM-14-18-02-01,2026-08-29,185.50177083333332,3.4394791666666666
DM-14-18-02-01,2026-08-30,179.12520833333335,3.6227083333333336
DM-14-18-02-01,2026-08-31,186.13520833333334,3.6512499999999997
DM-14-18-02-01,2026-09-01,181.49010416666667,3.6660416666666666
DM-14-18-02-02,2026-08-26,199.16239583333333,5.176354166666667
DM-14-18-02-02,2026-08-27,199.88750000000002,5.2221874999999995
DM-14-18-02-02,2026-08-28,195.36541666666668,5.275625
DM-14-18-02-02,2026-08-29,184.15572916666667,5.310104166666666
DM-14-18-02-02,2026-08-30,170.32614583333333,5.385625
DM-14-18-02-02,2026-08-31,194.12479166666665,5.4325
DM-14-18-02-02,2026-09-01,197.51822916666666,5.457083333333333
DM-14-18-02-04,2026-08-26,0.0,4.2596875
DM-14-18-02-04,2026-08-27,0.0,4.3055208333333335
DM-14-18-02-04,2026-08-28,0.0,4.347291666666666
DM-14-18-02-04,2026-08-29,0.0,4.4440625
DM-14-18-02-04,2026-08-30,0.0,4.485104166666667
DM-14-18-02-04,2026-08-31,137.34062500000002,4.403854166666666
DM-14-18-02-04,2026-09-01,0.26,4.423125
DM-14-18-03-01,2026-08-26,178.1378125,6.080729166666667
DM-14-18-03-01,2026-08-27,179.49197916666665,6.104375
DM-14-18-03-01,2026-08-28,179.10322916666667,6.130520833333333
DM-14-18-03-01,2026-08-29,184.72989583333333,6.189270833333333
DM-14-18-03-01,2026-08-30,184.44708333333332,6.175
DM-14-18-03-01,2026-08-31,176.4434375,6.143958333333334
DM-14-18-03-01,2026-09-01,176.85968749999998,6.1738541666666675
DM-14-18-04-01,2026-08-26,3.71625,0.0
DM-14-18-04-01,2026-08-27,3.3088541666666664,0.0
DM-14-18-04-01,2026-08-28,3.18125,0.0
DM-14-18-04-01,2026-08-29,1.7377083333333332,0.0
DM-14-18-04-01,2026-08-30,2.9492708333333333,0.0
DM-14-18-04-01,2026-08-31,2.9985416666666667,0.0
DM-14-18-04-01,2026-09-01,2.3554166666666667,0.0
DM-14-18-04-02,2026-08-26,76.27822916666666,10.499374999999999
DM-14-18-04-02,2026-08-27,77.15333333333334,10.524583333333334
DM-14-18-04-02,2026-08-28,78.74062500000001,10.619791666666666
DM-14-18-04-02,2026-08-29,82.04354166666667,10.695729166666666
DM-14-18-04-02,2026-08-30,82.04979166666666,10.696666666666667
DM-14-18-04-02,2026-08-31,70.50552083333334,10.576041666666667
DM-14-18-04-02,2026-09-01,72.29822916666667,10.648541666666667
DM-14-18-04-03,2026-08-26,0.0,8.104583333333332
DM-14-18-04-03,2026-08-27,0.0,8.104583333333332
DM-14-18-04-03,2026-08-28,0.0,8.104583333333332
DM-14-18-04-03,2026-08-29,0.0,8.077291666666666
DM-14-18-04-03,2026-08-30,0.0,8.077708333333334
DM-14-18-04-03,2026-08-31,0.3954166666666667,8.079270833333334
DM-14-18-04-03,2026-09-01,0.4033333333333333,8.147083333333333
DM-14-18-05-01,2026-08-26,96.52718750000001,4.713333333333334
DM-14-18-05-01,2026-08-27,97.90885416666667,4.525520833333333
DM-14-18-05-01,2026-08-28,98.97854166666667,4.709479166666667
DM-14-18-05-01,2026-08-29,101.19635416666667,5.07625
DM-14-18-05-01,2026-08-30,102.6840625,5.067916666666666
DM-14-18-05-01,2026-08-31,94.94385416666667,4.948229166666667
DM-14-18-05-01,2026-09-01,94.92166666666667,4.980520833333333
DM-14-18-05-02,2026-08-26,43.309374999999996,3.455208333333333
DM-14-18-05-02,2026-08-27,43.455729166666664,3.5852083333333336
DM-14-18-05-02,2026-08-28,44.26125,3.610625
DM-14-18-05-02,2026-08-29,46.443333333333335,3.364479166666667
DM-14-18-05-02,2026-08-30,47.92302083333333,3.329375
DM-14-18-05-02,2026-08-31,41.8065625,3.7983333333333333
DM-14-18-05-02,2026-09-01,41.455729166666664,3.898229166666667
DM-14-18-06-01,2026-08-26,96.37760416666667,4.670833333333333
DM-14-18-06-01,2026-08-27,97.31916666666666,4.599375
DM-14-18-06-01,2026-08-28,98.63333333333333,4.7718750000000005
DM-14-18-06-01,2026-08-29,101.07802083333333,5.116666666666666
DM-14-18-06-01,2026-08-30,102.71770833333333,5.100104166666667
DM-14-18-06-01,2026-08-31,94.4903125,4.979166666666667
DM-14-18-06-01,2026-09-01,94.70552083333332,5.004583333333334
DM-14-18-06-02,2026-08-26,0.0,4.106354166666667
DM-14-18-06-02,2026-08-27,1.2894791666666667,4.190104166666667
DM-14-18-06-02,2026-08-28,2.8742708333333336,4.225520833333333
DM-14-18-06-02,2026-08-29,1.8008333333333333,4.074375
DM-14-18-06-02,2026-08-30,1.1761458333333332,4.106875
DM-14-18-06-02,2026-08-31,1.5057291666666668,4.003645833333334
DM-14-18-06-02,2026-09-01,2.4930208333333335,3.9823958333333334
DM-15-01-01-01,2026-08-26,55.4809375,5.423125
DM-15-01-01-01,2026-08-27,56.487500000000004,5.513020833333333
DM-15-01-01-01,2026-08-28,59.31072916666667,5.4539583333333335
DM-15-01-01-01,2026-08-29,56.157916666666665,5.4696875
DM-15-01-01-01,2026-08-30,57.72,5.5365625
DM-15-01-01-01,2026-08-31,56.065104166666664,5.556145833333333
DM-15-01-01-01,2026-09-01,54.48791666666667,5.518958333333334
DM-15-01-02-01,2026-08-26,125.03364583333332,5.2646875
DM-15-01-02-01,2026-08-27,120.6875,5.362604166666666
DM-15-01-02-01,2026-08-28,122.19166666666666,5.3
DM-15-01-02-01,2026-08-29,125.06947916666667,5.295520833333334
DM-15-01-02-01,2026-08-30,118.61260416666666,5.376874999999999
DM-15-01-02-01,2026-08-31,117.67625,5.4191666666666665
DM-15-01-02-01,2026-09-01,126.7659375,5.32125
DM-15-01-03-01,2026-08-26,163.606875,5.397916666666667
DM-15-01-03-01,2026-08-27,163.606875,5.397916666666667
DM-15-01-03-01,2026-08-28,163.606875,5.397916666666667
DM-15-01-03-01,2026-08-29,168.87427083333333,5.4165625
DM-15-01-03-01,2026-08-30,169.68020833333333,5.4296875
DM-15-01-03-01,2026-08-31,163.606875,5.397916666666667
DM-15-01-03-01,2026-09-01,163.606875,5.397916666666667
DM-15-01-04-01,2026-08-26,68.87791666666666,4.4191666666666665
DM-15-01-04-01,2026-08-27,68.77385416666667,4.485104166666667
DM-15-01-04-01,2026-08-28,68.70729166666666,4.4284375
DM-15-01-04-01,2026-08-29,67.76125,4.4825
DM-15-01-04-01,2026-08-30,69.20770833333333,4.6000000000000005
DM-15-01-04-01,2026-08-31,66.24114583333333,4.5896875
DM-15-01-04-01,2026-09-01,68.00572916666667,4.579166666666667
DM-15-01-04-02,2026-08-26,0.0,4.690416666666667
DM-15-01-04-02,2026-08-27,0.0,4.662916666666667
DM-15-01-04-02,2026-08-28,0.0,4.7281249999999995
DM-15-01-04-02,2026-08-29,0.0,4.651354166666667
DM-15-01-04-02,2026-08-30,0.0,4.651354166666667
DM-15-01-04-02,2026-08-31,0.0,4.859791666666667
DM-15-01-04-02,2026-09-01,0.0,4.76
DM-15-01-05-01,2026-08-26,172.38510416666668,3.6957291666666667
DM-15-01-05-01,2026-08-27,167.01166666666668,3.6901041666666665
DM-15-01-05-01,2026-08-28,169.2046875,3.7781249999999997
DM-15-01-05-01,2026-08-29,160.71989583333334,3.8236458333333334
DM-15-01-05-01,2026-08-30,160.71989583333334,3.8236458333333334
DM-15-01-05-01,2026-08-31,166.60322916666667,3.90375
DM-15-01-05-01,2026-09-01,170.95427083333334,3.8371875
DM-15-01-05-02,2026-08-26,8.967708333333333,0.6952083333333333
DM-15-01-05-02,2026-08-27,8.967708333333333,0.6952083333333333
DM-15-01-05-02,2026-08-28,8.967708333333333,0.6952083333333333
DM-15-01-05-02,2026-08-29,9.035208333333333,0.2503125
DM-15-01-05-02,2026-08-30,9.023125,0.23875000000000002
DM-15-01-05-02,2026-08-31,8.967708333333333,0.6951041666666667
DM-15-01-05-02,2026-09-01,8.967708333333333,0.6952083333333333
DM-15-01-06-01,2026-08-26,109.6490625,4.547916666666667
DM-15-01-06-01,2026-08-27,109.24510416666668,4.5959375
DM-15-01-06-01,2026-08-28,109.24052083333333,4.526458333333333
DM-15-01-06-01,2026-08-29,109.2921875,4.538958333333333
DM-15-01-06-01,2026-08-30,109.93760416666667,4.686770833333333
DM-15-01-06-01,2026-08-31,106.09593749999999,4.660416666666666
DM-15-01-06-01,2026-09-01,107.23302083333334,4.6667708333333335
DM-15-01-07-01,2026-08-26,79.11687500000001,4.8903125
DM-15-01-07-01,2026-08-27,78.453125,4.947395833333333
DM-15-01-07-01,2026-08-28,79.18239583333333,4.8845833333333335
DM-15-01-07-01,2026-08-29,78.12020833333334,4.914583333333334
DM-15-01-07-01,2026-08-30,79.87145833333334,5.059895833333333
DM-15-01-07-01,2026-08-31,79.7421875,5.0216666666666665
DM-15-01-07-01,2026-09-01,77.33354166666668,5.041145833333333
DM-15-02-01-01,2026-08-26,214.6447916666667,4.347708333333333
DM-15-02-01-01,2026-08-27,207.3372916666667,4.323854166666667
DM-15-02-01-01,2026-08-28,211.43218750000003,4.388229166666666
DM-15-02-01-01,2026-08-29,211.34729166666668,4.403645833333333
DM-15-02-01-01,2026-08-30,211.34729166666668,4.403645833333333
DM-15-02-01-01,2026-08-31,215.77041666666665,4.487395833333333
DM-15-02-01-01,2026-09-01,213.09718750000002,4.4853125
DM-15-02-02-01,2026-08-26,182.81072916666668,4.849895833333333
DM-15-02-02-01,2026-08-27,173.95052083333334,4.9402083333333335
DM-15-02-02-01,2026-08-28,177.873125,4.87
DM-15-02-02-01,2026-08-29,185.454375,4.893541666666667
DM-15-02-02-01,2026-08-30,187.99666666666667,5.000625
DM-15-02-02-01,2026-08-31,183.11406250000002,4.981458333333333
DM-15-02-02-01,2026-09-01,178.87760416666666,5.003125
DM-15-02-03-01,2026-08-26,145.35041666666666,5.6684375
DM-15-02-03-01,2026-08-27,142.99729166666665,5.634166666666666
DM-15-02-03-01,2026-08-28,160.16458333333333,5.63
DM-15-02-03-01,2026-08-29,167.52854166666665,5.541458333333334
DM-15-02-03-01,2026-08-30,167.52854166666665,5.541458333333334
DM-15-02-03-01,2026-08-31,141.63072916666667,5.789166666666667
DM-15-02-03-01,2026-09-01,142.39447916666668,5.736979166666667
DM-15-02-04-01,2026-08-26,159.15552083333333,5.099166666666666
DM-15-02-04-01,2026-08-27,159.15552083333333,5.099166666666666
DM-15-02-04-01,2026-08-28,159.15552083333333,5.099166666666666
DM-15-02-04-01,2026-08-29,160.97302083333332,5.192708333333333
DM-15-02-04-01,2026-08-30,160.97302083333332,5.192708333333333
DM-15-02-04-01,2026-08-31,163.37479166666665,5.339375
DM-15-02-04-01,2026-09-01,169.09156249999998,5.293854166666667
DM-15-02-05-01,2026-08-26,84.1634375,5.679270833333334
DM-15-02-05-01,2026-08-27,87.06614583333334,5.7553125
DM-15-02-05-01,2026-08-28,92.53729166666666,5.6855208333333325
DM-15-02-05-01,2026-08-29,83.79062499999999,5.7253125
DM-15-02-05-01,2026-08-30,80.1465625,5.798229166666666
DM-15-02-05-01,2026-08-31,86.06020833333334,5.794479166666666
DM-15-02-05-01,2026-09-01,88.241875,5.769270833333334
DM-15-02-06-01,2026-08-26,0.0,0.0
DM-15-02-06-01,2026-08-27,0.0,0.0
DM-15-02-06-01,2026-08-28,0.0,0.0
DM-15-02-06-01,2026-08-29,0.0,0.0
DM-15-02-06-01,2026-08-30,0.0,0.0
DM-15-02-06-01,2026-08-31,131.80916666666667,6.483020833333334
DM-15-02-06-01,2026-09-01,129.044375,6.4790625
DM-15-03-01-01,2026-08-26,156.84125,4.831770833333334
DM-15-03-01-01,2026-08-27,152.7659375,4.797395833333334
DM-15-03-01-01,2026-08-28,161.87395833333332,4.816770833333334
DM-15-03-01-01,2026-08-29,170.29875,4.8029166666666665
DM-15-03-01-01,2026-08-30,170.29875,4.8029166666666665
DM-15-03-01-01,2026-08-31,155.55020833333333,4.96625
DM-15-03-01-01,2026-09-01,152.8984375,4.991145833333333
DM-15-03-02-01,2026-08-26,0.0,3.9390625
DM-15-03-02-01,2026-08-27,0.0,3.9254166666666666
DM-15-03-02-01,2026-08-28,0.0,3.94
DM-15-03-02-01,2026-08-29,0.0,3.9570833333333333
DM-15-03-02-01,2026-08-30,0.0,3.9570833333333333
DM-15-03-02-01,2026-08-31,0.0,4.077708333333333
DM-15-03-02-01,2026-09-01,0.0,4.121979166666667
DM-15-03-03-01,2026-08-26,140.7521875,4.585520833333333
DM-15-03-03-01,2026-08-27,140.2465625,4.606979166666666
DM-15-03-03-01,2026-08-28,139.195625,4.6084375
DM-15-03-03-01,2026-08-29,140.16677083333335,4.8075
DM-15-03-03-01,2026-08-30,141.0253125,4.871666666666667
DM-15-03-03-01,2026-08-31,138.6446875,4.6303125
DM-15-03-03-01,2026-09-01,140.22864583333333,4.7593749999999995
DM-15-03-04-01,2026-08-26,174.40697916666667,4.455729166666667
DM-15-03-04-01,2026-08-27,173.82343749999998,4.4221875
DM-15-03-04-01,2026-08-28,175.75625,4.458958333333333
DM-15-03-04-01,2026-08-29,186.59,4.4695833333333335
DM-15-03-04-01,2026-08-30,186.59,4.4695833333333335
DM-15-03-04-01,2026-08-31,182.77822916666665,4.576979166666667
DM-15-03-04-01,2026-09-01,175.73968749999997,4.615104166666667
DM-15-03-05-01,2026-08-26,181.15895833333332,4.447604166666667
DM-15-03-05-01,2026-08-27,181.62114583333334,4.417083333333333
DM-15-03-05-01,2026-08-28,172.9303125,4.393020833333334
DM-15-03-05-01,2026-08-29,174.98864583333332,4.492083333333333
DM-15-03-05-01,2026-08-30,175.13614583333333,4.605625
DM-15-03-05-01,2026-08-31,165.181875,4.665520833333333
DM-15-03-05-01,2026-09-01,164.39395833333333,4.73625
DM-15-03-06-01,2026-08-26,105.54083333333334,5.186875
DM-15-03-06-01,2026-08-27,104.12572916666666,5.054166666666666
DM-15-03-06-01,2026-08-28,109.77041666666668,5.1710416666666665
DM-15-03-06-01,2026-08-29,115.27583333333332,5.3325000000000005
DM-15-03-06-01,2026-08-30,115.27583333333332,5.3325000000000005
DM-15-03-06-01,2026-08-31,104.82208333333334,5.258541666666667
DM-15-03-06-01,2026-09-01,103.00583333333333,5.314791666666667
DM-15-04-01-01,2026-08-26,72.66114583333334,4.373541666666667
DM-15-04-01-01,2026-08-27,66.9340625,4.272395833333333
DM-15-04-01-01,2026-08-28,71.59083333333334,4.331875
DM-15-04-01-01,2026-08-29,72.2925,4.360833333333333
DM-15-04-01-01,2026-08-30,72.2925,4.360833333333333
DM-15-04-01-01,2026-08-31,66.73281250000001,4.519791666666666
DM-15-04-01-01,2026-09-01,67.18489583333333,4.537083333333333
DM-15-04-02-01,2026-08-26,92.2103125,5.8715625
DM-15-04-02-01,2026-08-27,86.57947916666666,5.737395833333333
DM-15-04-02-01,2026-08-28,80.846875,5.889270833333334
DM-15-04-02-01,2026-08-29,78.41333333333334,6.041354166666667
DM-15-04-02-01,2026-08-30,78.41333333333334,6.041354166666667
DM-15-04-02-01,2026-08-31,87.2946875,5.948229166666667
DM-15-04-02-01,2026-09-01,85.96395833333334,6.021770833333334
DM-15-04-02-02,2026-08-26,94.15333333333332,5.850104166666667
DM-15-04-02-02,2026-08-27,93.2090625,5.8909375
DM-15-04-02-02,2026-08-28,92.5425,5.894895833333333
DM-15-04-02-02,2026-08-29,89.481875,6.076875
DM-15-04-02-02,2026-08-30,89.481875,6.076875
DM-15-04-02-02,2026-08-31,90.81708333333334,5.892812500000001
DM-15-04-02-02,2026-09-01,92.39697916666667,5.9478125
DM-15-04-03-01,2026-08-26,308.1816666666667,6.3
DM-15-04-03-01,2026-08-27,306.78875,6.370729166666667
DM-15-04-03-01,2026-08-28,307.6775,6.420729166666667
DM-15-04-03-01,2026-08-29,310.6438541666667,6.746979166666667
DM-15-04-03-01,2026-08-30,310.6438541666667,6.746979166666667
DM-15-04-03-01,2026-08-31,295.82697916666666,6.345833333333334
DM-15-04-03-01,2026-09-01,300.24145833333336,6.413437500000001
DM-15-04-04-01,2026-08-26,89.5778125,6.04375
DM-15-04-04-01,2026-08-27,86.05822916666666,6.1284375
DM-15-04-04-01,2026-08-28,84.35312499999999,6.149791666666666
DM-15-04-04-01,2026-08-29,83.92729166666668,6.573541666666666
DM-15-04-04-01,2026-08-30,76.86489583333334,6.681041666666666
DM-15-04-04-01,2026-08-31,82.64833333333333,6.15875
DM-15-04-04-01,2026-09-01,100.6984375,6.040937499999999
DM-15-04-04-02,2026-08-26,70.88791666666667,0.0
DM-15-04-04-02,2026-08-27,69.30427083333333,0.0
DM-15-04-04-02,2026-08-28,65.8334375,0.0
DM-15-04-04-02,2026-08-29,69.34114583333333,0.0
DM-15-04-04-02,2026-08-30,76.68239583333333,0.0
DM-15-04-04-02,2026-08-31,75.1353125,0.0
DM-15-04-04-02,2026-09-01,77.00302083333334,0.0
DM-15-04-05-01,2026-08-26,99.78500000000001,5.518645833333333
DM-15-04-05-01,2026-08-27,99.066875,5.501041666666667
DM-15-04-05-01,2026-08-28,100.510625,5.357500000000001
DM-15-04-05-01,2026-08-29,97.79395833333332,5.415
DM-15-04-05-01,2026-08-30,95.31135416666666,5.731041666666667
DM-15-04-05-01,2026-08-31,99.35281250000001,5.492604166666666
DM-15-04-05-01,2026-09-01,98.71270833333334,5.686354166666667
DM-15-05-01-01,2026-08-26,56.576249999999995,7.2409375
DM-15-05-01-01,2026-08-27,53.94895833333334,7.3115625
DM-15-05-01-01,2026-08-28,52.01239583333333,7.379270833333333
DM-15-05-01-01,2026-08-29,53.56145833333333,7.7363541666666675
DM-15-05-01-01,2026-08-30,53.56145833333333,7.7363541666666675
DM-15-05-01-01,2026-08-31,52.13218749999999,7.235
DM-15-05-01-01,2026-09-01,52.73885416666667,7.361354166666666
DM-15-05-02-01,2026-08-26,263.1664583333333,6.6653125
DM-15-05-02-01,2026-08-27,258.104375,6.694583333333333
DM-15-05-02-01,2026-08-28,257.61427083333336,6.8019791666666665
DM-15-05-02-01,2026-08-29,262.38177083333335,7.0136458333333325
DM-15-05-02-01,2026-08-30,262.38177083333335,7.0136458333333325
DM-15-05-02-01,2026-08-31,251.26041666666666,6.6125
DM-15-05-02-01,2026-09-01,254.515625,6.825833333333333
DM-15-05-03-01,2026-08-26,283.9876041666667,9.3540625
DM-15-05-03-01,2026-08-27,284.4117708333333,9.384791666666667
DM-15-05-03-01,2026-08-28,280.7794791666667,9.359270833333333
DM-15-05-03-01,2026-08-29,291.0757291666667,10.1228125
DM-15-05-03-01,2026-08-30,289.3377083333333,10.1890625
DM-15-05-03-01,2026-08-31,265.04333333333335,9.300625
DM-15-05-03-01,2026-09-01,268.48229166666664,9.474895833333333
DM-15-05-04-01,2026-08-26,125.376875,9.280104166666666
DM-15-05-04-01,2026-08-27,125.49927083333334,9.326666666666666
DM-15-05-04-01,2026-08-28,123.85614583333334,9.328125
DM-15-05-04-01,2026-08-29,127.91447916666668,9.991354166666666
DM-15-05-04-01,2026-08-30,128.24260416666667,9.923541666666667
DM-15-05-04-01,2026-08-31,120.51437499999999,9.12875
DM-15-05-04-01,2026-09-01,120.17760416666665,9.333854166666667
DM-15-05-05-01,2026-08-26,23.7321875,10.090625000000001
DM-15-05-05-01,2026-08-27,20.922083333333333,10.172395833333333
DM-15-05-05-01,2026-08-28,23.60739583333333,10.119375
DM-15-05-05-01,2026-08-29,16.26729166666667,10.881979166666667
DM-15-05-05-01,2026-08-30,16.558541666666667,10.826666666666666
DM-15-05-05-01,2026-08-31,18.302812499999998,9.983020833333333
DM-15-05-05-01,2026-09-01,18.807291666666668,10.179479166666667
DM-15-05-07-01,2026-08-26,0.0,9.653854166666667
DM-15-05-07-01,2026-08-27,0.0,9.817916666666667
DM-15-05-07-01,2026-08-28,0.0,9.555729166666667
DM-15-05-07-01,2026-08-29,0.0,11.555
DM-15-05-07-01,2026-08-30,0.0,11.240520833333333
DM-15-05-07-01,2026-08-31,0.0,9.517083333333334
DM-15-05-07-01,2026-09-01,0.0,9.633020833333333
DM-15-05-08-01,2026-08-26,81.15020833333334,6.584166666666667
DM-15-05-08-01,2026-08-27,63.49885416666667,5.031145833333333
DM-15-05-08-01,2026-08-28,33.77052083333333,2.8980208333333333
DM-15-05-08-01,2026-08-29,17.682291666666668,1.8666666666666665
DM-15-05-08-01,2026-08-30,17.682291666666668,1.8653125
DM-15-05-08-01,2026-08-31,75.53406249999999,6.585416666666667
DM-15-05-08-01,2026-09-01,70.23645833333333,6.53625
DM-15-05-09-01,2026-08-26,195.34395833333335,6.830625
DM-15-05-09-01,2026-08-27,195.34395833333335,6.830625
DM-15-05-09-01,2026-08-28,195.34395833333335,6.830625
DM-15-05-09-01,2026-08-29,98.99291666666666,5.069375
DM-15-05-09-01,2026-08-30,129.85604166666667,6.114791666666666
DM-15-05-09-01,2026-08-31,195.34395833333335,6.830625
DM-15-05-09-01,2026-09-01,195.34395833333335,6.830625
DM-15-06-01-01,2026-08-26,223.14927083333336,7.984479166666667
DM-15-06-01-01,2026-08-27,223.36291666666668,8.062708333333333
DM-15-06-01-01,2026-08-28,220.08791666666664,8.157708333333334
DM-15-06-01-01,2026-08-29,228.77052083333334,8.766666666666667
DM-15-06-01-01,2026-08-30,228.77052083333334,8.766666666666667
DM-15-06-01-01,2026-08-31,196.10729166666667,8.193541666666667
DM-15-06-01-01,2026-09-01,191.26239583333333,8.163333333333332
DM-15-06-02-01,2026-08-26,376.6585416666667,6.033854166666667
DM-15-06-02-01,2026-08-27,378.7240625,6.022812500000001
DM-15-06-02-01,2026-08-28,376.2963541666666,6.0109375
DM-15-06-02-01,2026-08-29,392.3865625,6.728437499999999
DM-15-06-02-01,2026-08-30,395.5885416666667,6.628333333333334
DM-15-06-02-01,2026-08-31,374.6822916666667,5.9996875
DM-15-06-02-01,2026-09-01,369.3072916666667,6.540833333333333
DM-15-06-02-02,2026-08-26,0.01,5.367916666666667
DM-15-06-02-02,2026-08-27,0.01,5.367916666666667
DM-15-06-02-02,2026-08-28,0.01,5.367916666666667
DM-15-06-02-02,2026-08-29,0.01,5.64375
DM-15-06-02-02,2026-08-30,0.01,5.639166666666667
DM-15-06-02-02,2026-08-31,0.01,5.367916666666667
DM-15-06-02-02,2026-09-01,0.01,5.367916666666667
DM-15-06-03-01,2026-08-26,255.17739583333332,6.147291666666667
DM-15-06-03-01,2026-08-27,255.17739583333332,6.147291666666667
DM-15-06-03-01,2026-08-28,255.17739583333332,6.147291666666667
DM-15-06-03-01,2026-08-29,269.220625,6.716979166666667
DM-15-06-03-01,2026-08-30,269.220625,6.716979166666667
DM-15-06-03-01,2026-08-31,255.83166666666668,6.005208333333333
DM-15-06-03-01,2026-09-01,248.73406250000002,5.734166666666667
DM-15-06-04-01,2026-08-26,143.47885416666665,8.046145833333332
DM-15-06-04-01,2026-08-27,143.47885416666665,8.046145833333332
DM-15-06-04-01,2026-08-28,143.47885416666665,8.046145833333332
DM-15-06-04-01,2026-08-29,152.24156250000001,8.596458333333333
DM-15-06-04-01,2026-08-30,152.24156250000001,8.596458333333333
DM-15-06-04-01,2026-08-31,137.0453125,7.923749999999999
DM-15-06-04-01,2026-09-01,136.9228125,7.950833333333333
DM-15-06-05-01,2026-08-26,14.58206896551724,10.145172413793103
DM-15-06-05-01,2026-08-27,12.793939393939393,10.155151515151516
DM-15-06-05-01,2026-08-28,15.704827586206896,10.132758620689655
DM-15-06-05-01,2026-08-29,38.7578125,9.55046875
DM-15-06-05-01,2026-08-30,37.67439393939394,9.370151515151514
DM-15-06-05-01,2026-08-31,26.134594594594596,10.177567567567568
DM-15-06-05-01,2026-09-01,22.512,10.453999999999999
DM-15-07-01-01,2026-08-26,85.24864583333333,4.768541666666667
DM-15-07-01-01,2026-08-27,85.24864583333333,4.768541666666667
DM-15-07-01-01,2026-08-28,85.24864583333333,4.768541666666667
DM-15-07-01-01,2026-08-29,89.11041666666667,5.476979166666666
DM-15-07-01-01,2026-08-30,89.11041666666667,5.476979166666666
DM-15-07-01-01,2026-08-31,83.99072916666667,4.77125
DM-15-07-01-01,2026-09-01,82.15572916666666,4.5925
DM-15-07-02-01,2026-08-26,252.63197916666664,6.164479166666666
DM-15-07-02-01,2026-08-27,252.63197916666664,6.164479166666666
DM-15-07-02-01,2026-08-28,252.63197916666664,6.164479166666666
DM-15-07-02-01,2026-08-29,273.2311458333333,6.626145833333333
DM-15-07-02-01,2026-08-30,273.2311458333333,6.626145833333333
DM-15-07-02-01,2026-08-31,228.5725,6.298749999999999
DM-15-07-02-01,2026-09-01,227.98614583333332,6.330416666666667
DM-15-07-03-01,2026-08-26,206.3010416666667,5.403020833333334
DM-15-07-03-01,2026-08-27,204.2128125,5.4461458333333335
DM-15-07-03-01,2026-08-28,207.886875,5.443124999999999
DM-15-07-03-01,2026-08-29,222.61572916666668,5.94875
DM-15-07-03-01,2026-08-30,223.961875,5.8715625
DM-15-07-03-01,2026-08-31,198.04291666666666,5.523333333333333
DM-15-07-03-01,2026-09-01,198.05635416666667,5.566666666666666
DM-15-07-04-01,2026-08-26,283.7602083333333,4.9590625
DM-15-07-04-01,2026-08-27,280.7085416666667,5.080729166666667
DM-15-07-04-01,2026-08-28,279.35291666666666,5.095208333333333
DM-15-07-04-01,2026-08-29,291.685625,5.5571875
DM-15-07-04-01,2026-08-30,291.685625,5.5571875
DM-15-07-04-01,2026-08-31,276.34250000000003,5.1134375
DM-15-07-04-01,2026-09-01,271.593125,4.9080208333333335
DM-15-07-05-01,2026-08-26,85.95083333333334,4.020833333333333
DM-15-07-05-01,2026-08-27,86.0146875,4.123541666666667
DM-15-07-05-01,2026-08-28,85.3584375,4.1425
DM-15-07-05-01,2026-08-29,90.66854166666667,4.472395833333334
DM-15-07-05-01,2026-08-30,90.66854166666667,4.472395833333334
DM-15-07-05-01,2026-08-31,82.67666666666666,4.211979166666667
DM-15-07-05-01,2026-09-01,77.71875,4.094895833333333
DM-15-07-06-01,2026-08-26,2.9299999999999997,0.0
DM-15-07-06-01,2026-08-27,3.9960416666666667,0.00010416666666666667
DM-15-07-06-01,2026-08-28,3.7976041666666664,0.00010416666666666667
DM-15-07-06-01,2026-08-29,3.2680208333333334,0.00010416666666666667
DM-15-07-06-01,2026-08-30,3.15625,0.0004166666666666667
DM-15-07-06-01,2026-08-31,4.144375,0.00020833333333333335
DM-15-07-06-01,2026-09-01,3.290625,0.00020833333333333335
DM-15-07-07-01,2026-08-26,30.483854166666664,4.8778125
DM-15-07-07-01,2026-08-27,30.088645833333334,4.8953125
DM-15-07-07-01,2026-08-28,30.5190625,4.872916666666667
DM-15-07-07-01,2026-08-29,30.4178125,5.3325000000000005
DM-15-07-07-01,2026-08-30,29.754479166666666,5.187291666666667
DM-15-07-07-01,2026-08-31,30.2571875,4.9278125
DM-15-07-07-01,2026-09-01,31.239687500000002,4.9621875
DM-15-08-01-01,2026-08-26,46.26947916666666,4.496875
DM-15-08-01-01,2026-08-27,44.78916666666667,4.5675
DM-15-08-01-01,2026-08-28,46.43052083333333,4.61625
DM-15-08-01-01,2026-08-29,49.05114583333333,4.971770833333333
DM-15-08-01-01,2026-08-30,49.05114583333333,4.971770833333333
DM-15-08-01-01,2026-08-31,45.819583333333334,4.68
DM-15-08-01-01,2026-09-01,45.27125,4.5575
DM-15-08-01-02,2026-08-26,170.22395833333334,4.859895833333334
DM-15-08-01-02,2026-08-27,168.14395833333333,4.893020833333334
DM-15-08-01-02,2026-08-28,167.98125000000002,4.852708333333333
DM-15-08-01-02,2026-08-29,174.9390625,5.127291666666667
DM-15-08-01-02,2026-08-30,176.27104166666666,5.167083333333333
DM-15-08-01-02,2026-08-31,163.83812500000002,4.9384375
DM-15-08-01-02,2026-09-01,160.63322916666667,4.847708333333333
DM-15-08-02-01,2026-08-26,0.0,6.4809375
DM-15-08-02-01,2026-08-27,0.0,6.262604166666667
DM-15-08-02-01,2026-08-28,0.0,6.088958333333333
DM-15-08-02-01,2026-08-29,0.0,6.373854166666667
DM-15-08-02-01,2026-08-30,0.0,6.373854166666667
DM-15-08-02-01,2026-08-31,0.0,6.6046875
DM-15-08-02-01,2026-09-01,0.0,6.620520833333334
DM-15-08-03-01,2026-08-26,165.82343749999998,5.249479166666666
DM-15-08-03-01,2026-08-27,147.12635416666666,5.303020833333333
DM-15-08-03-01,2026-08-28,150.58906249999998,5.4059375
DM-15-08-03-01,2026-08-29,169.67989583333335,5.785520833333333
DM-15-08-03-01,2026-08-30,169.67989583333335,5.785520833333333
DM-15-08-03-01,2026-08-31,158.46541666666667,5.412916666666667
DM-15-08-03-01,2026-09-01,153.615625,5.2315625
DM-15-08-04-01,2026-08-26,146.93041666666667,4.672604166666667
DM-15-08-04-01,2026-08-27,139.00625,4.6784375
DM-15-08-04-01,2026-08-28,143.21385416666666,4.675208333333333
DM-15-08-04-01,2026-08-29,140.82729166666667,4.3765624999999995
DM-15-08-04-01,2026-08-30,140.82729166666667,4.3765624999999995
DM-15-08-04-01,2026-08-31,146.08270833333333,4.725833333333333
DM-15-08-04-01,2026-09-01,144.07135416666668,4.647395833333333
DM-15-08-05-01,2026-08-26,198.07729166666664,5.734791666666666
DM-15-08-05-01,2026-08-27,201.0528125,5.761458333333334
DM-15-08-05-01,2026-08-28,199.63770833333334,5.711979166666667
DM-15-08-05-01,2026-08-29,209.06427083333332,6.305416666666667
DM-15-08-05-01,2026-08-30,210.2675,6.2734375
DM-15-08-05-01,2026-08-31,189.64927083333336,5.897395833333333
DM-15-08-05-01,2026-09-01,186.83906249999998,5.755937500000001
DM-15-08-06-01,2026-08-26,0.0,0.0
DM-15-08-06-01,2026-08-27,0.0,0.0
DM-15-08-06-01,2026-08-28,0.0,0.0
DM-15-08-06-01,2026-08-29,0.0,0.0
DM-15-08-06-01,2026-08-30,0.0,0.0
DM-15-08-06-01,2026-08-31,0.0,0.0
DM-15-08-06-01,2026-09-01,0.0,0.0
DM-15-08-06-02,2026-08-26,27.7315625,5.506354166666667
DM-15-08-06-02,2026-08-27,25.7853125,5.475625
DM-15-08-06-02,2026-08-28,27.431250000000002,5.626458333333333
DM-15-08-06-02,2026-08-29,30.5353125,6.067395833333333
DM-15-08-06-02,2026-08-30,30.5353125,6.067395833333333
DM-15-08-06-02,2026-08-31,26.714791666666667,5.638750000000001
DM-15-08-06-02,2026-09-01,27.016145833333336,5.385625
DM-15-08-06-03,2026-08-26,95.1596875,3.825208333333333
DM-15-08-06-03,2026-08-27,93.89239583333334,3.9033333333333338
DM-15-08-06-03,2026-08-28,93.79916666666666,3.8791666666666664
DM-15-08-06-03,2026-08-29,99.48979166666668,4.3116666666666665
DM-15-08-06-03,2026-08-30,100.34645833333333,4.199791666666667
DM-15-08-06-03,2026-08-31,92.52947916666666,4.08
DM-15-08-06-03,2026-09-01,90.05739583333333,3.9949999999999997
DM-15-08-07-01,2026-08-26,71.53270833333333,6.683020833333334
DM-15-08-07-01,2026-08-27,71.53270833333333,6.683020833333334
DM-15-08-07-01,2026-08-28,71.53270833333333,6.683020833333334
DM-15-08-07-01,2026-08-29,75.99072916666667,6.772708333333333
DM-15-08-07-01,2026-08-30,75.15614583333333,6.7471875
DM-15-08-07-01,2026-08-31,71.53270833333333,6.683020833333334
DM-15-08-07-01,2026-09-01,71.53270833333333,6.683020833333334
DM-15-09-01-01,2026-08-26,226.84947916666667,7.9846875
DM-15-09-01-01,2026-08-27,225.8033333333333,8.075104166666668
DM-15-09-01-01,2026-08-28,226.58343749999997,8.0596875
DM-15-09-01-01,2026-08-29,231.29708333333335,8.749583333333334
DM-15-09-01-01,2026-08-30,213.22364583333334,8.710104166666666
DM-15-09-01-01,2026-08-31,229.30020833333333,7.783437500000001
DM-15-09-01-01,2026-09-01,220.33854166666666,8.163854166666667
DM-15-09-01-02,2026-08-26,54.404895833333335,8.2525
DM-15-09-01-02,2026-08-27,39.9046875,8.018229166666666
DM-15-09-01-02,2026-08-28,42.0634375,8.466354166666667
DM-15-09-01-02,2026-08-29,41.920625,9.1184375
DM-15-09-01-02,2026-08-30,41.920625,9.1184375
DM-15-09-01-02,2026-08-31,38.9196875,8.094375
DM-15-09-01-02,2026-09-01,41.0971875,8.389687499999999
DM-15-09-02-01,2026-08-26,187.2128125,7.0596875
DM-15-09-02-01,2026-08-27,176.3791666666667,6.719166666666666
DM-15-09-02-01,2026-08-28,181.85989583333333,7.15875
DM-15-09-02-01,2026-08-29,190.45895833333336,7.849270833333333
DM-15-09-02-01,2026-08-30,190.45895833333336,7.849270833333333
DM-15-09-02-01,2026-08-31,132.10416666666666,7.273541666666667
DM-15-09-02-01,2026-09-01,129.99531249999998,7.222395833333334
DM-15-09-02-02,2026-08-26,0.0,0.0
DM-15-09-02-02,2026-08-27,0.0,0.0
DM-15-09-02-02,2026-08-28,0.0,0.0
DM-15-09-02-02,2026-08-29,0.0,0.0
DM-15-09-02-02,2026-08-30,0.0,0.0
DM-15-09-02-02,2026-08-31,0.0,0.0
DM-15-09-02-02,2026-09-01,0.0,0.0
DM-15-09-03-01,2026-08-26,0.0,8.0446875
DM-15-09-03-01,2026-08-27,0.0,8.1303125
DM-15-09-03-01,2026-08-28,0.0,8.077395833333332
DM-15-09-03-01,2026-08-29,0.0,8.845
DM-15-09-03-01,2026-08-30,0.0,8.786458333333334
DM-15-09-03-01,2026-08-31,0.0,8.1303125
DM-15-09-03-01,2026-09-01,0.0,8.073020833333333
DM-15-09-03-02,2026-08-26,167.87041666666667,8.4028125
DM-15-09-03-02,2026-08-27,162.14177083333334,8.479270833333333
DM-15-09-03-02,2026-08-28,164.65395833333335,8.5353125
DM-15-09-03-02,2026-08-29,170.13614583333333,9.174375
DM-15-09-03-02,2026-08-30,170.13614583333333,9.174375
DM-15-09-03-02,2026-08-31,161.85770833333333,8.395312500000001
DM-15-09-03-02,2026-09-01,158.82510416666665,8.3334375
DM-15-09-05-01,2026-08-26,104.10718750000001,4.74875
DM-15-09-05-01,2026-08-27,104.58927083333333,4.790520833333333
DM-15-09-05-01,2026-08-28,105.89999999999999,4.714270833333333
DM-15-09-05-01,2026-08-29,106.13552083333333,5.206770833333334
DM-15-09-05-01,2026-08-30,102.90802083333334,5.294375
DM-15-09-05-01,2026-08-31,100.370625,4.905
DM-15-09-05-01,2026-09-01,100.97916666666667,4.773020833333333
DM-15-09-05-02,2026-08-26,0.0,5.185416666666667
DM-15-09-05-02,2026-08-27,0.0,5.2253125
DM-15-09-05-02,2026-08-28,0.0,5.163749999999999
DM-15-09-05-02,2026-08-29,0.0,5.799895833333333
DM-15-09-05-02,2026-08-30,0.0,5.785104166666667
DM-15-09-05-02,2026-08-31,0.0,5.327708333333333
DM-15-09-05-02,2026-09-01,0.0,5.174895833333333
DM-15-09-05-03,2026-08-26,53.22270833333334,4.800833333333333
DM-15-09-05-03,2026-08-27,55.4584375,4.825
DM-15-09-05-03,2026-08-28,54.56375,4.7700000000000005
DM-15-09-05-03,2026-08-29,57.31708333333333,5.415520833333333
DM-15-09-05-03,2026-08-30,58.16833333333333,5.375208333333333
DM-15-09-05-03,2026-08-31,54.18114583333334,4.939583333333333
DM-15-09-05-03,2026-09-01,53.83958333333334,4.764479166666667
DM-15-09-06-01,2026-08-26,151.32989583333332,5.739375
DM-15-09-06-01,2026-08-27,147.80302083333333,5.8038541666666665
DM-15-09-06-01,2026-08-28,151.03354166666665,5.726875
DM-15-09-06-01,2026-08-29,155.4440625,6.234999999999999
DM-15-09-06-01,2026-08-30,148.66468749999999,6.367916666666667
DM-15-09-06-01,2026-08-31,149.07229166666667,5.904583333333334
DM-15-09-06-01,2026-09-01,140.01083333333335,5.804270833333334
DM-15-09-07-01,2026-08-26,201.8841666666667,3.8071875
DM-15-09-07-01,2026-08-27,196.08760416666667,3.886041666666667
DM-15-09-07-01,2026-08-28,199.70343749999998,3.8111458333333332
DM-15-09-07-01,2026-08-29,212.46562500000002,4.30375
DM-15-09-07-01,2026-08-30,181.19062499999998,4.5065625
DM-15-09-07-01,2026-08-31,196.5946875,3.9982291666666665
DM-15-09-07-01,2026-09-01,180.5375,3.9348958333333335
DM-16-02-01-01,2026-08-26,154.46729166666668,5.302291666666666
DM-16-02-01-01,2026-08-27,150.27479166666666,5.416250000000001
DM-16-02-01-01,2026-08-28,151.66833333333332,5.463229166666667
DM-16-02-01-01,2026-08-29,153.90791666666667,5.785416666666666
DM-16-02-01-01,2026-08-30,153.90791666666667,5.785416666666666
DM-16-02-01-01,2026-08-31,148.901875,5.483854166666667
DM-16-02-01-01,2026-09-01,144.18885416666666,5.356145833333334
DM-16-02-01-02,2026-08-26,108.43177083333335,5.052708333333333
DM-16-02-01-02,2026-08-27,107.51343750000001,5.1553125
DM-16-02-01-02,2026-08-28,107.48593749999999,5.189895833333334
DM-16-02-01-02,2026-08-29,112.14229166666667,5.516249999999999
DM-16-02-01-02,2026-08-30,112.14229166666667,5.516249999999999
DM-16-02-01-02,2026-08-31,106.4434375,5.199479166666666
DM-16-02-01-02,2026-09-01,105.97104166666666,5.056145833333333
DM-16-02-02-01,2026-08-26,71.89874999999999,4.291666666666667
DM-16-02-02-01,2026-08-27,71.82989583333334,4.3903125
DM-16-02-02-01,2026-08-28,72.4140625,4.4089583333333335
DM-16-02-02-01,2026-08-29,75.9278125,4.779270833333333
DM-16-02-02-01,2026-08-30,75.9278125,4.779270833333333
DM-16-02-02-01,2026-08-31,68.49916666666667,4.453333333333333
DM-16-02-02-01,2026-09-01,67.7109375,4.3171875
DM-16-02-02-02,2026-08-26,66.26427083333333,3.8123958333333334
DM-16-02-02-02,2026-08-27,66.14677083333333,3.8255208333333335
DM-16-02-02-02,2026-08-28,65.06239583333333,3.7899999999999996
DM-16-02-02-02,2026-08-29,70.5546875,4.348645833333333
DM-16-02-02-02,2026-08-30,70.03937499999999,4.300625
DM-16-02-02-02,2026-08-31,64.22895833333332,3.942604166666667
DM-16-02-02-02,2026-09-01,62.93770833333334,3.803854166666667
DM-16-02-03-01,2026-08-26,112.816875,4.300625
DM-16-02-03-01,2026-08-27,207.27072916666668,4.358020833333334
DM-16-02-03-01,2026-08-28,213.45854166666666,4.2771875
DM-16-02-03-01,2026-08-29,197.7053125,5.0571875
DM-16-02-03-01,2026-08-30,197.94520833333334,5.030625
DM-16-02-03-01,2026-08-31,209.03239583333334,4.4783333333333335
DM-16-02-03-01,2026-09-01,209.451875,4.247083333333333
DM-16-02-03-02,2026-08-26,109.4271875,4.393020833333334
DM-16-02-03-02,2026-08-27,109.4271875,4.393020833333334
DM-16-02-03-02,2026-08-28,109.4271875,4.393020833333334
DM-16-02-03-02,2026-08-29,113.37093750000001,4.7794791666666665
DM-16-02-03-02,2026-08-30,113.37093750000001,4.7794791666666665
DM-16-02-03-02,2026-08-31,85.57135416666667,4.4939583333333335
DM-16-02-03-02,2026-09-01,78.564375,4.3722916666666665
DM-16-02-04-01,2026-08-26,200.0739583333333,3.865104166666667
DM-16-02-04-01,2026-08-27,199.0765625,3.8558333333333334
DM-16-02-04-01,2026-08-28,200.48770833333333,3.8207291666666667
DM-16-02-04-01,2026-08-29,210.07875,4.128854166666667
DM-16-02-04-01,2026-08-30,211.12541666666667,4.1771875
DM-16-02-04-01,2026-08-31,202.6291666666667,3.9842708333333334
DM-16-02-04-01,2026-09-01,199.58322916666668,3.890625
DM-16-02-04-02,2026-08-26,156.41427083333335,3.7188541666666666
DM-16-02-04-02,2026-08-27,156.59541666666667,3.735416666666667
DM-16-02-04-02,2026-08-28,156.26291666666665,3.7165625
DM-16-02-04-02,2026-08-29,166.764375,4.242083333333333
DM-16-02-04-02,2026-08-30,168.07510416666665,4.1674999999999995
DM-16-02-04-02,2026-08-31,156.28645833333334,3.913020833333333
DM-16-02-04-02,2026-09-01,153.6234375,3.8064583333333335
DM-16-02-05-01,2026-08-26,86.741875,3.8910416666666667
DM-16-02-05-01,2026-08-27,79.04822916666667,3.9346875000000003
DM-16-02-05-01,2026-08-28,82.92458333333333,4.056145833333333
DM-16-02-05-01,2026-08-29,88.97770833333334,4.326666666666667
DM-16-02-05-01,2026-08-30,88.97770833333334,4.326666666666667
DM-16-02-05-01,2026-08-31,85.5459375,4.087916666666667
DM-16-02-05-01,2026-09-01,83.46843750000001,3.9031249999999997
DM-16-02-06-01,2026-08-26,66.699375,3.6690625000000003
DM-16-02-06-01,2026-08-27,66.48802083333334,3.687291666666667
DM-16-02-06-01,2026-08-28,66.69708333333334,3.670208333333333
DM-16-02-06-01,2026-08-29,70.19239583333334,4.1934375
DM-16-02-06-01,2026-08-30,72.19729166666666,4.0515625
DM-16-02-06-01,2026-08-31,65.79770833333333,3.8613541666666666
DM-16-02-06-01,2026-09-01,65.54010416666667,3.7641666666666667
DM-16-03-01-01,2026-08-26,0.0,3.72125
DM-16-03-01-01,2026-08-27,69.966875,3.8578125
DM-16-03-01-01,2026-08-28,9.1959375,3.9160416666666666
DM-16-03-01-01,2026-08-29,0.10812499999999999,4.1265624999999995
DM-16-03-01-01,2026-08-30,0.01,4.1265624999999995
DM-16-03-01-01,2026-08-31,114.55927083333334,3.9713541666666665
DM-16-03-01-01,2026-09-01,109.17364583333334,3.9069791666666664
DM-16-03-02-01,2026-08-26,14.222604166666668,4.273124999999999
DM-16-03-02-01,2026-08-27,14.513958333333333,4.278854166666666
DM-16-03-02-01,2026-08-28,14.409374999999999,4.3012500000000005
DM-16-03-02-01,2026-08-29,15.27875,4.591458333333333
DM-16-03-02-01,2026-08-30,14.793750000000001,4.636979166666666
DM-16-03-02-01,2026-08-31,14.201041666666667,4.502083333333333
DM-16-03-02-01,2026-09-01,13.271875,4.425104166666666
DM-16-03-02-02,2026-08-26,116.8365625,4.140729166666667
DM-16-03-02-02,2026-08-27,111.1371875,4.202604166666666
DM-16-03-02-02,2026-08-28,117.39572916666667,4.308229166666666
DM-16-03-02-02,2026-08-29,123.13072916666665,4.544791666666667
DM-16-03-02-02,2026-08-30,123.13072916666665,4.544791666666667
DM-16-03-02-02,2026-08-31,117.464375,4.342083333333333
DM-16-03-02-02,2026-09-01,115.02927083333333,4.257499999999999
DM-16-03-03-01,2026-08-26,35.916041666666665,3.6733333333333333
DM-16-03-03-01,2026-08-27,34.0028125,3.7378125
DM-16-03-03-01,2026-08-28,34.6775,3.8605208333333336
DM-16-03-03-01,2026-08-29,36.0925,4.144791666666666
DM-16-03-03-01,2026-08-30,36.0925,4.144791666666666
DM-16-03-03-01,2026-08-31,39.674166666666665,3.908958333333333
DM-16-03-03-01,2026-09-01,38.78270833333333,3.827083333333333
DM-16-03-04-01,2026-08-26,120.00083333333333,3.5502083333333334
DM-16-03-04-01,2026-08-27,120.50854166666666,3.5554166666666664
DM-16-03-04-01,2026-08-28,122.11020833333333,3.5948958333333336
DM-16-03-04-01,2026-08-29,123.25072916666666,4.168541666666667
DM-16-03-04-01,2026-08-30,123.84020833333334,4.082708333333334
DM-16-03-04-01,2026-08-31,116.99416666666667,3.84625
DM-16-03-04-01,2026-09-01,115.97947916666668,3.774479166666667
DM-16-03-05-01,2026-08-26,157.703125,3.8233333333333337
DM-16-03-05-01,2026-08-27,163.06322916666667,3.8089583333333334
DM-16-03-05-01,2026-08-28,165.27385416666667,3.811875
DM-16-03-05-01,2026-08-29,176.18499999999997,4.162708333333334
DM-16-03-05-01,2026-08-30,176.8778125,4.195416666666667
DM-16-03-05-01,2026-08-31,156.38875,4.070416666666667
DM-16-03-05-01,2026-09-01,154.11291666666668,3.991875
DM-16-03-05-02,2026-08-26,93.77510416666667,4.159270833333333
DM-16-03-05-02,2026-08-27,87.81885416666667,4.2984374999999995
DM-16-03-05-02,2026-08-28,82.7725,4.336458333333334
DM-16-03-05-02,2026-08-29,72.29010416666667,4.588333333333334
DM-16-03-05-02,2026-08-30,72.29010416666667,4.588333333333334
DM-16-03-05-02,2026-08-31,90.32333333333334,4.3921874999999995
DM-16-03-05-02,2026-09-01,86.7115625,4.2742708333333335
DM-16-03-06-01,2026-08-26,294.57677083333334,3.1966666666666668
DM-16-03-06-01,2026-08-27,291.551875,3.319479166666667
DM-16-03-06-01,2026-08-28,293.8434375,3.372708333333333
DM-16-03-06-01,2026-08-29,276.4223958333333,3.673958333333333
DM-16-03-06-01,2026-08-30,276.4223958333333,3.673958333333333
DM-16-03-06-01,2026-08-31,328.0384375,3.3037500000000004
DM-16-03-06-01,2026-09-01,261.8172916666667,3.4236458333333335
DM-16-03-07-01,2026-08-26,79.69302083333334,3.4332291666666666
DM-16-03-07-01,2026-08-27,77.893125,3.431354166666667
DM-16-03-07-01,2026-08-28,77.40416666666667,3.4452083333333334
DM-16-03-07-01,2026-08-29,81.7975,3.9291666666666667
DM-16-03-07-01,2026-08-30,82.41364583333333,3.8315625
DM-16-03-07-01,2026-08-31,76.17218749999999,3.6903124999999997
DM-16-03-07-01,2026-09-01,73.81041666666667,3.641875
DM-16-03-08-01,2026-08-26,125.96468750000001,2.3219791666666665
DM-16-03-08-01,2026-08-27,125.34427083333333,2.6352083333333334
DM-16-03-08-01,2026-08-28,124.52364583333333,3.2073958333333334
DM-16-03-08-01,2026-08-29,137.26416666666668,3.7930208333333333
DM-16-03-08-01,2026-08-30,137.26416666666668,3.7930208333333333
DM-16-03-08-01,2026-08-31,124.27572916666666,1.9657291666666667
DM-16-03-08-01,2026-09-01,120.561875,2.356145833333333
DM-16-04-01-01,2026-08-26,91.45416666666667,5.316145833333334
DM-16-04-01-01,2026-08-27,89.43583333333333,5.346354166666667
DM-16-04-01-01,2026-08-28,89.814375,5.241666666666666
DM-16-04-01-01,2026-08-29,98.69447916666667,5.8495833333333325
DM-16-04-01-01,2026-08-30,99.56822916666665,5.782916666666666
DM-16-04-01-01,2026-08-31,89.33979166666667,5.384895833333334
DM-16-04-01-01,2026-09-01,89.67791666666666,5.219791666666667
DM-16-04-02-01,2026-08-26,64.71062500000001,4.175208333333333
DM-16-04-02-01,2026-08-27,64.285625,4.2977083333333335
DM-16-04-02-01,2026-08-28,62.9621875,4.3271875
DM-16-04-02-01,2026-08-29,67.41010416666667,4.4528125
DM-16-04-02-01,2026-08-30,67.41010416666667,4.4528125
DM-16-04-02-01,2026-08-31,61.740625,4.3777083333333335
DM-16-04-02-01,2026-09-01,59.0471875,4.259166666666666
DM-16-04-03-01,2026-08-26,95.57875,5.7575
DM-16-04-03-01,2026-08-27,98.80322916666667,5.8440625
DM-16-04-03-01,2026-08-28,102.72864583333335,5.848125
DM-16-04-03-01,2026-08-29,107.21989583333334,6.242708333333333
DM-16-04-03-01,2026-08-30,107.21989583333334,6.242708333333333
DM-16-04-03-01,2026-08-31,86.0096875,5.8421875000000005
DM-16-04-03-01,2026-09-01,84.7684375,5.677291666666666
DM-16-04-03-02,2026-08-26,79.02104166666668,5.12875
DM-16-04-03-02,2026-08-27,78.00135416666667,5.152604166666667
DM-16-04-03-02,2026-08-28,81.17343749999999,5.216458333333333
DM-16-04-03-02,2026-08-29,88.01489583333334,5.6073958333333325
DM-16-04-03-02,2026-08-30,88.01489583333334,5.6073958333333325
DM-16-04-03-02,2026-08-31,79.51510416666666,5.2101041666666665
DM-16-04-03-02,2026-09-01,78.119375,5.04
DM-16-04-04-01,2026-08-26,95.48656249999999,5.719895833333333
DM-16-04-04-01,2026-08-27,96.37645833333333,5.753958333333333
DM-16-04-04-01,2026-08-28,95.164375,5.633229166666666
DM-16-04-04-01,2026-08-29,93.87583333333333,6.204270833333333
DM-16-04-04-01,2026-08-30,97.0546875,6.239375
DM-16-04-04-01,2026-08-31,95.22302083333334,5.7690625
DM-16-04-04-01,2026-09-01,94.23135416666666,5.605729166666666
DM-16-04-05-01,2026-08-26,201.86916666666664,4.8923958333333335
DM-16-04-05-01,2026-08-27,189.25531249999997,4.8656250000000005
DM-16-04-05-01,2026-08-28,195.07604166666667,5.030208333333333
DM-16-04-05-01,2026-08-29,208.57052083333335,5.3542708333333335
DM-16-04-05-01,2026-08-30,208.57052083333335,5.3542708333333335
DM-16-04-05-01,2026-08-31,195.02458333333334,4.9593750000000005
DM-16-04-05-01,2026-09-01,193.92416666666668,4.851354166666667
DM-16-04-05-02,2026-08-26,110.64364583333334,5.6180208333333335
DM-16-04-05-02,2026-08-27,110.66885416666666,5.715729166666667
DM-16-04-05-02,2026-08-28,111.35812499999999,5.7384375
DM-16-04-05-02,2026-08-29,119.905625,6.160416666666666
DM-16-04-05-02,2026-08-30,119.905625,6.160416666666666
DM-16-04-05-02,2026-08-31,108.40677083333333,5.706770833333334
DM-16-04-05-02,2026-09-01,106.41895833333332,5.55875
DM-16-04-06-01,2026-08-26,268.3797916666667,5.348645833333333
DM-16-04-06-01,2026-08-27,267.6153125,5.283229166666667
DM-16-04-06-01,2026-08-28,266.97729166666664,5.2439583333333335
DM-16-04-06-01,2026-08-29,286.94114583333334,5.903333333333333
DM-16-04-06-01,2026-08-30,289.77500000000003,5.9128125
DM-16-04-06-01,2026-08-31,253.70239583333333,5.351458333333333
DM-16-04-06-01,2026-09-01,254.373125,5.294270833333333
DM-16-04-07-01,2026-08-26,44.44520833333333,4.619270833333333
DM-16-04-07-01,2026-08-27,44.44520833333333,4.619270833333333
DM-16-04-07-01,2026-08-28,44.44520833333333,4.619270833333333
DM-16-04-07-01,2026-08-29,46.720104166666665,4.87625
DM-16-04-07-01,2026-08-30,46.720104166666665,4.87625
DM-16-04-07-01,2026-08-31,44.44520833333333,4.619270833333333
DM-16-04-07-01,2026-09-01,43.936770833333334,4.5017708333333335
DM-16-05-01-01,2026-08-26,204.42104166666664,5.775625000000001
DM-16-05-01-01,2026-08-27,203.68416666666667,5.784895833333334
DM-16-05-01-01,2026-08-28,203.75625,5.6698958333333325
DM-16-05-01-01,2026-08-29,205.28375000000003,6.2742708333333335
DM-16-05-01-01,2026-08-30,204.103125,6.265104166666667
DM-16-05-01-01,2026-08-31,195.10760416666668,5.832604166666666
DM-16-05-01-01,2026-09-01,193.57854166666667,5.667083333333333
DM-16-05-02-01,2026-08-26,157.42458333333335,5.239895833333334
DM-16-05-02-01,2026-08-27,147.234375,5.221145833333334
DM-16-05-02-01,2026-08-28,156.24458333333334,5.345624999999999
DM-16-05-02-01,2026-08-29,165.2303125,5.705416666666667
DM-16-05-02-01,2026-08-30,165.2303125,5.705416666666667
DM-16-05-02-01,2026-08-31,160.0353125,5.276354166666667
DM-16-05-02-01,2026-09-01,154.49447916666665,5.115
DM-16-05-02-02,2026-08-26,106.71572916666666,5.7496875
DM-16-05-02-02,2026-08-27,93.80677083333335,5.6596875
DM-16-05-02-02,2026-08-28,94.66000000000001,5.913645833333334
DM-16-05-02-02,2026-08-29,96.74458333333332,6.399375
DM-16-05-02-02,2026-08-30,96.74458333333332,6.399375
DM-16-05-02-02,2026-08-31,109.66958333333334,5.763020833333333
DM-16-05-02-02,2026-09-01,108.59333333333332,5.571666666666666
DM-16-05-03-01,2026-08-26,235.81500000000003,5.517083333333333
DM-16-05-03-01,2026-08-27,235.8096875,5.573854166666667
DM-16-05-03-01,2026-08-28,236.6158333333333,5.5711458333333335
DM-16-05-03-01,2026-08-29,242.61687500000002,5.9096875
DM-16-05-03-01,2026-08-30,242.61687500000002,5.9096875
DM-16-05-03-01,2026-08-31,230.6640625,5.531874999999999
DM-16-05-03-01,2026-09-01,227.0767708333333,5.379166666666666
DM-16-05-03-02,2026-08-26,114.83229166666666,5.013333333333333
DM-16-05-03-02,2026-08-27,116.81552083333334,5.1128124999999995
DM-16-05-03-02,2026-08-28,116.53958333333333,5.13875
DM-16-05-03-02,2026-08-29,122.37666666666667,5.4496875
DM-16-05-03-02,2026-08-30,122.37666666666667,5.4496875
DM-16-05-03-02,2026-08-31,114.97104166666666,5.115729166666667
DM-16-05-03-02,2026-09-01,112.9790625,4.971770833333333
DM-16-05-04-01,2026-08-26,250.66489583333336,4.8298958333333335
DM-16-05-04-01,2026-08-27,254.10593749999998,4.802291666666666
DM-16-05-04-01,2026-08-28,250.9338541666667,4.668333333333334
DM-16-05-04-01,2026-08-29,260.3070833333333,4.961354166666667
DM-16-05-04-01,2026-08-30,258.3078125,5.003229166666666
DM-16-05-04-01,2026-08-31,244.9885416666667,4.5043750000000005
DM-16-05-04-01,2026-09-01,242.17270833333336,4.63875
DM-16-05-05-01,2026-08-26,82.26958333333333,4.89375
DM-16-05-05-01,2026-08-27,83.00177083333334,4.8340625
DM-16-05-05-01,2026-08-28,82.64145833333333,4.782291666666667
DM-16-05-05-01,2026-08-29,81.85927083333333,3.6366666666666667
DM-16-05-05-01,2026-08-30,84.97322916666667,3.9207291666666664
DM-16-05-05-01,2026-08-31,79.00635416666667,4.8790625
DM-16-05-05-01,2026-09-01,76.67583333333333,4.7978125
DM-16-06-01-01,2026-08-26,55.676874999999995,5.1059375000000005
DM-16-06-01-01,2026-08-27,52.935833333333335,5.000729166666667
DM-16-06-01-01,2026-08-28,54.679270833333334,5.135208333333334
DM-16-06-01-01,2026-08-29,54.67645833333333,5.346666666666667
DM-16-06-01-01,2026-08-30,54.67645833333333,5.346666666666667
DM-16-06-01-01,2026-08-31,54.23322916666667,5.109270833333333
DM-16-06-01-01,2026-09-01,53.076770833333335,4.970729166666667
DM-16-06-01-02,2026-08-26,187.8765625,4.6859375000000005
DM-16-06-01-02,2026-08-27,183.05510416666667,4.5112499999999995
DM-16-06-01-02,2026-08-28,187.39270833333333,4.683229166666666
DM-16-06-01-02,2026-08-29,193.98895833333333,4.917604166666666
DM-16-06-01-02,2026-08-30,193.98895833333333,4.917604166666666
DM-16-06-01-02,2026-08-31,187.2854166666667,4.656666666666667
DM-16-06-01-02,2026-09-01,184.93791666666667,4.4621875
DM-16-06-02-01,2026-08-26,154.5965625,4.951041666666667
DM-16-06-02-01,2026-08-27,148.96041666666667,4.7839583333333335
DM-16-06-02-01,2026-08-28,158.5190625,4.934270833333334
DM-16-06-02-01,2026-08-29,172.67802083333333,5.153958333333333
DM-16-06-02-01,2026-08-30,172.67802083333333,5.153958333333333
DM-16-06-02-01,2026-08-31,148.99822916666668,4.9904166666666665
DM-16-06-02-01,2026-09-01,146.8375,4.857916666666667
DM-16-06-03-01,2026-08-26,122.758125,4.364375
DM-16-06-03-01,2026-08-27,122.7628125,4.3815625
DM-16-06-03-01,2026-08-28,122.79177083333333,4.286770833333334
DM-16-06-03-01,2026-08-29,122.4771875,4.6903125
DM-16-06-03-01,2026-08-30,122.56375000000001,4.7281249999999995
DM-16-06-03-01,2026-08-31,117.74624999999999,4.5121875000000005
DM-16-06-03-01,2026-09-01,114.89291666666666,4.3859375
DM-16-06-03-02,2026-08-26,497.3464583333334,0.0
DM-16-06-03-02,2026-08-27,497.3464583333334,0.0
DM-16-06-03-02,2026-08-28,497.3464583333334,0.0
DM-16-06-03-02,2026-08-29,497.4573958333333,0.0
DM-16-06-03-02,2026-08-30,497.4573958333333,0.0
DM-16-06-03-02,2026-08-31,497.3464583333334,0.0
DM-16-06-03-02,2026-09-01,497.3464583333334,0.0
DM-16-06-04-01,2026-08-26,74.386875,4.548333333333333
DM-16-06-04-01,2026-08-27,72.43822916666666,4.6656249999999995
DM-16-06-04-01,2026-08-28,72.49,4.694270833333333
DM-16-06-04-01,2026-08-29,75.58041666666666,4.893020833333334
DM-16-06-04-01,2026-08-30,75.58041666666666,4.893020833333334
DM-16-06-04-01,2026-08-31,71.07229166666666,4.708020833333333
DM-16-06-04-01,2026-09-01,69.60510416666666,4.5853125
DM-16-06-04-02,2026-08-26,33.345625,4.7015625000000005
DM-16-06-04-02,2026-08-27,33.306979166666665,4.802395833333333
DM-16-06-04-02,2026-08-28,31.975104166666668,4.8415625
DM-16-06-04-02,2026-08-29,31.91625,5.0971874999999995
DM-16-06-04-02,2026-08-30,31.91625,5.0971874999999995
DM-16-06-04-02,2026-08-31,30.5253125,4.830729166666667
DM-16-06-04-02,2026-09-01,29.57875,4.593958333333333
DM-16-06-04-03,2026-08-26,20.723020833333333,5.452604166666667
DM-16-06-04-03,2026-08-27,20.723020833333333,5.452604166666667
DM-16-06-04-03,2026-08-28,20.723020833333333,5.452604166666667
DM-16-06-04-03,2026-08-29,21.6590625,5.514166666666667
DM-16-06-04-03,2026-08-30,21.070729166666666,5.498333333333334
DM-16-06-04-03,2026-08-31,20.723020833333333,5.452604166666667
DM-16-06-04-03,2026-09-01,20.723020833333333,5.452604166666667
DM-16-06-05-01,2026-08-26,138.93677083333333,4.693645833333333
DM-16-06-05-01,2026-08-27,137.3440625,4.815625
DM-16-06-05-01,2026-08-28,133.8865625,4.8566666666666665
DM-16-06-05-01,2026-08-29,139.27697916666668,5.090416666666667
DM-16-06-05-01,2026-08-30,139.27697916666668,5.090416666666667
DM-16-06-05-01,2026-08-31,131.20885416666667,4.848645833333333
DM-16-06-05-01,2026-09-01,131.94739583333333,4.726145833333333
DM-16-06-05-02,2026-08-26,47.901562500000004,5.2335416666666665
DM-16-06-05-02,2026-08-27,47.901562500000004,5.2335416666666665
DM-16-06-05-02,2026-08-28,47.901562500000004,5.2335416666666665
DM-16-06-05-02,2026-08-29,48.93520833333333,5.2528125
DM-16-06-05-02,2026-08-30,48.34697916666667,5.23625
DM-16-06-05-02,2026-08-31,47.901562500000004,5.2335416666666665
DM-16-06-05-02,2026-09-01,47.901562500000004,5.2335416666666665
DM-16-07-01-01,2026-08-26,167.91677083333335,5.936875000000001
DM-16-07-01-01,2026-08-27,158.989375,5.804062500000001
DM-16-07-01-01,2026-08-28,167.44822916666666,6.019583333333333
DM-16-07-01-01,2026-08-29,176.27447916666665,6.481979166666666
DM-16-07-01-01,2026-08-30,176.27447916666665,6.481979166666666
DM-16-07-01-01,2026-08-31,165.45052083333334,5.983229166666667
DM-16-07-01-01,2026-09-01,165.57489583333333,5.788854166666667
DM-16-07-02-01,2026-08-26,216.81781249999997,6.2335416666666665
DM-16-07-02-01,2026-08-27,200.83697916666665,6.017083333333333
DM-16-07-02-01,2026-08-28,219.1784375,6.465416666666666
DM-16-07-02-01,2026-08-29,224.70614583333335,6.8367708333333335
DM-16-07-02-01,2026-08-30,225.94270833333334,6.7910416666666675
DM-16-07-02-01,2026-08-31,214.84260416666666,6.2921875
DM-16-07-02-01,2026-09-01,211.48968749999997,6.105625
DM-16-07-03-01,2026-08-26,231.16583333333332,6.489999999999999
DM-16-07-03-01,2026-08-27,236.69177083333332,6.467083333333334
DM-16-07-03-01,2026-08-28,234.3134375,6.3696875
DM-16-07-03-01,2026-08-29,227.56375,7.28875
DM-16-07-03-01,2026-08-30,231.47572916666664,7.236875
DM-16-07-03-01,2026-08-31,228.61979166666666,6.502916666666667
DM-16-07-03-01,2026-09-01,219.6659375,6.195729166666666
DM-16-07-04-01,2026-08-26,34.798541666666665,5.923541666666666
DM-16-07-04-01,2026-08-27,34.72375,5.839791666666667
DM-16-07-04-01,2026-08-28,35.615208333333335,5.970416666666666
DM-16-07-04-01,2026-08-29,37.84072916666667,6.360833333333333
DM-16-07-04-01,2026-08-30,37.84072916666667,6.360833333333333
DM-16-07-04-01,2026-08-31,34.685625,5.927291666666666
DM-16-07-04-01,2026-09-01,32.807604166666664,5.702708333333334
DM-16-07-04-02,2026-08-26,228.09572916666664,7.199479166666666
DM-16-07-04-02,2026-08-27,227.49072916666668,7.3175
DM-16-07-04-02,2026-08-28,231.25468750000002,7.263229166666666
DM-16-07-04-02,2026-08-29,243.2428125,7.923333333333333
DM-16-07-04-02,2026-08-30,234.5354166666667,7.769270833333334
DM-16-07-04-02,2026-08-31,227.10041666666666,7.111875
DM-16-07-04-02,2026-09-01,230.93364583333334,7.296875
DM-16-07-05-01,2026-08-26,47.18291666666667,5.789687499999999
DM-16-07-05-01,2026-08-27,98.33791666666667,5.7903125
DM-16-07-05-01,2026-08-28,95.5371875,5.678229166666667
DM-16-07-05-01,2026-08-29,96.54291666666667,6.170625
DM-16-07-05-01,2026-08-30,99.83395833333333,6.152916666666666
DM-16-07-05-01,2026-08-31,93.87927083333334,5.7941666666666665
DM-16-07-05-01,2026-09-01,94.76916666666666,5.643645833333333
DM-16-07-06-02,2026-08-26,154.0959375,5.7575
DM-16-07-06-02,2026-08-27,154.0959375,5.7575
DM-16-07-06-02,2026-08-28,154.0959375,5.7575
DM-16-07-06-02,2026-08-29,161.3571875,6.0140625000000005
DM-16-07-06-02,2026-08-30,161.3571875,6.0140625000000005
DM-16-07-06-02,2026-08-31,150.80385416666667,5.706458333333334
DM-16-07-06-02,2026-09-01,148.543125,5.5590625
DM-16-07-07-01,2026-08-26,96.16739583333333,6.159479166666667
DM-16-07-07-01,2026-08-27,103.97583333333334,6.199791666666666
DM-16-07-07-01,2026-08-28,96.44625,6.2346875
DM-16-07-07-01,2026-08-29,95.33187500000001,6.558541666666667
DM-16-07-07-01,2026-08-30,95.33187500000001,6.558541666666667
DM-16-07-07-01,2026-08-31,95.7290625,6.1290625
DM-16-07-07-01,2026-09-01,91.25385416666667,5.9835416666666665
DM-16-07-07-02,2026-08-26,133.78052083333333,6.1184375
DM-16-07-07-02,2026-08-27,135.40854166666665,6.1023958333333335
DM-16-07-07-02,2026-08-28,135.76729166666667,5.9753125
DM-16-07-07-02,2026-08-29,138.78208333333333,6.4175
DM-16-07-07-02,2026-08-30,138.16635416666665,6.40375
DM-16-07-07-02,2026-08-31,132.83229166666666,6.076979166666667
DM-16-07-07-02,2026-09-01,131.90645833333335,5.934583333333333
DM-16-07-08-01,2026-08-26,121.21260416666667,5.340208333333333
DM-16-07-08-01,2026-08-27,121.8978125,5.314583333333333
DM-16-07-08-01,2026-08-28,123.01718749999999,5.1762500000000005
DM-16-07-08-01,2026-08-29,121.8184375,5.598958333333333
DM-16-07-08-01,2026-08-30,121.46697916666666,5.6066666666666665
DM-16-07-08-01,2026-08-31,113.88927083333334,5.337395833333333
DM-16-07-08-01,2026-09-01,113.23322916666666,5.1996875000000005
DM-16-07-08-02,2026-08-26,33.289375,0.11354166666666667
DM-16-07-08-02,2026-08-27,33.289375,0.11354166666666667
DM-16-07-08-02,2026-08-28,33.289375,0.11354166666666667
DM-16-07-08-02,2026-08-29,7.029895833333334,0.11614583333333334
DM-16-07-08-02,2026-08-30,19.565625,0.11614583333333334
DM-16-07-08-02,2026-08-31,32.63104166666667,0.11354166666666667
DM-16-07-08-02,2026-09-01,33.257395833333334,0.11354166666666667
DM-16-07-09-01,2026-08-26,143.68687500000001,5.094791666666667
DM-16-07-09-01,2026-08-27,143.84208333333333,5.068020833333333
DM-16-07-09-01,2026-08-28,143.30614583333332,4.935416666666667
DM-16-07-09-01,2026-08-29,140.91635416666665,5.333541666666666
DM-16-07-09-01,2026-08-30,139.81666666666666,5.348229166666666
DM-16-07-09-01,2026-08-31,137.17333333333332,5.089791666666667
DM-16-07-09-01,2026-09-01,133.90947916666667,4.9627083333333335
DM-16-08-01-01,2026-08-26,165.19958333333332,6.789270833333333
DM-16-08-01-01,2026-08-27,160.63270833333334,6.713958333333333
DM-16-08-01-01,2026-08-28,163.7096875,6.726041666666667
DM-16-08-01-01,2026-08-29,167.88302083333335,6.419583333333333
DM-16-08-01-01,2026-08-30,167.88302083333335,6.419583333333333
DM-16-08-01-01,2026-08-31,162.60708333333335,6.745104166666667
DM-16-08-01-01,2026-09-01,147.43760416666666,6.870833333333334
DM-16-08-02-01,2026-08-26,0.0,6.943020833333333
DM-16-08-02-01,2026-08-27,229.29375000000002,7.000208333333333
DM-16-08-02-01,2026-08-28,234.12885416666666,6.733750000000001
DM-16-08-02-01,2026-08-29,242.44927083333334,6.587083333333333
DM-16-08-02-01,2026-08-30,250.35666666666665,6.3843749999999995
DM-16-08-02-01,2026-08-31,229.75,6.910833333333334
DM-16-08-02-01,2026-09-01,229.79218749999998,6.962083333333333
DM-16-08-02-02,2026-08-26,24.163541666666664,3.5433333333333334
DM-16-08-02-02,2026-08-27,24.163541666666664,3.5433333333333334
DM-16-08-02-02,2026-08-28,24.163541666666664,3.5433333333333334
DM-16-08-02-02,2026-08-29,25.601145833333334,3.3891666666666667
DM-16-08-02-02,2026-08-30,25.545937499999997,3.4076041666666668
DM-16-08-02-02,2026-08-31,24.163541666666664,3.5433333333333334
DM-16-08-02-02,2026-09-01,24.163541666666664,3.5433333333333334
DM-16-08-03-01,2026-08-26,136.46041666666667,6.8125
DM-16-08-03-01,2026-08-27,127.28697916666665,6.399166666666667
DM-16-08-03-01,2026-08-28,133.13916666666668,6.694270833333333
DM-16-08-03-01,2026-08-29,135.28,6.570729166666666
DM-16-08-03-01,2026-08-30,135.28,6.570729166666666
DM-16-08-03-01,2026-08-31,135.3528125,6.737395833333333
DM-16-08-03-01,2026-09-01,137.86604166666666,6.736562500000001
DM-16-08-04-01,2026-08-26,171.74458333333334,4.534895833333334
DM-16-08-04-01,2026-08-27,171.74458333333334,4.534895833333334
DM-16-08-04-01,2026-08-28,171.74458333333334,4.534895833333334
DM-16-08-04-01,2026-08-29,181.26604166666667,4.660729166666667
DM-16-08-04-01,2026-08-30,178.33875,4.6775
DM-16-08-04-01,2026-08-31,171.74458333333334,4.534895833333334
DM-16-08-04-01,2026-09-01,171.74458333333334,4.534895833333334
DM-16-08-04-02,2026-08-26,106.0434375,4.028958333333333
DM-16-08-04-02,2026-08-27,103.59947916666665,4.0451041666666665
DM-16-08-04-02,2026-08-28,113.36312500000001,4.028229166666667
DM-16-08-04-02,2026-08-29,120.26479166666667,4.564375
DM-16-08-04-02,2026-08-30,123.89354166666668,4.4750000000000005
DM-16-08-04-02,2026-08-31,114.27020833333334,4.242395833333333
DM-16-08-04-02,2026-09-01,111.17364583333334,4.162083333333333
DM-17-01-02-01,2026-08-26,139.748125,4.4840625
DM-17-01-02-01,2026-08-27,139.51364583333333,4.4444791666666665
DM-17-01-02-01,2026-08-28,136.95322916666666,4.5109375
DM-17-01-02-01,2026-08-29,135.28375,4.603229166666667
DM-17-01-02-01,2026-08-30,127.450625,4.5628125
DM-17-01-02-01,2026-08-31,137.79791666666668,4.48375
DM-17-01-02-01,2026-09-01,133.56854166666668,4.4915625
DM-17-01-02-02,2026-08-26,155.46739583333334,3.1454166666666663
DM-17-01-02-02,2026-08-27,150.00208333333333,3.1105208333333336
DM-17-01-02-02,2026-08-28,154.46572916666665,3.1454166666666663
DM-17-01-02-02,2026-08-29,147.27447916666668,3.235208333333333
DM-17-01-02-02,2026-08-30,150.36010416666667,3.221041666666667
DM-17-01-02-02,2026-08-31,157.43572916666668,3.1714583333333333
DM-17-01-02-02,2026-09-01,157.12510416666666,3.1517708333333334
DM-17-01-03-01,2026-08-26,154.11739583333335,4.168020833333333
DM-17-01-03-01,2026-08-27,153.77927083333333,4.168958333333333
DM-17-01-03-01,2026-08-28,155.165625,4.162083333333333
DM-17-01-03-01,2026-08-29,152.575625,4.2725
DM-17-01-03-01,2026-08-30,153.78958333333333,4.1946875
DM-17-01-03-01,2026-08-31,155.68052083333333,4.147083333333334
DM-17-01-03-01,2026-09-01,155.63916666666668,4.193020833333333
DM-17-01-03-02,2026-08-26,177.5140625,3.1561458333333334
DM-17-01-03-02,2026-08-27,176.69583333333333,3.1263541666666668
DM-17-01-03-02,2026-08-28,178.06072916666665,3.175625
DM-17-01-03-02,2026-08-29,167.61979166666666,3.248125
DM-17-01-03-02,2026-08-30,167.91520833333334,3.2140625000000003
DM-17-01-03-02,2026-08-31,183.24708333333334,3.1538541666666666
DM-17-01-03-02,2026-09-01,176.78729166666668,3.158125
DM-17-01-04-01,2026-08-26,165.02,3.061666666666667
DM-17-01-04-01,2026-08-27,162.95979166666666,3.044791666666667
DM-17-01-04-01,2026-08-28,164.17885416666667,3.081354166666667
DM-17-01-04-01,2026-08-29,162.97885416666665,3.139583333333333
DM-17-01-04-01,2026-08-30,163.7003125,3.1167708333333333
DM-17-01-04-01,2026-08-31,161.87968750000002,3.1115625
DM-17-01-04-01,2026-09-01,159.3478125,3.1108333333333333
DM-17-01-05-01,2026-08-26,166.93072916666668,4.168020833333333
DM-17-01-05-01,2026-08-27,165.86177083333334,4.132291666666666
DM-17-01-05-01,2026-08-28,164.9071875,4.193958333333334
DM-17-01-05-01,2026-08-29,163.69083333333333,4.243645833333333
DM-17-01-05-01,2026-08-30,162.18072916666668,4.240104166666667
DM-17-01-05-01,2026-08-31,164.57802083333334,4.201875
DM-17-01-05-01,2026-09-01,163.53802083333332,4.1903125
DM-17-01-05-02,2026-08-26,81.39927083333333,2.3822916666666667
DM-17-01-05-02,2026-08-27,78.52854166666667,2.3850000000000002
DM-17-01-05-02,2026-08-28,78.0428125,2.401875
DM-17-01-05-02,2026-08-29,79.80239583333334,2.4770833333333333
DM-17-01-05-02,2026-08-30,80.13239583333333,2.4718750000000003
DM-17-01-05-02,2026-08-31,82.06510416666667,2.4132291666666665
DM-17-01-05-02,2026-09-01,78.2621875,2.39875
DM-17-01-06-01,2026-08-26,67.61802083333333,2.9566666666666666
DM-17-01-06-01,2026-08-27,68.86729166666667,2.9232291666666668
DM-17-01-06-01,2026-08-28,68.43166666666666,2.961770833333333
DM-17-01-06-01,2026-08-29,68.88322916666667,3.0570833333333334
DM-17-01-06-01,2026-08-30,68.15208333333334,3.0408333333333335
DM-17-01-06-01,2026-08-31,63.765208333333334,3.0327083333333333
DM-17-01-06-01,2026-09-01,60.24041666666667,3.0029166666666662
DM-17-01-06-02,2026-08-26,0.0284375,3.1567708333333333
DM-17-01-06-02,2026-08-27,0.06708333333333334,3.123958333333333
DM-17-01-06-02,2026-08-28,0.146875,3.1666666666666665
DM-17-01-06-02,2026-08-29,0.12385416666666667,3.23625
DM-17-01-06-02,2026-08-30,0.12145833333333333,3.2476041666666666
DM-17-01-06-02,2026-08-31,0.149375,3.2221875
DM-17-01-06-02,2026-09-01,0.13447916666666668,3.1810416666666668
DM-17-01-07-02,2026-08-26,224.26052083333332,2.3526041666666666
DM-17-01-07-02,2026-08-27,221.93354166666666,2.3357291666666664
DM-17-01-07-02,2026-08-28,228.51593749999998,2.3383333333333334
DM-17-01-07-02,2026-08-29,214.35302083333332,2.4854166666666666
DM-17-01-07-02,2026-08-30,212.08260416666667,2.4991666666666665
DM-17-01-07-02,2026-08-31,215.666875,2.478645833333333
DM-17-01-07-02,2026-09-01,223.10739583333336,2.395729166666667
DM-17-01-08-01,2026-08-26,52.4840625,1.840625
DM-17-01-08-01,2026-08-27,43.92083333333333,1.8386458333333333
DM-17-01-08-01,2026-08-28,48.78104166666666,1.8609375000000001
DM-17-01-08-01,2026-08-29,37.06666666666667,1.9401041666666667
DM-17-01-08-01,2026-08-30,29.275833333333335,2.0461458333333336
DM-17-01-08-01,2026-08-31,51.83135416666667,1.863125
DM-17-01-08-01,2026-09-01,48.61739583333334,1.8854166666666667
DM-17-01-08-02,2026-08-26,82.54489583333334,3.3222916666666666
DM-17-01-08-02,2026-08-27,89.21239583333333,3.2851041666666667
DM-17-01-08-02,2026-08-28,81.0946875,3.3320833333333333
DM-17-01-08-02,2026-08-29,84.22791666666667,3.3951041666666666
DM-17-01-08-02,2026-08-30,76.92416666666666,3.3948958333333334
DM-17-01-08-02,2026-08-31,83.02979166666667,3.3622916666666662
DM-17-01-08-02,2026-09-01,89.28531249999999,3.352395833333333
DM-17-01-08-03,2026-08-26,62.00083333333333,2.129583333333333
DM-17-01-08-03,2026-08-27,60.8946875,2.1058333333333334
DM-17-01-08-03,2026-08-28,61.835208333333334,2.1284375
DM-17-01-08-03,2026-08-29,56.96729166666666,2.1733333333333333
DM-17-01-08-03,2026-08-30,53.36708333333333,2.2423958333333336
DM-17-01-08-03,2026-08-31,61.403333333333336,2.1475
DM-17-01-08-03,2026-09-01,61.2628125,2.1480208333333333
DM-17-01-09-01,2026-08-26,255.90322916666665,1.6259375
DM-17-01-09-01,2026-08-27,256.7427083333333,1.62375
DM-17-01-09-01,2026-08-28,255.7307291666667,1.635
DM-17-01-09-01,2026-08-29,262.276875,1.7373958333333333
DM-17-01-09-01,2026-08-30,269.8021875,1.8021874999999998
DM-17-01-09-01,2026-08-31,255.2940625,1.6716666666666666
DM-17-01-09-01,2026-09-01,250.07822916666666,1.6622916666666667
DM-17-01-10-01,2026-08-26,139.78010416666666,1.8389583333333333
DM-17-01-10-01,2026-08-27,142.89739583333332,1.8090624999999998
DM-17-01-10-01,2026-08-28,143.6109375,1.8034375
DM-17-01-10-01,2026-08-29,147.99479166666666,1.8757291666666667
DM-17-01-10-01,2026-08-30,135.505625,1.9962499999999999
DM-17-01-10-01,2026-08-31,129.71625,1.9077083333333331
DM-17-01-10-01,2026-09-01,136.22041666666667,1.8470833333333332
DM-17-01-10-02,2026-08-26,67.46302083333333,2.2075
DM-17-01-10-02,2026-08-27,64.18249999999999,2.2167708333333334
DM-17-01-10-02,2026-08-28,75.06750000000001,2.1753125
DM-17-01-10-02,2026-08-29,65.68552083333333,2.3103124999999998
DM-17-01-10-02,2026-08-30,66.40791666666667,2.384583333333333
DM-17-01-10-02,2026-08-31,68.57614583333334,2.2715625
DM-17-01-10-02,2026-09-01,67.69979166666667,2.2440625
DM-17-01-11-01,2026-08-26,133.96822916666667,2.8629166666666666
DM-17-01-11-01,2026-08-27,142.93729166666665,2.8191666666666664
DM-17-01-11-01,2026-08-28,131.8453125,2.7914583333333334
DM-17-01-11-01,2026-08-29,101.81031250000001,3.0809374999999997
DM-17-01-11-01,2026-08-30,98.7525,3.2397916666666666
DM-17-01-11-01,2026-08-31,129.09541666666667,2.87875
DM-17-01-11-01,2026-09-01,128.98656250000002,2.816875
DM-17-01-11-02,2026-08-26,0.05000000000000001,4.905833333333333
DM-17-01-11-02,2026-08-27,0.0346875,4.4196875
DM-17-01-11-02,2026-08-28,0.011145833333333334,4.619583333333334
DM-17-01-11-02,2026-08-29,0.012291666666666666,6.1846875
DM-17-01-11-02,2026-08-30,0.012708333333333334,6.9028125
DM-17-01-11-02,2026-08-31,0.010729166666666666,5.418645833333334
DM-17-01-11-02,2026-09-01,0.014583333333333335,5.288541666666666
DM-17-01-11-03,2026-08-26,0.05000000000000001,9.428229166666666
DM-17-01-11-03,2026-08-27,0.03125,9.141875
DM-17-01-11-03,2026-08-28,0.0030208333333333337,9.418020833333333
DM-17-01-11-03,2026-08-29,0.0103125,10.16
DM-17-01-11-03,2026-08-30,0.010729166666666666,10.4759375
DM-17-01-11-03,2026-08-31,0.0033333333333333335,9.594583333333334
DM-17-01-11-03,2026-09-01,0.006979166666666667,9.540416666666667
DM-17-01-11-04,2026-08-26,1.2890625,4.87
DM-17-01-11-04,2026-08-27,1.1590624999999999,4.168541666666667
DM-17-01-11-04,2026-08-28,1.1300000000000001,4.407916666666667
DM-17-01-11-04,2026-08-29,0.8947916666666668,6.854375
DM-17-01-11-04,2026-08-30,0.8377083333333334,7.870208333333333
DM-17-01-11-04,2026-08-31,0.9809375,5.525833333333334
DM-17-01-11-04,2026-09-01,0.9278124999999999,5.387291666666666
DM-17-02-02-01,2026-08-26,291.0286458333333,6.0390625
DM-17-02-02-01,2026-08-27,287.43593749999997,6.026770833333334
DM-17-02-02-01,2026-08-28,283.8979166666667,5.8675
DM-17-02-02-01,2026-08-29,309.22822916666667,6.095833333333334
DM-17-02-02-01,2026-08-30,331.2005208333333,6.3246875
DM-17-02-02-01,2026-08-31,289.0698958333333,5.920625
DM-17-02-02-01,2026-09-01,285.789375,5.899375
DM-17-03-01-01,2026-08-26,223.71729166666668,8.460416666666667
DM-17-03-01-01,2026-08-27,222.60791666666668,8.4628125
DM-17-03-01-01,2026-08-28,226.10875,8.629479166666666
DM-17-03-01-01,2026-08-29,242.39072916666666,8.608020833333333
DM-17-03-01-01,2026-08-30,240.47875,8.417291666666666
DM-17-03-01-01,2026-08-31,223.86520833333336,8.662916666666666
DM-17-03-01-01,2026-09-01,220.79156250000003,8.272604166666666
DM-17-03-01-02,2026-08-26,249.00604166666668,5.8421875000000005
DM-17-03-01-02,2026-08-27,248.338125,5.903958333333333
DM-17-03-01-02,2026-08-28,260.59479166666665,5.986875
DM-17-03-01-02,2026-08-29,234.2571875,6.2448958333333335
DM-17-03-01-02,2026-08-30,234.7471875,6.0984375
DM-17-03-01-02,2026-08-31,256.02833333333336,6.133333333333333
DM-17-03-01-02,2026-09-01,254.0490625,5.7915625
DM-17-03-02-01,2026-08-26,43.573125,8.576979166666666
DM-17-03-02-01,2026-08-27,40.4809375,8.6278125
DM-17-03-02-01,2026-08-28,52.9540625,8.768541666666666
DM-17-03-02-01,2026-08-29,49.869375,8.916458333333333
DM-17-03-02-01,2026-08-30,45.22875,8.773229166666667
DM-17-03-02-01,2026-08-31,39.583958333333335,8.853020833333334
DM-17-03-02-01,2026-09-01,36.955416666666665,8.5090625
DM-17-03-03-01,2026-08-26,0.05000000000000001,9.349791666666667
DM-17-03-03-01,2026-08-27,37.89833333333333,9.355
DM-17-03-03-01,2026-08-28,93.37989583333332,9.456666666666667
DM-17-03-03-01,2026-08-29,94.81104166666667,9.506041666666667
DM-17-03-03-01,2026-08-30,92.65499999999999,9.336041666666667
DM-17-03-03-01,2026-08-31,93.37989583333332,9.55875
DM-17-03-03-01,2026-09-01,87.76833333333333,9.097604166666667
DM-17-03-03-02,2026-08-26,0.0,0.0
DM-17-03-03-02,2026-08-27,0.0,0.0
DM-17-03-03-02,2026-08-28,0.0,0.0
DM-17-03-03-02,2026-08-29,0.0,0.0
DM-17-03-03-02,2026-08-30,0.0,0.0
DM-17-03-03-02,2026-08-31,0.0,0.0
DM-17-03-03-02,2026-09-01,0.0,0.0
DM-17-03-03-03,2026-08-26,182.09114583333334,7.635416666666667
DM-17-03-03-03,2026-08-27,182.62875,7.62875
DM-17-03-03-03,2026-08-28,188.03520833333334,7.7971875
DM-17-03-03-03,2026-08-29,166.26083333333332,8.0440625
DM-17-03-03-03,2026-08-30,160.5153125,7.80375
DM-17-03-03-03,2026-08-31,179.62708333333333,7.778645833333333
DM-17-03-03-03,2026-09-01,179.56281249999998,7.5105208333333335
DM-17-03-04-01,2026-08-26,22.672812500000003,9.871145833333333
DM-17-03-04-01,2026-08-27,13.742395833333333,9.853125
DM-17-03-04-01,2026-08-28,20.04375,10.055312500000001
DM-17-03-04-01,2026-08-29,15.15375,10.3059375
DM-17-03-04-01,2026-08-30,17.456770833333334,10.0446875
DM-17-03-04-01,2026-08-31,16.322916666666668,10.016562500000001
DM-17-03-04-01,2026-09-01,21.597916666666666,9.673020833333334
DM-17-03-04-02,2026-08-26,0.009375,10.392395833333333
DM-17-03-04-02,2026-08-27,0.0103125,10.347916666666666
DM-17-03-04-02,2026-08-28,0.009791666666666666,10.542708333333334
DM-17-03-04-02,2026-08-29,0.017499999999999998,10.791041666666667
DM-17-03-04-02,2026-08-30,0.01885416666666667,10.486979166666666
DM-17-03-04-02,2026-08-31,0.009791666666666666,10.491041666666666
DM-17-03-04-02,2026-09-01,0.009895833333333333,10.152708333333333
DM-17-03-05-02,2026-08-26,231.2380208333333,7.676145833333333
DM-17-03-05-02,2026-08-27,233.5853125,7.6290625
DM-17-03-05-02,2026-08-28,233.9978125,7.7629166666666665
DM-17-03-05-02,2026-08-29,229.65458333333333,7.971770833333333
DM-17-03-05-02,2026-08-30,211.24541666666667,7.883958333333333
DM-17-03-05-02,2026-08-31,214.66364583333333,7.960520833333334
DM-17-03-05-02,2026-09-01,235.13614583333333,7.548645833333333
DM-17-03-05-03,2026-08-26,279.489375,8.3778125
DM-17-03-05-03,2026-08-27,262.969375,8.439583333333333
DM-17-03-05-03,2026-08-28,266.77500000000003,8.59625
DM-17-03-05-03,2026-08-29,279.75864583333333,8.729583333333332
DM-17-03-05-03,2026-08-30,241.54135416666668,8.726458333333333
DM-17-03-05-03,2026-08-31,247.26333333333332,8.673125
DM-17-03-05-03,2026-09-01,250.49052083333333,8.332916666666668
DM-17-03-05-04,2026-08-26,216.40114583333332,6.816770833333333
DM-17-03-05-04,2026-08-27,216.40114583333332,6.816770833333333
DM-17-03-05-04,2026-08-28,216.40114583333332,6.816770833333333
DM-17-03-05-04,2026-08-29,212.46708333333333,6.5928125
DM-17-03-05-04,2026-08-30,211.07052083333335,6.4925
DM-17-03-05-04,2026-08-31,216.40114583333332,6.816770833333333
DM-17-03-05-04,2026-09-01,216.40114583333332,6.816770833333333
DM-17-03-06-01,2026-08-26,222.26947916666666,6.463333333333334
DM-17-03-06-01,2026-08-27,222.26947916666666,6.463333333333334
DM-17-03-06-01,2026-08-28,222.26947916666666,6.463333333333334
DM-17-03-06-01,2026-08-29,233.4284375,6.455208333333334
DM-17-03-06-01,2026-08-30,230.469375,6.400520833333334
DM-17-03-06-01,2026-08-31,222.26947916666666,6.463333333333334
DM-17-03-06-01,2026-09-01,222.26947916666666,6.463333333333334
DM-17-03-06-02,2026-08-26,229.17760416666667,5.6710416666666665
DM-17-03-06-02,2026-08-27,219.975,5.776354166666667
DM-17-03-06-02,2026-08-28,237.47979166666667,5.79375
DM-17-03-06-02,2026-08-29,240.07583333333332,5.940520833333333
DM-17-03-06-02,2026-08-30,237.30937500000002,5.808854166666666
DM-17-03-06-02,2026-08-31,214.51531250000002,6.035833333333334
DM-17-03-06-02,2026-09-01,216.040625,5.845
DM-17-03-07-01,2026-08-26,121.24802083333333,5.558229166666667
DM-17-03-07-01,2026-08-27,128.53364583333334,5.5058333333333325
DM-17-03-07-01,2026-08-28,122.40645833333333,5.615208333333334
DM-17-03-07-01,2026-08-29,120.50552083333334,5.652395833333333
DM-17-03-07-01,2026-08-30,110.13447916666667,5.5559375
DM-17-03-07-01,2026-08-31,112.73052083333334,5.6225
DM-17-03-07-01,2026-09-01,119.78729166666666,5.468645833333333
DM-17-03-07-02,2026-08-26,203.50583333333336,5.580208333333334
DM-17-03-07-02,2026-08-27,222.81572916666667,5.4034375
DM-17-03-07-02,2026-08-28,204.90156249999998,5.6582291666666675
DM-17-03-07-02,2026-08-29,204.67437500000003,5.7480208333333325
DM-17-03-07-02,2026-08-30,177.29510416666668,5.726875
DM-17-03-07-02,2026-08-31,173.24979166666665,5.805833333333333
DM-17-03-07-02,2026-09-01,203.139375,5.509270833333333
DM-17-04-01-01,2026-08-26,177.02239583333335,4.204791666666667
DM-17-04-01-01,2026-08-27,176.07375,4.121666666666667
DM-17-04-01-01,2026-08-28,178.01020833333334,4.2221874999999995
DM-17-04-01-01,2026-08-29,163.16291666666666,4.341145833333333
DM-17-04-01-01,2026-08-30,164.2564583333333,4.251666666666667
DM-17-04-01-01,2026-08-31,178.96447916666668,4.205104166666667
DM-17-04-01-01,2026-09-01,180.09979166666668,4.2559375
DM-17-04-01-02,2026-08-26,137.81635416666668,4.5803125
DM-17-04-01-02,2026-08-27,136.53166666666667,4.5046875
DM-17-04-01-02,2026-08-28,142.97604166666667,4.605416666666667
DM-17-04-01-02,2026-08-29,141.80145833333333,4.726979166666667
DM-17-04-01-02,2026-08-30,135.91489583333333,4.6534375
DM-17-04-01-02,2026-08-31,135.06697916666667,4.6009375
DM-17-04-01-02,2026-09-01,142.01822916666666,4.625416666666667
DM-17-04-02-01,2026-08-26,335.5265625,3.8901041666666667
DM-17-04-02-01,2026-08-27,332.51177083333334,3.849375
DM-17-04-02-01,2026-08-28,337.0023958333333,3.92125
DM-17-04-02-01,2026-08-29,337.74302083333333,4.030625
DM-17-04-02-01,2026-08-30,344.6192708333333,3.881770833333333
DM-17-04-02-01,2026-08-31,337.7384375,3.8856249999999997
DM-17-04-02-01,2026-09-01,332.00697916666667,3.9573958333333334
DM-17-04-02-02,2026-08-26,231.96541666666667,4.746041666666667
DM-17-04-02-02,2026-08-27,232.45072916666666,4.714791666666667
DM-17-04-02-02,2026-08-28,229.23427083333334,4.756458333333334
DM-17-04-02-02,2026-08-29,192.94187499999998,4.9234374999999995
DM-17-04-02-02,2026-08-30,203.64854166666666,4.8332291666666665
DM-17-04-02-02,2026-08-31,224.09885416666668,4.7875000000000005
DM-17-04-02-02,2026-09-01,220.2564583333333,4.8237499999999995
DM-17-04-03-01,2026-08-26,170.9076041666667,7.681041666666666
DM-17-04-03-01,2026-08-27,172.57791666666665,7.52375
DM-17-04-03-01,2026-08-28,171.71770833333335,7.624791666666667
DM-17-04-03-01,2026-08-29,174.2278125,7.7527083333333335
DM-17-04-03-01,2026-08-30,175.1709375,7.673020833333333
DM-17-04-03-01,2026-08-31,169.02291666666667,7.686145833333334
DM-17-04-03-01,2026-09-01,168.79322916666666,7.715729166666667
DM-17-04-03-02,2026-08-26,188.32333333333335,3.4902083333333334
DM-17-04-03-02,2026-08-27,188.2459375,3.421875
DM-17-04-03-02,2026-08-28,192.04645833333333,3.5111458333333334
DM-17-04-03-02,2026-08-29,170.44895833333334,3.6178125
DM-17-04-03-02,2026-08-30,170.32739583333333,3.506979166666667
DM-17-04-03-02,2026-08-31,197.26958333333334,3.5206250000000003
DM-17-04-03-02,2026-09-01,199.2228125,3.622291666666667
DM-17-04-04-01,2026-08-26,262.453125,3.931770833333333
DM-17-04-04-01,2026-08-27,259.5370833333333,3.8857291666666662
DM-17-04-04-01,2026-08-28,262.40791666666667,3.9696874999999996
DM-17-04-04-01,2026-08-29,266.4459375,4.028958333333333
DM-17-04-04-01,2026-08-30,267.6432291666667,3.9594791666666667
DM-17-04-04-01,2026-08-31,253.6911458333333,4.014270833333334
DM-17-04-04-01,2026-09-01,250.30041666666668,4.04375
DM-17-04-04-02,2026-08-26,115.17020833333333,5.666354166666667
DM-17-04-04-02,2026-08-27,115.02916666666665,5.580208333333334
DM-17-04-04-02,2026-08-28,118.25833333333333,5.714791666666667
DM-17-04-04-02,2026-08-29,125.50020833333333,5.814687500000001
DM-17-04-04-02,2026-08-30,126.57541666666667,5.718333333333334
DM-17-04-04-02,2026-08-31,113.3696875,5.666354166666667
DM-17-04-04-02,2026-09-01,113.09770833333333,5.738854166666666
DM-17-04-05-01,2026-08-26,0.0,5.758020833333333
DM-17-04-05-01,2026-08-27,0.28010416666666665,5.670104166666667
DM-17-04-05-01,2026-08-28,0.7103125,5.790104166666667
DM-17-04-05-01,2026-08-29,0.7645833333333334,5.908541666666667
DM-17-04-05-01,2026-08-30,0.7576041666666667,5.810729166666667
DM-17-04-05-01,2026-08-31,0.7043750000000001,5.73
DM-17-04-05-01,2026-09-01,0.6671874999999999,5.815520833333333
DM-17-04-05-02,2026-08-26,292.62864583333334,3.8629166666666666
DM-17-04-05-02,2026-08-27,289.4298958333333,3.7622916666666666
DM-17-04-05-02,2026-08-28,294.8828125,3.9169791666666662
DM-17-04-05-02,2026-08-29,308.3339583333333,4.049479166666667
DM-17-04-05-02,2026-08-30,308.32427083333334,3.9315625
DM-17-04-05-02,2026-08-31,291.4428125,3.8303125
DM-17-04-05-02,2026-09-01,300.43333333333334,4.014270833333334
DM-17-04-06-01,2026-08-26,180.56927083333335,4.46375
DM-17-04-06-01,2026-08-27,178.12385416666666,4.4440625
DM-17-04-06-01,2026-08-28,179.93781249999998,4.4940625
DM-17-04-06-01,2026-08-29,182.78458333333333,4.556979166666666
DM-17-04-06-01,2026-08-30,184.6875,4.496979166666667
DM-17-04-06-01,2026-08-31,175.91437499999998,4.546875
DM-17-04-06-01,2026-09-01,172.87875,4.5509375
DM-17-04-06-02,2026-08-26,237.06083333333333,4.596875
DM-17-04-06-02,2026-08-27,235.29375000000002,4.566770833333334
DM-17-04-06-02,2026-08-28,235.72947916666666,4.627083333333333
DM-17-04-06-02,2026-08-29,240.54260416666668,4.688125
DM-17-04-06-02,2026-08-30,242.2279166666667,4.649375
DM-17-04-06-02,2026-08-31,229.93864583333334,4.625729166666667
DM-17-04-06-02,2026-09-01,225.97333333333333,4.627291666666667
DM-17-05-01-01,2026-08-26,354.9590625,9.417291666666666
DM-17-05-01-01,2026-08-27,346.03229166666665,9.011770833333333
DM-17-05-01-01,2026-08-28,356.34468749999996,9.518749999999999
DM-17-05-01-01,2026-08-29,365.57885416666664,10.194583333333332
DM-17-05-01-01,2026-08-30,363.13916666666665,9.997083333333334
DM-17-05-01-01,2026-08-31,329.5672916666667,8.6215625
DM-17-05-01-01,2026-09-01,360.98197916666663,9.023333333333333
DM-17-05-02-01,2026-08-26,278.4846875,8.371354166666666
DM-17-05-02-01,2026-08-27,273.54552083333334,8.0234375
DM-17-05-02-01,2026-08-28,276.1848958333333,8.466770833333333
DM-17-05-02-01,2026-08-29,300.25666666666666,8.7215625
DM-17-05-02-01,2026-08-30,299.06677083333335,8.557812499999999
DM-17-05-02-01,2026-08-31,265.81354166666665,7.5003125
DM-17-05-02-01,2026-09-01,273.52760416666666,7.956770833333334
DM-17-05-03-01,2026-08-26,112.62552083333333,4.761770833333333
DM-17-05-03-01,2026-08-27,107.195625,4.6902083333333335
DM-17-05-03-01,2026-08-28,108.46614583333333,4.799895833333333
DM-17-05-03-01,2026-08-29,105.95239583333334,4.95
DM-17-05-03-01,2026-08-30,102.19927083333333,4.865208333333333
DM-17-05-03-01,2026-08-31,103.68666666666667,4.79625
DM-17-05-03-01,2026-09-01,105.75458333333334,4.861979166666667
DM-17-05-04-01,2026-08-26,480.2345833333333,8.025833333333333
DM-17-05-04-01,2026-08-27,471.63395833333334,7.715729166666667
DM-17-05-04-01,2026-08-28,482.4179166666667,8.030520833333332
DM-17-05-04-01,2026-08-29,478.655,8.656145833333333
DM-17-05-04-01,2026-08-30,481.69239583333336,8.4815625
DM-17-05-04-01,2026-08-31,457.363125,7.222916666666666
DM-17-05-04-01,2026-09-01,471.4898958333333,7.617916666666667
DM-17-05-05-01,2026-08-26,337.5882291666667,3.9939583333333335
DM-17-05-05-01,2026-08-27,330.04791666666665,3.932395833333333
DM-17-05-05-01,2026-08-28,329.520625,3.988125
DM-17-05-05-01,2026-08-29,332.84499999999997,4.2746875
DM-17-05-05-01,2026-08-30,335.74093750000003,4.2205208333333335
DM-17-05-05-01,2026-08-31,327.08427083333333,3.7044791666666668
DM-17-05-05-01,2026-09-01,326.11333333333334,3.8298958333333335
DM-17-05-05-02,2026-08-26,75.8490625,5.265104166666666
DM-17-05-05-02,2026-08-27,75.51416666666667,5.154166666666667
DM-17-05-05-02,2026-08-28,77.37697916666666,5.201145833333333
DM-17-05-05-02,2026-08-29,81.52885416666668,5.5584375
DM-17-05-05-02,2026-08-30,88.71645833333334,5.521979166666667
DM-17-05-05-02,2026-08-31,76.045,4.9440625
DM-17-05-05-02,2026-09-01,74.84145833333334,5.056041666666666
DM-17-05-06-01,2026-08-26,391.31333333333333,7.2425
DM-17-05-06-01,2026-08-27,390.43072916666665,7.073645833333334
DM-17-05-06-01,2026-08-28,387.8659375,7.405208333333333
DM-17-05-06-01,2026-08-29,407.2736458333333,6.3871875
DM-17-05-06-01,2026-08-30,416.815625,6.5527083333333325
DM-17-05-06-01,2026-08-31,382.78489583333334,6.920208333333334
DM-17-05-06-01,2026-09-01,388.8319791666667,6.8374999999999995
DM-17-06-01-01,2026-08-26,157.42083333333332,5.183854166666666
DM-17-06-01-01,2026-08-27,156.52479166666666,5.144791666666666
DM-17-06-01-01,2026-08-28,159.18031249999999,5.2404166666666665
DM-17-06-01-01,2026-08-29,162.0303125,5.320625
DM-17-06-01-01,2026-08-30,161.4471875,5.3934375
DM-17-06-01-01,2026-08-31,159.40312500000002,5.277395833333333
DM-17-06-01-01,2026-09-01,156.98166666666665,5.205
DM-17-06-01-02,2026-08-26,257.58947916666665,4.092291666666667
DM-17-06-01-02,2026-08-27,255.90052083333333,4.040104166666667
DM-17-06-01-02,2026-08-28,257.68093749999997,4.1031249999999995
DM-17-06-01-02,2026-08-29,264.9978125,4.16625
DM-17-06-01-02,2026-08-30,267.7465625,4.110833333333333
DM-17-06-01-02,2026-08-31,259.5060416666667,4.112291666666667
DM-17-06-01-02,2026-09-01,257.171875,4.131875
DM-17-06-02-01,2026-08-26,212.98770833333333,6.254166666666666
DM-17-06-02-01,2026-08-27,209.97687499999998,6.227916666666666
DM-17-06-02-01,2026-08-28,210.98197916666666,6.343958333333333
DM-17-06-02-01,2026-08-29,217.39520833333333,6.360104166666667
DM-17-06-02-01,2026-08-30,211.32083333333333,6.2441666666666675
DM-17-06-02-01,2026-08-31,206.32833333333335,6.383958333333333
DM-17-06-02-01,2026-09-01,204.91333333333333,6.238229166666667
DM-17-06-02-02,2026-08-26,309.220625,3.9063541666666666
DM-17-06-02-02,2026-08-27,304.8584375,3.9059375000000003
DM-17-06-02-02,2026-08-28,312.9086458333333,3.9419791666666666
DM-17-06-02-02,2026-08-29,310.296875,4.008229166666667
DM-17-06-02-02,2026-08-30,302.7601041666667,3.96625
DM-17-06-02-02,2026-08-31,303.70416666666665,4.042604166666666
DM-17-06-02-02,2026-09-01,299.39197916666666,3.9361458333333332
DM-17-06-03-01,2026-08-26,345.8823958333333,5.0303125
DM-17-06-03-01,2026-08-27,342.393125,4.977916666666666
DM-17-06-03-01,2026-08-28,342.54968749999995,5.132604166666667
DM-17-06-03-01,2026-08-29,358.1875,5.194166666666667
DM-17-06-03-01,2026-08-30,347.4589583333333,5.118125
DM-17-06-03-01,2026-08-31,340.25114583333334,5.165729166666667
DM-17-06-03-01,2026-09-01,338.9485416666667,5.091666666666667
DM-17-06-04-01,2026-08-26,79.7421875,5.7934375
DM-17-06-04-01,2026-08-27,78.07416666666667,5.746041666666667
DM-17-06-04-01,2026-08-28,77.13458333333334,5.871145833333333
DM-17-06-04-01,2026-08-29,79.629375,5.935208333333333
DM-17-06-04-01,2026-08-30,75.4475,5.811041666666667
DM-17-06-04-01,2026-08-31,73.810625,5.877291666666667
DM-17-06-04-01,2026-09-01,79.17291666666667,5.783333333333334
DM-17-06-04-02,2026-08-26,72.70125,4.2872916666666665
DM-17-06-04-02,2026-08-27,71.06385416666667,4.2396875
DM-17-06-04-02,2026-08-28,72.63302083333333,4.2828124999999995
DM-17-06-04-02,2026-08-29,80.6275,4.396770833333333
DM-17-06-04-02,2026-08-30,81.3290625,4.3263541666666665
DM-17-06-04-02,2026-08-31,73.43385416666666,4.3254166666666665
DM-17-06-04-02,2026-09-01,68.4525,4.333958333333333
DM-17-06-04-03,2026-08-26,133.258125,4.325520833333333
DM-17-06-04-03,2026-08-27,132.0309375,4.197708333333334
DM-17-06-04-03,2026-08-28,133.1996875,4.303645833333333
DM-17-06-04-03,2026-08-29,147.33625,4.388958333333333
DM-17-06-04-03,2026-08-30,143.95291666666665,4.2951041666666665
DM-17-06-04-03,2026-08-31,132.99979166666665,4.3393749999999995
DM-17-06-04-03,2026-09-01,128.70916666666668,4.3040625
DM-17-06-04-04,2026-08-26,0.0,5.494375000000001
DM-17-06-04-04,2026-08-27,92.44791666666667,5.431354166666666
DM-17-06-04-04,2026-08-28,238.82604166666667,5.525312499999999
DM-17-06-04-04,2026-08-29,247.75177083333332,5.633333333333333
DM-17-06-04-04,2026-08-30,245.01874999999998,5.51875
DM-17-06-04-04,2026-08-31,230.7334375,5.53875
DM-17-06-04-04,2026-09-01,221.33885416666666,5.5406249999999995
DM-17-06-05-01,2026-08-26,372.48333333333335,5.426354166666666
DM-17-06-05-01,2026-08-27,375.1466666666667,5.363645833333333
DM-17-06-05-01,2026-08-28,372.63177083333335,5.4321875
DM-17-06-05-01,2026-08-29,383.556875,5.417604166666667
DM-17-06-05-01,2026-08-30,383.51239583333336,5.278645833333333
DM-17-06-05-01,2026-08-31,371.2636458333333,5.4355208333333325
DM-17-06-05-01,2026-09-01,366.00291666666664,5.324583333333334
DM-17-06-06-01,2026-08-26,147.6615625,3.7879166666666664
DM-17-06-06-01,2026-08-27,146.67447916666666,3.7684374999999997
DM-17-06-06-01,2026-08-28,147.53802083333332,3.8225
DM-17-06-06-01,2026-08-29,152.6528125,3.8578125
DM-17-06-06-01,2026-08-30,149.67708333333334,3.811875
DM-17-06-06-01,2026-08-31,146.49041666666668,3.8141666666666665
DM-17-06-06-01,2026-09-01,144.83979166666668,3.8703125000000003
DM-17-06-07-01,2026-08-26,139.67458333333335,4.6275
DM-17-06-07-01,2026-08-27,135.88395833333334,4.602083333333334
DM-17-06-07-01,2026-08-28,140.10958333333335,4.665729166666666
DM-17-06-07-01,2026-08-29,141.07541666666665,4.756458333333334
DM-17-06-07-01,2026-08-30,140.19604166666667,4.689583333333333
DM-17-06-07-01,2026-08-31,138.6465625,4.692916666666666
DM-17-06-07-01,2026-09-01,134.95197916666666,4.65375
DM-17-06-07-02,2026-08-26,119.03281249999999,3.7202083333333333
DM-17-06-07-02,2026-08-27,110.56635416666667,3.7330208333333332
DM-17-06-07-02,2026-08-28,114.24343750000001,3.7619791666666664
DM-17-06-07-02,2026-08-29,116.60614583333334,3.827291666666667
DM-17-06-07-02,2026-08-30,116.39291666666666,3.7694791666666667
DM-17-06-07-02,2026-08-31,112.50666666666666,3.7965625000000003
DM-17-06-07-02,2026-09-01,110.70375,3.764791666666667
DM-17-06-08-01,2026-08-26,135.0103125,3.3761458333333336
DM-17-06-08-01,2026-08-27,134.3646875,3.3518749999999997
DM-17-06-08-01,2026-08-28,136.18802083333333,3.3823958333333333
DM-17-06-08-01,2026-08-29,138.80916666666667,3.4692708333333333
DM-17-06-08-01,2026-08-30,138.29,3.4163541666666664
DM-17-06-08-01,2026-08-31,134.18510416666666,3.3802083333333335
DM-17-06-08-01,2026-09-01,133.37947916666667,3.3857291666666662
DM-17-06-08-02,2026-08-26,146.98645833333333,3.8166666666666664
DM-17-06-08-02,2026-08-27,146.0590625,3.8111458333333332
DM-17-06-08-02,2026-08-28,147.735625,3.8204166666666666
DM-17-06-08-02,2026-08-29,151.19395833333334,3.9146875
DM-17-06-08-02,2026-08-30,153.03979166666667,3.8660416666666664
DM-17-06-08-02,2026-08-31,146.06989583333333,3.8543749999999997
DM-17-06-08-02,2026-09-01,145.3021875,3.821145833333333
DM-17-07-01-01,2026-08-26,99.26822916666667,4.483125
DM-17-07-01-01,2026-08-27,94.07614583333333,4.468541666666667
DM-17-07-01-01,2026-08-28,91.44125000000001,4.483229166666667
DM-17-07-01-01,2026-08-29,95.48260416666666,4.5596875
DM-17-07-01-01,2026-08-30,97.00291666666668,4.542604166666666
DM-17-07-01-01,2026-08-31,87.83114583333334,4.505625
DM-17-07-01-01,2026-09-01,86.63552083333333,4.5060416666666665
DM-17-07-02-01,2026-08-26,0.05000000000000001,2.7511458333333336
DM-17-07-02-01,2026-08-27,63.68895833333334,2.7475
DM-17-07-02-01,2026-08-28,158.58989583333332,2.7330208333333332
DM-17-07-02-01,2026-08-29,160.58020833333333,3.0815625
DM-17-07-02-01,2026-08-30,158.57166666666666,3.0138541666666665
DM-17-07-02-01,2026-08-31,158.58989583333332,2.7495833333333333
DM-17-07-02-01,2026-09-01,148.40229166666668,2.7469791666666663
DM-17-07-03-01,2026-08-26,0.023229166666666665,3.1392708333333332
DM-17-07-03-01,2026-08-27,0.023229166666666665,3.1164583333333336
DM-17-07-03-01,2026-08-28,0.023229166666666665,3.1376041666666663
DM-17-07-03-01,2026-08-29,0.0134375,2.9725
DM-17-07-03-01,2026-08-30,0.01375,3.0254166666666666
DM-17-07-03-01,2026-08-31,0.023229166666666665,3.1567708333333333
DM-17-07-03-01,2026-09-01,0.023854166666666666,3.1435416666666662
DM-17-07-03-02,2026-08-26,126.13406250000001,3.356666666666667
DM-17-07-03-02,2026-08-27,130.04666666666665,3.319479166666667
DM-17-07-03-02,2026-08-28,126.13406250000001,3.3503125
DM-17-07-03-02,2026-08-29,125.68666666666667,3.279375
DM-17-07-03-02,2026-08-30,129.97552083333332,3.3245833333333334
DM-17-07-03-02,2026-08-31,126.13406250000001,3.3874999999999997
DM-17-07-03-02,2026-09-01,126.63947916666666,3.3646875
DM-17-07-04-01,2026-08-26,110.34052083333334,2.9404166666666662
DM-17-07-04-01,2026-08-27,111.34593749999999,2.9114583333333335
DM-17-07-04-01,2026-08-28,110.71197916666667,2.9198958333333334
DM-17-07-04-01,2026-08-29,116.65364583333333,2.9324999999999997
DM-17-07-04-01,2026-08-30,119.7340625,2.977604166666667
DM-17-07-04-01,2026-08-31,108.63114583333333,2.973333333333333
DM-17-07-04-01,2026-09-01,108.30114583333334,2.955208333333333
DM-17-07-04-02,2026-08-26,133.18927083333332,1.7504166666666665
DM-17-07-04-02,2026-08-27,134.70770833333333,1.741875
DM-17-07-04-02,2026-08-28,132.52979166666668,1.7440625
DM-17-07-04-02,2026-08-29,145.82489583333333,1.7590625
DM-17-07-04-02,2026-08-30,154.45145833333333,1.7952083333333333
DM-17-07-04-02,2026-08-31,129.86989583333335,1.7890625
DM-17-07-04-02,2026-09-01,129.165,1.7571875
DM-17-07-05-01,2026-08-26,72.99447916666666,3.701458333333333
DM-17-07-05-01,2026-08-27,70.85364583333333,3.705
DM-17-07-05-01,2026-08-28,60.25062500000001,3.7175
DM-17-07-05-01,2026-08-29,71.61416666666666,3.791770833333333
DM-17-07-05-01,2026-08-30,71.41583333333334,3.7628125000000003
DM-17-07-05-01,2026-08-31,63.071666666666665,3.6810416666666668
DM-17-07-05-01,2026-09-01,62.553958333333334,3.709895833333333
DM-17-07-06-01,2026-08-26,115.1275,4.311354166666667
DM-17-07-06-01,2026-08-27,116.30895833333334,4.280729166666666
DM-17-07-06-01,2026-08-28,145.078125,4.0903125000000005
DM-17-07-06-01,2026-08-29,137.68,4.249270833333333
DM-17-07-06-01,2026-08-30,146.65333333333334,4.1978125
DM-17-07-06-01,2026-08-31,144.39958333333334,4.0815624999999995
DM-17-07-06-01,2026-09-01,142.58812500000002,4.1315625
DM-17-07-06-02,2026-08-26,221.80947916666665,3.03
DM-17-07-06-02,2026-08-27,221.13854166666667,3.0418749999999997
DM-17-07-06-02,2026-08-28,199.33885416666666,3.139375
DM-17-07-06-02,2026-08-29,229.10104166666667,3.0584375
DM-17-07-06-02,2026-08-30,231.77333333333334,3.0484375
DM-17-07-06-02,2026-08-31,194.25041666666667,3.146354166666667
DM-17-07-06-02,2026-09-01,189.1590625,3.1605208333333334
DM-17-07-07-01,2026-08-26,108.57854166666665,2.5421875000000003
DM-17-07-07-01,2026-08-27,108.15499999999999,2.5172916666666665
DM-17-07-07-01,2026-08-28,100.44322916666665,2.5380208333333334
DM-17-07-07-01,2026-08-29,112.34375,2.574895833333333
DM-17-07-07-01,2026-08-30,115.97093749999999,2.6485416666666666
DM-17-07-07-01,2026-08-31,105.10562499999999,2.5851041666666665
DM-17-07-07-01,2026-09-01,106.95875000000001,2.5421875000000003
DM-17-07-07-02,2026-08-26,86.49197916666667,2.2930208333333333
DM-17-07-07-02,2026-08-27,86.51270833333332,2.2910416666666666
DM-17-07-07-02,2026-08-28,84.16447916666667,2.2712499999999998
DM-17-07-07-02,2026-08-29,93.13791666666667,2.3490625
DM-17-07-07-02,2026-08-30,98.52385416666668,2.4063541666666666
DM-17-07-07-02,2026-08-31,90.06645833333333,2.3108333333333335
DM-17-07-07-02,2026-09-01,83.86270833333333,2.3013541666666666
DM-17-07-08-01,2026-08-26,206.176875,2.1386458333333334
DM-17-07-08-01,2026-08-27,208.99770833333332,2.1186458333333333
DM-17-07-08-01,2026-08-28,202.04947916666666,2.1276041666666665
DM-17-07-08-01,2026-08-29,201.17791666666668,2.2613541666666666
DM-17-07-08-01,2026-08-30,211.22572916666664,2.2838541666666665
DM-17-07-08-01,2026-08-31,197.27031250000002,2.2403125
DM-17-07-08-01,2026-09-01,198.68979166666668,2.1734375
DM-17-07-08-02,2026-08-26,60.620625,3.752291666666667
DM-17-07-08-02,2026-08-27,58.161875,3.7653125000000003
DM-17-07-08-02,2026-08-28,54.71395833333333,3.6094791666666666
DM-17-07-08-02,2026-08-29,79.53958333333334,3.9066666666666667
DM-17-07-08-02,2026-08-30,76.51885416666666,4.159895833333334
DM-17-07-08-02,2026-08-31,55.65833333333333,3.7259375
DM-17-07-08-02,2026-09-01,55.60729166666667,3.627083333333333
DM-17-07-09-01,2026-08-26,335.4816666666667,3.3415625
DM-17-07-09-01,2026-08-27,337.3491666666667,3.236666666666667
DM-17-07-09-01,2026-08-28,340.3042708333333,3.263958333333333
DM-17-07-09-01,2026-08-29,342.69125,3.399270833333333
DM-17-07-09-01,2026-08-30,346.2210416666667,3.435416666666667
DM-17-07-09-01,2026-08-31,335.89677083333333,3.2094791666666667
DM-17-07-09-01,2026-09-01,336.63979166666667,3.2317708333333335
DM-17-07-09-02,2026-08-26,70.72791666666667,3.170625
DM-17-07-09-02,2026-08-27,74.22625000000001,3.1283333333333334
DM-17-07-09-02,2026-08-28,70.5890625,3.111875
DM-17-07-09-02,2026-08-29,76.684375,3.2484375
DM-17-07-09-02,2026-08-30,80.25750000000001,3.291145833333333
DM-17-07-09-02,2026-08-31,71.59083333333334,3.1045833333333337
DM-17-07-09-02,2026-09-01,70.53572916666667,3.0970833333333334
DM-17-07-09-03,2026-08-26,0.0,2.4934375
DM-17-07-09-03,2026-08-27,92.11229166666668,2.451875
DM-17-07-09-03,2026-08-28,221.28552083333332,2.4044791666666665
DM-17-07-09-03,2026-08-29,230.4025,2.526666666666667
DM-17-07-09-03,2026-08-30,224.44916666666666,2.5064583333333332
DM-17-07-09-03,2026-08-31,220.41062499999998,2.426979166666667
DM-17-07-09-03,2026-09-01,206.36229166666666,2.4445833333333336
DM-17-07-09-04,2026-08-26,0.0,2.881770833333333
DM-17-07-09-04,2026-08-27,0.0,2.848125
DM-17-07-09-04,2026-08-28,0.0,2.801979166666667
DM-17-07-09-04,2026-08-29,0.0,2.9296875
DM-17-07-09-04,2026-08-30,0.0,2.9152083333333336
DM-17-07-09-04,2026-08-31,0.0,2.7964583333333333
DM-17-07-09-04,2026-09-01,0.0,2.7778125
DM-17-07-09-05,2026-08-26,75.65468750000001,4.800625
DM-17-07-09-05,2026-08-27,75.17072916666667,4.679270833333333
DM-17-07-09-05,2026-08-28,76.91083333333333,4.569375
DM-17-07-09-05,2026-08-29,79.52395833333334,4.764166666666667
DM-17-07-09-05,2026-08-30,79.80729166666667,5.1076041666666665
DM-17-07-09-05,2026-08-31,82.59104166666667,5.0183333333333335
DM-17-07-09-05,2026-09-01,108.49989583333333,5.449583333333333
DM-17-07-10-01,2026-08-26,0.05000000000000001,4.140208333333333
DM-17-07-10-01,2026-08-27,0.03072916666666667,4.101354166666667
DM-17-07-10-01,2026-08-28,0.0014583333333333334,4.033333333333333
DM-17-07-10-01,2026-08-29,0.006875,4.340208333333334
DM-17-07-10-01,2026-08-30,0.007395833333333333,4.460208333333333
DM-17-07-10-01,2026-08-31,0.0016666666666666668,4.013645833333333
DM-17-07-10-01,2026-09-01,0.005520833333333333,3.963854166666667
DM-17-07-10-02,2026-08-26,141.0771875,3.3146875
DM-17-07-10-02,2026-08-27,133.21427083333333,3.3082291666666666
DM-17-07-10-02,2026-08-28,129.11395833333333,3.149479166666667
DM-17-07-10-02,2026-08-29,134.19541666666666,3.344375
DM-17-07-10-02,2026-08-30,139.23229166666667,3.294791666666667
DM-17-07-10-02,2026-08-31,130.83354166666666,3.1044791666666662
DM-17-07-10-02,2026-09-01,131.880625,3.1496875
DM-17-07-10-03,2026-08-26,0.05000000000000001,5.473020833333333
DM-17-07-10-03,2026-08-27,361.42645833333336,5.8031250000000005
DM-17-07-10-03,2026-08-28,490.03666666666663,5.393229166666667
DM-17-07-10-03,2026-08-29,490.4371875,5.843333333333334
DM-17-07-10-03,2026-08-30,485.22937499999995,5.947916666666667
DM-17-07-10-03,2026-08-31,490.03666666666663,5.2628125
DM-17-07-10-03,2026-09-01,460.36395833333336,5.283125
DM-17-08-01-01,2026-08-26,0.0,0.01
DM-17-08-01-01,2026-08-27,0.0,0.01
DM-17-08-01-01,2026-08-28,0.0,0.01
DM-17-08-01-01,2026-08-29,0.0,0.012291666666666666
DM-17-08-01-01,2026-08-30,0.0,0.017083333333333332
DM-17-08-01-01,2026-08-31,0.0,0.01
DM-17-08-01-01,2026-09-01,0.0,0.01
DM-17-08-01-02,2026-08-26,522.1016666666667,11.858229166666668
DM-17-08-01-02,2026-08-27,525.7245833333333,11.9471875
DM-17-08-01-02,2026-08-28,522.8358333333333,11.912708333333333
DM-17-08-01-02,2026-08-29,525.1704166666667,11.967708333333334
DM-17-08-01-02,2026-08-30,519.7695833333333,11.6309375
DM-17-08-01-02,2026-08-31,517.1360416666666,11.618958333333333
DM-17-08-01-02,2026-09-01,511.04583333333335,11.4834375
DM-17-08-02-01,2026-08-26,284.58,7.286874999999999
DM-17-08-02-01,2026-08-27,277.6116666666667,6.972083333333334
DM-17-08-02-01,2026-08-28,307.62395833333335,8.071875
DM-17-08-02-01,2026-08-29,319.5621875,8.962708333333333
DM-17-08-02-01,2026-08-30,317.4405208333333,9.0584375
DM-17-08-02-01,2026-08-31,312.7472916666667,8.028645833333334
DM-17-08-02-01,2026-09-01,334.49322916666665,8.928333333333333
DM-17-08-02-03,2026-08-26,0.05000000000000001,7.761458333333334
DM-17-08-02-03,2026-08-27,27.21020833333333,7.819166666666667
DM-17-08-02-03,2026-08-28,61.770520833333336,7.775312499999999
DM-17-08-02-03,2026-08-29,57.34322916666667,7.836145833333333
DM-17-08-02-03,2026-08-30,57.11416666666667,7.656041666666667
DM-17-08-02-03,2026-08-31,61.770520833333336,7.719479166666667
DM-17-08-02-03,2026-09-01,57.46770833333333,7.575208333333333
DM-17-08-03-01,2026-08-26,3.043125,11.3175
DM-17-08-03-01,2026-08-27,4.193125,11.3903125
DM-17-08-03-01,2026-08-28,16.181770833333335,11.386770833333335
DM-17-08-03-01,2026-08-29,22.705520833333335,11.294895833333333
DM-17-08-03-01,2026-08-30,19.279791666666664,10.9525
DM-17-08-03-01,2026-08-31,30.723229166666666,11.1271875
DM-17-08-03-01,2026-09-01,23.272291666666664,11.079791666666667
DM-17-08-04-01,2026-08-26,87.30989583333333,5.2471875
DM-17-08-04-01,2026-08-27,86.241875,4.992916666666667
DM-17-08-04-01,2026-08-28,80.16958333333334,4.7509375
DM-17-08-04-01,2026-08-29,86.8703125,4.095104166666666
DM-17-08-04-01,2026-08-30,80.73270833333333,4.412916666666667
DM-17-08-04-01,2026-08-31,77.30583333333333,4.748020833333333
DM-17-08-04-01,2026-09-01,66.7859375,4.693333333333333
DM-17-08-04-02,2026-08-26,158.25552083333335,7.365520833333334
DM-17-08-04-02,2026-08-27,161.75072916666667,7.410729166666666
DM-17-08-04-02,2026-08-28,158.69135416666666,7.3847916666666675
DM-17-08-04-02,2026-08-29,165.27270833333333,7.4953125
DM-17-08-04-02,2026-08-30,165.1628125,7.297916666666667
DM-17-08-04-02,2026-08-31,154.28020833333332,7.320833333333333
DM-17-08-04-02,2026-09-01,154.261875,7.193437500000001
DM-17-08-04-03,2026-08-26,18.0390625,6.078749999999999
DM-17-08-04-03,2026-08-27,18.4040625,6.093020833333333
DM-17-08-04-03,2026-08-28,18.154895833333335,6.0784375
DM-17-08-04-03,2026-08-29,18.66,6.246041666666667
DM-17-08-04-03,2026-08-30,20.0496875,6.128958333333333
DM-17-08-04-03,2026-08-31,16.731875,6.040729166666666
DM-17-08-04-03,2026-09-01,18.363958333333333,5.971979166666666
DM-17-08-04-04,2026-08-26,12.6025,7.193958333333334
DM-17-08-04-04,2026-08-27,13.531770833333333,7.191875
DM-17-08-04-04,2026-08-28,14.245520833333332,7.162291666666667
DM-17-08-04-04,2026-08-29,14.8153125,7.411874999999999
DM-17-08-04-04,2026-08-30,16.187604166666667,7.274375
DM-17-08-04-04,2026-08-31,14.723958333333334,7.1409375
DM-17-08-04-04,2026-09-01,13.2946875,7.053958333333333
DM-17-08-04-05,2026-08-26,0.5161458333333333,6.0249999999999995
DM-17-08-04-05,2026-08-27,0.5125000000000001,6.0003125
DM-17-08-04-05,2026-08-28,0.5230208333333334,5.954999999999999
DM-17-08-04-05,2026-08-29,0.5115625,6.251041666666667
DM-17-08-04-05,2026-08-30,0.5080208333333334,6.1359375
DM-17-08-04-05,2026-08-31,0.5051041666666667,5.957395833333333
DM-17-08-04-05,2026-09-01,0.480625,5.882916666666667
DM-17-09-01-01,2026-08-26,131.18833333333333,5.95625
DM-17-09-01-01,2026-08-27,133.19854166666667,6.0165625
DM-17-09-01-01,2026-08-28,128.6521875,5.935833333333334
DM-17-09-01-01,2026-08-29,120.89458333333333,6.217395833333334
DM-17-09-01-01,2026-08-30,110.72927083333333,6.204999999999999
DM-17-09-01-01,2026-08-31,132.439375,5.9792708333333335
DM-17-09-01-01,2026-09-01,140.32052083333335,5.841354166666666
DM-17-09-01-02,2026-08-26,217.10468749999998,6.421250000000001
DM-17-09-01-02,2026-08-27,219.14791666666667,6.486249999999999
DM-17-09-01-02,2026-08-28,217.14312500000003,6.41875
DM-17-09-01-02,2026-08-29,216.27020833333333,6.617812499999999
DM-17-09-01-02,2026-08-30,212.0296875,6.485104166666667
DM-17-09-01-02,2026-08-31,212.18312500000002,6.4303125
DM-17-09-01-02,2026-09-01,218.26239583333333,6.28
DM-17-09-02-02,2026-08-26,407.8177083333333,3.9809375
DM-17-09-02-02,2026-08-27,413.52229166666666,4.002916666666667
DM-17-09-02-02,2026-08-28,417.29270833333334,3.8997916666666668
DM-17-09-02-02,2026-08-29,427.138125,4.0175
DM-17-09-02-02,2026-08-30,424.43427083333336,3.9416666666666664
DM-17-09-02-02,2026-08-31,417.63947916666666,3.9572916666666664
DM-17-09-02-02,2026-09-01,432.1757291666667,2.9884375
DM-17-09-03-01,2026-08-26,0.0,3.278020833333333
DM-17-09-03-01,2026-08-27,0.0,3.278020833333333
DM-17-09-03-01,2026-08-28,0.0,3.278020833333333
DM-17-09-03-01,2026-08-29,0.06375,3.8751041666666666
DM-17-09-03-01,2026-08-30,0.02916666666666667,3.5576041666666662
DM-17-09-03-01,2026-08-31,0.0,3.278020833333333
DM-17-09-03-01,2026-09-01,0.0,3.278020833333333
DM-17-09-04-01,2026-08-26,400.67625,4.627916666666667
DM-17-09-04-01,2026-08-27,399.0815625,4.666979166666667
DM-17-09-04-01,2026-08-28,397.5211458333333,4.614270833333333
DM-17-09-04-01,2026-08-29,382.8984375,4.907604166666666
DM-17-09-04-01,2026-08-30,352.7560416666667,4.9134375
DM-17-09-04-01,2026-08-31,370.2082291666666,4.813854166666666
DM-17-09-04-01,2026-09-01,384.92041666666665,4.628333333333333
DM-17-09-05-01,2026-08-26,0.05000000000000001,4.472083333333333
DM-17-09-05-01,2026-08-27,0.0325,4.561979166666666
DM-17-09-05-01,2026-08-28,0.004270833333333334,4.3771875
DM-17-09-05-01,2026-08-29,0.0128125,4.6078125000000005
DM-17-09-05-01,2026-08-30,0.013125,4.385833333333333
DM-17-09-05-01,2026-08-31,0.004270833333333334,4.546354166666666
DM-17-09-05-01,2026-09-01,0.008541666666666668,4.4496875000000005
DM-17-09-06-01,2026-08-26,203.43697916666667,0.0
DM-17-09-06-01,2026-08-27,203.43697916666667,0.0
DM-17-09-06-01,2026-08-28,203.43697916666667,0.0
DM-17-09-06-01,2026-08-29,227.42572916666666,0.001875
DM-17-09-06-01,2026-08-30,230.22218750000002,0.0015624999999999999
DM-17-09-06-01,2026-08-31,203.43697916666667,0.0
DM-17-09-06-01,2026-09-01,203.43697916666667,0.0
DM-17-09-07-01,2026-08-26,123.2840625,6.3284375
DM-17-09-07-01,2026-08-27,123.2840625,6.3284375
DM-17-09-07-01,2026-08-28,123.2840625,6.3284375
DM-17-09-07-01,2026-08-29,102.47874999999999,6.594166666666666
DM-17-09-07-01,2026-08-30,102.96166666666666,6.590833333333333
DM-17-09-07-01,2026-08-31,123.2840625,6.3284375
DM-17-09-07-01,2026-09-01,123.2840625,6.3284375
DM-17-09-07-02,2026-08-26,1.0733333333333335,5.681979166666667
DM-17-09-07-02,2026-08-27,6.133125,5.688020833333333
DM-17-09-07-02,2026-08-28,11.418750000000001,5.614166666666667
DM-17-09-07-02,2026-08-29,28.207916666666666,6.066770833333333
DM-17-09-07-02,2026-08-30,24.203958333333333,6.0390625
DM-17-09-07-02,2026-08-31,19.792604166666667,5.953125
DM-17-09-07-02,2026-09-01,19.320729166666666,5.5965625
DM-17-09-07-03,2026-08-26,499.9827083333333,4.804270833333333
DM-17-09-07-03,2026-08-27,499.9827083333333,4.804270833333333
DM-17-09-07-03,2026-08-28,499.9827083333333,4.804270833333333
DM-17-09-07-03,2026-08-29,499.9023958333333,5.105416666666667
DM-17-09-07-03,2026-08-30,499.9023958333333,5.091145833333333
DM-17-09-07-03,2026-08-31,499.9827083333333,4.804270833333333
DM-17-09-07-03,2026-09-01,499.9827083333333,4.804270833333333
DM-17-10-04-01,2026-08-26,86.55239583333334,3.839375
DM-17-10-04-01,2026-08-27,84.97895833333332,3.860208333333333
DM-17-10-04-01,2026-08-28,83.48833333333333,3.8257291666666666
DM-17-10-04-01,2026-08-29,91.31041666666665,3.9727083333333333
DM-17-10-04-01,2026-08-30,97.83322916666667,3.8670833333333334
DM-17-10-04-01,2026-08-31,90.82156250000001,3.9165625
DM-17-10-04-01,2026-09-01,82.350625,3.8265625
DM-17-10-04-02,2026-08-26,0.0,4.2346875
DM-17-10-04-02,2026-08-27,0.0,4.3071875
DM-17-10-04-02,2026-08-28,0.0,3.9762500000000003
DM-17-10-04-02,2026-08-29,0.0,4.317291666666667
DM-17-10-04-02,2026-08-30,0.0,4.235729166666666
DM-17-10-04-02,2026-08-31,0.0,4.238333333333333
DM-17-10-04-02,2026-09-01,0.0,4.257604166666667
DM-17-10-05-01,2026-08-26,500.0,0.0203125
DM-17-10-05-01,2026-08-27,404.47322916666667,0.021458333333333333
DM-17-10-05-01,2026-08-28,272.3852083333333,0.029479166666666667
DM-17-10-05-01,2026-08-29,171.66750000000002,0.035104166666666665
DM-17-10-05-01,2026-08-30,177.40458333333333,0.03958333333333334
DM-17-10-05-01,2026-08-31,272.3852083333333,0.0271875
DM-17-10-05-01,2026-09-01,295.4184375,0.03854166666666667
DM-17-10-06-01,2026-08-26,289.65708333333333,3.930729166666667
DM-17-10-06-01,2026-08-27,290.13572916666664,3.9737500000000003
DM-17-10-06-01,2026-08-28,286.6698958333333,3.9586458333333336
DM-17-10-06-01,2026-08-29,291.04354166666667,4.128229166666666
DM-17-10-06-01,2026-08-30,297.75916666666666,3.9535416666666667
DM-17-10-06-01,2026-08-31,283.82114583333333,4.06625
DM-17-10-06-01,2026-09-01,282.55604166666666,3.959375
DM-17-10-07-01,2026-08-26,0.05000000000000001,3.7589583333333336
DM-17-10-07-01,2026-08-27,0.031145833333333334,3.8086458333333333
DM-17-10-07-01,2026-08-28,0.0013541666666666667,3.7220833333333334
DM-17-10-07-01,2026-08-29,0.005833333333333334,4.036770833333333
DM-17-10-07-01,2026-08-30,0.006354166666666667,3.9747916666666665
DM-17-10-07-01,2026-08-31,0.0020833333333333333,4.1397916666666665
DM-17-10-07-01,2026-09-01,0.005729166666666667,4.0737499999999995
DM-17-10-07-02,2026-08-26,0.05000000000000001,4.863645833333334
DM-17-10-07-02,2026-08-27,40.20260416666667,4.867604166666667
DM-17-10-07-02,2026-08-28,91.94322916666665,4.76875
DM-17-10-07-02,2026-08-29,111.41322916666667,5.018958333333333
DM-17-10-07-02,2026-08-30,108.16489583333333,4.935208333333333
DM-17-10-07-02,2026-08-31,91.79843749999999,4.9515625000000005
DM-17-10-07-02,2026-09-01,86.08927083333333,4.865104166666667
DM-17-11-01-02,2026-08-26,0.0,8.008125
DM-17-11-01-02,2026-08-27,4.0684375,7.7275
DM-17-11-01-02,2026-08-28,9.115520833333333,7.9453125
DM-17-11-01-02,2026-08-29,10.066041666666667,8.530520833333332
DM-17-11-01-02,2026-08-30,9.893854166666666,8.484583333333333
DM-17-11-01-02,2026-08-31,8.7059375,7.271979166666667
DM-17-11-01-02,2026-09-01,8.383854166666667,7.540520833333333
DM-17-11-01-03,2026-08-26,194.92916666666667,7.375104166666667
DM-17-11-01-03,2026-08-27,197.94177083333332,7.08875
DM-17-11-01-03,2026-08-28,205.61687500000002,7.276666666666667
DM-17-11-01-03,2026-08-29,209.67927083333333,7.864895833333333
DM-17-11-01-03,2026-08-30,226.4665625,7.704166666666667
DM-17-11-01-03,2026-08-31,214.71135416666667,6.5879166666666675
DM-17-11-01-03,2026-09-01,218.15854166666668,6.877916666666667
DM-17-11-01-04,2026-08-26,59.2196875,7.930312499999999
DM-17-11-01-04,2026-08-27,58.10395833333333,7.657291666666667
DM-17-11-01-04,2026-08-28,60.93322916666667,7.884270833333333
DM-17-11-01-04,2026-08-29,68.78125,8.477083333333333
DM-17-11-01-04,2026-08-30,71.18583333333333,8.384375
DM-17-11-01-04,2026-08-31,55.921875,7.226979166666666
DM-17-11-01-04,2026-09-01,55.0,7.532916666666666
DM-17-11-02-01,2026-08-26,107.92427083333332,7.928645833333333
DM-17-11-02-01,2026-08-27,107.27760416666666,7.658645833333334
DM-17-11-02-01,2026-08-28,108.9721875,7.864895833333333
DM-17-11-02-01,2026-08-29,115.17875,8.440624999999999
DM-17-11-02-01,2026-08-30,111.935625,8.3725
DM-17-11-02-01,2026-08-31,105.07322916666668,7.202916666666667
DM-17-11-02-01,2026-09-01,103.11093749999999,7.5515625
DM-17-11-02-02,2026-08-26,122.45375,6.499479166666667
DM-17-11-02-02,2026-08-27,122.88875,6.293854166666667
DM-17-11-02-02,2026-08-28,124.38791666666667,6.45625
DM-17-11-02-02,2026-08-29,132.18916666666667,6.895520833333333
DM-17-11-02-02,2026-08-30,129.25625,6.84125
DM-17-11-02-02,2026-08-31,118.74416666666667,5.9453125
DM-17-11-02-02,2026-09-01,118.72229166666666,6.189687500000001
DM-17-11-02-03,2026-08-26,122.20072916666668,8.679166666666667
DM-17-11-02-03,2026-08-27,120.77072916666667,8.372708333333334
DM-17-11-02-03,2026-08-28,128.7578125,8.640625
DM-17-11-02-03,2026-08-29,124.50520833333333,9.198958333333334
DM-17-11-02-03,2026-08-30,124.9459375,9.130625
DM-17-11-02-03,2026-08-31,111.86927083333335,7.8475
DM-17-11-02-03,2026-09-01,117.11874999999999,8.229375
DM-17-11-02-04,2026-08-26,125.0425,6.357500000000001
DM-17-11-02-04,2026-08-27,122.55395833333334,6.140625
DM-17-11-02-04,2026-08-28,126.84052083333334,6.3278125
DM-17-11-02-04,2026-08-29,147.80645833333332,6.730416666666667
DM-17-11-02-04,2026-08-30,128.77291666666667,6.713541666666667
DM-17-11-02-04,2026-08-31,115.506875,5.807604166666667
DM-17-11-02-04,2026-09-01,118.7371875,6.050416666666667
DM-17-11-02-05,2026-08-26,1.3672916666666666,7.323229166666667
DM-17-11-02-05,2026-08-27,1.3672916666666666,7.0207291666666665
DM-17-11-02-05,2026-08-28,1.3672916666666666,7.246979166666667
DM-17-11-02-05,2026-08-29,1.0540625,7.731041666666666
DM-17-11-02-05,2026-08-30,1.0439583333333333,7.731354166666667
DM-17-11-02-05,2026-08-31,1.3672916666666666,6.5633333333333335
DM-17-11-02-05,2026-09-01,1.3631250000000001,6.885416666666667
DM-17-11-03-01,2026-08-26,78.78291666666667,5.483020833333334
DM-17-11-03-01,2026-08-27,78.02072916666667,5.424479166666667
DM-17-11-03-01,2026-08-28,81.59697916666667,5.466145833333333
DM-17-11-03-01,2026-08-29,83.30958333333334,5.739999999999999
DM-17-11-03-01,2026-08-30,83.99354166666667,5.635416666666667
DM-17-11-03-01,2026-08-31,76.776875,5.393125
DM-17-11-03-01,2026-09-01,79.42458333333333,5.3758333333333335
DM-17-11-03-02,2026-08-26,500.0,5.4281250000000005
DM-17-11-03-02,2026-08-27,348.895,5.4089583333333335
DM-17-11-03-02,2026-08-28,114.57968749999999,5.338854166666667
DM-17-11-03-02,2026-08-29,122.03666666666668,5.6390625000000005
DM-17-11-03-02,2026-08-30,125.31291666666668,5.518020833333334
DM-17-11-03-02,2026-08-31,120.2234375,5.409583333333334
DM-17-11-03-02,2026-09-01,138.2671875,5.329270833333333
DM-17-11-03-03,2026-08-26,0.0,4.8771875
DM-17-11-03-03,2026-08-27,0.3415625,4.870833333333334
DM-17-11-03-03,2026-08-28,0.36541666666666667,4.7971875
DM-17-11-03-03,2026-08-29,2.934479166666667,5.025520833333333
DM-17-11-03-03,2026-08-30,2.921875,4.94
DM-17-11-03-03,2026-08-31,0.36541666666666667,4.9015625
DM-17-11-03-03,2026-09-01,0.3442708333333333,4.8221875
DM-17-11-04-01,2026-08-26,119.43135416666667,3.272604166666667
DM-17-11-04-01,2026-08-27,115.0946875,3.266666666666667
DM-17-11-04-01,2026-08-28,117.12208333333332,3.2046875
DM-17-11-04-01,2026-08-29,133.81989583333333,3.360208333333333
DM-17-11-04-01,2026-08-30,137.09510416666666,3.2815624999999997
DM-17-11-04-01,2026-08-31,116.703125,3.318125
DM-17-11-04-01,2026-09-01,113.7571875,3.245625
DM-17-11-04-02,2026-08-26,0.0,0.0
DM-17-11-04-02,2026-08-27,0.0,0.0
DM-17-11-04-02,2026-08-28,0.0,0.0
DM-17-11-04-02,2026-08-29,0.080625,0.025833333333333333
DM-17-11-04-02,2026-08-30,0.0428125,0.012083333333333335
DM-17-11-04-02,2026-08-31,0.0,0.0
DM-17-11-04-02,2026-09-01,0.0,0.0
DM-17-11-05-01,2026-08-26,285.64,4.25375
DM-17-11-05-01,2026-08-27,250.81604166666668,4.270416666666667
DM-17-11-05-01,2026-08-28,275.18072916666665,4.230208333333334
DM-17-11-05-01,2026-08-29,180.34875,4.389375
DM-17-11-05-01,2026-08-30,231.04083333333332,4.3220833333333335
DM-17-11-05-01,2026-08-31,310.19364583333333,4.337916666666667
DM-17-11-05-01,2026-09-01,284.6848958333333,4.2596875
DM-17-11-05-02,2026-08-26,144.93947916666667,3.7919791666666662
DM-17-11-05-02,2026-08-27,144.87875,3.7876041666666667
DM-17-11-05-02,2026-08-28,142.2540625,3.7211458333333334
DM-17-11-05-02,2026-08-29,145.56145833333332,3.9488541666666666
DM-17-11-05-02,2026-08-30,147.85927083333334,3.84375
DM-17-11-05-02,2026-08-31,144.18166666666667,3.8501041666666667
DM-17-11-05-02,2026-09-01,142.2640625,3.7614583333333336
DM-17-11-06-01,2026-08-26,0.0021875,2.9653125
DM-17-11-06-01,2026-08-27,105.4815625,2.9495833333333334
DM-17-11-06-01,2026-08-28,262.916875,2.8857291666666662
DM-17-11-06-01,2026-08-29,259.25791666666663,3.095
DM-17-11-06-01,2026-08-30,252.53604166666665,3.0050000000000003
DM-17-11-06-01,2026-08-31,257.2426041666667,3.0140625
DM-17-11-06-01,2026-09-01,239.43354166666666,2.9390625
DM-17-11-06-02,2026-08-26,73.40739583333333,2.8969791666666667
DM-17-11-06-02,2026-08-27,68.42802083333333,2.9001041666666665
DM-17-11-06-02,2026-08-28,64.27635416666666,2.866354166666667
DM-17-11-06-02,2026-08-29,55.38291666666667,3.0585416666666667
DM-17-11-06-02,2026-08-30,54.9496875,2.9380208333333333
DM-17-11-06-02,2026-08-31,69.2409375,2.9758333333333336
DM-17-11-06-02,2026-09-01,68.69875,2.888541666666667
DM-53-01-01-01,2026-08-26,12.013541666666667,6.200729166666666
DM-53-01-01-01,2026-08-27,13.895520833333334,6.3968750000000005
DM-53-01-01-01,2026-08-28,23.85927083333333,6.270625
DM-53-01-01-01,2026-08-29,24.687812500000003,6.40125
DM-53-01-01-01,2026-08-30,23.3234375,6.166250000000001
DM-53-01-01-01,2026-08-31,26.935208333333335,6.598229166666666
DM-53-01-01-01,2026-09-01,28.28260416666667,6.429166666666667
DM-53-01-01-01(1),2026-08-26,0.0,9.7215625
DM-53-01-01-01(1),2026-08-27,0.0,9.7215625
DM-53-01-01-01(1),2026-08-28,0.0,9.7215625
DM-53-01-01-01(1),2026-08-29,0.0,8.249374999999999
DM-53-01-01-01(1),2026-08-30,0.0,8.249374999999999
DM-53-01-01-01(1),2026-08-31,0.0,9.7215625
DM-53-01-01-01(1),2026-09-01,0.0,9.7215625
DM-53-01-01-02,2026-08-26,30.671354166666664,0.0
DM-53-01-01-02,2026-08-27,30.671354166666664,0.0
DM-53-01-01-02,2026-08-28,30.671354166666664,0.0
DM-53-01-01-02,2026-08-29,17.400000000000002,0.0
DM-53-01-01-02,2026-08-30,17.445416666666667,0.0
DM-53-01-01-02,2026-08-31,30.671354166666664,0.0
DM-53-01-01-02,2026-09-01,30.671354166666664,0.0
DM-53-01-01-04,2026-08-26,217.69979166666667,5.716458333333333
DM-53-01-01-04,2026-08-27,211.40291666666667,5.906145833333333
DM-53-01-01-04,2026-08-28,212.22125000000003,5.8309375
DM-53-01-01-04,2026-08-29,217.38572916666666,6.1421874999999995
DM-53-01-01-04,2026-08-30,226.98833333333334,6.028854166666666
DM-53-01-01-04,2026-08-31,205.06760416666668,5.922395833333333
DM-53-01-01-04,2026-09-01,211.59364583333334,6.036666666666666
DM-53-01-01-05,2026-08-26,43.4515625,6.3596875
DM-53-01-01-05,2026-08-27,43.647083333333335,6.561041666666667
DM-53-01-01-05,2026-08-28,44.71114583333334,6.433333333333334
DM-53-01-01-05,2026-08-29,37.20395833333333,5.9444791666666665
DM-53-01-01-05,2026-08-30,44.86114583333333,6.3457291666666675
DM-53-01-01-05,2026-08-31,43.35958333333334,6.7925
DM-53-01-01-05,2026-09-01,42.717083333333335,6.630729166666666
DM-53-01-02-01,2026-08-26,217.504375,7.252083333333334
DM-53-01-02-01,2026-08-27,211.86864583333332,7.148541666666667
DM-53-01-02-01,2026-08-28,212.10906250000002,6.994479166666667
DM-53-01-02-01,2026-08-29,148.32302083333335,7.2103125
DM-53-01-02-01,2026-08-30,177.76447916666666,6.6834375
DM-53-01-02-01,2026-08-31,204.96145833333333,6.8090625
DM-53-01-02-01,2026-09-01,211.89874999999998,7.066041666666667
DM-53-01-02-02,2026-08-26,90.39885416666668,8.858854166666667
DM-53-01-02-02,2026-08-27,90.01989583333334,8.897083333333333
DM-53-01-02-02,2026-08-28,92.02999999999999,8.709270833333333
DM-53-01-02-02,2026-08-29,94.62947916666667,8.678541666666666
DM-53-01-02-02,2026-08-30,96.69583333333333,8.526458333333332
DM-53-01-02-02,2026-08-31,89.97083333333335,8.817916666666667
DM-53-01-02-02,2026-09-01,89.88354166666666,8.849375
DM-53-01-03-01,2026-08-26,166.76666666666668,8.405
DM-53-01-03-01,2026-08-27,166.76666666666668,8.485000000000001
DM-53-01-03-01,2026-08-28,166.76666666666668,8.336041666666667
DM-53-01-03-01,2026-08-29,191.52947916666668,8.019791666666666
DM-53-01-03-01,2026-08-30,188.99447916666668,8.209166666666667
DM-53-01-03-01,2026-08-31,166.76666666666668,8.493541666666667
DM-53-01-03-01,2026-09-01,154.62291666666667,8.473333333333334
DM-53-01-04-01,2026-08-26,97.01322916666668,0.0
DM-53-01-04-01,2026-08-27,97.01322916666668,0.0
DM-53-01-04-01,2026-08-28,97.01322916666668,0.0
DM-53-01-04-01,2026-08-29,99.241875,0.0
DM-53-01-04-01,2026-08-30,110.67145833333332,0.0
DM-53-01-04-01,2026-08-31,97.01322916666668,0.0
DM-53-01-04-01,2026-09-01,97.01322916666668,0.0
DM-53-01-05-01,2026-08-26,59.4103125,9.813020833333333
DM-53-01-05-01,2026-08-27,59.24208333333333,9.837291666666667
DM-53-01-05-01,2026-08-28,59.517500000000005,9.6740625
DM-53-01-05-01,2026-08-29,61.19645833333333,9.650625
DM-53-01-05-01,2026-08-30,61.56125,9.525729166666666
DM-53-01-05-01,2026-08-31,57.22125,9.735520833333334
DM-53-01-05-01,2026-09-01,56.448125000000005,9.749166666666666
DM-53-01-05-04,2026-08-26,140.80427083333333,8.755520833333334
DM-53-01-05-04,2026-08-27,145.59395833333335,8.802395833333334
DM-53-01-05-04,2026-08-28,148.2940625,8.599270833333334
DM-53-01-05-04,2026-08-29,154.88479166666667,8.567291666666668
DM-53-01-05-04,2026-08-30,157.15666666666667,8.408541666666666
DM-53-01-05-04,2026-08-31,151.0784375,8.701770833333333
DM-53-01-05-04,2026-09-01,117.0,8.785833333333334
DM-53-01-07-01,2026-08-26,213.89552083333334,6.268645833333333
DM-53-01-07-01,2026-08-27,214.6271875,6.373854166666667
DM-53-01-07-01,2026-08-28,215.53093750000002,6.221979166666666
DM-53-01-07-01,2026-08-29,239.96666666666667,4.714791666666667
DM-53-01-07-01,2026-08-30,235.02083333333334,5.168333333333334
DM-53-01-07-01,2026-08-31,212.26229166666667,6.509270833333333
DM-53-01-07-01,2026-09-01,213.35906250000002,6.4771875
DM-53-01-08-01,2026-08-26,128.72489583333333,8.539583333333333
DM-53-01-08-01,2026-08-27,127.94208333333334,8.56875
DM-53-01-08-01,2026-08-28,130.5340625,8.2590625
DM-53-01-08-01,2026-08-29,130.4065625,8.211041666666667
DM-53-01-08-01,2026-08-30,127.22614583333335,8.08875
DM-53-01-08-01,2026-08-31,121.63416666666666,8.387500000000001
DM-53-01-08-01,2026-09-01,121.10947916666667,8.411354166666667
DM-53-01-08-02,2026-08-26,228.84385416666666,6.769166666666667
DM-53-01-08-02,2026-08-27,226.5661458333333,6.8153125
DM-53-01-08-02,2026-08-28,226.87822916666667,6.544270833333333
DM-53-01-08-02,2026-08-29,233.14635416666667,6.439270833333333
DM-53-01-08-02,2026-08-30,234.73510416666667,6.288333333333333
DM-53-01-08-02,2026-08-31,220.1503125,6.7146875
DM-53-01-08-02,2026-09-01,222.78583333333333,6.723020833333333
DM-53-01-09-01,2026-08-26,183.31083333333333,8.1509375
DM-53-01-09-01,2026-08-27,183.3025,8.173125
DM-53-01-09-01,2026-08-28,182.70479166666667,7.869583333333334
DM-53-01-09-01,2026-08-29,186.80760416666666,7.8009375
DM-53-01-09-01,2026-08-30,189.54677083333334,7.671354166666667
DM-53-01-09-01,2026-08-31,180.97083333333333,8.0
DM-53-01-09-01,2026-09-01,175.7071875,8.037604166666666
DM-53-02-01-01,2026-08-26,206.69270833333334,7.847083333333334
DM-53-02-01-01,2026-08-27,204.97822916666667,7.883229166666666
DM-53-02-01-01,2026-08-28,203.14010416666667,7.549375
DM-53-02-01-01,2026-08-29,206.2380208333333,7.5009375
DM-53-02-01-01,2026-08-30,208.03083333333333,7.0884375
DM-53-02-01-01,2026-08-31,199.98322916666666,7.631354166666667
DM-53-02-01-01,2026-09-01,204.17447916666666,7.676875
DM-53-02-02-01,2026-08-26,130.34645833333335,8.005416666666667
DM-53-02-02-01,2026-08-27,129.1471875,8.0378125
DM-53-02-02-01,2026-08-28,129.66333333333333,7.7022916666666665
DM-53-02-02-01,2026-08-29,130.58864583333335,7.657708333333333
DM-53-02-02-01,2026-08-30,130.41875000000002,7.543125
DM-53-02-02-01,2026-08-31,125.846875,7.829999999999999
DM-53-02-02-01,2026-09-01,126.45645833333333,7.838229166666667
DM-53-02-03-02,2026-08-26,207.99187500000002,9.575833333333334
DM-53-02-03-02,2026-08-27,201.78354166666668,9.76
DM-53-02-03-02,2026-08-28,207.1052083333333,9.520208333333334
DM-53-02-03-02,2026-08-29,214.12958333333333,9.4528125
DM-53-02-03-02,2026-08-30,215.194375,9.393333333333333
DM-53-02-03-02,2026-08-31,197.80499999999998,9.597604166666667
DM-53-02-03-02,2026-09-01,197.3791666666667,9.625
DM-53-02-03-03,2026-08-26,315.50645833333334,8.652916666666666
DM-53-02-03-03,2026-08-27,309.6664583333333,8.669270833333334
DM-53-02-03-03,2026-08-28,308.50927083333335,8.508125
DM-53-02-03-03,2026-08-29,318.82666666666665,8.438958333333334
DM-53-02-03-03,2026-08-30,327.2870833333333,8.275833333333333
DM-53-02-03-03,2026-08-31,300.0933333333333,8.615
DM-53-02-03-03,2026-09-01,299.9926041666667,8.638020833333334
DM-53-02-04-02,2026-08-26,165.84312500000001,9.4965625
DM-53-02-04-02,2026-08-27,166.11333333333332,9.523958333333333
DM-53-02-04-02,2026-08-28,167.78052083333333,9.330416666666666
DM-53-02-04-02,2026-08-29,170.895625,9.307708333333332
DM-53-02-04-02,2026-08-30,177.49416666666664,9.180729166666667
DM-53-02-04-02,2026-08-31,163.35354166666667,9.408541666666666
DM-53-02-04-02,2026-09-01,162.70083333333335,9.434375000000001
DM-53-02-04-03,2026-08-26,69.64999999999999,9.228333333333333
DM-53-02-04-03,2026-08-27,70.43447916666666,9.254375
DM-53-02-04-03,2026-08-28,69.86104166666667,9.060833333333333
DM-53-02-04-03,2026-08-29,70.37104166666667,9.030624999999999
DM-53-02-04-03,2026-08-30,70.10385416666666,8.91
DM-53-02-04-03,2026-08-31,67.79489583333334,9.132291666666667
DM-53-02-04-03,2026-09-01,66.9659375,9.151770833333334
DM-53-02-05-01,2026-08-26,123.48645833333335,8.684375000000001
DM-53-02-05-01,2026-08-27,123.42864583333333,8.699479166666666
DM-53-02-05-01,2026-08-28,122.98260416666666,8.411666666666667
DM-53-02-05-01,2026-08-29,127.27427083333333,8.376041666666667
DM-53-02-05-01,2026-08-30,134.431875,8.255
DM-53-02-05-01,2026-08-31,120.68458333333332,8.494166666666667
DM-53-02-05-01,2026-09-01,121.51552083333333,8.606875
DM-53-02-05-02,2026-08-26,139.21229166666666,8.7975
DM-53-02-05-02,2026-08-27,138.9125,8.805729166666667
DM-53-02-05-02,2026-08-28,137.15447916666668,8.4871875
DM-53-02-05-02,2026-08-29,138.150625,8.513125
DM-53-02-05-02,2026-08-30,143.20781250000002,8.4159375
DM-53-02-05-02,2026-08-31,138.79791666666668,8.5796875
DM-53-02-05-02,2026-09-01,135.06020833333335,8.5903125
DM-53-02-06-01,2026-08-26,37.1559375,12.828958333333333
DM-53-02-06-01,2026-08-27,38.08604166666667,12.830208333333333
DM-53-02-06-01,2026-08-28,33.76322916666667,12.81
DM-53-02-06-01,2026-08-29,32.4071875,12.795520833333333
DM-53-02-06-01,2026-08-30,34.269687499999996,12.712916666666667
DM-53-02-06-01,2026-08-31,34.74604166666666,12.7240625
DM-53-02-06-01,2026-09-01,35.329375,12.7325
DM-53-02-06-02,2026-08-26,220.7071875,9.208541666666667
DM-53-02-06-02,2026-08-27,221.81822916666667,9.2628125
DM-53-02-06-02,2026-08-28,223.06322916666667,9.018125
DM-53-02-06-02,2026-08-29,225.50291666666666,8.970729166666667
DM-53-02-06-02,2026-08-30,223.37270833333332,8.882916666666667
DM-53-02-06-02,2026-08-31,219.7728125,9.098125
DM-53-02-06-02,2026-09-01,220.58927083333333,9.107395833333333
DM-53-02-07-01,2026-08-26,230.34083333333334,8.413645833333334
DM-53-02-07-01,2026-08-27,230.83270833333333,8.462916666666667
DM-53-02-07-01,2026-08-28,237.42822916666668,8.133750000000001
DM-53-02-07-01,2026-08-29,233.795,8.135208333333333
DM-53-02-07-01,2026-08-30,241.71364583333332,7.998645833333334
DM-53-02-07-01,2026-08-31,221.32239583333333,8.291770833333333
DM-53-02-07-01,2026-09-01,225.86666666666667,8.286979166666667
DM-53-02-08-01,2026-08-26,171.2325,14.662812500000001
DM-53-02-08-01,2026-08-27,167.12708333333333,14.6415625
DM-53-02-08-01,2026-08-28,171.6653125,14.712291666666665
DM-53-02-08-01,2026-08-29,179.88635416666668,14.695520833333333
DM-53-02-08-01,2026-08-30,182.85041666666666,14.603645833333333
DM-53-02-08-01,2026-08-31,168.289375,14.550312499999999
DM-53-02-08-01,2026-09-01,169.61249999999998,14.549791666666666
DM-53-02-09-01,2026-08-26,49.690416666666664,6.746354166666666
DM-53-02-09-01,2026-08-27,52.0303125,6.841979166666667
DM-53-02-09-01,2026-08-28,51.5915625,6.586145833333333
DM-53-02-09-01,2026-08-29,52.95697916666666,6.4113541666666665
DM-53-02-09-01,2026-08-30,56.09833333333333,6.0874999999999995
DM-53-02-09-01,2026-08-31,53.10270833333333,6.771354166666666
DM-53-02-09-01,2026-09-01,54.72833333333333,6.821979166666666
DM-53-02-09-02,2026-08-26,214.28625,7.281458333333333
DM-53-02-09-02,2026-08-27,212.67072916666666,7.513541666666666
DM-53-02-09-02,2026-08-28,208.82458333333332,7.640416666666667
DM-53-02-09-02,2026-08-29,218.6442708333333,8.564791666666666
DM-53-02-09-02,2026-08-30,228.52458333333334,8.3075
DM-53-02-09-02,2026-08-31,204.31395833333332,8.223958333333334
DM-53-02-09-02,2026-09-01,204.946875,8.237916666666667
DM-53-03-01-01,2026-08-26,0.0,10.5309375
DM-53-03-01-01,2026-08-27,0.0,10.403958333333334
DM-53-03-01-01,2026-08-28,0.0,10.4346875
DM-53-03-01-01,2026-08-29,0.0,10.367812500000001
DM-53-03-01-01,2026-08-30,0.0,10.233854166666667
DM-53-03-01-01,2026-08-31,0.0,10.451875
DM-53-03-01-01,2026-09-01,0.0,10.518541666666666
DM-53-03-01-02,2026-08-26,18.716979166666665,9.715520833333334
DM-53-03-01-02,2026-08-27,22.141041666666666,10.388645833333333
DM-53-03-01-02,2026-08-28,22.109791666666666,10.418750000000001
DM-53-03-01-02,2026-08-29,22.999166666666667,10.3434375
DM-53-03-01-02,2026-08-30,22.48364583333333,10.193854166666666
DM-53-03-01-02,2026-08-31,21.118437500000002,10.428333333333333
DM-53-03-01-02,2026-09-01,20.9340625,10.479583333333332
DM-53-03-01-03,2026-08-26,181.79645833333333,10.525729166666666
DM-53-03-01-03,2026-08-27,179.2646875,10.434791666666667
DM-53-03-01-03,2026-08-28,178.30458333333334,10.455104166666667
DM-53-03-01-03,2026-08-29,181.35875,10.353020833333334
DM-53-03-01-03,2026-08-30,177.55916666666667,10.239375
DM-53-03-01-03,2026-08-31,175.42531250000002,10.435416666666667
DM-53-03-01-03,2026-09-01,155.14479166666666,10.560416666666667
DM-53-03-01-04,2026-08-26,183.18510416666666,9.725104166666666
DM-53-03-01-04,2026-08-27,183.18510416666666,9.725104166666666
DM-53-03-01-04,2026-08-28,183.18510416666666,9.725104166666666
DM-53-03-01-04,2026-08-29,193.6627083333333,9.801979166666667
DM-53-03-01-04,2026-08-30,189.64635416666667,9.628958333333333
DM-53-03-01-04,2026-08-31,183.18510416666666,9.725104166666666
DM-53-03-01-04,2026-09-01,183.18510416666666,9.725104166666666
DM-53-03-02-01,2026-08-26,163.61697916666665,10.604270833333333
DM-53-03-02-01,2026-08-27,149.01041666666666,10.541354166666666
DM-53-03-02-01,2026-08-28,151.36989583333335,10.516458333333334
DM-53-03-02-01,2026-08-29,153.185,10.454270833333334
DM-53-03-02-01,2026-08-30,156.01666666666668,10.2634375
DM-53-03-02-01,2026-08-31,144.82333333333335,10.589270833333334
DM-53-03-02-01,2026-09-01,143.58124999999998,10.643333333333333
DM-53-03-03-01,2026-08-26,105.45718749999999,12.722291666666665
DM-53-03-03-01,2026-08-27,105.939375,12.703958333333333
DM-53-03-03-01,2026-08-28,107.58968750000001,12.689166666666667
DM-53-03-03-01,2026-08-29,103.97291666666666,12.710520833333334
DM-53-03-03-01,2026-08-30,106.32458333333334,12.581666666666665
DM-53-03-03-01,2026-08-31,100.84958333333333,12.649479166666666
DM-53-03-03-01,2026-09-01,98.84010416666666,12.660833333333334
DM-53-03-03-02,2026-08-26,5.75125,12.149791666666667
DM-53-03-03-02,2026-08-27,0.0,12.0134375
DM-53-03-03-02,2026-08-28,0.0,12.021458333333333
DM-53-03-03-02,2026-08-29,0.0,12.020729166666667
DM-53-03-03-02,2026-08-30,0.0,11.906875
DM-53-03-03-02,2026-08-31,0.0,11.940416666666666
DM-53-03-03-02,2026-09-01,0.0,11.953854166666666
DM-53-03-04-01,2026-08-26,207.10708333333332,13.286354166666667
DM-53-03-04-01,2026-08-27,204.1121875,13.29
DM-53-03-04-01,2026-08-28,208.61083333333332,13.285520833333335
DM-53-03-04-01,2026-08-29,213.83666666666667,13.235520833333332
DM-53-03-04-01,2026-08-30,219.93947916666664,13.119479166666666
DM-53-03-04-01,2026-08-31,205.25572916666667,13.189270833333333
DM-53-03-04-01,2026-09-01,206.69968749999998,13.188854166666667
DM-53-03-04-02,2026-08-26,69.34385416666667,14.674895833333332
DM-53-03-04-02,2026-08-27,67.60416666666667,14.543333333333335
DM-53-03-04-02,2026-08-28,67.25104166666667,14.618854166666667
DM-53-03-04-02,2026-08-29,69.26125,14.632083333333334
DM-53-03-04-02,2026-08-30,70.653125,14.554479166666667
DM-53-03-04-02,2026-08-31,64.58520833333334,14.468333333333334
DM-53-03-04-02,2026-09-01,61.9078125,14.473333333333334
DM-53-03-05-01,2026-08-26,82.5603125,11.253020833333332
DM-53-03-05-01,2026-08-27,82.5603125,11.253020833333332
DM-53-03-05-01,2026-08-28,82.5603125,11.253020833333332
DM-53-03-05-01,2026-08-29,91.68333333333334,11.100625
DM-53-03-05-01,2026-08-30,91.3378125,11.076666666666666
DM-53-03-05-01,2026-08-31,82.5603125,11.253020833333332
DM-53-03-05-01,2026-09-01,82.5603125,11.253020833333332
DM-53-03-05-02,2026-08-26,323.58666666666664,3.69
DM-53-03-05-02,2026-08-27,322.4159375,3.6573958333333336
DM-53-03-05-02,2026-08-28,324.6614583333333,3.6181249999999996
DM-53-03-05-02,2026-08-29,324.305,4.0330208333333335
DM-53-03-05-02,2026-08-30,348.44624999999996,4.1328125
DM-53-03-05-02,2026-08-31,331.735,4.322708333333334
DM-53-03-05-02,2026-09-01,341.03020833333335,4.426875
DM-53-03-06-01,2026-08-26,4.989895833333334,12.423958333333333
DM-53-03-06-01,2026-08-27,4.233958333333333,12.4325
DM-53-03-06-01,2026-08-28,4.618645833333333,12.4371875
DM-53-03-06-01,2026-08-29,4.569270833333333,12.441458333333332
DM-53-03-06-01,2026-08-30,4.2384375,12.324791666666668
DM-53-03-06-01,2026-08-31,4.400416666666667,12.3615625
DM-53-03-06-01,2026-09-01,4.675208333333333,12.374479166666667
DM-53-03-06-02,2026-08-26,192.04020833333334,12.1415625
DM-53-03-06-02,2026-08-27,192.35052083333335,12.140729166666667
DM-53-03-06-02,2026-08-28,189.83124999999998,12.143749999999999
DM-53-03-06-02,2026-08-29,196.41125,12.113541666666668
DM-53-03-06-02,2026-08-30,198.35822916666666,11.979687499999999
DM-53-03-06-02,2026-08-31,185.60010416666668,12.0946875
DM-53-03-06-02,2026-09-01,187.86166666666668,12.096874999999999
DM-53-04-01-01,2026-08-26,252.88822916666666,9.3475
DM-53-04-01-01,2026-08-27,252.88822916666666,9.3475
DM-53-04-01-01,2026-08-28,252.88822916666666,9.3475
DM-53-04-01-01,2026-08-29,260.48052083333334,9.026875
DM-53-04-01-01,2026-08-30,259.91625,9.0215625
DM-53-04-01-01,2026-08-31,252.88822916666666,9.3475
DM-53-04-01-01,2026-09-01,252.88822916666666,9.3475
DM-53-04-01-02,2026-08-26,0.0,5.634270833333333
DM-53-04-01-02,2026-08-27,0.0,5.634270833333333
DM-53-04-01-02,2026-08-28,0.0,5.634270833333333
DM-53-04-01-02,2026-08-29,0.0,5.5503125
DM-53-04-01-02,2026-08-30,0.0,5.546875
DM-53-04-01-02,2026-08-31,0.0,5.634270833333333
DM-53-04-01-02,2026-09-01,0.0,5.634270833333333
DM-53-04-01-03,2026-08-26,14.604791666666666,0.0
DM-53-04-01-03,2026-08-27,14.604791666666666,0.0
DM-53-04-01-03,2026-08-28,14.604791666666666,0.0
DM-53-04-01-03,2026-08-29,19.96291666666667,0.0
DM-53-04-01-03,2026-08-30,18.734583333333333,0.0
DM-53-04-01-03,2026-08-31,14.604791666666666,0.0
DM-53-04-01-03,2026-09-01,14.604791666666666,0.0
DM-53-04-02-01,2026-08-26,84.244375,5.556145833333333
DM-53-04-02-01,2026-08-27,83.71802083333334,5.610416666666667
DM-53-04-02-01,2026-08-28,86.76947916666667,5.735104166666667
DM-53-04-02-01,2026-08-29,97.58666666666666,4.755520833333333
DM-53-04-02-01,2026-08-30,103.2865625,5.493958333333333
DM-53-04-02-01,2026-08-31,84.57854166666667,5.971354166666667
DM-53-04-02-01,2026-09-01,83.2290625,5.772291666666667
DM-53-04-02-02,2026-08-26,2.71875,5.079583333333333
DM-53-04-02-02,2026-08-27,2.715520833333333,5.080520833333334
DM-53-04-02-02,2026-08-28,3.1168750000000003,5.6504166666666675
DM-53-04-02-02,2026-08-29,4.704583333333333,6.029062499999999
DM-53-04-02-02,2026-08-30,7.557083333333334,5.9390624999999995
DM-53-04-02-02,2026-08-31,3.7902083333333336,6.226458333333333
DM-53-04-02-02,2026-09-01,2.0927083333333334,5.975208333333334
DM-53-04-02-03,2026-08-26,100.3965625,6.140000000000001
DM-53-04-02-03,2026-08-27,100.6984375,6.19
DM-53-04-02-03,2026-08-28,101.82864583333333,6.2726041666666665
DM-53-04-02-03,2026-08-29,105.14208333333333,6.314687500000001
DM-53-04-02-03,2026-08-30,105.9915625,6.22125
DM-53-04-02-03,2026-08-31,102.64885416666668,6.543333333333333
DM-53-04-02-03,2026-09-01,103.671875,6.3073958333333335
DM-53-05-01-03,2026-08-26,175.16010416666666,10.955520833333333
DM-53-05-01-03,2026-08-27,139.0484375,11.122604166666667
DM-53-05-01-03,2026-08-28,139.0934375,11.243125
DM-53-05-01-03,2026-08-29,145.61010416666667,11.3996875
DM-53-05-01-03,2026-08-30,146.67166666666665,11.379895833333334
DM-53-05-01-03,2026-08-31,138.38104166666668,11.47125
DM-53-05-01-03,2026-09-01,137.99375,11.406875
DM-53-05-01-04,2026-08-26,273.6665625,9.223020833333333
DM-53-05-01-04,2026-08-27,275.59666666666664,9.196250000000001
DM-53-05-01-04,2026-08-28,249.165625,8.959583333333333
DM-53-05-01-04,2026-08-29,187.81760416666668,9.401770833333334
DM-53-05-01-04,2026-08-30,195.5253125,9.245625
DM-53-05-01-04,2026-08-31,178.8479166666667,9.497395833333334
DM-53-05-01-04,2026-09-01,176.838125,9.385729166666666
DM-53-05-02-01,2026-08-26,0.0,7.5025
DM-53-05-02-01,2026-08-27,0.0,7.5025
DM-53-05-02-01,2026-08-28,0.0,7.5025
DM-53-05-02-01,2026-08-29,0.003541666666666667,7.721041666666667
DM-53-05-02-01,2026-08-30,0.0,7.602916666666666
DM-53-05-02-01,2026-08-31,0.0,7.744375000000001
DM-53-05-02-01,2026-09-01,0.0,7.469270833333333
DM-53-05-03-01,2026-08-26,43.33364583333333,0.0
DM-53-05-03-01,2026-08-27,42.2246875,0.0
DM-53-05-03-01,2026-08-28,44.17489583333333,0.0
DM-53-05-03-01,2026-08-29,42.757395833333334,0.0
DM-53-05-03-01,2026-08-30,41.13875,0.0
DM-53-05-03-01,2026-08-31,41.94229166666667,0.0
DM-53-05-03-01,2026-09-01,44.055625,0.0
DM-53-05-03-03,2026-08-26,151.19458333333333,5.7425
DM-53-05-03-03,2026-08-27,135.86645833333333,5.752604166666667
DM-53-05-03-03,2026-08-28,87.76895833333333,5.9721875
DM-53-05-03-03,2026-08-29,57.52885416666667,5.515833333333333
DM-53-05-03-03,2026-08-30,63.109375,5.4558333333333335
DM-53-05-03-03,2026-08-31,51.73489583333333,5.729895833333334
DM-53-05-03-03,2026-09-01,139.99802083333333,5.793645833333334
DM-53-05-03-04,2026-08-26,203.71447916666668,6.513958333333334
DM-53-05-03-04,2026-08-27,202.07666666666668,6.570625
DM-53-05-03-04,2026-08-28,176.8834375,6.6777083333333325
DM-53-05-03-04,2026-08-29,167.66822916666666,6.703229166666667
DM-53-05-03-04,2026-08-30,176.80385416666664,6.551354166666666
DM-53-05-03-04,2026-08-31,155.5934375,6.950208333333333
DM-53-05-03-04,2026-09-01,152.71364583333335,6.7534375
DM-53-05-04-01,2026-08-26,94.03197916666666,5.845
DM-53-05-04-01,2026-08-27,95.67104166666667,5.879166666666666
DM-53-05-04-01,2026-08-28,97.37947916666667,5.953854166666667
DM-53-05-04-01,2026-08-29,99.46302083333335,6.069791666666667
DM-53-05-04-01,2026-08-30,105.04791666666667,6.037291666666667
DM-53-05-04-01,2026-08-31,95.22239583333334,6.2759375
DM-53-05-04-01,2026-09-01,94.57229166666667,6.003020833333333
DM-53-05-05-01,2026-08-26,77.92156250000001,5.408437500000001
DM-53-05-05-01,2026-08-27,78.45427083333333,5.450104166666667
DM-53-05-05-01,2026-08-28,78.66302083333333,5.518125
DM-53-05-05-01,2026-08-29,76.57385416666666,5.609895833333333
DM-53-05-05-01,2026-08-30,50.24125,5.622083333333333
DM-53-05-05-01,2026-08-31,73.49479166666667,5.8009375
DM-53-05-05-01,2026-09-01,80.48479166666667,5.530833333333334
DM-53-05-06-01,2026-08-26,73.34229166666667,5.776770833333334
DM-53-05-06-01,2026-08-27,72.37447916666666,5.788958333333333
DM-53-05-06-01,2026-08-28,81.264375,5.817083333333334
DM-53-05-06-01,2026-08-29,55.0440625,6.017291666666666
DM-53-05-06-01,2026-08-30,30.745520833333334,6.088125000000001
DM-53-05-06-01,2026-08-31,35.103854166666665,6.303541666666667
DM-53-05-06-01,2026-09-01,38.455625,6.012604166666667
DM-53-05-07-01,2026-08-26,374.8220833333333,5.995104166666667
DM-53-05-07-01,2026-08-27,386.57906249999996,6.043645833333334
DM-53-05-07-01,2026-08-28,344.41552083333335,6.12
DM-53-05-07-01,2026-08-29,274.52375,6.081354166666666
DM-53-05-07-01,2026-08-30,248.20489583333335,6.090520833333334
DM-53-05-07-01,2026-08-31,376.99312499999996,6.404791666666667
DM-53-05-07-01,2026-09-01,369.4636458333334,6.141145833333333
DM-53-05-07-03,2026-08-26,147.39270833333333,5.552291666666666
DM-53-05-07-03,2026-08-27,148.06968750000001,5.584895833333333
DM-53-05-07-03,2026-08-28,150.22479166666668,5.657291666666667
DM-53-05-07-03,2026-08-29,157.33177083333334,5.6734374999999995
DM-53-05-07-03,2026-08-30,164.5975,5.601979166666666
DM-53-05-07-03,2026-08-31,153.73666666666665,5.913958333333333
DM-53-05-07-03,2026-09-01,149.4184375,5.665520833333333
DM-53-05-08-01,2026-08-26,0.0,13.048854166666667
DM-53-05-08-01,2026-08-27,0.0,13.048854166666667
DM-53-05-08-01,2026-08-28,0.0,13.048854166666667
DM-53-05-08-01,2026-08-29,5.979166666666667,13.826875000000001
DM-53-05-08-01,2026-08-30,8.266145833333333,13.791666666666666
DM-53-05-08-01,2026-08-31,8.729166666666666,13.7440625
DM-53-05-08-01,2026-09-01,9.379479166666666,13.748020833333333
DM-53-05-08-02,2026-08-26,0.0,0.101875
DM-53-05-08-02,2026-08-27,0.0,0.10541666666666666
DM-53-05-08-02,2026-08-28,0.0,0.1178125
DM-53-05-08-02,2026-08-29,45.38833333333333,6.47375
DM-53-05-08-02,2026-08-30,87.21749999999999,11.066666666666668
DM-53-05-08-02,2026-08-31,77.519375,11.128124999999999
DM-53-05-08-02,2026-09-01,76.97687499999999,10.9928125
DM-53-05-09-02,2026-08-26,137.82895833333333,6.6040625
DM-53-05-09-02,2026-08-27,137.7565625,6.6409375
DM-53-05-09-02,2026-08-28,139.10208333333333,6.856770833333333
DM-53-05-09-02,2026-08-29,146.94489583333333,6.505208333333333
DM-53-05-09-02,2026-08-30,174.9546875,7.130208333333333
DM-53-05-09-02,2026-08-31,141.18677083333333,7.2378125
DM-53-05-09-02,2026-09-01,137.67989583333335,7.1303125
DM-53-05-10-01,2026-08-26,77.47729166666666,5.2459375
DM-53-05-10-01,2026-08-27,76.72791666666667,5.177083333333333
DM-53-05-10-01,2026-08-28,77.7490625,5.224375
DM-53-05-10-01,2026-08-29,84.5321875,5.402291666666667
DM-53-05-10-01,2026-08-30,93.13520833333332,5.395416666666667
DM-53-05-10-01,2026-08-31,78.51010416666666,5.706145833333333
DM-53-05-10-01,2026-09-01,78.09072916666666,5.424270833333334
DM-53-05-10-02,2026-08-26,37.48927083333333,4.8453124999999995
DM-53-05-10-02,2026-08-27,35.98802083333333,4.8321875
DM-53-05-10-02,2026-08-28,34.963229166666665,4.901979166666666
DM-53-05-10-02,2026-08-29,47.5034375,4.92875
DM-53-05-10-02,2026-08-30,53.76989583333333,5.031770833333334
DM-53-05-10-02,2026-08-31,53.99760416666666,5.2482291666666665
DM-53-05-10-02,2026-09-01,60.625729166666666,4.97875
DM-53-05-11-01,2026-08-26,0.0,7.487291666666667
DM-53-05-11-01,2026-08-27,0.0,6.876458333333333
DM-53-05-11-01,2026-08-28,0.0,7.556770833333334
DM-53-05-11-01,2026-08-29,0.0,7.009479166666666
DM-53-05-11-01,2026-08-30,0.0,8.272812499999999
DM-53-05-11-01,2026-08-31,0.0,7.769270833333334
DM-53-05-11-01,2026-09-01,0.0,7.572395833333334
DM-53-05-11-02,2026-08-26,128.44072916666667,5.364375
DM-53-05-11-02,2026-08-27,128.44072916666667,5.364375
DM-53-05-11-02,2026-08-28,128.44072916666667,5.364375
DM-53-05-11-02,2026-08-29,130.44645833333334,5.209895833333333
DM-53-05-11-02,2026-08-30,130.21145833333333,5.121041666666667
DM-53-05-11-02,2026-08-31,128.44072916666667,5.364375
DM-53-05-11-02,2026-09-01,128.44072916666667,5.364375
DM-53-06-01-01,2026-08-26,36.3340625,9.250104166666667
DM-53-06-01-01,2026-08-27,36.67947916666667,9.398333333333333
DM-53-06-01-01,2026-08-28,38.837291666666665,9.257604166666667
DM-53-06-01-01,2026-08-29,39.26864583333333,9.952604166666667
DM-53-06-01-01,2026-08-30,37.781875,9.433958333333333
DM-53-06-01-01,2026-08-31,37.4521875,9.737708333333334
DM-53-06-01-01,2026-09-01,35.858125,9.5365625
DM-53-06-01-02,2026-08-26,279.2370833333333,8.7346875
DM-53-06-01-02,2026-08-27,284.44677083333335,8.69875
DM-53-06-01-02,2026-08-28,287.5394791666667,8.657604166666667
DM-53-06-01-02,2026-08-29,276.9663541666667,8.873958333333333
DM-53-06-01-02,2026-08-30,291.43822916666664,8.844166666666666
DM-53-06-01-02,2026-08-31,290.6147916666667,9.013229166666667
DM-53-06-01-02,2026-09-01,283.765625,9.055104166666666
DM-53-06-02-01,2026-08-26,145.76197916666666,9.585208333333332
DM-53-06-02-01,2026-08-27,144.69583333333333,9.585312499999999
DM-53-06-02-01,2026-08-28,147.75677083333332,9.564791666666666
DM-53-06-02-01,2026-08-29,149.95020833333334,9.871979166666668
DM-53-06-02-01,2026-08-30,149.70083333333335,9.6928125
DM-53-06-02-01,2026-08-31,136.5546875,9.854687499999999
DM-53-06-02-01,2026-09-01,142.1840625,9.853541666666667
DM-53-06-03-01,2026-08-26,60.55052083333334,9.594479166666668
DM-53-06-03-01,2026-08-27,56.98322916666667,9.594166666666666
DM-53-06-03-01,2026-08-28,45.62770833333334,9.6184375
DM-53-06-03-01,2026-08-29,59.26895833333333,9.635833333333332
DM-53-06-03-01,2026-08-30,59.66125,9.6165625
DM-53-06-03-01,2026-08-31,52.075312499999995,9.868541666666667
DM-53-06-03-01,2026-09-01,52.93302083333333,9.873645833333333
DM-53-06-04-01,2026-08-26,236.8010416666667,9.527708333333333
DM-53-06-04-01,2026-08-27,236.8010416666667,9.527708333333333
DM-53-06-04-01,2026-08-28,236.8010416666667,9.527708333333333
DM-53-06-04-01,2026-08-29,254.566875,9.057604166666666
DM-53-06-04-01,2026-08-30,253.7408333333333,9.042395833333334
DM-53-06-04-01,2026-08-31,236.8010416666667,9.527708333333333
DM-53-06-04-01,2026-09-01,236.8010416666667,9.527708333333333
DM-53-06-05-01,2026-08-26,0.0,11.316354166666668
DM-53-06-05-01,2026-08-27,0.0,11.316354166666668
DM-53-06-05-01,2026-08-28,0.0,11.316354166666668
DM-53-06-05-01,2026-08-29,0.0,11.244583333333333
DM-53-06-05-01,2026-08-30,0.0,11.856979166666667
DM-53-06-05-01,2026-08-31,0.0,11.316354166666668
DM-53-06-05-01,2026-09-01,0.0,11.316354166666668
DM-53-06-05-02,2026-08-26,202.3659375,7.327395833333333
DM-53-06-05-02,2026-08-27,198.18364583333334,7.165104166666667
DM-53-06-05-02,2026-08-28,207.83645833333333,7.366145833333333
DM-53-06-05-02,2026-08-29,195.63083333333336,6.9328125
DM-53-06-05-02,2026-08-30,222.0615625,7.8535416666666675
DM-53-06-05-02,2026-08-31,197.11687500000002,7.2853125
DM-53-06-05-02,2026-09-01,196.8603125,7.397812500000001
DM-53-06-06-01,2026-08-26,276.0019791666667,8.574791666666666
DM-53-06-06-01,2026-08-27,274.2164583333333,8.574479166666666
DM-53-06-06-01,2026-08-28,281.96,8.529270833333333
DM-53-06-06-01,2026-08-29,306.3597916666667,8.462708333333333
DM-53-06-06-01,2026-08-30,302.4551041666667,8.45125
DM-53-06-06-01,2026-08-31,273.61833333333334,8.809479166666668
DM-53-06-06-01,2026-09-01,271.56645833333334,8.821145833333334
DM-53-08-01-01,2026-08-26,0.0,12.708541666666667
DM-53-08-01-01,2026-08-27,0.0,12.708541666666667
DM-53-08-01-01,2026-08-28,0.0,12.708541666666667
DM-53-08-01-01,2026-08-29,0.0,12.796145833333334
DM-53-08-01-01,2026-08-30,0.0,13.159374999999999
DM-53-08-01-01,2026-08-31,0.0,13.365208333333333
DM-53-08-01-01,2026-09-01,0.0,13.355208333333332
DM-53-08-01-02,2026-08-26,38.86208333333333,7.320416666666667
DM-53-08-01-02,2026-08-27,37.8521875,7.37
DM-53-08-01-02,2026-08-28,40.16697916666667,7.380208333333333
DM-53-08-01-02,2026-08-29,52.5803125,6.323541666666666
DM-53-08-01-02,2026-08-30,51.02739583333334,8.0159375
DM-53-08-01-02,2026-08-31,39.3040625,7.339375
DM-53-08-01-02,2026-09-01,39.27135416666667,7.382291666666667
DM-53-08-02-01,2026-08-26,146.48906250000002,9.049791666666666
DM-53-08-02-01,2026-08-27,146.48906250000002,9.049791666666666
DM-53-08-02-01,2026-08-28,146.48906250000002,9.049791666666666
DM-53-08-02-01,2026-08-29,158.7190625,8.844270833333333
DM-53-08-02-01,2026-08-30,157.3159375,8.8403125
DM-53-08-02-01,2026-08-31,146.48906250000002,9.049791666666666
DM-53-08-02-01,2026-09-01,146.48906250000002,9.049791666666666
DM-53-08-02-02,2026-08-26,33.622708333333335,10.135
DM-53-08-02-02,2026-08-27,33.451770833333335,10.133645833333334
DM-53-08-02-02,2026-08-28,34.419583333333335,10.217395833333333
DM-53-08-02-02,2026-08-29,31.440520833333334,10.158854166666666
DM-53-08-02-02,2026-08-30,41.0859375,10.248229166666667
DM-53-08-02-02,2026-08-31,46.09135416666667,10.334479166666666
DM-53-08-02-02,2026-09-01,42.31979166666667,10.198020833333333
DM-53-08-02-03,2026-08-26,62.5103125,10.353958333333333
DM-53-08-02-03,2026-08-27,62.173125,10.379166666666666
DM-53-08-02-03,2026-08-28,64.28083333333333,10.4378125
DM-53-08-02-03,2026-08-29,65.3478125,10.451770833333333
DM-53-08-02-03,2026-08-30,63.7815625,10.490104166666667
DM-53-08-02-03,2026-08-31,58.701875,10.572291666666667
DM-53-08-02-03,2026-09-01,58.276354166666664,10.412708333333333
DM-53-09-02-04,2026-08-26,209.66260416666668,5.467083333333334
DM-53-09-02-04,2026-08-27,187.58895833333335,5.623958333333333
DM-53-09-02-04,2026-08-28,191.53729166666665,5.695520833333333
DM-53-09-02-04,2026-08-29,203.7621875,5.8410416666666665
DM-53-09-02-04,2026-08-30,212.54760416666667,5.81625
DM-53-09-02-04,2026-08-31,205.52854166666668,5.986666666666667
DM-53-09-02-04,2026-09-01,213.81125,5.652604166666666
DM-53-09-02-05,2026-08-26,13.4225,6.364999999999999
DM-53-09-02-05,2026-08-27,15.246875000000001,6.329166666666667
DM-53-09-02-05,2026-08-28,14.395000000000001,6.395208333333333
DM-53-09-02-05,2026-08-29,15.808958333333335,6.511145833333334
DM-53-09-02-05,2026-08-30,15.543541666666668,6.5203125
DM-53-09-02-05,2026-08-31,13.071770833333334,6.666979166666667
DM-53-09-02-05,2026-09-01,12.880729166666667,6.378333333333334
DM-53-09-03-01,2026-08-26,121.70072916666668,5.2525
DM-53-09-03-01,2026-08-27,122.47874999999999,5.232708333333333
DM-53-09-03-01,2026-08-28,123.95770833333334,5.271041666666666
DM-53-09-03-01,2026-08-29,128.30125,5.425833333333333
DM-53-09-03-01,2026-08-30,132.79520833333333,5.2700000000000005
DM-53-09-03-01,2026-08-31,125.87833333333333,5.59875
DM-53-09-03-01,2026-09-01,124.89958333333334,5.3696875
DM-53-09-05-01,2026-08-26,93.56916666666666,4.842395833333334
DM-53-09-05-01,2026-08-27,128.62958333333333,4.5725
DM-53-09-05-01,2026-08-28,134.46937499999999,4.5915625
DM-53-09-05-01,2026-08-29,113.43958333333335,4.8309375
DM-53-09-05-01,2026-08-30,102.82156250000001,4.773229166666667
DM-53-09-05-01,2026-08-31,96.694375,5.0893749999999995
DM-53-09-05-01,2026-09-01,94.70458333333333,4.8228125
DM-54-01-04-01,2026-08-26,97.090625,4.211041666666667
DM-54-01-04-01,2026-08-27,90.7690625,3.9805208333333333
DM-54-01-04-01,2026-08-28,97.16354166666667,4.394791666666666
DM-54-01-04-01,2026-08-29,108.468125,4.5278125000000005
DM-54-01-04-01,2026-08-30,108.468125,4.5278125000000005
DM-54-01-04-01,2026-08-31,86.7765625,4.426875
DM-54-01-04-01,2026-09-01,86.84416666666668,4.4034375
DM-54-01-05-01,2026-08-26,0.0062499999999999995,4.663645833333333
DM-54-01-05-01,2026-08-27,0.0,4.604166666666667
DM-54-01-05-01,2026-08-28,0.0,4.671979166666667
DM-54-01-05-01,2026-08-29,0.0,3.728645833333333
DM-54-01-05-01,2026-08-30,0.0,3.8832291666666667
DM-54-01-05-01,2026-08-31,0.0,4.787604166666667
DM-54-01-05-01,2026-09-01,0.0,4.648229166666667
DM-54-01-05-02,2026-08-26,187.63072916666667,5.254479166666667
DM-54-01-05-02,2026-08-27,190.01052083333332,5.375416666666666
DM-54-01-05-02,2026-08-28,174.5384375,5.2684375
DM-54-01-05-02,2026-08-29,175.20624999999998,5.419270833333333
DM-54-01-05-02,2026-08-30,167.4984375,5.534791666666667
DM-54-01-05-02,2026-08-31,173.63729166666667,5.440833333333334
DM-54-01-05-02,2026-09-01,173.68572916666668,5.452083333333333
DM-54-01-05-03,2026-08-26,19.378333333333334,5.005729166666667
DM-54-01-05-03,2026-08-27,19.225520833333334,5.061041666666667
DM-54-01-05-03,2026-08-28,18.305625,5.113020833333334
DM-54-01-05-03,2026-08-29,17.858958333333334,4.1971875
DM-54-01-05-03,2026-08-30,17.858958333333334,4.184166666666667
DM-54-01-05-03,2026-08-31,17.358958333333334,5.2515624999999995
DM-54-01-05-03,2026-09-01,17.568749999999998,5.281666666666667
DM-54-01-06-01,2026-08-26,0.09208333333333334,3.7315625000000003
DM-54-01-06-01,2026-08-27,0.0840625,3.7784375000000003
DM-54-01-06-01,2026-08-28,0.09520833333333334,3.8611458333333335
DM-54-01-06-01,2026-08-29,0.08125,3.302604166666667
DM-54-01-06-01,2026-08-30,0.08135416666666667,3.295833333333333
DM-54-01-06-01,2026-08-31,0.07572916666666667,3.9971875000000003
DM-54-01-06-01,2026-09-01,0.06979166666666667,4.009479166666667
DM-54-01-06-02,2026-08-26,0.0,6.91875
DM-54-01-06-02,2026-08-27,0.0,6.939687500000001
DM-54-01-06-02,2026-08-28,0.0,6.973125
DM-54-01-06-02,2026-08-29,0.0,6.428020833333334
DM-54-01-06-02,2026-08-30,0.0,6.422083333333333
DM-54-01-06-02,2026-08-31,0.0,7.015625
DM-54-01-06-02,2026-09-01,0.0,7.035416666666666
DM-54-02-02-01,2026-08-26,166.48166666666665,3.6975
DM-54-02-02-01,2026-08-27,150.42864583333332,3.4570833333333333
DM-54-02-02-01,2026-08-28,163.80114583333332,3.8365625
DM-54-02-02-01,2026-08-29,170.01427083333334,3.9710416666666664
DM-54-02-02-01,2026-08-30,170.01427083333334,3.9710416666666664
DM-54-02-02-01,2026-08-31,159.02979166666668,3.8554166666666667
DM-54-02-02-01,2026-09-01,159.769375,3.8146875
DM-54-02-02-02,2026-08-26,92.07895833333333,3.8759374999999996
DM-54-02-02-02,2026-08-27,93.13177083333333,3.8946875
DM-54-02-02-02,2026-08-28,92.39989583333333,3.8613541666666666
DM-54-02-02-02,2026-08-29,99.27166666666666,4.136770833333333
DM-54-02-02-02,2026-08-30,98.81354166666667,4.1805208333333335
DM-54-02-02-02,2026-08-31,91.14968750000001,4.049166666666667
DM-54-02-02-02,2026-09-01,92.81239583333333,4.014895833333333
DM-54-02-03-01,2026-08-26,199.94604166666667,3.205
DM-54-02-03-01,2026-08-27,204.50708333333333,3.2026041666666667
DM-54-02-03-01,2026-08-28,199.03447916666667,3.200416666666667
DM-54-02-03-01,2026-08-29,208.03520833333334,3.419375
DM-54-02-03-01,2026-08-30,209.06510416666666,3.469791666666667
DM-54-02-03-01,2026-08-31,190.08135416666667,3.3884375
DM-54-02-03-01,2026-09-01,192.1178125,3.3470833333333334
DM-54-02-04-01,2026-08-26,23.034270833333334,4.4035416666666665
DM-54-02-04-01,2026-08-27,21.520937500000002,4.218958333333333
DM-54-02-04-01,2026-08-28,22.709999999999997,4.541979166666667
DM-54-02-04-01,2026-08-29,23.644166666666667,4.669479166666666
DM-54-02-04-01,2026-08-30,23.644166666666667,4.669479166666666
DM-54-02-04-01,2026-08-31,22.936354166666664,4.549791666666667
DM-54-02-04-01,2026-09-01,22.366770833333334,4.526458333333333
DM-54-02-04-02,2026-08-26,0.0,4.5268749999999995
DM-54-02-04-02,2026-08-27,0.0,4.5268749999999995
DM-54-02-04-02,2026-08-28,0.0,4.5268749999999995
DM-54-02-04-02,2026-08-29,0.01916666666666667,4.138958333333333
DM-54-02-04-02,2026-08-30,0.008645833333333333,4.124270833333333
DM-54-02-04-02,2026-08-31,0.0,4.5268749999999995
DM-54-02-04-02,2026-09-01,0.0,4.5268749999999995
DM-54-02-04-03,2026-08-26,161.40927083333335,3.422083333333333
DM-54-02-04-03,2026-08-27,162.33145833333333,3.462604166666667
DM-54-02-04-03,2026-08-28,161.70760416666667,3.4482291666666662
DM-54-02-04-03,2026-08-29,189.67916666666667,3.7463541666666664
DM-54-02-04-03,2026-08-30,186.89958333333334,3.784479166666667
DM-54-02-04-03,2026-08-31,155.27541666666667,3.6196875
DM-54-02-04-03,2026-09-01,157.75333333333333,3.57375
DM-54-02-04-04,2026-08-26,151.71177083333333,3.6880208333333333
DM-54-02-04-04,2026-08-27,155.06916666666666,3.7001041666666663
DM-54-02-04-04,2026-08-28,154.00072916666667,3.6677083333333336
DM-54-02-04-04,2026-08-29,157.81291666666667,3.949375
DM-54-02-04-04,2026-08-30,159.31885416666668,3.985416666666667
DM-54-02-04-04,2026-08-31,145.071875,3.887395833333333
DM-54-02-04-04,2026-09-01,146.12833333333333,3.86375
DM-54-02-05-01,2026-08-26,248.07875,3.5716666666666668
DM-54-02-05-01,2026-08-27,246.53656249999997,3.654583333333333
DM-54-02-05-01,2026-08-28,245.47687499999998,3.7076041666666666
DM-54-02-05-01,2026-08-29,256.05802083333333,3.8117708333333336
DM-54-02-05-01,2026-08-30,256.05802083333333,3.8117708333333336
DM-54-02-05-01,2026-08-31,242.84833333333333,3.7235416666666663
DM-54-02-05-01,2026-09-01,243.83364583333332,3.691875
DM-54-02-05-02,2026-08-26,72.19916666666667,3.873125
DM-54-02-05-02,2026-08-27,70.50416666666666,3.9082291666666666
DM-54-02-05-02,2026-08-28,69.2878125,3.8735416666666667
DM-54-02-05-02,2026-08-29,73.17125,4.18625
DM-54-02-05-02,2026-08-30,73.3459375,4.233020833333334
DM-54-02-05-02,2026-08-31,69.74489583333333,4.050520833333334
DM-54-02-05-02,2026-09-01,70.536875,4.035833333333334
DM-54-02-05-03,2026-08-26,65.63145833333333,3.7946875
DM-54-02-05-03,2026-08-27,60.89875,3.6143750000000003
DM-54-02-05-03,2026-08-28,62.03958333333333,3.7684374999999997
DM-54-02-05-03,2026-08-29,65.21843750000001,4.012291666666667
DM-54-02-05-03,2026-08-30,65.26364583333333,4.0175
DM-54-02-05-03,2026-08-31,63.46979166666667,3.9488541666666666
DM-54-02-05-03,2026-09-01,63.054375,3.9361458333333332
DM-54-03-01-01,2026-08-26,46.94322916666667,5.230520833333333
DM-54-03-01-01,2026-08-27,47.979166666666664,5.237395833333333
DM-54-03-01-01,2026-08-28,47.75354166666667,5.194895833333333
DM-54-03-01-01,2026-08-29,51.151354166666664,5.542395833333334
DM-54-03-01-01,2026-08-30,51.46239583333334,5.65125
DM-54-03-01-01,2026-08-31,46.05145833333333,5.28375
DM-54-03-01-01,2026-09-01,49.17333333333334,5.2673958333333335
DM-54-03-01-02,2026-08-26,151.42447916666666,4.6423958333333335
DM-54-03-01-02,2026-08-27,148.90572916666667,4.641770833333333
DM-54-03-01-02,2026-08-28,147.09583333333333,4.601354166666667
DM-54-03-01-02,2026-08-29,152.9765625,4.867291666666667
DM-54-03-01-02,2026-08-30,155.13760416666665,4.908229166666667
DM-54-03-01-02,2026-08-31,144.1884375,4.691770833333334
DM-54-03-01-02,2026-09-01,145.01208333333332,4.6853125
DM-54-03-01-03,2026-08-26,98.42947916666667,5.349791666666667
DM-54-03-01-03,2026-08-27,97.51885416666666,5.281145833333333
DM-54-03-01-03,2026-08-28,97.31,5.233958333333333
DM-54-03-01-03,2026-08-29,103.06614583333334,5.435
DM-54-03-01-03,2026-08-30,104.67447916666667,5.463229166666667
DM-54-03-01-03,2026-08-31,93.02927083333333,5.3015625
DM-54-03-01-03,2026-09-01,93.93645833333333,5.309270833333334
DM-54-03-02-01,2026-08-26,85.13739583333334,6.9909375
DM-54-03-02-01,2026-08-27,87.13677083333333,6.914479166666666
DM-54-03-02-01,2026-08-28,85.14093749999999,6.8585416666666665
DM-54-03-02-01,2026-08-29,88.95072916666668,7.228958333333334
DM-54-03-02-01,2026-08-30,90.07645833333333,7.2771875
DM-54-03-02-01,2026-08-31,81.230625,6.8038541666666665
DM-54-03-02-01,2026-09-01,81.0203125,6.859791666666666
DM-54-03-02-02,2026-08-26,283.39854166666663,5.230104166666666
DM-54-03-02-02,2026-08-27,279.07364583333333,5.2021875
DM-54-03-02-02,2026-08-28,277.98312500000003,5.149479166666667
DM-54-03-02-02,2026-08-29,294.17322916666666,5.376874999999999
DM-54-03-02-02,2026-08-30,297.69041666666664,5.4115625
DM-54-03-02-02,2026-08-31,268.8183333333333,5.2
DM-54-03-02-02,2026-09-01,272.939375,5.211666666666667
DM-54-03-02-03,2026-08-26,227.72479166666668,4.748645833333334
DM-54-03-02-03,2026-08-27,223.44572916666667,4.7091666666666665
DM-54-03-02-03,2026-08-28,222.19479166666667,4.6691666666666665
DM-54-03-02-03,2026-08-29,232.02916666666667,4.8990625
DM-54-03-02-03,2026-08-30,234.60729166666667,4.923020833333333
DM-54-03-02-03,2026-08-31,215.4190625,4.6232291666666665
DM-54-03-02-03,2026-09-01,217.54520833333333,4.656354166666667
DM-54-04-01-01,2026-08-26,76.25812499999999,3.3958333333333335
DM-54-04-01-01,2026-08-27,76.5434375,3.415729166666667
DM-54-04-01-01,2026-08-28,76.70791666666666,3.3804166666666666
DM-54-04-01-01,2026-08-29,82.39604166666668,3.6325000000000003
DM-54-04-01-01,2026-08-30,83.29,3.6878124999999997
DM-54-04-01-01,2026-08-31,76.4303125,3.4960416666666667
DM-54-04-01-01,2026-09-01,75.48666666666666,3.4771875
DM-54-04-02-01,2026-08-26,101.25614583333333,4.4596875
DM-54-04-02-01,2026-08-27,101.69104166666666,4.478229166666667
DM-54-04-02-01,2026-08-28,99.98010416666666,4.4671875000000005
DM-54-04-02-01,2026-08-29,108.10875,4.6727083333333335
DM-54-04-02-01,2026-08-30,113.11729166666667,4.720833333333333
DM-54-04-02-01,2026-08-31,101.75479166666666,4.591354166666666
DM-54-04-02-01,2026-09-01,103.16677083333333,4.560833333333333
DM-54-04-02-02,2026-08-26,95.6959375,3.0340624999999997
DM-54-04-02-02,2026-08-27,94.45145833333333,3.0639583333333333
DM-54-04-02-02,2026-08-28,95.64697916666667,3.054895833333333
DM-54-04-02-02,2026-08-29,102.55572916666667,3.22875
DM-54-04-02-02,2026-08-30,101.77083333333333,3.3071875
DM-54-04-02-02,2026-08-31,93.5828125,3.1690625000000003
DM-54-04-02-02,2026-09-01,92.04770833333333,3.1421875
DM-54-04-03-01,2026-08-26,1000.8821875,3.634375
DM-54-04-03-01,2026-08-27,1000.3166666666666,3.6615625
DM-54-04-03-01,2026-08-28,999.3696875,3.658958333333333
DM-54-04-03-01,2026-08-29,1001.0805208333333,3.7905208333333333
DM-54-04-03-01,2026-08-30,995.5703125,3.8565625000000003
DM-54-04-03-01,2026-08-31,1000.9097916666666,3.7488541666666664
DM-54-04-03-01,2026-09-01,999.015625,3.7128125
DM-54-04-03-02,2026-08-26,35.6021875,2.7253125
DM-54-04-03-02,2026-08-27,35.6021875,2.7253125
DM-54-04-03-02,2026-08-28,35.6021875,2.7253125
DM-54-04-03-02,2026-08-29,35.024791666666665,2.8767708333333335
DM-54-04-03-02,2026-08-30,35.04,2.8515625
DM-54-04-03-02,2026-08-31,35.6021875,2.7253125
DM-54-04-03-02,2026-09-01,35.6021875,2.7253125
DM-54-04-03-03,2026-08-26,94.63572916666668,3.36
DM-54-04-03-03,2026-08-27,95.43291666666666,3.3898958333333336
DM-54-04-03-03,2026-08-28,99.29104166666667,3.3827083333333334
DM-54-04-03-03,2026-08-29,111.56124999999999,3.4949999999999997
DM-54-04-03-03,2026-08-30,119.2153125,3.5553125
DM-54-04-03-03,2026-08-31,90.71895833333333,3.4936458333333333
DM-54-04-03-03,2026-09-01,91.68052083333333,3.454166666666667
DM-54-04-03-04,2026-08-26,64.131875,3.3816666666666664
DM-54-04-03-04,2026-08-27,60.83479166666667,3.2803125000000004
DM-54-04-03-04,2026-08-28,61.838750000000005,3.473125
DM-54-04-03-04,2026-08-29,58.88666666666666,3.462604166666667
DM-54-04-03-04,2026-08-30,58.88666666666666,3.462604166666667
DM-54-04-03-04,2026-08-31,62.676770833333336,3.5419791666666662
DM-54-04-03-04,2026-09-01,63.04833333333334,3.5114583333333336
DM-54-04-04-01,2026-08-26,0.0,4.1621875
DM-54-04-04-01,2026-08-27,0.0,4.269479166666667
DM-54-04-04-01,2026-08-28,0.0,4.262291666666667
DM-54-04-04-01,2026-08-29,0.0,4.321041666666667
DM-54-04-04-01,2026-08-30,0.0,4.329479166666666
DM-54-04-04-01,2026-08-31,0.0,4.49875
DM-54-04-04-01,2026-09-01,0.0,4.441145833333334
DM-54-04-04-02,2026-08-26,4.20531914893617,4.942553191489362
DM-54-04-04-02,2026-08-29,0.9700000000000001,5.523333333333333
DM-54-04-04-02,2026-08-30,5.871538461538462,5.496153846153846
DM-54-04-04-03,2026-08-26,12.5084375,3.0013541666666668
DM-54-04-04-03,2026-08-27,10.67875,3.1442708333333336
DM-54-04-04-03,2026-08-28,12.456354166666666,3.1053125
DM-54-04-04-03,2026-08-29,15.048229166666667,3.0655208333333337
DM-54-04-04-03,2026-08-30,16.7003125,3.0430208333333333
DM-54-04-04-03,2026-08-31,9.7215625,3.3286458333333333
DM-54-04-04-03,2026-09-01,10.3190625,3.2687500000000003
DM-54-04-04-04,2026-08-26,0.0,10.2125
DM-54-04-04-04,2026-08-27,0.0,10.2125
DM-54-04-04-04,2026-08-28,0.0,10.2125
DM-54-04-04-04,2026-08-29,0.0,10.255520833333334
DM-54-04-04-04,2026-08-30,0.0,10.259375
DM-54-04-04-04,2026-08-31,0.0,10.2125
DM-54-04-04-04,2026-09-01,0.0,10.2125
DM-54-05-01-01,2026-08-26,48.33052083333334,3.8516666666666666
DM-54-05-01-01,2026-08-27,48.328854166666666,3.8786458333333336
DM-54-05-01-01,2026-08-28,48.3503125,3.8259375
DM-54-05-01-01,2026-08-29,48.36958333333334,4.079270833333333
DM-54-05-01-01,2026-08-30,48.354479166666664,4.091145833333333
DM-54-05-01-01,2026-08-31,48.36354166666666,3.9082291666666666
DM-54-05-01-01,2026-09-01,48.357395833333335,3.907291666666667
DM-54-05-01-02,2026-08-26,230.42197916666666,4.201875
DM-54-05-01-02,2026-08-27,230.49322916666665,4.229895833333333
DM-54-05-01-02,2026-08-28,231.82208333333332,4.1606250000000005
DM-54-05-01-02,2026-08-29,246.1121875,4.390416666666667
DM-54-05-01-02,2026-08-30,254.35760416666665,4.3984375
DM-54-05-01-02,2026-08-31,238.70760416666667,4.215833333333333
DM-54-05-01-02,2026-09-01,232.06927083333335,4.23125
DM-54-05-02-01,2026-08-26,132.98364583333333,4.507291666666666
DM-54-05-02-01,2026-08-27,130.02145833333333,4.536979166666667
DM-54-05-02-01,2026-08-28,129.91614583333333,4.4773958333333335
DM-54-05-02-01,2026-08-29,136.92677083333334,4.7765625
DM-54-05-02-01,2026-08-30,135.5453125,4.823645833333333
DM-54-05-02-01,2026-08-31,126.6275,4.561875
DM-54-05-02-01,2026-09-01,128.16041666666666,4.557604166666667
DM-54-05-03-01,2026-08-26,18.959062499999998,2.9600000000000004
DM-54-05-03-01,2026-08-27,19.080208333333335,2.9646875
DM-54-05-03-01,2026-08-28,19.052291666666665,2.9532291666666666
DM-54-05-03-01,2026-08-29,20.0709375,3.0343750000000003
DM-54-05-03-01,2026-08-30,20.662604166666664,3.0178125
DM-54-05-03-01,2026-08-31,19.072604166666668,3.0888541666666662
DM-54-05-03-01,2026-09-01,19.131249999999998,3.066875
DM-54-06-01-02,2026-08-26,69.8853125,2.6445833333333333
DM-54-06-01-02,2026-08-27,69.86635416666667,2.7539583333333333
DM-54-06-01-02,2026-08-28,65.24864583333333,2.76625
DM-54-06-01-02,2026-08-29,66.94135416666667,2.9196875
DM-54-06-01-02,2026-08-30,66.94135416666667,2.9196875
DM-54-06-01-02,2026-08-31,67.52583333333334,2.8707291666666666
DM-54-06-01-02,2026-09-01,67.27843750000001,2.8284374999999997
DM-54-06-01-03,2026-08-26,389.6496875,4.43
DM-54-06-01-03,2026-08-27,381.7736458333333,4.456979166666667
DM-54-06-01-03,2026-08-28,385.25281249999995,4.4437500000000005
DM-54-06-01-03,2026-08-29,475.7615625,5.361770833333334
DM-54-06-01-03,2026-08-30,464.9239583333333,5.3897916666666665
DM-54-06-01-03,2026-08-31,385.25281249999995,4.6284374999999995
DM-54-06-01-03,2026-09-01,381.60249999999996,4.5690625
DM-54-06-01-04,2026-08-26,138.47052083333332,3.491979166666667
DM-54-06-01-04,2026-08-27,134.58447916666668,3.5208333333333335
DM-54-06-01-04,2026-08-28,126.38052083333334,3.502916666666667
DM-54-06-01-04,2026-08-29,136.35999999999999,3.7680208333333334
DM-54-06-01-04,2026-08-30,139.82458333333332,3.8042708333333333
DM-54-06-01-04,2026-08-31,128.22260416666668,3.677604166666667
DM-54-06-01-04,2026-09-01,127.18906249999999,3.6455208333333338
DM-54-06-02-01,2026-08-26,100.82354166666666,4.5465625
DM-54-06-02-01,2026-08-27,112.04052083333333,4.546666666666667
DM-54-06-02-01,2026-08-28,127.01166666666667,4.488333333333333
DM-54-06-02-01,2026-08-29,122.13104166666666,4.7761458333333335
DM-54-06-02-01,2026-08-30,122.75260416666667,4.8133333333333335
DM-54-06-02-01,2026-08-31,117.42125,4.691979166666667
DM-54-06-02-01,2026-09-01,120.25604166666666,4.654895833333334
DM-54-06-02-02,2026-08-26,61.21854166666666,3.8708333333333336
DM-54-06-02-02,2026-08-27,60.415625,3.8941666666666666
DM-54-06-02-02,2026-08-28,62.16864583333333,3.864479166666667
DM-54-06-02-02,2026-08-29,61.15614583333333,4.155104166666667
DM-54-06-02-02,2026-08-30,62.83864583333334,4.190833333333333
DM-54-06-02-02,2026-08-31,58.482708333333335,4.0528125
DM-54-06-02-02,2026-09-01,59.80458333333333,4.023020833333333
DM-54-06-03-01,2026-08-26,517.200625,3.6162500000000004
DM-54-06-03-01,2026-08-27,517.7257291666666,3.4926041666666667
DM-54-06-03-01,2026-08-28,517.5815624999999,3.7786458333333335
DM-54-06-03-01,2026-08-29,517.6951041666666,3.9357291666666665
DM-54-06-03-01,2026-08-30,517.6951041666666,3.9357291666666665
DM-54-06-03-01,2026-08-31,517.200625,3.7994791666666665
DM-54-06-03-01,2026-09-01,517.92,3.778020833333333
DM-54-06-04-01,2026-08-26,1.5611458333333335,4.394270833333334
DM-54-06-04-01,2026-08-27,1.3811458333333333,4.3081249999999995
DM-54-06-04-01,2026-08-28,0.01,4.6146875
DM-54-06-04-01,2026-08-29,0.01,4.820520833333333
DM-54-06-04-01,2026-08-30,0.01,4.820520833333333
DM-54-06-04-01,2026-08-31,1.3538541666666666,4.658541666666667
DM-54-06-04-01,2026-09-01,1.5060416666666667,4.605208333333334
DM-54-06-04-02,2026-08-26,61.85666666666666,3.4324999999999997
DM-54-06-04-02,2026-08-27,65.65385416666666,3.4232291666666668
DM-54-06-04-02,2026-08-28,70.75791666666667,3.3423958333333332
DM-54-06-04-02,2026-08-29,73.25979166666666,3.68125
DM-54-06-04-02,2026-08-30,73.5271875,3.71875
DM-54-06-04-02,2026-08-31,67.92697916666667,3.6041666666666665
DM-54-06-04-02,2026-09-01,69.04020833333333,3.556875
DM-54-06-04-03,2026-08-26,104.08927083333333,3.599895833333333
DM-54-06-04-03,2026-08-27,99.13197916666667,3.4659375000000003
DM-54-06-04-03,2026-08-28,105.12208333333332,3.7788541666666666
DM-54-06-04-03,2026-08-29,113.44302083333334,4.032916666666667
DM-54-06-04-03,2026-08-30,113.44302083333334,4.032916666666667
DM-54-06-04-03,2026-08-31,111.73614583333334,3.8384375
DM-54-06-04-03,2026-09-01,112.16041666666666,3.7881250000000004
DM-54-07-01-01,2026-08-26,82.51385416666666,6.155729166666667
DM-54-07-01-01,2026-08-27,82.51385416666666,6.155729166666667
DM-54-07-01-01,2026-08-28,82.51385416666666,6.155729166666667
DM-54-07-01-01,2026-08-29,88.55062500000001,6.1575
DM-54-07-01-01,2026-08-30,88.37072916666666,6.170000000000001
DM-54-07-01-01,2026-08-31,82.51385416666666,6.155729166666667
DM-54-07-01-01,2026-09-01,82.51385416666666,6.155729166666667
DM-54-07-02-01,2026-08-26,96.88916666666667,0.8713541666666668
DM-54-07-02-01,2026-08-27,95.8728125,0.8736458333333333
DM-54-07-02-01,2026-08-28,94.22000000000001,0.8690625000000001
DM-54-07-02-01,2026-08-29,100.21864583333333,0.9152083333333333
DM-54-07-02-01,2026-08-30,102.50114583333334,0.9227083333333334
DM-54-07-02-01,2026-08-31,90.43229166666667,0.8985416666666667
DM-54-07-02-01,2026-09-01,91.25791666666667,0.8936458333333334
DM-54-07-03-01,2026-08-26,187.64802083333333,4.8865625
DM-54-07-03-01,2026-08-27,188.071875,4.900520833333333
DM-54-07-03-01,2026-08-28,185.6421875,4.88
DM-54-07-03-01,2026-08-29,187.77333333333334,5.097916666666666
DM-54-07-03-01,2026-08-30,188.96885416666666,5.139479166666667
DM-54-07-03-01,2026-08-31,185.39125,5.014583333333333
DM-54-07-03-01,2026-09-01,187.29302083333334,4.983645833333333
DM-54-07-04-01,2026-08-26,132.48291666666668,4.2865625
DM-54-07-04-01,2026-08-27,132.48291666666668,4.2865625
DM-54-07-04-01,2026-08-28,132.48291666666668,4.2865625
DM-54-07-04-01,2026-08-29,133.3684375,4.12125
DM-54-07-04-01,2026-08-30,133.04791666666668,4.0971874999999995
DM-54-07-04-01,2026-08-31,132.48291666666668,4.2865625
DM-54-07-04-01,2026-09-01,132.48291666666668,4.2865625
DM-54-07-05-01,2026-08-26,68.76166666666667,4.168541666666667
DM-54-07-05-01,2026-08-27,69.47916666666667,4.187291666666667
DM-54-07-05-01,2026-08-28,69.0234375,4.159166666666667
DM-54-07-05-01,2026-08-29,69.51614583333334,4.41
DM-54-07-05-01,2026-08-30,69.46510416666666,4.4590625
DM-54-07-05-01,2026-08-31,66.324375,4.29125
DM-54-07-05-01,2026-09-01,66.33760416666667,4.266145833333334
DM-54-08-01-01,2026-08-26,0.0,5.902083333333334
DM-54-08-01-01,2026-08-27,0.0,6.002395833333334
DM-54-08-01-01,2026-08-28,0.0,5.895104166666666
DM-54-08-01-01,2026-08-29,0.0,5.404375000000001
DM-54-08-01-01,2026-08-30,0.0,5.6240625
DM-54-08-01-01,2026-08-31,0.0,6.108854166666667
DM-54-08-01-01,2026-09-01,0.0,6.090625
DM-54-08-02-01,2026-08-26,21.859687500000003,11.395416666666668
DM-54-08-02-01,2026-08-27,21.759583333333335,11.464270833333332
DM-54-08-02-01,2026-08-28,21.201041666666665,11.446666666666667
DM-54-08-02-01,2026-08-29,20.1484375,12.111041666666667
DM-54-08-02-01,2026-08-30,21.215833333333332,10.462604166666667
DM-54-08-02-01,2026-08-31,20.4690625,11.300104166666666
DM-54-08-02-01,2026-09-01,19.901354166666668,11.383125
DM-54-08-03-01,2026-08-26,321.09447916666664,5.0575
DM-54-08-03-01,2026-08-27,332.6636458333333,5.3484375
DM-54-08-03-01,2026-08-28,333.95468750000003,5.2225
DM-54-08-03-01,2026-08-29,332.6971875,5.256354166666667
DM-54-08-03-01,2026-08-30,133.02083333333334,3.702291666666667
DM-54-08-03-01,2026-08-31,381.6848958333333,5.5246875
DM-54-08-03-01,2026-09-01,325.7988541666667,5.441354166666667
DM-54-08-04-01,2026-08-26,500.0,6.197500000000001
DM-54-08-04-01,2026-08-27,500.0,6.609583333333333
DM-54-08-04-01,2026-08-28,500.0,6.493958333333333
DM-54-08-04-01,2026-08-29,500.0,6.333541666666666
DM-54-08-04-01,2026-08-30,500.0,5.703125
DM-54-08-04-01,2026-08-31,285.7922916666667,6.5171874999999995
DM-54-08-04-01,2026-09-01,0.09166666666666667,6.036145833333333
DM-54-08-05-01,2026-08-26,0.44468749999999996,3.3419791666666665
DM-54-08-05-01,2026-08-27,0.4461458333333333,3.331875
DM-54-08-05-01,2026-08-28,0.4502083333333333,1.340625
DM-54-08-05-01,2026-08-29,0.4536458333333333,2.7315625000000003
DM-54-08-05-01,2026-08-30,0.453125,3.569479166666667
DM-54-08-05-01,2026-08-31,0.4784375,4.3340625
DM-54-08-05-01,2026-09-01,0.4555208333333333,3.8432291666666667
DM-54-08-06-01,2026-08-26,633.9260416666667,0.01
DM-54-08-06-01,2026-08-27,633.9260416666667,0.01
DM-54-08-06-01,2026-08-28,633.9260416666667,0.01
DM-54-08-06-01,2026-08-29,611.70375,0.24750000000000003
DM-54-08-06-01,2026-08-30,611.2728125,0.5593750000000001
DM-54-08-06-01,2026-08-31,633.9260416666667,0.01
DM-54-08-06-01,2026-09-01,633.9260416666667,0.01
DM-54-08-07-01,2026-08-26,0.0,0.10395833333333333
DM-54-08-07-01,2026-08-27,0.0,0.10135416666666668
DM-54-08-07-01,2026-08-28,0.0,0.10010416666666666
DM-54-08-07-01,2026-08-29,0.0,0.13843750000000002
DM-54-08-07-01,2026-08-30,0.0,0.19072916666666664
DM-54-08-07-01,2026-08-31,0.0,0.2365625
DM-54-08-07-01,2026-09-01,0.0,0.24135416666666668
DM-54-08-08-01,2026-08-26,74.36822916666667,4.639166666666667
DM-54-08-08-01,2026-08-27,71.4471875,3.9912500000000004
DM-54-08-08-01,2026-08-28,87.11458333333333,4.9262500000000005
DM-54-08-08-01,2026-08-29,79.88135416666667,3.988125
DM-54-08-08-01,2026-08-30,76.82968749999999,3.1796875
DM-54-08-08-01,2026-08-31,84.24062500000001,5.2153125000000005
DM-54-08-08-01,2026-09-01,87.7740625,5.218020833333333
DM-54-08-09-01,2026-08-26,0.21322916666666666,5.009270833333333
DM-54-08-09-01,2026-08-27,0.21208333333333332,5.253645833333334
DM-54-08-09-01,2026-08-28,0.2209375,5.111041666666667
DM-54-08-09-01,2026-08-29,0.22447916666666667,5.253958333333333
DM-54-08-09-01,2026-08-30,0.2146875,4.614895833333334
DM-54-08-09-01,2026-08-31,0.22947916666666668,5.408854166666667
DM-54-08-09-01,2026-09-01,0.22697916666666665,5.329583333333333
DM-54-09-01-01,2026-08-26,131.32958333333332,3.6835416666666667
DM-54-09-01-01,2026-08-27,130.01093749999998,3.5898958333333333
DM-54-09-01-01,2026-08-28,137.489375,3.8303125
DM-54-09-01-01,2026-08-29,143.75062499999999,3.9260416666666664
DM-54-09-01-01,2026-08-30,143.75062499999999,3.9260416666666664
DM-54-09-01-01,2026-08-31,133.91604166666667,3.7714583333333334
DM-54-09-01-01,2026-09-01,134.1728125,3.7392708333333338
DM-54-09-01-02,2026-08-26,64.04770833333333,5.191458333333333
DM-54-09-01-02,2026-08-27,64.04770833333333,5.191458333333333
DM-54-09-01-02,2026-08-28,64.04770833333333,5.191458333333333
DM-54-09-01-02,2026-08-29,58.7009375,4.789166666666667
DM-54-09-01-02,2026-08-30,61.180625,5.214583333333334
DM-54-09-01-02,2026-08-31,64.04770833333333,5.191458333333333
DM-54-09-01-02,2026-09-01,64.04770833333333,5.191458333333333
DM-54-09-02-01,2026-08-26,188.26833333333332,3.4129166666666664
DM-54-09-02-01,2026-08-27,182.30583333333334,3.3027083333333334
DM-54-09-02-01,2026-08-28,188.35895833333333,3.5338541666666665
DM-54-09-02-01,2026-08-29,198.69385416666668,3.6334375
DM-54-09-02-01,2026-08-30,198.69385416666668,3.6334375
DM-54-09-02-01,2026-08-31,184.27697916666668,3.5371875
DM-54-09-02-01,2026-09-01,188.5165625,3.536875
DM-54-09-02-02,2026-08-26,67.60635416666666,3.6090625000000003
DM-54-09-02-02,2026-08-27,67.38010416666667,3.6845833333333338
DM-54-09-02-02,2026-08-28,65.2896875,3.7544791666666666
DM-54-09-02-02,2026-08-29,69.08833333333332,3.8684375
DM-54-09-02-02,2026-08-30,69.08833333333332,3.8684375
DM-54-09-02-02,2026-08-31,63.774375,3.731666666666667
DM-54-09-02-02,2026-09-01,65.25812499999999,3.6843749999999997
DM-54-09-03-01,2026-08-26,38.535000000000004,3.441875
DM-54-09-03-01,2026-08-27,37.99583333333333,3.510104166666667
DM-54-09-03-01,2026-08-28,37.53489583333333,3.5605208333333334
DM-54-09-03-01,2026-08-29,38.80125,3.6521875
DM-54-09-03-01,2026-08-30,38.80125,3.6521875
DM-54-09-03-01,2026-08-31,36.07822916666667,3.5577083333333337
DM-54-09-03-01,2026-09-01,37.083437499999995,3.52875
DM-54-09-04-01,2026-08-26,79.77697916666666,0.01
DM-54-09-04-01,2026-08-27,79.77697916666666,0.01
DM-54-09-04-01,2026-08-28,79.77697916666666,0.01
DM-54-09-04-01,2026-08-29,33.601875,0.010208333333333333
DM-54-09-04-01,2026-08-30,35.87989583333333,0.011041666666666667
DM-54-09-04-01,2026-08-31,79.42854166666667,0.01
DM-54-09-04-01,2026-09-01,79.77677083333333,0.01
DM-54-09-05-01,2026-08-26,0.0,2.61875
DM-54-09-05-01,2026-08-27,0.0,2.61875
DM-54-09-05-01,2026-08-28,0.0,2.61875
DM-54-09-05-01,2026-08-29,0.0,2.7897916666666664
DM-54-09-05-01,2026-08-30,0.0,2.7957291666666664
DM-54-09-05-01,2026-08-31,0.0,2.61875
DM-54-09-05-01,2026-09-01,0.0,2.61875
DM-54-09-06-01,2026-08-26,0.0,1.9677083333333334
DM-54-09-06-01,2026-08-27,0.0,1.9677083333333334
DM-54-09-06-01,2026-08-28,0.0,1.9677083333333334
DM-54-09-06-01,2026-08-29,0.0,2.2952083333333335
DM-54-09-06-01,2026-08-30,0.0,2.2926041666666666
DM-54-09-06-01,2026-08-31,0.0,1.9677083333333334
DM-54-09-06-01,2026-09-01,0.0,1.9677083333333334
DM-54-09-07-01,2026-08-26,130.59041666666667,3.143854166666667
DM-54-09-07-01,2026-08-27,120.64885416666665,2.9812499999999997
DM-54-09-07-01,2026-08-28,132.7778125,3.287395833333333
DM-54-09-07-01,2026-08-29,137.04416666666665,3.393125
DM-54-09-07-01,2026-08-30,137.04416666666665,3.3939583333333334
DM-54-09-07-01,2026-08-31,126.5575,3.3368749999999996
DM-54-09-07-01,2026-09-01,127.65760416666666,3.299583333333333
DM-54-09-07-02,2026-08-26,0.0,0.0
DM-54-09-07-02,2026-08-27,0.0,0.0
DM-54-09-07-02,2026-08-28,0.0,0.0
DM-54-09-07-02,2026-08-29,0.0,0.0
DM-54-09-07-02,2026-08-30,0.0,0.0
DM-54-09-07-02,2026-08-31,0.0,0.0
DM-54-09-07-02,2026-09-01,0.0,0.0
DM-55-01-01-01,2026-08-26,188.60364583333333,5.932291666666667
DM-55-01-01-01,2026-08-27,195.81760416666668,5.948958333333334
DM-55-01-01-01,2026-08-28,191.94416666666666,5.978229166666666
DM-55-01-01-01,2026-08-29,195.774375,5.9690625
DM-55-01-01-01,2026-08-30,200.800625,5.852187499999999
DM-55-01-01-01,2026-08-31,185.626875,6.063541666666667
DM-55-01-01-01,2026-09-01,187.92083333333335,6.206979166666667
DM-55-01-02-01,2026-08-26,143.48645833333333,4.809270833333334
DM-55-01-02-01,2026-08-27,137.65312500000002,4.720625
DM-55-01-02-01,2026-08-28,143.73125000000002,4.740208333333333
DM-55-01-02-01,2026-08-29,156.5925,4.6484375
DM-55-01-02-01,2026-08-30,156.5925,4.6484375
DM-55-01-02-01,2026-08-31,143.48947916666665,4.928958333333333
DM-55-01-02-01,2026-09-01,144.15062500000002,5.070833333333334
DM-55-01-03-01,2026-08-26,98.99145833333334,4.631354166666667
DM-55-01-03-01,2026-08-27,97.99947916666667,4.660833333333334
DM-55-01-03-01,2026-08-28,100.00739583333332,4.643854166666666
DM-55-01-03-01,2026-08-29,75.42875,3.8989583333333333
DM-55-01-03-01,2026-08-30,81.57708333333333,4.034166666666667
DM-55-01-03-01,2026-08-31,96.0996875,4.836145833333333
DM-55-01-03-01,2026-09-01,96.64218749999999,4.9490625
DM-55-02-01-01,2026-08-26,140.00041666666667,5.881875
DM-55-02-01-01,2026-08-27,142.17083333333332,5.889895833333333
DM-55-02-01-01,2026-08-28,139.75385416666668,5.915729166666666
DM-55-02-01-01,2026-08-29,148.26395833333333,5.902708333333333
DM-55-02-01-01,2026-08-30,152.7053125,5.786979166666666
DM-55-02-01-01,2026-08-31,140.334375,5.997604166666666
DM-55-02-01-01,2026-09-01,142.28572916666667,6.140729166666667
DM-55-02-02-01,2026-08-26,169.12145833333332,5.748333333333334
DM-55-02-02-01,2026-08-27,157.55781249999998,5.585208333333333
DM-55-02-02-01,2026-08-28,169.789375,5.663541666666667
DM-55-02-02-01,2026-08-29,179.44562499999998,5.584895833333333
DM-55-02-02-01,2026-08-30,179.44562499999998,5.584895833333333
DM-55-02-02-01,2026-08-31,167.544375,5.8696875
DM-55-02-02-01,2026-09-01,165.48125000000002,6.021562500000001
DM-55-02-03-01,2026-08-26,216.40385416666666,6.065
DM-55-02-03-01,2026-08-27,213.53093750000002,6.13375
DM-55-02-03-01,2026-08-28,220.54937500000003,6.136145833333334
DM-55-02-03-01,2026-08-29,222.25447916666667,6.223333333333334
DM-55-02-03-01,2026-08-30,219.21447916666668,6.128854166666667
DM-55-02-03-01,2026-08-31,212.52260416666664,6.18625
DM-55-02-03-01,2026-09-01,225.15833333333333,6.301041666666666
DM-55-03-01-01,2026-08-26,7.3915625,5.383854166666667
DM-55-03-01-01,2026-08-27,7.3915625,5.383854166666667
DM-55-03-01-01,2026-08-28,7.3915625,5.383854166666667
DM-55-03-01-01,2026-08-29,7.800625,5.242916666666667
DM-55-03-01-01,2026-08-30,7.7870833333333325,5.245208333333333
DM-55-03-01-01,2026-08-31,7.3915625,5.383854166666667
DM-55-03-01-01,2026-09-01,7.3915625,5.383854166666667
DM-55-03-01-02,2026-08-26,0.05000000000000001,6.166666666666667
DM-55-03-01-02,2026-08-27,0.05000000000000001,6.166666666666667
DM-55-03-01-02,2026-08-28,0.05000000000000001,6.166666666666667
DM-55-03-01-02,2026-08-29,0.05000000000000001,6.6234375000000005
DM-55-03-01-02,2026-08-30,0.05000000000000001,6.6096875
DM-55-03-01-02,2026-08-31,0.05000000000000001,6.166666666666667
DM-55-03-01-02,2026-09-01,0.05000000000000001,6.166666666666667
DM-55-03-01-03,2026-08-26,18.407708333333336,3.673958333333333
DM-55-03-01-03,2026-08-27,18.804791666666667,3.6870833333333333
DM-55-03-01-03,2026-08-28,17.688229166666666,3.65375
DM-55-03-01-03,2026-08-29,17.466979166666665,3.6797916666666666
DM-55-03-01-03,2026-08-30,16.678541666666668,3.6281250000000003
DM-55-03-01-03,2026-08-31,16.726041666666667,3.8121875
DM-55-03-01-03,2026-09-01,15.7471875,3.9346875000000003
DM-55-03-01-04,2026-08-26,6.3075,3.9825
DM-55-03-01-04,2026-08-27,6.3075,3.9825
DM-55-03-01-04,2026-08-28,6.3075,3.9825
DM-55-03-01-04,2026-08-29,6.432083333333334,3.7359375
DM-55-03-01-04,2026-08-30,6.3253125,3.73375
DM-55-03-01-04,2026-08-31,6.3075,3.9825
DM-55-03-01-04,2026-09-01,6.3075,3.9825
DM-55-03-01-05,2026-08-26,0.01,3.5011458333333336
DM-55-03-01-05,2026-08-27,0.01,3.5011458333333336
DM-55-03-01-05,2026-08-28,0.01,3.5011458333333336
DM-55-03-01-05,2026-08-29,0.40770833333333334,3.4709375
DM-55-03-01-05,2026-08-30,0.15302083333333336,3.4519791666666664
DM-55-03-01-05,2026-08-31,0.01,3.5011458333333336
DM-55-03-01-05,2026-09-01,0.01,3.5011458333333336
DM-55-03-02-01,2026-08-26,269.3730208333333,5.2853125
DM-55-03-02-01,2026-08-27,262.51708333333335,5.253229166666666
DM-55-03-02-01,2026-08-28,267.65729166666665,5.348541666666667
DM-55-03-02-01,2026-08-29,276.805,5.3921874999999995
DM-55-03-02-01,2026-08-30,276.805,5.3921874999999995
DM-55-03-02-01,2026-08-31,265.11093750000003,5.2794791666666665
DM-55-03-02-01,2026-09-01,266.8464583333333,4.907916666666667
DM-55-03-03-01,2026-08-26,312.76208333333335,4.599583333333333
DM-55-03-03-01,2026-08-27,300.0804166666667,4.656979166666667
DM-55-03-03-01,2026-08-28,309.69927083333334,4.628854166666667
DM-55-03-03-01,2026-08-29,324.57687500000003,4.601875
DM-55-03-03-01,2026-08-30,324.57687500000003,4.601875
DM-55-03-03-01,2026-08-31,308.3263541666667,4.6496875
DM-55-03-03-01,2026-09-01,307.9571875,4.413958333333333
DM-55-03-04-01,2026-08-26,247.71291666666664,5.050416666666666
DM-55-03-04-01,2026-08-27,246.37552083333333,5.125208333333333
DM-55-03-04-01,2026-08-28,252.65083333333334,4.979895833333333
DM-55-03-04-01,2026-08-29,261.12916666666666,5.1589583333333335
DM-55-03-04-01,2026-08-30,252.83635416666667,5.116770833333333
DM-55-03-04-01,2026-08-31,257.2558333333333,5.008541666666667
DM-55-03-04-01,2026-09-01,227.19958333333332,4.851145833333333
DM-55-04-01-01,2026-08-26,21.976145833333334,5.806875000000001
DM-55-04-01-01,2026-08-27,22.299479166666668,5.895
DM-55-04-01-01,2026-08-28,22.750937500000003,5.966458333333333
DM-55-04-01-01,2026-08-29,23.875833333333333,6.0990625
DM-55-04-01-01,2026-08-30,23.5721875,6.171979166666667
DM-55-04-01-01,2026-08-31,21.779479166666665,6.202916666666667
DM-55-04-01-01,2026-09-01,21.750520833333336,5.884687499999999
DM-55-04-01-02,2026-08-26,82.330625,5.706041666666667
DM-55-04-01-02,2026-08-27,82.06218750000001,5.8096875
DM-55-04-01-02,2026-08-28,83.04104166666666,5.877916666666667
DM-55-04-01-02,2026-08-29,87.72875,5.930416666666667
DM-55-04-01-02,2026-08-30,87.72875,5.92875
DM-55-04-01-02,2026-08-31,79.4734375,5.982395833333334
DM-55-04-01-02,2026-09-01,79.26135416666666,5.833125
DM-55-04-01-03,2026-08-26,45.57447916666666,6.479166666666667
DM-55-04-01-03,2026-08-27,45.91520833333333,6.529270833333334
DM-55-04-01-03,2026-08-28,46.265208333333334,6.5828125
DM-55-04-01-03,2026-08-29,47.33020833333333,6.656874999999999
DM-55-04-01-03,2026-08-30,47.185833333333335,6.5566666666666675
DM-55-04-01-03,2026-08-31,45.13291666666667,6.575625
DM-55-04-01-03,2026-09-01,44.725625,6.7471875
DM-55-04-01-04,2026-08-26,38.757083333333334,6.623541666666667
DM-55-04-01-04,2026-08-27,38.3153125,6.6734374999999995
DM-55-04-01-04,2026-08-28,38.7559375,6.7571875
DM-55-04-01-04,2026-08-29,38.8296875,7.186354166666667
DM-55-04-01-04,2026-08-30,40.56489583333333,7.3253125
DM-55-04-01-04,2026-08-31,37.44083333333334,7.400312499999999
DM-55-04-01-04,2026-09-01,37.25833333333333,7.322916666666667
DM-55-04-01-05,2026-08-26,25.964895833333333,5.660104166666667
DM-55-04-01-05,2026-08-27,25.0909375,5.7593749999999995
DM-55-04-01-05,2026-08-28,25.579895833333335,5.846875
DM-55-04-01-05,2026-08-29,28.639687499999997,5.2238541666666665
DM-55-04-01-05,2026-08-30,30.818229166666665,5.308541666666667
DM-55-04-01-05,2026-08-31,24.919583333333335,6.02375
DM-55-04-01-05,2026-09-01,25.307916666666667,5.846354166666667
DM-55-04-01-06,2026-08-26,28.088229166666665,5.126458333333333
DM-55-04-01-06,2026-08-27,27.1128125,4.848229166666667
DM-55-04-01-06,2026-08-28,27.245416666666667,4.9203125000000005
DM-55-04-01-06,2026-08-29,30.501770833333335,5.371145833333333
DM-55-04-01-06,2026-08-30,32.4409375,5.922291666666666
DM-55-04-01-06,2026-08-31,26.988541666666666,6.229375
DM-55-04-01-06,2026-09-01,26.44395833333333,5.90375
DM-55-04-01-07,2026-08-26,23.949895833333333,9.993854166666667
DM-55-04-01-07,2026-08-27,23.80666666666667,9.9859375
DM-55-04-01-07,2026-08-28,25.71375,10.083125
DM-55-04-01-07,2026-08-29,34.63572916666667,10.035208333333333
DM-55-04-01-07,2026-08-30,40.83041666666667,10.056041666666667
DM-55-04-01-07,2026-08-31,25.42114583333333,10.166354166666666
DM-55-04-01-07,2026-09-01,23.626666666666665,10.0403125
DM-55-04-01-08,2026-08-26,19.727812500000002,6.844791666666667
DM-55-04-01-08,2026-08-27,19.624895833333333,6.8565625
DM-55-04-01-08,2026-08-28,19.727812500000002,6.893854166666666
DM-55-04-01-08,2026-08-29,18.784166666666668,7.313958333333333
DM-55-04-01-08,2026-08-30,18.668645833333333,7.5071875
DM-55-04-01-08,2026-08-31,19.796770833333333,6.978958333333334
DM-55-04-01-08,2026-09-01,19.65010416666667,6.8940625
DM-55-04-02-01,2026-08-26,128.20364583333333,6.271249999999999
DM-55-04-02-01,2026-08-27,128.40635416666666,6.0328124999999995
DM-55-04-02-01,2026-08-28,128.38729166666667,6.220416666666666
DM-55-04-02-01,2026-08-29,128.40885416666666,6.377187500000001
DM-55-04-02-01,2026-08-30,128.40885416666666,6.377187500000001
DM-55-04-02-01,2026-08-31,128.26385416666668,6.376874999999999
DM-55-04-02-01,2026-09-01,128.42729166666666,6.545000000000001
DM-55-04-02-02,2026-08-26,89.73812500000001,5.360520833333333
DM-55-04-02-02,2026-08-27,81.45041666666667,5.157395833333333
DM-55-04-02-02,2026-08-28,92.73260416666666,5.538437500000001
DM-55-04-02-02,2026-08-29,103.51572916666667,5.5740625
DM-55-04-02-02,2026-08-30,103.51572916666667,5.5740625
DM-55-04-02-02,2026-08-31,87.2840625,5.641145833333333
DM-55-04-02-02,2026-09-01,87.0996875,5.5003125
DM-55-04-02-03,2026-08-26,50.15604166666666,5.525833333333334
DM-55-04-02-03,2026-08-27,47.6484375,5.617916666666667
DM-55-04-02-03,2026-08-28,50.194375,5.6499999999999995
DM-55-04-02-03,2026-08-29,47.85479166666667,5.714270833333334
DM-55-04-02-03,2026-08-30,46.1584375,5.766666666666667
DM-55-04-02-03,2026-08-31,49.55354166666667,5.822604166666667
DM-55-04-02-03,2026-09-01,49.62291666666667,5.70625
DM-55-04-02-04,2026-08-26,31.287291666666665,3.9545833333333333
DM-55-04-02-04,2026-08-27,31.287291666666665,3.9545833333333333
DM-55-04-02-04,2026-08-28,31.287291666666665,3.9545833333333333
DM-55-04-02-04,2026-08-29,36.83229166666667,3.8080208333333334
DM-55-04-02-04,2026-08-30,36.653958333333335,3.8008333333333333
DM-55-04-02-04,2026-08-31,31.287291666666665,3.9545833333333333
DM-55-04-02-04,2026-09-01,31.287291666666665,3.9545833333333333
DM-55-04-02-05,2026-08-26,1.1760416666666667,7.186875000000001
DM-55-04-02-05,2026-08-27,1.2361458333333333,7.201979166666667
DM-55-04-02-05,2026-08-28,1.0582291666666668,7.2703125
DM-55-04-02-05,2026-08-29,1.7417708333333335,7.2034375
DM-55-04-02-05,2026-08-30,1.5,7.2175
DM-55-04-02-05,2026-08-31,1.1817708333333334,7.2778125
DM-55-04-02-05,2026-09-01,1.3478125,7.407708333333333
DM-55-04-03-01,2026-08-26,50.978125,6.34375
DM-55-04-03-01,2026-08-27,49.856458333333336,6.462083333333333
DM-55-04-03-01,2026-08-28,49.891979166666665,6.5365625
DM-55-04-03-01,2026-08-29,44.51458333333333,6.650104166666666
DM-55-04-03-01,2026-08-30,44.47604166666667,6.650104166666666
DM-55-04-03-01,2026-08-31,43.80885416666666,6.595416666666666
DM-55-04-03-01,2026-09-01,46.0765625,6.264270833333334
DM-55-04-03-02,2026-08-26,195.248125,7.253645833333334
DM-55-04-03-02,2026-08-27,195.558125,7.406145833333333
DM-55-04-03-02,2026-08-28,193.4971875,7.337395833333333
DM-55-04-03-02,2026-08-29,199.5477083333333,7.732500000000001
DM-55-04-03-02,2026-08-30,200.1378125,7.564270833333333
DM-55-04-03-02,2026-08-31,193.58354166666666,7.416458333333334
DM-55-04-03-02,2026-09-01,183.78937499999998,6.743125
DM-55-04-03-03,2026-08-26,19.675208333333334,6.768958333333334
DM-55-04-03-03,2026-08-27,23.856770833333332,6.849166666666666
DM-55-04-03-03,2026-08-28,18.436770833333334,6.833125
DM-55-04-03-03,2026-08-29,17.201041666666665,7.0718749999999995
DM-55-04-03-03,2026-08-30,16.789270833333333,7.048125
DM-55-04-03-03,2026-08-31,18.192083333333333,7.003125
DM-55-04-03-03,2026-09-01,17.329583333333336,6.665937499999999
DM-55-04-03-04,2026-08-26,113.88145833333334,6.0459375
DM-55-04-03-04,2026-08-27,114.7221875,6.1446875
DM-55-04-03-04,2026-08-28,113.72291666666666,6.143854166666666
DM-55-04-03-04,2026-08-29,108.35010416666667,6.356458333333333
DM-55-04-03-04,2026-08-30,104.18802083333333,6.3128125
DM-55-04-03-04,2026-08-31,105.97447916666665,6.338229166666667
DM-55-04-03-04,2026-09-01,110.68291666666666,5.990729166666667
DM-55-04-03-05,2026-08-26,163.668125,5.614375
DM-55-04-03-05,2026-08-27,165.78197916666667,5.705625
DM-55-04-03-05,2026-08-28,165.6403125,5.681145833333333
DM-55-04-03-05,2026-08-29,167.55885416666666,5.845833333333334
DM-55-04-03-05,2026-08-30,157.291875,5.846354166666667
DM-55-04-03-05,2026-08-31,159.05541666666667,5.845
DM-55-04-03-05,2026-09-01,156.02958333333333,5.522916666666667
DM-55-04-04-01,2026-08-26,186.881875,7.394895833333333
DM-55-04-04-01,2026-08-27,178.99177083333333,7.283541666666667
DM-55-04-04-01,2026-08-28,185.70604166666666,7.5690625
DM-55-04-04-01,2026-08-29,191.5615625,7.84375
DM-55-04-04-01,2026-08-30,191.5615625,7.84375
DM-55-04-04-01,2026-08-31,185.8115625,7.5573958333333335
DM-55-04-04-01,2026-09-01,178.77739583333334,6.859375
DM-55-04-05-01,2026-08-26,176.25812499999998,6.0690625
DM-55-04-05-01,2026-08-27,165.09510416666666,5.810208333333333
DM-55-04-05-01,2026-08-28,170.2615625,6.227604166666667
DM-55-04-05-01,2026-08-29,173.9671875,6.4328125
DM-55-04-05-01,2026-08-30,173.9671875,6.4328125
DM-55-04-05-01,2026-08-31,175.43239583333332,6.284479166666666
DM-55-04-05-01,2026-09-01,169.85270833333334,5.953229166666667
DM-55-05-01-01,2026-08-26,0.00010416666666666667,5.999375000000001
DM-55-05-01-01,2026-08-27,0.0,6.080312500000001
DM-55-05-01-01,2026-08-28,0.0,6.16125
DM-55-05-01-01,2026-08-29,0.0,6.292083333333333
DM-55-05-01-01,2026-08-30,0.00010416666666666667,6.322708333333334
DM-55-05-01-01,2026-08-31,0.0,6.385208333333334
DM-55-05-01-01,2026-09-01,0.0,6.0825
DM-55-05-01-02,2026-08-26,171.85583333333332,5.983020833333334
DM-55-05-01-02,2026-08-27,160.44302083333335,6.044687499999999
DM-55-05-01-02,2026-08-28,173.15927083333335,6.2882291666666665
DM-55-05-01-02,2026-08-29,186.4384375,6.388958333333334
DM-55-05-01-02,2026-08-30,186.4384375,6.388958333333334
DM-55-05-01-02,2026-08-31,173.29437499999997,6.3507291666666665
DM-55-05-01-02,2026-09-01,171.0384375,6.039583333333333
DM-55-05-01-03,2026-08-26,128.62989583333334,5.6928125
DM-55-05-01-03,2026-08-27,128.62989583333334,5.6928125
DM-55-05-01-03,2026-08-28,128.62989583333334,5.6928125
DM-55-05-01-03,2026-08-29,137.59395833333335,5.574375
DM-55-05-01-03,2026-08-30,136.18364583333332,5.568645833333334
DM-55-05-01-03,2026-08-31,128.62989583333334,5.692916666666666
DM-55-05-01-03,2026-09-01,128.62989583333334,5.6928125
DM-55-05-02-01,2026-08-26,208.7634375,5.639479166666667
DM-55-05-02-01,2026-08-27,188.70802083333334,5.5722916666666675
DM-55-05-02-01,2026-08-28,205.09760416666666,5.9221875
DM-55-05-02-01,2026-08-29,223.0375,6.058020833333334
DM-55-05-02-01,2026-08-30,223.0375,6.058020833333334
DM-55-05-02-01,2026-08-31,211.04885416666664,6.095833333333334
DM-55-05-02-01,2026-09-01,197.52895833333332,5.757604166666667
DM-55-05-02-02,2026-08-26,42.18395833333333,6.049895833333333
DM-55-05-02-02,2026-08-27,42.6875,6.136145833333334
DM-55-05-02-02,2026-08-28,42.00895833333333,6.2084375
DM-55-05-02-02,2026-08-29,44.673854166666665,6.375104166666667
DM-55-05-02-02,2026-08-30,46.2790625,6.3410416666666665
DM-55-05-02-02,2026-08-31,41.743125,6.45375
DM-55-05-02-02,2026-09-01,41.036458333333336,6.148125
DM-55-05-02-03,2026-08-26,8.189895833333333,4.375625
DM-55-05-02-03,2026-08-27,9.894166666666667,4.575833333333333
DM-55-05-02-03,2026-08-28,9.938958333333334,4.766979166666666
DM-55-05-02-03,2026-08-29,8.834583333333333,4.4982291666666665
DM-55-05-02-03,2026-08-30,8.804270833333334,4.4982291666666665
DM-55-05-02-03,2026-08-31,9.784583333333334,4.800625
DM-55-05-02-03,2026-09-01,9.383229166666666,4.470625
DM-55-05-03-01,2026-08-26,0.0,5.900104166666666
DM-55-05-03-01,2026-08-27,0.0,5.900104166666666
DM-55-05-03-01,2026-08-28,0.0,5.900104166666666
DM-55-05-03-01,2026-08-29,0.044062500000000004,5.9115625
DM-55-05-03-01,2026-08-30,0.024374999999999997,5.897083333333334
DM-55-05-03-01,2026-08-31,0.0,5.900625000000001
DM-55-05-03-01,2026-09-01,0.0,5.900104166666666
DM-55-05-03-02,2026-08-26,210.81458333333333,5.043541666666667
DM-55-05-03-02,2026-08-27,210.81270833333335,5.078541666666667
DM-55-05-03-02,2026-08-28,209.99125,5.1225
DM-55-05-03-02,2026-08-29,220.55239583333332,5.0763541666666665
DM-55-05-03-02,2026-08-30,225.1809375,5.081770833333334
DM-55-05-03-02,2026-08-31,208.49968750000002,5.2340625
DM-55-05-03-02,2026-09-01,201.97739583333336,4.945208333333333
DM-55-05-03-03,2026-08-26,113.9771875,5.875416666666666
DM-55-05-03-03,2026-08-27,114.62802083333332,5.9453125
DM-55-05-03-03,2026-08-28,118.79489583333333,5.928645833333333
DM-55-05-03-03,2026-08-29,123.7575,6.052499999999999
DM-55-05-03-03,2026-08-30,127.90229166666667,5.9472916666666675
DM-55-05-03-03,2026-08-31,116.79041666666667,6.055
DM-55-05-03-03,2026-09-01,108.84697916666666,5.8144791666666675
DM-55-05-04-01,2026-08-26,74.84260416666667,4.916875
DM-55-05-04-01,2026-08-27,70.87354166666667,4.9347916666666665
DM-55-05-04-01,2026-08-28,70.61770833333334,4.906979166666667
DM-55-05-04-01,2026-08-29,79.60354166666667,5.023958333333334
DM-55-05-04-01,2026-08-30,82.35833333333333,5.006770833333333
DM-55-05-04-01,2026-08-31,73.1415625,5.0886458333333335
DM-55-05-04-01,2026-09-01,74.18416666666667,4.8621875
DM-55-05-04-02,2026-08-26,16.958333333333332,5.0417708333333335
DM-55-05-04-02,2026-08-27,16.71708333333333,5.052395833333333
DM-55-05-04-02,2026-08-28,17.198854166666667,5.031458333333333
DM-55-05-04-02,2026-08-29,19.156354166666667,5.161666666666666
DM-55-05-04-02,2026-08-30,20.39375,5.1853125
DM-55-05-04-02,2026-08-31,17.190729166666667,5.3596875
DM-55-05-04-02,2026-09-01,15.996354166666668,5.127604166666667
DM-55-05-05-01,2026-08-26,49.46458333333334,4.9781249999999995
DM-55-05-05-01,2026-08-27,50.17510416666667,4.999583333333333
DM-55-05-05-01,2026-08-28,50.684374999999996,5.009270833333333
DM-55-05-05-01,2026-08-29,51.21812499999999,5.1415625
DM-55-05-05-01,2026-08-30,52.751979166666665,5.110625
DM-55-05-05-01,2026-08-31,50.15770833333334,5.1961458333333335
DM-55-05-05-01,2026-09-01,48.40385416666667,4.9140625
DM-55-06-01-01,2026-08-26,0.0,3.460104166666667
DM-55-06-01-01,2026-08-27,0.0,3.456875
DM-55-06-01-01,2026-08-28,0.0,3.457916666666667
DM-55-06-01-01,2026-08-29,0.0,3.450625
DM-55-06-01-01,2026-08-30,0.0,3.460729166666667
DM-55-06-01-01,2026-08-31,0.0,3.4918750000000003
DM-55-06-01-01,2026-09-01,0.0,3.463229166666667
DM-55-06-01-02,2026-08-26,72.95333333333333,4.059895833333333
DM-55-06-01-02,2026-08-27,73.94604166666666,4.0925
DM-55-06-01-02,2026-08-28,76.63291666666667,4.031354166666667
DM-55-06-01-02,2026-08-29,72.48885416666667,4.2413541666666665
DM-55-06-01-02,2026-08-30,73.5040625,4.149166666666667
DM-55-06-01-02,2026-08-31,74.03541666666666,4.1840625000000005
DM-55-06-01-02,2026-09-01,67.47770833333333,4.053958333333333
DM-55-06-02-01,2026-08-26,0.0,4.0475
DM-55-06-02-01,2026-08-27,0.0,4.077916666666667
DM-55-06-02-01,2026-08-28,0.0,4.014479166666667
DM-55-06-02-01,2026-08-29,0.0,4.1390625000000005
DM-55-06-02-01,2026-08-30,0.0,4.137291666666667
DM-55-06-02-01,2026-08-31,0.0,4.167708333333334
DM-55-06-02-01,2026-09-01,0.0,4.031354166666667
DM-55-06-02-02,2026-08-26,106.19510416666667,6.027916666666666
DM-55-06-02-02,2026-08-27,106.19510416666667,6.027916666666666
DM-55-06-02-02,2026-08-28,106.19510416666667,6.027916666666666
DM-55-06-02-02,2026-08-29,100.58145833333333,6.121041666666667
DM-55-06-02-02,2026-08-30,100.275625,6.111249999999999
DM-55-06-02-02,2026-08-31,106.19510416666667,6.027916666666666
DM-55-06-02-02,2026-09-01,106.19510416666667,6.027916666666666
DM-55-06-03-01,2026-08-26,0.04635416666666667,0.31114583333333334
DM-55-06-03-01,2026-08-27,6.549895833333333,3.3874999999999997
DM-55-06-03-01,2026-08-28,57.68989583333334,4.243125
DM-55-06-03-01,2026-08-29,69.49135416666667,4.701666666666667
DM-55-06-03-01,2026-08-30,69.49135416666667,4.701666666666667
DM-55-06-03-01,2026-08-31,0.036145833333333335,4.0925
DM-55-06-03-01,2026-09-01,0.043750000000000004,3.9282291666666667
DM-55-06-03-02,2026-08-26,69.90583333333333,4.320729166666667
DM-55-06-03-02,2026-08-27,70.70614583333334,4.372083333333333
DM-55-06-03-02,2026-08-28,70.7428125,4.472708333333333
DM-55-06-03-02,2026-08-29,72.76364583333333,4.5460416666666665
DM-55-06-03-02,2026-08-30,72.76364583333333,4.5460416666666665
DM-55-06-03-02,2026-08-31,69.73229166666667,4.431354166666667
DM-55-06-03-02,2026-09-01,69.794375,4.3009375
DM-55-06-03-03,2026-08-26,10.133958333333334,2.2296875000000003
DM-55-06-03-03,2026-08-27,10.133958333333334,2.2296875000000003
DM-55-06-03-03,2026-08-28,10.133958333333334,2.2296875000000003
DM-55-06-03-03,2026-08-29,8.641354166666668,2.3813541666666667
DM-55-06-03-03,2026-08-30,8.543333333333333,2.363958333333333
DM-55-06-03-03,2026-08-31,10.133958333333334,2.2296875000000003
DM-55-06-03-03,2026-09-01,10.133958333333334,2.2296875000000003
DM-55-06-03-04,2026-08-26,112.8675,4.295520833333334
DM-55-06-03-04,2026-08-27,113.43968749999999,4.33375
DM-55-06-03-04,2026-08-28,111.05708333333332,4.296458333333333
DM-55-06-03-04,2026-08-29,115.8103125,4.389583333333333
DM-55-06-03-04,2026-08-30,121.735,4.370416666666666
DM-55-06-03-04,2026-08-31,112.47427083333334,4.43625
DM-55-06-03-04,2026-09-01,111.08302083333332,4.300416666666666
DM-55-06-04-01,2026-08-26,428.94416666666666,4.045520833333334
DM-55-06-04-01,2026-08-27,432.67083333333335,4.1033333333333335
DM-55-06-04-01,2026-08-28,433.0257291666667,4.082708333333334
DM-55-06-04-01,2026-08-29,438.85229166666664,4.197604166666667
DM-55-06-04-01,2026-08-30,430.49864583333334,4.279583333333333
DM-55-06-04-01,2026-08-31,435.8357291666667,4.241875
DM-55-06-04-01,2026-09-01,441.31187500000004,4.097708333333333
DM-55-06-04-02,2026-08-26,188.57562499999997,4.167916666666667
DM-55-06-04-02,2026-08-27,192.63260416666665,4.19625
DM-55-06-04-02,2026-08-28,190.6228125,4.1293750000000005
DM-55-06-04-02,2026-08-29,181.72489583333333,4.146770833333333
DM-55-06-04-02,2026-08-30,175.68864583333334,4.110104166666667
DM-55-06-04-02,2026-08-31,187.22895833333334,4.27125
DM-55-06-04-02,2026-09-01,185.94218750000002,4.1703125000000005
DM-55-06-04-03,2026-08-26,44.04458333333333,5.271041666666666
DM-55-06-04-03,2026-08-27,44.04458333333333,5.271041666666666
DM-55-06-04-03,2026-08-28,44.04458333333333,5.271041666666666
DM-55-06-04-03,2026-08-29,41.35645833333333,5.320416666666667
DM-55-06-04-03,2026-08-30,40.00572916666667,5.207916666666667
DM-55-06-04-03,2026-08-31,43.980625,5.26875
DM-55-06-04-03,2026-09-01,44.04458333333333,5.271041666666666
DM-55-06-05-01,2026-08-26,7.856354166666667,5.385833333333333
DM-55-06-05-01,2026-08-27,7.856354166666667,5.385833333333333
DM-55-06-05-01,2026-08-28,7.856354166666667,5.385833333333333
DM-55-06-05-01,2026-08-29,13.530520833333334,5.541041666666666
DM-55-06-05-01,2026-08-30,13.1696875,5.527395833333333
DM-55-06-05-01,2026-08-31,7.8878125,5.385833333333333
DM-55-06-05-01,2026-09-01,7.856354166666667,5.385833333333333
DM-55-06-05-02,2026-08-26,63.35583333333333,5.178958333333333
DM-55-06-05-02,2026-08-27,63.35583333333333,5.178958333333333
DM-55-06-05-02,2026-08-28,63.35583333333333,5.178958333333333
DM-55-06-05-02,2026-08-29,65.2890625,5.3103125
DM-55-06-05-02,2026-08-30,65.13104166666666,5.294791666666667
DM-55-06-05-02,2026-08-31,63.35583333333333,5.178958333333333
DM-55-06-05-02,2026-09-01,63.35583333333333,5.178958333333333
DM-55-06-05-03,2026-08-26,0.0,0.0
DM-55-06-05-03,2026-08-27,0.0,0.0
DM-55-06-05-03,2026-08-28,0.0,0.0
DM-55-06-05-03,2026-08-29,0.0,0.0
DM-55-06-05-03,2026-08-30,0.0,0.0
DM-55-06-05-03,2026-08-31,0.0,0.0
DM-55-06-05-03,2026-09-01,0.0,0.0
DM-55-06-05-04,2026-08-26,0.0,0.0
DM-55-06-05-04,2026-08-27,0.0,0.0
DM-55-06-05-04,2026-08-28,0.0,0.0
DM-55-06-05-04,2026-08-29,0.0,0.0
DM-55-06-05-04,2026-08-30,0.0,0.0
DM-55-06-05-04,2026-08-31,0.0,0.0
DM-55-06-05-04,2026-09-01,0.0,0.0
DM-55-06-05-05,2026-08-26,0.0,0.0
DM-55-06-05-05,2026-08-27,0.0,0.0
DM-55-06-05-05,2026-08-28,0.0,0.0
DM-55-06-05-05,2026-08-29,0.0,0.0
DM-55-06-05-05,2026-08-30,0.0,0.0
DM-55-06-05-05,2026-08-31,0.0,0.0
DM-55-06-05-05,2026-09-01,0.0,0.0
DM-55-06-05-06,2026-08-26,500.0,0.0021875
DM-55-06-05-06,2026-08-27,500.0,0.001979166666666667
DM-55-06-05-06,2026-08-28,500.0,0.0009375
DM-55-06-05-06,2026-08-29,500.0,0.000625
DM-55-06-05-06,2026-08-30,500.0,0.0014583333333333334
DM-55-06-05-06,2026-08-31,499.9045833333333,0.0017708333333333335
DM-55-06-05-06,2026-09-01,487.9435416666667,0.0003125
DM-55-06-05-07,2026-08-26,0.0,0.0
DM-55-06-05-07,2026-08-27,0.0,0.0
DM-55-06-05-07,2026-08-28,0.0,0.0
DM-55-06-05-07,2026-08-29,0.0,0.0023958333333333336
DM-55-06-05-07,2026-08-30,0.0,0.0010416666666666667
DM-55-06-05-07,2026-08-31,0.0,0.0
DM-55-06-05-07,2026-09-01,0.0,0.0
DM-55-06-06-01,2026-08-26,45.91625,0.810625
DM-55-06-06-01,2026-08-27,44.47239583333334,0.7941666666666668
DM-55-06-06-01,2026-08-28,47.396770833333335,0.774375
DM-55-06-06-01,2026-08-29,51.55947916666667,0.7746875000000001
DM-55-06-06-01,2026-08-30,51.55947916666667,0.7746875000000001
DM-55-06-06-01,2026-08-31,47.63614583333333,0.7957291666666667
DM-55-06-06-01,2026-09-01,46.91625,0.8097916666666666
DM-55-06-06-02,2026-08-26,127.41250000000001,5.2240625
DM-55-06-06-02,2026-08-27,128.785625,5.196666666666666
DM-55-06-06-02,2026-08-28,128.62822916666667,5.105833333333334
DM-55-06-06-02,2026-08-29,135.78593750000002,4.9071875
DM-55-06-06-02,2026-08-30,144.62697916666667,5.052291666666666
DM-55-06-06-02,2026-08-31,134.02927083333333,5.2612499999999995
DM-55-06-06-02,2026-09-01,127.5128125,5.401770833333334
DM-55-06-06-03,2026-08-26,12.4765625,4.709895833333333
DM-55-06-06-03,2026-08-27,12.453541666666666,4.727916666666666
DM-55-06-06-03,2026-08-28,12.144791666666668,4.798229166666666
DM-55-06-06-03,2026-08-29,12.8596875,4.9323958333333335
DM-55-06-06-03,2026-08-30,12.8596875,4.9323958333333335
DM-55-06-06-03,2026-08-31,13.643333333333333,4.826666666666667
DM-55-06-06-03,2026-09-01,13.456458333333332,4.668020833333333
DM-55-06-06-04,2026-08-26,10.487916666666667,3.93625
DM-55-06-06-04,2026-08-27,7.461354166666666,3.6359375000000003
DM-55-06-06-04,2026-08-28,8.8659375,3.539895833333333
DM-55-06-06-04,2026-08-29,8.3790625,3.1079166666666667
DM-55-06-06-04,2026-08-30,8.211041666666667,3.1079166666666667
DM-55-06-06-04,2026-08-31,10.647916666666667,4.0200000000000005
DM-55-06-06-04,2026-09-01,11.336875,3.939166666666667
DM-55-06-06-05,2026-08-26,0.0,4.468854166666667
DM-55-06-06-05,2026-08-27,0.0,4.4884375
DM-55-06-06-05,2026-08-28,0.0,4.4284375
DM-55-06-06-05,2026-08-29,0.0,4.5578125
DM-55-06-06-05,2026-08-30,0.0,4.5265625
DM-55-06-06-05,2026-08-31,0.0,4.597916666666666
DM-55-06-06-05,2026-09-01,0.0,4.465625
DM-55-06-06-06,2026-08-26,0.0,0.09333333333333334
DM-55-06-06-06,2026-08-27,0.0,0.09333333333333334
DM-55-06-06-06,2026-08-28,0.0,0.09333333333333334
DM-55-06-06-06,2026-08-29,0.0,0.09583333333333333
DM-55-06-06-06,2026-08-30,0.0,0.09593750000000001
DM-55-06-06-06,2026-08-31,0.0,0.09333333333333334
DM-55-06-06-06,2026-09-01,0.0,0.09333333333333334
DM-55-06-07-01,2026-08-26,38.76739583333333,4.912083333333333
DM-55-06-07-01,2026-08-27,39.142916666666665,4.9178125
DM-55-06-07-01,2026-08-28,39.148020833333334,4.8765624999999995
DM-55-06-07-01,2026-08-29,41.27104166666667,4.986770833333334
DM-55-06-07-01,2026-08-30,41.770312499999996,4.9959375
DM-55-06-07-01,2026-08-31,39.233020833333335,5.022083333333334
DM-55-06-07-01,2026-09-01,38.287395833333335,4.835
DM-55-06-07-02,2026-08-26,13.946041666666666,3.4934375
DM-55-06-07-02,2026-08-27,13.803541666666668,3.4804166666666667
DM-55-06-07-02,2026-08-28,13.946041666666666,3.43125
DM-55-06-07-02,2026-08-29,15.245416666666666,2.9112500000000003
DM-55-06-07-02,2026-08-30,15.14625,3.229270833333333
DM-55-06-07-02,2026-08-31,13.684583333333334,3.6122916666666662
DM-55-06-07-02,2026-09-01,13.856250000000001,3.432604166666667
DM-55-06-07-03,2026-08-26,28.45385416666667,0.8826041666666667
DM-55-06-07-03,2026-08-27,28.447812499999998,0.9195833333333333
DM-55-06-07-03,2026-08-28,28.40489583333333,0.9648958333333333
DM-55-06-07-03,2026-08-29,27.413020833333334,1.3425
DM-55-06-07-03,2026-08-30,27.045,1.1197916666666667
DM-55-06-07-03,2026-08-31,25.584791666666664,0.9891666666666667
DM-55-06-07-03,2026-09-01,24.883020833333333,0.7942708333333334
DM-55-06-07-04,2026-08-26,19.33058823529412,4.654264705882353
DM-55-06-07-04,2026-08-27,12.899999999999999,4.451707317073171
DM-55-06-07-04,2026-08-28,7.035625,4.199791666666667
DM-55-06-07-04,2026-08-29,0.10739583333333334,4.337083333333333
DM-55-06-07-04,2026-08-30,0.01,4.337083333333333
DM-55-06-07-04,2026-08-31,19.21619718309859,4.778732394366197
DM-55-06-07-04,2026-09-01,18.859710144927536,4.585797101449276
DM-55-06-07-05,2026-08-26,0.15,3.74
DM-55-06-07-05,2026-08-27,0.02,1.6966666666666665
DM-55-06-07-05,2026-08-31,0.67375,3.22375
DM-55-06-07-05,2026-09-01,0.026363636363636367,2.6463636363636365
DM-55-06-07-07,2026-08-26,0.0,3.6251041666666666
DM-55-06-07-07,2026-08-27,0.0,3.658125
DM-55-06-07-07,2026-08-28,0.0,3.7583333333333333
DM-55-06-07-07,2026-08-29,0.0,3.7079166666666663
DM-55-06-07-07,2026-08-30,0.0,3.7079166666666663
DM-55-06-07-07,2026-08-31,0.0,3.7514583333333333
DM-55-06-07-07,2026-09-01,0.0,3.5850000000000004
DM-55-06-07-08,2026-08-26,0.03802083333333333,2.4965625
DM-55-06-07-08,2026-08-27,0.045000000000000005,2.4709375000000002
DM-55-06-07-08,2026-08-28,0.04270833333333333,2.4604166666666667
DM-55-06-07-08,2026-08-29,0.014687500000000001,2.6517708333333334
DM-55-06-07-08,2026-08-30,0.021770833333333333,2.6294791666666666
DM-55-06-07-08,2026-08-31,0.050833333333333335,2.5784375
DM-55-06-07-08,2026-09-01,0.045000000000000005,2.4528125
DM-55-06-07-10,2026-08-26,178.85197916666667,10.7865625
DM-55-06-07-10,2026-08-27,177.66947916666666,10.799895833333332
DM-55-06-07-10,2026-08-28,174.7434375,10.8146875
DM-55-06-07-10,2026-08-29,175.0559375,10.5875
DM-55-06-07-10,2026-08-30,173.63312499999998,10.301875
DM-55-06-07-10,2026-08-31,172.76625,10.7953125
DM-55-06-07-10,2026-09-01,176.09875,10.765520833333333
DM-55-07-01-01,2026-08-26,0.0,4.0945833333333335
DM-55-07-01-01,2026-08-27,0.0,4.0984375
DM-55-07-01-01,2026-08-28,0.0,4.1065625
DM-55-07-01-01,2026-08-29,0.0,3.848854166666667
DM-55-07-01-01,2026-08-30,0.0,4.612916666666666
DM-55-07-01-01,2026-08-31,0.0,4.270208333333334
DM-55-07-01-01,2026-09-01,0.0,4.09125
DM-55-07-01-02,2026-08-26,279.7445833333333,5.485729166666666
DM-55-07-01-02,2026-08-27,286.1798958333333,5.503020833333333
DM-55-07-01-02,2026-08-28,286.2840625,5.554479166666667
DM-55-07-01-02,2026-08-29,313.6073958333333,5.633437499999999
DM-55-07-01-02,2026-08-30,313.6073958333333,5.633020833333333
DM-55-07-01-02,2026-08-31,286.47125,5.401354166666667
DM-55-07-01-02,2026-09-01,279.04760416666664,5.114791666666666
DM-55-07-02-01,2026-08-26,220.63864583333336,6.694166666666667
DM-55-07-02-01,2026-08-27,216.9444791666667,6.745
DM-55-07-02-01,2026-08-28,223.1471875,6.6603125
DM-55-07-02-01,2026-08-29,188.50375,6.869375000000001
DM-55-07-02-01,2026-08-30,160.03302083333332,6.927395833333333
DM-55-07-02-01,2026-08-31,166.7128125,6.969479166666667
DM-55-07-02-01,2026-09-01,169.39572916666665,6.765416666666667
DM-55-07-02-02,2026-08-26,166.6475,2.605
DM-55-07-02-02,2026-08-27,163.71125,2.6673958333333334
DM-55-07-02-02,2026-08-28,165.35875000000001,2.5725000000000002
DM-55-07-02-02,2026-08-29,144.06510416666666,2.508645833333333
DM-55-07-02-02,2026-08-30,142.705,2.4529166666666664
DM-55-07-02-02,2026-08-31,166.6475,2.898229166666667
DM-55-07-02-02,2026-09-01,165.41,2.7325
DM-55-07-03-01,2026-08-26,143.39989583333332,5.2084375
DM-55-07-03-01,2026-08-27,147.524375,5.238541666666666
DM-55-07-03-01,2026-08-28,140.7953125,5.1769791666666665
DM-55-07-03-01,2026-08-29,133.77354166666666,5.342291666666667
DM-55-07-03-01,2026-08-30,121.07083333333333,5.3353125
DM-55-07-03-01,2026-08-31,136.09989583333333,5.391354166666667
DM-55-07-03-01,2026-09-01,135.50645833333334,5.191979166666667
DM-55-07-03-02,2026-08-26,92.03125,3.107291666666667
DM-55-07-03-02,2026-08-27,98.85416666666667,3.1327083333333334
DM-55-07-03-02,2026-08-28,92.5728125,3.085729166666667
DM-55-07-03-02,2026-08-29,91.43197916666666,3.2239583333333335
DM-55-07-03-02,2026-08-30,90.54885416666667,3.223854166666667
DM-55-07-03-02,2026-08-31,93.92020833333333,3.2314583333333338
DM-55-07-03-02,2026-09-01,96.81239583333333,3.1196875
DM-55-07-04-01,2026-08-26,179.91958333333332,4.472604166666667
DM-55-07-04-01,2026-08-27,180.00437499999998,4.430833333333333
DM-55-07-04-01,2026-08-28,180.19218750000002,4.2908333333333335
DM-55-07-04-01,2026-08-29,181.1975,4.710520833333333
DM-55-07-04-01,2026-08-30,171.3375,4.683333333333334
DM-55-07-04-01,2026-08-31,174.01239583333333,4.407708333333333
DM-55-07-04-01,2026-09-01,168.74239583333335,4.181666666666667
DM-55-07-04-02,2026-08-26,216.005,3.992395833333333
DM-55-07-04-02,2026-08-27,214.87968750000002,3.9838541666666667
DM-55-07-04-02,2026-08-28,217.70781250000002,3.9603125
DM-55-07-04-02,2026-08-29,209.3209375,3.8047916666666666
DM-55-07-04-02,2026-08-30,215.93864583333334,3.8411458333333335
DM-55-07-04-02,2026-08-31,214.04020833333334,4.0105208333333335
DM-55-07-04-02,2026-09-01,207.8025,3.9315625
DM-55-07-05-01,2026-08-26,258.2365625,5.461979166666667
DM-55-07-05-01,2026-08-27,258.2365625,5.461979166666667
DM-55-07-05-01,2026-08-28,258.2365625,5.461979166666667
DM-55-07-05-01,2026-08-29,272.2788541666667,5.4884375
DM-55-07-05-01,2026-08-30,271.5964583333333,5.485729166666666
DM-55-07-05-01,2026-08-31,258.2365625,5.461979166666667
DM-55-07-05-01,2026-09-01,258.2365625,5.461979166666667
DM-55-07-05-02,2026-08-26,98.64864583333333,5.551041666666666
DM-55-07-05-02,2026-08-27,92.1478125,5.511875
DM-55-07-05-02,2026-08-28,93.55635416666667,5.7040625
DM-55-07-05-02,2026-08-29,101.13541666666667,5.763854166666667
DM-55-07-05-02,2026-08-30,101.13541666666667,5.763854166666667
DM-55-07-05-02,2026-08-31,94.77187500000001,5.760104166666667
DM-55-07-05-02,2026-09-01,96.89916666666666,5.5196875
DM-55-07-05-03,2026-08-26,80.65510416666667,5.583020833333333
DM-55-07-05-03,2026-08-27,79.52604166666667,5.674375
DM-55-07-05-03,2026-08-28,80.78395833333333,5.746145833333333
DM-55-07-05-03,2026-08-29,86.7896875,5.677083333333333
DM-55-07-05-03,2026-08-30,86.7896875,5.677083333333333
DM-55-07-05-03,2026-08-31,79.198125,5.782708333333333
DM-55-07-05-03,2026-09-01,77.50395833333333,5.517499999999999
DM-55-07-06-01,2026-08-26,353.31541666666664,4.603854166666666
DM-55-07-06-01,2026-08-27,353.31541666666664,4.603854166666666
DM-55-07-06-01,2026-08-28,353.31541666666664,4.603854166666666
DM-55-07-06-01,2026-08-29,362.8455208333333,4.3746875
DM-55-07-06-01,2026-08-30,362.4959375,4.3796875
DM-55-07-06-01,2026-08-31,353.31541666666664,4.603854166666666
DM-55-07-06-01,2026-09-01,353.31541666666664,4.603854166666666
DM-55-07-06-02,2026-08-26,273.4898958333333,4.999479166666666
DM-55-07-06-02,2026-08-27,273.4898958333333,4.999479166666666
DM-55-07-06-02,2026-08-28,273.4898958333333,4.999479166666666
DM-55-07-06-02,2026-08-29,296.9551041666667,5.0821875
DM-55-07-06-02,2026-08-30,293.76708333333335,5.065833333333333
DM-55-07-06-02,2026-08-31,273.4898958333333,4.999479166666666
DM-55-07-06-02,2026-09-01,273.4898958333333,4.999479166666666
DM-55-07-06-03,2026-08-26,196.46520833333332,3.903541666666667
DM-55-07-06-03,2026-08-27,195.20739583333332,3.8884375
DM-55-07-06-03,2026-08-28,190.36020833333336,3.8470833333333334
DM-55-07-06-03,2026-08-29,199.8309375,4.2316666666666665
DM-55-07-06-03,2026-08-30,190.5675,4.031145833333333
DM-55-07-06-03,2026-08-31,180.88072916666667,3.887708333333333
DM-55-07-06-03,2026-09-01,177.7871875,3.614479166666667
DM-55-07-06-04,2026-08-26,65.1696875,3.2879166666666664
DM-55-07-06-04,2026-08-27,57.28447916666667,3.2363541666666666
DM-55-07-06-04,2026-08-28,60.076249999999995,3.2522916666666664
DM-55-07-06-04,2026-08-29,65.71770833333333,3.2794791666666665
DM-55-07-06-04,2026-08-30,65.71770833333333,3.2794791666666665
DM-55-07-06-04,2026-08-31,70.65958333333333,3.2226041666666667
DM-55-07-06-04,2026-09-01,61.76791666666667,3.2727083333333336
DM-55-07-06-05,2026-08-26,9.908333333333333,0.0
DM-55-07-06-05,2026-08-27,9.908333333333333,0.0
DM-55-07-06-05,2026-08-28,9.908333333333333,0.0
DM-55-07-06-05,2026-08-29,9.934270833333334,0.0016666666666666668
DM-55-07-06-05,2026-08-30,9.9375,0.0014583333333333334
DM-55-07-06-05,2026-08-31,9.908333333333333,0.0
DM-55-07-06-05,2026-09-01,9.908333333333333,0.0
DM-55-07-06-06,2026-08-26,15.526458333333332,3.379375
DM-55-07-06-06,2026-08-27,15.526458333333332,3.379375
DM-55-07-06-06,2026-08-28,15.526458333333332,3.379375
DM-55-07-06-06,2026-08-29,14.891354166666666,3.3390625000000003
DM-55-07-06-06,2026-08-30,14.892291666666667,3.335729166666667
DM-55-07-06-06,2026-08-31,15.526354166666666,3.379375
DM-55-07-06-06,2026-09-01,15.526458333333332,3.379375
DM-55-07-07-01,2026-08-26,0.0,4.094270833333334
DM-55-07-07-01,2026-08-27,0.0,4.1000000000000005
DM-55-07-07-01,2026-08-28,0.0,4.126458333333333
DM-55-07-07-01,2026-08-29,0.0,4.272083333333334
DM-55-07-07-01,2026-08-30,0.0,4.494166666666667
DM-55-07-07-01,2026-08-31,0.0,4.271041666666666
DM-55-07-07-01,2026-09-01,0.0,4.077083333333333
DM-55-07-07-02,2026-08-26,181.65697916666667,0.14354166666666665
DM-55-07-07-02,2026-08-27,181.6859375,0.14510416666666667
DM-55-07-07-02,2026-08-28,177.34395833333335,0.1444791666666667
DM-55-07-07-02,2026-08-29,181.604375,0.14541666666666667
DM-55-07-07-02,2026-08-30,168.32385416666668,0.14572916666666666
DM-55-07-07-02,2026-08-31,172.82416666666666,0.1465625
DM-55-07-07-02,2026-09-01,165.09520833333332,0.14479166666666668
DM-55-07-07-03,2026-08-26,140.393125,4.9740625
DM-55-07-07-03,2026-08-27,140.393125,4.9740625
DM-55-07-07-03,2026-08-28,140.393125,4.9740625
DM-55-07-07-03,2026-08-29,131.71614583333334,4.923125
DM-55-07-07-03,2026-08-30,130.51052083333335,4.866145833333333
DM-55-07-07-03,2026-08-31,140.393125,4.9740625
DM-55-07-07-03,2026-09-01,140.393125,4.9740625
DM-55-07-07-04,2026-08-29,133.9275,5.115972222222222
DM-55-07-07-04,2026-08-30,99.95461538461538,4.377948717948718
DM-55-08-01-01,2026-08-26,0.0,5.947708333333334
DM-55-08-01-01,2026-08-27,0.0,6.042708333333334
DM-55-08-01-01,2026-08-28,0.0,5.986458333333334
DM-55-08-01-01,2026-08-29,0.0,5.9660416666666665
DM-55-08-01-01,2026-08-30,0.0,5.9660416666666665
DM-55-08-01-01,2026-08-31,0.0,6.306875000000001
DM-55-08-01-01,2026-09-01,0.0,5.75375
DM-55-08-01-02,2026-08-26,237.918125,5.865833333333334
DM-55-08-01-02,2026-08-27,230.6478125,5.753020833333333
DM-55-08-01-02,2026-08-28,237.35833333333335,5.9472916666666675
DM-55-08-01-02,2026-08-29,238.864375,6.175729166666667
DM-55-08-01-02,2026-08-30,238.864375,6.175729166666667
DM-55-08-01-02,2026-08-31,236.033125,5.775208333333333
DM-55-08-01-02,2026-09-01,226.88177083333335,5.224583333333333
DM-55-08-02-01,2026-08-26,189.09447916666667,4.578125
DM-55-08-02-01,2026-08-27,184.87010416666666,4.5165625
DM-55-08-02-01,2026-08-28,190.50250000000003,4.6397916666666665
DM-55-08-02-01,2026-08-29,194.24895833333335,4.73625
DM-55-08-02-01,2026-08-30,194.24895833333335,4.73625
DM-55-08-02-01,2026-08-31,186.32822916666666,4.470208333333333
DM-55-08-02-01,2026-09-01,179.04125,4.1788541666666665
DM-55-08-02-02,2026-08-26,241.28166666666667,6.061041666666667
DM-55-08-02-02,2026-08-27,223.5859375,5.700625
DM-55-08-02-02,2026-08-28,241.32010416666665,6.15125
DM-55-08-02-02,2026-08-29,247.551875,6.359479166666667
DM-55-08-02-02,2026-08-30,247.551875,6.359479166666667
DM-55-08-02-02,2026-08-31,239.94322916666667,6.0090625
DM-55-08-02-02,2026-09-01,244.64770833333333,5.4115625
DM-55-08-03-01,2026-08-26,127.75697916666667,3.6767708333333338
DM-55-08-03-01,2026-08-27,128.42666666666665,3.984583333333333
DM-55-08-03-01,2026-08-28,126.285625,3.8249999999999997
DM-55-08-03-01,2026-08-29,125.20583333333333,4.038333333333333
DM-55-08-03-01,2026-08-30,107.83052083333332,3.5546875
DM-55-08-03-01,2026-08-31,121.38479166666667,3.539895833333333
DM-55-08-03-01,2026-09-01,125.444375,2.987083333333333
DM-55-09-01-01,2026-08-26,81.8359375,7.084270833333334
DM-55-09-01-01,2026-08-27,63.365208333333335,6.99875
DM-55-09-01-01,2026-08-28,37.31,7.2406250000000005
DM-55-09-01-01,2026-08-29,21.018229166666668,7.623333333333334
DM-55-09-01-01,2026-08-30,20.961354166666666,7.623333333333334
DM-55-09-01-01,2026-08-31,77.62510416666667,6.4347916666666665
DM-55-09-01-01,2026-09-01,77.75364583333334,6.81375
DM-55-09-01-02,2026-08-26,10.0846875,3.8874999999999997
DM-55-09-01-02,2026-08-27,17.674895833333334,3.85375
DM-55-09-01-02,2026-08-28,10.513333333333334,3.8350000000000004
DM-55-09-01-02,2026-08-29,13.7653125,2.9769791666666667
DM-55-09-01-02,2026-08-30,16.163645833333334,4.06
DM-55-09-01-02,2026-08-31,15.184479166666668,3.9140625
DM-55-09-01-02,2026-09-01,15.886562499999998,3.6905208333333337
DM-55-09-02-01,2026-08-26,220.72041666666667,9.5571875
DM-55-09-02-01,2026-08-27,215.23677083333334,9.047708333333334
DM-55-09-02-01,2026-08-28,236.060625,9.570416666666667
DM-55-09-02-01,2026-08-29,248.9815625,10.107604166666667
DM-55-09-02-01,2026-08-30,248.9815625,10.107604166666667
DM-55-09-02-01,2026-08-31,209.814375,8.832916666666668
DM-55-09-02-01,2026-09-01,216.6746875,9.042604166666667
DM-55-09-02-02,2026-08-26,31.491354166666667,4.050520833333334
DM-55-09-02-02,2026-08-27,31.491354166666667,4.050520833333334
DM-55-09-02-02,2026-08-28,31.491354166666667,4.050520833333334
DM-55-09-02-02,2026-08-29,46.885625000000005,3.7265625
DM-55-09-02-02,2026-08-30,42.78895833333333,3.7838541666666665
DM-55-09-02-02,2026-08-31,31.4953125,4.050520833333334
DM-55-09-02-02,2026-09-01,31.4915625,4.050520833333334
DM-55-09-03-01,2026-08-26,0.0,24.7059375
DM-55-09-03-01,2026-08-27,0.0,24.620729166666667
DM-55-09-03-01,2026-08-28,0.0,24.633125000000003
DM-55-09-03-01,2026-08-29,0.0,24.595520833333335
DM-55-09-03-01,2026-08-30,0.0,24.595520833333335
DM-55-09-03-01,2026-08-31,0.0,24.755416666666665
DM-55-09-03-01,2026-09-01,0.0,24.785208333333333
DM-55-09-04-01,2026-08-26,0.0,0.0
DM-55-09-04-01,2026-08-27,0.0,0.0
DM-55-09-04-01,2026-08-28,0.0,0.0
DM-55-09-04-01,2026-08-29,0.0,0.0
DM-55-09-04-01,2026-08-30,0.0,0.0
DM-55-09-04-01,2026-08-31,0.0,0.0
DM-55-09-04-01,2026-09-01,0.0,0.0
DM-55-09-04-02,2026-08-26,110.16364583333332,5.617708333333333
DM-55-09-04-02,2026-08-27,110.16364583333332,5.617708333333333
DM-55-09-04-02,2026-08-28,110.16364583333332,5.617708333333333
DM-55-09-04-02,2026-08-29,121.13697916666666,5.350520833333333
DM-55-09-04-02,2026-08-30,120.19864583333333,5.3628125
DM-55-09-04-02,2026-08-31,110.16364583333332,5.617708333333333
DM-55-09-04-02,2026-09-01,110.16364583333332,5.617708333333333
DM-56-01-01-01,2026-08-26,195.71760416666666,6.096770833333333
DM-56-01-01-01,2026-08-27,199.8946875,6.282604166666666
DM-56-01-01-01,2026-08-28,198.5533333333333,6.197291666666666
DM-56-01-01-01,2026-08-29,203.73385416666667,6.587812499999999
DM-56-01-01-01,2026-08-30,203.56770833333334,6.640104166666667
DM-56-01-01-01,2026-08-31,190.91833333333332,6.1821875
DM-56-01-01-01,2026-09-01,192.21302083333333,6.1990625
DM-56-01-02-01,2026-08-26,193.90458333333333,8.331875
DM-56-01-02-01,2026-08-27,192.68697916666667,8.040729166666667
DM-56-01-02-01,2026-08-28,191.9078125,7.631875
DM-56-01-02-01,2026-08-29,200.09520833333332,8.015520833333333
DM-56-01-02-01,2026-08-30,200.09520833333332,8.015520833333333
DM-56-01-02-01,2026-08-31,189.14447916666666,8.49375
DM-56-01-02-01,2026-09-01,189.60864583333333,8.4596875
DM-56-01-03-01,2026-08-26,475.016875,4.89125
DM-56-01-03-01,2026-08-27,498.5286458333333,4.885729166666667
DM-56-01-03-01,2026-08-28,500.0,4.866875
DM-56-01-03-01,2026-08-29,499.5804166666667,5.171979166666667
DM-56-01-03-01,2026-08-30,434.0238541666667,5.165104166666667
DM-56-01-03-01,2026-08-31,69.58572916666667,4.956979166666667
DM-56-01-03-01,2026-09-01,499.0134375,5.024895833333333
DM-56-01-03-02,2026-08-26,156.56427083333332,6.091354166666666
DM-56-01-03-02,2026-08-27,147.77802083333333,5.8542708333333335
DM-56-01-03-02,2026-08-28,156.6484375,6.165937499999999
DM-56-01-03-02,2026-08-29,163.16854166666667,6.407916666666666
DM-56-01-03-02,2026-08-30,163.16854166666667,6.407916666666666
DM-56-01-03-02,2026-08-31,155.9365625,6.067916666666666
DM-56-01-03-02,2026-09-01,156.85208333333333,6.161770833333333
DM-56-01-04-01,2026-08-26,192.98197916666666,6.660104166666667
DM-56-01-04-01,2026-08-27,191.69208333333333,6.617291666666667
DM-56-01-04-01,2026-08-28,190.75729166666667,6.632187500000001
DM-56-01-04-01,2026-08-29,198.7747916666667,7.112916666666667
DM-56-01-04-01,2026-08-30,198.7747916666667,7.112916666666667
DM-56-01-04-01,2026-08-31,188.26572916666666,6.839895833333333
DM-56-01-04-01,2026-09-01,188.73520833333336,6.814166666666666
DM-56-01-05-01,2026-08-26,468.7226041666667,9.688645833333334
DM-56-01-05-01,2026-08-27,468.6228125,9.785
DM-56-01-05-01,2026-08-28,466.82666666666665,9.647916666666667
DM-56-01-05-01,2026-08-29,463.45197916666666,10.393541666666666
DM-56-01-05-01,2026-08-30,463.0671875,10.545625
DM-56-01-05-01,2026-08-31,439.1170833333333,9.377083333333333
DM-56-01-05-01,2026-09-01,440.19958333333335,9.436354166666666
DM-56-02-01-01,2026-08-26,312.185,6.027395833333333
DM-56-02-01-01,2026-08-27,310.8205208333333,6.025625000000001
DM-56-02-01-01,2026-08-28,307.72572916666667,6.045520833333334
DM-56-02-01-01,2026-08-29,322.04,6.719791666666667
DM-56-02-01-01,2026-08-30,317.47770833333334,6.771145833333333
DM-56-02-01-01,2026-08-31,285.1921875,6.023958333333333
DM-56-02-01-01,2026-09-01,287.8284375,6.0196875
DM-56-02-02-01,2026-08-26,51.619062500000005,4.291666666666667
DM-56-02-02-01,2026-08-27,51.33260416666667,4.341875
DM-56-02-02-01,2026-08-28,53.129375,4.250104166666667
DM-56-02-02-01,2026-08-29,53.97677083333334,4.85125
DM-56-02-02-01,2026-08-30,53.787187499999995,4.941979166666667
DM-56-02-02-01,2026-08-31,49.664791666666666,4.387291666666667
DM-56-02-02-01,2026-09-01,49.617916666666666,4.3665625
DM-56-02-02-02,2026-08-26,58.51239583333333,4.749479166666666
DM-56-02-02-02,2026-08-27,58.51239583333333,4.749479166666666
DM-56-02-02-02,2026-08-28,58.51239583333333,4.749479166666666
DM-56-02-02-02,2026-08-29,60.621874999999996,5.035729166666667
DM-56-02-02-02,2026-08-30,60.621874999999996,5.035729166666667
DM-56-02-02-02,2026-08-31,57.165,4.736041666666667
DM-56-02-02-02,2026-09-01,57.71572916666667,4.759791666666667
DM-56-02-03-01,2026-08-26,107.63052083333334,5.718125000000001
DM-56-02-03-01,2026-08-27,108.34125,5.697187499999999
DM-56-02-03-01,2026-08-28,105.68322916666666,5.770208333333334
DM-56-02-03-01,2026-08-29,109.43041666666666,6.029479166666667
DM-56-02-03-01,2026-08-30,109.43041666666666,6.029479166666667
DM-56-02-03-01,2026-08-31,102.65541666666667,5.689791666666667
DM-56-02-03-01,2026-09-01,103.54031250000001,5.8525
DM-56-02-04-01,2026-08-26,152.51114583333333,6.005
DM-56-02-04-01,2026-08-27,152.38010416666665,6.011458333333334
DM-56-02-04-01,2026-08-28,151.25083333333333,5.971145833333334
DM-56-02-04-01,2026-08-29,156.119375,6.344374999999999
DM-56-02-04-01,2026-08-30,151.6521875,6.4015625
DM-56-02-04-01,2026-08-31,143.0025,6.007291666666667
DM-56-02-04-01,2026-09-01,145.760625,6.12
DM-56-02-05-01,2026-08-26,110.708125,6.5365625
DM-56-02-05-01,2026-08-27,107.98229166666665,6.278333333333333
DM-56-02-05-01,2026-08-28,117.14666666666666,6.575
DM-56-02-05-01,2026-08-29,126.20291666666667,6.803958333333333
DM-56-02-05-01,2026-08-30,126.20291666666667,6.803958333333333
DM-56-02-05-01,2026-08-31,105.2325,6.5265625
DM-56-02-05-01,2026-09-01,105.88927083333334,6.6511458333333335
DM-56-02-05-02,2026-08-26,96.88239583333332,5.822604166666667
DM-56-02-05-02,2026-08-27,100.68427083333334,5.795729166666667
DM-56-02-05-02,2026-08-28,112.3534375,5.7281249999999995
DM-56-02-05-02,2026-08-29,111.37166666666667,6.227708333333333
DM-56-02-05-02,2026-08-30,109.263125,6.260000000000001
DM-56-02-05-02,2026-08-31,107.13770833333332,5.775520833333334
DM-56-02-05-02,2026-09-01,81.1428125,5.989895833333333
DM-56-02-06-01,2026-08-26,353.67052083333334,5.857291666666666
DM-56-02-06-01,2026-08-27,354.83104166666664,5.8334375
DM-56-02-06-01,2026-08-28,355.4170833333333,5.775312499999999
DM-56-02-06-01,2026-08-29,358.03447916666664,6.130208333333333
DM-56-02-06-01,2026-08-30,357.81364583333334,6.168541666666666
DM-56-02-06-01,2026-08-31,349.9977083333333,5.848229166666666
DM-56-02-06-01,2026-09-01,351.98156250000005,6.0069791666666665
DM-56-02-07-01,2026-08-26,153.93739583333334,5.281875
DM-56-02-07-01,2026-08-27,154.66260416666668,5.281145833333333
DM-56-02-07-01,2026-08-28,155.38416666666666,5.225416666666667
DM-56-02-07-01,2026-08-29,159.50552083333335,5.548854166666666
DM-56-02-07-01,2026-08-30,159.17791666666668,5.589479166666667
DM-56-02-07-01,2026-08-31,149.0528125,5.337395833333333
DM-56-02-07-01,2026-09-01,149.34666666666666,5.455625
DM-56-02-08-01,2026-08-26,290.1346875,7.0573958333333335
DM-56-02-08-01,2026-08-27,290.003125,7.136875
DM-56-02-08-01,2026-08-28,286.6126041666667,7.047916666666667
DM-56-02-08-01,2026-08-29,305.2757291666667,7.7370833333333335
DM-56-02-08-01,2026-08-30,305.53625,7.81125
DM-56-02-08-01,2026-08-31,280.77760416666666,7.068541666666667
DM-56-02-08-01,2026-09-01,278.83177083333334,7.2292708333333335
DM-56-02-09-01,2026-08-26,103.51833333333333,6.987916666666667
DM-56-02-09-01,2026-08-27,104.46375,7.0640624999999995
DM-56-02-09-01,2026-08-28,103.98229166666665,6.971041666666667
DM-56-02-09-01,2026-08-29,108.73677083333332,7.349166666666666
DM-56-02-09-01,2026-08-30,108.10739583333333,7.401354166666667
DM-56-02-09-01,2026-08-31,100.18052083333333,6.9745833333333325
DM-56-02-09-01,2026-09-01,100.63395833333334,7.1191666666666675
DM-56-02-10-01,2026-08-26,53.7865625,8.854895833333334
DM-56-02-10-01,2026-08-27,55.04260416666667,8.913333333333332
DM-56-02-10-01,2026-08-28,53.725833333333334,8.7759375
DM-56-02-10-01,2026-08-29,52.12125,9.245833333333334
DM-56-02-10-01,2026-08-30,53.159166666666664,9.315208333333333
DM-56-02-10-01,2026-08-31,51.85791666666666,8.629791666666668
DM-56-02-10-01,2026-09-01,51.11989583333334,8.804062499999999
DM-56-03-01-01,2026-08-26,239.71072916666665,7.740312500000001
DM-56-03-01-01,2026-08-27,233.46729166666668,7.8
DM-56-03-01-01,2026-08-28,229.31072916666668,7.778020833333334
DM-56-03-01-01,2026-08-29,242.37812499999998,8.1575
DM-56-03-01-01,2026-08-30,242.37812499999998,8.1575
DM-56-03-01-01,2026-08-31,230.88989583333333,7.583541666666666
DM-56-03-01-01,2026-09-01,231.2932291666667,7.619583333333334
DM-56-03-01-02,2026-08-26,89.1675,0.0
DM-56-03-01-02,2026-08-27,89.1675,0.0
DM-56-03-01-02,2026-08-28,89.1675,0.0
DM-56-03-01-02,2026-08-29,90.79447916666668,5.909895833333334
DM-56-03-01-02,2026-08-30,92.14010416666667,2.567083333333333
DM-56-03-01-02,2026-08-31,89.1675,0.0
DM-56-03-01-02,2026-09-01,89.1675,0.0
DM-56-03-02-01,2026-08-26,232.51916666666668,8.250104166666667
DM-56-03-02-01,2026-08-27,232.51916666666668,8.250104166666667
DM-56-03-02-01,2026-08-28,232.51916666666668,8.250104166666667
DM-56-03-02-01,2026-08-29,242.63229166666667,8.5096875
DM-56-03-02-01,2026-08-30,242.6703125,8.499895833333333
DM-56-03-02-01,2026-08-31,232.51916666666668,8.250104166666667
DM-56-03-02-01,2026-09-01,232.51916666666668,8.250104166666667
DM-56-03-03-01,2026-08-26,151.34927083333335,7.0515625
DM-56-03-03-01,2026-08-27,149.68489583333334,7.1113541666666675
DM-56-03-03-01,2026-08-28,153.2221875,7.006875
DM-56-03-03-01,2026-08-29,165.15270833333332,7.426458333333334
DM-56-03-03-01,2026-08-30,165.46041666666667,7.483958333333334
DM-56-03-03-01,2026-08-31,147.43833333333333,6.945520833333333
DM-56-03-03-01,2026-09-01,148.9896875,6.975416666666667
DM-56-03-04-01,2026-08-26,164.1290625,6.167916666666667
DM-56-03-04-01,2026-08-27,148.96020833333333,6.249375000000001
DM-56-03-04-01,2026-08-28,162.33114583333335,6.222708333333333
DM-56-03-04-01,2026-08-29,174.73968749999997,6.511875
DM-56-03-04-01,2026-08-30,174.73968749999997,6.511875
DM-56-03-04-01,2026-08-31,144.26395833333333,6.116041666666667
DM-56-03-04-01,2026-09-01,145.46541666666667,6.1457291666666665
DM-56-03-05-01,2026-08-26,294.2604166666667,9.0859375
DM-56-03-05-01,2026-08-27,305.0123958333333,9.1434375
DM-56-03-05-01,2026-08-28,299.2213541666667,9.120625
DM-56-03-05-01,2026-08-29,324.96260416666667,9.196354166666667
DM-56-03-05-01,2026-08-30,326.03260416666666,9.365729166666666
DM-56-03-05-01,2026-08-31,314.4380208333333,8.351979166666666
DM-56-03-05-01,2026-09-01,320.3832291666667,8.416354166666666
DM-56-03-05-02,2026-08-26,257.96229166666666,11.671666666666667
DM-56-03-05-02,2026-08-27,257.96229166666666,11.671666666666667
DM-56-03-05-02,2026-08-28,257.96229166666666,11.671666666666667
DM-56-03-05-02,2026-08-29,275.21666666666664,12.159479166666666
DM-56-03-05-02,2026-08-30,273.21,12.073020833333333
DM-56-03-05-02,2026-08-31,257.96229166666666,11.671666666666667
DM-56-03-05-02,2026-09-01,257.96229166666666,11.671666666666667
DM-56-03-06-01,2026-08-26,102.46854166666667,4.791875
DM-56-03-06-01,2026-08-27,102.46854166666667,4.791875
DM-56-03-06-01,2026-08-28,102.46854166666667,4.791875
DM-56-03-06-01,2026-08-29,104.51270833333332,5.052083333333333
DM-56-03-06-01,2026-08-30,104.73083333333334,5.0441666666666665
DM-56-03-06-01,2026-08-31,102.46854166666667,4.791875
DM-56-03-06-01,2026-09-01,102.46854166666667,4.791875
DM-56-03-06-02,2026-08-26,116.4540625,5.538854166666667
DM-56-03-06-02,2026-08-27,116.7846875,5.605520833333333
DM-56-03-06-02,2026-08-28,116.43864583333334,5.633541666666667
DM-56-03-06-02,2026-08-29,119.67,5.842708333333333
DM-56-03-06-02,2026-08-30,119.67,5.842708333333333
DM-56-03-06-02,2026-08-31,114.0053125,5.573854166666667
DM-56-03-06-02,2026-09-01,115.758125,5.570416666666667
DM-56-03-06-03,2026-08-26,140.3384375,5.070833333333334
DM-56-03-06-03,2026-08-27,139.97875,5.125729166666667
DM-56-03-06-03,2026-08-28,139.29520833333333,5.008541666666667
DM-56-03-06-03,2026-08-29,143.69020833333335,5.522916666666667
DM-56-03-06-03,2026-08-30,145.52875,5.596666666666667
DM-56-03-06-03,2026-08-31,137.29885416666667,5.117291666666667
DM-56-03-06-03,2026-09-01,140.82500000000002,5.053958333333333
DM-56-04-01-01,2026-08-26,475.7646875,1.8610416666666667
DM-56-04-01-01,2026-08-27,476.419375,1.8568749999999998
DM-56-04-01-01,2026-08-28,479.6386458333333,1.8496875
DM-56-04-01-01,2026-08-29,485.2495833333333,1.8619791666666667
DM-56-04-01-01,2026-08-30,485.9469791666667,1.854375
DM-56-04-01-01,2026-08-31,462.26125,1.8503125
DM-56-04-01-01,2026-09-01,461.52968749999997,1.8461458333333332
DM-56-04-02-01,2026-08-26,253.0276041666667,13.274687499999999
DM-56-04-02-01,2026-08-27,240.71239583333332,13.235104166666666
DM-56-04-02-01,2026-08-28,235.1071875,13.139479166666668
DM-56-04-02-01,2026-08-29,246.39927083333336,13.8746875
DM-56-04-02-01,2026-08-30,246.39927083333336,13.8746875
DM-56-04-02-01,2026-08-31,232.05635416666667,12.760520833333333
DM-56-04-02-01,2026-09-01,235.75531249999997,12.9865625
DM-56-04-03-01,2026-08-26,366.86583333333334,8.418541666666666
DM-56-04-03-01,2026-08-27,368.89937499999996,8.533645833333333
DM-56-04-03-01,2026-08-28,372.24104166666666,8.3309375
DM-56-04-03-01,2026-08-29,295.70447916666666,8.519479166666667
DM-56-04-03-01,2026-08-30,318.48864583333335,9.4975
DM-56-04-03-01,2026-08-31,356.29447916666663,8.174895833333332
DM-56-04-03-01,2026-09-01,363.640625,8.349791666666667
DM-56-04-04-01,2026-08-26,129.46552083333333,8.226666666666667
DM-56-04-04-01,2026-08-27,125.02947916666666,8.313854166666667
DM-56-04-04-01,2026-08-28,121.91322916666667,8.3565625
DM-56-04-04-01,2026-08-29,126.91729166666666,8.726458333333333
DM-56-04-04-01,2026-08-30,126.91729166666666,8.726458333333333
DM-56-04-04-01,2026-08-31,124.16489583333333,8.046041666666666
DM-56-04-04-01,2026-09-01,126.52802083333334,8.168854166666668
DM-56-04-04-02,2026-08-26,171.244375,8.227083333333333
DM-56-04-04-02,2026-08-27,163.2408333333333,8.3196875
DM-56-04-04-02,2026-08-28,153.6146875,8.371666666666668
DM-56-04-04-02,2026-08-29,154.52979166666668,8.74625
DM-56-04-04-02,2026-08-30,154.52979166666668,8.74625
DM-56-04-04-02,2026-08-31,176.11458333333334,8.038645833333334
DM-56-04-04-02,2026-09-01,179.92708333333334,8.160625
DM-56-04-05-01,2026-08-26,117.256875,6.547604166666667
DM-56-04-05-01,2026-08-27,116.57291666666667,6.675416666666667
DM-56-04-05-01,2026-08-28,116.02187500000001,6.521562500000001
DM-56-04-05-01,2026-08-29,116.82895833333333,6.356145833333334
DM-56-04-05-01,2026-08-30,138.27864583333334,7.286145833333333
DM-56-04-05-01,2026-08-31,114.21083333333333,6.403645833333333
DM-56-04-05-01,2026-09-01,115.79208333333334,6.689791666666667
DM-56-04-05-02,2026-08-26,127.44427083333333,8.745416666666667
DM-56-04-05-02,2026-08-27,126.43895833333333,8.823958333333334
DM-56-04-05-02,2026-08-28,124.20645833333333,8.843541666666667
DM-56-04-05-02,2026-08-29,129.70635416666667,9.206770833333334
DM-56-04-05-02,2026-08-30,129.70635416666667,9.206770833333334
DM-56-04-05-02,2026-08-31,123.21041666666667,8.573333333333332
DM-56-04-05-02,2026-09-01,123.62822916666666,8.715520833333333
DM-56-05-01-01,2026-08-26,328.56104166666665,3.8907291666666666
DM-56-05-01-01,2026-08-27,321.74375000000003,4.0440625
DM-56-05-01-01,2026-08-28,324.5755208333333,3.9752083333333332
DM-56-05-01-01,2026-08-29,228.906875,2.5791666666666666
DM-56-05-01-01,2026-08-30,258.3645833333333,3.2764583333333337
DM-56-05-01-01,2026-08-31,331.9848958333333,3.9528125000000003
DM-56-05-01-01,2026-09-01,322.7221875,4.240520833333333
DM-56-05-01-02,2026-08-26,85.65479166666667,6.3190625
DM-56-05-01-02,2026-08-27,84.69302083333334,6.279791666666667
DM-56-05-01-02,2026-08-28,85.09979166666666,6.2290625
DM-56-05-01-02,2026-08-29,95.20197916666666,6.512395833333334
DM-56-05-01-02,2026-08-30,96.84291666666667,6.559895833333333
DM-56-05-01-02,2026-08-31,83.189375,6.271562500000001
DM-56-05-01-02,2026-09-01,82.35614583333334,6.2839583333333335
DM-56-05-01-03,2026-08-26,319.7596875,9.565729166666666
DM-56-05-01-03,2026-08-27,319.21250000000003,9.538854166666667
DM-56-05-01-03,2026-08-28,319.89072916666663,9.427291666666667
DM-56-05-01-03,2026-08-29,331.7079166666667,9.877604166666666
DM-56-05-01-03,2026-08-30,331.61354166666666,9.9428125
DM-56-05-01-03,2026-08-31,307.1925,9.269375
DM-56-05-01-03,2026-09-01,309.76718750000003,9.358541666666666
DM-56-05-02-01,2026-08-26,160.67197916666666,3.7728125
DM-56-05-02-01,2026-08-27,160.65270833333332,3.8362499999999997
DM-56-05-02-01,2026-08-28,159.96135416666667,3.892916666666667
DM-56-05-02-01,2026-08-29,168.28895833333334,4.0375000000000005
DM-56-05-02-01,2026-08-30,168.28895833333334,4.0375000000000005
DM-56-05-02-01,2026-08-31,157.52583333333334,3.7890625
DM-56-05-02-01,2026-09-01,160.414375,3.7655208333333334
DM-56-05-03-01,2026-08-26,202.4303125,4.265833333333333
DM-56-05-03-01,2026-08-27,190.4232291666667,3.9722916666666666
DM-56-05-03-01,2026-08-28,201.48166666666668,4.3696875
DM-56-05-03-01,2026-08-29,206.35260416666665,4.521458333333333
DM-56-05-03-01,2026-08-30,206.35260416666665,4.521458333333333
DM-56-05-03-01,2026-08-31,199.74291666666667,4.393854166666666
DM-56-05-03-01,2026-09-01,200.19875000000002,4.380208333333333
DM-56-05-04-01,2026-08-26,171.50770833333334,4.271145833333333
DM-56-05-04-01,2026-08-27,171.50770833333334,4.271145833333333
DM-56-05-04-01,2026-08-28,171.50770833333334,4.271145833333333
DM-56-05-04-01,2026-08-29,192.2307291666667,4.048958333333333
DM-56-05-04-01,2026-08-30,192.2307291666667,4.048958333333333
DM-56-05-04-01,2026-08-31,133.97677083333335,4.804583333333333
DM-56-05-04-01,2026-09-01,136.45604166666666,4.799791666666667
DM-56-05-05-01,2026-08-26,170.18958333333333,2.859375
DM-56-05-05-01,2026-08-27,170.18958333333333,2.859375
DM-56-05-05-01,2026-08-28,170.18958333333333,2.859375
DM-56-05-05-01,2026-08-29,234.58343749999997,4.416666666666667
DM-56-05-05-01,2026-08-30,219.79166666666666,3.9101041666666667
DM-56-05-05-01,2026-08-31,170.18958333333333,2.8632291666666667
DM-56-05-05-01,2026-09-01,170.18958333333333,2.859375
DM-56-05-05-02,2026-08-26,224.49520833333335,7.1534375
DM-56-05-05-02,2026-08-27,211.15020833333332,7.1134375
DM-56-05-05-02,2026-08-28,224.98177083333334,7.108333333333333
DM-56-05-05-02,2026-08-29,236.6278125,7.422083333333333
DM-56-05-05-02,2026-08-30,236.6278125,7.422083333333333
DM-56-05-05-02,2026-08-31,194.07416666666666,6.959270833333334
DM-56-05-05-02,2026-09-01,197.00291666666666,7.017708333333334
DM-56-05-06-01,2026-08-26,139.8896875,5.0512500000000005
DM-56-05-06-01,2026-08-27,140.87260416666666,4.991874999999999
DM-56-05-06-01,2026-08-28,140.21364583333335,4.9196875
DM-56-05-06-01,2026-08-29,145.74635416666666,5.291354166666667
DM-56-05-06-01,2026-08-30,145.35322916666667,5.3374999999999995
DM-56-05-06-01,2026-08-31,132.701875,4.860625
DM-56-05-06-01,2026-09-01,135.12989583333334,4.8884375
DM-56-05-07-01,2026-08-26,0.01,4.240729166666667
DM-56-05-07-01,2026-08-27,0.01,4.240729166666667
DM-56-05-07-01,2026-08-28,0.01,4.240729166666667
DM-56-05-07-01,2026-08-29,0.010208333333333333,5.181354166666667
DM-56-05-07-01,2026-08-30,0.011041666666666667,5.1388541666666665
DM-56-05-07-01,2026-08-31,0.01,4.240729166666667
DM-56-05-07-01,2026-09-01,0.01,4.240729166666667
DM-56-06-01-01,2026-08-26,500.0,6.492083333333333
DM-56-06-01-01,2026-08-27,500.0,6.580520833333334
DM-56-06-01-01,2026-08-28,500.0,6.472291666666667
DM-56-06-01-01,2026-08-29,500.0,6.929270833333334
DM-56-06-01-01,2026-08-30,499.6528125,6.961041666666667
DM-56-06-01-01,2026-08-31,500.0,6.4146875
DM-56-06-01-01,2026-09-01,500.0,6.5678125
DM-56-06-02-01,2026-08-26,159.228125,5.136979166666666
DM-56-06-02-01,2026-08-27,158.65552083333333,5.233125
DM-56-06-02-01,2026-08-28,155.87031249999998,5.132395833333333
DM-56-06-02-01,2026-08-29,164.583125,5.198541666666666
DM-56-06-02-01,2026-08-30,176.68229166666666,5.767812500000001
DM-56-06-02-01,2026-08-31,153.16333333333333,5.182291666666667
DM-56-06-02-01,2026-09-01,154.32802083333334,5.2878125
DM-56-06-03-01,2026-08-26,220.31427083333332,5.115
DM-56-06-03-01,2026-08-27,219.06552083333335,5.235104166666667
DM-56-06-03-01,2026-08-28,217.14499999999998,5.0828125
DM-56-06-03-01,2026-08-29,220.8428125,5.262708333333333
DM-56-06-03-01,2026-08-30,236.44041666666666,5.678333333333334
DM-56-06-03-01,2026-08-31,212.6263541666667,5.248854166666667
DM-56-06-03-01,2026-09-01,214.20208333333335,5.329791666666667
DM-56-06-03-02,2026-08-26,116.55291666666666,0.99125
DM-56-06-03-02,2026-08-27,117.205625,0.9432291666666667
DM-56-06-03-02,2026-08-28,115.14458333333333,0.8820833333333332
DM-56-06-03-02,2026-08-29,125.04177083333333,1.1044791666666667
DM-56-06-03-02,2026-08-30,123.51375,1.2625
DM-56-06-03-02,2026-08-31,117.205625,1.2596874999999998
DM-56-06-03-02,2026-09-01,115.79479166666665,1.2938541666666665
DM-56-06-04-01,2026-08-26,202.73520833333336,6.722604166666667
DM-56-06-04-01,2026-08-27,200.49333333333334,6.818020833333333
DM-56-06-04-01,2026-08-28,196.07041666666666,6.6803125
DM-56-06-04-01,2026-08-29,199.2430208333333,7.3194791666666665
DM-56-06-04-01,2026-08-30,197.87770833333332,7.330520833333334
DM-56-06-04-01,2026-08-31,188.58375,6.704166666666667
DM-56-06-04-01,2026-09-01,189.02052083333334,6.802291666666666
DM-56-06-05-01,2026-08-26,263.325,5.352604166666667
DM-56-06-05-01,2026-08-27,262.17302083333334,5.3976041666666665
DM-56-06-05-01,2026-08-28,265.11083333333335,5.387708333333333
DM-56-06-05-01,2026-08-29,270.1684375,5.968854166666667
DM-56-06-05-01,2026-08-30,268.7061458333333,5.9453125
DM-56-06-05-01,2026-08-31,252.19270833333334,5.397916666666667
DM-56-06-05-01,2026-09-01,250.07875,5.392395833333333
DM-56-06-06-01,2026-08-26,13.262291666666668,5.589791666666667
DM-56-06-06-01,2026-08-27,12.641979166666667,5.659791666666667
DM-56-06-06-01,2026-08-28,13.259166666666667,5.628125
DM-56-06-06-01,2026-08-29,16.427604166666665,6.120833333333334
DM-56-06-06-01,2026-08-30,15.665520833333334,6.125624999999999
DM-56-06-06-01,2026-08-31,11.581249999999999,5.767291666666666
DM-56-06-06-01,2026-09-01,11.241979166666667,5.77875
DM-56-07-01-01,2026-08-26,398.6951041666667,11.925937500000002
DM-56-07-01-01,2026-08-27,368.6189583333333,11.035104166666665
DM-56-07-01-01,2026-08-28,389.3573958333333,11.833020833333334
DM-56-07-01-01,2026-08-29,398.115,11.775
DM-56-07-01-01,2026-08-30,398.115,11.775
DM-56-07-01-01,2026-08-31,396.0715625,11.943958333333333
DM-56-07-01-01,2026-09-01,397.5175,12.027291666666665
DM-56-07-02-01,2026-08-26,358.71812500000004,9.392395833333333
DM-56-07-02-01,2026-08-27,362.1775,9.445208333333333
DM-56-07-02-01,2026-08-28,364.0879166666667,9.2896875
DM-56-07-02-01,2026-08-29,366.960625,9.852604166666667
DM-56-07-02-01,2026-08-30,362.2909375,9.949583333333333
DM-56-07-02-01,2026-08-31,343.07447916666666,9.124583333333334
DM-56-07-02-01,2026-09-01,346.54020833333334,9.1840625
DM-56-07-03-01,2026-08-26,340.99875000000003,12.318333333333333
DM-56-07-03-01,2026-08-27,336.8184375,12.248750000000001
DM-56-07-03-01,2026-08-28,332.4629166666667,12.169166666666667
DM-56-07-03-01,2026-08-29,361.5725,12.566458333333335
DM-56-07-03-01,2026-08-30,361.5725,12.566458333333335
DM-56-07-03-01,2026-08-31,325.14072916666663,11.834375
DM-56-07-03-01,2026-09-01,330.2998958333333,11.988854166666668
DM-56-07-04-01,2026-08-26,147.51395833333333,9.653854166666667
DM-56-07-04-01,2026-08-27,136.47895833333334,8.922291666666666
DM-56-07-04-01,2026-08-28,133.05916666666667,8.958958333333333
DM-56-07-04-01,2026-08-29,133.6028125,9.115104166666667
DM-56-07-04-01,2026-08-30,133.6028125,9.115104166666667
DM-56-07-04-01,2026-08-31,98.28687500000001,8.840104166666666
DM-56-07-04-01,2026-09-01,100.36,8.775104166666667
DM-56-07-04-02,2026-08-26,419.588125,16.012604166666666
DM-56-07-04-02,2026-08-27,414.6407291666667,15.895000000000001
DM-56-07-04-02,2026-08-28,413.65687499999996,15.656666666666666
DM-56-07-04-02,2026-08-29,443.3596875,16.426979166666666
DM-56-07-04-02,2026-08-30,443.3596875,16.426979166666666
DM-56-07-04-02,2026-08-31,392.4392708333333,15.305416666666666
DM-56-07-04-02,2026-09-01,393.13739583333336,15.576875000000001
DM-56-07-05-01,2026-08-26,270.76666666666665,13.626875
DM-56-07-05-01,2026-08-27,288.97770833333334,13.5775
DM-56-07-05-01,2026-08-28,285.5096875,13.437708333333333
DM-56-07-05-01,2026-08-29,292.4086458333333,14.065729166666666
DM-56-07-05-01,2026-08-30,290.80479166666663,14.231458333333334
DM-56-07-05-01,2026-08-31,273.22270833333334,13.0146875
DM-56-07-05-01,2026-09-01,274.9553125,13.244166666666667
DM-56-07-05-02,2026-08-26,263.53000000000003,11.686250000000001
DM-56-07-05-02,2026-08-27,260.4035416666667,11.724895833333333
DM-56-07-05-02,2026-08-28,259.0308333333333,11.586041666666667
DM-56-07-05-02,2026-08-29,264.96791666666667,12.194062500000001
DM-56-07-05-02,2026-08-30,267.4242708333333,12.229270833333333
DM-56-07-05-02,2026-08-31,251.48447916666666,11.206666666666665
DM-56-07-05-02,2026-09-01,250.37854166666668,11.401458333333332
