dma_code,date,mnf,mnf_start_interval,avg_flow,avg_pressure,n_points,is_good_day
01-01-01,2026-07-13,56.936,0,83.427,4.035,96,1
01-01-01,2026-07-14,56.303,0,89.656,4.52,84,0
01-01-01,2026-07-15,52.559,4,85.202,4.008,96,1
01-01-01,2026-07-16,53.066,5,83.822,4.187,96,1
01-01-01,2026-07-17,53.921,3,84.37,4.031,96,1
01-01-01,2026-07-18,51.602,4,82.472,3.925,96,1
01-01-01,2026-07-20,47.621,6,76.155,3.841,96,1
01-01-01,2026-07-21,46.69,6,75.214,3.876,96,1
01-01-01,2026-07-22,47.043,8,77.589,4.139,96,1
01-01-01,2026-07-23,46.575,6,78.198,4.281,96,1
01-01-01,2026-07-24,48.534,3,78.732,4.023,96,1
01-01-01,2026-07-25,47.413,8,79.446,4.073,96,1
01-01-01,2026-07-26,43.553,5,79.377,4.123,96,1
01-01-01,2026-07-27,46.216,4,79.693,4.352,96,1
01-01-01,2026-07-28,45.707,3,79.983,4.416,56,0
01-01-01,2026-07-29,45.986,6,55.775,2.743,28,0
01-01-01,2026-07-30,45.242,7,78.997,4.469,96,1
01-01-01,2026-07-31,45.886,5,75.791,4.248,96,1
01-01-01,2026-08-01,45.689,6,76.033,4.216,96,1
01-01-01,2026-08-02,43.352,5,79.284,4.152,96,1
01-01-01,2026-08-03,45.285,4,77.874,3.999,96,1
01-01-01,2026-08-04,45.731,6,77.375,3.967,96,1
01-01-01,2026-08-05,44.73,1,76.962,3.914,96,1
01-01-01,2026-08-06,46.044,5,77.648,4.154,96,1
01-01-01,2026-08-07,45.466,5,78.539,4.245,96,1
01-01-01,2026-08-08,45.23,5,80.201,4.34,96,1
01-01-01,2026-08-09,43.668,7,76.729,4.216,96,1
01-01-01,2026-08-10,44.367,5,78.618,4.202,96,1
01-01-01,2026-08-11,45.252,0,75.791,4.114,96,1
01-01-01,2026-08-12,44.138,4,78.931,4.16,96,1
01-01-01,2026-08-13,46.121,5,78.427,4.273,96,1
01-01-01,2026-08-14,44.258,5,76.141,3.963,96,1
01-01-01,2026-08-15,46.712,4,80.043,4.041,96,1
01-01-01,2026-08-16,45.095,5,77.683,3.991,96,1
01-01-01,2026-08-17,44.991,2,77.465,3.857,96,1
01-01-01,2026-08-18,46.574,8,76.809,4.21,96,1
01-01-01,2026-08-19,46.409,3,78.228,4.025,96,1
01-01-01,2026-08-20,46.36,5,78.019,4.004,96,1
01-01-01,2026-08-21,46.14,5,79.212,4.03,96,1
01-01-01,2026-08-22,46.114,5,79.851,4.229,96,1
01-01-01,2026-08-23,46.186,7,79.816,4.225,96,1
01-01-01,2026-08-24,46.096,3,79.871,4.031,96,1
01-01-01,2026-08-25,46.887,3,80.229,4.176,96,1
01-01-01,2026-08-26,46.289,4,78.882,4.035,96,1
01-01-01,2026-08-27,46.983,3,79.831,4.06,96,1
01-01-01,2026-08-28,47.39,2,79.22,3.953,96,1
01-01-01,2026-08-29,47.193,2,81.326,4.309,96,1
01-01-01,2026-08-30,45.267,5,84.131,4.388,96,1
01-01-01,2026-08-31,46.939,5,81.191,4.225,96,1
01-01-01,2026-09-01,47.446,5,79.54,4.186,96,1
01-01-01,2026-09-02,48.637,4,80.401,4.188,96,1
01-01-01,2026-09-03,47.699,2,81.704,4.028,96,1
01-01-01,2026-09-04,51.683,5,86.436,4.832,96,1
01-01-01,2026-09-05,52.551,5,88.046,4.857,96,1
01-01-01,2026-09-06,49.447,5,89.659,5.294,96,1
01-01-01,2026-09-07,58.435,5,104.311,6.52,96,1
01-01-01,2026-09-08,61.293,6,99.913,5.986,96,1
01-01-01,2026-09-09,44.169,1,89.3,4.793,96,1
01-01-02,2026-08-11,76.822,12,153.14,6.301,96,1
01-01-02,2026-08-12,81.739,12,158.64,6.382,96,1
01-01-02,2026-08-13,80.175,12,161.304,6.502,96,1
01-01-02,2026-08-14,81.149,11,161.751,6.342,96,1
01-01-02,2026-08-15,84.885,12,162.584,6.369,96,1
01-01-02,2026-08-16,84.705,12,162.585,6.363,96,1
01-01-02,2026-08-17,79.746,12,160.829,6.347,96,1
01-01-02,2026-08-18,75.025,11,162.113,6.598,96,1
01-01-02,2026-08-19,82.454,11,159.546,6.295,96,1
01-01-02,2026-08-20,84.304,12,159.66,6.302,96,1
01-01-02,2026-08-21,80.014,12,159.779,6.406,96,1
01-01-02,2026-08-22,85.064,12,163.271,6.539,96,1
01-01-02,2026-08-23,80.144,12,161.389,6.597,96,1
01-01-02,2026-08-24,78.191,6,159.599,6.489,96,1
01-01-02,2026-08-25,78.648,11,161.033,6.484,96,1
01-01-02,2026-08-26,80.289,11,160.696,6.426,96,1
01-01-02,2026-08-27,82.585,12,161.361,6.437,96,1
01-01-02,2026-08-28,79.799,12,159.163,6.383,96,1
01-01-02,2026-08-29,82.864,12,163.346,6.583,96,1
01-01-02,2026-08-30,84.808,6,162.39,6.691,96,1
01-01-02,2026-08-31,80.809,11,157.216,6.502,96,1
01-01-02,2026-09-01,81.155,11,160.038,6.49,96,1
01-01-02,2026-09-02,84.326,11,161.974,6.506,96,1
01-01-02,2026-09-03,85.154,11,157.749,6.404,96,1
01-01-02,2026-09-04,45.591,12,124.824,6.004,96,1
01-01-02,2026-09-05,47.941,12,125.743,6.033,96,1
01-01-02,2026-09-06,50.889,11,132.295,6.353,96,1
01-01-02,2026-09-07,80.475,12,157.456,6.45,96,1
01-01-02,2026-09-08,82.267,12,153.868,6.109,96,1
01-01-02,2026-09-09,42.83,12,90.604,5.287,96,1
01-01-03,2026-07-13,,,28.08,5.343,1,0
01-01-03,2026-07-16,,,45.59,5.24,1,0
01-01-03,2026-07-17,,,41.81,5.272,2,0
01-01-03,2026-07-20,,,10.53,5.64,1,0
01-01-03,2026-07-21,,,33.3,5.637,1,0
01-01-03,2026-07-27,,,35.38,4.738,2,0
01-01-03,2026-07-31,,,9.12,5.93,2,0
01-01-03,2026-08-07,,,189.0,5.627,1,0
01-01-03,2026-08-17,,,50.345,5.01,2,0
01-01-03,2026-08-19,,,52.25,5.25,1,0
01-01-03,2026-08-24,,,53.05,5.747,1,0
01-01-03,2026-08-30,,,72.42,6.053,1,0
01-01-03,2026-09-02,,,49.955,5.128,2,0
01-01-03,2026-09-08,,,42.1,5.283,1,0
01-01-04,2026-07-13,0.0,0,0.0,6.095,96,1
01-01-04,2026-07-14,0.0,0,0.0,6.22,96,1
01-01-04,2026-07-15,0.0,0,0.0,6.182,96,1
01-01-04,2026-07-16,0.0,0,0.0,6.263,96,1
01-01-04,2026-07-17,0.0,0,0.0,6.184,96,1
01-01-04,2026-07-18,0.0,0,0.0,6.112,96,1
01-01-04,2026-07-19,0.0,0,0.0,6.078,96,1
01-01-04,2026-07-20,0.0,0,0.0,6.017,96,1
01-01-04,2026-07-21,0.0,0,0.0,6.116,96,1
01-01-04,2026-07-22,0.0,0,0.0,6.163,96,1
01-01-04,2026-07-23,0.0,0,0.0,6.349,96,1
01-01-04,2026-07-24,0.0,0,0.0,6.247,96,1
01-01-04,2026-07-25,0.0,0,0.0,6.333,96,1
01-01-04,2026-07-26,0.0,0,0.0,6.334,96,1
01-01-04,2026-07-27,0.0,0,0.0,6.411,96,1
01-01-04,2026-07-28,0.0,0,0.0,6.562,96,1
01-01-04,2026-07-29,0.0,0,0.0,6.581,96,1
01-01-04,2026-07-30,0.0,0,0.0,6.45,96,1
01-01-04,2026-07-31,0.0,0,0.0,6.265,96,1
01-01-04,2026-08-01,0.0,0,0.0,6.271,96,1
01-01-04,2026-08-02,0.0,0,0.0,6.274,96,1
01-01-04,2026-08-03,0.0,0,0.0,6.157,96,1
01-01-04,2026-08-04,0.0,0,0.0,6.078,96,1
01-01-04,2026-08-05,0.0,0,0.0,6.053,96,1
01-01-04,2026-08-06,0.0,0,0.0,6.292,96,1
01-01-04,2026-08-07,0.0,0,0.0,6.406,96,1
01-01-04,2026-08-08,0.0,0,0.0,6.484,96,1
01-01-04,2026-08-09,0.0,0,0.0,6.359,96,1
01-01-04,2026-08-10,0.0,0,0.0,6.299,96,1
01-01-04,2026-08-11,0.0,0,0.0,6.272,96,1
01-01-04,2026-08-12,0.0,0,0.0,6.296,96,1
01-01-04,2026-08-13,0.0,0,0.0,6.351,96,1
01-01-04,2026-08-14,0.0,0,0.0,6.266,96,1
01-01-04,2026-08-15,0.0,0,0.0,6.304,96,1
01-01-04,2026-08-16,0.0,0,0.0,6.292,96,1
01-01-04,2026-08-17,0.0,0,0.0,6.246,96,1
01-01-04,2026-08-18,0.0,0,0.0,6.504,96,1
01-01-04,2026-08-19,0.0,0,0.0,6.225,96,1
01-01-04,2026-08-20,0.0,0,0.0,6.208,96,1
01-01-04,2026-08-21,0.0,0,0.0,6.272,96,1
01-01-04,2026-08-22,0.0,0,0.0,6.399,96,1
01-01-04,2026-08-23,0.0,0,0.0,6.478,96,1
01-01-04,2026-08-24,0.0,0,0.0,6.343,96,1
01-01-04,2026-08-25,0.0,0,0.0,6.395,96,1
01-01-04,2026-08-26,0.0,0,0.0,6.296,96,1
01-01-04,2026-08-27,0.0,0,0.0,6.26,96,1
01-01-04,2026-08-28,0.0,0,0.0,6.224,96,1
01-01-04,2026-08-29,0.0,0,0.0,6.443,96,1
01-01-04,2026-08-30,0.0,0,0.0,6.526,96,1
01-01-04,2026-08-31,0.0,0,0.0,6.37,96,1
01-01-04,2026-09-01,0.0,0,0.0,6.328,96,1
01-01-04,2026-09-02,0.0,0,0.0,5.993,56,0
01-01-04,2026-09-03,0.0,0,0.0,6.105,71,0
01-01-04,2026-09-04,0.0,7,0.0,6.417,56,0
01-01-04,2026-09-05,0.0,0,0.0,6.321,96,1
01-01-04,2026-09-06,0.0,0,0.0,6.531,96,1
01-01-04,2026-09-08,0.0,0,0.0,6.223,96,1
01-01-04,2026-09-09,0.0,0,0.0,5.898,76,0
01-01-05,2026-07-13,110.504,7,176.48,5.536,96,1
01-01-05,2026-07-14,113.591,8,179.263,5.692,96,1
01-01-05,2026-07-15,114.204,8,175.588,5.654,96,1
01-01-05,2026-07-16,115.141,7,184.106,5.701,96,1
01-01-05,2026-07-17,115.011,5,173.408,5.639,96,1
01-01-05,2026-07-18,110.57,8,177.897,5.629,96,1
01-01-05,2026-07-19,106.549,8,176.131,5.594,96,1
01-01-05,2026-07-20,114.901,9,172.019,5.508,96,1
01-01-05,2026-07-21,115.401,7,174.365,5.593,96,1
01-01-05,2026-07-22,120.356,8,178.553,5.677,96,1
01-01-05,2026-07-23,122.827,9,178.29,5.742,96,1
01-01-05,2026-07-24,117.849,9,179.885,5.66,96,1
01-01-05,2026-07-25,113.769,8,179.194,5.767,96,1
01-01-05,2026-07-26,108.843,9,176.713,5.766,96,1
01-01-05,2026-07-27,115.122,9,172.931,5.816,96,1
01-01-05,2026-08-11,109.796,8,167.638,5.692,96,1
01-01-05,2026-08-12,103.289,8,171.036,5.749,96,1
01-01-05,2026-08-13,109.66,8,171.092,5.798,96,1
01-01-05,2026-08-14,107.479,7,170.363,5.726,96,1
01-01-05,2026-08-15,105.849,9,171.651,5.773,96,1
01-01-05,2026-08-16,102.246,8,171.014,5.778,96,1
01-01-05,2026-08-17,108.086,8,170.872,5.72,96,1
01-01-05,2026-08-18,109.268,10,172.659,5.959,96,1
01-01-05,2026-08-20,,,176.373,6.432,39,0
01-01-05,2026-08-21,119.127,10,168.004,5.758,96,1
01-01-05,2026-08-22,105.104,8,170.008,5.889,96,1
01-01-05,2026-08-23,101.46,9,169.103,5.976,96,1
01-01-05,2026-08-24,105.005,7,167.274,5.826,96,1
01-01-05,2026-08-25,107.263,9,170.275,5.859,96,1
01-01-05,2026-08-26,109.49,8,170.057,5.795,96,1
01-01-05,2026-08-27,108.711,7,169.212,5.758,96,1
01-01-05,2026-08-28,105.306,7,168.499,5.716,96,1
01-01-05,2026-08-29,105.925,10,170.988,5.934,96,1
01-01-05,2026-08-30,101.888,8,171.206,6.029,96,1
01-01-05,2026-08-31,102.616,8,165.439,5.848,96,1
01-01-05,2026-09-01,113.629,10,168.168,5.806,96,1
01-01-05,2026-09-02,105.96,7,173.089,5.847,96,1
01-01-05,2026-09-03,102.585,6,170.541,5.758,96,1
01-01-05,2026-09-04,107.996,8,172.783,5.813,96,1
01-01-05,2026-09-05,112.402,3,176.979,5.86,96,1
01-01-05,2026-09-06,106.57,8,175.108,6.055,96,1
01-01-05,2026-09-07,108.521,0,245.117,5.859,96,1
01-01-05,2026-09-08,300.485,9,361.146,5.717,96,1
01-01-05,2026-09-09,301.049,7,323.511,5.45,96,1
01-01-06,2026-07-13,,,133.58,3.46,1,0
01-01-06,2026-07-16,,,117.47,3.145,1,0
01-01-06,2026-07-17,,,135.85,3.295,2,0
01-01-06,2026-07-20,,,170.73,3.845,1,0
01-01-06,2026-07-21,,,173.9,3.82,1,0
01-01-06,2026-07-27,,,113.56,2.91,2,0
01-01-06,2026-07-31,,,163.415,4.085,2,0
01-01-06,2026-08-07,,,331.82,3.015,1,0
01-01-06,2026-08-13,,,138.5,4.175,1,0
01-01-06,2026-08-17,,,113.655,3.24,2,0
01-01-06,2026-08-19,,,126.24,3.515,1,0
01-01-06,2026-08-21,,,151.38,4.04,1,0
01-01-06,2026-08-24,,,151.1,4.17,1,0
01-01-06,2026-08-30,,,156.67,4.3,1,0
01-01-06,2026-09-02,,,126.87,3.272,2,0
01-01-06,2026-09-08,,,135.54,3.45,1,0
01-02-01,2026-07-13,9.34,5,65.187,3.861,96,1
01-02-01,2026-07-14,-23.094,2,43.971,4.17,68,0
01-02-01,2026-07-15,39.667,11,71.822,3.905,96,1
01-02-01,2026-07-16,38.376,7,61.195,3.972,85,0
01-02-01,2026-07-17,36.494,5,48.369,2.831,28,0
01-02-01,2026-07-18,44.054,0,74.089,3.7,96,1
01-02-01,2026-07-19,47.972,9,80.086,3.701,96,1
01-02-01,2026-07-20,47.545,8,73.108,3.76,96,1
01-02-01,2026-07-21,42.792,12,58.311,3.446,47,0
01-02-01,2026-07-22,-19.83,1,44.27,3.251,41,0
01-02-01,2026-07-23,14.294,0,65.23,4.188,82,0
01-02-01,2026-07-24,34.505,12,42.636,3.68,54,0
01-02-01,2026-07-25,,,-34.807,3.689,14,0
01-02-01,2026-07-26,,,-24.8,3.193,2,0
01-02-01,2026-07-27,,,-23.254,4.234,7,0
01-02-01,2026-07-28,,,-35.891,5.106,10,0
01-02-01,2026-07-29,,,-19.485,3.067,2,0
01-02-01,2026-07-30,,,-20.56,4.874,12,0
01-02-01,2026-07-31,,,-31.717,4.453,45,0
01-02-01,2026-08-01,-12.53,0,-27.597,4.042,96,1
01-02-01,2026-08-02,-9.881,0,-27.569,3.937,96,1
01-02-01,2026-08-03,-6.18,0,-22.172,3.864,96,1
01-02-01,2026-08-04,-5.938,0,-19.591,3.792,96,1
01-02-01,2026-08-05,-11.322,0,-22.535,3.754,96,1
01-02-01,2026-08-06,-6.981,12,-24.696,4.045,96,1
01-02-01,2026-08-07,-9.041,12,-26.723,4.164,96,1
01-02-01,2026-08-08,-12.738,0,-29.791,4.208,96,1
01-02-01,2026-08-09,-10.704,12,-30.373,4.079,96,1
01-02-01,2026-08-10,-8.043,12,-26.244,4.114,96,1
01-02-01,2026-08-11,-7.522,12,-23.911,4.021,96,1
01-02-01,2026-08-12,-10.053,0,-31.494,4.026,96,1
01-02-01,2026-08-13,-10.343,12,-28.991,4.177,96,1
01-02-01,2026-08-14,-8.314,12,-25.691,3.866,96,1
01-02-01,2026-08-15,-10.624,0,-28.353,3.908,96,1
01-02-01,2026-08-16,-12.406,0,-31.925,3.799,96,1
01-02-01,2026-08-17,-11.7,0,-30.559,3.686,96,1
01-02-01,2026-08-18,-25.839,0,-54.516,3.813,96,1
01-02-01,2026-08-19,-13.526,12,-26.555,3.878,96,1
01-02-01,2026-08-20,-6.682,12,-21.889,3.89,96,1
01-02-01,2026-08-21,-6.556,12,-50.761,3.574,96,1
01-02-01,2026-08-22,-14.377,0,-29.196,4.042,96,1
01-02-01,2026-08-23,-7.768,12,-31.753,4.008,96,1
01-02-01,2026-08-24,-19.864,12,-34.316,3.823,96,1
01-02-01,2026-08-25,-15.361,12,-58.84,3.566,96,1
01-02-01,2026-08-26,11.429,12,32.192,3.704,96,1
01-02-01,2026-08-27,16.168,12,36.676,3.738,96,1
01-02-01,2026-08-28,15.456,0,42.34,3.72,96,1
01-02-01,2026-08-29,20.947,12,46.242,4.073,96,1
01-02-01,2026-08-30,24.859,12,46.92,4.217,96,1
01-02-01,2026-08-31,30.244,12,34.347,3.935,96,1
01-02-01,2026-09-01,15.464,12,68.324,3.466,96,1
01-02-01,2026-09-02,198.146,9,188.559,3.656,96,1
01-02-01,2026-09-03,205.236,12,208.846,3.455,61,0
01-02-01,2026-09-04,87.534,3,194.636,3.916,93,1
01-02-01,2026-09-05,100.455,9,199.633,3.82,96,1
01-02-01,2026-09-06,100.433,8,198.925,4.09,96,1
01-02-01,2026-09-07,103.59,8,192.632,3.828,96,1
01-02-01,2026-09-08,98.062,6,190.257,3.679,96,1
01-02-01,2026-09-09,102.046,8,202.036,4.134,96,1
01-02-02,2026-07-13,252.399,0,358.289,3.333,96,1
01-02-02,2026-07-14,261.246,0,359.327,3.699,68,0
01-02-02,2026-07-15,211.397,8,370.534,3.356,96,1
01-02-02,2026-07-16,236.72,9,386.462,3.38,85,0
01-02-02,2026-07-17,250.1,9,301.762,2.241,28,0
01-02-02,2026-07-18,238.415,9,393.724,3.15,96,1
01-02-02,2026-07-19,211.662,11,364.462,3.213,96,1
01-02-02,2026-07-20,196.831,7,351.242,3.262,96,1
01-02-02,2026-07-21,207.95,9,339.653,2.887,47,0
01-02-02,2026-07-22,156.394,0,314.93,3.04,41,0
01-02-02,2026-07-23,76.124,0,339.032,3.94,82,0
01-02-02,2026-07-24,213.572,8,361.346,3.751,96,1
01-02-02,2026-07-25,206.946,10,372.487,3.681,96,1
01-02-02,2026-07-26,199.624,10,367.14,3.75,96,1
01-02-02,2026-07-27,208.134,9,359.916,4.098,96,1
01-02-02,2026-07-28,195.118,9,358.749,4.359,96,1
01-02-02,2026-07-29,196.502,9,357.848,4.343,96,1
01-02-02,2026-07-30,196.207,8,347.459,4.281,96,1
01-02-02,2026-07-31,188.414,8,342.873,4.071,96,1
01-02-02,2026-08-01,200.174,9,355.677,3.958,96,1
01-02-02,2026-08-02,206.254,8,362.675,3.803,96,1
01-02-02,2026-08-03,202.461,9,350.166,3.757,96,1
01-02-02,2026-08-04,205.824,8,358.364,3.594,96,1
01-02-02,2026-08-05,230.201,1,358.578,3.594,96,1
01-02-02,2026-08-06,206.385,7,325.741,3.342,41,0
01-02-02,2026-08-07,,,397.77,5.595,1,0
01-02-02,2026-08-11,,,373.412,2.764,56,0
01-02-02,2026-08-12,208.976,8,367.414,2.97,96,1
01-02-02,2026-08-13,206.139,7,356.122,3.808,96,1
01-02-02,2026-08-14,207.676,8,353.966,3.717,96,1
01-02-02,2026-08-15,200.159,8,362.493,3.738,96,1
01-02-02,2026-08-16,206.41,9,373.758,3.601,96,1
01-02-02,2026-08-17,203.566,8,371.107,3.503,96,1
01-02-02,2026-08-18,225.026,9,356.412,3.236,96,1
01-02-02,2026-08-19,211.677,7,358.288,3.729,96,1
01-02-02,2026-08-20,200.389,9,348.162,3.73,96,1
01-02-02,2026-08-21,205.097,8,316.635,3.203,96,1
01-02-02,2026-08-22,200.006,8,357.456,3.925,96,1
01-02-02,2026-08-23,204.005,8,371.723,3.836,96,1
01-02-02,2026-08-24,228.02,8,378.335,3.648,96,1
01-02-02,2026-08-25,207.271,8,323.539,3.531,96,1
01-02-02,2026-08-26,193.361,8,339.133,3.682,96,1
01-02-02,2026-08-27,189.638,8,337.165,3.712,96,1
01-02-02,2026-08-28,188.225,6,340.681,3.648,96,1
01-02-02,2026-08-29,188.567,8,355.267,3.951,96,1
01-02-02,2026-08-30,190.196,8,360.416,4.06,96,1
01-02-02,2026-08-31,194.329,7,338.555,3.857,96,1
01-02-02,2026-09-01,190.559,8,330.362,3.672,96,1
01-02-02,2026-09-02,204.847,9,333.579,3.575,96,1
01-02-02,2026-09-03,187.192,9,325.085,3.469,96,1
01-02-02,2026-09-04,186.746,8,327.025,3.824,96,1
01-02-02,2026-09-05,187.368,9,334.418,3.821,96,1
01-02-02,2026-09-06,186.585,9,342.614,4.064,96,1
01-02-02,2026-09-07,183.5,9,325.816,3.831,96,1
01-02-02,2026-09-08,185.066,8,318.88,3.689,96,1
01-02-02,2026-09-09,191.321,7,337.065,4.125,96,1
01-02-03,2026-07-25,48.679,9,101.681,6.293,86,0
01-02-03,2026-07-26,47.105,9,99.93,6.345,96,1
01-02-03,2026-07-27,47.194,7,96.753,6.375,96,1
01-02-03,2026-07-28,50.024,9,86.937,5.763,48,0
01-02-03,2026-07-29,51.19,8,97.705,6.527,96,1
01-02-03,2026-07-30,48.056,8,97.984,6.444,96,1
01-02-03,2026-07-31,51.894,8,96.746,6.244,96,1
01-02-03,2026-08-01,52.35,10,99.321,6.28,96,1
01-02-03,2026-08-02,54.393,10,103.628,6.293,96,1
01-02-03,2026-08-03,56.194,9,59.532,3.345,17,0
01-02-03,2026-08-04,49.755,5,99.656,6.103,96,1
01-02-03,2026-08-05,49.25,4,96.409,6.083,96,1
01-02-03,2026-08-06,48.189,9,97.069,6.31,96,1
01-02-03,2026-08-07,50.398,8,90.417,5.894,60,0
01-02-03,2026-08-28,53.129,3,56.18,3.294,11,0
01-02-03,2026-08-29,51.321,9,92.72,6.514,96,1
01-02-03,2026-08-30,52.666,9,107.711,6.613,96,1
01-02-03,2026-08-31,51.655,4,97.384,6.42,96,1
01-02-03,2026-09-01,47.024,9,95.629,6.408,96,1
01-02-03,2026-09-02,49.439,9,98.637,6.453,96,1
01-02-03,2026-09-03,47.296,8,98.051,6.354,96,1
01-02-03,2026-09-04,49.724,8,98.088,6.428,96,1
01-02-03,2026-09-05,53.105,8,102.924,6.431,96,1
01-02-03,2026-09-06,53.356,10,105.884,6.692,96,1
01-02-03,2026-09-07,53.403,9,100.455,6.474,96,1
01-02-03,2026-09-08,49.456,9,98.071,6.335,96,1
01-02-03,2026-09-09,49.741,10,96.768,6.029,96,1
01-02-04,2026-07-13,,,162.367,5.909,23,0
01-02-04,2026-07-14,,,154.849,5.986,24,0
01-02-04,2026-07-15,82.096,9,163.337,4.137,74,0
01-02-04,2026-07-16,78.09,8,145.287,4.527,70,0
01-02-04,2026-07-17,84.629,9,153.661,4.25,77,0
01-02-04,2026-07-20,,,173.27,4.12,1,0
01-02-04,2026-07-21,,,163.28,4.125,1,0
01-02-04,2026-07-27,,,141.475,3.85,2,0
01-02-04,2026-07-31,,,175.25,4.16,2,0
01-02-04,2026-08-07,,,168.84,7.465,1,0
01-02-04,2026-08-13,,,169.16,7.275,1,0
01-02-04,2026-08-17,,,147.045,5.933,2,0
01-02-04,2026-08-19,,,159.33,6.465,1,0
01-02-04,2026-08-21,,,151.031,6.387,55,0
01-02-04,2026-08-22,80.582,10,144.275,5.859,96,1
01-02-04,2026-08-23,78.156,5,123.788,5.29,53,0
01-02-04,2026-08-24,,,149.287,6.44,60,0
01-02-04,2026-08-25,77.751,8,136.853,5.972,96,1
01-02-04,2026-08-26,80.431,4,141.593,6.427,96,1
01-02-04,2026-08-27,82.509,7,137.188,6.399,96,1
01-02-04,2026-08-28,78.019,6,137.758,5.939,96,1
01-02-04,2026-08-29,76.74,8,135.866,5.502,54,0
01-02-04,2026-08-30,,,154.059,6.461,57,0
01-02-04,2026-08-31,78.484,7,134.875,6.02,96,1
01-02-04,2026-09-04,84.804,9,136.102,6.002,96,1
01-02-04,2026-09-05,74.207,9,136.501,5.702,96,1
01-02-04,2026-09-06,64.751,6,136.913,5.905,96,1
01-02-04,2026-09-07,72.575,6,130.628,5.854,95,1
01-02-04,2026-09-08,71.757,9,135.26,6.031,96,1
01-02-04,2026-09-09,79.513,7,139.307,5.781,96,1
01-02-05,2026-07-13,106.047,0,96.668,5.193,96,1
01-02-05,2026-07-14,107.388,0,108.276,6.037,77,0
01-02-05,2026-07-15,59.16,9,98.347,5.284,96,1
01-02-05,2026-07-16,57.7,4,95.622,5.34,96,1
01-02-05,2026-07-17,58.54,8,96.255,5.265,96,1
01-02-05,2026-07-18,56.8,9,101.782,5.262,96,1
01-02-05,2026-07-19,58.791,10,102.273,5.233,96,1
01-02-05,2026-07-20,55.498,8,95.55,5.165,96,1
01-02-05,2026-07-21,53.476,7,94.33,5.24,96,1
01-02-05,2026-07-22,53.546,7,92.836,5.321,96,1
01-02-05,2026-07-23,52.57,6,93.73,5.372,96,1
01-02-05,2026-07-24,56.179,8,94.684,5.309,96,1
01-02-05,2026-07-25,55.679,10,97.477,5.398,96,1
01-02-05,2026-07-26,53.859,6,97.579,5.396,96,1
01-02-05,2026-07-27,54.549,7,94.234,5.435,96,1
01-02-05,2026-07-28,54.633,8,94.629,5.543,96,1
01-02-05,2026-07-29,54.939,9,94.794,5.551,96,1
01-02-05,2026-07-30,55.464,8,94.38,5.48,96,1
01-02-05,2026-07-31,58.163,5,94.539,5.33,96,1
01-02-05,2026-08-01,54.642,5,95.652,5.339,96,1
01-02-05,2026-08-02,56.359,9,99.31,5.363,96,1
01-02-05,2026-08-03,53.872,8,95.954,5.282,96,1
01-02-05,2026-08-04,55.301,8,95.116,5.153,96,1
01-02-05,2026-08-05,54.645,2,93.551,5.106,96,1
01-02-05,2026-08-06,55.734,6,94.639,5.331,96,1
01-02-05,2026-08-07,56.888,8,95.518,5.428,96,1
01-02-05,2026-08-08,55.014,8,99.167,5.498,96,1
01-02-05,2026-08-09,56.31,7,98.546,5.437,96,1
01-02-05,2026-08-10,55.426,7,94.58,5.352,96,1
01-02-05,2026-08-11,54.659,6,94.358,5.297,96,1
01-02-05,2026-08-12,55.216,4,98.609,5.352,96,1
01-02-05,2026-08-13,55.711,7,96.111,5.401,96,1
01-02-05,2026-08-14,53.804,7,94.654,5.341,96,1
01-02-05,2026-08-15,52.972,7,97.131,5.378,96,1
01-02-05,2026-08-16,53.417,6,99.022,5.391,96,1
01-02-05,2026-08-17,54.265,8,94.951,5.356,96,1
01-02-05,2026-08-18,54.686,8,95.366,5.547,96,1
01-02-05,2026-08-19,54.572,5,94.253,5.327,96,1
01-02-05,2026-08-20,54.475,6,90.71,5.306,96,1
01-02-05,2026-08-21,51.67,6,90.31,5.384,96,1
01-02-05,2026-08-22,51.194,6,93.719,5.496,96,1
01-02-05,2026-08-23,55.129,8,94.603,5.578,96,1
01-02-05,2026-08-24,53.13,5,92.654,5.442,96,1
01-02-05,2026-08-25,51.849,6,92.124,5.476,96,1
01-02-05,2026-08-26,49.964,2,90.69,5.419,96,1
01-02-05,2026-08-27,49.389,6,89.042,5.389,96,1
01-02-05,2026-08-28,50.332,7,89.96,5.343,96,1
01-02-05,2026-08-29,50.438,6,93.048,5.529,96,1
01-02-05,2026-08-30,53.358,3,94.683,5.63,96,1
01-02-05,2026-08-31,48.332,6,88.457,5.456,96,1
01-02-05,2026-09-01,51.829,5,89.665,5.414,96,1
01-02-05,2026-09-02,49.631,5,92.074,5.449,96,1
01-02-05,2026-09-03,49.545,5,91.873,5.366,96,1
01-02-05,2026-09-04,52.525,6,91.409,5.432,96,1
01-02-05,2026-09-05,52.627,7,95.537,5.48,96,1
01-02-05,2026-09-06,53.176,8,96.667,5.648,96,1
01-02-05,2026-09-07,51.634,7,91.644,5.463,96,1
01-02-05,2026-09-08,50.597,8,91.126,5.327,96,1
01-02-05,2026-09-09,49.762,6,91.111,5.075,96,1
01-03-06,2026-08-11,70.669,1,156.683,4.184,96,1
01-03-06,2026-08-12,63.002,1,159.138,4.195,96,1
01-03-06,2026-08-13,70.43,1,161.366,4.317,82,0
01-03-06,2026-08-14,64.617,1,156.182,3.932,96,1
01-03-06,2026-08-15,60.213,0,161.604,4.016,96,1
01-03-06,2026-08-16,62.316,0,158.672,3.972,96,1
01-03-06,2026-08-17,61.854,1,159.688,3.854,96,1
01-03-06,2026-08-18,79.871,10,164.198,4.406,96,1
01-03-06,2026-08-19,68.74,1,159.378,4.052,96,1
01-03-06,2026-08-20,72.911,0,161.038,4.123,96,1
01-03-06,2026-08-21,72.108,0,160.995,4.086,96,1
01-03-06,2026-08-22,61.309,1,162.033,4.236,96,1
01-03-06,2026-08-23,65.596,0,165.372,4.274,93,1
01-03-06,2026-08-24,71.181,1,163.096,4.068,96,1
01-03-06,2026-08-25,69.377,0,209.336,4.189,96,1
01-03-06,2026-08-26,108.875,0,263.949,4.042,96,1
01-03-06,2026-08-27,103.414,0,257.397,3.736,96,1
01-03-06,2026-08-28,104.089,0,259.194,3.939,96,1
01-03-06,2026-08-29,103.395,0,261.953,4.312,96,1
01-03-06,2026-08-30,100.869,1,262.848,4.467,91,1
01-03-06,2026-08-31,105.373,0,259.97,4.274,96,1
01-03-06,2026-09-01,100.231,0,264.43,4.163,96,1
01-03-06,2026-09-02,110.069,0,269.002,4.196,96,1
01-03-06,2026-09-03,111.2,0,261.68,3.877,96,1
01-03-06,2026-09-04,138.521,0,277.661,4.342,96,1
01-03-06,2026-09-05,122.624,0,271.699,4.22,96,1
01-03-06,2026-09-06,121.241,0,271.559,4.479,94,1
01-03-06,2026-09-07,116.634,0,260.622,4.106,96,1
01-03-06,2026-09-08,117.901,0,257.1,3.901,82,0
01-03-06,2026-09-09,117.672,0,268.626,4.133,89,1
01-04-05,2026-07-13,109.812,0,381.396,3.029,96,1
01-04-05,2026-07-14,112.558,0,375.776,3.232,96,1
01-04-05,2026-07-15,142.45,0,174.044,1.127,16,0
01-04-05,2026-07-16,141.403,0,379.409,3.322,96,1
01-04-05,2026-07-17,155.172,1,385.489,3.205,96,1
01-04-05,2026-07-18,70.646,1,375.184,2.794,96,1
01-04-05,2026-07-19,90.511,0,370.398,2.735,96,1
01-04-05,2026-07-20,124.83,0,377.893,2.827,96,1
01-04-05,2026-07-21,102.284,1,370.681,2.862,96,1
01-04-05,2026-07-22,113.989,1,374.501,3.193,96,1
01-04-05,2026-07-23,137.675,1,386.237,3.418,96,1
01-04-05,2026-08-11,190.843,1,418.166,3.035,96,1
01-04-05,2026-08-12,173.505,1,432.19,2.996,96,1
01-04-05,2026-08-13,194.826,1,432.49,3.143,96,1
01-04-05,2026-08-14,185.218,1,423.086,2.635,96,1
01-04-05,2026-08-15,166.267,1,427.162,2.751,96,1
01-04-05,2026-08-16,168.336,1,431.278,2.677,96,1
01-04-05,2026-08-17,165.865,0,428.371,2.553,96,1
01-04-05,2026-08-18,241.484,10,438.867,3.119,96,1
01-04-05,2026-08-19,180.002,1,415.124,2.819,96,1
01-04-05,2026-08-20,190.16,1,414.713,2.831,96,1
01-04-05,2026-08-21,199.181,0,428.82,2.822,96,1
01-04-05,2026-08-22,161.672,1,432.932,2.916,96,1
01-04-05,2026-08-23,174.825,1,431.678,3.019,96,1
01-04-05,2026-08-24,185.379,1,425.39,2.85,96,1
01-04-05,2026-08-25,179.554,0,417.612,2.962,96,1
01-04-05,2026-08-26,133.89,1,424.619,2.773,96,1
01-04-05,2026-08-27,187.714,0,422.39,2.82,96,1
01-04-05,2026-08-28,177.724,0,413.822,2.713,96,1
01-04-05,2026-08-29,167.671,1,437.897,3.049,96,1
01-04-05,2026-08-30,190.159,1,440.948,3.219,96,1
01-04-05,2026-08-31,184.115,0,421.54,3.117,96,1
01-04-05,2026-09-01,164.81,0,426.452,2.966,96,1
01-04-05,2026-09-02,194.459,1,437.846,2.975,96,1
01-04-05,2026-09-03,188.599,0,417.917,2.806,96,1
01-04-05,2026-09-04,243.11,0,436.072,3.165,96,1
01-04-05,2026-09-05,213.681,0,440.37,3.108,96,1
01-04-05,2026-09-06,214.332,1,439.762,3.475,96,1
01-04-05,2026-09-07,203.656,0,435.552,3.078,96,1
01-04-05,2026-09-08,218.92,0,431.899,2.869,96,1
01-04-05,2026-09-09,209.899,3,439.005,3.101,96,1
01-04-07,2026-07-13,82.825,0,229.439,3.871,96,1
01-04-07,2026-07-14,71.235,0,226.649,4.075,96,1
01-04-07,2026-07-15,97.339,1,229.52,3.942,96,1
01-04-07,2026-07-16,91.297,0,227.119,4.118,96,1
01-04-07,2026-08-11,17.366,1,196.155,3.991,96,1
01-04-07,2026-08-12,10.431,4,199.931,3.959,96,1
01-04-07,2026-08-13,23.822,0,200.871,4.134,96,1
01-04-07,2026-08-14,16.909,1,189.721,3.746,96,1
01-04-07,2026-08-15,5.054,8,198.49,3.753,96,1
01-04-07,2026-08-16,9.684,9,194.657,3.737,96,1
01-04-07,2026-08-17,6.44,1,188.532,3.613,96,1
01-04-07,2026-08-18,22.245,10,204.249,4.15,96,1
01-04-07,2026-08-19,14.119,0,195.817,3.803,96,1
01-04-07,2026-08-20,21.226,0,191.258,3.855,96,1
01-04-07,2026-08-21,19.422,0,192.122,3.875,96,1
01-04-07,2026-08-22,12.809,5,204.477,3.911,96,1
01-04-07,2026-08-23,7.768,3,204.276,3.994,96,1
01-04-07,2026-08-24,19.025,0,199.591,3.861,96,1
01-04-07,2026-08-25,10.158,0,196.352,3.999,96,1
01-04-07,2026-08-26,13.64,0,201.548,3.787,96,1
01-04-07,2026-08-27,14.296,0,199.848,3.817,96,1
01-04-07,2026-08-28,13.891,0,195.232,3.725,96,1
01-04-07,2026-08-29,8.088,4,208.901,4.0,96,1
01-04-07,2026-08-30,9.872,1,207.832,4.157,96,1
01-04-07,2026-08-31,20.411,0,233.906,3.86,96,1
01-04-07,2026-09-01,89.812,0,252.404,3.703,96,1
01-04-07,2026-09-02,99.031,0,258.31,3.716,96,1
01-04-07,2026-09-03,99.069,0,244.753,3.617,96,1
01-04-07,2026-09-04,75.615,9,218.462,4.171,96,1
01-04-07,2026-09-05,59.114,0,216.467,4.135,96,1
01-04-07,2026-09-06,81.12,0,234.315,4.382,96,1
01-04-07,2026-09-07,66.521,10,223.22,4.008,96,1
01-04-07,2026-09-08,54.651,0,214.631,3.852,96,1
01-04-07,2026-09-09,30.033,10,222.609,4.043,96,1
01-09-01,2026-07-13,193.039,6,273.434,5.888,96,1
01-09-01,2026-07-14,171.011,8,273.136,6.014,96,1
01-09-01,2026-07-15,182.066,9,276.211,6.048,96,1
01-09-01,2026-07-16,175.261,3,262.666,5.75,96,1
01-09-01,2026-07-17,152.044,4,275.127,6.042,96,1
01-09-01,2026-07-18,182.773,0,279.661,6.011,96,1
01-09-01,2026-07-19,173.571,9,280.45,6.006,96,1
01-09-01,2026-07-20,175.575,9,280.427,5.998,96,1
01-09-01,2026-07-21,173.74,7,281.461,5.946,96,1
01-09-01,2026-07-22,179.456,8,286.004,5.941,96,1
01-09-01,2026-07-23,305.145,5,306.358,3.873,96,1
01-09-01,2026-07-24,0.499,11,262.125,5.016,96,1
01-09-01,2026-07-25,171.453,8,281.33,6.007,96,1
01-09-01,2026-07-26,174.888,9,280.376,6.022,96,1
01-09-01,2026-07-27,183.983,8,282.115,6.128,96,1
01-09-01,2026-07-28,179.077,10,271.496,6.277,96,1
01-09-01,2026-07-29,184.925,0,269.525,6.29,96,1
01-09-01,2026-07-30,167.42,6,269.605,6.198,96,1
01-09-01,2026-07-31,172.847,7,272.449,6.089,96,1
01-09-01,2026-08-01,164.024,6,271.88,6.052,96,1
01-09-01,2026-08-02,170.899,8,275.167,6.038,96,1
01-09-01,2026-08-03,188.039,9,276.499,5.984,96,1
01-09-01,2026-08-04,174.554,8,273.933,5.913,96,1
01-09-01,2026-08-05,156.881,0,268.093,5.738,96,1
01-09-01,2026-08-06,169.576,7,273.535,6.084,96,1
01-09-01,2026-08-07,173.631,3,274.057,6.193,96,1
01-09-01,2026-08-08,172.738,0,262.81,6.313,96,1
01-09-01,2026-08-09,157.164,2,254.403,6.237,96,1
01-09-01,2026-08-10,157.329,5,251.881,6.149,96,1
01-09-01,2026-08-11,165.704,9,255.808,6.12,96,1
01-09-01,2026-08-12,160.067,8,259.026,6.11,96,1
01-09-01,2026-08-13,160.241,9,256.875,6.168,96,1
01-09-01,2026-08-14,154.449,8,255.915,6.156,96,1
01-09-01,2026-08-15,151.406,8,255.52,6.185,96,1
01-09-01,2026-08-16,150.034,8,253.979,6.187,96,1
01-09-01,2026-08-17,149.66,8,252.991,6.113,96,1
01-09-01,2026-08-18,166.786,9,257.299,6.281,96,1
01-09-01,2026-08-19,156.362,9,255.111,6.109,96,1
01-09-01,2026-08-20,151.336,5,251.661,6.123,96,1
01-09-01,2026-08-21,168.079,9,256.861,6.194,96,1
01-09-01,2026-08-23,165.43,0,259.493,6.323,96,1
01-09-01,2026-08-24,160.197,3,263.026,6.191,96,1
01-09-01,2026-08-25,167.909,0,265.798,6.247,96,1
01-09-01,2026-08-26,152.562,6,255.754,6.226,96,1
01-09-01,2026-08-27,151.918,9,250.948,6.233,96,1
01-09-01,2026-08-28,160.778,8,254.684,6.144,96,1
01-09-01,2026-08-29,146.653,8,246.395,6.307,96,1
01-09-01,2026-08-30,144.945,5,250.204,6.373,96,1
01-09-01,2026-08-31,148.044,7,259.036,6.269,96,1
01-09-01,2026-09-01,176.827,9,219.556,4.845,96,1
01-09-01,2026-09-02,143.505,0,260.785,6.161,96,1
01-09-01,2026-09-03,169.536,5,252.315,6.158,96,1
01-09-01,2026-09-04,138.436,8,239.492,6.207,95,1
01-09-01,2026-09-05,153.87,11,243.967,6.247,96,1
01-09-01,2026-09-06,142.431,8,238.593,6.399,96,1
01-09-01,2026-09-07,137.499,5,245.169,6.214,96,1
01-09-01,2026-09-08,157.77,6,256.046,6.079,96,1
01-09-01,2026-09-09,148.281,8,242.818,5.891,96,1
01-09-02,2026-07-13,106.896,0,135.464,5.909,96,1
01-09-02,2026-07-14,110.562,0,145.986,6.319,79,0
01-09-02,2026-07-15,74.644,7,138.508,6.097,96,1
01-09-02,2026-07-16,72.524,8,133.527,5.777,96,1
01-09-02,2026-07-17,,,100.142,3.91,4,0
01-09-02,2026-07-18,68.599,8,145.277,6.068,96,1
01-09-02,2026-07-19,71.963,9,145.757,6.063,96,1
01-09-02,2026-07-20,76.343,8,139.179,6.058,96,1
01-09-02,2026-07-21,77.849,9,138.018,6.013,96,1
01-09-02,2026-07-22,73.693,9,137.032,6.021,96,1
01-09-02,2026-07-23,68.421,8,136.396,6.055,96,1
01-09-02,2026-07-24,75.542,8,140.873,6.012,96,1
01-09-02,2026-07-25,73.156,8,138.327,5.708,64,0
01-09-02,2026-07-26,72.552,7,143.672,6.087,96,1
01-09-02,2026-07-27,73.587,9,136.471,6.201,96,1
01-09-02,2026-07-28,66.864,9,135.462,6.331,96,1
01-09-02,2026-07-29,71.102,9,135.394,6.346,96,1
01-09-02,2026-07-30,67.936,5,134.495,6.249,96,1
01-09-02,2026-07-31,72.109,8,126.796,5.828,67,0
01-09-02,2026-08-01,69.546,8,139.539,6.113,96,1
01-09-02,2026-08-02,71.576,9,144.884,6.101,96,1
01-09-02,2026-08-03,69.975,8,141.611,6.044,96,1
01-09-02,2026-08-04,78.756,7,140.459,5.968,96,1
01-09-02,2026-08-05,73.651,2,130.665,5.456,58,0
01-09-02,2026-08-06,72.179,8,138.511,6.147,96,1
01-09-02,2026-08-07,75.08,9,136.565,6.258,96,1
01-09-02,2026-08-08,70.468,8,142.136,6.346,96,1
01-09-02,2026-08-09,73.361,7,145.242,6.248,96,1
01-09-02,2026-08-10,71.38,7,136.538,6.163,96,1
01-09-02,2026-08-11,73.284,6,136.212,6.145,96,1
01-09-02,2026-08-12,72.049,8,142.685,6.152,96,1
01-09-02,2026-08-13,70.543,7,138.252,6.199,96,1
01-09-02,2026-08-14,73.654,8,139.437,6.179,96,1
01-09-02,2026-08-15,72.029,9,141.776,6.208,96,1
01-09-02,2026-08-16,76.655,8,146.228,6.206,96,1
01-09-02,2026-08-17,69.726,8,139.204,6.142,96,1
01-09-02,2026-08-18,72.261,7,139.26,6.307,96,1
01-09-02,2026-08-19,72.31,5,140.005,6.14,96,1
01-09-02,2026-08-20,70.766,7,137.962,6.144,96,1
01-09-02,2026-08-21,71.442,7,139.445,6.229,96,1
01-09-02,2026-08-22,68.713,5,144.181,6.266,96,1
01-09-02,2026-08-23,74.311,8,145.843,6.363,96,1
01-09-02,2026-08-24,70.31,7,139.898,6.242,96,1
01-09-02,2026-08-25,76.682,8,139.582,6.302,96,1
01-09-02,2026-08-26,69.839,5,138.591,6.264,96,1
01-09-02,2026-08-27,70.722,5,138.229,6.255,96,1
01-09-02,2026-08-28,72.711,8,137.659,6.172,96,1
01-09-02,2026-08-29,68.489,7,150.929,6.159,96,1
01-09-02,2026-08-30,80.541,8,151.395,6.03,96,1
01-09-02,2026-08-31,72.559,4,140.088,6.311,96,1
01-09-02,2026-09-01,74.427,7,141.388,6.213,96,1
01-09-02,2026-09-02,77.706,6,146.501,6.196,96,1
01-09-02,2026-09-03,77.919,6,145.064,6.183,96,1
01-09-02,2026-09-04,78.793,9,145.95,6.211,96,1
01-09-02,2026-09-05,76.198,9,150.281,6.25,96,1
01-09-02,2026-09-06,79.106,8,156.383,6.38,96,1
01-09-02,2026-09-07,79.474,8,148.637,6.251,96,1
01-09-02,2026-09-08,80.605,8,144.412,6.123,96,1
01-09-02,2026-09-09,79.916,5,146.195,5.916,96,1
01-09-03,2026-07-13,67.05,7,111.564,6.397,96,1
01-09-03,2026-07-14,67.39,7,110.456,6.565,96,1
01-09-03,2026-07-15,70.235,8,115.477,6.482,96,1
01-09-03,2026-07-16,69.904,6,112.252,6.55,96,1
01-09-03,2026-07-17,69.456,7,109.845,6.487,96,1
01-09-03,2026-07-18,67.458,7,116.396,6.469,96,1
01-09-03,2026-07-19,67.106,8,114.226,6.472,96,1
01-09-03,2026-07-20,69.667,7,112.748,6.426,96,1
01-09-03,2026-07-21,69.335,5,116.002,6.439,96,1
01-09-03,2026-07-22,69.696,6,113.327,6.521,96,1
01-09-03,2026-07-23,69.127,7,110.492,6.585,96,1
01-09-03,2026-07-24,72.116,8,117.598,6.483,96,1
01-09-03,2026-07-25,70.659,6,114.538,6.598,96,1
01-09-03,2026-07-26,69.994,8,117.122,6.56,96,1
01-09-03,2026-07-27,70.216,7,111.159,6.625,96,1
01-09-03,2026-07-28,67.509,7,109.458,6.707,96,1
01-09-03,2026-07-29,69.653,7,114.308,6.672,96,1
01-09-03,2026-07-30,68.797,9,111.116,6.656,96,1
01-09-03,2026-07-31,74.089,7,113.674,6.524,96,1
01-09-03,2026-08-01,68.983,8,112.591,6.53,96,1
01-09-03,2026-08-02,68.689,9,117.326,6.517,96,1
01-09-03,2026-08-03,72.398,8,115.199,6.498,96,1
01-09-03,2026-08-04,70.466,8,116.744,6.314,96,1
01-09-03,2026-08-05,67.57,0,112.782,6.287,96,1
01-09-03,2026-08-06,72.52,7,116.321,6.452,96,1
01-09-03,2026-08-07,71.958,7,116.294,6.548,96,1
01-09-03,2026-08-08,71.729,5,119.24,6.585,96,1
01-09-03,2026-08-09,72.376,6,116.467,6.552,96,1
01-09-03,2026-08-10,74.425,7,116.339,6.482,96,1
01-09-03,2026-08-11,72.252,7,114.271,6.461,96,1
01-09-03,2026-08-12,73.203,7,116.544,6.487,96,1
01-09-03,2026-08-13,75.101,8,120.309,6.481,96,1
01-09-03,2026-08-14,71.611,8,115.217,6.507,96,1
01-09-03,2026-08-15,70.796,8,119.013,6.487,96,1
01-09-03,2026-08-16,70.748,9,117.694,6.524,96,1
01-09-03,2026-08-17,73.911,8,117.408,6.492,96,1
01-09-03,2026-08-18,74.681,8,117.664,6.66,96,1
01-09-03,2026-08-19,72.771,8,115.097,6.491,96,1
01-09-03,2026-08-20,73.845,4,117.6,6.435,96,1
01-09-03,2026-08-21,73.174,8,116.866,6.506,96,1
01-09-03,2026-08-22,71.451,8,117.912,6.585,96,1
01-09-03,2026-08-23,71.531,7,117.122,6.655,96,1
01-09-03,2026-08-24,75.615,8,117.566,6.558,96,1
01-09-03,2026-08-25,72.849,6,117.909,6.586,96,1
01-09-03,2026-08-26,73.261,5,116.827,6.556,96,1
01-09-03,2026-08-27,76.688,8,117.717,6.515,96,1
01-09-03,2026-08-28,72.426,7,118.804,6.453,96,1
01-09-03,2026-08-29,71.52,8,117.554,6.606,96,1
01-09-03,2026-08-30,72.713,8,120.809,6.674,96,1
01-09-03,2026-08-31,73.104,8,115.745,6.572,96,1
01-09-03,2026-09-01,75.381,8,117.376,6.495,96,1
01-09-03,2026-09-02,74.699,6,119.005,6.516,96,1
01-09-03,2026-09-03,75.206,8,116.951,6.478,96,1
01-09-03,2026-09-04,72.63,8,120.316,6.521,96,1
01-09-03,2026-09-05,75.474,8,120.633,6.579,96,1
01-09-03,2026-09-06,73.81,8,121.838,6.679,96,1
01-09-03,2026-09-07,72.83,9,116.95,6.573,96,1
01-09-03,2026-09-08,74.425,7,120.092,6.414,96,1
01-09-03,2026-09-09,74.865,9,115.265,6.234,96,1
01-09-04,2026-07-13,168.629,0,230.062,6.433,96,1
01-09-04,2026-07-14,166.161,0,250.134,7.0,82,0
01-09-04,2026-07-15,137.394,8,230.003,6.485,96,1
01-09-04,2026-07-16,136.613,8,228.839,6.538,96,1
01-09-04,2026-07-17,137.942,9,229.768,6.464,96,1
01-09-04,2026-07-18,133.695,6,235.972,6.425,96,1
01-09-04,2026-07-19,136.526,8,236.057,6.438,96,1
01-09-04,2026-07-20,136.254,7,231.209,6.372,96,1
01-09-04,2026-07-21,135.616,9,231.433,6.43,96,1
01-09-04,2026-07-22,135.211,7,230.317,6.483,96,1
01-09-04,2026-07-23,130.725,5,230.243,6.545,96,1
01-09-04,2026-07-24,136.391,8,234.31,6.485,96,1
01-09-04,2026-07-25,139.692,9,239.249,6.551,96,1
01-09-04,2026-07-26,141.491,8,238.166,6.549,96,1
01-09-04,2026-07-27,142.4,7,232.824,6.598,96,1
01-09-04,2026-07-28,136.746,8,232.082,6.648,96,1
01-09-04,2026-07-29,138.63,8,233.164,6.667,96,1
01-09-04,2026-07-30,138.574,8,235.254,6.63,96,1
01-09-04,2026-07-31,140.819,8,232.721,6.528,96,1
01-09-04,2026-08-01,136.666,8,236.74,6.46,96,1
01-09-04,2026-08-02,141.466,9,238.202,6.478,96,1
01-09-04,2026-08-03,140.84,4,237.268,6.468,96,1
01-09-04,2026-08-04,139.65,8,235.176,6.314,96,1
01-09-04,2026-08-05,141.601,9,235.021,6.241,96,1
01-09-04,2026-08-06,135.984,8,235.37,6.478,96,1
01-09-04,2026-08-07,142.727,8,236.639,6.532,96,1
01-09-04,2026-08-08,139.377,7,241.47,6.597,96,1
01-09-04,2026-08-09,141.213,8,241.16,6.552,96,1
01-09-04,2026-08-10,140.851,7,238.583,6.473,96,1
01-09-04,2026-08-11,138.444,7,234.511,6.416,96,1
01-09-04,2026-08-12,137.627,8,240.518,6.444,96,1
01-09-04,2026-08-13,141.656,7,240.694,6.519,96,1
01-09-04,2026-08-14,141.474,7,241.746,6.461,96,1
01-09-04,2026-08-15,144.053,7,246.616,6.454,96,1
01-09-04,2026-08-16,131.395,7,230.82,6.523,96,1
01-09-04,2026-08-17,130.929,8,226.383,6.512,96,1
01-09-04,2026-08-18,129.614,9,228.429,6.672,96,1
01-09-04,2026-08-19,129.519,7,224.209,6.502,96,1
01-09-04,2026-08-20,130.681,7,219.052,6.497,96,1
01-09-04,2026-08-21,108.224,0,218.778,7.127,96,1
01-09-04,2026-08-22,127.03,7,228.259,7.229,96,1
01-09-04,2026-08-23,133.084,8,229.504,7.281,96,1
01-09-04,2026-08-24,134.761,7,226.569,7.182,96,1
01-09-04,2026-08-25,130.704,7,226.224,7.223,96,1
01-09-04,2026-08-26,127.692,7,222.968,7.148,96,1
01-09-04,2026-08-27,100.81,0,212.078,6.506,96,1
01-09-04,2026-08-28,83.745,0,184.553,6.628,96,1
01-09-04,2026-08-29,129.811,8,214.395,6.699,96,1
01-09-04,2026-08-30,113.151,7,196.006,6.85,96,1
01-09-04,2026-08-31,110.839,7,191.444,6.714,96,1
01-09-04,2026-09-01,103.223,7,182.607,6.677,96,1
01-09-04,2026-09-02,108.549,4,185.417,6.695,96,1
01-09-04,2026-09-03,93.596,0,187.099,7.098,96,1
01-09-04,2026-09-04,111.341,5,188.927,7.163,96,1
01-09-04,2026-09-05,110.483,8,197.149,7.169,96,1
01-09-04,2026-09-06,115.523,7,197.507,7.273,96,1
01-09-04,2026-09-07,122.436,6,195.274,7.165,96,1
01-09-04,2026-09-08,108.51,8,190.212,7.078,96,1
01-09-04,2026-09-09,111.169,7,191.721,6.828,96,1
01-09-06,2026-07-13,75.566,0,77.223,5.903,96,1
01-09-06,2026-07-14,74.61,0,85.27,6.677,79,0
01-09-06,2026-07-15,47.598,6,78.041,6.132,96,1
01-09-06,2026-07-16,47.535,8,75.418,5.765,96,1
01-09-06,2026-07-17,49.29,9,77.894,6.142,96,1
01-09-06,2026-07-18,45.855,9,80.694,6.116,96,1
01-09-06,2026-07-19,47.865,9,81.196,6.117,96,1
01-09-06,2026-07-20,44.925,7,77.368,6.117,96,1
01-09-06,2026-07-21,47.263,7,77.954,6.055,96,1
01-09-06,2026-07-22,45.734,8,73.779,6.065,96,1
01-09-06,2026-07-23,40.809,7,71.591,6.089,96,1
01-09-06,2026-07-24,45.886,0,76.37,6.065,96,1
01-09-06,2026-07-25,46.806,10,79.473,6.122,96,1
01-09-06,2026-07-26,47.175,7,79.728,6.129,96,1
01-09-06,2026-07-27,47.468,6,77.861,6.254,96,1
01-09-06,2026-07-28,46.508,3,76.792,6.398,87,1
01-09-06,2026-07-29,46.326,8,77.295,6.389,96,1
01-09-06,2026-07-30,45.944,6,77.811,6.302,96,1
01-09-06,2026-07-31,48.629,8,76.207,6.214,96,1
01-09-06,2026-08-01,45.901,7,76.503,6.171,96,1
01-09-06,2026-08-02,42.318,8,75.561,6.168,96,1
01-09-06,2026-08-03,43.476,6,73.848,6.126,96,1
01-09-06,2026-08-04,43.472,7,73.985,6.046,96,1
01-09-06,2026-08-05,40.792,0,71.844,5.856,96,1
01-09-06,2026-08-06,43.361,5,73.832,6.222,96,1
01-09-06,2026-08-07,42.562,6,73.026,6.343,96,1
01-09-06,2026-08-08,42.55,7,75.541,6.435,96,1
01-09-06,2026-08-09,44.267,8,76.661,6.343,96,1
01-09-06,2026-08-10,44.933,7,74.497,6.247,96,1
01-09-06,2026-08-11,44.836,6,76.645,6.232,96,1
01-09-06,2026-08-12,47.974,7,81.462,6.248,96,1
01-09-06,2026-08-13,49.099,2,81.069,6.293,96,1
01-09-06,2026-08-14,49.44,6,80.542,6.277,96,1
01-09-06,2026-08-15,50.065,6,81.543,6.305,96,1
01-09-06,2026-08-16,47.556,8,77.756,6.316,96,1
01-09-06,2026-08-17,43.314,7,73.34,6.253,96,1
01-09-06,2026-08-18,42.18,8,74.07,6.416,96,1
01-09-06,2026-08-19,43.119,7,73.845,6.254,96,1
01-09-06,2026-08-20,43.795,6,74.165,6.261,96,1
01-09-06,2026-08-21,43.699,6,74.911,6.344,96,1
01-09-06,2026-08-22,42.285,7,76.161,6.374,96,1
01-09-06,2026-08-23,43.196,7,76.895,6.469,96,1
01-09-06,2026-08-24,44.918,6,76.68,6.365,96,1
01-09-06,2026-08-25,43.032,5,76.522,6.436,96,1
01-09-06,2026-08-26,44.815,6,77.574,6.39,96,1
01-09-06,2026-08-27,45.998,5,77.193,6.391,96,1
01-09-06,2026-08-28,44.67,7,77.758,6.294,96,1
01-09-06,2026-08-29,44.851,4,78.012,6.433,96,1
01-09-06,2026-08-30,45.848,5,79.886,6.52,96,1
01-09-06,2026-08-31,43.489,6,79.315,6.446,96,1
01-09-06,2026-09-01,48.355,7,81.192,6.331,96,1
01-09-06,2026-09-02,49.053,6,82.434,6.315,96,1
01-09-06,2026-09-03,50.479,7,83.364,6.315,96,1
01-09-06,2026-09-04,50.99,4,83.237,6.354,96,1
01-09-06,2026-09-05,51.143,8,84.879,6.389,96,1
01-09-06,2026-09-06,49.704,8,85.813,6.518,96,1
01-09-06,2026-09-07,45.1,7,77.634,6.392,96,1
01-09-06,2026-09-08,45.836,4,76.581,6.262,96,1
01-09-06,2026-09-09,45.221,8,76.056,6.046,96,1
01-09-07,2026-07-13,144.931,8,237.745,8.306,96,1
01-09-07,2026-07-14,142.67,7,240.873,8.41,96,1
01-09-07,2026-07-15,146.175,8,238.85,8.429,96,1
01-09-07,2026-07-16,152.255,8,235.253,8.432,96,1
01-09-07,2026-07-17,146.844,9,236.214,8.344,96,1
01-09-07,2026-07-18,141.249,5,245.523,8.415,96,1
01-09-07,2026-07-19,143.079,9,248.288,8.399,96,1
01-09-07,2026-07-20,151.649,8,241.178,8.476,96,1
01-09-07,2026-07-21,145.614,6,239.008,8.459,96,1
01-09-07,2026-07-22,145.841,6,236.815,8.44,96,1
01-09-07,2026-07-23,150.766,9,235.859,8.461,96,1
01-09-07,2026-07-24,151.613,9,235.762,8.497,96,1
01-09-07,2026-07-25,135.159,8,242.13,8.535,96,1
01-09-07,2026-07-26,142.546,9,238.644,8.505,96,1
01-09-07,2026-07-27,137.945,8,230.728,8.475,96,1
01-09-07,2026-07-28,134.132,8,227.019,8.438,96,1
01-09-07,2026-07-29,132.866,9,226.085,8.459,96,1
01-09-07,2026-07-30,137.929,10,226.876,8.509,96,1
01-09-07,2026-07-31,139.002,6,226.112,8.522,96,1
01-09-07,2026-08-01,129.62,9,231.116,8.426,96,1
01-09-07,2026-08-02,136.23,7,237.966,8.428,96,1
01-09-07,2026-08-03,138.901,5,233.613,8.549,96,1
01-09-07,2026-08-04,138.614,6,229.6,8.266,96,1
01-09-07,2026-08-05,130.084,1,227.482,8.133,96,1
01-09-07,2026-08-06,142.139,8,228.101,8.287,96,1
01-09-07,2026-08-07,137.707,6,225.459,8.399,96,1
01-09-07,2026-08-08,129.506,8,232.923,8.357,96,1
01-09-07,2026-08-09,134.642,8,233.764,8.312,96,1
01-09-07,2026-08-10,137.171,3,226.022,8.359,96,1
01-09-07,2026-08-11,135.844,7,225.675,8.333,96,1
01-09-07,2026-08-12,134.009,8,233.079,8.313,96,1
01-09-07,2026-08-13,135.2,8,225.304,8.325,96,1
01-09-07,2026-08-14,123.829,2,225.887,8.469,96,1
01-09-07,2026-08-15,132.535,8,235.508,8.37,96,1
01-09-07,2026-08-16,138.671,7,235.52,8.401,96,1
01-09-07,2026-08-17,138.059,8,224.42,8.474,96,1
01-09-07,2026-08-18,135.399,7,223.032,8.497,96,1
01-09-07,2026-08-19,128.859,7,221.999,8.444,96,1
01-09-07,2026-08-20,101.847,0,214.688,7.901,96,1
01-09-07,2026-08-21,134.711,8,207.208,8.104,96,1
01-09-07,2026-08-22,99.486,9,194.872,8.187,96,1
01-09-07,2026-08-23,112.75,9,196.29,8.19,96,1
01-09-07,2026-08-24,109.184,8,192.692,8.252,96,1
01-09-07,2026-08-25,108.391,8,190.817,8.3,96,1
01-09-07,2026-08-26,104.022,7,192.245,8.312,96,1
01-09-07,2026-08-27,101.299,8,192.395,8.291,96,1
01-09-07,2026-08-28,102.586,8,191.005,8.2,96,1
01-09-07,2026-08-29,107.632,9,193.535,8.202,96,1
01-09-07,2026-08-30,100.529,9,196.164,8.226,96,1
01-09-07,2026-08-31,102.166,8,186.111,8.257,96,1
01-09-07,2026-09-01,99.523,9,185.11,8.091,96,1
01-09-07,2026-09-02,104.01,6,189.72,8.074,96,1
01-09-07,2026-09-03,99.247,9,189.729,8.086,96,1
01-09-07,2026-09-04,100.509,8,189.7,8.23,96,1
01-09-07,2026-09-05,105.968,8,197.237,8.222,96,1
01-09-07,2026-09-06,102.69,9,197.045,8.164,96,1
01-09-07,2026-09-07,100.373,7,188.122,8.194,96,1
01-09-07,2026-09-08,106.695,9,187.589,8.087,96,1
01-09-07,2026-09-09,102.86,5,188.702,7.924,96,1
01-09-08,2026-07-13,131.702,9,236.423,7.868,96,1
01-09-08,2026-07-14,124.451,8,239.339,7.988,96,1
01-09-08,2026-07-15,134.51,9,240.607,7.98,96,1
01-09-08,2026-07-16,141.235,9,234.279,7.994,96,1
01-09-08,2026-07-17,136.236,7,223.671,7.948,96,1
01-09-08,2026-07-18,118.973,5,240.064,8.001,96,1
01-09-08,2026-07-19,128.559,10,237.042,8.027,96,1
01-09-08,2026-07-20,125.53,5,234.225,8.02,96,1
01-09-08,2026-07-21,120.751,8,225.036,8.043,96,1
01-09-08,2026-07-22,135.882,9,224.972,8.03,96,1
01-09-08,2026-07-23,127.27,9,227.656,8.044,96,1
01-09-08,2026-07-24,130.21,9,231.603,8.047,96,1
01-09-08,2026-07-25,134.369,8,238.284,8.111,96,1
01-09-08,2026-07-26,123.45,9,231.838,8.083,96,1
01-09-08,2026-07-27,129.27,9,221.357,8.068,96,1
01-09-08,2026-07-28,128.445,7,220.519,8.038,96,1
01-09-08,2026-07-29,131.531,3,222.974,8.041,96,1
01-09-08,2026-07-30,124.326,8,228.727,8.039,96,1
01-09-08,2026-07-31,120.716,7,212.136,8.013,80,0
01-09-08,2026-08-01,118.058,9,226.401,7.986,96,1
01-09-08,2026-08-02,137.483,10,240.141,7.992,96,1
01-09-08,2026-08-03,129.706,5,231.909,8.059,96,1
01-09-08,2026-08-04,128.2,9,229.587,7.815,96,1
01-09-08,2026-08-05,124.602,9,226.526,7.692,96,1
01-09-08,2026-08-06,131.756,8,229.204,7.852,96,1
01-09-08,2026-08-07,128.419,9,223.019,7.958,96,1
01-09-08,2026-08-08,125.629,7,233.693,7.942,96,1
01-09-08,2026-08-09,134.644,11,236.367,7.903,96,1
01-09-08,2026-08-10,132.259,9,227.638,7.902,96,1
01-09-08,2026-08-11,120.316,9,222.184,7.887,96,1
01-09-08,2026-08-12,132.171,9,232.197,7.89,96,1
01-09-08,2026-08-13,121.384,8,223.72,7.904,96,1
01-09-08,2026-08-14,127.994,9,227.738,7.956,96,1
01-09-08,2026-08-15,121.884,9,229.726,7.929,96,1
01-09-08,2026-08-16,127.499,9,231.562,7.954,96,1
01-09-08,2026-08-17,128.968,9,223.519,7.959,96,1
01-09-08,2026-08-18,122.491,7,219.993,8.025,96,1
01-09-08,2026-08-19,125.851,7,222.887,7.943,96,1
01-09-08,2026-08-20,125.625,8,220.696,7.924,96,1
01-09-08,2026-08-21,141.968,8,225.452,7.977,96,1
01-09-08,2026-08-22,122.63,8,232.898,7.939,96,1
01-09-08,2026-08-23,131.514,8,239.862,7.941,96,1
01-09-08,2026-08-24,132.794,9,234.59,7.955,96,1
01-09-08,2026-08-25,127.328,8,234.887,7.98,96,1
01-09-08,2026-08-26,129.25,7,237.687,7.978,96,1
01-09-08,2026-08-27,135.405,6,242.461,7.941,96,1
01-09-08,2026-08-28,129.819,8,233.607,7.891,96,1
01-09-08,2026-08-29,128.724,6,236.161,7.926,96,1
01-09-08,2026-08-30,135.031,11,241.227,7.972,96,1
01-09-08,2026-08-31,130.267,8,229.628,7.926,96,1
01-09-08,2026-09-01,126.703,7,229.104,7.784,96,1
01-09-08,2026-09-02,132.429,8,234.994,7.803,96,1
01-09-08,2026-09-03,126.638,10,234.226,7.8,96,1
01-09-08,2026-09-04,133.373,9,229.804,7.936,96,1
01-09-08,2026-09-05,123.89,9,233.794,7.976,96,1
01-09-08,2026-09-06,122.907,10,234.747,7.965,96,1
01-09-08,2026-09-07,133.635,6,225.653,7.922,96,1
01-09-08,2026-09-08,122.366,9,220.852,7.822,96,1
01-09-08,2026-09-09,128.834,9,222.054,7.653,96,1
02-04-01,2026-07-13,88.717,3,186.4,5.655,93,1
02-04-01,2026-07-14,91.595,8,181.777,5.767,95,1
02-04-01,2026-07-15,93.209,2,184.433,5.684,96,1
02-04-01,2026-07-16,92.51,8,179.086,5.728,95,1
02-04-01,2026-07-17,95.454,1,179.624,5.692,96,1
02-04-01,2026-07-18,85.412,8,184.908,5.614,96,1
02-04-01,2026-07-19,98.001,1,208.02,5.602,96,1
02-04-01,2026-07-20,102.176,5,192.612,5.213,57,0
02-04-01,2026-07-21,,,38.308,8.581,4,0
02-04-01,2026-08-06,99.79,2,210.592,5.347,96,1
02-04-01,2026-08-07,101.062,0,212.21,5.411,96,1
02-04-01,2026-08-08,6.431,9,203.337,5.397,96,1
02-04-01,2026-08-09,95.272,3,206.127,5.448,96,1
02-04-01,2026-08-10,99.551,4,203.51,5.278,96,1
02-04-01,2026-08-11,85.514,0,199.79,5.295,96,1
02-04-01,2026-08-12,95.204,4,206.648,5.366,96,1
02-04-01,2026-08-13,98.334,2,205.98,5.518,96,1
02-04-01,2026-08-14,107.28,8,206.623,5.464,96,1
02-04-01,2026-08-15,96.39,3,215.626,5.351,96,1
02-04-01,2026-08-16,100.511,4,211.586,5.447,96,1
02-04-01,2026-08-17,102.922,1,205.497,5.305,96,1
02-04-01,2026-08-18,107.789,9,207.156,5.533,96,1
02-04-01,2026-08-19,102.396,3,205.772,5.461,96,1
02-04-01,2026-08-20,96.125,5,209.984,5.444,96,1
02-04-01,2026-08-21,97.806,4,196.074,5.085,95,1
02-04-01,2026-08-22,1.784,2,169.53,5.169,96,1
02-04-01,2026-08-23,75.424,2,161.385,5.252,73,0
02-04-01,2026-08-24,,,173.836,5.915,59,0
02-04-01,2026-08-25,72.912,4,169.296,5.516,96,1
02-04-01,2026-08-26,78.498,4,162.809,5.452,96,1
02-04-01,2026-08-27,80.449,0,163.178,5.485,96,1
02-04-01,2026-08-28,76.679,0,170.662,5.384,96,1
02-04-01,2026-08-29,82.569,6,168.493,5.464,96,1
02-04-01,2026-08-30,86.976,2,169.859,5.603,96,1
02-04-01,2026-08-31,80.399,0,167.398,5.642,96,1
02-04-01,2026-09-01,81.399,0,158.712,5.5,96,1
02-04-01,2026-09-02,76.564,0,160.944,5.474,96,1
02-04-01,2026-09-03,90.97,0,162.55,5.498,96,1
02-04-01,2026-09-04,92.354,0,165.833,5.519,96,1
02-04-01,2026-09-05,88.416,2,169.735,5.516,96,1
02-04-01,2026-09-06,81.459,5,167.513,5.434,96,1
02-04-01,2026-09-07,85.444,0,166.031,5.552,96,1
02-04-01,2026-09-08,83.174,5,161.737,5.502,96,1
02-04-01,2026-09-09,79.129,4,165.73,5.237,96,1
02-04-02,2026-08-11,129.897,7,240.876,7.355,96,1
02-04-02,2026-08-12,141.183,8,252.362,7.898,96,1
02-04-02,2026-08-13,132.015,8,242.37,7.254,93,1
02-04-02,2026-08-14,124.155,2,250.795,7.585,96,1
02-04-02,2026-08-15,138.129,8,261.296,7.972,96,1
02-04-02,2026-08-16,144.03,6,263.148,8.176,96,1
02-04-02,2026-08-17,119.296,3,255.162,7.48,96,1
02-04-02,2026-08-18,145.014,5,253.596,7.716,96,1
02-04-02,2026-08-19,129.319,7,244.709,7.525,96,1
02-04-02,2026-08-20,133.88,6,243.984,7.495,96,1
02-04-02,2026-08-21,134.291,7,247.137,7.587,96,1
02-04-02,2026-08-22,124.067,3,262.244,8.521,96,1
02-04-02,2026-08-23,139.642,8,264.365,8.502,96,1
02-04-02,2026-08-24,144.46,9,255.271,7.949,96,1
02-04-02,2026-08-25,137.174,8,255.497,7.95,96,1
02-04-02,2026-08-26,133.509,8,258.168,8.015,96,1
02-04-02,2026-08-27,142.535,7,260.118,7.977,96,1
02-04-02,2026-08-28,142.51,8,260.938,8.025,96,1
02-04-02,2026-08-29,145.095,8,267.448,8.412,96,1
02-04-02,2026-08-30,145.774,9,267.857,8.57,96,1
02-04-02,2026-08-31,139.541,8,251.171,7.891,96,1
02-04-02,2026-09-01,141.28,6,251.243,7.754,96,1
02-04-02,2026-09-02,145.315,8,256.906,7.795,96,1
02-04-02,2026-09-03,140.75,9,260.577,7.801,96,1
02-04-02,2026-09-04,170.656,6,263.869,8.337,96,1
02-04-02,2026-09-05,147.416,5,272.507,8.573,96,1
02-04-02,2026-09-06,150.516,9,274.477,8.194,96,1
02-04-02,2026-09-07,148.644,8,259.305,7.696,96,1
02-04-02,2026-09-08,144.07,8,256.401,7.422,96,1
02-04-02,2026-09-09,147.46,5,261.538,7.185,96,1
02-04-03,2026-07-13,352.572,12,296.631,6.508,96,1
02-04-03,2026-07-14,368.66,0,302.055,6.859,88,1
02-04-03,2026-07-15,,,322.286,6.769,37,0
02-04-03,2026-07-16,175.236,9,291.277,6.273,96,1
02-04-03,2026-07-17,174.786,7,291.01,6.192,96,1
02-04-03,2026-07-18,170.639,8,314.599,6.979,96,1
02-04-03,2026-07-19,177.987,9,307.743,6.873,96,1
02-04-03,2026-07-20,165.99,5,298.486,6.551,96,1
02-04-03,2026-07-21,166.236,4,300.914,6.349,96,1
02-04-03,2026-07-22,173.352,3,294.064,6.115,96,1
02-04-03,2026-07-23,173.787,0,288.025,6.018,96,1
02-04-03,2026-07-24,172.541,0,278.073,6.041,96,1
02-04-03,2026-07-25,363.809,0,301.595,6.307,96,1
02-04-03,2026-07-26,313.916,12,295.676,6.317,96,1
02-04-03,2026-07-27,263.23,12,275.602,5.588,96,1
02-04-03,2026-07-28,276.738,12,276.911,5.752,96,1
02-04-03,2026-07-29,283.986,12,283.038,5.977,96,1
02-04-03,2026-07-30,271.736,12,290.527,5.991,96,1
02-04-03,2026-07-31,253.034,12,298.228,6.404,96,1
02-04-03,2026-08-01,256.375,9,296.836,6.379,96,1
02-04-03,2026-08-02,260.184,9,294.42,5.983,96,1
02-04-03,2026-08-03,353.34,12,298.485,6.225,96,1
02-04-03,2026-08-04,340.644,12,305.06,6.697,96,1
02-04-03,2026-08-05,185.862,12,292.075,6.264,96,1
02-04-03,2026-08-06,194.174,12,305.766,6.742,96,1
02-04-03,2026-08-07,174.23,10,287.686,6.316,96,1
02-04-03,2026-08-08,166.991,7,307.537,6.616,93,1
02-04-03,2026-08-09,174.229,9,293.123,6.462,96,1
02-04-03,2026-08-10,167.836,8,291.694,5.989,92,1
02-04-03,2026-08-11,166.347,7,281.715,5.754,91,1
02-04-03,2026-08-12,182.656,8,305.228,6.278,96,1
02-04-03,2026-08-13,176.115,9,291.078,5.59,93,1
02-04-03,2026-08-14,181.054,8,305.651,5.884,96,1
02-04-03,2026-08-15,182.525,9,320.48,6.274,96,1
02-04-03,2026-08-16,186.528,6,322.492,6.542,96,1
02-04-03,2026-08-17,160.015,6,292.996,6.108,96,1
02-04-03,2026-08-18,166.446,4,268.703,5.728,63,0
02-04-03,2026-08-19,,,0.0,0.0,3,0
02-04-03,2026-08-20,,,302.583,6.125,31,0
02-04-03,2026-08-21,163.22,6,281.487,5.767,96,1
02-04-03,2026-08-22,170.321,7,299.173,6.363,96,1
02-04-03,2026-08-23,168.86,10,295.043,6.263,96,1
02-04-03,2026-08-24,162.986,9,287.227,5.694,96,1
02-04-03,2026-08-25,159.553,7,284.492,5.681,96,1
02-04-03,2026-08-26,168.836,7,289.569,5.758,96,1
02-04-03,2026-08-27,170.184,8,291.275,5.713,96,1
02-04-03,2026-08-28,168.591,7,290.877,5.809,96,1
02-04-03,2026-08-29,170.455,8,303.1,6.06,96,1
02-04-03,2026-08-30,171.347,8,301.346,6.217,96,1
02-04-03,2026-08-31,167.186,8,282.691,5.531,96,1
02-04-03,2026-09-01,171.036,7,281.365,5.549,96,1
02-04-03,2026-09-02,167.434,7,288.816,5.525,96,1
02-04-03,2026-09-03,167.887,9,272.185,5.172,96,1
02-04-03,2026-09-04,0.011,9,271.355,4.487,96,1
02-04-03,2026-09-05,173.425,3,302.929,6.235,96,1
02-04-03,2026-09-06,173.516,9,297.133,6.082,96,1
02-04-03,2026-09-07,167.341,7,287.364,5.42,96,1
02-04-03,2026-09-08,167.626,8,280.609,5.289,96,1
02-04-03,2026-09-09,172.207,5,286.627,5.297,96,1
02-04-04,2026-07-13,246.491,11,452.152,4.97,96,1
02-04-04,2026-07-14,264.404,6,458.039,5.013,96,1
02-04-04,2026-07-15,268.026,11,460.069,5.069,96,1
02-04-04,2026-07-16,277.723,11,447.297,4.896,96,1
02-04-04,2026-07-17,267.416,11,455.124,4.764,96,1
02-04-04,2026-07-18,278.735,12,479.502,5.025,96,1
02-04-04,2026-07-19,293.125,11,486.76,4.903,96,1
02-04-04,2026-07-20,260.374,8,441.599,4.779,96,1
02-04-04,2026-07-21,290.584,12,468.178,4.649,96,1
02-04-04,2026-07-22,273.808,11,355.454,4.552,29,0
02-04-04,2026-07-23,249.08,12,451.848,4.97,96,1
02-04-04,2026-07-24,285.751,8,468.009,4.852,96,1
02-04-04,2026-07-25,283.212,7,481.819,4.93,96,1
02-04-04,2026-07-26,273.113,12,467.271,5.048,96,1
02-04-04,2026-07-27,255.479,12,447.464,4.797,96,1
02-04-04,2026-07-28,284.095,7,444.341,4.911,96,1
02-04-04,2026-07-29,253.515,11,443.31,4.993,96,1
02-04-04,2026-07-30,249.998,8,450.47,4.972,96,1
02-04-04,2026-07-31,257.376,10,451.686,4.767,96,1
02-04-04,2026-08-01,263.972,11,430.067,4.622,65,0
02-04-04,2026-08-02,294.159,6,477.66,4.703,96,1
02-04-04,2026-08-03,260.692,10,459.98,4.756,96,1
02-04-04,2026-08-04,280.42,6,464.547,4.78,96,1
02-04-04,2026-08-05,256.299,9,461.566,4.669,96,1
02-04-04,2026-08-06,270.517,11,459.766,4.615,96,1
02-04-04,2026-08-07,270.045,11,458.855,4.73,96,1
02-04-04,2026-08-08,267.394,12,488.886,4.701,96,1
02-04-04,2026-08-09,296.407,6,476.105,4.661,95,1
02-04-04,2026-08-10,266.439,12,456.569,4.653,84,0
02-04-04,2026-08-11,283.356,7,455.748,4.524,96,1
02-04-04,2026-08-12,273.024,10,467.713,4.869,96,1
02-04-04,2026-08-13,253.129,9,370.689,4.854,34,0
02-04-04,2026-09-04,270.613,12,465.421,5.02,93,1
02-04-04,2026-09-05,285.548,11,479.684,4.597,96,1
02-04-04,2026-09-06,267.661,7,470.794,4.581,96,1
02-04-04,2026-09-07,262.886,11,457.401,4.372,96,1
02-04-04,2026-09-08,272.424,11,448.679,4.217,96,1
02-04-04,2026-09-09,298.84,12,463.524,4.152,96,1
02-04-05,2026-07-13,435.882,12,353.668,4.054,96,1
02-04-05,2026-07-14,426.634,0,358.697,4.036,96,1
02-04-05,2026-07-15,425.824,0,392.458,4.434,72,0
02-04-05,2026-07-16,208.262,7,344.057,4.12,96,1
02-04-05,2026-07-17,220.915,7,340.41,4.059,96,1
02-04-05,2026-07-18,152.254,4,371.885,4.035,96,1
02-04-05,2026-07-19,232.014,5,371.168,4.039,96,1
02-04-05,2026-07-20,209.304,8,352.843,3.872,96,1
02-04-05,2026-07-21,220.692,6,349.573,3.876,96,1
02-04-05,2026-07-22,211.845,8,355.187,3.891,96,1
02-04-05,2026-07-23,232.136,5,353.849,4.16,96,1
02-04-05,2026-07-24,237.029,6,352.221,4.083,96,1
02-04-05,2026-07-25,,,265.572,2.92,6,0
02-04-05,2026-07-26,217.612,5,363.553,4.232,96,1
02-04-05,2026-07-27,240.395,4,357.725,4.022,96,1
02-04-05,2026-07-28,213.18,4,347.857,4.297,96,1
02-04-05,2026-07-29,213.52,5,354.186,4.264,96,1
02-04-05,2026-07-30,231.915,4,349.38,4.269,96,1
02-04-05,2026-07-31,201.07,3,342.38,4.101,96,1
02-04-05,2026-08-01,219.01,1,357.109,4.011,96,1
02-04-05,2026-08-02,216.721,3,362.171,3.976,96,1
02-04-05,2026-08-03,214.493,2,351.627,3.959,96,1
02-04-05,2026-08-04,233.776,0,360.042,3.918,96,1
02-04-05,2026-08-05,228.355,3,350.839,3.924,96,1
02-04-05,2026-08-06,224.73,2,350.442,3.915,96,1
02-04-05,2026-08-07,167.428,0,348.819,4.058,96,1
02-04-05,2026-08-08,217.081,3,367.585,3.822,96,1
02-04-05,2026-08-09,202.487,0,356.833,3.948,96,1
02-04-05,2026-08-10,243.702,0,354.827,3.836,96,1
02-04-05,2026-08-11,208.812,0,351.86,3.915,96,1
02-04-05,2026-08-12,222.081,0,360.778,4.116,96,1
02-04-05,2026-08-13,216.506,2,353.308,3.804,96,1
02-04-05,2026-08-14,217.085,3,351.502,3.822,96,1
02-04-05,2026-08-15,206.075,3,365.206,3.799,96,1
02-04-05,2026-08-16,226.674,0,369.234,4.054,96,1
02-04-05,2026-08-17,212.69,2,347.495,3.745,96,1
02-04-05,2026-08-18,219.38,0,350.131,3.857,96,1
02-04-05,2026-08-19,209.045,3,341.074,3.976,96,1
02-04-05,2026-08-20,215.118,0,347.227,3.913,96,1
02-04-05,2026-08-21,209.822,1,337.6,3.767,96,1
02-04-05,2026-08-22,210.161,1,350.418,3.871,96,1
02-04-05,2026-08-23,215.641,1,361.901,3.898,96,1
02-04-05,2026-08-24,209.812,1,342.441,3.777,96,1
02-04-05,2026-08-25,223.978,1,339.04,3.733,96,1
02-04-05,2026-08-26,213.343,0,348.126,3.662,96,1
02-04-05,2026-08-27,220.534,0,345.38,3.695,96,1
02-04-05,2026-08-28,206.909,0,347.485,3.681,96,1
02-04-05,2026-08-29,219.958,2,360.448,3.711,96,1
02-04-05,2026-08-30,217.354,0,363.125,3.777,96,1
02-04-05,2026-08-31,238.495,0,343.525,3.726,96,1
02-04-05,2026-09-01,208.044,1,335.115,3.735,96,1
02-04-05,2026-09-02,210.274,0,344.601,3.587,96,1
02-04-05,2026-09-03,208.877,2,347.595,3.565,87,1
02-04-05,2026-09-04,253.839,12,359.26,4.166,93,1
02-04-05,2026-09-05,196.334,5,350.732,3.811,96,1
02-04-05,2026-09-06,200.399,8,357.032,3.783,96,1
02-04-05,2026-09-07,209.591,9,345.869,3.66,96,1
02-04-05,2026-09-08,190.487,4,334.897,3.506,96,1
02-04-05,2026-09-09,198.914,3,342.196,3.44,96,1
02-04-06,2026-07-13,0.0,0,0.0,6.485,96,1
02-04-06,2026-07-14,0.0,0,0.0,6.439,96,1
02-04-06,2026-07-15,0.0,0,0.0,6.57,96,1
02-04-06,2026-07-16,0.0,0,0.0,6.557,96,1
02-04-06,2026-07-17,0.0,0,0.0,6.484,96,1
02-04-06,2026-07-18,0.0,0,0.0,6.545,96,1
02-04-06,2026-07-19,0.0,0,0.0,6.56,96,1
02-04-06,2026-07-20,0.0,0,0.0,6.236,96,1
02-04-06,2026-07-21,0.0,0,0.0,6.203,96,1
02-04-06,2026-07-22,0.0,0,0.0,6.314,96,1
02-04-06,2026-07-23,0.0,0,0.0,6.544,96,1
02-04-06,2026-07-24,0.0,0,0.0,6.481,96,1
02-04-06,2026-07-25,0.0,0,0.0,6.519,96,1
02-04-06,2026-07-26,0.0,0,0.0,6.707,96,1
02-04-06,2026-07-27,0.0,0,0.0,6.501,96,1
02-04-06,2026-07-28,0.0,0,0.0,6.812,96,1
02-04-06,2026-07-29,0.0,0,0.0,6.733,96,1
02-04-06,2026-07-30,0.0,0,0.0,6.66,96,1
02-04-06,2026-07-31,0.0,0,0.0,6.487,96,1
02-04-06,2026-08-01,0.0,0,0.0,6.429,96,1
02-04-06,2026-08-02,0.0,0,0.0,6.479,96,1
02-04-06,2026-08-03,0.0,0,0.0,6.28,96,1
02-04-06,2026-08-04,0.0,0,0.0,6.315,96,1
02-04-06,2026-08-05,0.0,0,0.0,6.312,96,1
02-04-06,2026-08-06,0.0,0,0.0,6.319,96,1
02-04-06,2026-08-07,0.0,0,0.0,6.386,96,1
02-04-06,2026-08-08,0.0,0,0.0,6.322,96,1
02-04-06,2026-08-09,0.0,0,0.0,6.408,96,1
02-04-06,2026-08-10,0.0,0,0.0,6.272,96,1
02-04-06,2026-08-11,0.0,0,0.0,6.454,45,0
02-04-06,2026-08-12,,,0.0,6.25,6,0
02-04-06,2026-08-13,,,0.0,6.041,8,0
02-04-06,2026-08-14,,,0.0,6.725,6,0
02-04-06,2026-08-15,,,0.0,6.69,14,0
02-04-06,2026-08-16,,,0.0,6.755,11,0
02-04-06,2026-08-17,,,0.0,6.411,12,0
02-04-06,2026-08-18,,,0.0,6.276,7,0
02-04-06,2026-08-19,,,0.0,6.388,6,0
02-04-06,2026-08-20,,,0.542,6.465,40,0
02-04-06,2026-08-21,0.072,0,0.527,6.131,96,1
02-04-06,2026-08-22,0.552,0,0.409,6.214,96,1
02-04-06,2026-08-23,0.011,0,0.028,6.361,96,1
02-04-06,2026-08-24,0.011,1,0.027,6.09,96,1
02-04-06,2026-08-25,0.011,0,0.032,5.992,96,1
02-04-06,2026-08-26,0.011,4,0.023,5.946,96,1
02-04-06,2026-08-27,0.015,12,0.034,5.932,96,1
02-04-06,2026-08-28,0.011,0,0.027,5.933,96,1
02-04-06,2026-08-29,0.011,11,0.029,6.032,96,1
02-04-06,2026-08-30,0.011,3,0.034,6.239,96,1
02-04-06,2026-08-31,0.007,11,0.029,6.032,96,1
02-04-06,2026-09-01,0.019,12,0.03,6.034,96,1
02-04-06,2026-09-02,0.011,6,0.031,5.9,96,1
02-04-06,2026-09-03,0.011,7,0.028,5.736,96,1
02-04-06,2026-09-04,0.011,3,0.03,6.39,96,1
02-04-06,2026-09-05,0.007,7,0.023,5.992,96,1
02-04-06,2026-09-06,0.007,1,0.024,6.134,96,1
02-04-06,2026-09-07,0.011,0,0.031,5.888,96,1
02-04-06,2026-09-08,0.01,0,0.028,5.733,96,1
02-04-06,2026-09-09,0.011,11,0.027,5.691,96,1
02-08-01,2026-07-13,,,302.07,3.91,1,0
02-08-01,2026-07-16,,,195.0,2.08,1,0
02-08-01,2026-07-17,,,184.98,1.933,2,0
02-08-01,2026-07-20,,,362.82,4.655,1,0
02-08-01,2026-07-21,,,289.07,3.085,1,0
02-08-01,2026-07-27,,,156.35,2.025,2,0
02-08-01,2026-07-31,,,246.31,2.822,2,0
02-08-01,2026-08-07,,,286.12,1.585,1,0
02-08-01,2026-08-13,,,197.7,1.32,1,0
02-08-01,2026-08-17,,,312.34,3.902,2,0
02-08-01,2026-08-19,,,210.17,2.015,1,0
02-08-01,2026-08-21,,,214.23,1.895,1,0
02-08-01,2026-08-24,,,247.65,2.125,1,0
02-08-01,2026-08-30,,,277.26,3.4,1,0
02-08-01,2026-09-02,,,277.48,3.383,2,0
02-08-01,2026-09-08,,,189.72,1.775,1,0
02-08-02,2026-07-13,,,173.09,5.11,1,0
02-08-02,2026-07-16,,,155.43,5.075,1,0
02-08-02,2026-07-17,,,165.43,4.848,2,0
02-08-02,2026-07-20,,,255.18,7.795,1,0
02-08-02,2026-07-21,,,222.91,6.245,1,0
02-08-02,2026-07-27,,,162.805,5.105,2,0
02-08-02,2026-07-31,,,238.555,7.078,2,0
02-08-02,2026-08-07,,,265.32,8.135,1,0
02-08-02,2026-08-13,,,200.92,5.82,1,0
02-08-02,2026-08-17,,,185.855,5.18,2,0
02-08-02,2026-08-19,,,178.27,4.95,1,0
02-08-02,2026-08-21,,,210.38,6.09,1,0
02-08-02,2026-08-24,,,243.23,7.585,1,0
02-08-02,2026-08-30,,,280.95,7.84,1,0
02-08-02,2026-09-02,,,156.11,4.713,2,0
02-08-02,2026-09-08,,,139.44,4.47,1,0
02-08-03,2026-07-14,400.106,0,604.657,10.249,96,1
02-08-03,2026-07-15,388.723,0,627.382,10.687,81,0
02-08-03,2026-07-16,250.759,5,561.958,10.724,96,1
02-08-03,2026-07-17,250.079,4,569.479,10.546,96,1
02-08-03,2026-07-18,258.091,6,612.794,10.425,96,1
02-08-03,2026-07-19,279.761,6,627.928,10.281,96,1
02-08-03,2026-07-20,260.472,5,599.836,10.267,96,1
02-08-03,2026-07-21,253.429,4,591.403,10.286,96,1
02-08-03,2026-07-22,257.983,5,581.561,10.388,96,1
02-08-03,2026-07-23,239.956,5,569.657,10.564,96,1
02-08-03,2026-07-24,252.415,5,588.308,10.388,96,1
02-08-03,2026-07-25,271.098,5,610.774,10.547,96,1
02-08-03,2026-07-26,270.099,5,620.839,10.477,96,1
02-08-03,2026-07-27,261.899,4,590.589,10.414,96,1
02-08-03,2026-07-28,252.763,5,572.65,11.002,96,1
02-08-03,2026-07-29,272.506,5,585.24,10.836,96,1
02-08-03,2026-07-30,256.733,5,577.885,10.88,96,1
02-08-03,2026-07-31,270.139,5,574.554,10.553,96,1
02-08-03,2026-08-01,273.596,5,599.417,10.528,96,1
02-08-03,2026-08-02,277.621,5,616.781,10.334,96,1
02-08-03,2026-08-03,257.55,5,590.503,10.18,96,1
02-08-03,2026-08-04,261.062,3,598.147,10.192,96,1
02-08-03,2026-08-05,258.811,4,594.493,10.166,96,1
02-08-03,2026-08-06,253.041,2,578.855,10.384,96,1
02-08-03,2026-08-07,261.04,4,586.496,10.433,96,1
02-08-03,2026-08-08,251.164,5,625.986,10.172,96,1
02-08-03,2026-08-09,271.916,5,701.584,9.063,96,1
02-08-03,2026-08-10,290.236,7,598.116,10.328,96,1
02-08-03,2026-08-11,251.014,1,570.511,10.676,96,1
02-08-03,2026-08-12,245.099,5,597.586,10.612,96,1
02-08-03,2026-08-13,254.549,2,578.688,10.563,96,1
02-08-03,2026-08-14,258.969,4,601.93,10.217,96,1
02-08-03,2026-08-15,256.134,4,627.288,10.096,96,1
02-08-03,2026-08-16,263.569,4,634.76,10.175,96,1
02-08-03,2026-08-17,270.537,4,614.574,10.091,96,1
02-08-03,2026-08-18,258.845,3,587.521,10.283,96,1
02-08-03,2026-08-19,264.494,7,576.154,10.631,96,1
02-08-03,2026-08-20,248.15,1,569.291,10.462,96,1
02-08-03,2026-08-21,247.485,2,578.05,10.316,96,1
02-08-03,2026-08-22,248.664,5,598.539,10.257,96,1
02-08-03,2026-08-23,257.55,4,603.303,10.239,96,1
02-08-03,2026-08-24,252.168,2,586.353,10.195,96,1
02-08-03,2026-08-25,257.751,2,585.335,10.168,96,1
02-08-03,2026-08-26,253.833,3,597.529,10.099,96,1
02-08-03,2026-08-27,271.245,2,602.806,10.036,96,1
02-08-03,2026-08-28,254.618,3,598.514,9.978,96,1
02-08-03,2026-08-29,256.775,4,609.961,10.04,96,1
02-08-03,2026-08-30,262.864,3,610.58,9.999,96,1
02-08-03,2026-08-31,261.66,3,579.808,10.167,96,1
02-08-03,2026-09-01,251.395,2,575.834,10.291,96,1
02-08-03,2026-09-02,258.519,3,585.303,10.009,96,1
02-08-03,2026-09-03,262.344,3,597.484,9.98,96,1
02-08-03,2026-09-04,263.83,2,593.944,10.203,96,1
02-08-03,2026-09-05,264.234,4,618.176,10.029,96,1
02-08-03,2026-09-06,276.415,5,624.802,9.956,96,1
02-08-03,2026-09-07,257.002,4,592.403,10.172,96,1
02-08-03,2026-09-08,252.38,3,598.126,9.915,96,1
02-08-03,2026-09-09,262.796,2,601.281,9.757,96,1
02-08-04,2026-07-16,,,253.604,3.806,41,0
02-08-04,2026-07-17,123.321,7,238.219,3.642,96,1
02-08-04,2026-07-18,129.329,8,260.772,3.895,96,1
02-08-04,2026-07-19,145.944,11,256.147,3.83,96,1
02-08-04,2026-07-20,142.582,8,260.961,3.589,96,1
02-08-04,2026-07-21,143.529,9,266.542,3.585,96,1
02-08-04,2026-07-22,137.904,9,269.954,3.61,96,1
02-08-04,2026-07-23,150.87,7,277.97,3.755,96,1
02-08-04,2026-07-24,155.704,8,283.52,3.713,96,1
02-08-04,2026-07-25,167.03,9,308.309,3.8,96,1
02-08-04,2026-07-26,167.575,5,290.112,3.831,96,1
02-08-04,2026-07-27,184.012,7,296.809,3.592,96,1
02-08-04,2026-07-28,165.391,7,285.196,3.65,96,1
02-08-04,2026-07-29,179.029,3,296.358,3.717,96,1
02-08-04,2026-07-30,176.483,3,298.669,3.733,96,1
02-08-04,2026-07-31,177.595,2,290.61,3.601,96,1
02-08-04,2026-08-01,112.139,3,226.353,3.651,96,1
02-08-04,2026-08-02,115.494,9,223.169,3.671,96,1
02-08-04,2026-08-03,108.775,6,229.557,3.641,96,1
02-08-04,2026-08-04,114.115,5,225.725,3.676,96,1
02-08-04,2026-08-05,114.811,5,229.53,3.6,96,1
02-08-04,2026-08-06,116.404,9,219.676,3.555,96,1
02-08-04,2026-08-07,123.835,8,224.822,3.619,96,1
02-08-04,2026-08-08,125.214,8,235.045,3.716,96,1
02-08-04,2026-08-09,116.265,8,227.829,3.616,96,1
02-08-04,2026-08-10,112.113,9,228.072,3.484,96,1
02-08-04,2026-08-11,118.329,4,218.592,3.583,73,0
02-08-04,2026-08-12,128.47,6,221.871,3.696,54,0
02-08-04,2026-08-13,113.567,8,219.787,3.388,57,0
02-08-04,2026-08-14,121.243,10,230.071,3.545,59,0
02-08-04,2026-08-15,126.164,10,230.928,3.595,51,0
02-08-04,2026-08-16,125.281,6,231.795,5.482,71,0
02-08-04,2026-08-17,121.876,7,228.166,6.466,96,1
02-08-04,2026-08-18,125.977,8,224.396,6.56,96,1
02-08-04,2026-08-19,118.489,3,216.924,6.729,96,1
02-08-04,2026-08-20,116.525,0,216.335,6.643,96,1
02-08-04,2026-08-21,115.029,6,215.067,6.528,96,1
02-08-04,2026-08-22,115.223,6,223.096,6.679,96,1
02-08-04,2026-08-23,116.789,7,216.486,6.677,96,1
02-08-04,2026-08-24,106.051,9,216.625,6.449,96,1
02-08-04,2026-08-25,110.836,7,217.842,6.393,96,1
02-08-04,2026-08-26,115.646,8,223.103,6.391,96,1
02-08-04,2026-08-27,116.144,9,221.603,6.393,96,1
02-08-04,2026-08-28,110.757,8,226.722,6.409,96,1
02-08-04,2026-08-29,113.209,7,228.523,6.513,96,1
02-08-04,2026-08-30,114.388,2,218.03,6.574,96,1
02-08-04,2026-08-31,112.249,9,216.025,6.393,96,1
02-08-04,2026-09-01,114.758,7,215.048,6.43,96,1
02-08-04,2026-09-02,114.116,7,220.719,6.302,96,1
02-08-04,2026-09-03,111.086,5,221.373,6.269,96,1
02-08-04,2026-09-04,136.25,12,226.009,6.862,96,1
02-08-04,2026-09-05,124.655,4,234.025,6.549,96,1
02-08-04,2026-09-06,125.84,0,224.21,6.493,96,1
02-08-04,2026-09-07,105.549,7,222.555,6.375,96,1
02-08-04,2026-09-08,122.907,5,222.835,6.167,96,1
02-08-04,2026-09-09,120.154,7,226.818,6.089,96,1
02-12-01,2026-07-13,427.918,0,648.287,3.601,96,1
02-12-01,2026-07-14,459.751,0,645.642,3.636,96,1
02-12-01,2026-07-15,432.585,0,651.426,3.735,75,0
02-12-01,2026-07-16,374.149,7,636.399,3.669,96,1
02-12-01,2026-07-17,399.201,5,635.169,3.605,96,1
02-12-01,2026-07-18,359.928,7,655.372,3.512,96,1
02-12-01,2026-07-19,393.741,3,660.188,3.559,96,1
02-12-01,2026-07-20,377.878,8,644.373,3.554,96,1
02-12-01,2026-07-21,377.481,6,639.106,3.548,96,1
02-12-01,2026-07-22,365.571,5,635.661,3.576,96,1
02-12-01,2026-07-23,368.234,3,632.947,3.623,96,1
02-12-01,2026-07-24,395.145,0,634.682,3.625,96,1
02-12-01,2026-07-25,361.591,2,646.278,3.498,96,1
02-12-01,2026-07-26,381.387,7,642.741,3.616,96,1
02-12-01,2026-07-27,349.685,5,609.137,3.716,96,1
02-12-01,2026-07-28,332.221,6,599.688,3.633,96,1
02-12-01,2026-07-29,349.28,7,611.891,3.7,96,1
02-12-01,2026-07-30,331.779,7,606.188,3.634,96,1
02-12-01,2026-07-31,347.792,7,599.032,3.656,96,1
02-12-01,2026-08-01,326.058,7,612.789,3.534,96,1
02-12-01,2026-08-02,344.832,7,634.317,3.535,96,1
02-12-01,2026-08-11,320.736,0,569.572,3.131,43,0
02-12-01,2026-08-12,,,344.42,1.047,1,0
02-12-01,2026-08-13,,,532.945,2.955,2,0
02-12-01,2026-08-14,,,507.465,2.316,2,0
02-12-01,2026-08-15,,,656.111,4.19,22,0
02-12-01,2026-08-16,355.533,7,643.394,3.57,96,1
02-12-01,2026-08-17,351.382,4,614.428,3.476,96,1
02-12-01,2026-08-18,349.834,9,619.272,3.625,96,1
02-12-01,2026-08-19,332.605,6,608.965,3.593,96,1
02-12-01,2026-08-20,335.82,4,602.372,3.59,96,1
02-12-01,2026-08-21,339.673,8,607.188,3.604,96,1
02-12-01,2026-08-22,326.47,8,619.489,3.502,96,1
02-12-01,2026-08-23,344.968,7,622.187,3.576,96,1
02-12-01,2026-08-24,357.134,1,611.048,3.522,96,1
02-12-01,2026-08-25,330.581,6,612.332,3.604,96,1
02-12-01,2026-08-26,345.47,5,613.503,3.527,96,1
02-12-01,2026-08-27,335.927,5,618.136,3.548,96,1
02-12-01,2026-08-28,330.326,6,617.621,3.493,96,1
02-12-01,2026-08-29,331.44,7,630.211,3.53,96,1
02-12-01,2026-08-30,371.239,3,620.207,3.635,96,1
02-12-01,2026-08-31,327.067,7,589.319,3.705,96,1
02-12-01,2026-09-01,315.12,6,568.93,3.573,96,1
02-12-01,2026-09-02,317.14,6,591.14,3.563,96,1
02-12-01,2026-09-03,338.354,6,589.084,3.576,96,1
02-12-01,2026-09-04,329.527,6,593.998,3.591,96,1
02-12-01,2026-09-05,329.709,7,607.169,3.577,96,1
02-12-01,2026-09-06,322.48,7,605.264,3.505,96,1
02-12-01,2026-09-07,315.02,7,584.552,3.637,96,1
02-12-01,2026-09-08,315.405,7,585.771,3.605,96,1
02-12-01,2026-09-09,309.029,7,586.721,3.403,96,1
02-12-02,2026-07-13,215.346,2,309.743,7.133,90,1
02-12-02,2026-07-14,213.404,7,309.885,6.986,90,1
02-12-02,2026-07-15,174.025,4,288.808,6.975,96,1
02-12-02,2026-07-16,166.93,0,283.801,7.162,96,1
02-12-02,2026-07-17,171.694,9,267.48,6.468,62,0
02-12-02,2026-07-18,160.524,9,295.17,6.925,90,1
02-12-02,2026-07-19,165.032,9,299.323,6.938,96,1
02-12-02,2026-07-20,173.946,8,292.371,7.001,96,1
02-12-02,2026-08-11,167.817,5,296.778,6.914,96,1
02-12-02,2026-08-12,150.544,6,299.657,6.909,96,1
02-12-02,2026-08-13,169.865,5,297.951,6.943,96,1
02-12-02,2026-08-14,171.142,7,303.948,7.017,96,1
02-12-02,2026-08-15,168.701,10,301.787,6.975,96,1
02-12-02,2026-08-16,176.226,10,310.179,6.968,96,1
02-12-02,2026-08-17,167.762,4,297.427,6.935,96,1
02-12-02,2026-08-18,169.75,9,298.749,7.078,96,1
02-12-02,2026-08-19,164.259,7,293.384,7.005,96,1
02-12-02,2026-08-20,161.596,7,300.499,6.964,96,1
02-12-02,2026-08-21,169.64,7,298.466,7.015,96,1
02-12-02,2026-08-22,169.901,8,305.415,6.942,96,1
02-12-02,2026-08-23,175.786,10,307.282,6.961,96,1
02-12-02,2026-08-24,176.812,4,302.554,7.009,96,1
02-12-02,2026-08-25,174.683,9,306.177,7.118,96,1
02-12-02,2026-08-26,172.01,8,299.839,7.095,96,1
02-12-02,2026-08-27,171.01,7,306.715,7.078,96,1
02-12-02,2026-08-28,164.591,6,304.448,6.904,96,1
02-12-02,2026-08-29,168.601,6,312.86,6.935,96,1
02-12-02,2026-08-30,167.955,7,307.768,7.06,96,1
02-12-02,2026-08-31,174.113,9,304.249,7.135,96,1
02-12-02,2026-09-01,163.922,9,297.324,6.891,96,1
02-12-02,2026-09-02,170.921,8,305.711,6.929,96,1
02-12-02,2026-09-03,177.964,6,301.792,6.962,96,1
02-12-02,2026-09-04,176.371,3,319.91,6.967,96,1
02-12-02,2026-09-05,174.968,8,310.575,7.049,96,1
02-12-02,2026-09-06,171.852,5,315.45,6.997,96,1
02-12-02,2026-09-07,171.9,7,308.134,7.009,96,1
02-12-02,2026-09-08,158.981,7,301.838,6.916,96,1
02-12-02,2026-09-09,178.507,0,303.492,6.718,96,1
02-12-03,2026-07-13,,,237.11,2.85,1,0
02-12-03,2026-07-16,,,352.151,5.235,38,0
02-12-03,2026-07-17,191.584,6,322.753,4.419,96,1
02-12-03,2026-08-11,161.464,0,316.308,4.139,96,1
02-12-03,2026-08-12,168.811,8,317.134,4.233,96,1
02-12-03,2026-08-13,170.365,8,317.827,4.392,96,1
02-12-03,2026-08-14,169.789,7,321.669,4.332,96,1
02-12-03,2026-08-15,170.284,9,325.433,4.266,96,1
02-12-03,2026-08-16,174.882,7,325.809,4.339,96,1
02-12-03,2026-08-17,168.709,7,323.754,4.188,96,1
02-12-03,2026-08-18,180.019,9,317.738,4.411,96,1
02-12-03,2026-08-19,154.025,8,302.568,4.368,96,1
02-12-03,2026-08-20,157.46,8,300.924,4.365,96,1
02-12-03,2026-08-21,152.086,8,299.926,4.382,96,1
02-12-03,2026-08-22,149.835,8,310.387,4.27,96,1
02-12-03,2026-08-23,169.903,1,314.343,4.382,96,1
02-12-03,2026-08-24,173.611,0,311.076,4.293,96,1
02-12-03,2026-08-25,156.44,8,306.952,4.381,96,1
02-12-03,2026-08-26,161.958,7,308.555,4.286,96,1
02-12-03,2026-08-27,165.116,7,315.557,4.312,96,1
02-12-03,2026-08-28,164.18,9,313.947,4.248,96,1
02-12-03,2026-08-29,154.893,8,313.483,4.305,96,1
02-12-03,2026-08-30,169.155,8,318.407,4.449,96,1
02-12-03,2026-08-31,163.327,0,307.952,4.499,96,1
02-12-03,2026-09-01,168.419,0,300.7,4.333,96,1
02-12-03,2026-09-02,168.309,7,311.373,4.316,96,1
02-12-03,2026-09-03,174.021,7,305.046,4.347,96,1
02-12-03,2026-09-04,160.632,8,302.636,4.378,96,1
02-12-03,2026-09-05,160.595,8,309.901,4.377,96,1
02-12-03,2026-09-06,159.506,8,305.038,4.291,96,1
02-12-03,2026-09-07,152.445,8,303.715,4.417,96,1
02-12-03,2026-09-08,150.071,8,294.503,4.368,96,1
02-12-03,2026-09-09,155.885,8,295.896,4.116,96,1
02-13-01,2026-07-13,,,161.195,2.255,2,0
02-13-01,2026-07-14,,,141.918,1.759,10,0
02-13-01,2026-07-15,251.196,12,241.648,3.834,76,0
02-13-01,2026-07-16,115.415,8,219.514,4.57,96,1
02-13-01,2026-07-17,123.881,4,222.619,4.511,96,1
02-13-01,2026-07-18,113.14,8,235.103,4.393,96,1
02-13-01,2026-07-19,124.276,9,237.214,4.458,96,1
02-13-01,2026-07-20,117.269,5,225.004,4.434,96,1
02-13-01,2026-07-21,118.879,6,225.71,4.426,96,1
02-13-01,2026-07-22,118.324,8,203.379,4.473,96,1
02-13-01,2026-07-23,121.766,4,223.785,4.516,96,1
02-13-01,2026-07-24,125.769,0,223.625,4.509,96,1
02-13-01,2026-07-25,113.854,6,227.921,4.371,96,1
02-13-01,2026-07-26,121.033,9,230.549,4.517,96,1
02-13-01,2026-07-27,116.866,5,222.119,4.615,96,1
02-13-01,2026-07-28,110.56,8,218.685,4.479,96,1
02-13-01,2026-07-29,118.888,8,223.742,4.598,96,1
02-13-01,2026-07-30,115.81,8,222.873,4.499,96,1
02-13-01,2026-07-31,119.788,8,220.479,4.462,96,1
02-13-01,2026-08-01,110.276,7,225.956,4.357,96,1
02-13-01,2026-08-02,116.383,7,233.119,4.371,96,1
02-13-01,2026-08-03,116.489,4,229.975,4.524,94,1
02-13-01,2026-08-04,116.979,6,226.682,4.21,96,1
02-13-01,2026-08-05,107.901,1,228.823,4.138,96,1
02-13-01,2026-08-06,120.17,4,220.931,4.342,96,1
02-13-01,2026-08-07,114.544,7,219.878,4.417,96,1
02-13-01,2026-08-08,110.472,6,228.54,4.357,96,1
02-13-01,2026-08-09,115.347,5,230.318,4.386,96,1
02-13-01,2026-08-10,116.269,7,220.862,4.263,96,1
02-13-01,2026-08-11,112.186,0,222.332,4.237,96,1
02-13-01,2026-08-12,117.182,4,228.762,4.316,96,1
02-13-01,2026-08-13,116.562,6,224.921,4.507,96,1
02-13-01,2026-08-14,118.734,7,225.23,4.42,96,1
02-13-01,2026-08-15,112.976,7,230.233,4.351,96,1
02-13-01,2026-08-16,115.385,7,230.867,4.426,96,1
02-13-01,2026-08-17,109.651,6,221.302,4.293,96,1
02-13-01,2026-08-18,117.745,8,223.045,4.489,96,1
02-13-01,2026-08-19,111.726,6,219.293,4.451,96,1
02-13-01,2026-08-20,111.219,4,217.722,4.447,96,1
02-13-01,2026-08-21,111.123,7,221.41,4.446,96,1
02-13-01,2026-08-22,109.765,7,226.834,4.33,96,1
02-13-01,2026-08-23,114.254,5,229.767,4.435,96,1
02-13-01,2026-08-24,119.915,1,224.672,4.361,96,1
02-13-01,2026-08-25,112.26,4,223.741,4.439,96,1
02-13-01,2026-08-26,112.53,0,224.44,4.334,96,1
02-13-01,2026-08-27,115.845,4,224.712,4.383,96,1
02-13-01,2026-08-28,112.969,4,225.674,4.33,96,1
02-13-01,2026-08-29,110.359,7,229.379,4.369,96,1
02-13-01,2026-08-30,122.802,5,233.155,4.488,96,1
02-13-01,2026-08-31,116.488,7,222.501,4.547,96,1
02-13-01,2026-09-01,116.924,4,219.775,4.389,96,1
02-13-01,2026-09-02,115.184,4,224.88,4.378,96,1
02-13-01,2026-09-03,123.93,6,226.697,4.392,96,1
02-13-01,2026-09-04,122.834,7,225.944,4.412,96,1
02-13-01,2026-09-05,119.498,8,232.66,4.409,96,1
02-13-01,2026-09-06,114.924,8,232.738,4.296,96,1
02-13-01,2026-09-07,117.611,8,227.917,4.452,96,1
02-13-01,2026-09-08,119.834,4,225.33,4.403,96,1
02-13-01,2026-09-09,115.259,5,223.991,4.157,96,1
02-13-02,2026-07-13,180.65,12,234.28,4.594,96,1
02-13-02,2026-07-14,183.73,12,238.46,4.584,96,1
02-13-02,2026-07-15,181.011,12,242.779,4.75,71,0
02-13-02,2026-07-16,126.815,8,234.749,4.629,96,1
02-13-02,2026-07-17,135.489,8,232.843,4.574,95,1
02-13-02,2026-07-18,123.953,9,131.281,1.228,18,0
02-13-02,2026-07-20,,,265.737,5.033,38,0
02-13-02,2026-07-21,128.37,7,235.617,4.453,96,1
02-13-02,2026-07-22,126.076,8,230.359,3.572,96,1
02-13-02,2026-07-23,129.925,4,233.026,3.843,96,1
02-13-02,2026-07-24,139.724,9,235.348,3.908,96,1
02-13-02,2026-07-25,133.994,3,241.387,3.782,96,1
02-13-02,2026-07-26,132.757,9,223.966,3.891,64,0
02-13-02,2026-07-27,126.206,6,234.583,3.922,96,1
02-13-02,2026-07-28,122.846,10,228.282,3.902,96,1
02-13-02,2026-07-29,131.875,9,233.599,4.003,96,1
02-13-02,2026-07-30,122.498,9,234.522,4.058,96,1
02-13-02,2026-07-31,132.756,9,235.18,3.699,96,1
02-13-02,2026-08-01,122.748,6,238.522,4.931,96,1
02-13-02,2026-08-02,125.676,9,241.158,4.754,96,1
02-13-02,2026-08-03,125.706,6,239.116,3.649,96,1
02-13-02,2026-08-04,130.146,8,237.005,4.785,96,1
02-13-02,2026-08-05,115.347,1,232.624,4.71,96,1
02-13-02,2026-08-06,131.614,8,236.379,4.898,96,1
02-13-02,2026-08-07,129.946,8,235.469,4.971,96,1
02-13-02,2026-08-08,125.78,8,240.31,3.526,96,1
02-13-02,2026-08-09,127.544,4,237.326,4.962,96,1
02-13-02,2026-08-10,121.665,8,229.346,4.829,96,1
02-13-02,2026-08-11,122.45,8,229.701,4.528,96,1
02-13-02,2026-08-12,124.254,8,233.162,3.611,96,1
02-13-02,2026-08-13,126.074,6,233.724,3.676,96,1
02-13-02,2026-08-14,128.929,8,235.654,3.731,96,1
02-13-02,2026-08-15,128.055,6,238.748,4.136,96,1
02-13-02,2026-08-16,127.733,7,239.345,3.555,96,1
02-13-02,2026-08-17,118.496,7,233.059,4.837,96,1
02-13-02,2026-08-18,122.821,9,236.326,5.044,96,1
02-13-02,2026-08-19,126.214,8,233.285,4.606,96,1
02-13-02,2026-08-20,126.699,2,266.533,4.98,96,1
02-13-02,2026-08-21,125.15,8,235.224,4.699,96,1
02-13-02,2026-08-22,126.526,8,242.703,4.757,96,1
02-13-02,2026-08-23,134.249,7,242.37,4.365,96,1
02-13-02,2026-08-24,131.007,2,238.988,4.379,96,1
02-13-02,2026-08-25,126.188,7,240.488,4.787,96,1
02-13-02,2026-08-26,133.471,6,240.604,4.87,96,1
02-13-02,2026-08-27,132.541,5,241.246,4.381,96,1
02-13-02,2026-08-28,125.085,7,241.569,4.834,96,1
02-13-02,2026-08-29,126.559,8,245.901,4.878,96,1
02-13-02,2026-08-30,139.314,8,248.913,4.969,96,1
02-13-02,2026-08-31,130.28,7,246.23,5.079,96,1
02-13-02,2026-09-01,135.233,7,242.701,4.859,96,1
02-13-02,2026-09-02,138.734,8,249.773,4.878,96,1
02-13-02,2026-09-03,145.666,8,249.252,4.918,96,1
02-13-02,2026-09-04,144.74,8,249.176,4.919,96,1
02-13-02,2026-09-05,140.046,8,254.917,4.937,96,1
02-13-02,2026-09-06,131.615,8,254.78,4.811,96,1
02-13-02,2026-09-07,130.405,8,250.541,4.98,96,1
02-13-02,2026-09-08,137.895,8,249.083,4.849,96,1
02-13-02,2026-09-09,130.792,4,244.996,4.703,96,1
02-13-03,2026-07-13,253.651,0,270.822,4.565,96,1
02-13-03,2026-07-14,262.104,0,272.414,4.555,96,1
02-13-03,2026-07-15,264.44,0,290.222,4.789,77,0
02-13-03,2026-07-16,152.635,8,268.26,4.601,96,1
02-13-03,2026-07-18,157.748,7,280.261,4.413,96,1
02-13-03,2026-07-19,163.909,6,164.864,2.417,14,0
02-13-03,2026-07-20,148.815,8,248.906,4.024,41,0
02-13-03,2026-07-21,148.811,7,261.786,4.475,96,1
02-13-03,2026-07-22,145.024,8,260.224,4.525,96,1
02-13-03,2026-07-23,151.221,1,263.648,4.575,96,1
02-13-03,2026-07-24,162.071,0,267.066,4.553,96,1
02-13-03,2026-07-25,148.64,8,268.224,4.42,96,1
02-13-03,2026-07-26,159.351,9,273.116,4.562,96,1
02-13-03,2026-07-27,158.752,4,265.792,4.659,96,1
02-13-03,2026-07-28,141.539,8,257.119,4.548,96,1
02-13-03,2026-07-29,149.434,5,269.822,4.649,96,1
02-13-03,2026-07-30,139.76,8,260.734,4.548,96,1
02-13-03,2026-07-31,150.435,8,260.184,4.522,96,1
02-13-03,2026-08-01,141.695,6,265.316,4.412,96,1
02-13-03,2026-08-02,144.475,5,267.354,4.422,96,1
02-13-03,2026-08-03,141.804,4,262.473,4.563,96,1
02-13-03,2026-08-04,148.023,6,260.667,4.279,96,1
02-13-03,2026-08-05,126.32,2,257.852,4.214,96,1
02-13-03,2026-08-06,151.938,4,263.651,4.396,96,1
02-13-03,2026-08-07,145.428,7,257.336,4.496,96,1
02-13-03,2026-08-08,147.796,6,265.844,4.417,96,1
02-13-03,2026-08-11,141.942,0,264.583,4.308,96,1
02-13-03,2026-08-12,158.381,6,282.047,4.357,96,1
02-13-03,2026-08-13,163.816,4,265.994,4.581,96,1
02-13-03,2026-08-14,142.19,7,253.257,4.501,96,1
02-13-03,2026-08-15,132.404,1,253.055,4.428,96,1
02-13-03,2026-08-16,137.607,7,256.204,4.499,96,1
02-13-03,2026-08-17,133.771,6,246.349,4.373,96,1
02-13-03,2026-08-18,135.694,9,246.938,4.584,96,1
02-13-03,2026-08-19,126.183,2,243.154,4.557,96,1
02-13-03,2026-08-20,135.08,3,244.087,4.54,96,1
02-13-03,2026-08-21,139.905,6,247.127,4.539,96,1
02-13-03,2026-08-22,133.556,7,250.901,4.416,96,1
02-13-03,2026-08-23,130.327,5,256.255,4.507,96,1
02-13-03,2026-08-24,139.939,1,247.931,4.45,96,1
02-13-03,2026-08-25,129.886,7,247.593,4.525,96,1
02-13-03,2026-08-26,107.285,2,245.802,4.426,96,1
02-13-03,2026-08-27,133.43,5,251.417,4.466,96,1
02-13-03,2026-08-28,131.411,7,241.929,4.471,96,1
02-13-03,2026-08-29,122.949,5,236.4,4.587,96,1
02-13-03,2026-08-30,122.364,7,237.008,4.737,96,1
02-13-03,2026-08-31,118.161,2,226.206,4.809,96,1
02-13-03,2026-09-01,118.133,5,224.195,4.651,96,1
02-13-03,2026-09-02,116.83,5,227.762,4.648,96,1
02-13-03,2026-09-03,124.556,4,226.149,4.659,96,1
02-13-03,2026-09-04,96.399,0,229.609,4.661,96,1
02-13-03,2026-09-05,125.662,8,242.21,4.654,96,1
02-13-03,2026-09-06,123.518,6,245.318,4.536,96,1
02-13-03,2026-09-07,120.406,4,232.307,4.714,96,1
02-13-03,2026-09-08,113.274,4,216.772,4.666,96,1
02-13-03,2026-09-09,108.415,4,222.157,4.429,96,1
02-13-04,2026-07-13,128.546,8,243.565,5.584,96,1
02-13-04,2026-07-14,125.821,8,247.312,5.609,96,1
02-13-04,2026-07-15,132.91,8,246.171,5.584,96,1
02-13-04,2026-07-16,142.966,10,244.366,5.607,96,1
02-13-04,2026-07-17,126.666,4,240.276,5.614,96,1
02-13-04,2026-07-18,123.579,9,252.25,5.503,96,1
02-13-04,2026-07-19,133.745,10,256.688,5.581,96,1
02-13-04,2026-07-20,130.029,9,245.44,5.47,96,1
02-13-04,2026-07-21,122.601,6,241.181,5.491,96,1
02-13-04,2026-07-22,132.059,7,242.511,5.537,96,1
02-13-04,2026-07-23,129.069,5,242.547,5.601,96,1
02-13-04,2026-07-24,136.739,11,240.757,5.567,96,1
02-13-04,2026-07-25,129.451,7,250.235,5.474,96,1
02-13-04,2026-07-26,125.561,10,249.491,5.635,96,1
02-13-04,2026-07-27,117.331,6,239.769,5.687,96,1
02-13-04,2026-07-28,118.023,6,236.481,5.534,96,1
02-13-04,2026-07-29,123.345,6,240.251,5.693,96,1
02-13-04,2026-07-30,128.637,7,241.07,5.574,96,1
02-13-04,2026-07-31,129.35,10,239.946,5.474,96,1
02-13-04,2026-08-01,120.457,9,245.766,5.433,96,1
02-13-04,2026-08-02,117.713,8,247.826,5.47,96,1
02-13-04,2026-08-03,128.109,9,244.284,5.576,96,1
02-13-04,2026-08-04,129.874,9,245.054,5.344,96,1
02-13-04,2026-08-05,114.615,3,241.809,5.305,96,1
02-13-04,2026-08-07,133.414,9,240.433,5.512,96,1
02-13-04,2026-08-08,127.334,9,250.829,5.455,96,1
02-13-04,2026-08-09,136.31,2,246.729,5.508,96,1
02-13-04,2026-08-10,123.707,6,239.848,5.382,96,1
02-13-04,2026-08-11,118.084,8,238.147,5.335,96,1
02-13-04,2026-08-12,122.641,8,251.086,5.421,96,1
02-13-04,2026-08-13,128.06,9,242.452,5.624,96,1
02-13-04,2026-08-14,125.211,8,244.319,5.503,96,1
02-13-04,2026-08-15,117.436,7,249.894,5.458,96,1
02-13-04,2026-08-16,144.657,5,253.114,5.546,96,1
02-13-04,2026-08-17,123.114,9,245.443,5.36,96,1
02-13-04,2026-08-18,127.615,9,244.896,5.604,96,1
02-13-04,2026-08-19,115.068,8,240.548,5.558,96,1
02-13-04,2026-08-20,128.393,9,232.653,5.467,96,1
02-13-04,2026-08-21,128.856,9,244.238,5.537,96,1
02-13-04,2026-08-22,130.619,8,249.892,5.446,96,1
02-13-04,2026-08-23,127.66,9,254.637,5.572,96,1
02-13-04,2026-08-24,127.899,8,243.882,5.477,96,1
02-13-04,2026-08-25,132.295,8,243.813,5.516,96,1
02-13-04,2026-08-26,123.028,6,247.994,5.396,96,1
02-13-04,2026-08-27,122.57,7,249.218,5.47,96,1
02-13-04,2026-08-28,118.451,8,245.878,5.457,96,1
02-13-04,2026-08-29,114.882,9,249.287,5.494,96,1
02-13-04,2026-08-30,138.184,9,253.113,5.619,96,1
02-13-04,2026-08-31,132.453,8,245.654,5.622,96,1
02-13-04,2026-09-01,124.55,9,240.539,5.491,96,1
02-13-04,2026-09-02,129.094,8,250.514,5.456,96,1
02-13-04,2026-09-03,137.189,8,247.935,5.475,96,1
02-13-04,2026-09-04,130.243,7,246.324,5.49,96,1
02-13-04,2026-09-05,124.788,4,262.053,5.495,96,1
02-13-04,2026-09-06,138.669,9,258.225,5.382,96,1
02-13-04,2026-09-07,136.482,8,253.086,5.51,96,1
02-13-04,2026-09-08,119.736,8,243.631,5.463,96,1
02-13-04,2026-09-09,120.344,4,244.547,5.238,96,1
02-13-05,2026-07-13,65.075,3,120.037,3.983,93,1
02-13-05,2026-07-14,64.442,8,119.411,4.068,96,1
02-13-05,2026-07-15,66.369,1,118.546,4.053,96,1
02-13-05,2026-07-16,93.996,0,276.953,4.03,96,1
02-13-05,2026-07-17,189.786,1,284.88,4.009,96,1
02-13-05,2026-07-18,160.444,8,276.006,3.731,74,0
02-13-05,2026-07-19,178.943,1,287.766,4.085,96,1
02-13-05,2026-07-20,164.286,4,282.421,3.98,96,1
02-13-05,2026-08-11,147.004,0,266.393,3.09,96,1
02-13-05,2026-08-12,152.416,8,272.307,3.2,96,1
02-13-05,2026-08-13,161.069,3,279.847,3.7,96,1
02-13-05,2026-08-14,169.204,8,279.876,3.614,96,1
02-13-05,2026-08-15,159.821,3,282.579,3.649,96,1
02-13-05,2026-08-16,166.097,3,286.985,3.602,95,1
02-13-05,2026-08-17,160.34,6,281.167,3.495,96,1
02-13-05,2026-08-18,165.91,10,285.991,3.736,96,1
02-13-05,2026-08-19,162.425,6,281.448,3.747,96,1
02-13-05,2026-08-20,162.433,5,281.63,3.291,96,1
02-13-05,2026-08-21,164.944,4,283.049,2.262,96,1
02-13-05,2026-08-22,162.597,8,284.11,2.215,96,1
02-13-05,2026-08-23,166.431,4,287.733,2.274,96,1
02-13-05,2026-08-24,172.613,1,284.227,2.224,96,1
02-13-05,2026-08-25,163.456,6,287.999,2.24,96,1
02-13-05,2026-08-26,167.359,5,288.444,2.189,96,1
02-13-05,2026-08-27,164.616,5,287.358,2.868,96,1
02-13-05,2026-08-28,162.739,4,286.894,4.6,96,1
02-13-05,2026-08-29,159.906,8,286.031,4.651,96,1
02-13-05,2026-08-30,173.304,2,290.483,4.76,96,1
02-13-05,2026-08-31,167.955,6,285.511,4.772,96,1
02-13-05,2026-09-01,167.801,7,283.343,4.631,96,1
02-13-05,2026-09-02,131.58,0,287.116,4.595,96,1
02-13-05,2026-09-03,180.766,1,289.0,4.596,96,1
02-13-05,2026-09-04,170.894,5,289.458,4.617,96,1
02-13-05,2026-09-05,172.801,2,291.626,4.642,96,1
02-13-05,2026-09-06,166.561,4,289.914,4.522,96,1
02-13-05,2026-09-07,167.012,6,288.539,4.647,96,1
02-13-05,2026-09-08,167.711,8,290.208,4.589,96,1
02-13-05,2026-09-09,163.812,6,288.785,4.359,96,1
02-13-06,2026-07-13,116.559,7,240.848,5.208,96,1
02-13-06,2026-07-14,113.015,9,239.063,5.242,96,1
02-13-06,2026-07-15,122.175,6,240.092,5.218,96,1
02-13-06,2026-07-16,114.341,7,235.083,5.241,96,1
02-13-06,2026-07-17,122.299,8,235.79,5.246,96,1
02-13-06,2026-07-18,112.915,10,247.176,5.129,96,1
02-13-06,2026-08-11,108.031,8,228.95,4.971,96,1
02-13-06,2026-08-12,107.976,8,230.997,5.07,96,1
02-13-06,2026-08-13,117.047,6,234.733,5.254,96,1
02-13-06,2026-08-14,115.461,7,233.423,5.139,96,1
02-13-06,2026-08-15,115.741,9,242.288,5.085,96,1
02-13-06,2026-08-16,120.459,10,239.146,5.174,96,1
02-13-06,2026-08-17,109.43,7,236.134,4.994,96,1
02-13-06,2026-08-18,116.787,9,234.278,5.238,96,1
02-13-06,2026-08-19,105.362,5,231.077,5.184,96,1
02-13-06,2026-08-20,110.731,3,235.306,5.188,96,1
02-13-06,2026-08-21,109.623,8,236.179,5.173,96,1
02-13-06,2026-08-22,107.432,6,243.328,5.073,96,1
02-13-06,2026-08-23,107.825,3,232.899,5.213,96,1
02-13-06,2026-08-24,113.024,4,228.007,5.115,96,1
02-13-06,2026-08-25,105.174,6,227.743,5.155,96,1
02-13-06,2026-08-26,106.994,8,227.221,5.037,96,1
02-13-06,2026-08-27,110.239,5,229.264,5.114,96,1
02-13-06,2026-08-28,101.921,6,228.852,5.093,96,1
02-13-06,2026-08-29,102.299,8,231.319,5.133,96,1
02-13-06,2026-08-30,111.977,7,235.894,5.256,96,1
02-13-06,2026-08-31,105.119,8,229.174,5.26,96,1
02-13-06,2026-09-01,107.275,8,225.151,5.132,96,1
02-13-06,2026-09-02,108.712,8,229.251,5.105,96,1
02-13-06,2026-09-03,114.547,7,232.968,5.115,96,1
02-13-06,2026-09-04,119.093,3,235.023,5.125,96,1
02-13-06,2026-09-05,120.603,10,239.379,5.145,96,1
02-13-06,2026-09-06,111.769,9,236.121,5.026,96,1
02-13-06,2026-09-07,112.985,7,231.928,5.153,96,1
02-13-06,2026-09-08,116.524,8,232.653,5.102,96,1
02-13-06,2026-09-09,109.292,4,231.439,4.87,96,1
02-14-03,2026-07-13,327.793,3,271.247,4.158,72,0
02-14-03,2026-07-14,328.957,6,299.768,4.372,73,0
02-14-03,2026-07-15,423.01,0,456.8,6.344,70,0
02-14-03,2026-07-16,199.985,6,334.198,5.44,33,0
02-14-03,2026-07-17,214.244,7,383.466,5.782,50,0
02-14-03,2026-07-18,184.209,5,423.748,5.963,96,1
02-14-03,2026-07-19,214.74,8,400.766,5.968,96,1
02-14-03,2026-07-20,209.073,7,388.843,5.671,75,0
02-14-03,2026-07-21,245.142,5,413.349,5.663,96,1
02-14-03,2026-07-22,206.169,8,402.319,5.746,96,1
02-14-03,2026-07-23,208.845,6,402.807,5.953,96,1
02-14-03,2026-07-24,201.735,5,404.939,5.874,96,1
02-14-03,2026-07-25,216.425,4,421.454,5.961,96,1
02-14-03,2026-07-26,250.959,8,395.283,6.11,96,1
02-14-03,2026-07-27,209.676,4,384.359,5.881,96,1
02-14-03,2026-07-28,202.759,6,379.957,6.16,96,1
02-14-03,2026-07-29,191.789,7,374.251,6.134,96,1
02-14-03,2026-07-30,186.995,6,388.029,6.102,96,1
02-14-03,2026-07-31,197.685,6,386.526,5.92,96,1
02-14-03,2026-08-01,197.289,8,405.102,5.904,96,1
02-14-03,2026-08-02,214.576,6,397.088,5.899,96,1
02-14-03,2026-08-03,201.206,5,407.705,5.777,96,1
02-14-03,2026-08-04,214.414,7,412.568,5.773,96,1
02-14-03,2026-08-05,214.955,6,402.136,5.625,76,0
02-14-03,2026-08-06,197.547,7,399.546,5.75,96,1
02-14-03,2026-08-07,128.065,12,370.907,5.202,96,1
02-14-03,2026-08-08,212.825,7,419.548,5.773,96,1
02-14-03,2026-08-09,196.336,5,397.133,5.769,96,1
02-14-03,2026-08-10,190.726,6,386.677,5.671,96,1
02-14-03,2026-08-11,202.184,4,385.001,5.78,96,1
02-14-03,2026-08-12,180.335,7,387.846,6.013,96,1
02-14-03,2026-08-13,197.349,2,400.232,5.69,96,1
02-14-03,2026-08-14,206.214,5,400.513,5.693,96,1
02-14-03,2026-08-15,187.657,6,412.292,5.706,96,1
02-14-03,2026-08-16,204.601,7,393.756,5.969,96,1
02-14-03,2026-08-17,208.098,4,396.289,5.61,96,1
02-14-03,2026-08-18,195.489,5,399.592,5.67,96,1
02-14-03,2026-08-19,226.226,6,398.017,5.843,96,1
02-14-03,2026-08-20,191.733,5,384.539,5.77,96,1
02-14-03,2026-08-21,188.446,2,406.727,5.623,96,1
02-14-03,2026-08-22,192.989,5,428.097,5.698,96,1
02-14-03,2026-08-23,193.968,6,387.47,5.835,96,1
02-14-03,2026-08-24,192.604,0,395.341,5.624,96,1
02-14-03,2026-08-25,195.904,7,397.302,5.567,96,1
02-14-03,2026-08-26,207.822,5,400.944,5.538,96,1
02-14-03,2026-08-27,192.744,5,402.352,5.538,96,1
02-14-03,2026-08-28,198.585,6,409.385,5.516,96,1
02-14-03,2026-08-29,191.739,6,409.964,5.619,96,1
02-14-03,2026-08-30,186.015,5,392.026,5.722,96,1
02-14-03,2026-08-31,195.996,7,390.492,5.555,96,1
02-14-03,2026-09-01,203.21,4,397.492,5.576,96,1
02-14-03,2026-09-02,203.629,4,405.804,5.437,96,1
02-14-03,2026-09-03,205.14,7,405.127,5.398,96,1
02-14-03,2026-09-04,241.92,4,417.573,5.909,95,1
02-14-03,2026-09-05,206.249,5,415.893,5.654,96,1
02-14-03,2026-09-06,196.541,4,404.813,5.671,96,1
02-14-03,2026-09-07,200.354,2,402.346,5.53,96,1
02-14-03,2026-09-08,215.015,7,405.431,5.329,96,1
02-14-03,2026-09-09,210.412,3,412.268,5.283,96,1
02-14-04,2026-08-12,286.871,6,553.586,6.635,96,1
02-14-04,2026-08-13,283.72,5,547.288,6.292,96,1
02-14-04,2026-08-14,295.194,4,559.011,6.265,96,1
02-14-04,2026-08-15,292.84,6,575.622,6.265,96,1
02-14-04,2026-08-16,302.866,6,577.543,6.545,96,1
02-14-04,2026-08-17,308.891,4,559.128,6.162,96,1
02-14-04,2026-08-18,302.627,5,556.75,6.232,96,1
02-14-04,2026-08-19,300.03,7,552.409,6.44,96,1
02-14-04,2026-08-20,291.343,2,552.775,6.331,96,1
02-14-04,2026-08-21,287.42,3,553.953,6.218,96,1
02-14-04,2026-08-22,287.49,5,565.908,6.33,96,1
02-14-04,2026-08-23,296.701,5,567.447,6.413,96,1
02-14-04,2026-08-24,282.907,2,554.681,6.186,96,1
02-14-04,2026-08-25,288.95,5,558.388,6.122,96,1
02-14-04,2026-08-26,289.481,4,557.674,6.101,94,1
02-14-04,2026-08-27,290.34,4,560.568,6.093,95,1
02-14-04,2026-08-28,284.233,4,557.963,6.103,96,1
02-14-04,2026-08-29,287.814,5,540.411,5.953,54,0
02-14-04,2026-08-30,,,632.912,6.432,57,0
02-14-04,2026-08-31,283.543,4,556.375,6.116,96,1
02-14-04,2026-09-01,294.352,4,551.897,6.178,96,1
02-14-04,2026-09-02,293.438,5,564.902,6.031,94,1
02-14-04,2026-09-03,300.592,5,570.639,6.039,95,1
02-14-04,2026-09-04,314.535,3,568.727,6.237,96,1
02-14-04,2026-09-05,294.914,4,585.725,6.183,96,1
02-14-04,2026-09-06,302.244,7,582.936,6.253,96,1
02-14-04,2026-09-07,288.751,4,560.425,6.097,96,1
02-14-04,2026-09-08,292.994,4,560.521,5.884,96,1
02-14-04,2026-09-09,289.171,4,563.237,5.826,95,1
02-14-05,2026-08-11,176.595,8,309.175,3.485,43,0
02-14-05,2026-08-12,,,177.225,2.627,2,0
02-14-05,2026-08-13,,,264.765,2.94,4,0
02-14-05,2026-08-14,,,197.615,2.272,2,0
02-14-05,2026-08-15,,,177.24,1.79,1,0
02-14-05,2026-08-16,,,174.155,1.955,2,0
02-14-05,2026-08-17,,,263.532,2.709,5,0
02-14-05,2026-08-18,,,329.418,5.02,6,0
02-14-05,2026-08-19,,,249.555,2.725,4,0
02-14-05,2026-08-20,,,173.46,2.04,1,0
02-14-05,2026-08-21,,,259.49,2.872,2,0
02-14-05,2026-08-24,,,306.985,3.513,2,0
02-14-05,2026-08-25,,,164.9,1.98,1,0
02-14-05,2026-08-26,,,187.07,2.273,2,0
02-14-05,2026-08-27,,,176.935,2.22,2,0
02-14-05,2026-08-28,,,372.128,5.706,5,0
02-14-05,2026-08-29,,,255.12,3.532,2,0
02-14-05,2026-08-30,,,318.028,4.352,5,0
02-14-05,2026-08-31,,,270.74,4.669,11,0
02-14-05,2026-09-01,,,260.193,5.6,3,0
02-14-05,2026-09-02,,,302.693,3.393,7,0
02-14-05,2026-09-08,,,280.57,2.27,1,0
02-14-06,2026-07-13,192.765,0,261.655,4.923,40,0
02-14-06,2026-07-14,187.289,0,256.729,4.684,96,1
02-14-06,2026-07-15,185.186,0,264.905,4.939,82,0
02-14-06,2026-07-16,151.236,5,247.056,4.73,96,1
02-14-06,2026-07-17,151.77,5,246.77,4.647,96,1
02-14-06,2026-07-18,153.79,7,260.863,4.728,96,1
02-14-06,2026-07-19,164.495,5,261.106,4.723,96,1
02-14-06,2026-07-20,158.289,6,247.925,4.51,96,1
02-14-06,2026-07-21,157.215,7,248.277,4.495,96,1
02-14-06,2026-07-22,145.906,5,244.589,4.579,96,1
02-14-06,2026-07-23,155.659,3,248.497,4.783,96,1
02-14-06,2026-07-24,154.832,5,249.067,4.689,96,1
02-14-06,2026-07-25,158.46,7,254.049,4.753,96,1
02-14-06,2026-07-26,157.009,5,163.255,3.456,15,0
02-14-06,2026-08-11,143.459,1,242.21,4.587,96,1
02-14-06,2026-08-12,145.51,6,250.293,4.778,96,1
02-14-06,2026-08-13,143.233,2,241.672,4.481,96,1
02-14-06,2026-08-14,146.299,4,245.504,4.485,96,1
02-14-06,2026-08-15,146.822,7,253.114,4.482,96,1
02-14-06,2026-08-16,153.759,5,258.593,4.721,96,1
02-14-06,2026-08-17,152.505,4,244.864,4.401,96,1
02-14-06,2026-08-18,150.782,3,245.27,4.473,96,1
02-14-06,2026-08-19,151.824,7,245.362,4.639,96,1
02-14-06,2026-08-20,143.535,1,241.959,4.57,96,1
02-14-06,2026-08-21,142.772,3,239.608,4.432,96,1
02-14-06,2026-08-22,141.886,4,247.0,4.476,96,1
02-14-06,2026-08-23,145.026,4,250.467,4.594,96,1
02-14-06,2026-08-24,145.114,0,243.744,4.411,96,1
02-14-06,2026-08-25,144.178,4,240.408,4.366,96,1
02-14-06,2026-08-26,141.124,4,243.172,4.333,96,1
02-14-06,2026-08-27,145.468,4,246.309,4.337,96,1
02-14-06,2026-08-28,149.582,4,247.534,4.336,96,1
02-14-06,2026-08-29,147.273,5,252.906,4.405,96,1
02-14-06,2026-08-30,147.561,5,264.105,4.409,96,1
02-14-06,2026-08-31,141.869,1,239.103,4.345,96,1
02-14-06,2026-09-01,146.962,2,240.396,4.351,96,1
02-14-06,2026-09-02,144.689,4,241.855,4.234,96,1
02-14-06,2026-09-03,153.162,4,247.028,4.233,96,1
02-14-06,2026-09-04,178.054,2,248.651,4.657,96,1
02-14-06,2026-09-05,141.936,3,250.882,4.431,96,1
02-14-06,2026-09-06,145.662,4,251.014,4.464,96,1
02-14-06,2026-09-07,140.238,4,240.668,4.331,96,1
02-14-06,2026-09-08,145.812,3,241.007,4.121,96,1
02-14-06,2026-09-09,142.416,2,249.735,4.06,96,1
02-14-07,2026-08-11,333.782,7,638.59,4.103,89,1
02-14-07,2026-08-12,352.523,6,655.583,4.286,90,1
02-14-07,2026-08-13,329.407,5,627.25,3.984,89,1
02-14-07,2026-08-14,349.655,7,645.658,4.033,92,1
02-14-07,2026-08-15,364.021,11,573.721,3.733,63,0
02-14-07,2026-08-16,,,294.04,2.928,1,0
02-14-07,2026-08-17,,,457.585,2.801,4,0
02-14-07,2026-08-18,,,292.77,2.802,1,0
02-14-07,2026-08-19,,,430.125,2.807,4,0
02-14-07,2026-08-20,,,679.069,3.733,34,0
02-14-07,2026-08-21,321.24,5,614.054,3.879,96,1
02-14-07,2026-08-22,338.534,4,643.237,4.041,96,1
02-14-07,2026-08-23,324.618,5,629.483,4.122,96,1
02-14-07,2026-08-24,330.363,2,624.277,3.894,96,1
02-14-07,2026-08-25,339.294,1,621.86,3.864,96,1
02-14-07,2026-08-26,323.88,6,631.823,3.852,96,1
02-14-07,2026-08-27,340.889,5,628.886,3.865,96,1
02-14-07,2026-08-28,328.27,4,634.273,3.857,96,1
02-14-07,2026-08-29,333.76,4,646.618,3.968,96,1
02-14-07,2026-08-30,350.121,6,630.325,4.042,96,1
02-14-07,2026-08-31,320.464,1,613.529,3.904,96,1
02-14-07,2026-09-01,339.989,5,620.911,3.883,96,1
02-14-07,2026-09-02,339.071,6,618.784,3.772,96,1
02-14-07,2026-09-03,336.91,5,628.356,3.648,96,1
02-14-07,2026-09-04,423.914,11,637.177,4.205,96,1
02-14-07,2026-09-05,342.234,4,665.61,3.937,96,1
02-14-07,2026-09-06,348.64,4,646.114,3.977,96,1
02-14-07,2026-09-07,332.035,3,631.622,3.861,96,1
02-14-07,2026-09-08,348.576,2,625.205,3.673,96,1
02-14-07,2026-09-09,336.094,4,622.134,3.675,96,1
02-14-08,2026-07-13,272.535,0,277.523,4.136,96,1
02-14-08,2026-07-14,279.382,0,285.614,4.096,96,1
02-14-08,2026-07-15,281.144,0,283.741,4.177,96,1
02-14-08,2026-07-16,271.365,0,271.017,4.226,96,1
02-14-08,2026-07-17,272.822,0,273.968,4.087,96,1
02-14-08,2026-07-18,258.009,0,284.549,4.273,96,1
02-14-08,2026-07-19,243.984,0,283.532,4.18,96,1
02-14-08,2026-07-20,278.731,0,278.487,3.888,96,1
02-14-08,2026-07-21,282.366,0,281.826,3.786,96,1
02-14-08,2026-07-22,285.055,0,276.27,4.106,96,1
02-14-08,2026-07-23,278.54,0,273.608,4.249,96,1
02-14-08,2026-07-24,284.826,0,277.478,4.135,96,1
02-14-08,2026-07-25,262.739,0,281.87,4.184,96,1
02-14-08,2026-07-26,247.646,0,279.056,4.389,96,1
02-14-08,2026-07-27,263.387,0,267.683,4.161,96,1
02-14-08,2026-07-28,246.874,0,263.709,4.451,96,1
02-14-08,2026-07-29,260.434,0,272.079,4.374,96,1
02-14-08,2026-07-30,260.096,0,272.946,4.339,96,1
02-14-08,2026-07-31,269.679,0,267.271,4.119,96,1
02-14-08,2026-08-01,263.967,0,276.614,4.092,96,1
02-14-08,2026-08-02,252.778,0,282.171,4.126,96,1
02-14-08,2026-08-03,292.598,0,281.995,3.955,96,1
02-14-08,2026-08-04,293.735,0,282.413,3.999,96,1
02-14-08,2026-08-05,298.58,0,277.564,3.968,96,1
02-14-08,2026-08-06,291.841,0,268.94,4.046,96,1
02-14-08,2026-08-07,285.395,0,269.209,4.07,96,1
02-14-08,2026-08-08,277.769,0,277.531,3.999,96,1
02-14-08,2026-08-09,244.205,0,269.332,4.111,96,1
02-14-08,2026-08-10,285.848,0,294.406,4.237,78,0
02-14-08,2026-08-11,135.03,5,265.175,4.091,96,1
02-14-08,2026-08-12,135.841,6,268.821,4.291,95,1
02-14-08,2026-08-13,136.996,3,269.155,3.962,96,1
02-14-08,2026-08-14,139.061,5,272.267,3.932,96,1
02-14-08,2026-08-15,144.416,1,281.341,3.888,96,1
02-14-08,2026-08-16,141.485,5,279.342,4.249,96,1
02-14-08,2026-08-17,137.422,1,272.795,3.827,96,1
02-14-08,2026-08-18,142.57,3,271.717,3.931,96,1
02-14-08,2026-08-19,144.623,8,275.588,4.091,96,1
02-14-08,2026-08-20,147.519,2,274.078,4.004,96,1
02-14-08,2026-08-21,138.825,4,273.695,3.889,96,1
02-14-08,2026-08-22,147.686,4,284.826,3.958,96,1
02-14-08,2026-08-23,149.471,4,288.863,4.005,96,1
02-14-08,2026-08-24,147.719,0,286.071,3.769,96,1
02-14-08,2026-08-25,150.051,4,288.12,3.697,96,1
02-14-08,2026-08-26,157.377,4,297.549,3.621,96,1
02-14-08,2026-08-27,166.663,2,305.216,3.542,96,1
02-14-08,2026-08-28,166.792,2,303.58,3.466,96,1
02-14-08,2026-08-29,169.001,2,309.855,3.539,96,1
02-14-08,2026-08-30,173.652,5,313.349,3.623,96,1
02-14-08,2026-08-31,161.989,1,303.162,3.48,96,1
02-14-08,2026-09-01,181.619,3,308.292,3.472,96,1
02-14-08,2026-09-02,172.797,3,305.671,3.368,96,1
02-14-08,2026-09-03,178.255,6,307.494,3.218,96,1
02-14-08,2026-09-04,244.091,4,321.661,3.861,96,1
02-14-08,2026-09-05,175.789,1,318.255,3.488,96,1
02-14-08,2026-09-06,172.817,1,314.402,3.569,96,1
02-14-08,2026-09-07,168.067,0,310.765,3.388,96,1
02-14-08,2026-09-08,178.713,1,307.39,3.211,96,1
02-14-08,2026-09-09,171.729,2,306.495,3.194,96,1
02-14-09,2026-07-13,389.57,7,532.673,7.492,30,0
02-14-09,2026-07-16,,,642.112,6.096,41,0
02-14-09,2026-07-17,427.559,6,625.43,5.404,96,1
02-14-09,2026-07-18,432.501,8,638.018,5.404,96,1
02-14-09,2026-07-19,439.936,5,624.42,5.449,96,1
02-14-09,2026-07-20,428.518,6,634.795,5.425,96,1
02-14-09,2026-07-21,435.785,6,633.115,5.416,96,1
02-14-09,2026-07-22,407.043,5,555.659,4.919,96,1
02-14-09,2026-07-23,387.0,5,555.982,5.563,96,1
02-14-09,2026-07-24,372.711,7,562.379,5.599,96,1
02-14-09,2026-07-25,376.105,8,570.596,5.562,96,1
02-14-09,2026-07-26,395.038,8,571.052,5.553,92,1
02-14-09,2026-07-27,372.18,6,560.913,7.599,96,1
02-14-09,2026-07-28,374.429,5,545.51,7.809,96,1
02-14-09,2026-07-29,367.679,6,557.952,7.692,96,1
02-14-09,2026-07-30,341.414,6,537.731,7.767,96,1
02-14-09,2026-07-31,351.63,6,547.687,7.636,96,1
02-14-09,2026-08-01,357.987,6,557.294,7.568,96,1
02-14-09,2026-08-02,346.459,5,551.305,7.588,96,1
02-14-09,2026-08-03,355.379,8,561.326,7.476,96,1
02-14-09,2026-08-04,359.136,6,569.714,7.444,96,1
02-14-09,2026-08-05,351.14,6,558.552,7.474,96,1
02-14-09,2026-08-06,359.159,6,552.419,6.998,96,1
02-14-09,2026-08-07,356.718,7,563.647,7.495,96,1
02-14-09,2026-08-08,360.668,5,574.883,7.42,96,1
02-14-09,2026-08-09,368.426,6,551.723,7.538,96,1
02-14-09,2026-08-10,354.428,7,557.048,7.46,96,1
02-14-09,2026-08-11,359.787,1,533.243,6.914,96,1
02-14-09,2026-08-12,344.106,7,552.62,7.632,96,1
02-14-09,2026-08-13,358.094,8,556.853,7.427,96,1
02-14-09,2026-08-14,367.161,7,565.442,7.391,96,1
02-14-09,2026-08-15,360.541,7,577.068,7.335,96,1
02-14-09,2026-08-16,359.271,5,557.313,7.614,96,1
02-14-09,2026-08-17,361.243,6,569.727,7.348,96,1
02-14-09,2026-08-18,375.056,3,565.472,7.405,96,1
02-14-09,2026-08-19,361.449,8,553.556,7.566,96,1
02-14-09,2026-08-20,352.121,3,553.969,7.491,96,1
02-14-09,2026-08-21,364.474,5,560.401,7.389,96,1
02-14-09,2026-08-22,363.545,6,569.257,7.398,96,1
02-14-09,2026-08-23,363.129,6,552.828,7.516,96,1
02-14-09,2026-08-24,368.265,2,526.843,6.903,96,1
02-14-09,2026-08-25,322.188,5,522.63,7.506,96,1
02-14-09,2026-08-26,305.174,5,524.806,7.452,96,1
02-14-09,2026-08-27,323.707,4,538.169,7.399,96,1
02-14-09,2026-08-28,327.67,4,530.052,7.439,96,1
02-14-09,2026-08-29,331.387,6,529.934,7.496,96,1
02-14-09,2026-08-30,339.229,5,519.548,7.595,96,1
02-14-09,2026-08-31,325.691,7,520.125,7.482,96,1
02-14-09,2026-09-01,321.509,7,511.167,7.536,96,1
02-14-09,2026-09-02,320.002,4,523.238,7.409,96,1
02-14-09,2026-09-03,334.886,6,538.68,7.418,96,1
02-14-09,2026-09-04,339.194,2,545.135,7.552,96,1
02-14-09,2026-09-05,352.915,6,573.684,7.451,96,1
02-14-09,2026-09-06,349.334,7,546.894,7.602,96,1
02-14-09,2026-09-07,340.938,4,555.208,7.461,96,1
02-14-09,2026-09-08,355.979,4,576.996,7.283,96,1
02-14-09,2026-09-09,358.831,7,565.142,7.31,96,1
11-03-01,2026-07-13,139.379,0,197.334,4.9,96,1
11-03-01,2026-07-14,139.565,0,196.9,5.018,96,1
11-03-01,2026-07-15,142.43,0,196.927,4.877,45,0
11-03-01,2026-07-16,138.99,0,189.672,4.92,96,1
11-03-01,2026-07-17,140.371,0,191.155,5.087,96,1
11-03-01,2026-07-18,134.581,0,199.176,5.157,96,1
11-03-01,2026-07-19,134.683,0,201.633,5.042,96,1
11-03-01,2026-07-20,139.144,0,196.421,5.04,96,1
11-03-01,2026-07-21,139.84,0,197.782,4.923,96,1
11-03-01,2026-07-22,144.045,0,194.107,4.823,96,1
11-03-01,2026-07-23,140.877,0,195.364,4.901,96,1
11-03-01,2026-07-24,150.315,0,201.137,5.201,86,0
11-03-01,2026-07-25,138.555,9,204.318,4.962,96,1
11-03-01,2026-07-26,136.139,6,214.083,5.128,96,1
11-03-01,2026-08-01,135.647,6,200.471,5.095,96,1
11-03-01,2026-08-02,130.849,6,194.964,5.043,96,1
11-03-01,2026-08-03,134.464,6,196.33,5.157,96,1
11-03-01,2026-08-04,135.504,4,195.429,4.926,96,1
11-03-01,2026-08-05,114.874,0,191.543,4.612,96,1
11-03-01,2026-08-06,135.311,7,193.94,4.762,96,1
11-03-01,2026-08-07,142.001,8,197.119,4.828,96,1
11-03-01,2026-08-08,134.176,7,200.012,4.903,96,1
11-03-01,2026-08-09,140.91,9,199.191,4.907,96,1
11-03-01,2026-08-10,139.071,8,196.175,4.918,96,1
11-03-01,2026-08-11,136.453,6,196.304,5.11,96,1
11-03-01,2026-08-12,136.738,7,201.609,4.937,96,1
11-03-01,2026-08-13,141.11,8,199.168,5.108,96,1
11-03-01,2026-08-14,136.745,7,199.732,5.182,96,1
11-03-01,2026-08-15,136.614,5,205.41,5.009,96,1
11-03-01,2026-08-16,138.5,7,203.44,5.051,96,1
11-03-01,2026-08-17,139.267,7,198.957,4.918,96,1
11-03-01,2026-08-18,136.38,8,198.294,5.081,96,1
11-03-01,2026-08-19,138.695,6,196.53,5.036,96,1
11-03-01,2026-08-20,139.284,7,196.313,5.065,96,1
11-03-01,2026-08-21,137.096,6,196.57,5.04,96,1
11-03-01,2026-08-22,135.998,8,199.63,4.893,96,1
11-03-01,2026-08-23,134.411,5,198.08,5.063,96,1
11-03-01,2026-08-24,141.641,8,199.27,5.119,96,1
11-03-01,2026-08-25,137.284,6,197.619,5.037,96,1
11-03-01,2026-08-26,141.414,7,193.303,5.081,96,1
11-03-01,2026-08-27,141.161,6,191.163,4.825,59,0
11-03-01,2026-08-28,134.504,5,195.33,4.86,96,1
11-03-01,2026-08-29,131.197,7,198.657,4.76,96,1
11-03-01,2026-08-30,131.988,6,196.776,4.965,96,1
11-03-01,2026-08-31,129.322,5,190.245,4.941,96,1
11-03-01,2026-09-01,131.931,5,191.895,4.978,96,1
11-03-01,2026-09-02,133.33,7,195.672,5.024,96,1
11-03-01,2026-09-03,133.096,7,195.128,4.858,96,1
11-03-01,2026-09-04,131.596,6,194.714,4.97,96,1
11-03-01,2026-09-05,138.09,9,199.549,4.797,96,1
11-03-01,2026-09-06,137.186,9,198.221,4.809,96,1
11-03-01,2026-09-07,132.74,7,193.837,5.033,96,1
11-03-01,2026-09-08,134.669,5,194.773,4.829,96,1
11-03-01,2026-09-09,135.595,5,193.802,4.843,96,1
11-03-02,2026-09-02,208.231,8,306.995,3.709,96,1
11-03-02,2026-09-03,204.895,8,308.535,3.657,96,1
11-03-02,2026-09-04,208.07,6,307.847,3.69,96,1
11-03-02,2026-09-05,216.03,8,318.731,3.584,96,1
11-03-02,2026-09-06,208.455,8,307.825,3.665,96,1
11-03-02,2026-09-07,198.505,8,298.588,3.772,96,1
11-03-02,2026-09-08,203.075,5,296.573,3.752,96,1
11-03-02,2026-09-09,198.562,5,297.977,3.628,96,1
11-03-03,2026-07-13,117.56,3,174.273,4.66,96,1
11-03-03,2026-07-14,117.636,7,175.465,4.783,96,1
11-03-03,2026-07-15,119.724,7,173.996,4.798,96,1
11-03-03,2026-07-16,117.204,8,171.154,4.952,96,1
11-03-03,2026-07-17,122.662,2,173.789,4.858,96,1
11-03-03,2026-07-18,113.491,9,117.703,3.472,18,0
11-03-03,2026-07-20,,,183.915,4.851,61,0
11-03-03,2026-07-21,117.079,6,174.375,4.779,96,1
11-03-03,2026-07-22,116.338,7,173.011,4.831,96,1
11-03-03,2026-07-23,116.777,6,173.854,4.874,96,1
11-03-03,2026-07-24,122.17,0,175.22,4.778,96,1
11-03-03,2026-07-25,113.945,6,177.245,4.725,96,1
11-03-03,2026-07-26,116.495,8,177.785,4.782,96,1
11-03-03,2026-07-27,117.987,5,173.463,4.901,96,1
11-03-03,2026-07-28,116.513,4,174.194,4.946,96,1
11-03-03,2026-07-29,115.624,7,173.53,4.937,96,1
11-03-03,2026-07-30,112.847,8,172.811,4.897,96,1
11-03-03,2026-07-31,121.265,4,172.635,4.914,96,1
11-03-03,2026-08-01,114.051,7,173.74,4.751,96,1
11-03-03,2026-08-02,114.149,8,177.468,4.727,96,1
11-03-03,2026-08-03,116.804,5,173.578,4.767,96,1
11-03-03,2026-08-04,122.041,6,176.299,4.653,96,1
11-03-03,2026-08-05,70.33,0,170.423,4.457,96,1
11-03-03,2026-08-06,117.665,6,172.932,4.732,96,1
11-03-03,2026-08-07,119.096,8,173.429,4.827,96,1
11-03-03,2026-08-08,116.06,8,176.078,4.732,96,1
11-03-03,2026-08-09,116.396,3,177.214,4.696,96,1
11-03-03,2026-08-10,118.125,7,173.094,4.752,96,1
11-03-03,2026-08-11,,,179.72,5.224,25,0
11-03-03,2026-08-12,112.911,8,174.059,4.658,96,1
11-03-03,2026-08-13,119.276,7,171.998,4.711,96,1
11-03-03,2026-08-14,116.343,7,173.634,4.72,96,1
11-03-03,2026-08-15,115.954,7,176.077,4.616,96,1
11-03-03,2026-08-16,114.375,8,176.325,4.643,96,1
11-03-03,2026-08-17,116.28,5,173.69,4.688,96,1
11-03-03,2026-08-18,118.446,8,173.95,4.799,96,1
11-03-03,2026-08-19,119.574,8,173.527,4.78,96,1
11-03-03,2026-08-20,115.565,5,171.951,4.764,96,1
11-03-03,2026-08-21,115.526,8,172.593,4.772,96,1
11-03-03,2026-08-22,115.819,8,176.787,4.639,96,1
11-03-03,2026-08-23,115.539,6,176.777,4.67,96,1
11-03-03,2026-08-24,118.224,8,174.712,4.664,96,1
11-03-03,2026-08-25,116.969,5,174.211,4.732,96,1
11-03-03,2026-08-26,116.875,4,174.18,4.709,96,1
11-03-03,2026-08-27,121.334,1,174.419,4.687,96,1
11-03-03,2026-08-28,114.373,5,175.115,4.57,96,1
11-03-03,2026-08-29,118.273,8,178.281,4.568,96,1
11-03-03,2026-08-30,118.216,6,178.99,4.643,96,1
11-03-03,2026-08-31,117.709,4,174.36,4.686,96,1
11-03-03,2026-09-01,119.24,8,173.546,4.638,96,1
11-03-03,2026-09-02,117.442,7,175.939,4.593,96,1
11-03-03,2026-09-03,120.11,7,177.087,4.543,96,1
11-03-03,2026-09-04,118.59,6,184.765,4.561,96,1
11-03-03,2026-09-05,122.566,4,180.379,4.528,96,1
11-03-03,2026-09-06,117.241,7,180.25,4.557,96,1
11-03-03,2026-09-07,119.773,3,177.616,4.613,96,1
11-03-03,2026-09-08,119.76,5,175.334,4.578,96,1
11-03-03,2026-09-09,117.624,6,175.409,4.446,96,1
11-03-04,2026-07-13,,,169.37,0.02,1,0
11-03-04,2026-07-16,,,170.68,0.02,1,0
11-03-04,2026-07-17,,,155.525,0.02,2,0
11-03-04,2026-07-20,,,225.84,0.02,1,0
11-03-04,2026-07-21,,,216.19,0.02,1,0
11-03-04,2026-07-27,,,157.925,0.02,2,0
11-03-04,2026-07-31,,,233.205,0.02,2,0
11-03-04,2026-08-07,,,235.51,0.02,1,0
11-03-04,2026-08-13,,,224.27,0.02,1,0
11-03-04,2026-08-17,,,176.955,0.02,2,0
11-03-04,2026-08-19,,,187.1,0.02,1,0
11-03-04,2026-08-21,,,224.06,0.02,1,0
11-03-04,2026-08-24,,,243.43,0.02,1,0
11-03-04,2026-08-30,,,269.77,0.02,1,0
11-03-04,2026-09-02,,,184.895,0.02,2,0
11-03-04,2026-09-08,,,182.46,0.02,1,0
11-03-05,2026-07-13,212.667,0,188.817,5.172,96,1
11-03-05,2026-07-14,209.584,0,188.752,5.206,96,1
11-03-05,2026-07-15,212.975,0,187.071,5.231,96,1
11-03-05,2026-07-16,214.454,0,186.876,5.403,96,1
11-03-05,2026-07-17,211.054,0,185.158,5.18,96,1
11-03-05,2026-07-18,202.055,0,193.897,5.173,96,1
11-03-05,2026-07-19,193.512,0,193.888,5.251,96,1
11-03-05,2026-07-20,216.83,0,189.377,5.173,96,1
11-03-05,2026-07-21,214.493,0,189.054,5.178,96,1
11-03-05,2026-07-22,214.572,0,186.414,5.281,96,1
11-03-05,2026-07-23,215.44,0,189.01,5.288,96,1
11-03-05,2026-07-24,219.299,0,189.197,5.077,96,1
11-03-05,2026-07-25,207.613,0,191.086,5.161,96,1
11-03-05,2026-07-26,204.51,0,190.191,5.305,96,1
11-03-05,2026-07-27,215.555,0,187.62,5.233,96,1
11-03-05,2026-07-28,193.081,0,186.146,5.414,96,1
11-03-05,2026-07-29,200.006,0,183.517,5.381,96,1
11-03-05,2026-07-30,197.894,0,184.424,5.46,96,1
11-03-05,2026-07-31,202.167,0,179.582,5.252,96,1
11-03-05,2026-08-01,196.548,0,184.015,5.196,96,1
11-03-05,2026-08-02,188.542,0,186.09,5.283,96,1
11-03-05,2026-08-03,211.29,0,185.055,5.227,96,1
11-03-05,2026-08-04,212.896,0,182.284,4.93,96,1
11-03-05,2026-08-05,210.966,0,180.914,5.143,96,1
11-03-05,2026-08-06,216.576,0,181.943,5.18,96,1
11-03-05,2026-08-07,213.266,0,184.727,5.183,96,1
11-03-05,2026-08-08,202.593,0,184.939,5.2,96,1
11-03-05,2026-08-09,193.461,0,184.034,5.209,96,1
11-03-05,2026-08-10,213.16,0,181.873,5.197,96,1
11-03-05,2026-08-11,207.278,0,181.089,5.169,96,1
11-03-05,2026-08-12,191.886,0,184.871,5.239,96,1
11-03-05,2026-08-13,214.724,0,182.917,5.242,96,1
11-03-05,2026-08-14,216.498,0,184.027,5.169,96,1
11-03-05,2026-08-15,206.236,0,187.425,5.138,96,1
11-03-05,2026-08-16,192.798,0,186.489,5.24,96,1
11-03-05,2026-08-17,217.972,0,200.863,5.494,75,0
11-03-05,2026-08-18,115.451,7,183.684,5.328,96,1
11-03-05,2026-08-19,111.047,8,182.46,5.317,96,1
11-03-05,2026-08-20,111.564,6,182.726,5.29,96,1
11-03-05,2026-08-21,113.615,8,184.26,5.298,96,1
11-03-05,2026-08-22,113.37,5,186.144,5.174,96,1
11-03-05,2026-08-23,113.949,8,187.444,5.2,96,1
11-03-05,2026-08-24,115.719,8,186.498,5.194,96,1
11-03-05,2026-08-25,117.22,8,186.167,5.19,95,1
11-03-05,2026-08-26,114.195,8,186.539,5.032,96,1
11-03-05,2026-08-27,112.865,7,185.761,5.059,96,1
11-03-05,2026-08-28,111.245,7,186.624,4.968,96,1
11-03-05,2026-08-29,117.661,9,179.349,4.655,54,0
11-03-05,2026-08-30,,,199.858,5.108,56,0
11-03-05,2026-08-31,112.404,9,183.533,5.047,96,1
11-03-05,2026-09-01,117.734,7,182.53,5.047,96,1
11-03-05,2026-09-02,113.961,8,185.469,4.94,96,1
11-03-05,2026-09-03,119.955,9,188.373,4.929,96,1
11-03-05,2026-09-04,115.171,8,187.893,4.921,96,1
11-03-05,2026-09-05,120.149,6,191.99,4.878,96,1
11-03-05,2026-09-06,114.239,8,189.535,4.875,96,1
11-03-05,2026-09-07,114.494,4,188.247,4.951,96,1
11-03-05,2026-09-08,124.681,9,185.793,4.944,96,1
11-03-05,2026-09-09,119.486,6,184.776,4.814,96,1
11-03-06,2026-07-13,201.024,8,290.512,4.516,96,1
11-03-06,2026-07-14,199.241,8,295.991,4.617,96,1
11-03-06,2026-07-15,207.793,9,298.173,4.642,95,1
11-03-06,2026-07-16,207.397,9,292.287,4.798,96,1
11-03-06,2026-07-17,202.975,9,293.11,4.709,96,1
11-03-06,2026-07-18,197.448,10,205.048,3.411,18,0
11-03-06,2026-07-20,,,314.426,4.666,60,0
11-03-06,2026-07-21,205.912,9,297.161,4.621,96,1
11-03-06,2026-07-22,201.183,9,297.435,4.671,96,1
11-03-06,2026-07-23,200.965,9,294.672,4.722,96,1
11-03-06,2026-07-24,220.382,9,301.998,4.628,96,1
11-03-06,2026-07-25,196.384,8,298.741,4.477,95,1
11-03-06,2026-07-26,65.328,10,110.026,2.318,96,1
11-03-06,2026-07-27,67.731,9,108.252,2.383,95,1
11-03-06,2026-07-28,64.661,10,102.131,2.401,96,1
11-03-06,2026-07-29,63.759,9,102.99,2.399,96,1
11-03-06,2026-07-30,63.084,10,105.467,2.347,96,1
11-03-06,2026-07-31,66.621,8,100.093,2.318,67,0
11-03-06,2026-08-01,63.55,9,105.379,2.308,96,1
11-03-06,2026-08-02,65.55,9,108.218,2.293,96,1
11-03-06,2026-08-03,68.995,8,111.353,2.303,96,1
11-03-06,2026-08-04,68.306,9,109.085,2.244,96,1
11-03-06,2026-08-05,37.918,0,106.001,2.153,96,1
11-03-06,2026-08-06,66.921,8,107.033,2.308,91,1
11-03-06,2026-08-07,,,111.47,2.412,61,0
11-03-06,2026-08-08,64.535,9,107.065,2.289,96,1
11-03-06,2026-08-09,65.782,9,104.406,2.284,96,1
11-03-06,2026-08-10,65.534,9,105.531,2.303,96,1
11-03-06,2026-08-11,65.745,9,105.767,2.286,95,1
11-03-06,2026-08-12,63.94,8,105.958,2.287,95,1
11-03-06,2026-08-13,65.649,10,106.677,2.321,96,1
11-03-06,2026-08-14,65.974,10,109.394,2.316,96,1
11-03-06,2026-08-15,66.685,9,176.28,3.241,62,0
11-03-06,2026-08-16,188.77,9,293.339,4.541,96,1
11-03-06,2026-08-17,186.587,8,292.547,4.584,96,1
11-03-06,2026-08-18,188.697,9,290.166,4.703,96,1
11-03-06,2026-08-19,199.552,8,288.22,4.695,96,1
11-03-06,2026-08-20,203.714,9,291.952,4.667,96,1
11-03-06,2026-08-21,207.041,9,295.517,4.667,95,1
11-03-06,2026-08-22,197.359,8,295.544,4.546,96,1
11-03-06,2026-08-23,201.419,8,291.188,4.348,73,0
11-03-06,2026-08-24,,,314.599,4.625,60,0
11-03-06,2026-08-25,198.954,8,298.783,4.63,95,1
11-03-06,2026-08-26,201.081,8,299.844,4.602,96,1
11-03-06,2026-08-27,202.936,8,301.12,4.575,96,1
11-03-06,2026-08-28,206.679,9,304.758,4.454,96,1
11-03-06,2026-08-29,200.373,9,294.356,4.203,53,0
11-03-06,2026-08-30,,,316.565,4.628,57,0
11-03-06,2026-08-31,196.745,8,297.42,4.575,96,1
11-03-06,2026-09-01,211.541,8,300.263,4.53,96,1
11-03-06,2026-09-02,198.164,8,293.82,4.502,96,1
11-03-06,2026-09-03,203.805,8,304.832,4.434,96,1
11-03-06,2026-09-04,211.09,8,310.325,4.456,96,1
11-03-06,2026-09-05,202.183,9,308.086,4.414,96,1
11-03-06,2026-09-06,209.014,9,309.151,4.439,96,1
11-03-06,2026-09-07,211.558,9,305.076,4.501,96,1
11-03-06,2026-09-08,210.544,8,306.716,4.458,96,1
11-03-06,2026-09-09,200.315,8,297.278,4.339,96,1
11-03-07,2026-07-13,173.747,3,264.797,4.573,96,1
11-03-07,2026-07-14,168.468,7,270.644,4.678,96,1
11-03-07,2026-07-15,191.375,8,273.563,4.692,96,1
11-03-07,2026-07-16,186.424,7,264.757,4.872,96,1
11-03-07,2026-07-17,180.945,10,268.459,4.793,95,1
11-03-07,2026-07-18,170.145,8,174.367,3.793,18,0
11-03-07,2026-07-20,,,280.773,4.674,60,0
11-03-07,2026-07-21,177.301,8,269.934,4.685,96,1
11-03-07,2026-07-22,176.8,6,266.155,0.803,96,1
11-03-07,2026-07-23,173.692,8,266.377,0.923,96,1
11-03-07,2026-07-24,193.739,9,268.767,0.905,96,1
11-03-07,2026-07-25,179.931,2,273.983,0.888,95,1
11-03-07,2026-07-26,174.976,8,269.779,0.901,96,1
11-03-07,2026-07-27,179.059,9,264.837,0.932,96,1
11-03-07,2026-07-28,173.114,9,264.011,0.942,96,1
11-03-07,2026-07-29,172.917,9,267.291,0.938,96,1
11-03-07,2026-07-30,172.164,9,265.769,0.932,96,1
11-03-07,2026-07-31,184.154,3,264.188,0.937,96,1
11-03-07,2026-08-01,172.288,2,268.327,0.899,96,1
11-03-07,2026-08-02,170.196,8,272.051,0.89,96,1
11-03-07,2026-08-03,180.61,6,273.037,0.894,96,1
11-03-07,2026-08-04,181.427,8,268.109,0.884,96,1
11-03-07,2026-08-05,163.347,0,267.95,0.864,96,1
11-03-07,2026-08-06,180.112,8,269.491,0.894,96,1
11-03-07,2026-08-07,178.262,7,267.215,0.915,96,1
11-03-07,2026-08-08,146.745,0,270.738,0.895,96,1
11-03-07,2026-08-09,180.295,1,273.093,0.887,96,1
11-03-07,2026-08-10,177.877,9,265.946,0.903,96,1
11-03-07,2026-08-11,177.528,8,262.499,0.907,96,1
11-03-07,2026-08-12,168.26,6,267.519,0.897,96,1
11-03-07,2026-08-13,177.833,6,262.147,0.906,96,1
11-03-07,2026-08-14,179.86,7,263.27,0.91,96,1
11-03-07,2026-08-15,170.419,6,266.05,0.889,96,1
11-03-07,2026-08-16,164.255,8,262.788,0.894,96,1
11-03-07,2026-08-17,167.049,9,259.029,0.905,96,1
11-03-07,2026-08-18,180.958,3,258.246,0.933,96,1
11-03-07,2026-08-19,167.94,8,255.536,0.929,96,1
11-03-07,2026-08-20,170.055,6,254.308,0.928,96,1
11-03-07,2026-08-21,166.34,7,254.818,0.927,96,1
11-03-07,2026-08-22,165.649,9,261.402,0.896,96,1
11-03-07,2026-08-23,161.006,6,261.582,0.9,96,1
11-03-07,2026-08-24,172.4,3,258.865,0.9,96,1
11-03-07,2026-08-25,181.278,9,261.39,0.915,96,1
11-03-07,2026-08-26,171.631,8,259.382,0.909,96,1
11-03-07,2026-08-27,175.098,8,262.368,0.904,96,1
11-03-07,2026-08-28,166.134,1,265.341,0.882,96,1
11-03-07,2026-08-29,187.055,9,268.712,0.879,96,1
11-03-07,2026-08-30,172.303,8,267.27,0.892,96,1
11-03-07,2026-08-31,167.267,8,260.145,0.904,96,1
11-03-07,2026-09-01,166.351,7,257.972,0.898,96,1
11-03-07,2026-09-02,168.059,5,262.736,0.885,96,1
11-03-07,2026-09-03,176.777,8,264.5,0.878,96,1
11-03-07,2026-09-04,174.141,3,263.721,0.883,96,1
11-03-07,2026-09-05,171.169,8,272.096,0.87,96,1
11-03-07,2026-09-06,176.929,9,270.914,0.875,96,1
11-03-07,2026-09-07,178.733,2,262.97,0.891,96,1
11-03-07,2026-09-08,169.256,8,258.99,0.889,96,1
11-03-07,2026-09-09,177.33,7,261.646,0.862,96,1
11-03-08,2026-07-13,181.119,10,268.887,4.619,96,1
11-03-08,2026-07-14,195.772,10,269.563,4.777,96,1
11-03-08,2026-07-15,183.29,8,272.502,4.807,96,1
11-03-08,2026-07-16,183.464,5,272.745,4.967,96,1
11-03-08,2026-07-17,187.885,10,275.643,4.885,96,1
11-03-08,2026-07-18,176.879,7,284.252,4.679,96,1
11-03-08,2026-07-19,206.296,12,280.217,4.652,96,1
11-03-08,2026-07-20,183.18,6,277.054,4.732,96,1
11-03-08,2026-07-21,178.795,9,272.216,4.763,96,1
11-03-08,2026-07-22,194.464,0,273.283,4.816,96,1
11-03-08,2026-07-23,185.324,9,269.156,4.882,96,1
11-03-08,2026-07-24,192.988,0,271.316,4.808,96,1
11-03-08,2026-07-25,183.048,10,271.684,4.718,96,1
11-03-08,2026-07-26,174.444,9,266.914,4.803,96,1
11-03-08,2026-07-27,188.2,1,261.731,4.939,96,1
11-03-08,2026-07-28,194.756,0,265.538,5.01,96,1
11-03-08,2026-07-29,179.434,9,265.104,4.976,96,1
11-03-08,2026-07-30,167.649,6,253.97,4.957,96,1
11-03-08,2026-07-31,178.14,9,263.065,4.979,96,1
11-03-08,2026-08-01,196.038,11,271.881,4.776,96,1
11-03-08,2026-08-02,178.273,7,269.667,4.733,96,1
11-03-08,2026-08-03,190.512,10,273.423,4.737,96,1
11-03-08,2026-08-04,182.836,6,269.158,4.685,96,1
11-03-08,2026-08-05,175.965,0,261.287,4.6,96,1
11-03-08,2026-08-06,190.294,11,261.585,4.744,96,1
11-03-08,2026-08-07,173.531,7,266.851,4.862,96,1
11-03-08,2026-08-08,174.439,8,273.035,4.743,96,1
11-03-08,2026-08-09,183.688,10,271.142,4.709,96,1
11-03-08,2026-08-10,174.704,6,264.131,4.786,96,1
11-03-08,2026-08-11,185.54,11,261.509,4.841,96,1
11-03-08,2026-08-12,173.09,9,264.582,4.776,96,1
11-03-08,2026-08-13,173.619,7,259.635,4.826,96,1
11-03-08,2026-08-14,176.185,10,264.689,4.836,96,1
11-03-08,2026-08-15,155.275,10,263.964,4.719,96,1
11-03-08,2026-08-16,191.126,0,268.724,4.736,96,1
11-03-08,2026-08-17,175.616,8,267.159,4.788,96,1
11-03-08,2026-08-18,191.296,10,265.262,4.94,96,1
11-03-08,2026-08-19,177.185,9,264.923,4.91,96,1
11-03-08,2026-08-20,168.824,9,262.747,4.897,96,1
11-03-08,2026-08-21,176.824,6,262.362,4.894,96,1
11-03-08,2026-08-22,199.504,0,269.312,4.746,96,1
11-03-08,2026-08-23,173.299,7,267.708,4.774,96,1
11-03-08,2026-08-24,189.382,0,272.044,4.749,96,1
11-03-08,2026-08-25,180.039,9,267.948,4.837,96,1
11-03-08,2026-08-26,179.401,8,267.848,4.811,96,1
11-03-08,2026-08-27,180.774,5,272.003,4.788,96,1
11-03-08,2026-08-28,171.701,9,272.033,4.661,96,1
11-03-08,2026-08-29,176.721,6,272.606,4.654,96,1
11-03-08,2026-08-30,175.195,9,269.963,4.726,96,1
11-03-08,2026-08-31,173.341,8,264.856,4.736,96,1
11-03-08,2026-09-01,176.926,10,267.23,4.758,96,1
11-03-08,2026-09-02,184.77,8,266.717,4.718,96,1
11-03-08,2026-09-03,178.814,7,268.741,4.67,96,1
11-03-08,2026-09-04,202.81,10,276.589,4.688,96,1
11-03-08,2026-09-05,183.04,9,277.572,4.602,96,1
11-03-08,2026-09-06,199.736,0,277.781,4.639,96,1
11-03-08,2026-09-07,188.835,8,277.751,4.704,96,1
11-03-08,2026-09-08,185.21,6,273.487,4.692,96,1
11-03-08,2026-09-09,182.895,11,264.616,4.6,96,1
11-03-09,2026-07-13,,,240.75,2.19,1,0
11-03-09,2026-07-16,,,255.93,2.475,1,0
11-03-09,2026-07-17,,,247.775,2.462,2,0
11-03-09,2026-07-21,249.754,0,227.746,2.992,96,1
11-03-09,2026-07-22,237.942,0,261.852,3.682,38,0
11-03-09,2026-07-23,255.18,0,231.116,3.291,96,1
11-03-09,2026-07-24,259.153,0,232.493,2.824,95,1
11-03-09,2026-07-25,238.251,0,240.072,2.855,96,1
11-03-09,2026-07-26,231.544,0,239.928,2.962,96,1
11-03-09,2026-07-27,253.966,1,225.029,3.145,95,1
11-03-09,2026-07-28,224.166,0,227.725,3.194,96,1
11-03-09,2026-07-29,235.69,0,226.929,3.386,96,1
11-03-09,2026-07-30,243.188,0,230.473,3.141,96,1
11-03-09,2026-07-31,252.741,0,226.404,3.151,70,0
11-03-09,2026-08-01,231.934,0,233.603,3.044,96,1
11-03-09,2026-08-02,241.265,0,240.67,2.966,96,1
11-03-09,2026-08-03,269.104,12,235.162,3.001,96,1
11-03-09,2026-08-04,267.091,0,232.675,2.896,95,1
11-03-09,2026-08-05,267.034,0,234.655,3.136,96,1
11-03-09,2026-08-06,265.276,0,241.644,2.937,92,1
11-03-09,2026-08-07,,,224.844,2.625,60,0
11-03-09,2026-08-08,240.491,0,237.844,3.096,96,1
11-03-09,2026-08-09,248.37,0,242.09,3.265,96,1
11-03-09,2026-08-10,260.733,0,235.69,3.204,96,1
11-03-09,2026-08-11,267.983,0,236.043,3.14,96,1
11-03-09,2026-08-12,243.385,0,240.965,3.737,96,1
11-03-09,2026-08-13,263.352,0,239.09,3.478,96,1
11-03-09,2026-08-14,263.527,0,239.524,3.557,96,1
11-03-09,2026-08-15,251.505,0,244.179,3.349,96,1
11-03-09,2026-08-16,253.619,0,246.694,3.471,96,1
11-03-09,2026-08-17,274.181,0,242.393,3.841,96,1
11-03-09,2026-08-18,282.93,0,245.023,4.167,96,1
11-03-09,2026-08-19,284.721,12,241.512,4.17,96,1
11-03-09,2026-08-20,286.476,0,243.416,4.135,96,1
11-03-09,2026-08-21,282.866,0,240.352,4.023,96,1
11-03-09,2026-08-22,265.317,0,247.091,4.013,96,1
11-03-09,2026-08-23,255.929,0,270.08,4.241,73,0
11-03-09,2026-08-24,,,234.374,3.954,60,0
11-03-09,2026-08-25,286.056,0,245.33,4.138,96,1
11-03-09,2026-08-26,271.38,0,250.983,3.998,96,1
11-03-09,2026-08-27,280.809,0,259.601,4.156,80,0
11-03-09,2026-08-28,277.804,0,245.615,3.896,96,1
11-03-09,2026-08-29,270.707,0,267.734,3.902,54,0
11-03-09,2026-08-30,,,242.335,3.862,57,0
11-03-09,2026-08-31,291.817,12,250.989,4.02,96,1
11-03-09,2026-09-01,281.731,0,248.434,4.027,96,1
11-03-09,2026-09-02,288.598,0,247.04,3.937,96,1
11-03-09,2026-09-03,283.399,0,255.707,4.043,80,0
11-03-09,2026-09-04,173.647,2,256.135,3.972,94,1
11-03-09,2026-09-05,163.04,0,257.855,3.848,96,1
11-03-09,2026-09-06,182.224,1,267.857,3.876,96,1
11-03-09,2026-09-07,171.24,0,259.717,3.952,96,1
11-03-09,2026-09-08,186.526,0,267.143,3.911,96,1
11-03-09,2026-09-09,182.183,2,264.988,3.822,96,1
11-03-10,2026-07-13,94.782,1,153.644,5.811,96,1
11-03-10,2026-07-14,92.799,9,159.44,5.916,96,1
11-03-10,2026-07-15,,,124.395,4.69,2,0
11-03-10,2026-07-16,95.627,10,151.29,6.094,96,1
11-03-10,2026-07-17,76.634,5,138.611,6.025,96,1
11-03-10,2026-07-18,75.498,5,138.957,5.907,96,1
11-03-10,2026-07-19,80.332,12,142.239,5.888,96,1
11-03-10,2026-07-20,86.035,3,161.01,5.905,96,1
11-03-10,2026-07-21,101.877,7,165.956,5.904,96,1
11-03-10,2026-07-22,113.847,12,160.87,5.962,96,1
11-03-10,2026-07-23,79.354,5,154.411,6.004,96,1
11-03-10,2026-09-02,76.019,5,148.746,5.842,96,1
11-03-10,2026-09-03,76.306,8,152.313,5.8,96,1
11-03-10,2026-09-04,87.96,9,152.914,5.84,96,1
11-03-10,2026-09-05,74.916,8,151.547,5.793,96,1
11-03-10,2026-09-06,80.205,11,147.479,5.813,96,1
11-03-10,2026-09-07,97.828,0,152.162,5.859,96,1
11-03-10,2026-09-08,84.887,7,148.811,5.82,96,1
11-03-10,2026-09-09,78.365,9,149.676,5.697,96,1
11-03-11,2026-07-13,167.33,5,210.74,3.939,96,1
11-03-11,2026-07-14,104.028,7,170.203,4.101,67,0
11-03-11,2026-07-15,94.26,6,177.651,4.255,96,1
11-03-11,2026-07-16,88.453,7,178.275,4.419,96,1
11-03-11,2026-07-17,90.71,4,171.423,4.345,96,1
11-03-11,2026-07-18,90.874,11,177.305,4.149,96,1
11-03-11,2026-07-19,154.564,2,185.282,4.097,96,1
11-03-11,2026-07-20,154.34,8,190.573,4.154,96,1
11-03-11,2026-07-21,104.304,12,182.514,4.208,96,1
11-03-11,2026-07-22,87.267,9,178.734,4.258,96,1
11-03-11,2026-07-23,103.611,4,178.464,4.318,96,1
11-03-11,2026-07-24,88.843,8,178.728,4.246,96,1
11-03-11,2026-07-25,109.301,12,178.842,4.161,96,1
11-03-11,2026-07-26,136.545,12,176.481,4.255,96,1
11-03-11,2026-07-27,156.366,5,186.674,4.352,96,1
11-03-11,2026-07-28,77.461,8,170.105,4.456,96,1
11-03-11,2026-07-29,130.701,12,178.13,4.416,96,1
11-03-11,2026-07-30,86.099,12,179.743,4.37,96,1
11-03-11,2026-07-31,85.181,10,172.462,4.429,96,1
11-03-11,2026-08-01,80.119,9,167.371,4.247,96,1
11-03-11,2026-08-02,138.084,12,174.678,4.193,96,1
11-03-11,2026-08-03,150.44,7,183.822,4.178,96,1
11-03-11,2026-08-04,90.351,10,173.656,4.146,96,1
11-03-11,2026-08-05,95.868,12,189.986,3.983,96,1
11-03-11,2026-08-06,,,173.545,3.145,4,0
11-03-11,2026-08-07,86.121,12,176.063,4.307,96,1
11-03-11,2026-08-08,80.804,11,171.963,4.21,96,1
11-03-11,2026-08-09,143.924,7,176.464,4.154,96,1
11-03-11,2026-08-10,148.977,7,183.417,4.2,96,1
11-03-11,2026-08-11,83.071,8,173.023,4.282,96,1
11-03-11,2026-08-12,77.081,10,166.829,4.24,96,1
11-03-11,2026-08-13,143.907,8,185.023,4.226,96,1
11-03-11,2026-08-14,78.811,8,171.801,4.281,96,1
11-03-11,2026-08-15,81.341,11,169.752,4.178,96,1
11-03-11,2026-08-16,138.287,6,174.702,4.189,96,1
11-03-11,2026-08-17,145.854,7,182.163,4.216,96,1
11-03-11,2026-08-18,77.8,7,171.496,4.378,96,1
11-03-11,2026-08-19,85.006,7,173.528,4.351,96,1
11-03-11,2026-08-20,80.115,5,169.051,4.341,96,1
11-03-11,2026-08-21,85.379,5,171.603,4.347,96,1
11-03-11,2026-08-22,86.808,12,171.319,4.197,96,1
11-03-11,2026-08-23,142.101,8,176.783,4.224,96,1
11-03-11,2026-08-24,154.33,8,179.869,4.179,96,1
11-03-11,2026-08-25,85.421,10,174.378,4.285,96,1
11-03-11,2026-08-26,85.201,7,170.226,4.271,96,1
11-03-11,2026-08-27,84.731,9,170.483,4.247,96,1
11-03-11,2026-08-28,83.371,8,172.449,4.116,96,1
11-03-11,2026-08-29,124.924,12,168.834,4.132,96,1
11-03-11,2026-08-30,132.321,5,177.467,4.161,96,1
11-03-11,2026-08-31,170.213,7,206.427,4.064,96,1
11-03-11,2026-09-01,80.261,11,175.961,4.202,96,1
11-03-11,2026-09-02,91.365,12,171.876,4.168,96,1
11-03-11,2026-09-03,149.474,12,177.811,4.109,96,1
11-03-11,2026-09-04,86.218,12,176.622,4.142,96,1
11-03-11,2026-09-05,116.955,12,182.157,4.033,96,1
11-03-11,2026-09-06,135.616,8,177.922,4.091,96,1
11-03-11,2026-09-07,150.343,0,182.195,4.135,96,1
11-03-11,2026-09-08,85.689,10,175.404,4.137,96,1
11-03-11,2026-09-09,91.606,9,170.365,4.045,96,1
11-06-01,2026-07-13,,,352.37,3.89,1,0
11-06-01,2026-07-15,254.403,10,310.606,2.483,86,0
11-06-01,2026-07-16,245.368,9,304.945,2.525,96,1
11-06-01,2026-07-17,249.36,2,304.551,2.481,96,1
11-06-01,2026-07-18,234.724,4,306.07,2.373,96,1
11-06-01,2026-07-19,242.555,9,304.857,2.352,96,1
11-06-01,2026-07-20,244.743,5,305.258,2.398,96,1
11-06-01,2026-07-21,253.23,0,306.195,2.411,96,1
11-06-01,2026-07-22,242.695,4,306.097,2.431,96,1
11-06-01,2026-07-23,248.809,9,304.649,2.464,96,1
11-06-01,2026-07-24,163.097,0,297.006,2.432,96,1
11-06-01,2026-07-25,238.586,1,303.925,2.378,96,1
11-06-01,2026-07-26,236.779,1,301.18,2.424,96,1
11-06-01,2026-07-27,239.72,4,300.227,2.492,96,1
11-06-01,2026-07-28,235.669,9,295.169,2.535,96,1
11-06-01,2026-07-29,230.169,6,297.855,2.512,96,1
11-06-01,2026-07-30,222.679,7,287.445,2.493,96,1
11-06-01,2026-07-31,220.144,9,272.611,2.515,96,1
11-06-01,2026-08-01,199.385,10,270.113,2.411,96,1
11-06-01,2026-08-02,208.519,9,274.716,2.389,96,1
11-06-01,2026-08-03,212.546,7,273.808,2.401,96,1
11-06-01,2026-08-04,214.271,9,272.025,2.365,96,1
11-06-01,2026-08-05,180.761,0,265.946,2.312,96,1
11-06-01,2026-08-06,205.826,4,272.85,2.397,96,1
11-06-01,2026-08-07,203.379,8,272.584,2.456,96,1
11-06-01,2026-08-08,197.306,8,272.507,2.394,96,1
11-06-01,2026-08-09,209.317,4,270.355,2.373,96,1
11-06-01,2026-08-10,199.803,7,266.207,2.411,96,1
11-06-01,2026-08-11,215.279,9,271.184,2.438,89,1
11-06-01,2026-08-12,263.152,8,388.338,2.403,94,1
11-06-01,2026-08-13,281.783,7,388.5,2.428,96,1
11-06-01,2026-08-14,267.486,9,391.769,3.357,96,1
11-06-01,2026-08-15,266.579,5,396.143,3.946,96,1
11-06-01,2026-08-16,267.845,9,400.269,3.959,96,1
11-06-01,2026-08-17,283.5,9,391.348,3.966,73,0
11-06-01,2026-08-18,282.346,10,399.467,4.081,96,1
11-06-01,2026-08-19,270.374,9,393.817,4.077,96,1
11-06-01,2026-08-20,284.781,10,396.646,4.044,96,1
11-06-01,2026-08-21,277.572,10,397.568,4.056,96,1
11-06-01,2026-08-22,282.426,8,400.372,3.866,90,1
11-06-01,2026-08-23,288.074,12,388.055,3.77,73,0
11-06-01,2026-08-24,,,422.117,3.886,60,0
11-06-01,2026-08-25,286.071,9,398.541,3.994,96,1
11-06-01,2026-08-26,291.73,9,400.212,3.959,95,1
11-06-01,2026-08-27,286.358,8,396.754,3.95,96,1
11-06-01,2026-08-28,296.291,6,399.776,3.818,95,1
11-06-01,2026-08-29,277.22,8,384.023,3.63,54,0
11-06-01,2026-08-30,,,425.861,3.851,57,0
11-06-01,2026-08-31,271.185,7,397.972,3.917,96,1
11-06-01,2026-09-01,277.368,9,393.975,3.931,96,1
11-06-01,2026-09-02,285.821,4,399.74,3.874,96,1
11-06-01,2026-09-03,280.479,9,396.143,3.828,96,1
11-06-01,2026-09-04,281.569,9,400.871,3.836,96,1
11-06-01,2026-09-05,290.9,9,401.249,3.769,96,1
11-06-01,2026-09-06,279.637,10,403.421,3.807,96,1
11-06-01,2026-09-07,268.368,9,402.262,3.875,96,1
11-06-01,2026-09-08,276.142,9,399.569,3.873,96,1
11-06-01,2026-09-09,283.5,9,401.743,3.738,96,1
11-06-02,2026-07-13,80.786,0,105.284,2.745,96,1
11-06-02,2026-07-14,70.764,0,103.417,2.689,96,1
11-06-02,2026-07-15,74.035,0,104.576,2.652,96,1
11-06-02,2026-07-16,76.442,0,102.543,2.772,96,1
11-06-02,2026-07-17,78.479,0,100.892,2.62,96,1
11-06-02,2026-07-18,72.816,0,110.271,2.747,96,1
11-06-02,2026-07-19,74.414,0,107.586,2.649,96,1
11-06-02,2026-07-20,79.345,0,106.48,2.627,96,1
11-06-02,2026-07-21,79.215,0,101.6,2.612,96,1
11-06-02,2026-07-22,78.871,0,99.598,2.705,96,1
11-06-02,2026-07-23,75.44,0,98.33,2.764,96,1
11-06-02,2026-07-24,68.632,0,99.236,2.627,96,1
11-06-02,2026-07-25,67.445,0,101.374,2.721,96,1
11-06-02,2026-07-26,67.734,0,99.366,2.699,96,1
11-06-02,2026-07-27,84.308,0,98.681,2.713,96,1
11-06-02,2026-07-28,66.619,0,98.444,2.684,96,1
11-06-02,2026-07-29,67.975,0,96.574,2.74,96,1
11-06-02,2026-07-30,67.231,0,97.508,2.678,96,1
11-06-02,2026-07-31,70.445,0,99.82,2.608,96,1
11-06-02,2026-08-01,78.234,0,101.624,2.632,96,1
11-06-02,2026-08-02,80.245,0,104.805,2.678,96,1
11-06-02,2026-08-03,81.448,0,104.248,2.681,96,1
11-06-02,2026-08-04,73.254,0,97.74,2.553,96,1
11-06-02,2026-08-05,87.685,0,100.077,2.629,96,1
11-06-02,2026-08-06,78.15,0,98.738,2.674,91,1
11-06-02,2026-08-07,,,92.45,2.445,61,0
11-06-02,2026-08-08,76.119,0,98.588,2.647,96,1
11-06-02,2026-08-09,74.442,0,99.355,2.644,96,1
11-06-02,2026-08-10,69.666,0,94.221,2.576,93,1
11-06-02,2026-08-11,83.771,0,95.616,2.571,96,1
11-06-02,2026-08-12,73.83,0,97.796,2.633,96,1
11-06-02,2026-08-13,82.889,0,99.241,2.795,95,1
11-06-02,2026-08-14,73.624,0,97.192,2.594,96,1
11-06-02,2026-08-15,73.949,0,126.572,3.294,96,1
11-06-02,2026-08-16,142.566,0,212.237,5.283,96,1
11-06-02,2026-08-17,145.201,0,212.102,5.42,81,0
11-06-02,2026-08-18,119.666,10,209.312,5.489,96,1
11-06-02,2026-08-19,115.931,9,208.931,5.481,96,1
11-06-02,2026-08-20,110.429,9,211.406,5.462,96,1
11-06-02,2026-08-21,121.525,9,213.206,5.451,96,1
11-06-02,2026-08-22,114.12,8,213.99,5.323,96,1
11-06-02,2026-08-23,122.349,9,215.026,5.475,96,1
11-06-02,2026-08-24,122.221,1,212.131,5.394,96,1
11-06-02,2026-08-25,113.98,4,211.969,5.403,96,1
11-06-02,2026-08-26,117.362,8,210.803,5.293,96,1
11-06-02,2026-08-27,119.09,8,212.436,5.419,96,1
11-06-02,2026-08-28,116.887,9,215.718,5.413,95,1
11-06-02,2026-08-29,112.285,9,201.464,4.802,54,0
11-06-02,2026-08-30,,,238.913,5.807,57,0
11-06-02,2026-08-31,114.656,8,210.555,5.553,96,1
11-06-02,2026-09-01,117.995,5,207.853,5.412,96,1
11-06-02,2026-09-02,128.621,0,216.878,5.382,96,1
11-06-02,2026-09-03,140.343,8,217.47,5.479,96,1
11-06-02,2026-09-04,130.593,9,218.66,5.445,96,1
11-06-02,2026-09-05,128.264,9,222.272,5.424,96,1
11-06-02,2026-09-06,116.225,9,220.498,5.242,96,1
11-06-02,2026-09-07,121.042,9,212.678,5.45,96,1
11-06-02,2026-09-08,121.642,9,213.426,5.401,96,1
11-06-02,2026-09-09,116.736,9,213.251,5.175,95,1
11-06-03,2026-07-13,199.194,0,285.149,5.48,96,1
11-06-03,2026-07-14,197.31,0,280.928,5.452,96,1
11-06-03,2026-07-15,185.907,0,280.984,5.402,96,1
11-06-03,2026-07-16,190.054,0,278.466,5.506,96,1
11-06-03,2026-07-17,196.769,0,279.742,5.402,96,1
11-06-03,2026-07-18,183.871,0,293.941,5.415,96,1
11-06-03,2026-07-19,198.711,0,289.438,5.427,96,1
11-06-03,2026-07-20,202.824,0,287.518,5.286,96,1
11-06-03,2026-07-21,186.176,0,281.525,5.285,96,1
11-06-03,2026-07-22,188.726,0,278.051,5.408,96,1
11-06-03,2026-07-23,185.343,0,271.057,5.542,96,1
11-06-03,2026-07-24,182.67,0,269.002,5.395,96,1
11-06-03,2026-07-25,172.881,0,275.224,5.401,96,1
11-06-03,2026-07-26,182.657,0,273.55,5.531,96,1
11-06-03,2026-07-27,179.655,0,268.603,5.522,96,1
11-06-03,2026-07-28,166.536,0,258.12,5.401,96,1
11-06-03,2026-07-29,171.296,0,260.392,5.572,96,1
11-06-03,2026-07-30,160.157,0,260.528,5.431,96,1
11-06-03,2026-07-31,173.934,0,260.435,5.332,96,1
11-06-03,2026-08-01,169.034,0,262.937,5.325,96,1
11-06-03,2026-08-02,164.496,0,264.25,5.397,96,1
11-06-03,2026-08-03,176.665,0,260.351,5.478,96,1
11-06-03,2026-08-04,162.775,0,256.691,5.221,96,1
11-06-03,2026-08-05,175.24,0,257.043,5.271,96,1
11-06-03,2026-08-06,174.585,0,255.145,5.332,96,1
11-06-03,2026-08-07,181.333,0,255.029,5.386,96,1
11-06-03,2026-08-08,168.721,0,261.35,5.331,96,1
11-06-03,2026-08-09,173.907,0,262.33,5.381,96,1
11-06-03,2026-08-10,174.616,0,254.01,5.261,96,1
11-06-03,2026-09-02,157.902,9,273.485,5.295,96,1
11-06-03,2026-09-03,173.868,7,274.933,5.388,96,1
11-06-03,2026-09-04,164.197,7,274.38,5.355,96,1
11-06-03,2026-09-05,163.242,9,280.875,5.323,96,1
11-06-03,2026-09-06,152.225,8,278.335,5.15,96,1
11-06-03,2026-09-07,150.055,6,275.41,5.344,96,1
11-06-03,2026-09-08,148.904,9,273.434,5.292,96,1
11-06-03,2026-09-09,147.541,3,272.123,5.08,96,1
11-06-04,2026-07-13,440.71,12,335.087,8.368,96,1
11-06-04,2026-07-14,426.505,12,333.273,8.4,96,1
11-06-04,2026-07-15,447.123,0,339.603,8.317,96,1
11-06-04,2026-07-16,423.419,12,328.896,8.224,96,1
11-06-04,2026-07-17,423.55,12,329.39,8.122,96,1
11-06-04,2026-07-18,412.98,0,346.612,8.657,96,1
11-06-04,2026-07-19,382.096,0,345.952,8.614,96,1
11-06-04,2026-07-20,440.337,12,337.559,8.317,96,1
11-06-04,2026-07-21,431.835,12,332.645,8.261,96,1
11-06-04,2026-07-22,431.9,12,328.505,8.182,96,1
11-06-04,2026-07-23,416.387,12,328.265,8.042,96,1
11-06-04,2026-07-24,429.931,12,334.136,8.185,96,1
11-06-04,2026-07-25,405.136,0,341.728,8.469,96,1
11-06-04,2026-07-26,373.345,0,338.648,8.389,96,1
11-06-04,2026-07-27,429.488,0,326.427,7.899,96,1
11-06-04,2026-07-28,364.555,0,320.464,7.853,96,1
11-06-04,2026-07-29,382.144,0,321.063,7.778,96,1
11-06-04,2026-07-30,388.119,0,322.467,7.803,96,1
11-06-04,2026-07-31,402.053,0,316.008,7.338,96,1
11-06-04,2026-08-01,385.85,0,321.815,7.728,96,1
11-06-04,2026-08-02,359.299,0,325.686,8.121,96,1
11-06-04,2026-08-03,417.578,12,318.219,7.905,96,1
11-06-04,2026-08-04,407.964,12,313.946,7.247,96,1
11-06-04,2026-08-05,397.657,12,310.908,7.316,96,1
11-06-04,2026-08-06,401.755,12,311.85,7.207,96,1
11-06-04,2026-08-07,396.638,12,305.666,6.994,96,1
11-06-04,2026-08-08,383.793,0,317.371,7.271,96,1
11-06-04,2026-08-09,348.532,0,314.559,7.228,96,1
11-06-04,2026-08-10,399.885,12,307.818,6.969,96,1
11-06-04,2026-08-11,384.781,12,302.252,6.992,96,1
11-06-04,2026-08-12,363.76,0,311.679,7.304,96,1
11-06-04,2026-08-13,386.251,12,308.794,7.23,96,1
11-06-04,2026-08-14,397.169,12,310.71,7.177,96,1
11-06-04,2026-08-15,399.803,0,322.506,7.555,96,1
11-06-04,2026-08-16,366.484,0,323.371,7.55,96,1
11-06-04,2026-08-17,422.778,10,354.142,8.498,73,0
11-06-04,2026-08-18,165.761,10,323.837,7.89,96,1
11-06-04,2026-08-19,170.192,8,313.082,7.311,96,1
11-06-04,2026-08-20,169.331,6,311.687,7.328,96,1
11-06-04,2026-08-21,166.989,8,315.515,7.396,96,1
11-06-04,2026-08-22,165.744,8,323.412,7.537,96,1
11-06-04,2026-08-23,182.032,8,326.35,7.698,96,1
11-06-04,2026-08-24,169.418,8,320.709,7.491,96,1
11-06-04,2026-08-25,163.41,8,316.708,7.452,96,1
11-06-04,2026-08-26,165.844,8,318.498,7.253,96,1
11-06-04,2026-08-27,173.683,8,317.744,7.204,96,1
11-06-04,2026-08-28,170.99,8,319.241,7.183,96,1
11-06-04,2026-08-29,169.759,8,315.593,7.015,54,0
11-06-04,2026-08-30,,,348.931,7.996,57,0
11-06-04,2026-08-31,176.795,8,304.096,7.07,96,1
11-06-04,2026-09-01,160.746,8,304.177,7.032,96,1
11-06-04,2026-09-02,175.137,9,314.738,7.153,96,1
11-06-04,2026-09-03,179.26,7,314.858,6.974,96,1
11-06-04,2026-09-04,178.744,9,315.276,6.927,96,1
11-06-04,2026-09-05,181.341,9,321.593,7.247,96,1
11-06-04,2026-09-06,172.86,8,321.237,7.248,96,1
11-06-04,2026-09-07,167.221,8,310.97,7.001,96,1
11-06-04,2026-09-08,175.011,8,309.135,6.791,96,1
11-06-04,2026-09-09,166.912,8,310.154,6.689,96,1
11-06-06,2026-07-13,97.578,3,154.642,5.368,96,1
11-06-06,2026-07-14,100.266,9,155.284,5.399,96,1
11-06-06,2026-07-15,94.51,1,150.107,5.394,96,1
11-06-06,2026-07-16,93.787,8,149.63,5.388,96,1
11-06-06,2026-07-17,99.735,1,150.03,5.418,96,1
11-06-06,2026-07-18,88.341,8,152.667,5.314,96,1
11-06-06,2026-07-19,102.245,10,154.864,5.436,96,1
11-06-06,2026-07-20,91.528,2,151.378,5.262,96,1
11-06-06,2026-08-20,128.551,4,208.201,5.01,96,1
11-06-06,2026-08-21,132.29,3,132.947,2.518,11,0
11-06-06,2026-09-03,,,157.767,5.484,49,0
11-06-06,2026-09-04,96.731,7,151.147,5.306,96,1
11-06-06,2026-09-05,93.013,6,173.256,5.208,96,1
11-06-06,2026-09-06,109.241,6,186.207,4.998,96,1
11-06-06,2026-09-07,109.38,0,166.326,5.24,96,1
11-06-06,2026-09-08,91.189,4,151.435,5.266,96,1
11-06-06,2026-09-09,88.345,6,150.926,5.041,96,1
11-06-07,2026-07-13,103.684,4,187.347,4.175,96,1
11-06-07,2026-07-14,106.418,10,189.283,4.178,96,1
11-06-07,2026-07-15,111.123,8,189.465,4.165,96,1
11-06-07,2026-07-16,107.154,9,186.945,4.194,96,1
11-06-07,2026-07-17,109.144,9,184.312,4.238,96,1
11-06-07,2026-07-18,98.761,10,190.919,4.101,96,1
11-06-07,2026-07-19,111.051,10,192.254,4.227,95,1
11-06-07,2026-08-01,94.085,9,181.635,4.072,96,1
11-06-07,2026-08-02,93.184,10,181.223,4.128,96,1
11-06-07,2026-08-03,94.183,9,182.532,4.213,96,1
11-06-07,2026-08-04,95.301,9,178.984,4.043,96,1
11-06-07,2026-08-05,91.329,3,176.897,4.026,96,1
11-06-07,2026-08-06,98.453,8,177.878,4.143,96,1
11-06-07,2026-08-07,92.526,7,180.393,4.163,96,1
11-06-07,2026-08-08,93.892,6,182.396,4.125,96,1
11-06-07,2026-08-09,94.415,8,183.125,4.176,96,1
11-06-07,2026-08-10,88.892,9,177.018,4.089,96,1
11-06-07,2026-08-11,96.065,6,176.64,4.017,96,1
11-06-07,2026-08-12,93.716,6,176.507,4.131,96,1
11-06-07,2026-08-13,91.916,6,180.955,4.263,96,1
11-06-07,2026-08-14,95.039,7,180.417,4.145,96,1
11-06-07,2026-08-15,93.759,7,184.019,4.109,96,1
11-06-07,2026-08-16,101.82,10,184.797,4.211,96,1
11-06-07,2026-08-17,95.474,8,181.766,4.018,96,1
11-06-07,2026-08-18,92.961,9,180.714,4.3,96,1
11-06-07,2026-08-19,93.968,5,180.059,4.208,96,1
11-06-07,2026-08-20,96.436,8,180.205,4.222,96,1
11-06-07,2026-08-21,94.663,7,180.054,4.218,96,1
11-06-07,2026-08-22,93.21,8,182.964,4.136,96,1
11-06-07,2026-08-23,97.426,9,184.368,4.248,96,1
11-06-07,2026-08-24,99.91,9,181.085,4.135,96,1
11-06-07,2026-08-25,95.664,9,179.844,4.159,96,1
11-06-07,2026-08-26,96.618,8,182.676,4.032,96,1
11-06-07,2026-08-27,100.502,5,168.203,3.767,59,0
11-06-07,2026-08-28,94.024,8,181.088,4.127,96,1
11-06-07,2026-08-29,90.047,9,184.03,4.183,96,1
11-06-07,2026-08-30,99.896,6,184.857,4.376,96,1
11-06-07,2026-08-31,93.151,8,181.45,4.375,96,1
11-06-07,2026-09-01,97.019,6,179.022,4.266,96,1
11-06-07,2026-09-02,95.099,7,181.952,4.219,96,1
11-06-07,2026-09-03,100.218,8,184.769,4.208,96,1
11-06-07,2026-09-04,97.76,9,182.465,4.229,96,1
11-06-07,2026-09-05,100.735,8,187.58,4.243,96,1
11-06-07,2026-09-06,93.54,7,184.585,4.148,96,1
11-06-07,2026-09-07,91.434,9,181.78,4.257,96,1
11-06-07,2026-09-08,93.19,8,180.817,4.2,96,1
11-06-07,2026-09-09,92.676,9,179.607,3.984,96,1
11-06-08,2026-07-13,310.707,0,434.342,5.79,96,1
11-06-08,2026-07-14,290.085,0,432.731,5.721,96,1
11-06-08,2026-07-15,295.477,0,433.297,5.702,96,1
11-06-08,2026-07-16,293.904,0,431.464,5.719,96,1
11-06-08,2026-07-17,307.399,0,428.009,5.624,96,1
11-06-08,2026-07-18,275.536,0,443.705,5.621,96,1
11-06-08,2026-07-19,282.749,0,435.825,5.604,96,1
11-06-08,2026-07-20,295.069,0,430.436,5.453,96,1
11-06-08,2026-07-21,307.515,0,429.865,5.411,96,1
11-06-08,2026-07-22,299.271,0,427.877,5.43,96,1
11-06-08,2026-07-23,309.321,0,427.265,5.427,96,1
11-06-08,2026-07-24,300.849,0,430.822,5.426,96,1
11-06-08,2026-07-25,285.35,0,436.13,5.578,96,1
11-06-08,2026-07-26,286.845,0,429.529,5.563,96,1
11-06-08,2026-07-27,296.332,0,419.672,5.422,96,1
11-06-08,2026-07-28,271.154,0,411.688,5.404,96,1
11-06-08,2026-07-29,285.066,0,415.327,5.457,96,1
11-06-08,2026-07-30,271.493,0,416.37,5.392,96,1
11-06-08,2026-07-31,286.064,0,408.574,5.105,96,1
11-06-08,2026-08-01,275.365,0,416.167,5.286,96,1
11-06-08,2026-08-02,269.945,0,421.578,5.455,96,1
11-06-08,2026-08-03,305.826,0,422.116,5.431,96,1
11-06-08,2026-08-04,297.072,0,398.889,5.484,96,1
11-06-08,2026-08-05,295.469,0,402.028,5.507,96,1
11-06-08,2026-08-06,316.317,0,411.693,5.448,96,1
11-06-08,2026-08-07,331.281,0,419.706,5.518,96,1
11-06-08,2026-08-08,309.951,0,431.566,5.631,96,1
11-06-08,2026-08-09,310.374,0,416.648,5.667,96,1
11-06-08,2026-08-10,312.59,0,410.245,5.524,96,1
11-06-08,2026-08-11,311.774,0,426.525,5.413,96,1
11-06-08,2026-08-12,344.202,0,445.769,5.585,96,1
11-06-08,2026-08-13,359.863,0,458.863,5.592,96,1
11-06-08,2026-08-14,366.545,0,454.498,5.438,96,1
11-06-08,2026-08-15,349.495,0,453.037,5.724,96,1
11-06-08,2026-08-16,306.899,0,428.673,5.826,96,1
11-06-08,2026-08-17,322.734,0,459.292,6.258,81,0
11-06-08,2026-08-18,228.847,10,435.655,6.074,96,1
11-06-08,2026-08-19,227.336,9,243.006,2.462,19,0
11-06-08,2026-08-20,,,454.53,6.385,40,0
11-06-08,2026-08-21,236.942,8,422.464,5.77,96,1
11-06-08,2026-08-22,230.34,8,428.238,5.817,96,1
11-06-08,2026-08-23,237.709,6,427.56,5.968,96,1
11-06-08,2026-08-24,237.382,9,413.565,5.829,96,1
11-06-08,2026-08-25,225.16,8,433.039,5.714,96,1
11-06-08,2026-08-26,255.037,8,455.669,5.524,96,1
11-06-08,2026-08-27,258.201,9,442.173,5.587,96,1
11-06-08,2026-08-28,228.177,8,422.303,5.68,96,1
11-06-08,2026-08-29,224.02,9,429.357,5.77,96,1
11-06-08,2026-08-30,246.376,6,428.982,5.87,96,1
11-06-08,2026-08-31,229.265,8,414.733,5.685,96,1
11-06-08,2026-09-01,227.644,8,411.243,5.625,96,1
11-06-08,2026-09-02,206.511,0,414.847,5.642,96,1
11-06-08,2026-09-03,241.942,8,436.676,5.493,96,1
11-06-08,2026-09-04,273.528,9,451.088,5.46,96,1
11-06-08,2026-09-05,162.407,0,438.684,5.648,96,1
11-06-08,2026-09-06,246.175,8,433.493,5.648,96,1
11-06-08,2026-09-07,247.12,8,441.225,5.449,96,1
11-06-08,2026-09-08,262.704,8,448.058,5.299,96,1
11-06-08,2026-09-09,248.457,8,445.4,5.157,96,1
11-08-01,2026-07-13,46.078,9,88.886,11.037,96,1
11-08-01,2026-07-14,44.181,9,89.001,10.966,96,1
11-08-01,2026-07-15,45.105,9,89.133,11.003,96,1
11-08-01,2026-07-16,43.684,8,87.049,10.612,96,1
11-08-01,2026-07-17,44.349,7,83.174,10.182,57,0
11-08-01,2026-07-20,,,95.7,11.609,44,0
11-08-01,2026-07-21,43.023,8,89.765,10.943,96,1
11-08-01,2026-07-22,44.903,7,87.803,10.715,96,1
11-08-01,2026-07-23,43.8,7,89.202,10.549,96,1
11-08-01,2026-07-24,43.93,8,91.992,10.826,96,1
11-08-01,2026-07-25,45.481,9,91.94,11.162,96,1
11-08-01,2026-07-26,45.206,8,90.028,11.037,96,1
11-08-01,2026-07-27,44.959,7,85.32,10.562,96,1
11-08-01,2026-07-28,42.635,9,83.965,10.207,96,1
11-08-01,2026-07-29,46.066,10,85.668,10.451,96,1
11-08-01,2026-07-30,43.156,10,86.359,10.451,96,1
11-08-01,2026-07-31,42.636,10,85.617,9.911,96,1
11-08-01,2026-08-01,42.407,9,88.769,10.359,96,1
11-08-01,2026-08-02,43.546,10,90.738,10.778,96,1
11-08-01,2026-08-03,43.755,8,89.277,10.69,96,1
11-08-01,2026-08-04,42.319,8,88.64,10.828,96,1
11-08-01,2026-08-05,42.031,7,88.386,10.68,96,1
11-08-01,2026-08-06,44.94,8,87.797,10.698,96,1
11-08-01,2026-08-07,43.65,8,86.969,10.452,96,1
11-08-01,2026-08-08,42.915,7,89.873,10.84,96,1
11-08-01,2026-08-09,43.771,8,89.996,10.757,96,1
11-08-01,2026-08-10,42.76,9,88.959,10.464,96,1
11-08-01,2026-08-11,41.561,7,85.897,10.383,96,1
11-08-01,2026-08-12,44.124,8,89.258,10.757,96,1
11-08-01,2026-08-13,43.14,7,88.256,10.622,96,1
11-08-01,2026-08-14,43.763,8,88.494,10.696,96,1
11-08-01,2026-08-15,44.608,8,91.682,11.304,96,1
11-08-01,2026-08-16,44.91,8,91.797,11.286,96,1
11-08-01,2026-08-17,43.669,8,90.309,10.746,96,1
11-08-01,2026-08-18,41.65,9,90.501,11.594,96,1
11-08-01,2026-08-19,44.61,8,88.553,10.766,96,1
11-08-01,2026-08-20,46.43,6,89.31,10.753,96,1
11-08-01,2026-08-21,45.109,7,89.215,10.931,96,1
11-08-01,2026-08-22,44.305,8,89.9,11.288,96,1
11-08-01,2026-08-23,45.866,9,92.0,11.444,96,1
11-08-01,2026-08-24,44.966,9,89.241,11.163,96,1
11-08-01,2026-08-25,43.267,8,88.642,11.056,96,1
11-08-01,2026-08-26,44.239,7,89.451,10.915,96,1
11-08-01,2026-08-27,43.127,9,89.001,10.823,96,1
11-08-01,2026-08-28,42.414,7,89.707,10.877,96,1
11-08-01,2026-08-29,43.703,8,90.931,11.176,96,1
11-08-01,2026-08-30,46.075,8,90.775,11.127,96,1
11-08-01,2026-08-31,44.044,8,87.717,10.507,96,1
11-08-01,2026-09-01,44.097,8,88.508,10.475,96,1
11-08-01,2026-09-02,44.706,7,88.706,10.707,96,1
11-08-01,2026-09-03,46.542,7,89.957,10.541,96,1
11-08-01,2026-09-04,46.182,8,88.802,10.592,96,1
11-08-01,2026-09-05,46.07,8,91.294,11.046,96,1
11-08-01,2026-09-06,45.205,8,91.179,11.114,96,1
11-08-01,2026-09-07,44.074,8,88.474,10.467,96,1
11-08-01,2026-09-08,46.425,8,88.179,10.23,96,1
11-08-01,2026-09-09,42.251,7,88.56,10.209,96,1
11-08-02,2026-07-13,135.012,0,185.514,9.799,96,1
11-08-02,2026-07-14,136.314,0,184.212,9.782,96,1
11-08-02,2026-07-15,135.529,0,184.791,9.773,96,1
11-08-02,2026-07-16,135.739,0,180.671,9.494,96,1
11-08-02,2026-07-17,136.648,0,183.674,9.607,96,1
11-08-02,2026-07-18,119.26,0,195.207,10.058,96,1
11-08-02,2026-07-19,116.205,0,200.114,10.001,96,1
11-08-02,2026-07-20,133.689,0,187.807,9.714,96,1
11-08-02,2026-07-21,137.396,0,186.867,9.67,96,1
11-08-02,2026-07-22,134.023,0,182.098,9.53,96,1
11-08-02,2026-07-23,136.831,0,181.621,9.373,96,1
11-08-02,2026-07-24,132.855,0,182.344,9.665,96,1
11-08-02,2026-07-25,121.668,0,191.527,9.887,96,1
11-08-02,2026-07-26,117.389,0,192.159,9.732,96,1
11-08-02,2026-07-27,130.975,0,181.773,9.325,96,1
11-08-02,2026-07-28,115.657,0,182.049,9.166,96,1
11-08-02,2026-07-29,117.854,0,181.104,9.26,96,1
11-08-02,2026-07-30,116.161,0,183.29,9.266,96,1
11-08-02,2026-07-31,122.239,0,178.082,8.76,96,1
11-08-02,2026-08-01,116.269,0,188.49,9.178,96,1
11-08-02,2026-08-02,113.996,0,196.04,9.492,96,1
11-08-02,2026-08-03,137.591,0,189.081,9.461,96,1
11-08-02,2026-08-04,143.159,0,188.83,9.57,96,1
11-08-02,2026-08-05,142.14,0,186.258,9.491,96,1
11-08-02,2026-08-06,150.289,0,186.349,9.478,96,1
11-08-02,2026-08-07,146.48,0,186.246,9.234,96,1
11-08-02,2026-08-08,141.081,0,196.523,9.569,96,1
11-08-02,2026-08-09,132.356,0,196.042,9.452,96,1
11-08-02,2026-08-10,147.369,0,186.521,9.279,96,1
11-08-02,2026-08-11,149.961,0,185.913,9.2,96,1
11-08-02,2026-08-12,134.452,0,194.901,9.525,96,1
11-08-02,2026-08-13,150.328,0,182.621,9.439,96,1
11-08-02,2026-08-14,149.012,0,177.289,9.513,96,1
11-08-02,2026-08-15,126.776,0,180.069,10.044,96,1
11-08-02,2026-08-16,116.696,0,184.059,9.95,96,1
11-08-02,2026-08-17,133.81,0,190.046,10.742,81,0
11-08-02,2026-08-18,75.915,9,173.748,10.35,96,1
11-08-02,2026-08-19,79.235,8,168.834,9.6,96,1
11-08-02,2026-08-20,80.81,4,168.297,9.604,96,1
11-08-02,2026-08-21,83.602,8,170.438,9.748,96,1
11-08-02,2026-08-22,79.858,8,178.072,10.034,96,1
11-08-02,2026-08-23,84.365,8,181.176,10.155,96,1
11-08-02,2026-08-24,82.4,8,172.68,9.934,96,1
11-08-02,2026-08-25,77.418,7,171.392,9.856,96,1
11-08-02,2026-08-26,77.617,8,173.798,9.768,96,1
11-08-02,2026-08-27,81.59,8,171.251,9.652,95,1
11-08-02,2026-08-28,79.061,8,173.403,9.77,95,1
11-08-02,2026-08-29,77.338,8,173.245,9.435,54,0
11-08-02,2026-08-30,,,202.822,10.827,57,0
11-08-02,2026-08-31,79.355,8,166.009,9.51,96,1
11-08-02,2026-09-01,82.468,8,167.886,9.514,96,1
11-08-02,2026-09-02,84.297,7,172.388,9.514,96,1
11-08-02,2026-09-03,84.669,8,174.187,9.424,96,1
11-08-02,2026-09-04,82.688,8,174.112,9.542,96,1
11-08-02,2026-09-05,87.641,8,182.675,9.887,96,1
11-08-02,2026-09-06,85.676,9,186.575,9.769,96,1
11-08-02,2026-09-07,81.706,8,175.709,9.391,96,1
11-08-02,2026-09-08,86.131,8,174.427,9.189,96,1
11-08-02,2026-09-09,76.921,6,174.371,9.052,96,1
11-08-03,2026-07-13,91.821,9,183.261,6.297,96,1
11-08-03,2026-07-14,85.689,8,175.519,6.299,96,1
11-08-03,2026-07-15,90.077,8,185.928,6.325,93,1
11-08-03,2026-07-16,87.209,8,173.399,6.165,96,1
11-08-03,2026-07-17,86.647,8,179.842,6.234,96,1
11-08-03,2026-07-18,85.495,11,175.323,5.971,60,0
11-08-03,2026-07-19,97.489,8,191.406,6.334,96,1
11-08-03,2026-07-20,94.155,8,184.374,6.182,96,1
11-08-03,2026-07-21,92.93,7,189.964,6.152,96,1
11-08-03,2026-07-22,94.795,9,179.527,6.157,96,1
11-08-03,2026-07-23,91.064,4,179.227,6.089,96,1
11-08-03,2026-07-24,93.096,8,191.491,6.149,96,1
11-08-03,2026-07-25,103.422,5,191.426,6.29,96,1
11-08-03,2026-07-26,97.496,9,193.375,6.221,96,1
11-08-03,2026-07-27,94.576,8,186.866,6.076,96,1
11-08-03,2026-07-28,103.603,6,184.849,5.947,96,1
11-08-03,2026-07-29,89.621,10,178.27,6.096,96,1
11-08-03,2026-07-30,88.376,10,178.688,6.058,96,1
11-08-03,2026-07-31,92.755,9,176.721,5.716,96,1
11-08-03,2026-08-01,89.458,7,183.681,5.898,96,1
11-08-03,2026-08-02,90.961,7,191.534,6.041,96,1
11-08-03,2026-08-03,86.07,10,184.613,6.054,96,1
11-08-03,2026-08-04,88.894,9,185.917,6.105,96,1
11-08-03,2026-08-05,86.445,9,179.335,6.106,96,1
11-08-03,2026-08-06,92.939,7,183.642,6.108,96,1
11-08-03,2026-08-07,99.359,9,185.365,5.964,96,1
11-08-03,2026-08-08,94.769,8,187.372,6.094,96,1
11-08-03,2026-08-09,94.912,7,191.364,6.05,96,1
11-08-03,2026-08-10,93.044,8,181.513,5.981,96,1
11-08-03,2026-08-11,93.047,6,184.068,5.936,96,1
11-08-03,2026-08-12,89.994,7,193.706,6.074,96,1
11-08-03,2026-08-13,95.009,8,182.289,6.096,96,1
11-08-03,2026-08-14,94.776,2,187.79,6.074,96,1
11-08-03,2026-08-15,94.272,7,194.947,6.33,96,1
11-08-03,2026-08-16,91.77,8,198.116,6.318,96,1
11-08-03,2026-08-17,92.088,8,191.675,6.102,96,1
11-08-03,2026-08-18,83.507,10,188.194,6.659,96,1
11-08-03,2026-08-19,88.961,8,183.54,6.128,96,1
11-08-03,2026-08-20,92.844,5,203.527,6.044,96,1
11-08-03,2026-08-21,125.906,1,207.028,6.096,96,1
11-08-03,2026-08-22,88.849,8,201.29,6.295,96,1
11-08-03,2026-08-23,118.915,7,237.957,6.178,96,1
11-08-03,2026-08-24,124.664,8,207.12,6.192,96,1
11-08-03,2026-08-25,88.838,8,182.814,6.258,96,1
11-08-03,2026-08-26,84.204,9,187.385,6.196,96,1
11-08-03,2026-08-27,88.554,9,171.255,5.633,59,0
11-08-03,2026-08-28,104.749,8,198.217,6.118,96,1
11-08-03,2026-08-29,86.753,9,189.849,6.322,96,1
11-08-03,2026-08-30,92.255,9,195.05,6.27,96,1
11-08-03,2026-08-31,87.649,7,183.385,6.042,96,1
11-08-03,2026-09-01,88.986,8,183.557,6.019,96,1
11-08-03,2026-09-02,96.131,1,186.409,6.015,96,1
11-08-03,2026-09-03,92.722,9,185.918,5.897,96,1
11-08-03,2026-09-04,101.451,9,186.373,5.936,96,1
11-08-03,2026-09-05,94.312,8,194.374,6.085,96,1
11-08-03,2026-09-06,92.319,9,194.241,6.143,96,1
11-08-03,2026-09-07,95.388,6,187.648,5.864,96,1
11-08-03,2026-09-08,92.995,8,180.373,5.756,96,1
11-08-03,2026-09-09,88.594,8,183.88,5.648,96,1
11-08-04,2026-07-13,-17.152,0,-29.099,1.743,96,1
11-08-04,2026-08-01,-17.227,0,-30.214,1.671,96,1
11-08-04,2026-08-02,-18.434,0,-32.194,1.676,96,1
11-08-04,2026-08-03,-16.355,0,-29.775,1.692,96,1
11-08-04,2026-08-04,-17.32,0,-30.026,1.701,96,1
11-08-04,2026-08-05,-17.137,0,-29.465,1.715,96,1
11-08-04,2026-08-06,-16.832,0,-29.531,1.718,96,1
11-08-04,2026-08-07,-17.665,0,-29.663,1.693,96,1
11-08-04,2026-08-08,-17.273,0,-31.263,1.668,96,1
11-08-04,2026-08-09,-19.06,0,-32.189,1.667,96,1
11-08-04,2026-08-10,-18.227,0,-29.049,1.686,96,1
11-08-04,2026-08-11,-16.637,0,-28.781,1.699,96,1
11-08-04,2026-08-12,-17.688,0,-31.166,1.72,96,1
11-08-04,2026-08-13,-16.991,12,-29.557,1.738,96,1
11-08-04,2026-08-14,-17.255,12,-29.754,1.715,96,1
11-08-04,2026-08-15,-17.314,0,85.591,2.769,84,0
11-08-04,2026-08-16,121.482,7,221.362,3.949,96,1
11-08-04,2026-08-17,122.897,8,209.356,3.905,96,1
11-08-04,2026-08-18,218.391,11,325.937,3.86,96,1
11-08-04,2026-08-19,224.87,8,319.915,3.576,96,1
11-08-04,2026-08-20,229.604,9,312.138,3.64,96,1
11-08-04,2026-08-21,203.259,8,304.341,3.65,96,1
11-08-04,2026-08-22,209.467,8,314.435,3.643,96,1
11-08-04,2026-08-23,200.106,7,304.145,3.728,96,1
11-08-04,2026-08-24,206.067,8,307.877,3.609,96,1
11-08-04,2026-08-25,162.793,0,317.044,3.538,96,1
11-08-04,2026-08-26,-5.612,1,158.588,3.403,96,1
11-08-04,2026-08-27,100.97,5,179.958,3.678,59,0
11-08-04,2026-08-28,89.1,9,177.638,4.012,96,1
11-08-04,2026-08-29,96.765,8,191.129,4.039,96,1
11-08-04,2026-08-30,100.884,6,192.012,4.034,96,1
11-08-04,2026-08-31,94.214,8,180.903,4.007,96,1
11-08-04,2026-09-01,107.085,7,183.804,3.982,96,1
11-08-04,2026-09-02,98.784,8,224.919,3.727,96,1
11-08-04,2026-09-03,142.202,5,227.814,3.626,96,1
11-08-04,2026-09-04,149.89,0,229.875,3.659,96,1
11-08-04,2026-09-05,143.599,9,234.07,3.618,96,1
11-08-04,2026-09-06,145.944,8,234.318,3.668,96,1
11-08-04,2026-09-07,142.545,9,228.223,3.631,96,1
11-08-04,2026-09-08,140.696,7,225.586,3.568,96,1
11-08-04,2026-09-09,131.812,7,225.726,3.445,96,1
11-08-05,2026-07-13,132.331,9,278.926,7.008,96,1
11-08-05,2026-07-14,129.759,9,277.8,6.949,96,1
11-08-05,2026-07-15,131.745,10,278.296,6.968,96,1
11-08-05,2026-07-16,129.78,8,273.381,6.775,96,1
11-08-05,2026-07-17,138.22,7,277.812,6.962,96,1
11-08-05,2026-07-18,127.994,9,138.064,3.029,18,0
11-08-05,2026-07-20,,,307.987,7.444,61,0
11-08-05,2026-07-21,128.037,9,278.496,6.891,96,1
11-08-05,2026-07-22,130.572,8,276.814,6.788,96,1
11-08-05,2026-07-23,131.471,6,275.873,6.692,96,1
11-08-05,2026-07-24,131.893,8,282.026,6.779,96,1
11-08-05,2026-07-25,138.53,9,288.809,6.893,96,1
11-08-05,2026-07-26,140.023,9,289.323,6.868,96,1
11-08-05,2026-07-27,135.316,8,274.85,6.735,96,1
11-08-05,2026-07-28,128.874,8,269.812,6.529,96,1
11-08-05,2026-07-29,135.731,9,274.105,6.692,96,1
11-08-05,2026-07-30,129.844,9,274.673,6.66,96,1
11-08-05,2026-07-31,126.779,8,255.862,6.037,70,0
11-08-05,2026-08-01,126.081,8,277.571,6.504,96,1
11-08-05,2026-08-02,128.98,10,287.859,6.691,96,1
11-08-05,2026-08-03,126.772,8,279.135,6.736,96,1
11-08-05,2026-08-04,125.953,9,280.824,6.796,96,1
11-08-05,2026-08-05,125.956,9,275.683,6.773,96,1
11-08-05,2026-08-06,130.964,9,276.691,6.944,92,1
11-08-05,2026-08-07,,,293.496,7.261,61,0
11-08-05,2026-08-08,126.957,8,280.496,6.836,96,1
11-08-05,2026-08-09,128.226,8,286.961,6.727,96,1
11-08-05,2026-08-10,123.785,8,272.551,6.665,96,1
11-08-05,2026-08-11,124.21,6,268.909,6.612,96,1
11-08-05,2026-08-12,126.959,9,281.125,6.765,96,1
11-08-05,2026-08-13,129.669,8,271.873,6.847,96,1
11-08-05,2026-08-14,119.787,7,266.733,6.86,96,1
11-08-05,2026-08-15,122.572,9,282.194,7.103,96,1
11-08-05,2026-08-16,126.735,9,283.239,7.107,96,1
11-08-05,2026-08-17,116.784,8,271.472,6.881,96,1
11-08-05,2026-08-18,117.655,10,273.939,7.586,96,1
11-08-05,2026-08-19,117.235,8,264.493,7.022,96,1
11-08-05,2026-08-20,122.792,8,266.351,7.023,96,1
11-08-05,2026-08-21,122.362,7,267.296,7.1,96,1
11-08-05,2026-08-22,119.564,8,277.198,7.164,96,1
11-08-05,2026-08-23,126.724,8,280.328,7.265,96,1
11-08-05,2026-08-24,128.606,8,271.716,7.132,96,1
11-08-05,2026-08-25,120.144,8,268.581,7.091,96,1
11-08-05,2026-08-26,117.73,8,268.101,6.957,96,1
11-08-05,2026-08-27,120.561,8,268.766,6.904,96,1
11-08-05,2026-08-28,118.769,7,271.097,6.904,96,1
11-08-05,2026-08-29,119.96,8,277.506,7.023,96,1
11-08-05,2026-08-30,128.942,8,280.141,7.03,96,1
11-08-05,2026-08-31,120.861,7,264.923,6.813,96,1
11-08-05,2026-09-01,122.256,8,262.637,6.799,96,1
11-08-05,2026-09-02,124.714,7,269.417,6.826,96,1
11-08-05,2026-09-03,127.45,8,269.643,6.718,96,1
11-08-05,2026-09-04,127.102,8,269.756,6.753,96,1
11-08-05,2026-09-05,133.066,8,281.031,6.919,96,1
11-08-05,2026-09-06,126.549,8,282.231,6.912,96,1
11-08-05,2026-09-07,121.788,8,267.973,6.692,96,1
11-08-05,2026-09-08,125.886,8,259.981,6.551,96,1
11-08-05,2026-09-09,119.644,8,264.861,6.451,96,1
11-08-06,2026-09-02,46.105,0,115.858,3.251,96,1
11-08-06,2026-09-03,56.724,0,117.558,3.194,96,1
11-08-06,2026-09-04,60.055,1,114.697,3.236,96,1
11-08-06,2026-09-05,53.669,1,117.374,3.176,96,1
11-08-06,2026-09-06,51.755,8,120.263,3.12,96,1
11-08-06,2026-09-07,50.926,1,114.509,3.188,96,1
11-08-06,2026-09-08,51.994,8,122.66,2.952,95,1
11-08-06,2026-09-09,36.557,3,82.558,1.332,96,1
11-08-07,2026-07-13,244.353,0,333.891,5.815,96,1
11-08-07,2026-07-14,235.601,0,328.687,5.787,96,1
11-08-07,2026-07-15,239.306,0,329.165,5.756,96,1
11-08-07,2026-07-16,237.145,0,326.108,5.804,96,1
11-08-07,2026-07-17,241.648,0,323.08,5.72,96,1
11-08-07,2026-07-18,220.74,0,340.44,5.86,96,1
11-08-07,2026-07-19,221.08,0,334.09,5.854,96,1
11-08-07,2026-07-20,238.359,0,325.418,5.756,96,1
11-08-07,2026-07-21,237.965,0,324.196,5.717,96,1
11-08-07,2026-07-22,237.525,0,321.286,5.771,96,1
11-08-07,2026-07-23,240.875,0,320.137,5.776,96,1
11-08-07,2026-07-24,241.649,0,323.96,5.741,96,1
11-08-07,2026-07-25,222.278,0,331.574,5.857,96,1
11-08-07,2026-07-26,220.214,0,325.23,5.868,96,1
11-08-07,2026-07-27,234.686,0,321.681,5.726,96,1
11-08-07,2026-07-28,221.885,0,315.587,5.714,96,1
11-08-07,2026-07-29,224.343,0,320.193,5.746,96,1
11-08-07,2026-07-30,222.679,0,321.38,5.679,96,1
11-08-07,2026-07-31,227.912,0,315.643,5.403,96,1
11-08-07,2026-08-01,222.347,0,323.129,5.548,96,1
11-08-07,2026-08-02,219.994,0,328.136,5.706,96,1
11-08-07,2026-08-03,247.461,0,328.219,5.679,96,1
11-08-07,2026-08-04,251.5,0,323.199,5.636,96,1
11-08-07,2026-08-05,250.654,0,323.937,5.678,96,1
11-08-07,2026-08-06,256.535,0,319.382,5.687,96,1
11-08-07,2026-08-07,254.794,0,318.285,5.606,96,1
11-08-07,2026-08-08,241.373,0,328.488,5.684,96,1
11-08-07,2026-08-09,242.926,0,323.691,5.7,96,1
11-08-07,2026-08-10,255.454,0,316.734,5.59,96,1
11-08-07,2026-08-11,256.231,0,315.881,5.539,96,1
11-08-07,2026-08-12,243.118,0,323.031,5.734,96,1
11-08-07,2026-08-13,263.082,0,302.497,5.94,96,1
11-08-07,2026-08-14,268.14,0,327.122,5.592,96,1
11-08-07,2026-08-15,252.827,0,336.894,5.785,96,1
11-08-07,2026-08-16,248.252,0,331.786,5.832,96,1
11-08-07,2026-08-17,266.226,0,354.021,6.209,81,0
11-08-07,2026-08-18,175.956,10,332.495,6.087,96,1
11-08-07,2026-08-19,176.982,6,324.152,5.766,96,1
11-08-07,2026-08-20,180.213,4,323.797,5.811,96,1
11-08-07,2026-08-21,183.901,8,326.559,5.803,96,1
11-08-07,2026-08-22,172.34,8,332.639,5.806,96,1
11-08-07,2026-08-23,184.709,4,332.782,5.95,96,1
11-08-07,2026-08-24,186.915,1,330.374,5.8,96,1
11-08-07,2026-08-25,179.004,8,329.973,5.758,96,1
11-08-07,2026-08-26,173.814,1,327.943,5.662,96,1
11-08-07,2026-08-27,176.688,4,327.123,5.704,95,1
11-08-07,2026-08-28,177.596,9,329.562,5.672,96,1
11-08-07,2026-08-29,168.425,9,316.693,5.243,54,0
11-08-07,2026-08-30,,,360.192,6.204,57,0
11-08-07,2026-08-31,181.946,8,323.845,5.677,96,1
11-08-07,2026-09-01,181.781,8,322.873,5.613,96,1
11-08-07,2026-09-02,181.026,2,327.994,5.524,96,1
11-08-07,2026-09-03,194.495,8,327.76,5.51,96,1
11-08-07,2026-09-04,193.977,9,328.147,5.528,96,1
11-08-07,2026-09-05,190.443,2,337.754,5.619,96,1
11-08-07,2026-09-06,180.847,8,334.036,5.613,96,1
11-08-07,2026-09-07,182.08,9,326.73,5.458,96,1
11-08-07,2026-09-08,182.895,8,326.176,5.345,96,1
11-08-07,2026-09-09,173.014,6,324.444,5.246,96,1
11-08-08,2026-07-13,113.24,0,163.134,3.798,96,1
11-08-08,2026-07-14,108.484,0,163.168,3.763,96,1
11-08-08,2026-07-15,109.491,0,163.583,3.726,96,1
11-08-08,2026-07-16,107.964,0,160.919,3.869,96,1
11-08-08,2026-07-17,115.536,0,159.575,3.75,96,1
11-08-08,2026-07-18,102.321,0,171.285,3.811,96,1
11-08-08,2026-07-19,103.02,0,167.412,3.805,96,1
11-08-08,2026-07-20,109.48,0,165.404,3.714,96,1
11-08-08,2026-07-21,113.149,0,166.292,3.68,96,1
11-08-08,2026-07-22,113.519,0,164.432,3.751,96,1
11-08-08,2026-07-23,117.09,0,162.548,3.793,96,1
11-08-08,2026-07-24,112.094,0,165.193,3.77,96,1
11-08-08,2026-07-25,110.779,0,170.055,3.872,96,1
11-08-08,2026-07-26,109.34,0,164.638,3.889,96,1
11-08-08,2026-07-27,114.289,0,161.826,3.796,96,1
11-08-08,2026-07-28,103.782,0,159.306,3.839,96,1
11-08-08,2026-07-29,109.434,0,159.568,3.873,96,1
11-08-08,2026-07-30,102.216,0,160.557,3.755,96,1
11-08-08,2026-07-31,104.102,0,157.578,3.478,96,1
11-08-08,2026-08-01,102.013,0,162.47,3.563,96,1
11-08-08,2026-08-02,103.066,0,166.054,3.684,96,1
11-08-08,2026-08-03,115.776,0,165.729,3.662,96,1
11-08-08,2026-08-04,118.65,0,164.068,3.597,96,1
11-08-08,2026-08-05,115.77,0,161.519,3.683,96,1
11-08-08,2026-08-06,126.304,0,160.629,3.679,96,1
11-08-08,2026-08-07,120.468,0,159.49,3.611,96,1
11-08-08,2026-08-08,116.489,0,166.632,3.632,96,1
11-08-08,2026-08-09,115.461,0,164.79,3.652,96,1
11-08-08,2026-08-10,127.435,0,160.063,3.577,96,1
11-08-08,2026-08-11,116.82,0,160.672,3.563,96,1
11-08-08,2026-08-12,118.594,0,162.953,3.761,96,1
11-08-08,2026-08-13,124.736,0,163.727,3.82,96,1
11-08-08,2026-08-14,123.409,0,163.88,3.655,96,1
11-08-08,2026-08-15,119.321,0,169.761,3.778,96,1
11-08-08,2026-08-16,119.369,0,166.57,3.82,96,1
11-08-08,2026-08-17,125.951,0,169.326,4.081,96,1
11-08-08,2026-08-18,122.939,0,163.754,3.726,96,1
11-08-08,2026-08-19,130.423,0,176.24,4.262,81,0
11-08-08,2026-08-20,87.049,5,162.702,3.841,96,1
11-08-08,2026-08-21,90.695,8,165.947,3.824,96,1
11-08-08,2026-08-22,85.634,8,168.753,3.788,96,1
11-08-08,2026-08-23,92.44,4,168.59,3.927,96,1
11-08-08,2026-08-24,96.561,1,167.821,3.829,96,1
11-08-08,2026-08-25,90.355,7,166.114,3.774,96,1
11-08-08,2026-08-26,87.455,1,167.573,3.764,96,1
11-08-08,2026-08-27,87.718,5,166.932,3.727,96,1
11-08-08,2026-08-28,89.68,6,168.593,3.79,96,1
11-08-08,2026-08-29,86.38,9,161.8,3.666,54,0
11-08-08,2026-08-30,,,185.539,4.218,57,0
11-08-08,2026-08-31,87.789,1,162.7,3.847,96,1
11-08-08,2026-09-01,89.08,8,164.282,3.854,96,1
11-08-08,2026-09-02,91.681,1,167.493,3.657,96,1
11-08-08,2026-09-03,99.044,1,167.324,3.608,96,1
11-08-08,2026-09-04,100.69,9,167.054,3.634,96,1
11-08-08,2026-09-05,95.237,2,131.028,2.742,31,0
11-08-08,2026-09-06,90.532,8,169.14,3.585,96,1
11-08-08,2026-09-07,94.28,2,167.413,3.565,96,1
11-08-08,2026-09-08,90.478,7,165.152,3.523,96,1
11-08-08,2026-09-09,90.395,4,165.298,3.387,96,1
14-05-01,2026-09-02,178.64,6,286.438,4.417,96,1
14-05-01,2026-09-03,182.861,10,272.234,4.251,96,1
14-05-01,2026-09-04,0.0,0,265.708,3.783,96,1
14-05-01,2026-09-05,177.779,2,305.409,4.786,96,1
14-05-01,2026-09-06,166.347,2,292.861,4.595,96,1
14-05-01,2026-09-07,154.865,0,284.605,4.256,96,1
14-05-01,2026-09-08,176.421,9,280.958,4.143,96,1
14-05-01,2026-09-09,187.073,8,287.587,4.185,96,1
14-05-02,2026-07-13,192.442,7,347.732,6.559,96,1
14-05-02,2026-07-14,194.2,7,352.666,6.798,96,1
14-05-02,2026-07-15,195.665,9,351.232,6.747,96,1
14-05-02,2026-07-16,195.161,6,336.443,6.274,96,1
14-05-02,2026-07-17,195.275,7,337.334,6.185,96,1
14-05-02,2026-07-18,200.184,8,370.777,7.174,96,1
14-05-02,2026-07-19,205.886,9,370.86,7.129,96,1
14-05-02,2026-07-20,194.766,8,350.973,6.626,96,1
14-05-02,2026-07-21,191.85,7,349.739,6.527,96,1
14-05-02,2026-07-22,198.574,8,340.016,6.307,96,1
14-05-02,2026-07-23,196.091,6,336.792,6.11,96,1
14-05-02,2026-07-24,191.651,7,343.043,6.127,96,1
14-05-02,2026-07-25,193.634,7,355.939,6.391,96,1
14-05-02,2026-07-26,198.486,9,347.647,6.289,96,1
14-05-02,2026-07-27,192.586,8,331.979,5.779,96,1
14-05-02,2026-07-28,193.185,7,326.246,5.616,96,1
14-05-02,2026-09-02,163.1,7,309.304,5.852,96,1
14-05-02,2026-09-03,160.945,8,290.056,5.52,96,1
14-05-02,2026-09-04,0.597,0,298.714,4.927,96,1
14-05-02,2026-09-05,170.72,7,328.569,6.728,96,1
14-05-02,2026-09-06,165.398,9,332.159,6.429,96,1
14-05-02,2026-09-07,163.351,6,310.459,5.779,96,1
14-05-02,2026-09-08,163.645,7,308.451,5.582,96,1
14-05-02,2026-09-09,163.159,6,311.691,5.675,96,1
14-05-03,2026-07-13,83.03,0,145.076,7.128,96,1
14-05-03,2026-07-14,83.66,0,146.753,7.299,96,1
14-05-03,2026-07-15,83.711,0,147.251,7.189,96,1
14-05-03,2026-07-16,86.206,0,142.263,6.964,96,1
14-05-03,2026-07-17,86.502,0,141.782,6.862,96,1
14-05-03,2026-07-18,82.854,0,153.929,7.53,96,1
14-05-03,2026-07-19,85.594,0,151.232,7.429,96,1
14-05-03,2026-07-20,81.934,0,146.474,7.096,96,1
14-05-03,2026-07-21,83.434,0,147.576,6.99,96,1
14-05-03,2026-07-22,87.729,0,142.664,6.811,96,1
14-05-03,2026-07-23,89.799,0,142.056,6.743,96,1
14-05-03,2026-07-24,89.934,0,144.298,6.741,96,1
14-05-03,2026-07-25,86.647,0,148.501,6.92,96,1
14-05-03,2026-07-26,86.174,0,145.604,6.919,96,1
14-05-03,2026-07-27,85.599,0,138.554,6.567,96,1
14-05-03,2026-07-28,84.159,0,137.115,6.524,96,1
14-05-03,2026-07-29,83.329,0,139.745,6.692,96,1
14-05-03,2026-07-30,83.959,0,142.541,6.785,96,1
14-05-03,2026-07-31,85.951,0,140.187,6.68,96,1
14-05-03,2026-08-01,89.664,0,145.283,7.022,96,1
14-05-03,2026-08-02,84.022,0,147.87,7.083,96,1
14-05-03,2026-08-03,89.112,0,146.579,6.85,96,1
14-05-03,2026-08-04,87.696,0,141.636,6.152,96,1
14-05-03,2026-08-05,89.226,0,139.899,6.091,96,1
14-05-03,2026-08-06,87.99,0,138.813,5.992,96,1
14-05-03,2026-08-07,90.368,0,140.269,6.087,96,1
14-05-03,2026-08-08,88.844,0,147.017,6.435,96,1
14-05-03,2026-08-09,87.725,0,144.682,6.238,96,1
14-05-03,2026-08-10,84.761,0,137.964,5.888,96,1
14-05-03,2026-08-11,90.671,0,134.584,5.941,96,1
14-05-03,2026-08-12,80.977,0,137.681,6.263,96,1
14-05-03,2026-08-13,88.441,0,133.917,5.974,96,1
14-05-03,2026-08-14,80.925,0,134.536,6.109,96,1
14-05-03,2026-08-15,78.403,0,140.044,6.369,96,1
14-05-03,2026-08-16,78.445,0,142.012,6.455,96,1
14-05-03,2026-08-17,89.968,0,147.885,6.309,83,0
14-05-03,2026-08-18,68.817,6,136.679,6.061,96,1
14-05-03,2026-08-19,68.293,6,132.134,6.02,96,1
14-05-03,2026-08-20,68.335,6,131.86,5.997,96,1
14-05-03,2026-08-21,66.309,7,132.677,5.916,96,1
14-05-03,2026-08-22,67.829,5,140.79,6.312,96,1
14-05-03,2026-08-23,69.677,7,141.685,6.204,96,1
14-05-03,2026-08-24,68.836,6,132.459,5.816,92,1
14-05-03,2026-08-25,66.32,7,135.265,5.844,96,1
14-05-03,2026-08-26,66.636,8,137.241,5.887,96,1
14-05-03,2026-08-27,70.401,7,134.323,5.924,96,1
14-05-03,2026-08-28,70.35,6,136.761,5.972,96,1
14-05-03,2026-08-29,71.684,7,140.899,6.203,96,1
14-05-03,2026-08-30,71.373,5,141.315,6.247,96,1
14-05-03,2026-08-31,67.35,7,133.611,5.751,96,1
14-05-03,2026-09-01,69.053,5,132.627,5.769,96,1
14-05-03,2026-09-02,71.634,6,135.726,5.73,96,1
14-05-03,2026-09-03,74.089,8,136.909,5.748,96,1
14-05-03,2026-09-04,76.351,9,138.765,6.019,96,1
14-05-03,2026-09-05,72.877,4,144.419,6.276,96,1
14-05-03,2026-09-06,73.938,7,142.832,6.114,96,1
14-05-03,2026-09-07,67.919,9,136.059,5.684,96,1
14-05-03,2026-09-08,71.49,5,134.337,5.549,96,1
14-05-03,2026-09-09,68.864,5,135.385,5.557,96,1
14-05-05,2026-07-13,67.921,7,126.126,7.204,96,1
14-05-05,2026-07-14,79.686,9,137.37,7.263,96,1
14-05-05,2026-07-15,91.374,8,144.624,7.209,96,1
14-05-05,2026-07-16,94.365,6,143.244,6.922,96,1
14-05-05,2026-07-17,96.561,7,145.669,6.816,96,1
14-05-05,2026-07-18,100.53,8,160.766,7.375,96,1
14-05-05,2026-07-19,108.246,9,162.523,7.335,96,1
14-05-05,2026-07-20,101.146,7,157.007,6.965,96,1
14-05-05,2026-07-21,104.95,9,157.074,6.879,96,1
14-05-05,2026-07-22,105.751,9,156.866,6.758,96,1
14-05-05,2026-07-23,103.644,9,155.906,6.663,96,1
14-05-05,2026-07-24,101.839,6,158.335,6.606,96,1
14-05-05,2026-07-25,107.125,6,164.472,6.803,96,1
14-05-05,2026-07-26,107.847,6,164.009,6.765,96,1
14-05-05,2026-07-27,109.775,5,158.118,6.478,96,1
14-05-05,2026-07-28,106.087,6,157.106,6.422,96,1
14-05-05,2026-07-29,107.01,6,159.892,6.586,96,1
14-05-05,2026-07-30,106.058,6,136.932,6.799,96,1
14-05-05,2026-07-31,52.68,9,94.009,6.916,96,1
14-05-05,2026-08-01,56.145,9,99.733,7.236,96,1
14-05-05,2026-08-02,44.843,9,102.493,7.317,96,1
14-05-05,2026-08-03,47.694,9,100.537,7.112,96,1
14-05-05,2026-08-04,55.815,7,98.594,7.226,96,1
14-05-05,2026-08-05,55.65,7,98.94,7.121,96,1
14-05-05,2026-08-06,57.0,7,97.573,7.026,96,1
14-05-05,2026-08-07,49.587,3,97.283,7.122,96,1
14-05-05,2026-08-08,54.517,1,105.918,7.616,96,1
14-05-05,2026-08-09,52.095,10,104.157,7.339,96,1
14-05-05,2026-08-10,57.555,6,97.162,6.974,96,1
14-05-05,2026-08-11,55.76,7,97.022,6.869,96,1
14-05-05,2026-08-12,60.125,7,104.717,7.306,96,1
14-05-05,2026-08-13,51.229,9,98.87,6.884,96,1
14-05-05,2026-08-14,57.859,7,101.59,7.042,96,1
14-05-05,2026-08-15,57.317,10,108.053,7.398,96,1
14-05-05,2026-08-16,54.67,4,107.331,7.508,96,1
14-05-05,2026-08-17,59.814,7,102.644,7.051,96,1
14-05-05,2026-08-18,55.403,10,100.139,7.041,96,1
14-05-05,2026-08-19,53.091,7,98.115,6.947,96,1
14-05-05,2026-08-20,57.914,6,97.911,6.945,96,1
14-05-05,2026-08-21,53.839,9,97.623,6.877,96,1
14-05-05,2026-08-22,56.891,6,104.877,7.341,96,1
14-05-05,2026-08-23,51.828,9,103.038,7.283,96,1
14-05-05,2026-08-24,58.794,0,99.294,6.912,96,1
14-05-05,2026-08-25,59.525,9,98.776,6.903,96,1
14-05-05,2026-08-26,54.65,9,100.305,6.964,96,1
14-05-05,2026-08-27,55.375,2,149.047,6.968,96,1
14-05-05,2026-08-28,114.87,6,201.447,7.034,96,1
14-05-05,2026-08-29,92.877,7,204.386,7.307,96,1
14-05-05,2026-08-30,100.125,8,211.14,7.326,96,1
14-05-05,2026-08-31,112.843,5,204.446,6.762,96,1
14-05-05,2026-09-01,119.51,4,224.456,6.678,96,1
14-05-05,2026-09-02,142.29,3,243.311,6.663,96,1
14-05-05,2026-09-03,134.67,8,244.102,6.697,96,1
14-05-05,2026-09-04,143.499,10,248.973,6.978,96,1
14-05-05,2026-09-05,148.346,7,266.047,7.27,96,1
14-05-05,2026-09-06,146.12,4,264.462,7.113,96,1
14-05-05,2026-09-07,144.816,8,247.998,6.618,96,1
14-05-05,2026-09-08,147.637,8,244.611,6.473,96,1
14-05-05,2026-09-09,148.882,7,249.339,6.473,96,1
14-05-06,2026-09-02,211.103,3,442.611,11.303,96,1
14-05-06,2026-09-03,222.275,5,450.033,11.257,96,1
14-05-06,2026-09-04,247.46,3,462.386,11.435,96,1
14-05-06,2026-09-05,235.592,4,468.972,11.555,96,1
14-05-06,2026-09-06,237.966,5,470.213,11.555,96,1
14-05-06,2026-09-07,220.581,3,454.801,11.36,96,1
14-05-06,2026-09-08,222.539,4,446.266,11.279,96,1
14-05-06,2026-09-09,217.164,3,448.448,11.104,96,1
14-05-07,2026-09-02,146.674,3,252.215,5.776,96,1
14-05-07,2026-09-03,142.721,7,254.039,5.795,96,1
14-05-07,2026-09-04,154.765,9,260.765,6.083,96,1
14-05-07,2026-09-05,155.035,5,276.615,6.368,96,1
14-05-07,2026-09-06,154.072,4,276.727,6.218,96,1
14-05-07,2026-09-07,154.319,8,263.715,5.744,96,1
14-05-07,2026-09-08,159.149,8,260.357,5.583,96,1
14-05-07,2026-09-09,166.254,7,264.512,5.568,96,1
14-06-01,2026-09-02,72.192,5,130.417,4.416,96,1
14-06-01,2026-09-03,73.055,7,130.759,4.42,96,1
14-06-01,2026-09-04,79.302,8,134.055,4.65,96,1
14-06-01,2026-09-05,76.441,5,140.015,4.762,96,1
14-06-01,2026-09-06,77.441,4,138.417,4.748,96,1
14-06-01,2026-09-07,74.4,3,134.492,4.453,96,1
14-06-01,2026-09-08,77.514,9,131.059,4.334,96,1
14-06-01,2026-09-09,77.005,6,130.865,4.26,96,1
14-06-02,2026-07-13,153.821,5,224.311,0.073,96,1
14-06-02,2026-07-14,153.03,7,223.595,0.076,96,1
14-06-02,2026-07-15,154.956,6,224.626,0.076,96,1
14-06-02,2026-07-16,153.303,5,219.069,0.072,96,1
14-06-02,2026-07-17,150.559,2,220.331,0.074,96,1
14-06-02,2026-07-18,155.597,7,223.514,0.08,96,1
14-06-02,2026-07-19,151.846,5,221.518,0.081,96,1
14-06-02,2026-07-20,150.403,5,214.938,0.08,96,1
14-06-02,2026-07-21,144.021,7,208.312,0.081,96,1
14-06-02,2026-07-22,115.386,5,196.52,0.074,96,1
14-06-02,2026-07-23,127.746,5,195.464,0.074,96,1
14-06-02,2026-07-24,128.231,2,196.511,0.078,96,1
14-06-02,2026-07-25,131.588,2,196.076,0.076,96,1
14-06-02,2026-07-26,130.034,7,194.594,0.081,96,1
14-06-02,2026-07-27,129.438,5,191.572,0.075,96,1
14-06-02,2026-07-28,125.413,5,189.499,0.078,96,1
14-06-02,2026-07-29,126.349,7,189.156,0.076,96,1
14-06-02,2026-07-30,125.305,5,189.898,0.074,96,1
14-06-02,2026-07-31,133.465,5,190.078,0.07,96,1
14-06-02,2026-08-01,131.804,6,194.379,0.075,96,1
14-06-02,2026-08-02,130.685,7,199.308,0.076,96,1
14-06-02,2026-08-03,130.626,4,197.38,0.079,96,1
14-06-02,2026-08-04,129.884,6,198.17,0.08,96,1
14-06-02,2026-08-05,127.989,4,197.436,0.078,96,1
14-06-02,2026-08-06,131.216,4,202.196,0.077,96,1
14-06-02,2026-08-07,127.321,5,196.444,0.077,96,1
14-06-02,2026-08-08,132.745,7,201.004,0.074,96,1
14-06-02,2026-08-09,126.55,4,197.601,0.075,96,1
14-06-02,2026-08-10,129.814,3,200.54,0.073,96,1
14-06-02,2026-08-11,129.49,2,193.856,0.075,96,1
14-06-02,2026-08-12,129.601,6,194.852,0.076,96,1
14-06-02,2026-08-13,130.616,2,193.283,0.075,96,1
14-06-02,2026-08-14,127.914,5,195.952,0.08,96,1
14-06-02,2026-08-15,125.956,5,194.975,0.08,96,1
14-06-02,2026-08-16,124.675,5,196.791,0.078,96,1
14-06-02,2026-08-17,125.755,3,195.182,0.08,96,1
14-06-02,2026-08-18,124.468,5,192.589,0.075,96,1
14-06-02,2026-08-19,122.543,4,191.729,0.07,96,1
14-06-02,2026-08-20,127.618,4,184.197,0.072,96,1
14-06-02,2026-08-21,116.681,3,185.978,0.072,96,1
14-06-02,2026-08-22,119.426,5,191.263,0.071,96,1
14-06-02,2026-08-23,120.544,4,188.341,0.071,96,1
14-06-02,2026-08-24,126.565,0,194.723,0.076,96,1
14-06-02,2026-08-25,122.148,4,191.101,0.077,96,1
14-06-02,2026-08-26,121.487,4,190.72,0.077,96,1
14-06-02,2026-08-27,121.77,3,189.781,0.077,96,1
14-06-02,2026-08-28,122.83,2,191.742,0.077,96,1
14-06-02,2026-08-29,121.942,5,190.043,0.072,96,1
14-06-02,2026-08-30,122.97,5,190.718,0.073,96,1
14-06-02,2026-08-31,122.91,2,187.756,0.072,96,1
14-06-02,2026-09-01,124.955,4,187.503,0.072,96,1
14-06-02,2026-09-02,123.019,5,189.924,0.076,96,1
14-06-02,2026-09-03,124.953,5,192.478,0.077,96,1
14-06-02,2026-09-04,136.898,6,193.904,0.081,96,1
14-06-02,2026-09-05,124.409,4,195.961,0.082,96,1
14-06-02,2026-09-06,125.901,4,192.861,0.08,96,1
14-06-02,2026-09-07,119.436,5,190.624,0.082,96,1
14-06-02,2026-09-08,125.292,3,185.476,0.055,96,1
14-06-02,2026-09-09,119.63,3,185.29,0.01,96,1
14-06-03,2026-07-13,56.688,6,99.753,4.252,96,1
14-06-03,2026-07-14,57.515,4,103.058,4.279,96,1
14-06-03,2026-07-15,64.228,7,102.735,4.317,96,1
14-06-03,2026-07-16,59.723,6,97.631,4.254,96,1
14-06-03,2026-07-17,56.359,5,97.323,4.184,96,1
14-06-03,2026-07-18,57.158,6,105.717,4.313,96,1
14-06-03,2026-07-19,61.426,4,108.254,4.349,96,1
14-06-03,2026-07-20,59.885,6,102.762,4.181,96,1
14-06-03,2026-07-21,59.029,6,101.434,4.122,96,1
14-06-03,2026-07-22,59.502,5,99.547,4.184,96,1
14-06-03,2026-07-23,56.056,4,98.47,4.161,96,1
14-06-03,2026-07-24,56.352,3,98.285,3.79,96,1
14-06-03,2026-07-25,58.065,7,100.913,3.892,96,1
14-06-03,2026-07-26,60.523,5,106.067,4.232,96,1
14-06-03,2026-07-27,61.986,5,102.55,4.192,96,1
14-06-03,2026-07-28,57.069,6,100.965,4.268,96,1
14-06-03,2026-07-29,57.754,5,101.287,4.271,96,1
14-06-03,2026-07-30,55.081,5,99.82,4.243,96,1
14-06-03,2026-07-31,55.248,6,98.718,4.163,96,1
14-06-03,2026-08-01,57.634,1,100.899,4.097,96,1
14-06-03,2026-08-02,58.367,5,104.288,4.224,96,1
14-06-03,2026-08-03,59.1,6,102.996,4.103,96,1
14-06-03,2026-08-04,59.486,5,97.908,4.296,39,0
14-06-03,2026-08-05,,,129.79,5.34,1,0
14-06-03,2026-08-06,,,109.902,4.485,30,0
14-06-03,2026-08-07,,,105.013,4.098,61,0
14-06-03,2026-08-08,57.445,7,102.341,4.093,95,1
14-06-03,2026-08-09,44.521,1,100.709,4.044,96,1
14-06-03,2026-08-10,55.393,5,94.972,3.967,96,1
14-06-03,2026-08-11,48.804,1,96.711,4.124,96,1
14-06-03,2026-08-12,57.343,6,101.2,4.175,96,1
14-06-03,2026-08-13,46.194,1,94.129,3.862,96,1
14-06-03,2026-08-14,54.82,2,96.185,3.86,96,1
14-06-03,2026-08-15,53.82,5,101.848,4.109,96,1
14-06-03,2026-08-16,23.459,0,101.033,4.053,96,1
14-06-03,2026-08-17,46.631,1,93.116,3.556,96,1
14-06-03,2026-08-18,45.182,2,92.579,3.55,96,1
14-06-03,2026-08-19,44.921,2,94.394,3.901,96,1
14-06-03,2026-08-20,50.669,1,91.386,3.821,96,1
14-06-03,2026-08-21,45.319,1,95.152,3.916,96,1
14-06-03,2026-08-22,50.471,1,98.713,4.087,96,1
14-06-03,2026-08-23,36.909,0,97.843,3.893,73,0
14-06-03,2026-08-24,,,98.726,3.446,60,0
14-06-03,2026-08-25,48.514,1,93.853,3.756,96,1
14-06-03,2026-08-26,46.161,1,93.899,3.769,96,1
14-06-03,2026-08-27,48.407,1,95.906,3.986,96,1
14-06-03,2026-08-28,52.894,5,94.0,4.022,96,1
14-06-03,2026-08-29,47.95,2,89.188,3.973,54,0
14-06-03,2026-08-30,,,100.878,3.915,57,0
14-06-03,2026-08-31,37.42,1,88.518,3.979,96,1
14-06-03,2026-09-01,50.544,4,88.964,4.121,96,1
14-06-03,2026-09-02,51.242,5,90.296,3.792,96,1
14-06-03,2026-09-03,52.055,5,88.859,3.665,96,1
14-06-03,2026-09-04,59.57,9,90.836,3.893,96,1
14-06-03,2026-09-05,33.891,1,96.126,4.14,96,1
14-06-03,2026-09-06,40.825,1,95.761,4.157,96,1
14-06-03,2026-09-07,28.786,0,87.955,3.775,96,1
14-06-03,2026-09-08,46.657,1,86.005,3.504,96,1
14-06-03,2026-09-09,32.456,1,89.562,3.718,96,1
14-06-04,2026-09-02,,,523.67,2.746,2,0
14-06-04,2026-09-08,,,510.9,2.6,1,0
14-06-05,2026-07-13,129.23,0,148.035,3.814,96,1
14-06-05,2026-07-14,127.864,0,151.237,3.847,96,1
14-06-05,2026-07-15,127.484,0,151.529,3.812,96,1
14-06-05,2026-07-16,129.105,0,143.961,3.861,96,1
14-06-05,2026-07-17,129.333,0,144.627,3.759,96,1
14-06-05,2026-07-18,123.963,0,153.596,3.857,96,1
14-06-05,2026-07-19,117.176,0,154.837,3.856,96,1
14-06-05,2026-07-20,127.915,0,150.516,3.713,96,1
14-06-05,2026-07-21,124.641,0,145.949,3.689,96,1
14-06-05,2026-07-22,129.089,0,144.282,3.738,96,1
14-06-05,2026-07-23,127.876,0,142.765,3.736,96,1
14-06-05,2026-07-24,135.606,0,141.31,3.36,96,1
14-06-05,2026-07-25,118.726,0,143.896,3.447,96,1
14-06-05,2026-07-26,122.324,0,149.032,3.81,96,1
14-06-05,2026-07-27,124.771,0,137.691,3.771,96,1
14-06-05,2026-07-28,122.756,0,139.673,3.871,96,1
14-06-05,2026-07-29,119.374,0,140.477,3.853,96,1
14-06-05,2026-07-30,119.12,0,140.858,3.845,96,1
14-06-05,2026-07-31,124.126,0,135.64,3.762,96,1
14-06-05,2026-08-01,128.671,0,143.71,3.685,96,1
14-06-05,2026-08-02,122.8,0,148.026,3.791,96,1
14-06-05,2026-08-03,133.1,0,145.518,3.66,96,1
14-06-05,2026-08-04,130.961,0,145.701,3.618,96,1
14-06-05,2026-08-05,133.996,0,142.045,3.582,96,1
14-06-05,2026-08-06,130.826,0,142.215,3.66,96,1
14-06-05,2026-08-07,136.534,0,144.365,3.695,96,1
14-06-05,2026-08-08,128.452,0,146.826,3.575,96,1
14-06-05,2026-08-09,125.729,0,147.113,3.722,96,1
14-06-05,2026-08-10,130.951,0,139.906,3.526,96,1
14-06-05,2026-08-11,130.081,0,127.475,3.794,96,1
14-06-05,2026-08-12,126.403,0,143.719,3.744,96,1
14-06-05,2026-08-13,130.654,0,135.434,3.546,96,1
14-06-05,2026-08-14,133.322,0,139.519,3.449,96,1
14-06-05,2026-08-15,127.66,0,143.821,3.46,96,1
14-06-05,2026-08-16,126.724,0,148.76,3.703,96,1
14-06-05,2026-08-17,136.614,0,149.437,3.269,80,0
14-06-05,2026-08-18,70.506,2,136.956,3.166,96,1
14-06-05,2026-08-19,68.719,1,140.789,3.521,96,1
14-06-05,2026-08-20,73.375,1,132.117,3.487,96,1
14-06-05,2026-08-21,70.181,1,137.594,3.558,96,1
14-06-05,2026-08-22,72.915,1,143.419,3.674,96,1
14-06-05,2026-08-23,58.481,0,143.836,3.669,96,1
14-06-05,2026-08-24,72.731,0,132.964,4.041,92,1
14-06-05,2026-08-25,71.595,1,136.949,5.239,96,1
14-06-05,2026-08-26,67.28,1,139.262,5.21,96,1
14-06-05,2026-08-27,77.635,1,142.785,5.49,96,1
14-06-05,2026-08-28,81.099,2,147.902,5.558,96,1
14-06-05,2026-08-29,85.113,1,150.706,5.63,96,1
14-06-05,2026-08-30,82.335,1,150.317,5.535,96,1
14-06-05,2026-08-31,64.902,1,139.817,5.53,96,1
14-06-05,2026-09-01,76.727,4,140.178,5.709,96,1
14-06-05,2026-09-02,78.406,3,141.341,5.214,96,1
14-06-05,2026-09-03,80.917,5,140.244,4.996,96,1
14-06-05,2026-09-04,91.544,6,145.025,3.514,96,1
14-06-05,2026-09-05,60.416,1,153.926,3.66,96,1
14-06-05,2026-09-06,68.733,0,150.121,3.715,96,1
14-06-05,2026-09-07,54.59,0,140.247,3.382,96,1
14-06-05,2026-09-08,74.516,1,137.226,3.137,96,1
14-06-05,2026-09-09,58.936,1,142.856,3.295,96,1
14-06-06,2026-07-13,,,127.43,4.28,3,0
14-06-06,2026-07-14,,,123.73,4.09,1,0
14-06-06,2026-07-15,,,114.006,4.079,7,0
14-06-06,2026-07-16,,,89.21,3.897,2,0
14-06-06,2026-07-17,,,101.95,3.46,3,0
14-06-06,2026-07-18,,,63.28,4.12,1,0
14-06-06,2026-07-20,,,131.69,4.197,3,0
14-06-06,2026-07-21,,,145.61,4.867,3,0
14-06-06,2026-07-22,,,117.231,4.386,42,0
14-06-06,2026-07-23,55.834,4,110.766,4.285,96,1
14-06-06,2026-07-24,56.828,5,113.974,3.888,96,1
14-06-06,2026-07-25,56.805,5,118.691,3.972,96,1
14-06-06,2026-07-26,57.029,5,121.87,4.322,96,1
14-06-06,2026-07-27,56.67,4,113.053,4.306,96,1
14-06-06,2026-07-28,54.834,5,115.222,4.378,96,1
14-06-06,2026-07-29,57.582,5,115.781,4.375,96,1
14-06-06,2026-07-30,56.013,5,115.438,4.348,96,1
14-06-06,2026-07-31,59.1,5,112.817,4.277,96,1
14-06-06,2026-08-01,55.875,4,116.688,4.19,96,1
14-06-06,2026-08-02,56.08,5,122.169,4.303,96,1
14-06-06,2026-08-03,56.334,5,116.419,4.198,96,1
14-06-06,2026-08-04,57.386,5,115.853,4.181,96,1
14-06-06,2026-08-05,57.207,3,112.232,4.103,96,1
14-06-06,2026-08-06,55.325,4,86.966,4.093,29,0
14-06-06,2026-08-07,,,153.52,5.36,1,0
14-06-06,2026-08-08,,,148.71,3.755,1,0
14-06-06,2026-08-09,,,110.28,4.518,3,0
14-06-06,2026-08-10,,,83.67,3.8,3,0
14-06-06,2026-08-11,,,69.96,3.57,1,0
14-06-06,2026-08-12,,,107.795,3.915,2,0
14-06-06,2026-08-13,,,123.16,4.575,1,0
14-06-06,2026-08-17,,,126.495,3.643,2,0
14-06-06,2026-08-19,,,102.93,4.04,1,0
14-06-06,2026-08-21,,,131.46,4.56,1,0
14-06-06,2026-08-24,,,152.68,5.055,1,0
14-06-06,2026-08-30,,,138.92,2.373,2,0
14-06-06,2026-08-31,,,117.75,4.312,2,0
14-06-06,2026-09-01,,,69.675,3.715,2,0
14-06-06,2026-09-02,,,83.442,2.707,6,0
14-06-06,2026-09-03,,,115.13,4.043,3,0
14-06-06,2026-09-04,,,111.513,4.3,6,0
14-06-06,2026-09-05,,,69.26,3.23,1,0
14-06-06,2026-09-06,,,112.556,4.848,5,0
14-06-06,2026-09-07,,,55.95,2.515,1,0
14-06-06,2026-09-08,,,66.517,1.903,3,0
14-06-06,2026-09-09,,,111.526,4.006,8,0
14-09-01,2026-07-13,158.536,0,196.515,9.502,96,1
14-09-01,2026-07-14,150.394,0,187.184,9.738,96,1
14-09-01,2026-07-15,143.329,0,190.423,9.725,96,1
14-09-01,2026-07-16,161.012,0,189.793,9.651,96,1
14-09-01,2026-07-17,141.727,0,180.876,9.77,96,1
14-09-01,2026-07-18,138.982,0,188.615,10.131,96,1
14-09-01,2026-07-19,140.354,0,189.875,10.174,96,1
14-09-01,2026-07-20,146.559,0,184.398,10.116,96,1
14-09-01,2026-07-21,143.445,0,184.392,10.112,96,1
14-09-01,2026-07-22,147.082,0,183.583,10.045,96,1
14-09-01,2026-07-23,149.338,0,183.373,10.104,96,1
14-09-01,2026-07-24,154.989,0,185.905,10.17,96,1
14-09-01,2026-07-25,146.02,0,189.992,10.098,96,1
14-09-01,2026-07-26,144.539,0,188.36,10.228,96,1
14-09-01,2026-07-27,147.225,0,180.542,10.132,96,1
14-09-01,2026-07-28,145.532,0,179.093,10.27,96,1
14-09-01,2026-07-29,143.343,0,180.532,10.364,96,1
14-09-01,2026-07-30,143.65,0,182.288,10.409,96,1
14-09-01,2026-07-31,149.252,0,182.086,10.409,96,1
14-09-01,2026-08-01,149.625,0,186.931,10.671,96,1
14-09-01,2026-08-02,148.037,0,190.97,10.823,96,1
14-09-01,2026-08-03,152.865,0,186.142,10.906,96,1
14-09-01,2026-08-04,155.056,0,187.896,11.019,96,1
14-09-01,2026-08-05,155.456,0,187.089,10.938,96,1
14-09-01,2026-08-06,158.229,0,188.027,10.951,96,1
14-09-01,2026-08-07,159.831,0,187.364,11.076,96,1
14-09-01,2026-08-08,150.029,0,189.762,11.229,96,1
14-09-01,2026-08-09,149.382,0,187.994,11.22,96,1
14-09-01,2026-08-10,148.951,0,180.925,11.143,96,1
14-09-01,2026-08-11,154.049,0,180.443,10.865,96,1
14-09-01,2026-08-12,145.778,0,183.681,11.02,96,1
14-09-01,2026-08-13,151.496,0,181.304,11.114,96,1
14-09-01,2026-08-14,150.534,0,182.703,11.273,96,1
14-09-01,2026-08-15,147.026,0,186.245,11.408,96,1
14-09-01,2026-08-16,151.146,0,189.989,11.528,96,1
14-09-01,2026-08-17,157.184,0,186.222,11.56,96,1
14-09-01,2026-08-18,153.898,0,182.064,11.455,96,1
14-09-01,2026-08-19,154.299,0,192.839,11.56,81,0
14-09-01,2026-08-20,115.434,2,181.581,11.567,96,1
14-09-01,2026-08-21,118.116,3,182.64,11.653,96,1
14-09-01,2026-08-22,121.64,6,189.174,11.745,96,1
14-09-01,2026-08-23,120.752,4,188.634,11.874,96,1
14-09-01,2026-08-24,124.538,3,183.709,12.038,96,1
14-09-01,2026-08-25,116.571,6,182.828,12.103,96,1
14-09-01,2026-08-26,119.156,7,185.104,12.233,96,1
14-09-01,2026-08-27,117.981,7,185.093,12.327,96,1
14-09-01,2026-08-28,119.374,4,184.184,12.416,96,1
14-09-01,2026-08-29,121.949,4,187.73,12.405,96,1
14-09-01,2026-08-30,121.519,4,189.663,12.502,96,1
14-09-01,2026-08-31,121.906,4,183.239,12.402,96,1
14-09-01,2026-09-01,118.936,6,182.112,12.498,96,1
14-09-01,2026-09-02,122.054,5,184.018,12.675,96,1
14-09-01,2026-09-03,121.051,8,193.168,12.678,96,1
14-09-01,2026-09-04,109.384,6,171.087,12.876,96,1
14-09-01,2026-09-05,106.354,5,172.6,13.023,96,1
14-09-01,2026-09-06,103.446,5,169.663,13.022,96,1
14-09-01,2026-09-07,89.06,4,159.399,13.081,96,1
14-09-01,2026-09-08,87.921,4,156.432,13.133,96,1
14-09-01,2026-09-09,87.041,5,155.723,13.295,96,1
14-09-02,2026-07-13,389.25,9,511.208,4.356,96,1
14-09-02,2026-07-14,382.266,0,513.992,4.375,96,1
14-09-02,2026-07-15,393.581,0,514.772,4.378,96,1
14-09-02,2026-07-16,376.799,6,501.68,4.359,96,1
14-09-02,2026-07-17,380.303,5,482.194,4.304,96,1
14-09-02,2026-07-18,401.974,7,533.675,4.361,96,1
14-09-02,2026-07-19,391.749,9,529.181,4.426,96,1
14-09-02,2026-07-20,378.457,7,507.003,4.258,96,1
14-09-02,2026-07-21,386.431,9,508.751,4.182,96,1
14-09-02,2026-07-22,381.391,8,498.653,4.228,96,1
14-09-02,2026-07-23,370.28,5,382.516,4.168,20,0
14-09-02,2026-07-24,365.289,7,491.847,4.147,96,1
14-09-02,2026-07-25,374.389,3,510.576,4.222,96,1
14-09-02,2026-07-26,367.935,0,504.781,4.37,96,1
14-09-02,2026-07-27,373.827,7,490.357,4.303,96,1
14-09-02,2026-07-28,352.139,1,485.024,4.418,96,1
14-09-02,2026-07-29,361.587,1,490.738,4.373,96,1
14-09-02,2026-07-30,354.21,1,490.928,4.348,96,1
14-09-02,2026-07-31,364.454,5,488.127,4.243,96,1
14-09-02,2026-08-01,373.909,0,547.807,4.05,96,1
14-09-02,2026-08-02,402.88,5,567.12,4.06,96,1
14-09-02,2026-08-03,395.344,6,545.56,3.967,96,1
14-09-02,2026-08-04,392.821,1,538.373,4.024,96,1
14-09-02,2026-08-05,393.072,8,535.196,4.017,96,1
14-09-02,2026-08-06,393.233,5,522.631,3.889,96,1
14-09-02,2026-08-07,390.739,0,541.459,4.041,96,1
14-09-02,2026-08-08,393.689,6,561.321,4.134,96,1
14-09-02,2026-08-09,388.908,3,562.303,4.114,96,1
14-09-02,2026-08-10,398.553,7,533.794,4.04,96,1
14-09-02,2026-08-11,375.651,1,519.706,4.108,96,1
14-09-02,2026-08-12,382.114,3,550.178,4.186,96,1
14-09-02,2026-08-13,381.875,1,526.026,4.03,96,1
14-09-02,2026-08-14,356.679,0,533.027,4.037,96,1
14-09-02,2026-08-15,384.041,2,553.22,4.103,96,1
14-09-02,2026-08-16,368.803,4,559.148,4.123,96,1
14-09-02,2026-08-17,389.794,1,538.696,3.986,96,1
14-09-02,2026-08-18,375.666,4,527.691,3.924,96,1
14-09-02,2026-08-19,382.164,8,547.577,4.187,74,0
14-09-02,2026-08-20,326.58,3,524.251,4.024,96,1
14-09-02,2026-08-21,320.262,3,523.837,4.026,96,1
14-09-02,2026-08-22,310.637,5,535.334,4.185,96,1
14-09-02,2026-08-23,317.962,6,526.047,4.209,96,1
14-09-02,2026-08-24,149.458,0,411.345,4.325,96,1
14-09-02,2026-08-25,248.369,4,384.681,4.421,96,1
14-09-02,2026-08-26,250.843,0,396.446,4.414,96,1
14-09-02,2026-08-27,252.366,2,392.091,4.44,82,0
14-09-02,2026-09-04,307.243,7,464.448,4.466,93,1
14-09-02,2026-09-05,297.952,6,474.994,4.553,96,1
14-09-02,2026-09-06,291.389,6,481.727,4.51,96,1
14-09-02,2026-09-07,296.798,6,454.277,4.286,96,1
14-09-02,2026-09-08,291.926,4,449.388,4.151,96,1
14-09-02,2026-09-09,287.725,2,450.302,4.076,96,1
14-09-03,2026-07-13,113.854,7,194.06,4.274,96,1
14-09-03,2026-07-14,113.885,8,192.394,4.271,96,1
14-09-03,2026-07-15,120.725,5,196.84,4.323,96,1
14-09-03,2026-07-16,111.635,7,187.081,4.31,96,1
14-09-03,2026-07-17,112.94,6,189.459,4.207,96,1
14-09-03,2026-07-18,116.727,7,124.893,3.696,18,0
14-09-03,2026-07-20,,,202.643,4.101,61,0
14-09-03,2026-07-21,113.39,7,191.471,4.138,96,1
14-09-03,2026-07-22,114.524,8,181.517,4.206,96,1
14-09-03,2026-07-23,112.906,4,188.364,4.184,96,1
14-09-03,2026-07-24,111.672,6,192.936,4.027,96,1
14-09-03,2026-07-25,112.971,5,199.745,4.087,96,1
14-09-03,2026-07-26,114.331,7,194.616,4.246,96,1
14-09-03,2026-07-27,69.245,1,182.77,4.244,95,1
14-09-03,2026-07-28,106.288,6,186.423,4.295,96,1
14-09-03,2026-07-29,109.391,7,187.705,4.274,96,1
14-09-03,2026-07-30,110.546,6,189.052,4.241,96,1
14-09-03,2026-07-31,109.051,7,178.038,3.95,70,0
14-09-03,2026-08-01,110.521,8,191.092,4.222,96,1
14-09-03,2026-08-02,108.934,8,198.574,4.221,96,1
14-09-03,2026-08-03,109.969,6,189.155,4.124,96,1
14-09-03,2026-08-04,108.777,6,189.384,4.164,96,1
14-09-03,2026-08-05,107.484,5,186.246,4.169,96,1
14-09-03,2026-08-06,110.907,5,188.043,4.203,91,1
14-09-03,2026-08-07,,,191.991,4.195,61,0
14-09-03,2026-08-08,98.63,2,168.744,4.394,96,1
14-09-03,2026-08-09,76.45,7,138.198,4.256,96,1
14-09-03,2026-08-10,75.879,5,131.132,4.147,96,1
14-09-03,2026-08-11,72.561,6,128.471,4.19,96,1
14-09-03,2026-08-12,64.926,0,132.682,4.366,96,1
14-09-03,2026-08-13,74.603,6,128.724,4.144,96,1
14-09-03,2026-08-14,75.55,6,131.669,4.154,96,1
14-09-03,2026-08-15,76.041,7,138.075,4.227,96,1
14-09-03,2026-08-16,78.808,5,139.456,4.261,96,1
14-09-03,2026-08-17,73.936,5,131.638,4.131,96,1
14-09-03,2026-08-18,73.825,4,128.691,4.105,96,1
14-09-03,2026-08-19,70.532,5,128.603,4.123,96,1
14-09-03,2026-08-20,73.121,5,128.456,4.154,96,1
14-09-03,2026-08-21,73.029,3,128.504,4.138,96,1
14-09-03,2026-08-22,72.079,6,136.569,4.249,96,1
14-09-03,2026-08-23,72.715,6,138.281,4.242,96,1
14-09-03,2026-08-24,96.358,9,143.922,3.944,96,1
14-09-03,2026-08-25,85.653,6,144.499,3.911,96,1
14-09-03,2026-08-26,86.72,8,146.117,3.913,96,1
14-09-03,2026-08-27,85.343,6,144.228,3.952,96,1
14-09-03,2026-08-28,59.919,0,148.176,4.204,96,1
14-09-03,2026-08-29,86.02,8,155.145,4.281,96,1
14-09-03,2026-08-30,88.935,9,153.147,4.336,96,1
14-09-03,2026-08-31,80.429,5,139.542,4.288,96,1
14-09-03,2026-09-01,82.665,6,141.48,4.262,96,1
14-09-03,2026-09-02,86.791,6,143.005,4.147,96,1
14-09-03,2026-09-03,84.124,8,143.619,4.129,96,1
14-09-03,2026-09-04,89.375,9,145.919,4.088,96,1
14-09-03,2026-09-05,85.33,4,151.295,4.155,96,1
14-09-03,2026-09-06,87.657,4,152.306,4.099,96,1
14-09-03,2026-09-07,84.45,6,143.034,3.915,96,1
14-09-03,2026-09-08,84.075,5,142.933,3.781,96,1
14-09-03,2026-09-09,83.781,4,143.513,3.713,96,1
14-17-01,2026-07-13,110.808,5,196.987,6.035,96,1
14-17-01,2026-07-14,109.767,6,196.941,6.01,96,1
14-17-01,2026-07-15,105.605,7,196.655,6.04,96,1
14-17-01,2026-07-16,107.979,6,189.184,6.013,96,1
14-17-01,2026-07-17,108.172,6,190.704,5.916,96,1
14-17-01,2026-07-18,107.474,7,115.808,5.43,18,0
14-17-01,2026-07-20,,,205.807,5.756,61,0
14-17-01,2026-07-21,105.189,6,193.493,5.827,96,1
14-17-01,2026-07-22,113.537,3,190.679,5.82,96,1
14-17-01,2026-07-23,107.683,6,188.798,5.874,96,1
14-17-01,2026-07-24,102.895,6,191.411,5.796,96,1
14-17-01,2026-07-25,103.235,6,197.097,5.834,96,1
14-17-01,2026-07-26,109.392,6,197.588,5.998,93,1
14-17-01,2026-07-27,105.454,6,189.131,5.967,95,1
14-17-01,2026-07-28,103.496,5,187.321,6.086,96,1
14-17-01,2026-07-29,105.398,7,189.943,6.036,96,1
14-17-01,2026-07-30,100.547,6,192.32,6.018,96,1
14-17-01,2026-07-31,108.761,6,186.412,5.842,62,0
14-17-01,2026-08-01,113.961,7,199.626,5.879,95,1
14-17-01,2026-08-02,107.631,7,205.286,5.955,89,1
14-17-01,2026-08-03,110.004,6,195.769,5.779,96,1
14-17-01,2026-08-04,105.328,6,196.181,5.816,96,1
14-17-01,2026-08-05,107.293,6,192.098,5.806,96,1
14-17-01,2026-08-06,106.078,6,193.196,5.914,91,1
14-17-01,2026-08-07,,,205.159,6.024,61,0
14-17-01,2026-08-08,106.106,6,199.922,5.938,96,1
14-17-01,2026-08-09,106.078,6,201.727,5.917,96,1
14-17-01,2026-08-10,106.129,5,190.372,5.865,96,1
14-17-01,2026-08-11,108.863,7,188.388,5.903,96,1
14-17-01,2026-08-12,105.105,6,198.694,5.958,96,1
14-17-01,2026-08-13,109.529,5,189.81,5.792,96,1
14-17-01,2026-08-14,107.495,6,194.338,5.835,96,1
14-17-01,2026-08-15,106.418,6,201.798,5.85,96,1
14-17-01,2026-08-16,109.466,5,204.985,5.802,95,1
14-17-01,2026-08-17,113.169,5,195.534,5.813,96,1
14-17-01,2026-08-18,107.539,3,185.284,5.658,96,1
14-17-01,2026-08-19,100.51,5,186.143,5.843,96,1
14-17-01,2026-08-20,102.896,1,185.33,5.854,96,1
14-17-01,2026-08-21,101.434,5,187.788,5.829,96,1
14-17-01,2026-08-22,103.744,6,195.33,5.886,96,1
14-17-01,2026-08-23,107.201,7,191.475,5.709,73,0
14-17-01,2026-08-24,,,372.016,5.89,59,0
14-17-01,2026-08-25,199.311,5,349.439,5.814,96,1
14-17-01,2026-08-26,198.093,5,354.78,5.81,96,1
14-17-01,2026-08-27,203.974,4,356.552,5.84,96,1
14-17-01,2026-08-28,205.697,4,356.75,5.848,96,1
14-17-01,2026-08-29,206.546,5,351.83,5.624,54,0
14-17-01,2026-08-30,,,404.675,5.962,57,0
14-17-01,2026-08-31,208.731,4,352.791,5.84,96,1
14-17-01,2026-09-01,208.716,4,352.44,5.871,96,1
14-17-01,2026-09-02,204.636,5,356.676,5.703,96,1
14-17-01,2026-09-03,210.099,5,357.71,5.715,95,1
14-17-01,2026-09-04,220.636,6,361.975,5.915,96,1
14-17-01,2026-09-05,213.112,5,376.358,5.984,96,1
14-17-01,2026-09-06,216.402,6,379.356,5.964,96,1
14-17-01,2026-09-07,202.915,4,357.74,5.774,96,1
14-17-01,2026-09-08,206.224,5,355.878,5.608,96,1
14-17-01,2026-09-09,207.634,3,359.447,5.509,96,1
14-17-02,2026-09-02,99.479,5,184.357,6.023,96,1
14-17-02,2026-09-03,100.883,6,185.806,6.004,96,1
14-17-02,2026-09-04,103.019,5,185.256,6.233,96,1
14-17-02,2026-09-05,103.157,6,196.265,6.316,96,1
14-17-02,2026-09-06,104.877,5,198.373,6.296,96,1
14-17-02,2026-09-07,99.6,4,185.752,6.085,96,1
14-17-02,2026-09-08,100.481,4,184.618,5.925,96,1
14-17-02,2026-09-09,99.632,3,184.127,5.826,96,1
14-17-03,2026-09-02,116.514,7,200.049,5.987,96,1
14-17-03,2026-09-03,112.062,7,195.172,5.979,96,1
14-17-03,2026-09-04,114.968,7,197.123,6.206,96,1
14-17-03,2026-09-05,110.749,7,200.221,6.353,96,1
14-17-03,2026-09-06,107.942,8,200.304,6.315,96,1
14-17-03,2026-09-07,105.77,5,190.937,6.05,96,1
14-17-03,2026-09-08,101.892,5,188.702,5.891,96,1
14-17-03,2026-09-09,112.761,9,190.555,5.807,96,1
14-17-04,2026-07-13,128.527,5,219.873,6.178,96,1
14-17-04,2026-07-14,128.501,5,221.53,6.168,96,1
14-17-04,2026-07-15,130.386,4,221.243,6.187,96,1
14-17-04,2026-07-16,133.417,4,216.993,6.144,96,1
14-17-04,2026-07-17,131.969,6,218.623,6.057,95,1
14-17-04,2026-07-18,131.921,7,139.783,4.419,18,0
14-17-04,2026-07-20,,,233.805,6.127,61,0
14-17-04,2026-07-21,130.246,6,221.849,5.967,96,1
14-17-04,2026-07-22,131.341,6,218.582,5.967,96,1
14-17-04,2026-07-23,129.433,5,218.959,5.988,96,1
14-17-04,2026-07-24,128.59,5,221.58,5.899,96,1
14-17-04,2026-07-25,130.63,6,229.186,5.975,96,1
14-17-04,2026-07-26,135.685,5,231.12,6.076,96,1
14-17-04,2026-07-27,132.787,6,222.168,6.044,95,1
14-17-04,2026-07-28,131.718,5,225.255,6.14,96,1
14-17-04,2026-07-29,133.175,5,227.033,6.104,96,1
14-17-04,2026-07-30,132.229,6,226.916,6.112,96,1
14-17-04,2026-07-31,134.856,5,210.367,5.654,70,0
14-17-04,2026-08-01,132.49,5,225.755,6.015,96,1
14-17-04,2026-08-02,130.279,6,232.401,6.045,96,1
14-17-04,2026-08-03,131.456,7,219.902,5.918,96,1
14-17-04,2026-08-04,126.291,5,217.73,5.973,96,1
14-17-04,2026-08-05,127.356,6,214.233,5.962,96,1
14-17-04,2026-08-06,125.884,5,215.732,6.046,92,1
14-17-04,2026-08-07,,,227.069,6.184,61,0
14-17-04,2026-08-08,123.52,6,225.526,6.142,96,1
14-17-04,2026-08-09,124.761,5,227.073,6.099,96,1
14-17-04,2026-08-10,125.31,6,214.67,6.005,96,1
14-17-04,2026-08-11,121.676,3,211.295,6.033,96,1
14-17-04,2026-08-12,121.436,6,224.657,6.115,96,1
14-17-04,2026-08-13,124.536,5,213.203,5.922,96,1
14-17-04,2026-08-14,126.529,4,216.556,5.983,96,1
14-17-04,2026-08-15,123.454,6,228.488,6.048,96,1
14-17-04,2026-08-16,123.405,5,232.229,6.024,96,1
14-17-04,2026-08-17,128.395,4,222.342,5.96,96,1
14-17-04,2026-08-18,115.124,4,216.491,5.811,96,1
14-17-04,2026-08-19,123.01,5,199.717,5.976,96,1
14-17-04,2026-08-20,105.188,4,188.965,6.01,96,1
14-17-04,2026-08-21,104.365,4,189.943,5.982,96,1
14-17-04,2026-08-22,100.165,6,197.754,6.104,96,1
14-17-04,2026-08-23,102.049,7,194.463,5.915,73,0
14-17-04,2026-08-24,,,202.953,6.055,60,0
14-17-04,2026-08-25,98.371,5,183.225,5.991,96,1
14-17-04,2026-08-26,98.54,6,185.462,5.994,96,1
14-17-04,2026-08-27,100.051,5,186.461,6.017,96,1
14-17-04,2026-08-28,100.192,4,188.443,6.038,96,1
14-17-04,2026-08-29,98.133,7,186.592,5.854,54,0
14-17-04,2026-08-30,,,217.198,6.271,57,0
14-17-04,2026-08-31,99.293,4,183.287,6.025,96,1
14-17-04,2026-09-01,101.644,5,184.318,6.043,96,1
14-17-04,2026-09-02,101.32,5,186.323,5.909,96,1
14-17-04,2026-09-03,101.469,6,186.713,5.886,96,1
14-17-04,2026-09-04,105.576,7,178.183,6.153,48,0
14-17-04,2026-09-08,,,103.33,4.71,1,0
14-17-05,2026-09-02,78.591,8,232.961,12.003,96,1
14-17-05,2026-09-03,84.203,5,234.75,11.948,96,1
14-17-05,2026-09-04,83.778,1,224.093,12.16,96,1
14-17-05,2026-09-05,80.044,6,236.508,12.266,96,1
14-17-05,2026-09-06,75.611,7,226.947,12.283,96,1
14-17-05,2026-09-07,73.231,6,223.215,12.097,96,1
14-17-05,2026-09-08,84.502,1,222.089,12.013,96,1
14-17-05,2026-09-09,85.642,0,232.163,11.796,96,1
14-17-06,2026-07-13,34.771,7,97.219,10.838,96,1
14-17-06,2026-07-14,32.678,4,97.279,10.791,96,1
14-17-06,2026-07-15,36.02,6,94.445,10.823,96,1
14-17-06,2026-07-16,32.13,7,90.955,10.82,96,1
14-17-06,2026-07-17,34.119,7,94.543,10.721,96,1
14-17-06,2026-07-18,37.066,6,101.109,10.957,96,1
14-17-06,2026-07-19,38.289,6,101.932,11.01,96,1
14-17-06,2026-07-20,42.044,7,97.157,10.695,96,1
14-17-06,2026-07-21,41.591,9,98.167,10.622,96,1
14-17-06,2026-07-22,35.672,5,95.356,10.651,96,1
14-17-06,2026-07-23,33.833,6,95.362,10.684,96,1
14-17-06,2026-07-24,35.561,5,99.133,10.601,96,1
14-17-06,2026-07-25,40.825,2,103.47,10.875,96,1
14-17-06,2026-07-26,35.688,8,97.364,10.977,96,1
14-17-06,2026-07-27,38.479,6,96.279,10.758,96,1
14-17-06,2026-07-28,30.492,7,94.083,11.074,96,1
14-17-06,2026-07-29,38.042,8,94.575,11.031,96,1
14-17-06,2026-07-30,35.112,7,97.62,10.936,96,1
14-17-06,2026-07-31,41.029,4,98.06,10.553,96,1
14-17-06,2026-08-01,35.288,5,103.866,10.732,96,1
14-17-06,2026-08-02,41.48,8,110.296,10.754,96,1
14-17-06,2026-08-03,35.277,8,109.561,10.339,96,1
14-17-06,2026-08-04,41.18,6,107.611,10.453,96,1
14-17-06,2026-08-05,36.089,8,105.16,10.551,96,1
14-17-06,2026-08-06,44.381,4,107.508,10.699,96,1
14-17-06,2026-08-07,42.641,3,109.412,10.734,96,1
14-17-06,2026-08-08,40.065,8,112.86,10.888,96,1
14-17-06,2026-08-09,45.123,6,117.898,10.902,96,1
14-17-06,2026-08-10,40.636,6,113.514,10.673,96,1
14-17-06,2026-08-11,41.681,7,111.487,10.589,96,1
14-17-06,2026-08-12,44.334,9,121.233,10.407,96,1
14-17-06,2026-08-13,48.284,8,129.119,10.199,96,1
14-17-06,2026-08-14,47.8,5,135.9,10.458,96,1
14-17-06,2026-08-15,49.287,5,147.148,10.654,96,1
14-17-06,2026-08-16,75.026,0,195.426,10.463,96,1
14-17-06,2026-08-17,59.475,7,160.533,10.42,96,1
14-17-06,2026-08-18,59.445,6,133.836,10.418,96,1
14-17-06,2026-08-19,32.431,8,99.994,10.785,96,1
14-17-06,2026-08-20,41.445,7,98.304,10.713,96,1
14-17-06,2026-08-21,39.001,6,96.329,10.683,96,1
14-17-06,2026-08-22,32.2,8,99.577,10.837,96,1
14-17-06,2026-08-23,37.015,2,99.312,10.91,96,1
14-17-06,2026-08-24,33.639,6,95.137,10.676,96,1
14-17-06,2026-08-25,32.343,8,95.582,10.668,96,1
14-17-06,2026-08-26,37.544,6,97.774,10.635,96,1
14-17-06,2026-08-27,39.726,1,102.005,10.625,96,1
14-17-06,2026-08-28,31.704,6,96.795,10.613,96,1
14-17-06,2026-08-29,34.346,6,96.084,10.864,96,1
14-17-06,2026-08-30,36.954,7,98.884,10.878,96,1
14-17-06,2026-08-31,34.55,8,94.538,10.687,96,1
14-17-06,2026-09-01,36.655,6,97.862,10.728,96,1
14-17-06,2026-09-02,34.33,5,96.127,10.545,96,1
14-17-06,2026-09-03,37.947,5,100.181,10.505,96,1
14-17-06,2026-09-04,34.765,8,97.664,10.69,96,1
14-17-06,2026-09-05,38.31,5,102.94,10.832,96,1
14-17-06,2026-09-06,42.294,9,105.171,10.824,96,1
14-17-06,2026-09-07,36.384,8,101.605,10.604,96,1
14-17-06,2026-09-08,37.117,4,98.858,10.497,96,1
14-17-06,2026-09-09,38.176,6,102.463,10.108,96,1
14-18-01,2026-07-13,166.781,0,266.503,4.127,96,1
14-18-01,2026-07-14,167.675,2,278.02,4.102,96,1
14-18-01,2026-07-15,171.136,1,274.706,4.135,96,1
14-18-01,2026-07-16,180.121,2,271.636,4.113,96,1
14-18-01,2026-07-17,167.466,1,266.511,4.065,96,1
14-18-01,2026-07-18,191.064,2,291.849,4.073,96,1
14-18-01,2026-07-19,166.472,2,254.657,4.267,96,1
14-18-01,2026-07-20,155.749,1,267.616,4.019,96,1
14-18-01,2026-07-21,154.817,2,264.007,3.911,96,1
14-18-01,2026-07-22,171.368,0,261.902,4.02,96,1
14-18-01,2026-07-23,167.253,1,250.048,4.045,96,1
14-18-01,2026-07-24,164.455,0,260.092,3.931,96,1
14-18-01,2026-07-25,157.248,2,253.266,4.042,96,1
14-18-01,2026-07-26,149.842,2,229.228,4.27,96,1
14-18-01,2026-07-27,166.29,0,219.772,4.224,96,1
14-18-01,2026-07-28,166.711,5,216.922,4.348,96,1
14-18-01,2026-07-29,147.0,3,235.307,4.236,96,1
14-18-01,2026-07-30,160.049,3,244.316,4.16,96,1
14-18-01,2026-07-31,161.254,1,239.521,4.064,83,0
14-18-01,2026-08-01,,,129.93,3.475,5,0
14-18-01,2026-08-02,,,179.065,4.293,24,0
14-18-01,2026-08-03,105.875,1,206.741,4.08,96,1
14-18-01,2026-08-04,135.218,2,217.108,4.047,96,1
14-18-01,2026-08-05,140.784,0,217.301,4.073,96,1
14-18-01,2026-08-06,141.779,0,214.186,4.109,91,1
14-18-01,2026-08-07,,,212.323,4.043,61,0
14-18-01,2026-08-08,136.925,6,217.61,4.232,96,1
14-18-01,2026-08-09,112.305,6,171.106,4.398,95,1
14-18-01,2026-08-10,92.97,1,176.837,4.217,96,1
14-18-01,2026-08-11,122.002,3,182.449,4.272,95,1
14-18-01,2026-08-12,111.284,8,166.095,4.451,96,1
14-18-01,2026-08-13,98.77,0,169.794,4.263,96,1
14-18-01,2026-08-14,109.662,3,180.63,4.221,95,1
14-18-01,2026-08-15,91.975,3,198.513,4.219,96,1
14-18-01,2026-08-16,83.752,5,171.461,4.392,96,1
14-18-01,2026-08-17,87.184,2,176.462,4.135,96,1
14-18-01,2026-08-18,101.705,4,196.32,4.009,96,1
14-18-01,2026-08-19,103.153,5,156.246,4.149,84,0
14-18-01,2026-08-20,118.33,12,170.348,4.099,96,1
14-18-01,2026-08-21,113.726,12,175.76,4.176,96,1
14-18-01,2026-08-22,150.726,12,206.472,4.271,96,1
14-18-01,2026-08-23,144.574,12,194.695,4.195,73,0
14-18-01,2026-08-24,,,243.39,3.866,60,0
14-18-01,2026-08-25,165.302,12,240.471,4.003,96,1
14-18-01,2026-08-26,164.964,10,242.917,4.012,96,1
14-18-01,2026-08-27,149.449,12,241.738,4.044,96,1
14-18-01,2026-08-28,169.034,10,245.262,4.082,96,1
14-18-01,2026-08-29,176.05,12,258.231,4.003,54,0
14-18-01,2026-08-30,,,235.805,4.244,57,0
14-18-01,2026-08-31,148.164,8,223.458,4.149,96,1
14-18-01,2026-09-01,154.559,11,227.657,4.161,95,1
14-18-01,2026-09-02,160.46,12,240.283,3.976,96,1
14-18-01,2026-09-03,150.219,10,239.598,3.967,95,1
14-18-01,2026-09-04,196.678,12,237.287,4.138,87,1
14-18-01,2026-09-05,174.694,12,245.401,4.298,95,1
14-18-01,2026-09-06,142.074,12,220.318,4.362,96,1
14-18-01,2026-09-07,153.599,12,233.291,4.04,96,1
14-18-01,2026-09-08,155.941,12,240.548,3.896,96,1
14-18-01,2026-09-09,182.2,12,244.043,3.82,96,1
14-18-02,2026-07-13,144.153,0,213.51,5.454,96,1
14-18-02,2026-07-14,140.058,0,208.781,5.317,96,1
14-18-02,2026-07-15,139.702,0,212.104,5.394,96,1
14-18-02,2026-07-16,140.097,0,207.438,5.409,96,1
14-18-02,2026-07-17,141.09,0,207.897,5.406,96,1
14-18-02,2026-07-18,127.851,0,199.014,5.227,96,1
14-18-02,2026-07-19,129.627,0,192.427,5.539,96,1
14-18-02,2026-07-20,134.854,0,206.043,5.199,96,1
14-18-02,2026-07-21,130.76,0,208.635,5.117,96,1
14-18-02,2026-07-22,134.697,0,205.84,5.199,96,1
14-18-02,2026-07-23,132.284,0,212.626,5.346,96,1
14-18-02,2026-07-24,131.785,0,208.875,5.197,96,1
14-18-02,2026-07-25,132.322,0,194.332,5.34,96,1
14-18-02,2026-07-26,133.208,0,182.871,5.639,96,1
14-18-02,2026-07-27,129.96,0,192.732,5.636,96,1
14-18-02,2026-07-28,128.393,0,194.057,5.873,96,1
14-18-02,2026-07-29,139.411,0,202.394,5.6,96,1
14-18-02,2026-07-30,144.354,0,209.233,5.542,96,1
14-18-02,2026-07-31,132.627,0,210.354,5.394,96,1
14-18-02,2026-08-01,128.545,0,193.033,5.329,96,1
14-18-02,2026-08-02,131.406,0,180.723,5.55,96,1
14-18-02,2026-08-03,132.631,0,196.456,5.192,96,1
14-18-02,2026-08-04,145.713,0,200.635,5.167,96,1
14-18-02,2026-08-05,137.076,0,194.881,5.189,96,1
14-18-02,2026-08-06,140.741,0,192.483,5.086,96,1
14-18-02,2026-08-07,140.544,0,194.688,5.327,96,1
14-18-02,2026-08-08,130.291,0,189.984,5.299,96,1
14-18-02,2026-08-09,133.608,0,176.303,5.546,96,1
14-18-02,2026-08-10,131.425,0,195.815,5.45,96,1
14-18-02,2026-08-11,134.204,0,200.452,5.459,96,1
14-18-02,2026-08-12,126.59,0,186.833,5.702,96,1
14-18-02,2026-08-13,144.167,0,196.451,5.404,96,1
14-18-02,2026-08-14,139.474,0,195.982,5.291,96,1
14-18-02,2026-08-15,137.58,0,180.687,5.129,96,1
14-18-02,2026-08-16,131.566,0,187.295,5.883,96,1
14-18-02,2026-08-17,83.392,6,201.794,5.334,96,1
14-18-02,2026-08-18,26.666,4,179.528,5.403,96,1
14-18-02,2026-08-19,5.714,2,197.454,5.599,96,1
14-18-02,2026-08-20,58.01,1,201.919,5.304,95,1
14-18-02,2026-08-21,44.485,1,192.681,5.356,96,1
14-18-02,2026-08-22,10.889,1,172.511,5.307,96,1
14-18-02,2026-08-23,10.273,3,161.502,5.474,96,1
14-18-02,2026-08-24,36.402,2,201.353,5.296,96,1
14-18-02,2026-08-25,49.531,2,198.62,5.198,96,1
14-18-02,2026-08-26,36.902,2,199.162,5.176,96,1
14-18-02,2026-08-27,25.291,2,199.888,5.222,96,1
14-18-02,2026-08-28,20.492,2,195.365,5.276,96,1
14-18-02,2026-08-29,19.051,3,184.156,5.31,96,1
14-18-02,2026-08-30,20.985,5,170.326,5.386,96,1
14-18-02,2026-08-31,33.836,1,194.125,5.433,96,1
14-18-02,2026-09-01,30.718,2,197.518,5.457,96,1
14-18-02,2026-09-02,43.809,3,197.388,5.192,96,1
14-18-02,2026-09-03,16.375,1,191.988,5.169,96,1
14-18-02,2026-09-04,27.529,6,194.256,5.38,96,1
14-18-02,2026-09-05,39.174,5,189.448,5.455,96,1
14-18-02,2026-09-06,71.259,4,185.588,5.615,96,1
14-18-02,2026-09-07,45.369,1,201.911,5.272,96,1
14-18-02,2026-09-08,17.41,2,195.442,5.098,96,1
14-18-02,2026-09-09,40.359,1,193.9,4.945,96,1
14-18-07,2026-07-13,,,211.38,4.65,1,0
14-18-07,2026-07-16,,,211.38,4.65,1,0
14-18-07,2026-07-17,,,211.38,4.65,2,0
14-18-07,2026-07-20,,,211.38,4.65,1,0
14-18-07,2026-07-21,,,211.38,4.65,1,0
14-18-07,2026-07-27,,,211.38,4.65,2,0
14-18-07,2026-07-31,,,211.38,4.65,2,0
14-18-07,2026-08-07,,,211.38,4.65,1,0
14-18-07,2026-08-13,,,211.38,4.65,1,0
14-18-07,2026-08-17,,,211.38,4.65,2,0
14-18-07,2026-08-18,,,186.263,3.537,3,0
14-18-07,2026-08-19,98.84,10,199.848,3.597,96,1
14-18-07,2026-08-20,110.631,3,191.332,3.394,96,1
14-18-07,2026-08-21,96.314,10,178.601,3.49,96,1
14-18-07,2026-08-22,89.826,2,169.838,3.222,96,1
14-18-07,2026-08-23,79.78,1,157.699,3.19,73,0
14-18-07,2026-08-24,,,204.318,3.552,60,0
14-18-07,2026-08-25,88.502,3,178.906,3.319,96,1
14-18-07,2026-08-26,89.62,6,180.428,3.32,96,1
14-18-07,2026-08-27,82.431,2,182.225,3.426,96,1
14-18-07,2026-08-28,99.403,2,183.013,3.469,96,1
14-18-07,2026-08-29,88.56,6,169.616,3.123,54,0
14-18-07,2026-08-30,,,186.068,3.454,57,0
14-18-07,2026-08-31,92.657,1,186.135,3.642,96,1
14-18-07,2026-09-01,83.346,5,181.49,3.68,96,1
14-18-07,2026-09-02,82.875,6,180.534,3.331,96,1
14-18-07,2026-09-03,83.278,3,178.493,3.282,96,1
14-18-07,2026-09-04,70.433,1,180.304,3.476,96,1
14-18-07,2026-09-05,97.78,6,187.189,3.529,96,1
14-18-07,2026-09-06,112.072,2,185.516,3.722,96,1
14-18-07,2026-09-07,85.505,4,182.014,3.406,96,1
14-18-07,2026-09-08,89.824,2,182.727,3.205,96,1
14-18-07,2026-09-09,90.838,3,175.449,3.003,96,1
14-18-08,2026-07-13,87.505,0,125.501,4.338,96,1
14-18-08,2026-07-14,91.319,0,131.053,4.317,96,1
14-18-08,2026-07-15,94.621,0,127.629,4.333,96,1
14-18-08,2026-07-16,90.129,0,113.958,4.326,96,1
14-18-08,2026-07-17,86.438,0,117.85,4.275,96,1
14-18-08,2026-07-18,89.924,0,135.965,4.27,96,1
14-18-08,2026-07-19,96.015,0,126.652,4.426,96,1
14-18-08,2026-07-20,94.235,0,101.486,4.213,96,1
14-18-08,2026-07-21,89.284,0,119.521,4.053,96,1
14-18-08,2026-07-22,89.27,0,116.998,4.211,96,1
14-18-08,2026-07-23,91.289,0,123.35,4.224,96,1
14-18-08,2026-07-24,85.986,0,119.173,4.138,96,1
14-18-08,2026-07-25,87.264,0,128.139,4.218,96,1
14-18-08,2026-07-26,86.326,0,127.235,4.436,96,1
14-18-08,2026-07-27,88.69,0,118.279,4.393,96,1
14-18-08,2026-07-28,85.654,0,112.75,4.529,96,1
14-18-08,2026-07-29,83.392,0,118.076,4.406,96,1
14-18-08,2026-07-30,83.66,0,115.665,4.345,96,1
14-18-08,2026-07-31,88.705,0,118.413,4.218,96,1
14-18-08,2026-08-01,101.025,0,135.077,4.322,96,1
14-18-08,2026-08-02,94.257,0,140.627,4.445,96,1
14-18-08,2026-08-03,99.099,0,133.87,4.224,96,1
14-18-08,2026-08-04,97.566,0,135.043,4.209,96,1
14-18-08,2026-08-05,104.775,0,134.124,4.23,96,1
14-18-08,2026-08-06,102.219,0,135.153,4.235,96,1
14-18-08,2026-08-07,128.075,0,136.885,4.287,96,1
14-18-08,2026-08-08,125.38,0,145.542,4.348,96,1
14-18-08,2026-08-09,123.85,0,145.377,4.497,96,1
14-18-08,2026-08-10,122.785,0,499.599,4.335,96,1
14-18-08,2026-08-11,725.09,0,725.09,4.367,96,1
14-18-08,2026-08-12,725.09,0,725.09,4.573,96,1
14-18-08,2026-08-13,725.09,0,725.09,4.364,96,1
14-18-08,2026-08-14,725.09,0,725.09,4.307,96,1
14-18-08,2026-08-15,725.09,0,725.09,4.309,96,1
14-18-08,2026-08-16,725.09,0,249.903,5.17,45,0
14-18-08,2026-08-17,0.249,8,0.225,4.306,96,1
14-18-08,2026-08-18,0.251,0,0.256,4.164,96,1
14-18-08,2026-08-19,0.278,0,0.268,4.013,96,1
14-18-08,2026-08-20,0.274,12,0.26,4.142,96,1
14-18-08,2026-08-21,0.276,12,0.589,4.414,96,1
14-18-08,2026-08-22,0.0,0,20.486,4.478,96,1
14-18-08,2026-08-23,0.0,0,0.0,4.558,96,1
14-18-08,2026-08-24,0.0,0,0.0,4.328,96,1
14-18-08,2026-08-25,0.0,0,0.0,4.261,96,1
14-18-08,2026-08-26,0.0,0,0.0,4.26,96,1
14-18-08,2026-08-27,0.0,0,0.0,4.306,96,1
14-18-08,2026-08-28,0.0,0,0.0,4.347,96,1
14-18-08,2026-08-29,0.0,0,0.0,4.444,96,1
14-18-08,2026-08-30,0.0,0,0.0,4.485,96,1
14-18-08,2026-08-31,0.0,0,135.102,4.412,95,1
14-18-08,2026-09-01,0.294,4,0.26,4.423,96,1
14-18-08,2026-09-02,0.282,0,131.096,4.244,96,1
14-18-08,2026-09-03,54.244,12,172.221,4.226,96,1
14-18-08,2026-09-04,87.501,5,75.372,4.434,96,1
14-18-08,2026-09-05,154.167,12,64.236,4.522,96,1
14-18-08,2026-09-06,0.0,0,0.003,4.581,96,1
14-18-08,2026-09-07,0.0,0,0.0,4.304,96,1
14-18-08,2026-09-08,0.0,0,0.0,4.168,96,1
14-18-08,2026-09-09,0.0,0,0.0,4.075,96,1
