rtu_id,dma_name,user_type,pipe_material,favad_n1,mnf_start,mnf_end,cusum_k_factor,cusum_h_factor,burst_intervals,q_std_mult,p_drop_bar,is_active,hard_flow_threshold
DM-13-02-05-01,DM-13-02-05-01,RESIDENTIAL,PVC,1.15,01:45,03:45,0.5,3,8,1.5,0.15,True,5000
DM-13-02-05-03,DM-13-02-05-03,RESIDENTIAL,PVC,1.15,04:45,06:45,0.5,3,8,1.5,0.15,True,5000
DM-01-01-01-01,DM-01-01-01-01,RESIDENTIAL,PVC,1.15,01:00,03:00,0.5,4,8,2.0,0.25,True,5000
DM-01-01-02-01,DM-01-01-02-01,RESIDENTIAL,PVC,1.15,03:15,05:15,0.5,4,8,2.0,0.25,True,5000
DM-01-01-02-02,DM-01-01-02-02,RESIDENTIAL,PVC,1.15,01:30,03:30,0.5,4,8,2.0,0.25,True,5000
DM-01-01-03-01,DM-01-01-03-01,RESIDENTIAL,PVC,1.15,20:45,22:45,0.5,4,8,2.0,0.25,True,5000
DM-01-01-03-02,DM-01-01-03-02,RESIDENTIAL,PVC,1.15,00:00,02:00,0.5,4,8,2.0,0.25,True,5000
DM-01-01-03-03,DM-01-01-03-03,RESIDENTIAL,PVC,1.15,00:00,02:00,0.5,4,8,2.0,0.25,True,5000
DM-01-01-04-01,DM-01-01-04-01,RESIDENTIAL,PVC,1.15,00:00,02:00,0.5,4,8,2.0,0.25,True,5000
DM-01-01-05-01,DM-01-01-05-01,RESIDENTIAL,PVC,1.15,02:00,04:00,0.5,4,8,2.0,0.25,True,5000
DM-01-01-05-02,DM-01-01-05-02,RESIDENTIAL,PVC,1.15,02:45,04:45,0.5,4,8,2.0,0.25,True,5000
DM-01-01-06-01,DM-01-01-06-01,RESIDENTIAL,PVC,1.15,02:00,04:00,0.5,4,8,2.0,0.25,True,5000
DM-01-01-06-02,DM-01-01-06-02,RESIDENTIAL,PVC,1.15,00:30,02:30,0.5,4,8,2.0,0.25,True,5000
DM-01-02-01-01,DM-01-02-01-01,RESIDENTIAL,PVC,1.15,02:00,04:00,0.5,4,8,2.0,0.25,True,5000
DM-01-02-01-02,DM-01-02-01-02,RESIDENTIAL,PVC,1.15,00:00,02:00,0.5,4,8,2.0,0.25,True,5000
DM-01-02-02-01,DM-01-02-02-01,RESIDENTIAL,PVC,1.15,02:15,04:15,0.5,4,8,2.0,0.25,True,5000
DM-01-02-02-02,DM-01-02-02-02,RESIDENTIAL,PVC,1.15,01:30,03:30,0.5,4,8,2.0,0.25,True,5000
DM-01-02-03-02,DM-01-02-03-02,RESIDENTIAL,PVC,1.15,02:15,04:15,0.5,4,8,2.0,0.25,True,5000
DM-01-02-04-02,DM-01-02-04-02,RESIDENTIAL,PVC,1.15,02:15,04:15,0.5,4,8,2.0,0.25,True,5000
DM-01-02-04-03,DM-01-02-04-03,RESIDENTIAL,PVC,1.15,02:15,04:15,0.5,4,8,2.0,0.25,True,5000
DM-01-02-05-01,DM-01-02-05-01,RESIDENTIAL,PVC,1.15,02:00,04:00,0.5,4,8,2.0,0.25,True,5000
DM-01-03-01-01,DM-01-03-01-01,RESIDENTIAL,PVC,1.15,00:00,02:00,0.5,4,8,2.0,0.25,True,5000
DM-01-03-02-01,DM-01-03-02-01,RESIDENTIAL,PVC,1.15,02:15,04:15,0.5,4,8,2.0,0.25,True,5000
DM-01-03-03-01,DM-01-03-03-01,RESIDENTIAL,PVC,1.15,00:45,02:45,0.5,4,8,2.0,0.25,True,5000
DM-01-03-04-01,DM-01-03-04-01,RESIDENTIAL,PVC,1.15,02:00,04:00,0.5,4,8,2.0,0.25,True,5000
DM-01-03-05-01,DM-01-03-05-01,RESIDENTIAL,PVC,1.15,00:00,02:00,0.5,4,8,2.0,0.25,True,5000
DM-01-03-05-02,DM-01-03-05-02,RESIDENTIAL,PVC,1.15,07:15,09:15,0.5,4,8,2.0,0.25,True,5000
DM-01-03-06-01,DM-01-03-06-01,RESIDENTIAL,PVC,1.15,00:15,02:15,0.5,4,8,2.0,0.25,True,5000
DM-01-03-06-02,DM-01-03-06-02,RESIDENTIAL,PVC,1.15,00:15,02:15,0.5,4,8,2.0,0.25,True,5000
DM-01-03-06-03,DM-01-03-06-03,RESIDENTIAL,PVC,1.15,00:00,02:00,0.5,4,8,2.0,0.25,True,5000
DM-01-04-01-01,DM-01-04-01-01,RESIDENTIAL,PVC,1.15,00:15,02:15,0.5,4,8,2.0,0.25,True,5000
DM-01-04-01-02,DM-01-04-01-02,RESIDENTIAL,PVC,1.15,00:00,02:00,0.5,4,8,2.0,0.25,True,5000
DM-01-04-02-01,DM-01-04-02-01,RESIDENTIAL,PVC,1.15,00:00,02:00,0.5,4,8,2.0,0.25,True,5000
DM-01-04-03-01,DM-01-04-03-01,RESIDENTIAL,PVC,1.15,03:00,05:00,0.5,4,8,2.0,0.25,True,5000
DM-01-04-03-02,DM-01-04-03-02,RESIDENTIAL,PVC,1.15,02:30,04:30,0.5,4,8,2.0,0.25,True,5000
DM-01-04-03-03,DM-01-04-03-03,RESIDENTIAL,PVC,1.15,03:00,05:00,0.5,4,8,2.0,0.25,True,5000
DM-01-04-04-01,DM-01-04-04-01,RESIDENTIAL,PVC,1.15,00:00,02:00,0.5,4,8,2.0,0.25,True,5000
DM-01-04-04-02,DM-01-04-04-02,RESIDENTIAL,PVC,1.15,04:15,06:15,0.5,4,8,2.0,0.25,True,5000
DM-01-04-05-01,DM-01-04-05-01,RESIDENTIAL,PVC,1.15,00:00,02:00,0.5,4,8,2.0,0.25,True,5000
DM-01-04-05-02,DM-01-04-05-02,RESIDENTIAL,PVC,1.15,00:00,02:00,0.5,4,8,2.0,0.25,True,5000
DM-01-04-06-01,DM-01-04-06-01,RESIDENTIAL,PVC,1.15,03:00,05:00,0.5,4,8,2.0,0.25,True,5000
DM-01-04-06-02,DM-01-04-06-02,RESIDENTIAL,PVC,1.15,00:00,02:00,0.5,4,8,2.0,0.25,True,5000
DM-01-04-07-01,DM-01-04-07-01,RESIDENTIAL,PVC,1.15,00:00,02:00,0.5,4,8,2.0,0.25,True,5000
DM-01-05-01-01,DM-01-05-01-01,RESIDENTIAL,PVC,1.15,02:00,04:00,0.5,4,8,2.0,0.25,True,5000
DM-01-05-01-02,DM-01-05-01-02,RESIDENTIAL,PVC,1.15,00:15,02:15,0.5,4,8,2.0,0.25,True,5000
DM-01-05-02-01,DM-01-05-02-01,RESIDENTIAL,PVC,1.15,01:15,03:15,0.5,4,8,2.0,0.25,True,5000
DM-01-05-03-01,DM-01-05-03-01,RESIDENTIAL,PVC,1.15,01:45,03:45,0.5,4,8,2.0,0.25,True,5000
DM-01-05-03-02,DM-01-05-03-02,RESIDENTIAL,PVC,1.15,02:15,04:15,0.5,4,8,2.0,0.25,True,5000
DM-01-05-04-01,DM-01-05-04-01,RESIDENTIAL,PVC,1.15,02:00,04:00,0.5,4,8,2.0,0.25,True,5000
DM-01-05-04-02,DM-01-05-04-02,RESIDENTIAL,PVC,1.15,02:00,04:00,0.5,4,8,2.0,0.25,True,5000
DM-01-05-04-03,DM-01-05-04-03,RESIDENTIAL,PVC,1.15,01:15,03:15,0.5,4,8,2.0,0.25,True,5000
DM-01-06-01-01,DM-01-06-01-01,RESIDENTIAL,PVC,1.15,02:15,04:15,0.5,4,8,2.0,0.25,True,5000
DM-01-06-01-02,DM-01-06-01-02,RESIDENTIAL,PVC,1.15,01:45,03:45,0.5,4,8,2.0,0.25,True,5000
DM-01-06-02-01,DM-01-06-02-01,RESIDENTIAL,PVC,1.15,06:45,08:45,0.5,4,8,2.0,0.25,True,5000
DM-01-06-02-02,DM-01-06-02-02,RESIDENTIAL,PVC,1.15,00:15,02:15,0.5,4,8,2.0,0.25,True,5000
DM-01-06-02-04,DM-01-06-02-04,RESIDENTIAL,PVC,1.15,00:00,02:00,0.5,4,8,2.0,0.25,True,5000
DM-01-06-02-05,DM-01-06-02-05,RESIDENTIAL,PVC,1.15,00:00,02:00,0.5,4,8,2.0,0.25,True,5000
DM-01-06-03-01,DM-01-06-03-01,RESIDENTIAL,PVC,1.15,00:00,02:00,0.5,4,8,2.0,0.25,True,5000
DM-01-06-03-02,DM-01-06-03-02,RESIDENTIAL,PVC,1.15,01:30,03:30,0.5,4,8,2.0,0.25,True,5000
DM-01-06-04-01,DM-01-06-04-01,RESIDENTIAL,PVC,1.15,02:00,04:00,0.5,4,8,2.0,0.25,True,5000
DM-01-06-04-02,DM-01-06-04-02,RESIDENTIAL,PVC,1.15,02:00,04:00,0.5,4,8,2.0,0.25,True,5000
DM-01-06-05-01,DM-01-06-05-01,RESIDENTIAL,PVC,1.15,02:00,04:00,0.5,4,8,2.0,0.25,True,5000
DM-01-06-05-02,DM-01-06-05-02,RESIDENTIAL,PVC,1.15,13:45,15:45,0.5,4,8,2.0,0.25,True,5000
DM-01-06-05-03,DM-01-06-05-03,RESIDENTIAL,PVC,1.15,00:00,02:00,0.5,4,8,2.0,0.25,True,5000
DM-01-06-05-04,DM-01-06-05-04,RESIDENTIAL,PVC,1.15,00:00,02:00,0.5,4,8,2.0,0.25,True,5000
DM-01-06-05-05,DM-01-06-05-05,RESIDENTIAL,PVC,1.15,02:15,04:15,0.5,4,8,2.0,0.25,True,5000
DM-01-06-05-06,DM-01-06-05-06,RESIDENTIAL,PVC,1.15,00:00,02:00,0.5,4,8,2.0,0.25,True,5000
DM-01-06-05-07,DM-01-06-05-07,RESIDENTIAL,PVC,1.15,02:45,04:45,0.5,4,8,2.0,0.25,True,5000
DM-01-07-01-01,DM-01-07-01-01,RESIDENTIAL,PVC,1.15,02:00,04:00,0.5,4,8,2.0,0.25,True,5000
DM-01-07-01-02,DM-01-07-01-02,RESIDENTIAL,PVC,1.15,00:15,02:15,0.5,4,8,2.0,0.25,True,5000
DM-01-07-02-01,DM-01-07-02-01,RESIDENTIAL,PVC,1.15,02:00,04:00,0.5,4,8,2.0,0.25,True,5000
DM-01-07-02-02,DM-01-07-02-02,RESIDENTIAL,PVC,1.15,00:00,02:00,0.5,4,8,2.0,0.25,True,5000
DM-01-07-02-03,DM-01-07-02-03,RESIDENTIAL,PVC,1.15,02:00,04:00,0.5,4,8,2.0,0.25,True,5000
DM-01-07-03-01,DM-01-07-03-01,RESIDENTIAL,PVC,1.15,01:45,03:45,0.5,4,8,2.0,0.25,True,5000
DM-01-07-03-02,DM-01-07-03-02,RESIDENTIAL,PVC,1.15,01:45,03:45,0.5,4,8,2.0,0.25,True,5000
DM-01-07-03-03,DM-01-07-03-03,RESIDENTIAL,PVC,1.15,01:45,03:45,0.5,4,8,2.0,0.25,True,5000
DM-01-07-03-04,DM-01-07-03-04,RESIDENTIAL,PVC,1.15,02:15,04:15,0.5,4,8,2.0,0.25,True,5000
DM-01-07-04-01,DM-01-07-04-01,RESIDENTIAL,PVC,1.15,01:45,03:45,0.5,4,8,2.0,0.25,True,5000
DM-01-07-04-02,DM-01-07-04-02,RESIDENTIAL,PVC,1.15,02:15,04:15,0.5,4,8,2.0,0.25,True,5000
DM-01-07-04-03,DM-01-07-04-03,RESIDENTIAL,PVC,1.15,02:00,04:00,0.5,4,8,2.0,0.25,True,5000
DM-01-07-05-01,DM-01-07-05-01,RESIDENTIAL,PVC,1.15,02:00,04:00,0.5,4,8,2.0,0.25,True,5000
DM-01-07-06-01,DM-01-07-06-01,RESIDENTIAL,PVC,1.15,02:00,04:00,0.5,4,8,2.0,0.25,True,5000
DM-01-07-06-02,DM-01-07-06-02,RESIDENTIAL,PVC,1.15,01:30,03:30,0.5,4,8,2.0,0.25,True,5000
DM-01-07-06-03,DM-01-07-06-03,RESIDENTIAL,PVC,1.15,01:45,03:45,0.5,4,8,2.0,0.25,True,5000
DM-01-08-01-01,DM-01-08-01-01,RESIDENTIAL,PVC,1.15,12:00,14:00,0.5,4,8,2.0,0.25,True,5000
DM-01-08-01-02,DM-01-08-01-02,RESIDENTIAL,PVC,1.15,00:45,02:45,0.5,4,8,2.0,0.25,True,5000
DM-01-08-01-03,DM-01-08-01-03,RESIDENTIAL,PVC,1.15,01:45,03:45,0.5,4,8,2.0,0.25,True,5000
DM-01-08-02-01,DM-01-08-02-01,RESIDENTIAL,PVC,1.15,02:15,04:15,0.5,4,8,2.0,0.25,True,5000
DM-01-08-02-02,DM-01-08-02-02,RESIDENTIAL,PVC,1.15,00:00,02:00,0.5,4,8,2.0,0.25,True,5000
DM-01-08-03-01,DM-01-08-03-01,RESIDENTIAL,PVC,1.15,06:30,08:30,0.5,4,8,2.0,0.25,True,5000
DM-01-08-04-01,DM-01-08-04-01,RESIDENTIAL,PVC,1.15,02:15,04:15,0.5,4,8,2.0,0.25,True,5000
DM-01-08-04-02,DM-01-08-04-02,RESIDENTIAL,PVC,1.15,02:45,04:45,0.5,4,8,2.0,0.25,True,5000
DM-01-08-04-03,DM-01-08-04-03,RESIDENTIAL,PVC,1.15,00:00,02:00,0.5,4,8,2.0,0.25,True,5000
DM-01-09-01-01,DM-01-09-01-01,RESIDENTIAL,PVC,1.15,02:00,04:00,0.5,4,8,2.0,0.25,True,5000
DM-01-09-02-01,DM-01-09-02-01,RESIDENTIAL,PVC,1.15,02:00,04:00,0.5,4,8,2.0,0.25,True,5000
DM-01-09-02-02,DM-01-09-02-02,RESIDENTIAL,PVC,1.15,02:00,04:00,0.5,4,8,2.0,0.25,True,5000
DM-01-09-03-01,DM-01-09-03-01,RESIDENTIAL,PVC,1.15,01:45,03:45,0.5,4,8,2.0,0.25,True,5000
DM-01-09-04-01,DM-01-09-04-01,RESIDENTIAL,PVC,1.15,02:00,04:00,0.5,4,8,2.0,0.25,True,5000
DM-01-09-05-01,DM-01-09-05-01,RESIDENTIAL,PVC,1.15,00:45,02:45,0.5,4,8,2.0,0.25,True,5000
DM-01-09-06-01,DM-01-09-06-01,RESIDENTIAL,PVC,1.15,02:00,04:00,0.5,4,8,2.0,0.25,True,5000
DM-01-09-07-01,DM-01-09-07-01,RESIDENTIAL,PVC,1.15,02:00,04:00,0.5,4,8,2.0,0.25,True,5000
DM-01-09-08-01,DM-01-09-08-01,RESIDENTIAL,PVC,1.15,02:00,04:00,0.5,4,8,2.0,0.25,True,5000
DM-01-09-09-01,DM-01-09-09-01,RESIDENTIAL,PVC,1.15,02:15,04:15,0.5,4,8,2.0,0.25,True,5000
DM-01-09-10-01,DM-01-09-10-01,RESIDENTIAL,PVC,1.15,02:15,04:15,0.5,4,8,2.0,0.25,True,5000
DM-02-01-01-01,DM-02-01-01-01,RESIDENTIAL,PVC,1.15,02:00,04:00,0.5,4,8,2.0,0.25,True,5000
DM-02-01-01-02,DM-02-01-01-02,RESIDENTIAL,PVC,1.15,02:00,04:00,0.5,4,8,2.0,0.25,True,5000
DM-02-01-02-01,DM-02-01-02-01,RESIDENTIAL,PVC,1.15,02:15,04:15,0.5,4,8,2.0,0.25,True,5000
DM-02-01-02-02,DM-02-01-02-02,RESIDENTIAL,PVC,1.15,02:00,04:00,0.5,4,8,2.0,0.25,True,5000
DM-02-01-03-01,DM-02-01-03-01,RESIDENTIAL,PVC,1.15,12:30,14:30,0.5,4,8,2.0,0.25,True,5000
DM-02-01-03-02,DM-02-01-03-02,RESIDENTIAL,PVC,1.15,01:00,03:00,0.5,4,8,2.0,0.25,True,5000
DM-02-01-03-03,DM-02-01-03-03,RESIDENTIAL,PVC,1.15,01:45,03:45,0.5,4,8,2.0,0.25,True,5000
DM-02-01-04-01,DM-02-01-04-01,RESIDENTIAL,PVC,1.15,02:00,04:00,0.5,4,8,2.0,0.25,True,5000
DM-02-01-04-02,DM-02-01-04-02,RESIDENTIAL,PVC,1.15,01:45,03:45,0.5,4,8,2.0,0.25,True,5000
DM-02-01-04-03,DM-02-01-04-03,RESIDENTIAL,PVC,1.15,02:15,04:15,0.5,4,8,2.0,0.25,True,5000
DM-02-01-04-05,DM-02-01-04-05,RESIDENTIAL,PVC,1.15,00:15,02:15,0.5,4,8,2.0,0.25,True,5000
DM-02-01-07-01,DM-02-01-07-01,RESIDENTIAL,PVC,1.15,02:00,04:00,0.5,4,8,2.0,0.25,True,5000
DM-02-02-01-01,DM-02-02-01-01,RESIDENTIAL,PVC,1.15,02:15,04:15,0.5,4,8,2.0,0.25,True,5000
DM-02-02-01-02,DM-02-02-01-02,RESIDENTIAL,PVC,1.15,03:15,05:15,0.5,4,8,2.0,0.25,True,5000
DM-02-02-02-01,DM-02-02-02-01,RESIDENTIAL,PVC,1.15,02:15,04:15,0.5,4,8,2.0,0.25,True,5000
DM-02-02-03-01,DM-02-02-03-01,RESIDENTIAL,PVC,1.15,02:15,04:15,0.5,4,8,2.0,0.25,True,5000
DM-02-02-04-01,DM-02-02-04-01,RESIDENTIAL,PVC,1.15,00:15,02:15,0.5,4,8,2.0,0.25,True,5000
DM-02-02-04-02,DM-02-02-04-02,RESIDENTIAL,PVC,1.15,02:15,04:15,0.5,4,8,2.0,0.25,True,5000
DM-02-02-05-01,DM-02-02-05-01,RESIDENTIAL,PVC,1.15,02:15,04:15,0.5,4,8,2.0,0.25,True,5000
DM-02-02-05-02,DM-02-02-05-02,RESIDENTIAL,PVC,1.15,00:00,02:00,0.5,4,8,2.0,0.25,True,5000
DM-02-02-06-01,DM-02-02-06-01,RESIDENTIAL,PVC,1.15,00:15,02:15,0.5,4,8,2.0,0.25,True,5000
DM-02-02-06-02,DM-02-02-06-02,RESIDENTIAL,PVC,1.15,00:00,02:00,0.5,4,8,2.0,0.25,True,5000
DM-02-02-06-03,DM-02-02-06-03,RESIDENTIAL,PVC,1.15,02:15,04:15,0.5,4,8,2.0,0.25,True,5000
DM-02-02-07-01,DM-02-02-07-01,RESIDENTIAL,PVC,1.15,02:15,04:15,0.5,4,8,2.0,0.25,True,5000
DM-02-02-07-03,DM-02-02-07-03,RESIDENTIAL,PVC,1.15,02:00,04:00,0.5,4,8,2.0,0.25,True,5000
DM-02-02-08-01,DM-02-02-08-01,RESIDENTIAL,PVC,1.15,02:00,04:00,0.5,4,8,2.0,0.25,True,5000
DM-02-03-01-01,DM-02-03-01-01,RESIDENTIAL,PVC,1.15,00:30,02:30,0.5,4,8,2.0,0.25,True,5000
DM-02-03-02-01,DM-02-03-02-01,RESIDENTIAL,PVC,1.15,00:15,02:15,0.5,4,8,2.0,0.25,True,5000
DM-02-03-02-02,DM-02-03-02-02,RESIDENTIAL,PVC,1.15,01:00,03:00,0.5,4,8,2.0,0.25,True,5000
DM-02-03-03-01,DM-02-03-03-01,RESIDENTIAL,PVC,1.15,01:45,03:45,0.5,4,8,2.0,0.25,True,5000
DM-02-03-03-02,DM-02-03-03-02,RESIDENTIAL,PVC,1.15,02:00,04:00,0.5,4,8,2.0,0.25,True,5000
DM-02-03-04-01,DM-02-03-04-01,RESIDENTIAL,PVC,1.15,01:45,03:45,0.5,4,8,2.0,0.25,True,5000
DM-02-03-05-01,DM-02-03-05-01,RESIDENTIAL,PVC,1.15,17:45,19:45,0.5,4,8,2.0,0.25,True,5000
DM-02-03-06-01,DM-02-03-06-01,RESIDENTIAL,PVC,1.15,00:00,02:00,0.5,4,8,2.0,0.25,True,5000
DM-02-03-06-02,DM-02-03-06-02,RESIDENTIAL,PVC,1.15,00:00,02:00,0.5,4,8,2.0,0.25,True,5000
DM-02-03-06-03,DM-02-03-06-03,RESIDENTIAL,PVC,1.15,11:30,13:30,0.5,4,8,2.0,0.25,True,5000
DM-02-04-01-02,DM-02-04-01-02,RESIDENTIAL,PVC,1.15,01:15,03:15,0.5,4,8,2.0,0.25,True,5000
DM-02-04-01-03,DM-02-04-01-03,RESIDENTIAL,PVC,1.15,00:30,02:30,0.5,4,8,2.0,0.25,True,5000
DM-02-04-02-01,DM-02-04-02-01,RESIDENTIAL,PVC,1.15,02:15,04:15,0.5,4,8,2.0,0.25,True,5000
DM-02-04-02-02,DM-02-04-02-02,RESIDENTIAL,PVC,1.15,02:00,04:00,0.5,4,8,2.0,0.25,True,5000
DM-02-04-03-01,DM-02-04-03-01,RESIDENTIAL,PVC,1.15,02:15,04:15,0.5,4,8,2.0,0.25,True,5000
DM-02-04-04-01,DM-02-04-04-01,RESIDENTIAL,PVC,1.15,02:15,04:15,0.5,4,8,2.0,0.25,True,5000
DM-02-04-04-02,DM-02-04-04-02,RESIDENTIAL,PVC,1.15,03:00,05:00,0.5,4,8,2.0,0.25,True,5000
DM-02-04-05-01,DM-02-04-05-01,RESIDENTIAL,PVC,1.15,02:00,04:00,0.5,4,8,2.0,0.25,True,5000
DM-02-04-05-02,DM-02-04-05-02,RESIDENTIAL,PVC,1.15,00:30,02:30,0.5,4,8,2.0,0.25,True,5000
DM-02-04-06-01,DM-02-04-06-01,RESIDENTIAL,PVC,1.15,00:00,02:00,0.5,4,8,2.0,0.25,True,5000
DM-02-08-01-01,DM-02-08-01-01,RESIDENTIAL,PVC,1.15,01:45,03:45,0.5,4,8,2.0,0.25,True,5000
DM-02-08-01-02,DM-02-08-01-02,RESIDENTIAL,PVC,1.15,00:00,02:00,0.5,4,8,2.0,0.25,True,5000
DM-02-08-02-01,DM-02-08-02-01,RESIDENTIAL,PVC,1.15,01:30,03:30,0.5,4,8,2.0,0.25,True,5000
DM-02-08-02-02,DM-02-08-02-02,RESIDENTIAL,PVC,1.15,00:00,02:00,0.5,4,8,2.0,0.25,True,5000
DM-02-08-03-01,DM-02-08-03-01,RESIDENTIAL,PVC,1.15,06:15,08:15,0.5,4,8,2.0,0.25,True,5000
DM-02-08-03-02,DM-02-08-03-02,RESIDENTIAL,PVC,1.15,01:15,03:15,0.5,4,8,2.0,0.25,True,5000
DM-02-08-03-03,DM-02-08-03-03,RESIDENTIAL,PVC,1.15,01:15,03:15,0.5,4,8,2.0,0.25,True,5000
DM-02-08-04-01,DM-02-08-04-01,RESIDENTIAL,PVC,1.15,01:45,03:45,0.5,4,8,2.0,0.25,True,5000
DM-02-08-04-02,DM-02-08-04-02,RESIDENTIAL,PVC,1.15,00:45,02:45,0.5,4,8,2.0,0.25,True,5000
DM-02-08-04-03,DM-02-08-04-03,RESIDENTIAL,PVC,1.15,00:00,02:00,0.5,4,8,2.0,0.25,True,5000
DM-02-12-01-01,DM-02-12-01-01,RESIDENTIAL,PVC,1.15,01:15,03:15,0.5,4,8,2.0,0.25,True,5000
DM-02-12-01-02,DM-02-12-01-02,RESIDENTIAL,PVC,1.15,02:00,04:00,0.5,4,8,2.0,0.25,True,5000
DM-02-12-01-03,DM-02-12-01-03,RESIDENTIAL,PVC,1.15,00:00,02:00,0.5,4,8,2.0,0.25,True,5000
DM-02-12-01-04,DM-02-12-01-04,RESIDENTIAL,PVC,1.15,00:00,02:00,0.5,4,8,2.0,0.25,True,5000
DM-02-12-02-01,DM-02-12-02-01,RESIDENTIAL,PVC,1.15,01:00,03:00,0.5,4,8,2.0,0.25,True,5000
DM-02-12-02-02,DM-02-12-02-02,RESIDENTIAL,PVC,1.15,02:00,04:00,0.5,4,8,2.0,0.25,True,5000
DM-02-12-02-03,DM-02-12-02-03,RESIDENTIAL,PVC,1.15,00:15,02:15,0.5,4,8,2.0,0.25,True,5000
DM-02-12-03-01,DM-02-12-03-01,RESIDENTIAL,PVC,1.15,01:15,03:15,0.5,4,8,2.0,0.25,True,5000
DM-02-12-03-02,DM-02-12-03-02,RESIDENTIAL,PVC,1.15,00:15,02:15,0.5,4,8,2.0,0.25,True,5000
DM-02-13-01-01,DM-02-13-01-01,RESIDENTIAL,PVC,1.15,01:15,03:15,0.5,4,8,2.0,0.25,True,5000
DM-02-13-01-02,DM-02-13-01-02,RESIDENTIAL,PVC,1.15,00:15,02:15,0.5,4,8,2.0,0.25,True,5000
DM-02-13-02-01,DM-02-13-02-01,RESIDENTIAL,PVC,1.15,02:15,04:15,0.5,4,8,2.0,0.25,True,5000
DM-02-13-02-02,DM-02-13-02-02,RESIDENTIAL,PVC,1.15,01:30,03:30,0.5,4,8,2.0,0.25,True,5000
DM-02-13-03-01,DM-02-13-03-01,RESIDENTIAL,PVC,1.15,01:15,03:15,0.5,4,8,2.0,0.25,True,5000
DM-02-13-03-02,DM-02-13-03-02,RESIDENTIAL,PVC,1.15,02:00,04:00,0.5,4,8,2.0,0.25,True,5000
DM-02-13-04-01,DM-02-13-04-01,RESIDENTIAL,PVC,1.15,02:15,04:15,0.5,4,8,2.0,0.25,True,5000
DM-02-13-04-02,DM-02-13-04-02,RESIDENTIAL,PVC,1.15,02:00,04:00,0.5,4,8,2.0,0.25,True,5000
DM-02-13-05-01,DM-02-13-05-01,RESIDENTIAL,PVC,1.15,00:15,02:15,0.5,4,8,2.0,0.25,True,5000
DM-02-13-05-02,DM-02-13-05-02,RESIDENTIAL,PVC,1.15,02:00,04:00,0.5,4,8,2.0,0.25,True,5000
DM-02-13-06-01,DM-02-13-06-01,RESIDENTIAL,PVC,1.15,02:15,04:15,0.5,4,8,2.0,0.25,True,5000
DM-02-13-06-02,DM-02-13-06-02,RESIDENTIAL,PVC,1.15,02:00,04:00,0.5,4,8,2.0,0.25,True,5000
DM-02-14-03-01,DM-02-14-03-01,RESIDENTIAL,PVC,1.15,02:15,04:15,0.5,4,8,2.0,0.25,True,5000
DM-02-14-03-02,DM-02-14-03-02,RESIDENTIAL,PVC,1.15,01:30,03:30,0.5,4,8,2.0,0.25,True,5000
DM-02-14-03-03,DM-02-14-03-03,RESIDENTIAL,PVC,1.15,01:15,03:15,0.5,4,8,2.0,0.25,True,5000
DM-02-14-04-01,DM-02-14-04-01,RESIDENTIAL,PVC,1.15,07:30,09:30,0.5,4,8,2.0,0.25,True,5000
DM-02-14-04-02,DM-02-14-04-02,RESIDENTIAL,PVC,1.15,01:30,03:30,0.5,4,8,2.0,0.25,True,5000
DM-02-14-04-03,DM-02-14-04-03,RESIDENTIAL,PVC,1.15,01:30,03:30,0.5,4,8,2.0,0.25,True,5000
DM-02-14-04-04,DM-02-14-04-04,RESIDENTIAL,PVC,1.15,01:30,03:30,0.5,4,8,2.0,0.25,True,5000
DM-02-14-05-01,DM-02-14-05-01,RESIDENTIAL,PVC,1.15,01:30,03:30,0.5,4,8,2.0,0.25,True,5000
DM-02-14-05-02,DM-02-14-05-02,RESIDENTIAL,PVC,1.15,01:00,03:00,0.5,4,8,2.0,0.25,True,5000
DM-02-14-05-03,DM-02-14-05-03,RESIDENTIAL,PVC,1.15,00:00,02:00,0.5,4,8,2.0,0.25,True,5000
DM-02-14-06-01,DM-02-14-06-01,RESIDENTIAL,PVC,1.15,01:30,03:30,0.5,4,8,2.0,0.25,True,5000
DM-02-14-06-02,DM-02-14-06-02,RESIDENTIAL,PVC,1.15,01:00,03:00,0.5,4,8,2.0,0.25,True,5000
DM-02-14-07-01,DM-02-14-07-01,RESIDENTIAL,PVC,1.15,00:00,02:00,0.5,4,8,2.0,0.25,True,5000
DM-02-14-07-02,DM-02-14-07-02,RESIDENTIAL,PVC,1.15,02:00,04:00,0.5,4,8,2.0,0.25,True,5000
DM-02-14-07-03,DM-02-14-07-03,RESIDENTIAL,PVC,1.15,01:15,03:15,0.5,4,8,2.0,0.25,True,5000
DM-02-14-07-04,DM-02-14-07-04,RESIDENTIAL,PVC,1.15,01:15,03:15,0.5,4,8,2.0,0.25,True,5000
DM-02-14-07-05,DM-02-14-07-05,RESIDENTIAL,PVC,1.15,02:15,04:15,0.5,4,8,2.0,0.25,True,5000
DM-02-14-08-01,DM-02-14-08-01,RESIDENTIAL,PVC,1.15,20:45,22:45,0.5,4,8,2.0,0.25,True,5000
DM-02-14-09-01,DM-02-14-09-01,RESIDENTIAL,PVC,1.15,01:45,03:45,0.5,4,8,2.0,0.25,True,5000
DM-02-14-09-02,DM-02-14-09-02,RESIDENTIAL,PVC,1.15,01:30,03:30,0.5,4,8,2.0,0.25,True,5000
DM-02-15-01-01,DM-02-15-01-01,RESIDENTIAL,PVC,1.15,00:15,02:15,0.5,4,8,2.0,0.25,True,5000
DM-02-15-02-01,DM-02-15-02-01,RESIDENTIAL,PVC,1.15,02:15,04:15,0.5,4,8,2.0,0.25,True,5000
DM-02-15-03-01,DM-02-15-03-01,RESIDENTIAL,PVC,1.15,02:15,04:15,0.5,4,8,2.0,0.25,True,5000
DM-02-15-04-01,DM-02-15-04-01,RESIDENTIAL,PVC,1.15,02:00,04:00,0.5,4,8,2.0,0.25,True,5000
DM-02-15-04-02,DM-02-15-04-02,RESIDENTIAL,PVC,1.15,02:15,04:15,0.5,4,8,2.0,0.25,True,5000
DM-02-15-05-01,DM-02-15-05-01,RESIDENTIAL,PVC,1.15,00:00,02:00,0.5,4,8,2.0,0.25,True,5000
DM-02-15-05-02,DM-02-15-05-02,RESIDENTIAL,PVC,1.15,00:00,02:00,0.5,4,8,2.0,0.25,True,5000
DM-02-16-01-01,DM-02-16-01-01,RESIDENTIAL,PVC,1.15,01:45,03:45,0.5,4,8,2.0,0.25,True,5000
DM-02-16-02-01,DM-02-16-02-01,RESIDENTIAL,PVC,1.15,02:00,04:00,0.5,4,8,2.0,0.25,True,5000
DM-02-16-02-02,DM-02-16-02-02,RESIDENTIAL,PVC,1.15,01:45,03:45,0.5,4,8,2.0,0.25,True,5000
DM-02-16-03-01,DM-02-16-03-01,RESIDENTIAL,PVC,1.15,01:45,03:45,0.5,4,8,2.0,0.25,True,5000
DM-02-16-03-02,DM-02-16-03-02,RESIDENTIAL,PVC,1.15,00:00,02:00,0.5,4,8,2.0,0.25,True,5000
DM-02-16-04-01,DM-02-16-04-01,RESIDENTIAL,PVC,1.15,00:00,02:00,0.5,4,8,2.0,0.25,True,5000
DM-02-16-04-02,DM-02-16-04-02,RESIDENTIAL,PVC,1.15,02:00,04:00,0.5,4,8,2.0,0.25,True,5000
DM-02-16-05-01,DM-02-16-05-01,RESIDENTIAL,PVC,1.15,02:15,04:15,0.5,4,8,2.0,0.25,True,5000
DM-02-16-06-01,DM-02-16-06-01,RESIDENTIAL,PVC,1.15,02:45,04:45,0.5,4,8,2.0,0.25,True,5000
DM-02-16-06-02,DM-02-16-06-02,RESIDENTIAL,PVC,1.15,01:30,03:30,0.5,4,8,2.0,0.25,True,5000
DM-02-16-06-03,DM-02-16-06-03,RESIDENTIAL,PVC,1.15,02:15,04:15,0.5,4,8,2.0,0.25,True,5000
DM-02-16-07-01,DM-02-16-07-01,RESIDENTIAL,PVC,1.15,02:00,04:00,0.5,4,8,2.0,0.25,True,5000
DM-02-16-07-02,DM-02-16-07-02,RESIDENTIAL,PVC,1.15,10:00,12:00,0.5,4,8,2.0,0.25,True,5000
DM-02-16-08-02,DM-02-16-08-02,RESIDENTIAL,PVC,1.15,00:00,02:00,0.5,4,8,2.0,0.25,True,5000
DM-03-01-01-01,DM-03-01-01-01,RESIDENTIAL,PVC,1.15,02:30,04:30,0.5,4,8,2.0,0.25,True,5000
DM-03-01-01-02,DM-03-01-01-02,RESIDENTIAL,PVC,1.15,16:00,18:00,0.5,4,8,2.0,0.25,True,5000
DM-03-01-02-01,DM-03-01-02-01,RESIDENTIAL,PVC,1.15,01:30,03:30,0.5,4,8,2.0,0.25,True,5000
DM-03-01-02-02,DM-03-01-02-02,RESIDENTIAL,PVC,1.15,22:00,00:00,0.5,4,8,2.0,0.25,True,5000
DM-03-01-02-03,DM-03-01-02-03,RESIDENTIAL,PVC,1.15,20:15,22:15,0.5,4,8,2.0,0.25,True,5000
DM-03-01-03-01,DM-03-01-03-01,RESIDENTIAL,PVC,1.15,02:45,04:45,0.5,4,8,2.0,0.25,True,5000
DM-03-01-04-01,DM-03-01-04-01,RESIDENTIAL,PVC,1.15,00:15,02:15,0.5,4,8,2.0,0.25,True,5000
DM-03-01-05-01,DM-03-01-05-01,RESIDENTIAL,PVC,1.15,21:15,23:15,0.5,4,8,2.0,0.25,True,5000
DM-03-01-05-02,DM-03-01-05-02,RESIDENTIAL,PVC,1.15,01:45,03:45,0.5,4,8,2.0,0.25,True,5000
DM-03-01-05-03,DM-03-01-05-03,RESIDENTIAL,PVC,1.15,00:00,02:00,0.5,4,8,2.0,0.25,True,5000
DM-03-01-06-01,DM-03-01-06-01,RESIDENTIAL,PVC,1.15,00:00,02:00,0.5,4,8,2.0,0.25,True,5000
DM-03-01-06-02,DM-03-01-06-02,RESIDENTIAL,PVC,1.15,23:45,01:45,0.5,4,8,2.0,0.25,True,5000
DM-03-01-07-01,DM-03-01-07-01,RESIDENTIAL,PVC,1.15,00:15,02:15,0.5,4,8,2.0,0.25,True,5000
DM-03-01-08-01,DM-03-01-08-01,RESIDENTIAL,PVC,1.15,02:45,04:45,0.5,4,8,2.0,0.25,True,5000
DM-03-01-09-01,DM-03-01-09-01,RESIDENTIAL,PVC,1.15,02:30,04:30,0.5,4,8,2.0,0.25,True,5000
DM-03-02-01-01,DM-03-02-01-01,RESIDENTIAL,PVC,1.15,23:45,01:45,0.5,4,8,2.0,0.25,True,5000
DM-03-02-02-01,DM-03-02-02-01,RESIDENTIAL,PVC,1.15,02:30,04:30,0.5,4,8,2.0,0.25,True,5000
DM-03-02-03-01,DM-03-02-03-01,RESIDENTIAL,PVC,1.15,02:30,04:30,0.5,4,8,2.0,0.25,True,5000
DM-03-02-04-01,DM-03-02-04-01,RESIDENTIAL,PVC,1.15,00:00,02:00,0.5,4,8,2.0,0.25,True,5000
DM-03-02-04-02,DM-03-02-04-02,RESIDENTIAL,PVC,1.15,02:30,04:30,0.5,4,8,2.0,0.25,True,5000
DM-03-02-05-01,DM-03-02-05-01,RESIDENTIAL,PVC,1.15,02:30,04:30,0.5,4,8,2.0,0.25,True,5000
DM-03-02-06-01,DM-03-02-06-01,RESIDENTIAL,PVC,1.15,00:00,02:00,0.5,4,8,2.0,0.25,True,5000
DM-03-02-07-01,DM-03-02-07-01,RESIDENTIAL,PVC,1.15,03:00,05:00,0.5,4,8,2.0,0.25,True,5000
DM-03-02-08-01,DM-03-02-08-01,RESIDENTIAL,PVC,1.15,00:00,02:00,0.5,4,8,2.0,0.25,True,5000
DM-03-02-09-01,DM-03-02-09-01,RESIDENTIAL,PVC,1.15,02:00,04:00,0.5,4,8,2.0,0.25,True,5000
DM-03-03-01-01,DM-03-03-01-01,RESIDENTIAL,PVC,1.15,01:00,03:00,0.5,4,8,2.0,0.25,True,5000
DM-03-03-01-02,DM-03-03-01-02,RESIDENTIAL,PVC,1.15,01:30,03:30,0.5,4,8,2.0,0.25,True,5000
DM-03-03-02-01,DM-03-03-02-01,RESIDENTIAL,PVC,1.15,02:45,04:45,0.5,4,8,2.0,0.25,True,5000
DM-03-03-02-02,DM-03-03-02-02,RESIDENTIAL,PVC,1.15,02:30,04:30,0.5,4,8,2.0,0.25,True,5000
DM-03-03-03-01,DM-03-03-03-01,RESIDENTIAL,PVC,1.15,02:00,04:00,0.5,4,8,2.0,0.25,True,5000
DM-03-03-03-02,DM-03-03-03-02,RESIDENTIAL,PVC,1.15,02:15,04:15,0.5,4,8,2.0,0.25,True,5000
DM-03-03-04-01,DM-03-03-04-01,RESIDENTIAL,PVC,1.15,00:00,02:00,0.5,4,8,2.0,0.25,True,5000
DM-03-03-04-02,DM-03-03-04-02,RESIDENTIAL,PVC,1.15,02:30,04:30,0.5,4,8,2.0,0.25,True,5000
DM-03-03-04-03,DM-03-03-04-03,RESIDENTIAL,PVC,1.15,02:45,04:45,0.5,4,8,2.0,0.25,True,5000
DM-03-03-05-01,DM-03-03-05-01,RESIDENTIAL,PVC,1.15,02:45,04:45,0.5,4,8,2.0,0.25,True,5000
DM-03-03-06-01,DM-03-03-06-01,RESIDENTIAL,PVC,1.15,02:30,04:30,0.5,4,8,2.0,0.25,True,5000
DM-03-03-06-02,DM-03-03-06-02,RESIDENTIAL,PVC,1.15,01:45,03:45,0.5,4,8,2.0,0.25,True,5000
DM-03-03-07-01,DM-03-03-07-01,RESIDENTIAL,PVC,1.15,02:30,04:30,0.5,4,8,2.0,0.25,True,5000
DM-03-03-07-02,DM-03-03-07-02,RESIDENTIAL,PVC,1.15,02:45,04:45,0.5,4,8,2.0,0.25,True,5000
DM-03-03-08-01,DM-03-03-08-01,RESIDENTIAL,PVC,1.15,03:00,05:00,0.5,4,8,2.0,0.25,True,5000
DM-03-03-09-01,DM-03-03-09-01,RESIDENTIAL,PVC,1.15,00:00,02:00,0.5,4,8,2.0,0.25,True,5000
DM-03-03-10-01,DM-03-03-10-01,RESIDENTIAL,PVC,1.15,00:30,02:30,0.5,4,8,2.0,0.25,True,5000
DM-03-03-10-02,DM-03-03-10-02,RESIDENTIAL,PVC,1.15,02:45,04:45,0.5,4,8,2.0,0.25,True,5000
DM-03-03-11-01,DM-03-03-11-01,RESIDENTIAL,PVC,1.15,00:00,02:00,0.5,4,8,2.0,0.25,True,5000
DM-03-03-11-02,DM-03-03-11-02,RESIDENTIAL,PVC,1.15,02:00,04:00,0.5,4,8,2.0,0.25,True,5000
DM-03-03-12-01,DM-03-03-12-01,RESIDENTIAL,PVC,1.15,03:00,05:00,0.5,4,8,2.0,0.25,True,5000
DM-03-03-13-01,DM-03-03-13-01,RESIDENTIAL,PVC,1.15,02:15,04:15,0.5,4,8,2.0,0.25,True,5000
DM-03-03-13-02,DM-03-03-13-02,RESIDENTIAL,PVC,1.15,03:30,05:30,0.5,4,8,2.0,0.25,True,5000
DM-03-04-01-01,DM-03-04-01-01,RESIDENTIAL,PVC,1.15,00:15,02:15,0.5,4,8,2.0,0.25,True,5000
DM-03-04-02-01,DM-03-04-02-01,RESIDENTIAL,PVC,1.15,00:15,02:15,0.5,4,8,2.0,0.25,True,5000
DM-03-04-03-01,DM-03-04-03-01,RESIDENTIAL,PVC,1.15,02:30,04:30,0.5,4,8,2.0,0.25,True,5000
DM-03-04-04-01,DM-03-04-04-01,RESIDENTIAL,PVC,1.15,00:00,02:00,0.5,4,8,2.0,0.25,True,5000
DM-03-04-04-02,DM-03-04-04-02,RESIDENTIAL,PVC,1.15,00:00,02:00,0.5,4,8,2.0,0.25,True,5000
DM-03-04-05-01,DM-03-04-05-01,RESIDENTIAL,PVC,1.15,08:00,10:00,0.5,4,8,2.0,0.25,True,5000
DM-03-04-06-01,DM-03-04-06-01,RESIDENTIAL,PVC,1.15,03:00,05:00,0.5,4,8,2.0,0.25,True,5000
DM-03-04-07-01,DM-03-04-07-01,RESIDENTIAL,PVC,1.15,00:00,02:00,0.5,4,8,2.0,0.25,True,5000
DM-03-04-08-01,DM-03-04-08-01,RESIDENTIAL,PVC,1.15,00:00,02:00,0.5,4,8,2.0,0.25,True,5000
DM-03-05-01-01,DM-03-05-01-01,RESIDENTIAL,PVC,1.15,02:45,04:45,0.5,4,8,2.0,0.25,True,5000
DM-03-05-02-01,DM-03-05-02-01,RESIDENTIAL,PVC,1.15,00:00,02:00,0.5,4,8,2.0,0.25,True,5000
DM-03-05-02-02,DM-03-05-02-02,RESIDENTIAL,PVC,1.15,02:30,04:30,0.5,4,8,2.0,0.25,True,5000
DM-03-05-03-01,DM-03-05-03-01,RESIDENTIAL,PVC,1.15,23:15,01:15,0.5,4,8,2.0,0.25,True,5000
DM-03-05-04-01,DM-03-05-04-01,RESIDENTIAL,PVC,1.15,01:30,03:30,0.5,4,8,2.0,0.25,True,5000
DM-03-05-04-02,DM-03-05-04-02,RESIDENTIAL,PVC,1.15,02:30,04:30,0.5,4,8,2.0,0.25,True,5000
DM-03-05-05-01,DM-03-05-05-01,RESIDENTIAL,PVC,1.15,00:00,02:00,0.5,4,8,2.0,0.25,True,5000
DM-03-05-06-01,DM-03-05-06-01,RESIDENTIAL,PVC,1.15,11:30,13:30,0.5,4,8,2.0,0.25,True,5000
DM-03-05-06-02,DM-03-05-06-02,RESIDENTIAL,PVC,1.15,00:00,02:00,0.5,4,8,2.0,0.25,True,5000
DM-03-05-06-03,DM-03-05-06-03,RESIDENTIAL,PVC,1.15,03:30,05:30,0.5,4,8,2.0,0.25,True,5000
DM-03-05-06-04,DM-03-05-06-04,RESIDENTIAL,PVC,1.15,02:15,04:15,0.5,4,8,2.0,0.25,True,5000
DM-03-05-07-01,DM-03-05-07-01,RESIDENTIAL,PVC,1.15,23:45,01:45,0.5,4,8,2.0,0.25,True,5000
DM-03-05-08-01,DM-03-05-08-01,RESIDENTIAL,PVC,1.15,23:00,01:00,0.5,4,8,2.0,0.25,True,5000
DM-03-05-09-01,DM-03-05-09-01,RESIDENTIAL,PVC,1.15,00:00,02:00,0.5,4,8,2.0,0.25,True,5000
DM-03-05-09-02,DM-03-05-09-02,RESIDENTIAL,PVC,1.15,03:30,05:30,0.5,4,8,2.0,0.25,True,5000
DM-03-05-10-01,DM-03-05-10-01,RESIDENTIAL,PVC,1.15,02:30,04:30,0.5,4,8,2.0,0.25,True,5000
DM-03-05-11-01,DM-03-05-11-01,RESIDENTIAL,PVC,1.15,00:30,02:30,0.5,4,8,2.0,0.25,True,5000
DM-03-05-12-01,DM-03-05-12-01,RESIDENTIAL,PVC,1.15,00:15,02:15,0.5,4,8,2.0,0.25,True,5000
DM-03-05-12-02,DM-03-05-12-02,RESIDENTIAL,PVC,1.15,02:00,04:00,0.5,4,8,2.0,0.25,True,5000
DM-03-06-01-01,DM-03-06-01-01,RESIDENTIAL,PVC,1.15,22:45,00:45,0.5,4,8,2.0,0.25,True,5000
DM-03-06-01-02,DM-03-06-01-02,RESIDENTIAL,PVC,1.15,05:30,07:30,0.5,4,8,2.0,0.25,True,5000
DM-03-06-02-01,DM-03-06-02-01,RESIDENTIAL,PVC,1.15,19:00,21:00,0.5,4,8,2.0,0.25,True,5000
DM-03-06-02-02,DM-03-06-02-02,RESIDENTIAL,PVC,1.15,02:15,04:15,0.5,4,8,2.0,0.25,True,5000
DM-03-06-03-01,DM-03-06-03-01,RESIDENTIAL,PVC,1.15,01:45,03:45,0.5,4,8,2.0,0.25,True,5000
DM-03-06-03-02,DM-03-06-03-02,RESIDENTIAL,PVC,1.15,02:30,04:30,0.5,4,8,2.0,0.25,True,5000
DM-03-06-03-03,DM-03-06-03-03,RESIDENTIAL,PVC,1.15,00:00,02:00,0.5,4,8,2.0,0.25,True,5000
DM-03-06-04-01,DM-03-06-04-01,RESIDENTIAL,PVC,1.15,23:30,01:30,0.5,4,8,2.0,0.25,True,5000
DM-03-06-04-02,DM-03-06-04-02,RESIDENTIAL,PVC,1.15,21:30,23:30,0.5,4,8,2.0,0.25,True,5000
DM-03-06-04-03,DM-03-06-04-03,RESIDENTIAL,PVC,1.15,02:45,04:45,0.5,4,8,2.0,0.25,True,5000
DM-03-06-05-01,DM-03-06-05-01,RESIDENTIAL,PVC,1.15,00:00,02:00,0.5,4,8,2.0,0.25,True,5000
DM-03-06-05-02,DM-03-06-05-02,RESIDENTIAL,PVC,1.15,03:45,05:45,0.5,4,8,2.0,0.25,True,5000
DM-03-06-05-03,DM-03-06-05-03,RESIDENTIAL,PVC,1.15,03:15,05:15,0.5,4,8,2.0,0.25,True,5000
DM-03-06-06-01,DM-03-06-06-01,RESIDENTIAL,PVC,1.15,00:30,02:30,0.5,4,8,2.0,0.25,True,5000
DM-03-06-06-02,DM-03-06-06-02,RESIDENTIAL,PVC,1.15,00:00,02:00,0.5,4,8,2.0,0.25,True,5000
DM-03-06-07-01,DM-03-06-07-01,RESIDENTIAL,PVC,1.15,23:30,01:30,0.5,4,8,2.0,0.25,True,5000
DM-03-06-07-02,DM-03-06-07-02,RESIDENTIAL,PVC,1.15,02:00,04:00,0.5,4,8,2.0,0.25,True,5000
DM-03-06-08-01,DM-03-06-08-01,RESIDENTIAL,PVC,1.15,21:15,23:15,0.5,4,8,2.0,0.25,True,5000
DM-03-06-08-02,DM-03-06-08-02,RESIDENTIAL,PVC,1.15,00:15,02:15,0.5,4,8,2.0,0.25,True,5000
DM-03-06-09-01,DM-03-06-09-01,RESIDENTIAL,PVC,1.15,04:15,06:15,0.5,4,8,2.0,0.25,True,5000
DM-03-06-10-01,DM-03-06-10-01,RESIDENTIAL,PVC,1.15,00:15,02:15,0.5,4,8,2.0,0.25,True,5000
DM-03-06-11-01,DM-03-06-11-01,RESIDENTIAL,PVC,1.15,02:45,04:45,0.5,4,8,2.0,0.25,True,5000
DM-03-06-12-01,DM-03-06-12-01,RESIDENTIAL,PVC,1.15,03:00,05:00,0.5,4,8,2.0,0.25,True,5000
DM-03-06-13-01,DM-03-06-13-01,RESIDENTIAL,PVC,1.15,03:15,05:15,0.5,4,8,2.0,0.25,True,5000
DM-03-06-13-02,DM-03-06-13-02,RESIDENTIAL,PVC,1.15,22:00,00:00,0.5,4,8,2.0,0.25,True,5000
DM-03-10-10-04,DM-03-10-10-04,RESIDENTIAL,PVC,1.15,00:00,02:00,0.5,4,8,2.0,0.25,True,5000
DM-04-03-01-01,DM-04-03-01-01,RESIDENTIAL,PVC,1.15,00:00,02:00,0.5,4,8,2.0,0.25,True,5000
DM-04-03-01-02,DM-04-03-01-02,RESIDENTIAL,PVC,1.15,00:30,02:30,0.5,4,8,2.0,0.25,True,5000
DM-04-03-02-01,DM-04-03-02-01,RESIDENTIAL,PVC,1.15,01:30,03:30,0.5,4,8,2.0,0.25,True,5000
DM-04-03-03-01,DM-04-03-03-01,RESIDENTIAL,PVC,1.15,23:45,01:45,0.5,4,8,2.0,0.25,True,5000
DM-04-03-04-01,DM-04-03-04-01,RESIDENTIAL,PVC,1.15,00:15,02:15,0.5,4,8,2.0,0.25,True,5000
DM-04-03-05-01,DM-04-03-05-01,RESIDENTIAL,PVC,1.15,02:15,04:15,0.5,4,8,2.0,0.25,True,5000
DM-04-03-06-01,DM-04-03-06-01,RESIDENTIAL,PVC,1.15,00:00,02:00,0.5,4,8,2.0,0.25,True,5000
DM-04-03-07-01,DM-04-03-07-01,RESIDENTIAL,PVC,1.15,01:30,03:30,0.5,4,8,2.0,0.25,True,5000
DM-04-03-07-02,DM-04-03-07-02,RESIDENTIAL,PVC,1.15,05:30,07:30,0.5,4,8,2.0,0.25,True,5000
DM-04-03-08-01,DM-04-03-08-01,RESIDENTIAL,PVC,1.15,18:30,20:30,0.5,4,8,2.0,0.25,True,5000
DM-04-03-09-01,DM-04-03-09-01,RESIDENTIAL,PVC,1.15,23:15,01:15,0.5,4,8,2.0,0.25,True,5000
DM-04-03-10-01,DM-04-03-10-01,RESIDENTIAL,PVC,1.15,21:30,23:30,0.5,4,8,2.0,0.25,True,5000
DM-04-03-11-01,DM-04-03-11-01,RESIDENTIAL,PVC,1.15,02:30,04:30,0.5,4,8,2.0,0.25,True,5000
DM-04-03-12-01,DM-04-03-12-01,RESIDENTIAL,PVC,1.15,02:30,04:30,0.5,4,8,2.0,0.25,True,5000
DM-04-05-01-01,DM-04-05-01-01,RESIDENTIAL,PVC,1.15,02:45,04:45,0.5,4,8,2.0,0.25,True,5000
DM-04-05-02-01,DM-04-05-02-01,RESIDENTIAL,PVC,1.15,02:30,04:30,0.5,4,8,2.0,0.25,True,5000
DM-04-05-03-01,DM-04-05-03-01,RESIDENTIAL,PVC,1.15,01:45,03:45,0.5,4,8,2.0,0.25,True,5000
DM-04-05-04-01,DM-04-05-04-01,RESIDENTIAL,PVC,1.15,23:30,01:30,0.5,4,8,2.0,0.25,True,5000
DM-04-05-05-01,DM-04-05-05-01,RESIDENTIAL,PVC,1.15,22:30,00:30,0.5,4,8,2.0,0.25,True,5000
DM-04-05-06-01,DM-04-05-06-01,RESIDENTIAL,PVC,1.15,00:00,02:00,0.5,4,8,2.0,0.25,True,5000
DM-04-05-07-01,DM-04-05-07-01,RESIDENTIAL,PVC,1.15,02:00,04:00,0.5,4,8,2.0,0.25,True,5000
DM-04-05-08-01,DM-04-05-08-01,RESIDENTIAL,PVC,1.15,02:30,04:30,0.5,4,8,2.0,0.25,True,5000
DM-04-05-09-01,DM-04-05-09-01,RESIDENTIAL,PVC,1.15,02:15,04:15,0.5,4,8,2.0,0.25,True,5000
DM-04-05-10-01,DM-04-05-10-01,RESIDENTIAL,PVC,1.15,02:15,04:15,0.5,4,8,2.0,0.25,True,5000
DM-04-05-11-01,DM-04-05-11-01,RESIDENTIAL,PVC,1.15,01:15,03:15,0.5,4,8,2.0,0.25,True,5000
DM-04-05-12-01,DM-04-05-12-01,RESIDENTIAL,PVC,1.15,21:30,23:30,0.5,4,8,2.0,0.25,True,5000
DM-04-05-13-01,DM-04-05-13-01,RESIDENTIAL,PVC,1.15,19:45,21:45,0.5,4,8,2.0,0.25,True,5000
DM-04-05-14-01,DM-04-05-14-01,RESIDENTIAL,PVC,1.15,02:15,04:15,0.5,4,8,2.0,0.25,True,5000
DM-04-06-01-01,DM-04-06-01-01,RESIDENTIAL,PVC,1.15,00:00,02:00,0.5,4,8,2.0,0.25,True,5000
DM-04-06-02-01,DM-04-06-02-01,RESIDENTIAL,PVC,1.15,02:15,04:15,0.5,4,8,2.0,0.25,True,5000
DM-04-06-03-01,DM-04-06-03-01,RESIDENTIAL,PVC,1.15,02:00,04:00,0.5,4,8,2.0,0.25,True,5000
DM-04-06-04-01,DM-04-06-04-01,RESIDENTIAL,PVC,1.15,02:15,04:15,0.5,4,8,2.0,0.25,True,5000
DM-04-06-05-01,DM-04-06-05-01,RESIDENTIAL,PVC,1.15,02:15,04:15,0.5,4,8,2.0,0.25,True,5000
DM-04-06-06-01,DM-04-06-06-01,RESIDENTIAL,PVC,1.15,01:30,03:30,0.5,4,8,2.0,0.25,True,5000
DM-04-06-07-01,DM-04-06-07-01,RESIDENTIAL,PVC,1.15,00:00,02:00,0.5,4,8,2.0,0.25,True,5000
DM-04-06-08-01,DM-04-06-08-01,RESIDENTIAL,PVC,1.15,23:30,01:30,0.5,4,8,2.0,0.25,True,5000
DM-04-06-09-01,DM-04-06-09-01,RESIDENTIAL,PVC,1.15,21:15,23:15,0.5,4,8,2.0,0.25,True,5000
DM-04-06-10-01,DM-04-06-10-01,RESIDENTIAL,PVC,1.15,02:00,04:00,0.5,4,8,2.0,0.25,True,5000
DM-04-06-11-01,DM-04-06-11-01,RESIDENTIAL,PVC,1.15,00:00,02:00,0.5,4,8,2.0,0.25,True,5000
DM-04-06-12-01,DM-04-06-12-01,RESIDENTIAL,PVC,1.15,02:30,04:30,0.5,4,8,2.0,0.25,True,5000
DM-04-06-13-01,DM-04-06-13-01,RESIDENTIAL,PVC,1.15,02:30,04:30,0.5,4,8,2.0,0.25,True,5000
DM-04-06-14-01,DM-04-06-14-01,RESIDENTIAL,PVC,1.15,01:30,03:30,0.5,4,8,2.0,0.25,True,5000
DM-04-08-01-01,DM-04-08-01-01,RESIDENTIAL,PVC,1.15,22:45,00:45,0.5,4,8,2.0,0.25,True,5000
DM-04-08-01-02,DM-04-08-01-02,RESIDENTIAL,PVC,1.15,02:00,04:00,0.5,4,8,2.0,0.25,True,5000
DM-04-08-02-01,DM-04-08-02-01,RESIDENTIAL,PVC,1.15,02:15,04:15,0.5,4,8,2.0,0.25,True,5000
DM-04-08-03-01,DM-04-08-03-01,RESIDENTIAL,PVC,1.15,02:00,04:00,0.5,4,8,2.0,0.25,True,5000
DM-04-08-04-01,DM-04-08-04-01,RESIDENTIAL,PVC,1.15,01:30,03:30,0.5,4,8,2.0,0.25,True,5000
DM-04-08-04-02,DM-04-08-04-02,RESIDENTIAL,PVC,1.15,02:00,04:00,0.5,4,8,2.0,0.25,True,5000
DM-04-08-05-01,DM-04-08-05-01,RESIDENTIAL,PVC,1.15,02:00,04:00,0.5,4,8,2.0,0.25,True,5000
DM-04-08-06-01,DM-04-08-06-01,RESIDENTIAL,PVC,1.15,01:15,03:15,0.5,4,8,2.0,0.25,True,5000
DM-04-08-06-02,DM-04-08-06-02,RESIDENTIAL,PVC,1.15,02:30,04:30,0.5,4,8,2.0,0.25,True,5000
DM-04-08-06-03,DM-04-08-06-03,RESIDENTIAL,PVC,1.15,00:00,02:00,0.5,4,8,2.0,0.25,True,5000
DM-04-08-07-01,DM-04-08-07-01,RESIDENTIAL,PVC,1.15,19:00,21:00,0.5,4,8,2.0,0.25,True,5000
DM-04-08-08-01,DM-04-08-08-01,RESIDENTIAL,PVC,1.15,02:30,04:30,0.5,4,8,2.0,0.25,True,5000
DM-04-08-09-01,DM-04-08-09-01,RESIDENTIAL,PVC,1.15,12:15,14:15,0.5,4,8,2.0,0.25,True,5000
DM-04-08-10-01,DM-04-08-10-01,RESIDENTIAL,PVC,1.15,00:00,02:00,0.5,4,8,2.0,0.25,True,5000
DM-04-09-01-01,DM-04-09-01-01,RESIDENTIAL,PVC,1.15,02:15,04:15,0.5,4,8,2.0,0.25,True,5000
DM-04-09-01-02,DM-04-09-01-02,RESIDENTIAL,PVC,1.15,03:00,05:00,0.5,4,8,2.0,0.25,True,5000
DM-04-09-02-01,DM-04-09-02-01,RESIDENTIAL,PVC,1.15,23:00,01:00,0.5,4,8,2.0,0.25,True,5000
DM-04-09-03-01,DM-04-09-03-01,RESIDENTIAL,PVC,1.15,02:00,04:00,0.5,4,8,2.0,0.25,True,5000
DM-04-09-04-01,DM-04-09-04-01,RESIDENTIAL,PVC,1.15,02:00,04:00,0.5,4,8,2.0,0.25,True,5000
DM-04-09-05-01,DM-04-09-05-01,RESIDENTIAL,PVC,1.15,02:15,04:15,0.5,4,8,2.0,0.25,True,5000
DM-04-09-06-01,DM-04-09-06-01,RESIDENTIAL,PVC,1.15,02:30,04:30,0.5,4,8,2.0,0.25,True,5000
DM-04-09-07-01,DM-04-09-07-01,RESIDENTIAL,PVC,1.15,07:30,09:30,0.5,4,8,2.0,0.25,True,5000
DM-04-09-07-02,DM-04-09-07-02,RESIDENTIAL,PVC,1.15,01:30,03:30,0.5,4,8,2.0,0.25,True,5000
DM-04-09-08-01,DM-04-09-08-01,RESIDENTIAL,PVC,1.15,02:15,04:15,0.5,4,8,2.0,0.25,True,5000
DM-04-09-09-01,DM-04-09-09-01,RESIDENTIAL,PVC,1.15,02:30,04:30,0.5,4,8,2.0,0.25,True,5000
DM-04-09-10-01,DM-04-09-10-01,RESIDENTIAL,PVC,1.15,21:45,23:45,0.5,4,8,2.0,0.25,True,5000
DM-04-09-11-01,DM-04-09-11-01,RESIDENTIAL,PVC,1.15,19:15,21:15,0.5,4,8,2.0,0.25,True,5000
DM-04-09-12-01,DM-04-09-12-01,RESIDENTIAL,PVC,1.15,00:00,02:00,0.5,4,8,2.0,0.25,True,5000
DM-04-09-13-01,DM-04-09-13-01,RESIDENTIAL,PVC,1.15,00:00,02:00,0.5,4,8,2.0,0.25,True,5000
DM-04-09-14-01,DM-04-09-14-01,RESIDENTIAL,PVC,1.15,00:00,02:00,0.5,4,8,2.0,0.25,True,5000
DM-04-09-15-01,DM-04-09-15-01,RESIDENTIAL,PVC,1.15,12:45,14:45,0.5,4,8,2.0,0.25,True,5000
DM-05-01-01-01,DM-05-01-01-01,RESIDENTIAL,PVC,1.15,00:15,02:15,0.5,4,8,2.0,0.25,True,5000
DM-05-01-01-03,DM-05-01-01-03,RESIDENTIAL,PVC,1.15,00:45,02:45,0.5,4,8,2.0,0.25,True,5000
DM-05-01-02-01,DM-05-01-02-01,RESIDENTIAL,PVC,1.15,01:45,03:45,0.5,4,8,2.0,0.25,True,5000
DM-05-01-03-03,DM-05-01-03-03,RESIDENTIAL,PVC,1.15,00:00,02:00,0.5,4,8,2.0,0.25,True,5000
DM-05-01-04-01,DM-05-01-04-01,RESIDENTIAL,PVC,1.15,02:30,04:30,0.5,4,8,2.0,0.25,True,5000
DM-05-01-04-02,DM-05-01-04-02,RESIDENTIAL,PVC,1.15,03:00,05:00,0.5,4,8,2.0,0.25,True,5000
DM-05-01-05-01,DM-05-01-05-01,RESIDENTIAL,PVC,1.15,23:45,01:45,0.5,4,8,2.0,0.25,True,5000
DM-05-01-05-02,DM-05-01-05-02,RESIDENTIAL,PVC,1.15,11:30,13:30,0.5,4,8,2.0,0.25,True,5000
DM-05-01-06-01,DM-05-01-06-01,RESIDENTIAL,PVC,1.15,01:00,03:00,0.5,4,8,2.0,0.25,True,5000
DM-05-01-07-01,DM-05-01-07-01,RESIDENTIAL,PVC,1.15,00:00,02:00,0.5,4,8,2.0,0.25,True,5000
DM-05-01-08-01,DM-05-01-08-01,RESIDENTIAL,PVC,1.15,18:00,20:00,0.5,4,8,2.0,0.25,True,5000
DM-05-01-09-02,DM-05-01-09-02,RESIDENTIAL,PVC,1.15,03:45,05:45,0.5,4,8,2.0,0.25,True,5000
DM-05-02-01-01,DM-05-02-01-01,RESIDENTIAL,PVC,1.15,21:00,23:00,0.5,4,8,2.0,0.25,True,5000
DM-05-02-01-02,DM-05-02-01-02,RESIDENTIAL,PVC,1.15,23:45,01:45,0.5,4,8,2.0,0.25,True,5000
DM-05-02-02-01,DM-05-02-02-01,RESIDENTIAL,PVC,1.15,01:45,03:45,0.5,4,8,2.0,0.25,True,5000
DM-05-02-02-02,DM-05-02-02-02,RESIDENTIAL,PVC,1.15,22:45,00:45,0.5,4,8,2.0,0.25,True,5000
DM-05-02-02-03,DM-05-02-02-03,RESIDENTIAL,PVC,1.15,00:00,02:00,0.5,4,8,2.0,0.25,True,5000
DM-05-02-03-01,DM-05-02-03-01,RESIDENTIAL,PVC,1.15,02:30,04:30,0.5,4,8,2.0,0.25,True,5000
DM-05-02-03-03,DM-05-02-03-03,RESIDENTIAL,PVC,1.15,02:15,04:15,0.5,4,8,2.0,0.25,True,5000
DM-05-02-04-02,DM-05-02-04-02,RESIDENTIAL,PVC,1.15,00:00,02:00,0.5,4,8,2.0,0.25,True,5000
DM-05-02-05-01,DM-05-02-05-01,RESIDENTIAL,PVC,1.15,01:00,03:00,0.5,4,8,2.0,0.25,True,5000
DM-05-02-06-01,DM-05-02-06-01,RESIDENTIAL,PVC,1.15,01:15,03:15,0.5,4,8,2.0,0.25,True,5000
DM-05-02-06-02,DM-05-02-06-02,RESIDENTIAL,PVC,1.15,01:45,03:45,0.5,4,8,2.0,0.25,True,5000
DM-05-02-07-01,DM-05-02-07-01,RESIDENTIAL,PVC,1.15,02:15,04:15,0.5,4,8,2.0,0.25,True,5000
DM-05-02-08-01,DM-05-02-08-01,RESIDENTIAL,PVC,1.15,02:15,04:15,0.5,4,8,2.0,0.25,True,5000
DM-05-03-01-01,DM-05-03-01-01,RESIDENTIAL,PVC,1.15,00:00,02:00,0.5,4,8,2.0,0.25,True,5000
DM-05-03-01-02,DM-05-03-01-02,RESIDENTIAL,PVC,1.15,23:30,01:30,0.5,4,8,2.0,0.25,True,5000
DM-05-03-02-01,DM-05-03-02-01,RESIDENTIAL,PVC,1.15,01:45,03:45,0.5,4,8,2.0,0.25,True,5000
DM-05-03-02-02,DM-05-03-02-02,RESIDENTIAL,PVC,1.15,01:45,03:45,0.5,4,8,2.0,0.25,True,5000
DM-05-03-02-03,DM-05-03-02-03,RESIDENTIAL,PVC,1.15,01:15,03:15,0.5,4,8,2.0,0.25,True,5000
DM-05-03-03-01,DM-05-03-03-01,RESIDENTIAL,PVC,1.15,01:45,03:45,0.5,4,8,2.0,0.25,True,5000
DM-05-03-03-02,DM-05-03-03-02,RESIDENTIAL,PVC,1.15,23:00,01:00,0.5,4,8,2.0,0.25,True,5000
DM-05-03-03-03,DM-05-03-03-03,RESIDENTIAL,PVC,1.15,23:15,01:15,0.5,4,8,2.0,0.25,True,5000
DM-05-03-04-01,DM-05-03-04-01,RESIDENTIAL,PVC,1.15,11:30,13:30,0.5,4,8,2.0,0.25,True,5000
DM-05-03-04-02,DM-05-03-04-02,RESIDENTIAL,PVC,1.15,02:00,04:00,0.5,4,8,2.0,0.25,True,5000
DM-05-03-04-03,DM-05-03-04-03,RESIDENTIAL,PVC,1.15,00:00,02:00,0.5,4,8,2.0,0.25,True,5000
DM-05-03-05-01,DM-05-03-05-01,RESIDENTIAL,PVC,1.15,23:45,01:45,0.5,4,8,2.0,0.25,True,5000
DM-05-03-05-02,DM-05-03-05-02,RESIDENTIAL,PVC,1.15,00:00,02:00,0.5,4,8,2.0,0.25,True,5000
DM-05-03-06-01,DM-05-03-06-01,RESIDENTIAL,PVC,1.15,23:00,01:00,0.5,4,8,2.0,0.25,True,5000
DM-05-03-06-02,DM-05-03-06-02,RESIDENTIAL,PVC,1.15,01:30,03:30,0.5,4,8,2.0,0.25,True,5000
DM-05-04-01-01,DM-05-04-01-01,RESIDENTIAL,PVC,1.15,01:45,03:45,0.5,4,8,2.0,0.25,True,5000
DM-05-04-02-01,DM-05-04-02-01,RESIDENTIAL,PVC,1.15,23:15,01:15,0.5,4,8,2.0,0.25,True,5000
DM-05-04-02-02,DM-05-04-02-02,RESIDENTIAL,PVC,1.15,02:00,04:00,0.5,4,8,2.0,0.25,True,5000
DM-05-04-03-01,DM-05-04-03-01,RESIDENTIAL,PVC,1.15,23:00,01:00,0.5,4,8,2.0,0.25,True,5000
DM-05-04-03-02,DM-05-04-03-02,RESIDENTIAL,PVC,1.15,01:45,03:45,0.5,4,8,2.0,0.25,True,5000
DM-05-04-04-01,DM-05-04-04-01,RESIDENTIAL,PVC,1.15,02:00,04:00,0.5,4,8,2.0,0.25,True,5000
DM-05-04-05-01,DM-05-04-05-01,RESIDENTIAL,PVC,1.15,00:00,02:00,0.5,4,8,2.0,0.25,True,5000
DM-05-04-06-01,DM-05-04-06-01,RESIDENTIAL,PVC,1.15,02:15,04:15,0.5,4,8,2.0,0.25,True,5000
DM-05-04-06-02,DM-05-04-06-02,RESIDENTIAL,PVC,1.15,01:45,03:45,0.5,4,8,2.0,0.25,True,5000
DM-05-04-06-03,DM-05-04-06-03,RESIDENTIAL,PVC,1.15,02:00,04:00,0.5,4,8,2.0,0.25,True,5000
DM-05-04-06-04,DM-05-04-06-04,RESIDENTIAL,PVC,1.15,23:30,01:30,0.5,4,8,2.0,0.25,True,5000
DM-05-04-07-01,DM-05-04-07-01,RESIDENTIAL,PVC,1.15,00:00,02:00,0.5,4,8,2.0,0.25,True,5000
DM-05-04-07-02,DM-05-04-07-02,RESIDENTIAL,PVC,1.15,01:45,03:45,0.5,4,8,2.0,0.25,True,5000
DM-05-04-08-01,DM-05-04-08-01,RESIDENTIAL,PVC,1.15,21:15,23:15,0.5,4,8,2.0,0.25,True,5000
DM-05-04-08-02,DM-05-04-08-02,RESIDENTIAL,PVC,1.15,01:30,03:30,0.5,4,8,2.0,0.25,True,5000
DM-05-04-09-01,DM-05-04-09-01,RESIDENTIAL,PVC,1.15,00:00,02:00,0.5,4,8,2.0,0.25,True,5000
DM-05-04-10-01,DM-05-04-10-01,RESIDENTIAL,PVC,1.15,02:15,04:15,0.5,4,8,2.0,0.25,True,5000
DM-05-04-10-02,DM-05-04-10-02,RESIDENTIAL,PVC,1.15,22:00,00:00,0.5,4,8,2.0,0.25,True,5000
DM-05-04-10-03,DM-05-04-10-03,RESIDENTIAL,PVC,1.15,02:00,04:00,0.5,4,8,2.0,0.25,True,5000
DM-05-04-10-04,DM-05-04-10-04,RESIDENTIAL,PVC,1.15,23:45,01:45,0.5,4,8,2.0,0.25,True,5000
DM-05-04-11-01,DM-05-04-11-01,RESIDENTIAL,PVC,1.15,00:15,02:15,0.5,4,8,2.0,0.25,True,5000
DM-05-05-01-01,DM-05-05-01-01,RESIDENTIAL,PVC,1.15,03:15,05:15,0.5,4,8,2.0,0.25,True,5000
DM-05-05-02-02,DM-05-05-02-02,RESIDENTIAL,PVC,1.15,02:00,04:00,0.5,4,8,2.0,0.25,True,5000
DM-05-05-02-03,DM-05-05-02-03,RESIDENTIAL,PVC,1.15,03:15,05:15,0.5,4,8,2.0,0.25,True,5000
DM-05-05-03-01,DM-05-05-03-01,RESIDENTIAL,PVC,1.15,23:00,01:00,0.5,4,8,2.0,0.25,True,5000
DM-05-05-04-01,DM-05-05-04-01,RESIDENTIAL,PVC,1.15,00:00,02:00,0.5,4,8,2.0,0.25,True,5000
DM-05-05-04-02,DM-05-05-04-02,RESIDENTIAL,PVC,1.15,00:00,02:00,0.5,4,8,2.0,0.25,True,5000
DM-05-05-05-01,DM-05-05-05-01,RESIDENTIAL,PVC,1.15,00:00,02:00,0.5,4,8,2.0,0.25,True,5000
DM-05-05-06-01,DM-05-05-06-01,RESIDENTIAL,PVC,1.15,02:45,04:45,0.5,4,8,2.0,0.25,True,5000
DM-05-05-07-01,DM-05-05-07-01,RESIDENTIAL,PVC,1.15,02:30,04:30,0.5,4,8,2.0,0.25,True,5000
DM-05-05-07-02,DM-05-05-07-02,RESIDENTIAL,PVC,1.15,23:45,01:45,0.5,4,8,2.0,0.25,True,5000
DM-05-05-08-01,DM-05-05-08-01,RESIDENTIAL,PVC,1.15,20:45,22:45,0.5,4,8,2.0,0.25,True,5000
DM-05-05-08-02,DM-05-05-08-02,RESIDENTIAL,PVC,1.15,01:15,03:15,0.5,4,8,2.0,0.25,True,5000
DM-05-05-09-01,DM-05-05-09-01,RESIDENTIAL,PVC,1.15,21:30,23:30,0.5,4,8,2.0,0.25,True,5000
DM-05-05-09-02,DM-05-05-09-02,RESIDENTIAL,PVC,1.15,22:45,00:45,0.5,4,8,2.0,0.25,True,5000
DM-05-05-09-03,DM-05-05-09-03,RESIDENTIAL,PVC,1.15,00:00,02:00,0.5,4,8,2.0,0.25,True,5000
DM-05-05-09-04,DM-05-05-09-04,RESIDENTIAL,PVC,1.15,02:15,04:15,0.5,4,8,2.0,0.25,True,5000
DM-05-05-10-01,DM-05-05-10-01,RESIDENTIAL,PVC,1.15,00:00,02:00,0.5,4,8,2.0,0.25,True,5000
DM-05-05-11-01,DM-05-05-11-01,RESIDENTIAL,PVC,1.15,02:45,04:45,0.5,4,8,2.0,0.25,True,5000
DM-05-05-12-01,DM-05-05-12-01,RESIDENTIAL,PVC,1.15,02:30,04:30,0.5,4,8,2.0,0.25,True,5000
DM-05-05-12-02,DM-05-05-12-02,RESIDENTIAL,PVC,1.15,02:15,04:15,0.5,4,8,2.0,0.25,True,5000
DM-05-05-12-03,DM-05-05-12-03,RESIDENTIAL,PVC,1.15,02:30,04:30,0.5,4,8,2.0,0.25,True,5000
DM-05-05-13-01,DM-05-05-13-01,RESIDENTIAL,PVC,1.15,03:00,05:00,0.5,4,8,2.0,0.25,True,5000
DM-05-05-14-01,DM-05-05-14-01,RESIDENTIAL,PVC,1.15,00:30,02:30,0.5,4,8,2.0,0.25,True,5000
DM-05-05-14-02,DM-05-05-14-02,RESIDENTIAL,PVC,1.15,00:00,02:00,0.5,4,8,2.0,0.25,True,5000
DM-06-01-01-01,DM-06-01-01-01,RESIDENTIAL,PVC,1.15,02:30,04:30,0.5,4,8,2.0,0.25,True,5000
DM-06-01-02-01,DM-06-01-02-01,RESIDENTIAL,PVC,1.15,01:00,03:00,0.5,4,8,2.0,0.25,True,5000
DM-06-01-02-02,DM-06-01-02-02,RESIDENTIAL,PVC,1.15,23:45,01:45,0.5,4,8,2.0,0.25,True,5000
DM-06-01-03-01,DM-06-01-03-01,RESIDENTIAL,PVC,1.15,23:45,01:45,0.5,4,8,2.0,0.25,True,5000
DM-06-01-03-02,DM-06-01-03-02,RESIDENTIAL,PVC,1.15,01:00,03:00,0.5,4,8,2.0,0.25,True,5000
DM-06-01-03-03,DM-06-01-03-03,RESIDENTIAL,PVC,1.15,00:00,02:00,0.5,4,8,2.0,0.25,True,5000
DM-06-01-03-04,DM-06-01-03-04,RESIDENTIAL,PVC,1.15,01:00,03:00,0.5,4,8,2.0,0.25,True,5000
DM-06-01-03-05,DM-06-01-03-05,RESIDENTIAL,PVC,1.15,00:00,02:00,0.5,4,8,2.0,0.25,True,5000
DM-06-01-04-01,DM-06-01-04-01,RESIDENTIAL,PVC,1.15,00:00,02:00,0.5,4,8,2.0,0.25,True,5000
DM-06-01-04-02,DM-06-01-04-02,RESIDENTIAL,PVC,1.15,23:15,01:15,0.5,4,8,2.0,0.25,True,5000
DM-06-01-04-03,DM-06-01-04-03,RESIDENTIAL,PVC,1.15,01:15,03:15,0.5,4,8,2.0,0.25,True,5000
DM-06-01-05-01,DM-06-01-05-01,RESIDENTIAL,PVC,1.15,01:15,03:15,0.5,4,8,2.0,0.25,True,5000
DM-06-01-05-03,DM-06-01-05-03,RESIDENTIAL,PVC,1.15,01:30,03:30,0.5,4,8,2.0,0.25,True,5000
DM-06-01-05-04,DM-06-01-05-04,RESIDENTIAL,PVC,1.15,02:15,04:15,0.5,4,8,2.0,0.25,True,5000
DM-06-01-06-01,DM-06-01-06-01,RESIDENTIAL,PVC,1.15,01:30,03:30,0.5,4,8,2.0,0.25,True,5000
DM-06-01-06-02,DM-06-01-06-02,RESIDENTIAL,PVC,1.15,00:15,02:15,0.5,4,8,2.0,0.25,True,5000
DM-06-02-01-01,DM-06-02-01-01,RESIDENTIAL,PVC,1.15,02:00,04:00,0.5,4,8,2.0,0.25,True,5000
DM-06-02-01-02,DM-06-02-01-02,RESIDENTIAL,PVC,1.15,00:30,02:30,0.5,4,8,2.0,0.25,True,5000
DM-06-02-02-01,DM-06-02-02-01,RESIDENTIAL,PVC,1.15,00:45,02:45,0.5,4,8,2.0,0.25,True,5000
DM-06-02-03-01,DM-06-02-03-01,RESIDENTIAL,PVC,1.15,02:00,04:00,0.5,4,8,2.0,0.25,True,5000
DM-06-02-03-02,DM-06-02-03-02,RESIDENTIAL,PVC,1.15,01:45,03:45,0.5,4,8,2.0,0.25,True,5000
DM-06-02-03-03,DM-06-02-03-03,RESIDENTIAL,PVC,1.15,02:15,04:15,0.5,4,8,2.0,0.25,True,5000
DM-06-02-04-01,DM-06-02-04-01,RESIDENTIAL,PVC,1.15,02:00,04:00,0.5,4,8,2.0,0.25,True,5000
DM-06-02-04-02,DM-06-02-04-02,RESIDENTIAL,PVC,1.15,23:00,01:00,0.5,4,8,2.0,0.25,True,5000
DM-06-02-05-01,DM-06-02-05-01,RESIDENTIAL,PVC,1.15,21:30,23:30,0.5,4,8,2.0,0.25,True,5000
DM-06-02-05-02,DM-06-02-05-02,RESIDENTIAL,PVC,1.15,23:30,01:30,0.5,4,8,2.0,0.25,True,5000
DM-06-02-06-01,DM-06-02-06-01,RESIDENTIAL,PVC,1.15,00:00,02:00,0.5,4,8,2.0,0.25,True,5000
DM-06-02-06-02,DM-06-02-06-02,RESIDENTIAL,PVC,1.15,00:00,02:00,0.5,4,8,2.0,0.25,True,5000
DM-06-02-07-01,DM-06-02-07-01,RESIDENTIAL,PVC,1.15,00:30,02:30,0.5,4,8,2.0,0.25,True,5000
DM-06-02-07-02,DM-06-02-07-02,RESIDENTIAL,PVC,1.15,01:45,03:45,0.5,4,8,2.0,0.25,True,5000
DM-06-02-07-03,DM-06-02-07-03,RESIDENTIAL,PVC,1.15,23:00,01:00,0.5,4,8,2.0,0.25,True,5000
DM-06-03-01-01,DM-06-03-01-01,RESIDENTIAL,PVC,1.15,00:00,02:00,0.5,4,8,2.0,0.25,True,5000
DM-06-03-02-01,DM-06-03-02-01,RESIDENTIAL,PVC,1.15,23:15,01:15,0.5,4,8,2.0,0.25,True,5000
DM-06-03-02-02,DM-06-03-02-02,RESIDENTIAL,PVC,1.15,02:00,04:00,0.5,4,8,2.0,0.25,True,5000
DM-06-03-03-01,DM-06-03-03-01,RESIDENTIAL,PVC,1.15,02:15,04:15,0.5,4,8,2.0,0.25,True,5000
DM-06-03-03-02,DM-06-03-03-02,RESIDENTIAL,PVC,1.15,23:15,01:15,0.5,4,8,2.0,0.25,True,5000
DM-06-03-03-03,DM-06-03-03-03,RESIDENTIAL,PVC,1.15,02:00,04:00,0.5,4,8,2.0,0.25,True,5000
DM-06-03-04-01,DM-06-03-04-01,RESIDENTIAL,PVC,1.15,01:15,03:15,0.5,4,8,2.0,0.25,True,5000
DM-06-03-04-02,DM-06-03-04-02,RESIDENTIAL,PVC,1.15,02:00,04:00,0.5,4,8,2.0,0.25,True,5000
DM-06-03-05-01,DM-06-03-05-01,RESIDENTIAL,PVC,1.15,23:45,01:45,0.5,4,8,2.0,0.25,True,5000
DM-06-03-06-01,DM-06-03-06-01,RESIDENTIAL,PVC,1.15,00:00,02:00,0.5,4,8,2.0,0.25,True,5000
DM-06-03-06-02,DM-06-03-06-02,RESIDENTIAL,PVC,1.15,21:00,23:00,0.5,4,8,2.0,0.25,True,5000
DM-06-03-07-01,DM-06-03-07-01,RESIDENTIAL,PVC,1.15,01:00,03:00,0.5,4,8,2.0,0.25,True,5000
DM-06-03-08-01,DM-06-03-08-01,RESIDENTIAL,PVC,1.15,02:00,04:00,0.5,4,8,2.0,0.25,True,5000
DM-06-03-08-03,DM-06-03-08-03,RESIDENTIAL,PVC,1.15,01:15,03:15,0.5,4,8,2.0,0.25,True,5000
DM-06-04-01-01,DM-06-04-01-01,RESIDENTIAL,PVC,1.15,00:00,02:00,0.5,4,8,2.0,0.25,True,5000
DM-06-04-01-02,DM-06-04-01-02,RESIDENTIAL,PVC,1.15,02:15,04:15,0.5,4,8,2.0,0.25,True,5000
DM-06-04-01-03,DM-06-04-01-03,RESIDENTIAL,PVC,1.15,03:30,05:30,0.5,4,8,2.0,0.25,True,5000
DM-06-04-01-04,DM-06-04-01-04,RESIDENTIAL,PVC,1.15,10:15,12:15,0.5,4,8,2.0,0.25,True,5000
DM-06-04-02-01,DM-06-04-02-01,RESIDENTIAL,PVC,1.15,02:00,04:00,0.5,4,8,2.0,0.25,True,5000
DM-06-04-02-03,DM-06-04-02-03,RESIDENTIAL,PVC,1.15,21:30,23:30,0.5,4,8,2.0,0.25,True,5000
DM-06-04-03-01,DM-06-04-03-01,RESIDENTIAL,PVC,1.15,00:00,02:00,0.5,4,8,2.0,0.25,True,5000
DM-06-04-03-02,DM-06-04-03-02,RESIDENTIAL,PVC,1.15,03:00,05:00,0.5,4,8,2.0,0.25,True,5000
DM-06-04-04-02,DM-06-04-04-02,RESIDENTIAL,PVC,1.15,02:45,04:45,0.5,4,8,2.0,0.25,True,5000
DM-06-04-04-03,DM-06-04-04-03,RESIDENTIAL,PVC,1.15,02:00,04:00,0.5,4,8,2.0,0.25,True,5000
DM-06-04-04-04,DM-06-04-04-04,RESIDENTIAL,PVC,1.15,00:15,02:15,0.5,4,8,2.0,0.25,True,5000
DM-06-04-05-01,DM-06-04-05-01,RESIDENTIAL,PVC,1.15,03:00,05:00,0.5,4,8,2.0,0.25,True,5000
DM-06-04-05-02,DM-06-04-05-02,RESIDENTIAL,PVC,1.15,03:15,05:15,0.5,4,8,2.0,0.25,True,5000
DM-06-04-05-03,DM-06-04-05-03,RESIDENTIAL,PVC,1.15,22:00,00:00,0.5,4,8,2.0,0.25,True,5000
DM-06-04-05-04,DM-06-04-05-04,RESIDENTIAL,PVC,1.15,00:00,02:00,0.5,4,8,2.0,0.25,True,5000
DM-06-04-06-01,DM-06-04-06-01,RESIDENTIAL,PVC,1.15,03:30,05:30,0.5,4,8,2.0,0.25,True,5000
DM-06-04-06-03,DM-06-04-06-03,RESIDENTIAL,PVC,1.15,00:00,02:00,0.5,4,8,2.0,0.25,True,5000
DM-06-04-06-04,DM-06-04-06-04,RESIDENTIAL,PVC,1.15,00:00,02:00,0.5,4,8,2.0,0.25,True,5000
DM-06-04-06-05,DM-06-04-06-05,RESIDENTIAL,PVC,1.15,01:45,03:45,0.5,4,8,2.0,0.25,True,5000
DM-06-04-06-06,DM-06-04-06-06,RESIDENTIAL,PVC,1.15,03:00,05:00,0.5,4,8,2.0,0.25,True,5000
DM-06-04-07-01,DM-06-04-07-01,RESIDENTIAL,PVC,1.15,02:00,04:00,0.5,4,8,2.0,0.25,True,5000
DM-06-04-07-02,DM-06-04-07-02,RESIDENTIAL,PVC,1.15,00:00,02:00,0.5,4,8,2.0,0.25,True,5000
DM-06-04-07-03,DM-06-04-07-03,RESIDENTIAL,PVC,1.15,21:30,23:30,0.5,4,8,2.0,0.25,True,5000
DM-06-04-08-01,DM-06-04-08-01,RESIDENTIAL,PVC,1.15,02:00,04:00,0.5,4,8,2.0,0.25,True,5000
DM-06-04-08-02,DM-06-04-08-02,RESIDENTIAL,PVC,1.15,23:15,01:15,0.5,4,8,2.0,0.25,True,5000
DM-06-04-08-03,DM-06-04-08-03,RESIDENTIAL,PVC,1.15,22:15,00:15,0.5,4,8,2.0,0.25,True,5000
DM-06-05-01-01,DM-06-05-01-01,RESIDENTIAL,PVC,1.15,22:15,00:15,0.5,4,8,2.0,0.25,True,5000
DM-06-05-01-02,DM-06-05-01-02,RESIDENTIAL,PVC,1.15,02:00,04:00,0.5,4,8,2.0,0.25,True,5000
DM-06-05-01-03,DM-06-05-01-03,RESIDENTIAL,PVC,1.15,00:15,02:15,0.5,4,8,2.0,0.25,True,5000
DM-06-05-02-01,DM-06-05-02-01,RESIDENTIAL,PVC,1.15,00:00,02:00,0.5,4,8,2.0,0.25,True,5000
DM-06-05-02-02,DM-06-05-02-02,RESIDENTIAL,PVC,1.15,23:30,01:30,0.5,4,8,2.0,0.25,True,5000
DM-06-05-03-01,DM-06-05-03-01,RESIDENTIAL,PVC,1.15,02:00,04:00,0.5,4,8,2.0,0.25,True,5000
DM-06-05-03-02,DM-06-05-03-02,RESIDENTIAL,PVC,1.15,02:00,04:00,0.5,4,8,2.0,0.25,True,5000
DM-06-05-03-03,DM-06-05-03-03,RESIDENTIAL,PVC,1.15,22:30,00:30,0.5,4,8,2.0,0.25,True,5000
DM-06-05-04-01,DM-06-05-04-01,RESIDENTIAL,PVC,1.15,23:30,01:30,0.5,4,8,2.0,0.25,True,5000
DM-06-05-04-02,DM-06-05-04-02,RESIDENTIAL,PVC,1.15,22:15,00:15,0.5,4,8,2.0,0.25,True,5000
DM-06-05-05-01,DM-06-05-05-01,RESIDENTIAL,PVC,1.15,00:00,02:00,0.5,4,8,2.0,0.25,True,5000
DM-06-05-05-02,DM-06-05-05-02,RESIDENTIAL,PVC,1.15,23:15,01:15,0.5,4,8,2.0,0.25,True,5000
DM-06-05-05-03,DM-06-05-05-03,RESIDENTIAL,PVC,1.15,23:30,01:30,0.5,4,8,2.0,0.25,True,5000
DM-06-05-06-01,DM-06-05-06-01,RESIDENTIAL,PVC,1.15,02:45,04:45,0.5,4,8,2.0,0.25,True,5000
DM-06-05-07-01,DM-06-05-07-01,RESIDENTIAL,PVC,1.15,00:00,02:00,0.5,4,8,2.0,0.25,True,5000
DM-06-05-07-02,DM-06-05-07-02,RESIDENTIAL,PVC,1.15,02:00,04:00,0.5,4,8,2.0,0.25,True,5000
DM-06-05-08-01,DM-06-05-08-01,RESIDENTIAL,PVC,1.15,00:00,02:00,0.5,4,8,2.0,0.25,True,5000
DM-06-05-09-01,DM-06-05-09-01,RESIDENTIAL,PVC,1.15,02:45,04:45,0.5,4,8,2.0,0.25,True,5000
DM-06-05-09-02,DM-06-05-09-02,RESIDENTIAL,PVC,1.15,02:15,04:15,0.5,4,8,2.0,0.25,True,5000
DM-06-05-09-03,DM-06-05-09-03,RESIDENTIAL,PVC,1.15,23:15,01:15,0.5,4,8,2.0,0.25,True,5000
DM-06-05-10-01,DM-06-05-10-01,RESIDENTIAL,PVC,1.15,00:30,02:30,0.5,4,8,2.0,0.25,True,5000
DM-06-05-10-02,DM-06-05-10-02,RESIDENTIAL,PVC,1.15,01:30,03:30,0.5,4,8,2.0,0.25,True,5000
DM-06-05-10-03,DM-06-05-10-03,RESIDENTIAL,PVC,1.15,00:00,02:00,0.5,4,8,2.0,0.25,True,5000
DM-06-06-01-01,DM-06-06-01-01,RESIDENTIAL,PVC,1.15,00:00,02:00,0.5,4,8,2.0,0.25,True,5000
DM-06-06-01-02,DM-06-06-01-02,RESIDENTIAL,PVC,1.15,02:45,04:45,0.5,4,8,2.0,0.25,True,5000
DM-06-06-01-03,DM-06-06-01-03,RESIDENTIAL,PVC,1.15,02:45,04:45,0.5,4,8,2.0,0.25,True,5000
DM-06-06-02-01,DM-06-06-02-01,RESIDENTIAL,PVC,1.15,02:30,04:30,0.5,4,8,2.0,0.25,True,5000
DM-06-06-02-02,DM-06-06-02-02,RESIDENTIAL,PVC,1.15,02:15,04:15,0.5,4,8,2.0,0.25,True,5000
DM-06-06-03-01,DM-06-06-03-01,RESIDENTIAL,PVC,1.15,00:15,02:15,0.5,4,8,2.0,0.25,True,5000
DM-06-06-03-02,DM-06-06-03-02,RESIDENTIAL,PVC,1.15,00:15,02:15,0.5,4,8,2.0,0.25,True,5000
DM-06-06-04-01,DM-06-06-04-01,RESIDENTIAL,PVC,1.15,03:00,05:00,0.5,4,8,2.0,0.25,True,5000
DM-06-06-05-01,DM-06-06-05-01,RESIDENTIAL,PVC,1.15,01:45,03:45,0.5,4,8,2.0,0.25,True,5000
DM-06-06-05-02,DM-06-06-05-02,RESIDENTIAL,PVC,1.15,02:45,04:45,0.5,4,8,2.0,0.25,True,5000
DM-06-06-05-03,DM-06-06-05-03,RESIDENTIAL,PVC,1.15,02:15,04:15,0.5,4,8,2.0,0.25,True,5000
DM-06-06-06-02,DM-06-06-06-02,RESIDENTIAL,PVC,1.15,02:30,04:30,0.5,4,8,2.0,0.25,True,5000
DM-06-06-06-03,DM-06-06-06-03,RESIDENTIAL,PVC,1.15,00:00,02:00,0.5,4,8,2.0,0.25,True,5000
DM-06-06-06-04,DM-06-06-06-04,RESIDENTIAL,PVC,1.15,00:45,02:45,0.5,4,8,2.0,0.25,True,5000
DM-06-06-07-01,DM-06-06-07-01,RESIDENTIAL,PVC,1.15,02:15,04:15,0.5,4,8,2.0,0.25,True,5000
DM-06-06-07-02,DM-06-06-07-02,RESIDENTIAL,PVC,1.15,00:00,02:00,0.5,4,8,2.0,0.25,True,5000
DM-06-06-07-03,DM-06-06-07-03,RESIDENTIAL,PVC,1.15,00:15,02:15,0.5,4,8,2.0,0.25,True,5000
DM-06-06-08-01,DM-06-06-08-01,RESIDENTIAL,PVC,1.15,21:45,23:45,0.5,4,8,2.0,0.25,True,5000
DM-06-06-08-02,DM-06-06-08-02,RESIDENTIAL,PVC,1.15,00:00,02:00,0.5,4,8,2.0,0.25,True,5000
DM-06-06-08-03,DM-06-06-08-03,RESIDENTIAL,PVC,1.15,22:30,00:30,0.5,4,8,2.0,0.25,True,5000
DM-06-06-09-01,DM-06-06-09-01,RESIDENTIAL,PVC,1.15,02:30,04:30,0.5,4,8,2.0,0.25,True,5000
DM-06-06-09-02,DM-06-06-09-02,RESIDENTIAL,PVC,1.15,23:45,01:45,0.5,4,8,2.0,0.25,True,5000
DM-06-06-09-03,DM-06-06-09-03,RESIDENTIAL,PVC,1.15,02:30,04:30,0.5,4,8,2.0,0.25,True,5000
DM-06-06-10-01,DM-06-06-10-01,RESIDENTIAL,PVC,1.15,23:45,01:45,0.5,4,8,2.0,0.25,True,5000
DM-06-06-10-02,DM-06-06-10-02,RESIDENTIAL,PVC,1.15,23:30,01:30,0.5,4,8,2.0,0.25,True,5000
DM-06-06-11-01,DM-06-06-11-01,RESIDENTIAL,PVC,1.15,23:45,01:45,0.5,4,8,2.0,0.25,True,5000
DM-06-06-11-02,DM-06-06-11-02,RESIDENTIAL,PVC,1.15,08:15,10:15,0.5,4,8,2.0,0.25,True,5000
DM-06-06-12-01,DM-06-06-12-01,RESIDENTIAL,PVC,1.15,23:00,01:00,0.5,4,8,2.0,0.25,True,5000
DM-07-01-01-01,DM-07-01-01-01,RESIDENTIAL,PVC,1.15,00:00,02:00,0.5,4,8,2.0,0.25,True,5000
DM-07-01-01-02,DM-07-01-01-02,RESIDENTIAL,PVC,1.15,00:15,02:15,0.5,4,8,2.0,0.25,True,5000
DM-07-01-02-01,DM-07-01-02-01,RESIDENTIAL,PVC,1.15,02:15,04:15,0.5,4,8,2.0,0.25,True,5000
DM-07-01-02-02,DM-07-01-02-02,RESIDENTIAL,PVC,1.15,02:15,04:15,0.5,4,8,2.0,0.25,True,5000
DM-07-01-03-01,DM-07-01-03-01,RESIDENTIAL,PVC,1.15,12:00,14:00,0.5,4,8,2.0,0.25,True,5000
DM-07-01-04-01,DM-07-01-04-01,RESIDENTIAL,PVC,1.15,02:15,04:15,0.5,4,8,2.0,0.25,True,5000
DM-07-01-04-02,DM-07-01-04-02,RESIDENTIAL,PVC,1.15,02:15,04:15,0.5,4,8,2.0,0.25,True,5000
DM-07-01-04-03,DM-07-01-04-03,RESIDENTIAL,PVC,1.15,00:00,02:00,0.5,4,8,2.0,0.25,True,5000
DM-07-01-04-04,DM-07-01-04-04,RESIDENTIAL,PVC,1.15,02:15,04:15,0.5,4,8,2.0,0.25,True,5000
DM-07-01-05-02,DM-07-01-05-02,RESIDENTIAL,PVC,1.15,04:15,06:15,0.5,4,8,2.0,0.25,True,5000
DM-07-01-05-03,DM-07-01-05-03,RESIDENTIAL,PVC,1.15,00:00,02:00,0.5,4,8,2.0,0.25,True,5000
DM-07-01-05-04,DM-07-01-05-04,RESIDENTIAL,PVC,1.15,02:15,04:15,0.5,4,8,2.0,0.25,True,5000
DM-07-01-06-01,DM-07-01-06-01,RESIDENTIAL,PVC,1.15,02:15,04:15,0.5,4,8,2.0,0.25,True,5000
DM-07-01-06-02,DM-07-01-06-02,RESIDENTIAL,PVC,1.15,02:15,04:15,0.5,4,8,2.0,0.25,True,5000
DM-07-01-06-04,DM-07-01-06-04,RESIDENTIAL,PVC,1.15,02:15,04:15,0.5,4,8,2.0,0.25,True,5000
DM-07-01-07-01,DM-07-01-07-01,RESIDENTIAL,PVC,1.15,02:15,04:15,0.5,4,8,2.0,0.25,True,5000
DM-07-01-07-02,DM-07-01-07-02,RESIDENTIAL,PVC,1.15,02:15,04:15,0.5,4,8,2.0,0.25,True,5000
DM-07-01-07-03,DM-07-01-07-03,RESIDENTIAL,PVC,1.15,02:00,04:00,0.5,4,8,2.0,0.25,True,5000
DM-07-01-08-01,DM-07-01-08-01,RESIDENTIAL,PVC,1.15,02:15,04:15,0.5,4,8,2.0,0.25,True,5000
DM-07-01-08-02,DM-07-01-08-02,RESIDENTIAL,PVC,1.15,02:15,04:15,0.5,4,8,2.0,0.25,True,5000
DM-07-01-09-01,DM-07-01-09-01,RESIDENTIAL,PVC,1.15,01:15,03:15,0.5,4,8,2.0,0.25,True,5000
DM-07-01-09-02,DM-07-01-09-02,RESIDENTIAL,PVC,1.15,00:00,02:00,0.5,4,8,2.0,0.25,True,5000
DM-07-01-09-03,DM-07-01-09-03,RESIDENTIAL,PVC,1.15,02:00,04:00,0.5,4,8,2.0,0.25,True,5000
DM-07-01-09-05,DM-07-01-09-05,RESIDENTIAL,PVC,1.15,01:00,03:00,0.5,4,8,2.0,0.25,True,5000
DM-07-01-09-06,DM-07-01-09-06,RESIDENTIAL,PVC,1.15,02:00,04:00,0.5,4,8,2.0,0.25,True,5000
DM-07-01-10-01,DM-07-01-10-01,RESIDENTIAL,PVC,1.15,02:30,04:30,0.5,4,8,2.0,0.25,True,5000
DM-07-01-11-01,DM-07-01-11-01,RESIDENTIAL,PVC,1.15,02:00,04:00,0.5,4,8,2.0,0.25,True,5000
DM-07-01-11-03,DM-07-01-11-03,RESIDENTIAL,PVC,1.15,02:15,04:15,0.5,4,8,2.0,0.25,True,5000
DM-07-04-01-01,DM-07-04-01-01,RESIDENTIAL,PVC,1.15,02:45,04:45,0.5,4,8,2.0,0.25,True,5000
DM-07-04-02-01,DM-07-04-02-01,RESIDENTIAL,PVC,1.15,02:30,04:30,0.5,4,8,2.0,0.25,True,5000
DM-07-04-02-02,DM-07-04-02-02,RESIDENTIAL,PVC,1.15,03:00,05:00,0.5,4,8,2.0,0.25,True,5000
DM-07-04-03-01,DM-07-04-03-01,RESIDENTIAL,PVC,1.15,03:45,05:45,0.5,4,8,2.0,0.25,True,5000
DM-07-04-03-02,DM-07-04-03-02,RESIDENTIAL,PVC,1.15,00:45,02:45,0.5,4,8,2.0,0.25,True,5000
DM-07-04-03-03,DM-07-04-03-03,RESIDENTIAL,PVC,1.15,02:15,04:15,0.5,4,8,2.0,0.25,True,5000
DM-07-04-04-01,DM-07-04-04-01,RESIDENTIAL,PVC,1.15,07:45,09:45,0.5,4,8,2.0,0.25,True,5000
DM-07-04-04-02,DM-07-04-04-02,RESIDENTIAL,PVC,1.15,02:15,04:15,0.5,4,8,2.0,0.25,True,5000
DM-07-04-05-01,DM-07-04-05-01,RESIDENTIAL,PVC,1.15,02:15,04:15,0.5,4,8,2.0,0.25,True,5000
DM-07-04-06-01,DM-07-04-06-01,RESIDENTIAL,PVC,1.15,02:15,04:15,0.5,4,8,2.0,0.25,True,5000
DM-07-04-07-01,DM-07-04-07-01,RESIDENTIAL,PVC,1.15,02:30,04:30,0.5,4,8,2.0,0.25,True,5000
DM-07-04-08-01,DM-07-04-08-01,RESIDENTIAL,PVC,1.15,01:15,03:15,0.5,4,8,2.0,0.25,True,5000
DM-07-04-08-02,DM-07-04-08-02,RESIDENTIAL,PVC,1.15,02:45,04:45,0.5,4,8,2.0,0.25,True,5000
DM-07-04-09-01,DM-07-04-09-01,RESIDENTIAL,PVC,1.15,01:15,03:15,0.5,4,8,2.0,0.25,True,5000
DM-07-04-10-01,DM-07-04-10-01,RESIDENTIAL,PVC,1.15,01:15,03:15,0.5,4,8,2.0,0.25,True,5000
DM-07-04-10-02,DM-07-04-10-02,RESIDENTIAL,PVC,1.15,00:15,02:15,0.5,4,8,2.0,0.25,True,5000
DM-07-04-11-01,DM-07-04-11-01,RESIDENTIAL,PVC,1.15,02:15,04:15,0.5,4,8,2.0,0.25,True,5000
DM-07-04-11-03,DM-07-04-11-03,RESIDENTIAL,PVC,1.15,02:15,04:15,0.5,4,8,2.0,0.25,True,5000
DM-07-04-12-01,DM-07-04-12-01,RESIDENTIAL,PVC,1.15,02:45,04:45,0.5,4,8,2.0,0.25,True,5000
DM-07-04-12-02,DM-07-04-12-02,RESIDENTIAL,PVC,1.15,02:45,04:45,0.5,4,8,2.0,0.25,True,5000
DM-07-04-13-01,DM-07-04-13-01,RESIDENTIAL,PVC,1.15,03:15,05:15,0.5,4,8,2.0,0.25,True,5000
DM-07-04-13-02,DM-07-04-13-02,RESIDENTIAL,PVC,1.15,02:00,04:00,0.5,4,8,2.0,0.25,True,5000
DM-07-04-14-01,DM-07-04-14-01,RESIDENTIAL,PVC,1.15,02:00,04:00,0.5,4,8,2.0,0.25,True,5000
DM-07-04-15-01,DM-07-04-15-01,RESIDENTIAL,PVC,1.15,02:15,04:15,0.5,4,8,2.0,0.25,True,5000
DM-07-04-15-02,DM-07-04-15-02,RESIDENTIAL,PVC,1.15,02:15,04:15,0.5,4,8,2.0,0.25,True,5000
DM-07-04-16-01,DM-07-04-16-01,RESIDENTIAL,PVC,1.15,02:15,04:15,0.5,4,8,2.0,0.25,True,5000
DM-07-04-16-02,DM-07-04-16-02,RESIDENTIAL,PVC,1.15,02:15,04:15,0.5,4,8,2.0,0.25,True,5000
DM-07-04-16-04,DM-07-04-16-04,RESIDENTIAL,PVC,1.15,00:00,02:00,0.5,4,8,2.0,0.25,True,5000
DM-07-04-16-05,DM-07-04-16-05,RESIDENTIAL,PVC,1.15,04:30,06:30,0.5,4,8,2.0,0.25,True,5000
DM-07-04-18-01,DM-07-04-18-01,RESIDENTIAL,PVC,1.15,01:30,03:30,0.5,4,8,2.0,0.25,True,5000
DM-07-04-19-01,DM-07-04-19-01,RESIDENTIAL,PVC,1.15,02:30,04:30,0.5,4,8,2.0,0.25,True,5000
DM-07-04-20-01,DM-07-04-20-01,RESIDENTIAL,PVC,1.15,02:00,04:00,0.5,4,8,2.0,0.25,True,5000
DM-07-04-21-01,DM-07-04-21-01,RESIDENTIAL,PVC,1.15,03:00,05:00,0.5,4,8,2.0,0.25,True,5000
DM-07-04-22-01,DM-07-04-22-01,RESIDENTIAL,PVC,1.15,02:45,04:45,0.5,4,8,2.0,0.25,True,5000
DM-07-04-22-02,DM-07-04-22-02,RESIDENTIAL,PVC,1.15,02:15,04:15,0.5,4,8,2.0,0.25,True,5000
DM-07-04-23-01,DM-07-04-23-01,RESIDENTIAL,PVC,1.15,02:45,04:45,0.5,4,8,2.0,0.25,True,5000
DM-07-05-01-01,DM-07-05-01-01,RESIDENTIAL,PVC,1.15,02:15,04:15,0.5,4,8,2.0,0.25,True,5000
DM-07-05-02-01,DM-07-05-02-01,RESIDENTIAL,PVC,1.15,03:00,05:00,0.5,4,8,2.0,0.25,True,5000
DM-07-05-02-02,DM-07-05-02-02,RESIDENTIAL,PVC,1.15,04:15,06:15,0.5,4,8,2.0,0.25,True,5000
DM-07-05-02-03,DM-07-05-02-03,RESIDENTIAL,PVC,1.15,02:15,04:15,0.5,4,8,2.0,0.25,True,5000
DM-07-05-03-01,DM-07-05-03-01,RESIDENTIAL,PVC,1.15,02:45,04:45,0.5,4,8,2.0,0.25,True,5000
DM-07-05-03-02,DM-07-05-03-02,RESIDENTIAL,PVC,1.15,02:15,04:15,0.5,4,8,2.0,0.25,True,5000
DM-07-05-04-01,DM-07-05-04-01,RESIDENTIAL,PVC,1.15,00:15,02:15,0.5,4,8,2.0,0.25,True,5000
DM-07-05-04-02,DM-07-05-04-02,RESIDENTIAL,PVC,1.15,00:15,02:15,0.5,4,8,2.0,0.25,True,5000
DM-07-05-04-03,DM-07-05-04-03,RESIDENTIAL,PVC,1.15,10:00,12:00,0.5,4,8,2.0,0.25,True,5000
DM-07-05-05-01,DM-07-05-05-01,RESIDENTIAL,PVC,1.15,05:00,07:00,0.5,4,8,2.0,0.25,True,5000
DM-07-05-05-02,DM-07-05-05-02,RESIDENTIAL,PVC,1.15,02:15,04:15,0.5,4,8,2.0,0.25,True,5000
DM-07-05-06-01,DM-07-05-06-01,RESIDENTIAL,PVC,1.15,03:30,05:30,0.5,4,8,2.0,0.25,True,5000
DM-07-05-06-02,DM-07-05-06-02,RESIDENTIAL,PVC,1.15,02:00,04:00,0.5,4,8,2.0,0.25,True,5000
DM-07-05-07-01,DM-07-05-07-01,RESIDENTIAL,PVC,1.15,01:30,03:30,0.5,4,8,2.0,0.25,True,5000
DM-07-05-08-01,DM-07-05-08-01,RESIDENTIAL,PVC,1.15,02:00,04:00,0.5,4,8,2.0,0.25,True,5000
DM-07-05-09-01,DM-07-05-09-01,RESIDENTIAL,PVC,1.15,02:00,04:00,0.5,4,8,2.0,0.25,True,5000
DM-07-05-09-02,DM-07-05-09-02,RESIDENTIAL,PVC,1.15,05:00,07:00,0.5,4,8,2.0,0.25,True,5000
DM-07-05-10-01,DM-07-05-10-01,RESIDENTIAL,PVC,1.15,00:00,02:00,0.5,4,8,2.0,0.25,True,5000
DM-07-05-10-02,DM-07-05-10-02,RESIDENTIAL,PVC,1.15,01:45,03:45,0.5,4,8,2.0,0.25,True,5000
DM-07-05-10-03,DM-07-05-10-03,RESIDENTIAL,PVC,1.15,00:00,02:00,0.5,4,8,2.0,0.25,True,5000
DM-07-05-11-01,DM-07-05-11-01,RESIDENTIAL,PVC,1.15,02:00,04:00,0.5,4,8,2.0,0.25,True,5000
DM-07-05-11-02,DM-07-05-11-02,RESIDENTIAL,PVC,1.15,01:45,03:45,0.5,4,8,2.0,0.25,True,5000
DM-07-05-11-03,DM-07-05-11-03,RESIDENTIAL,PVC,1.15,00:45,02:45,0.5,4,8,2.0,0.25,True,5000
DM-07-05-11-04,DM-07-05-11-04,RESIDENTIAL,PVC,1.15,00:15,02:15,0.5,4,8,2.0,0.25,True,5000
DM-07-05-12-01,DM-07-05-12-01,RESIDENTIAL,PVC,1.15,00:15,02:15,0.5,4,8,2.0,0.25,True,5000
DM-07-05-12-02,DM-07-05-12-02,RESIDENTIAL,PVC,1.15,00:00,02:00,0.5,4,8,2.0,0.25,True,5000
DM-07-05-12-03,DM-07-05-12-03,RESIDENTIAL,PVC,1.15,13:30,15:30,0.5,4,8,2.0,0.25,True,5000
DM-07-05-12-04,DM-07-05-12-04,RESIDENTIAL,PVC,1.15,00:15,02:15,0.5,4,8,2.0,0.25,True,5000
DM-07-05-13-01,DM-07-05-13-01,RESIDENTIAL,PVC,1.15,03:15,05:15,0.5,4,8,2.0,0.25,True,5000
DM-07-05-13-02,DM-07-05-13-02,RESIDENTIAL,PVC,1.15,00:15,02:15,0.5,4,8,2.0,0.25,True,5000
DM-07-05-13-03,DM-07-05-13-03,RESIDENTIAL,PVC,1.15,00:00,02:00,0.5,4,8,2.0,0.25,True,5000
DM-07-05-14-01,DM-07-05-14-01,RESIDENTIAL,PVC,1.15,01:15,03:15,0.5,4,8,2.0,0.25,True,5000
DM-07-05-15-01,DM-07-05-15-01,RESIDENTIAL,PVC,1.15,00:15,02:15,0.5,4,8,2.0,0.25,True,5000
DM-07-06-01-01,DM-07-06-01-01,RESIDENTIAL,PVC,1.15,14:30,16:30,0.5,4,8,2.0,0.25,True,5000
DM-07-06-01-02,DM-07-06-01-02,RESIDENTIAL,PVC,1.15,02:15,04:15,0.5,4,8,2.0,0.25,True,5000
DM-07-06-01-03,DM-07-06-01-03,RESIDENTIAL,PVC,1.15,02:15,04:15,0.5,4,8,2.0,0.25,True,5000
DM-07-06-02-02,DM-07-06-02-02,RESIDENTIAL,PVC,1.15,01:45,03:45,0.5,4,8,2.0,0.25,True,5000
DM-07-06-02-03,DM-07-06-02-03,RESIDENTIAL,PVC,1.15,00:45,02:45,0.5,4,8,2.0,0.25,True,5000
DM-07-06-02-04,DM-07-06-02-04,RESIDENTIAL,PVC,1.15,02:15,04:15,0.5,4,8,2.0,0.25,True,5000
DM-07-06-02-05,DM-07-06-02-05,RESIDENTIAL,PVC,1.15,00:30,02:30,0.5,4,8,2.0,0.25,True,5000
DM-07-06-02-06,DM-07-06-02-06,RESIDENTIAL,PVC,1.15,23:30,01:30,0.5,4,8,2.0,0.25,True,5000
DM-07-06-02-07,DM-07-06-02-07,RESIDENTIAL,PVC,1.15,01:15,03:15,0.5,4,8,2.0,0.25,True,5000
DM-07-06-02-08,DM-07-06-02-08,RESIDENTIAL,PVC,1.15,04:00,06:00,0.5,4,8,2.0,0.25,True,5000
DM-07-06-03-01,DM-07-06-03-01,RESIDENTIAL,PVC,1.15,02:15,04:15,0.5,4,8,2.0,0.25,True,5000
DM-07-06-03-02,DM-07-06-03-02,RESIDENTIAL,PVC,1.15,02:30,04:30,0.5,4,8,2.0,0.25,True,5000
DM-07-06-03-03,DM-07-06-03-03,RESIDENTIAL,PVC,1.15,01:00,03:00,0.5,4,8,2.0,0.25,True,5000
DM-07-06-03-04,DM-07-06-03-04,RESIDENTIAL,PVC,1.15,01:15,03:15,0.5,4,8,2.0,0.25,True,5000
DM-07-06-03-05,DM-07-06-03-05,RESIDENTIAL,PVC,1.15,02:00,04:00,0.5,4,8,2.0,0.25,True,5000
DM-07-06-04-01,DM-07-06-04-01,RESIDENTIAL,PVC,1.15,00:15,02:15,0.5,4,8,2.0,0.25,True,5000
DM-07-06-04-03,DM-07-06-04-03,RESIDENTIAL,PVC,1.15,02:30,04:30,0.5,4,8,2.0,0.25,True,5000
DM-07-06-05-02,DM-07-06-05-02,RESIDENTIAL,PVC,1.15,01:30,03:30,0.5,4,8,2.0,0.25,True,5000
DM-07-06-07-01,DM-07-06-07-01,RESIDENTIAL,PVC,1.15,02:00,04:00,0.5,4,8,2.0,0.25,True,5000
DM-07-06-08-01,DM-07-06-08-01,RESIDENTIAL,PVC,1.15,02:00,04:00,0.5,4,8,2.0,0.25,True,5000
DM-07-06-09-01,DM-07-06-09-01,RESIDENTIAL,PVC,1.15,02:45,04:45,0.5,4,8,2.0,0.25,True,5000
DM-07-06-10-01,DM-07-06-10-01,RESIDENTIAL,PVC,1.15,02:30,04:30,0.5,4,8,2.0,0.25,True,5000
DM-07-06-11-01,DM-07-06-11-01,RESIDENTIAL,PVC,1.15,02:15,04:15,0.5,4,8,2.0,0.25,True,5000
DM-07-07-01-01,DM-07-07-01-01,RESIDENTIAL,PVC,1.15,03:00,05:00,0.5,4,8,2.0,0.25,True,5000
DM-07-07-02-01,DM-07-07-02-01,RESIDENTIAL,PVC,1.15,02:15,04:15,0.5,4,8,2.0,0.25,True,5000
DM-07-07-02-03,DM-07-07-02-03,RESIDENTIAL,PVC,1.15,23:45,01:45,0.5,4,8,2.0,0.25,True,5000
DM-07-07-02-04,DM-07-07-02-04,RESIDENTIAL,PVC,1.15,00:45,02:45,0.5,4,8,2.0,0.25,True,5000
DM-07-07-03-01,DM-07-07-03-01,RESIDENTIAL,PVC,1.15,02:15,04:15,0.5,4,8,2.0,0.25,True,5000
DM-07-07-04-01,DM-07-07-04-01,RESIDENTIAL,PVC,1.15,02:00,04:00,0.5,4,8,2.0,0.25,True,5000
DM-07-07-04-02,DM-07-07-04-02,RESIDENTIAL,PVC,1.15,02:15,04:15,0.5,4,8,2.0,0.25,True,5000
DM-07-07-04-03,DM-07-07-04-03,RESIDENTIAL,PVC,1.15,00:00,02:00,0.5,4,8,2.0,0.25,True,5000
DM-07-07-05-01,DM-07-07-05-01,RESIDENTIAL,PVC,1.15,02:15,04:15,0.5,4,8,2.0,0.25,True,5000
DM-07-07-05-02,DM-07-07-05-02,RESIDENTIAL,PVC,1.15,08:00,10:00,0.5,4,8,2.0,0.25,True,5000
DM-07-07-06-01,DM-07-07-06-01,RESIDENTIAL,PVC,1.15,00:00,02:00,0.5,4,8,2.0,0.25,True,5000
DM-07-07-06-02,DM-07-07-06-02,RESIDENTIAL,PVC,1.15,01:45,03:45,0.5,4,8,2.0,0.25,True,5000
DM-07-07-06-03,DM-07-07-06-03,RESIDENTIAL,PVC,1.15,03:15,05:15,0.5,4,8,2.0,0.25,True,5000
DM-07-07-07-01,DM-07-07-07-01,RESIDENTIAL,PVC,1.15,02:15,04:15,0.5,4,8,2.0,0.25,True,5000
DM-07-07-07-02,DM-07-07-07-02,RESIDENTIAL,PVC,1.15,02:00,04:00,0.5,4,8,2.0,0.25,True,5000
DM-07-07-07-03,DM-07-07-07-03,RESIDENTIAL,PVC,1.15,01:00,03:00,0.5,4,8,2.0,0.25,True,5000
DM-07-07-08-01,DM-07-07-08-01,RESIDENTIAL,PVC,1.15,02:15,04:15,0.5,4,8,2.0,0.25,True,5000
DM-07-07-09-01,DM-07-07-09-01,RESIDENTIAL,PVC,1.15,01:15,03:15,0.5,4,8,2.0,0.25,True,5000
DM-07-07-10-01,DM-07-07-10-01,RESIDENTIAL,PVC,1.15,00:00,02:00,0.5,4,8,2.0,0.25,True,5000
DM-07-07-11-01,DM-07-07-11-01,RESIDENTIAL,PVC,1.15,03:00,05:00,0.5,4,8,2.0,0.25,True,5000
DM-11-03-01-01,DM-11-03-01-01,RESIDENTIAL,PVC,1.15,23:30,01:30,0.5,4,8,2.0,0.25,True,5000
DM-11-03-01-02,DM-11-03-01-02,RESIDENTIAL,PVC,1.15,01:45,03:45,0.5,4,8,2.0,0.25,True,5000
DM-11-03-03-01,DM-11-03-03-01,RESIDENTIAL,PVC,1.15,01:45,03:45,0.5,4,8,2.0,0.25,True,5000
DM-11-03-05-01,DM-11-03-05-01,RESIDENTIAL,PVC,1.15,02:15,04:15,0.5,4,8,2.0,0.25,True,5000
DM-11-03-06-01,DM-11-03-06-01,RESIDENTIAL,PVC,1.15,03:00,05:00,0.5,4,8,2.0,0.25,True,5000
DM-11-03-10-02,DM-11-03-10-02,RESIDENTIAL,PVC,1.15,02:00,04:00,0.5,4,8,2.0,0.25,True,5000
DM-11-03-32-01,DM-11-03-32-01,RESIDENTIAL,PVC,1.15,19:45,21:45,0.5,4,8,2.0,0.25,True,5000
DM-11-03-32-02,DM-11-03-32-02,RESIDENTIAL,PVC,1.15,04:45,06:45,0.5,4,8,2.0,0.25,True,5000
DM-11-03-33-01,DM-11-03-33-01,RESIDENTIAL,PVC,1.15,02:15,04:15,0.5,4,8,2.0,0.25,True,5000
DM-11-03-34-01,DM-11-03-34-01,RESIDENTIAL,PVC,1.15,02:00,04:00,0.5,4,8,2.0,0.25,True,5000
DM-11-03-34-02,DM-11-03-34-02,RESIDENTIAL,PVC,1.15,00:00,02:00,0.5,4,8,2.0,0.25,True,5000
DM-11-03-39-01,DM-11-03-39-01,RESIDENTIAL,PVC,1.15,01:45,03:45,0.5,4,8,2.0,0.25,True,5000
DM-11-03-40-01,DM-11-03-40-01,RESIDENTIAL,PVC,1.15,02:15,04:15,0.5,4,8,2.0,0.25,True,5000
DM-11-03-40-02,DM-11-03-40-02,RESIDENTIAL,PVC,1.15,02:15,04:15,0.5,4,8,2.0,0.25,True,5000
DM-11-03-41-01,DM-11-03-41-01,RESIDENTIAL,PVC,1.15,20:45,22:45,0.5,4,8,2.0,0.25,True,5000
DM-11-03-42-01,DM-11-03-42-01,RESIDENTIAL,PVC,1.15,00:00,02:00,0.5,4,8,2.0,0.25,True,5000
DM-11-03-42-02,DM-11-03-42-02,RESIDENTIAL,PVC,1.15,00:00,02:00,0.5,4,8,2.0,0.25,True,5000
DM-11-03-43-01,DM-11-03-43-01,RESIDENTIAL,PVC,1.15,02:00,04:00,0.5,4,8,2.0,0.25,True,5000
DM-11-03-43-02,DM-11-03-43-02,RESIDENTIAL,PVC,1.15,02:00,04:00,0.5,4,8,2.0,0.25,True,5000
DM-11-05-26-01,DM-11-05-26-01,RESIDENTIAL,PVC,1.15,02:15,04:15,0.5,4,8,2.0,0.25,True,5000
DM-11-05-27-01,DM-11-05-27-01,RESIDENTIAL,PVC,1.15,22:45,00:45,0.5,4,8,2.0,0.25,True,5000
DM-11-05-27-02,DM-11-05-27-02,RESIDENTIAL,PVC,1.15,01:30,03:30,0.5,4,8,2.0,0.25,True,5000
DM-11-05-27-03,DM-11-05-27-03,RESIDENTIAL,PVC,1.15,00:00,02:00,0.5,4,8,2.0,0.25,True,5000
DM-11-05-28-01,DM-11-05-28-01,RESIDENTIAL,PVC,1.15,02:15,04:15,0.5,4,8,2.0,0.25,True,5000
DM-11-05-28-02,DM-11-05-28-02,RESIDENTIAL,PVC,1.15,10:15,12:15,0.5,4,8,2.0,0.25,True,5000
DM-11-05-29-01,DM-11-05-29-01,RESIDENTIAL,PVC,1.15,23:15,01:15,0.5,4,8,2.0,0.25,True,5000
DM-11-05-30-01,DM-11-05-30-01,RESIDENTIAL,PVC,1.15,02:00,04:00,0.5,4,8,2.0,0.25,True,5000
DM-11-05-30-02,DM-11-05-30-02,RESIDENTIAL,PVC,1.15,23:45,01:45,0.5,4,8,2.0,0.25,True,5000
DM-11-05-31-01,DM-11-05-31-01,RESIDENTIAL,PVC,1.15,23:15,01:15,0.5,4,8,2.0,0.25,True,5000
DM-11-06-06-02,DM-11-06-06-02,RESIDENTIAL,PVC,1.15,01:15,03:15,0.5,4,8,2.0,0.25,True,5000
DM-11-06-06-03,DM-11-06-06-03,RESIDENTIAL,PVC,1.15,00:15,02:15,0.5,4,8,2.0,0.25,True,5000
DM-11-06-09-01,DM-11-06-09-01,RESIDENTIAL,PVC,1.15,22:00,00:00,0.5,4,8,2.0,0.25,True,5000
DM-11-06-09-02,DM-11-06-09-02,RESIDENTIAL,PVC,1.15,23:45,01:45,0.5,4,8,2.0,0.25,True,5000
DM-11-06-09-04,DM-11-06-09-04,RESIDENTIAL,PVC,1.15,23:30,01:30,0.5,4,8,2.0,0.25,True,5000
DM-11-06-10-01,DM-11-06-10-01,RESIDENTIAL,PVC,1.15,02:00,04:00,0.5,4,8,2.0,0.25,True,5000
DM-11-06-11-02,DM-11-06-11-02,RESIDENTIAL,PVC,1.15,00:00,02:00,0.5,4,8,2.0,0.25,True,5000
DM-11-06-15-01,DM-11-06-15-01,RESIDENTIAL,PVC,1.15,20:15,22:15,0.5,4,8,2.0,0.25,True,5000
DM-11-06-17-01,DM-11-06-17-01,RESIDENTIAL,PVC,1.15,02:15,04:15,0.5,4,8,2.0,0.25,True,5000
DM-11-06-18-01,DM-11-06-18-01,RESIDENTIAL,PVC,1.15,22:30,00:30,0.5,4,8,2.0,0.25,True,5000
DM-11-06-18-02,DM-11-06-18-02,RESIDENTIAL,PVC,1.15,00:00,02:00,0.5,4,8,2.0,0.25,True,5000
DM-11-06-19-01,DM-11-06-19-01,RESIDENTIAL,PVC,1.15,02:00,04:00,0.5,4,8,2.0,0.25,True,5000
DM-11-06-19-02,DM-11-06-19-02,RESIDENTIAL,PVC,1.15,22:30,00:30,0.5,4,8,2.0,0.25,True,5000
DM-11-06-24-01,DM-11-06-24-01,RESIDENTIAL,PVC,1.15,04:45,06:45,0.5,4,8,2.0,0.25,True,5000
DM-11-06-24-02,DM-11-06-24-02,RESIDENTIAL,PVC,1.15,00:00,02:00,0.5,4,8,2.0,0.25,True,5000
DM-11-06-25-01,DM-11-06-25-01,RESIDENTIAL,PVC,1.15,22:30,00:30,0.5,4,8,2.0,0.25,True,5000
DM-11-07-47-01,DM-11-07-47-01,RESIDENTIAL,PVC,1.15,02:15,04:15,0.5,4,8,2.0,0.25,True,5000
DM-11-07-47-02,DM-11-07-47-02,RESIDENTIAL,PVC,1.15,02:15,04:15,0.5,4,8,2.0,0.25,True,5000
DM-11-07-48-01,DM-11-07-48-01,RESIDENTIAL,PVC,1.15,02:30,04:30,0.5,4,8,2.0,0.25,True,5000
DM-11-07-49-02,DM-11-07-49-02,RESIDENTIAL,PVC,1.15,02:00,04:00,0.5,4,8,2.0,0.25,True,5000
DM-11-07-50-01,DM-11-07-50-01,RESIDENTIAL,PVC,1.15,22:45,00:45,0.5,4,8,2.0,0.25,True,5000
DM-11-07-51-01,DM-11-07-51-01,RESIDENTIAL,PVC,1.15,02:00,04:00,0.5,4,8,2.0,0.25,True,5000
DM-11-07-52-01,DM-11-07-52-01,RESIDENTIAL,PVC,1.15,22:30,00:30,0.5,4,8,2.0,0.25,True,5000
DM-11-07-52-02,DM-11-07-52-02,RESIDENTIAL,PVC,1.15,01:15,03:15,0.5,4,8,2.0,0.25,True,5000
DM-11-07-53-02,DM-11-07-53-02,RESIDENTIAL,PVC,1.15,00:00,02:00,0.5,4,8,2.0,0.25,True,5000
DM-11-07-53-03,DM-11-07-53-03,RESIDENTIAL,PVC,1.15,23:30,01:30,0.5,4,8,2.0,0.25,True,5000
DM-11-07-53-05,DM-11-07-53-05,RESIDENTIAL,PVC,1.15,02:15,04:15,0.5,4,8,2.0,0.25,True,5000
DM-11-07-54-01,DM-11-07-54-01,RESIDENTIAL,PVC,1.15,23:15,01:15,0.5,4,8,2.0,0.25,True,5000
DM-11-07-54-02,DM-11-07-54-02,RESIDENTIAL,PVC,1.15,02:00,04:00,0.5,4,8,2.0,0.25,True,5000
DM-11-07-55-01,DM-11-07-55-01,RESIDENTIAL,PVC,1.15,00:00,02:00,0.5,4,8,2.0,0.25,True,5000
DM-11-07-56-01,DM-11-07-56-01,RESIDENTIAL,PVC,1.15,02:00,04:00,0.5,4,8,2.0,0.25,True,5000
DM-11-07-56-02,DM-11-07-56-02,RESIDENTIAL,PVC,1.15,00:00,02:00,0.5,4,8,2.0,0.25,True,5000
DM-11-07-57-01,DM-11-07-57-01,RESIDENTIAL,PVC,1.15,02:00,04:00,0.5,4,8,2.0,0.25,True,5000
DM-11-07-57-02,DM-11-07-57-02,RESIDENTIAL,PVC,1.15,23:30,01:30,0.5,4,8,2.0,0.25,True,5000
DM-11-08-07-01,DM-11-08-07-01,RESIDENTIAL,PVC,1.15,00:00,02:00,0.5,4,8,2.0,0.25,True,5000
DM-11-08-07-02,DM-11-08-07-02,RESIDENTIAL,PVC,1.15,22:30,00:30,0.5,4,8,2.0,0.25,True,5000
DM-11-08-08-02,DM-11-08-08-02,RESIDENTIAL,PVC,1.15,23:45,01:45,0.5,4,8,2.0,0.25,True,5000
DM-11-08-08-03,DM-11-08-08-03,RESIDENTIAL,PVC,1.15,02:15,04:15,0.5,4,8,2.0,0.25,True,5000
DM-11-08-12-01,DM-11-08-12-01,RESIDENTIAL,PVC,1.15,00:00,02:00,0.5,4,8,2.0,0.25,True,5000
DM-11-08-12-02,DM-11-08-12-02,RESIDENTIAL,PVC,1.15,22:45,00:45,0.5,4,8,2.0,0.25,True,5000
DM-11-08-13-01,DM-11-08-13-01,RESIDENTIAL,PVC,1.15,02:15,04:15,0.5,4,8,2.0,0.25,True,5000
DM-11-08-13-02,DM-11-08-13-02,RESIDENTIAL,PVC,1.15,00:00,02:00,0.5,4,8,2.0,0.25,True,5000
DM-11-08-14-01,DM-11-08-14-01,RESIDENTIAL,PVC,1.15,22:15,00:15,0.5,4,8,2.0,0.25,True,5000
DM-11-08-16-01,DM-11-08-16-01,RESIDENTIAL,PVC,1.15,02:15,04:15,0.5,4,8,2.0,0.25,True,5000
DM-11-08-20-01,DM-11-08-20-01,RESIDENTIAL,PVC,1.15,02:00,04:00,0.5,4,8,2.0,0.25,True,5000
DM-11-08-21-01,DM-11-08-21-01,RESIDENTIAL,PVC,1.15,00:00,02:00,0.5,4,8,2.0,0.25,True,5000
DM-11-08-22-01,DM-11-08-22-01,RESIDENTIAL,PVC,1.15,22:15,00:15,0.5,4,8,2.0,0.25,True,5000
DM-11-08-23-01,DM-11-08-23-01,RESIDENTIAL,PVC,1.15,02:00,04:00,0.5,4,8,2.0,0.25,True,5000
DM-11-10-58-01,DM-11-10-58-01,RESIDENTIAL,PVC,1.15,23:00,01:00,0.5,4,8,2.0,0.25,True,5000
DM-11-10-58-02,DM-11-10-58-02,RESIDENTIAL,PVC,1.15,02:00,04:00,0.5,4,8,2.0,0.25,True,5000
DM-11-10-59-01,DM-11-10-59-01,RESIDENTIAL,PVC,1.15,02:30,04:30,0.5,4,8,2.0,0.25,True,5000
DM-11-10-60-01,DM-11-10-60-01,RESIDENTIAL,PVC,1.15,02:15,04:15,0.5,4,8,2.0,0.25,True,5000
DM-11-10-61-01,DM-11-10-61-01,RESIDENTIAL,PVC,1.15,02:15,04:15,0.5,4,8,2.0,0.25,True,5000
DM-11-10-62-01,DM-11-10-62-01,RESIDENTIAL,PVC,1.15,02:30,04:30,0.5,4,8,2.0,0.25,True,5000
DM-11-10-62-02,DM-11-10-62-02,RESIDENTIAL,PVC,1.15,00:00,02:00,0.5,4,8,2.0,0.25,True,5000
DM-11-10-63-01,DM-11-10-63-01,RESIDENTIAL,PVC,1.15,02:00,04:00,0.5,4,8,2.0,0.25,True,5000
DM-11-10-64-01,DM-11-10-64-01,RESIDENTIAL,PVC,1.15,23:00,01:00,0.5,4,8,2.0,0.25,True,5000
DM-11-10-65-01,DM-11-10-65-01,RESIDENTIAL,PVC,1.15,02:00,04:00,0.5,4,8,2.0,0.25,True,5000
DM-11-10-65-02,DM-11-10-65-02,RESIDENTIAL,PVC,1.15,02:00,04:00,0.5,4,8,2.0,0.25,True,5000
DM-11-10-66-01,DM-11-10-66-01,RESIDENTIAL,PVC,1.15,02:00,04:00,0.5,4,8,2.0,0.25,True,5000
DM-11-10-66-02,DM-11-10-66-02,RESIDENTIAL,PVC,1.15,02:00,04:00,0.5,4,8,2.0,0.25,True,5000
DM-11-10-67-01,DM-11-10-67-01,RESIDENTIAL,PVC,1.15,14:00,16:00,0.5,4,8,2.0,0.25,True,5000
DM-11-10-67-03,DM-11-10-67-03,RESIDENTIAL,PVC,1.15,00:00,02:00,0.5,4,8,2.0,0.25,True,5000
DM-11-10-68-01,DM-11-10-68-01,RESIDENTIAL,PVC,1.15,00:00,02:00,0.5,4,8,2.0,0.25,True,5000
DM-11-10-68-02,DM-11-10-68-02,RESIDENTIAL,PVC,1.15,00:00,02:00,0.5,4,8,2.0,0.25,True,5000
DM-11-10-68-03,DM-11-10-68-03,RESIDENTIAL,PVC,1.15,01:15,03:15,0.5,4,8,2.0,0.25,True,5000
DM-11-10-68-04,DM-11-10-68-04,RESIDENTIAL,PVC,1.15,00:00,02:00,0.5,4,8,2.0,0.25,True,5000
DM-11-10-69-01,DM-11-10-69-01,RESIDENTIAL,PVC,1.15,23:15,01:15,0.5,4,8,2.0,0.25,True,5000
DM-11-10-69-02,DM-11-10-69-02,RESIDENTIAL,PVC,1.15,03:15,05:15,0.5,4,8,2.0,0.25,True,5000
DM-11-10-70-01,DM-11-10-70-01,RESIDENTIAL,PVC,1.15,00:00,02:00,0.5,4,8,2.0,0.25,True,5000
DM-11-10-70-02,DM-11-10-70-02,RESIDENTIAL,PVC,1.15,01:45,03:45,0.5,4,8,2.0,0.25,True,5000
DM-11-10-71-01,DM-11-10-71-01,RESIDENTIAL,PVC,1.15,02:15,04:15,0.5,4,8,2.0,0.25,True,5000
DM-11-10-71-02,DM-11-10-71-02,RESIDENTIAL,PVC,1.15,00:00,02:00,0.5,4,8,2.0,0.25,True,5000
DM-11-10-72-01,DM-11-10-72-01,RESIDENTIAL,PVC,1.15,02:30,04:30,0.5,4,8,2.0,0.25,True,5000
DM-11-10-72-02,DM-11-10-72-02,RESIDENTIAL,PVC,1.15,00:00,02:00,0.5,4,8,2.0,0.25,True,5000
DM-11-10-72-03,DM-11-10-72-03,RESIDENTIAL,PVC,1.15,12:00,14:00,0.5,4,8,2.0,0.25,True,5000
DM-11-10-73-02,DM-11-10-73-02,RESIDENTIAL,PVC,1.15,02:00,04:00,0.5,4,8,2.0,0.25,True,5000
DM-11-10-73-03,DM-11-10-73-03,RESIDENTIAL,PVC,1.15,00:00,02:00,0.5,4,8,2.0,0.25,True,5000
DM-11-10-73-04,DM-11-10-73-04,RESIDENTIAL,PVC,1.15,05:45,07:45,0.5,4,8,2.0,0.25,True,5000
DM-12-01-01-01,DM-12-01-01-01,RESIDENTIAL,PVC,1.15,12:15,14:15,0.5,4,8,2.0,0.25,True,5000
DM-12-01-01-02,DM-12-01-01-02,RESIDENTIAL,PVC,1.15,22:00,00:00,0.5,4,8,2.0,0.25,True,5000
DM-12-01-02-01,DM-12-01-02-01,RESIDENTIAL,PVC,1.15,02:15,04:15,0.5,4,8,2.0,0.25,True,5000
DM-12-01-02-02,DM-12-01-02-02,RESIDENTIAL,PVC,1.15,00:00,02:00,0.5,4,8,2.0,0.25,True,5000
DM-12-01-03-02,DM-12-01-03-02,RESIDENTIAL,PVC,1.15,00:45,02:45,0.5,4,8,2.0,0.25,True,5000
DM-12-01-04-01,DM-12-01-04-01,RESIDENTIAL,PVC,1.15,02:15,04:15,0.5,4,8,2.0,0.25,True,5000
DM-12-01-04-02,DM-12-01-04-02,RESIDENTIAL,PVC,1.15,00:00,02:00,0.5,4,8,2.0,0.25,True,5000
DM-12-01-05-01,DM-12-01-05-01,RESIDENTIAL,PVC,1.15,01:45,03:45,0.5,4,8,2.0,0.25,True,5000
DM-12-01-05-02,DM-12-01-05-02,RESIDENTIAL,PVC,1.15,00:00,02:00,0.5,4,8,2.0,0.25,True,5000
DM-12-01-05-03,DM-12-01-05-03,RESIDENTIAL,PVC,1.15,00:00,02:00,0.5,4,8,2.0,0.25,True,5000
DM-12-01-06-01,DM-12-01-06-01,RESIDENTIAL,PVC,1.15,23:30,01:30,0.5,4,8,2.0,0.25,True,5000
DM-12-01-06-02,DM-12-01-06-02,RESIDENTIAL,PVC,1.15,00:00,02:00,0.5,4,8,2.0,0.25,True,5000
DM-12-01-07-01,DM-12-01-07-01,RESIDENTIAL,PVC,1.15,02:30,04:30,0.5,4,8,2.0,0.25,True,5000
DM-12-01-08-01,DM-12-01-08-01,RESIDENTIAL,PVC,1.15,00:00,02:00,0.5,4,8,2.0,0.25,True,5000
DM-12-01-09-01,DM-12-01-09-01,RESIDENTIAL,PVC,1.15,00:00,02:00,0.5,4,8,2.0,0.25,True,5000
DM-12-02-01-01,DM-12-02-01-01,RESIDENTIAL,PVC,1.15,00:00,02:00,0.5,4,8,2.0,0.25,True,5000
DM-12-02-01-02,DM-12-02-01-02,RESIDENTIAL,PVC,1.15,23:45,01:45,0.5,4,8,2.0,0.25,True,5000
DM-12-02-02-01,DM-12-02-02-01,RESIDENTIAL,PVC,1.15,00:00,02:00,0.5,4,8,2.0,0.25,True,5000
DM-12-02-02-02,DM-12-02-02-02,RESIDENTIAL,PVC,1.15,02:15,04:15,0.5,4,8,2.0,0.25,True,5000
DM-12-02-02-03,DM-12-02-02-03,RESIDENTIAL,PVC,1.15,02:15,04:15,0.5,4,8,2.0,0.25,True,5000
DM-12-02-03-01,DM-12-02-03-01,RESIDENTIAL,PVC,1.15,02:15,04:15,0.5,4,8,2.0,0.25,True,5000
DM-12-02-04-01,DM-12-02-04-01,RESIDENTIAL,PVC,1.15,02:15,04:15,0.5,4,8,2.0,0.25,True,5000
DM-12-02-05-01,DM-12-02-05-01,RESIDENTIAL,PVC,1.15,00:00,02:00,0.5,4,8,2.0,0.25,True,5000
DM-12-02-06-01,DM-12-02-06-01,RESIDENTIAL,PVC,1.15,02:00,04:00,0.5,4,8,2.0,0.25,True,5000
DM-12-02-06-02,DM-12-02-06-02,RESIDENTIAL,PVC,1.15,00:00,02:00,0.5,4,8,2.0,0.25,True,5000
DM-12-02-07-01,DM-12-02-07-01,RESIDENTIAL,PVC,1.15,22:45,00:45,0.5,4,8,2.0,0.25,True,5000
DM-12-02-07-02,DM-12-02-07-02,RESIDENTIAL,PVC,1.15,02:15,04:15,0.5,4,8,2.0,0.25,True,5000
DM-12-02-08-01,DM-12-02-08-01,RESIDENTIAL,PVC,1.15,02:15,04:15,0.5,4,8,2.0,0.25,True,5000
DM-12-02-08-02,DM-12-02-08-02,RESIDENTIAL,PVC,1.15,02:15,04:15,0.5,4,8,2.0,0.25,True,5000
DM-12-03-01-01,DM-12-03-01-01,RESIDENTIAL,PVC,1.15,02:00,04:00,0.5,4,8,2.0,0.25,True,5000
DM-12-03-01-02,DM-12-03-01-02,RESIDENTIAL,PVC,1.15,23:45,01:45,0.5,4,8,2.0,0.25,True,5000
DM-12-03-02-01,DM-12-03-02-01,RESIDENTIAL,PVC,1.15,00:00,02:00,0.5,4,8,2.0,0.25,True,5000
DM-12-03-02-02,DM-12-03-02-02,RESIDENTIAL,PVC,1.15,03:00,05:00,0.5,4,8,2.0,0.25,True,5000
DM-12-03-03-01,DM-12-03-03-01,RESIDENTIAL,PVC,1.15,00:00,02:00,0.5,4,8,2.0,0.25,True,5000
DM-12-03-04-01,DM-12-03-04-01,RESIDENTIAL,PVC,1.15,01:30,03:30,0.5,4,8,2.0,0.25,True,5000
DM-12-03-04-02,DM-12-03-04-02,RESIDENTIAL,PVC,1.15,22:15,00:15,0.5,4,8,2.0,0.25,True,5000
DM-12-03-04-03,DM-12-03-04-03,RESIDENTIAL,PVC,1.15,02:00,04:00,0.5,4,8,2.0,0.25,True,5000
DM-12-03-05-01,DM-12-03-05-01,RESIDENTIAL,PVC,1.15,17:30,19:30,0.5,4,8,2.0,0.25,True,5000
DM-12-03-06-01,DM-12-03-06-01,RESIDENTIAL,PVC,1.15,02:30,04:30,0.5,4,8,2.0,0.25,True,5000
DM-12-03-06-02,DM-12-03-06-02,RESIDENTIAL,PVC,1.15,00:00,02:00,0.5,4,8,2.0,0.25,True,5000
DM-12-03-07-01,DM-12-03-07-01,RESIDENTIAL,PVC,1.15,21:15,23:15,0.5,4,8,2.0,0.25,True,5000
DM-12-03-08-01,DM-12-03-08-01,RESIDENTIAL,PVC,1.15,02:00,04:00,0.5,4,8,2.0,0.25,True,5000
DM-12-03-08-02,DM-12-03-08-02,RESIDENTIAL,PVC,1.15,22:00,00:00,0.5,4,8,2.0,0.25,True,5000
DM-12-03-09-01,DM-12-03-09-01,RESIDENTIAL,PVC,1.15,17:45,19:45,0.5,4,8,2.0,0.25,True,5000
DM-12-03-09-02,DM-12-03-09-02,RESIDENTIAL,PVC,1.15,00:00,02:00,0.5,4,8,2.0,0.25,True,5000
DM-12-03-10-01,DM-12-03-10-01,RESIDENTIAL,PVC,1.15,23:00,01:00,0.5,4,8,2.0,0.25,True,5000
DM-12-03-11-01,DM-12-03-11-01,RESIDENTIAL,PVC,1.15,23:15,01:15,0.5,4,8,2.0,0.25,True,5000
DM-12-04-01-01,DM-12-04-01-01,RESIDENTIAL,PVC,1.15,02:30,04:30,0.5,4,8,2.0,0.25,True,5000
DM-12-04-01-02,DM-12-04-01-02,RESIDENTIAL,PVC,1.15,00:00,02:00,0.5,4,8,2.0,0.25,True,5000
DM-12-04-02-01,DM-12-04-02-01,RESIDENTIAL,PVC,1.15,00:00,02:00,0.5,4,8,2.0,0.25,True,5000
DM-12-04-02-02,DM-12-04-02-02,RESIDENTIAL,PVC,1.15,02:00,04:00,0.5,4,8,2.0,0.25,True,5000
DM-12-04-02-03,DM-12-04-02-03,RESIDENTIAL,PVC,1.15,00:00,02:00,0.5,4,8,2.0,0.25,True,5000
DM-12-04-03-01,DM-12-04-03-01,RESIDENTIAL,PVC,1.15,02:15,04:15,0.5,4,8,2.0,0.25,True,5000
DM-12-04-03-02,DM-12-04-03-02,RESIDENTIAL,PVC,1.15,01:15,03:15,0.5,4,8,2.0,0.25,True,5000
DM-12-04-03-03,DM-12-04-03-03,RESIDENTIAL,PVC,1.15,02:00,04:00,0.5,4,8,2.0,0.25,True,5000
DM-12-04-04-01,DM-12-04-04-01,RESIDENTIAL,PVC,1.15,00:00,02:00,0.5,4,8,2.0,0.25,True,5000
DM-12-04-04-02,DM-12-04-04-02,RESIDENTIAL,PVC,1.15,00:00,02:00,0.5,4,8,2.0,0.25,True,5000
DM-12-04-04-03,DM-12-04-04-03,RESIDENTIAL,PVC,1.15,23:15,01:15,0.5,4,8,2.0,0.25,True,5000
DM-12-04-05-01,DM-12-04-05-01,RESIDENTIAL,PVC,1.15,02:30,04:30,0.5,4,8,2.0,0.25,True,5000
DM-12-04-05-02,DM-12-04-05-02,RESIDENTIAL,PVC,1.15,02:00,04:00,0.5,4,8,2.0,0.25,True,5000
DM-12-04-06-01,DM-12-04-06-01,RESIDENTIAL,PVC,1.15,00:00,02:00,0.5,4,8,2.0,0.25,True,5000
DM-12-04-06-02,DM-12-04-06-02,RESIDENTIAL,PVC,1.15,00:00,02:00,0.5,4,8,2.0,0.25,True,5000
DM-12-04-06-03,DM-12-04-06-03,RESIDENTIAL,PVC,1.15,20:45,22:45,0.5,4,8,2.0,0.25,True,5000
DM-12-04-07-01,DM-12-04-07-01,RESIDENTIAL,PVC,1.15,02:45,04:45,0.5,4,8,2.0,0.25,True,5000
DM-12-04-07-02,DM-12-04-07-02,RESIDENTIAL,PVC,1.15,20:45,22:45,0.5,4,8,2.0,0.25,True,5000
DM-12-04-08-01,DM-12-04-08-01,RESIDENTIAL,PVC,1.15,02:15,04:15,0.5,4,8,2.0,0.25,True,5000
DM-12-04-09-01,DM-12-04-09-01,RESIDENTIAL,PVC,1.15,21:45,23:45,0.5,4,8,2.0,0.25,True,5000
DM-12-05-01-01,DM-12-05-01-01,RESIDENTIAL,PVC,1.15,02:15,04:15,0.5,4,8,2.0,0.25,True,5000
DM-12-05-02-01,DM-12-05-02-01,RESIDENTIAL,PVC,1.15,22:15,00:15,0.5,4,8,2.0,0.25,True,5000
DM-12-05-03-01,DM-12-05-03-01,RESIDENTIAL,PVC,1.15,23:45,01:45,0.5,4,8,2.0,0.25,True,5000
DM-12-05-04-01,DM-12-05-04-01,RESIDENTIAL,PVC,1.15,23:30,01:30,0.5,4,8,2.0,0.25,True,5000
DM-12-05-05-01,DM-12-05-05-01,RESIDENTIAL,PVC,1.15,00:00,02:00,0.5,4,8,2.0,0.25,True,5000
DM-12-05-05-02,DM-12-05-05-02,RESIDENTIAL,PVC,1.15,03:15,05:15,0.5,4,8,2.0,0.25,True,5000
DM-12-05-05-03,DM-12-05-05-03,RESIDENTIAL,PVC,1.15,02:15,04:15,0.5,4,8,2.0,0.25,True,5000
DM-12-05-06-02,DM-12-05-06-02,RESIDENTIAL,PVC,1.15,19:30,21:30,0.5,4,8,2.0,0.25,True,5000
DM-12-05-07-01,DM-12-05-07-01,RESIDENTIAL,PVC,1.15,22:15,00:15,0.5,4,8,2.0,0.25,True,5000
DM-12-05-08-01,DM-12-05-08-01,RESIDENTIAL,PVC,1.15,00:00,02:00,0.5,4,8,2.0,0.25,True,5000
DM-12-05-08-02,DM-12-05-08-02,RESIDENTIAL,PVC,1.15,00:00,02:00,0.5,4,8,2.0,0.25,True,5000
DM-12-05-09-01,DM-12-05-09-01,RESIDENTIAL,PVC,1.15,20:15,22:15,0.5,4,8,2.0,0.25,True,5000
DM-12-05-09-02,DM-12-05-09-02,RESIDENTIAL,PVC,1.15,02:30,04:30,0.5,4,8,2.0,0.25,True,5000
DM-12-05-10-01,DM-12-05-10-01,RESIDENTIAL,PVC,1.15,23:30,01:30,0.5,4,8,2.0,0.25,True,5000
DM-12-06-01-01,DM-12-06-01-01,RESIDENTIAL,PVC,1.15,23:45,01:45,0.5,4,8,2.0,0.25,True,5000
DM-12-06-01-02,DM-12-06-01-02,RESIDENTIAL,PVC,1.15,16:45,18:45,0.5,4,8,2.0,0.25,True,5000
DM-12-06-02-01,DM-12-06-02-01,RESIDENTIAL,PVC,1.15,01:30,03:30,0.5,4,8,2.0,0.25,True,5000
DM-12-06-02-02,DM-12-06-02-02,RESIDENTIAL,PVC,1.15,01:45,03:45,0.5,4,8,2.0,0.25,True,5000
DM-12-06-02-03,DM-12-06-02-03,RESIDENTIAL,PVC,1.15,01:15,03:15,0.5,4,8,2.0,0.25,True,5000
DM-12-06-03-01,DM-12-06-03-01,RESIDENTIAL,PVC,1.15,00:00,02:00,0.5,4,8,2.0,0.25,True,5000
DM-12-06-03-02,DM-12-06-03-02,RESIDENTIAL,PVC,1.15,02:00,04:00,0.5,4,8,2.0,0.25,True,5000
DM-12-06-04-01,DM-12-06-04-01,RESIDENTIAL,PVC,1.15,00:45,02:45,0.5,4,8,2.0,0.25,True,5000
DM-12-06-05-01,DM-12-06-05-01,RESIDENTIAL,PVC,1.15,14:00,16:00,0.5,4,8,2.0,0.25,True,5000
DM-12-06-06-01,DM-12-06-06-01,RESIDENTIAL,PVC,1.15,00:00,02:00,0.5,4,8,2.0,0.25,True,5000
DM-12-06-07-01,DM-12-06-07-01,RESIDENTIAL,PVC,1.15,23:00,01:00,0.5,4,8,2.0,0.25,True,5000
DM-12-06-07-02,DM-12-06-07-02,RESIDENTIAL,PVC,1.15,00:00,02:00,0.5,4,8,2.0,0.25,True,5000
DM-12-06-08-01,DM-12-06-08-01,RESIDENTIAL,PVC,1.15,18:00,20:00,0.5,4,8,2.0,0.25,True,5000
DM-12-06-09-01,DM-12-06-09-01,RESIDENTIAL,PVC,1.15,02:30,04:30,0.5,4,8,2.0,0.25,True,5000
DM-12-06-10-01,DM-12-06-10-01,RESIDENTIAL,PVC,1.15,00:00,02:00,0.5,4,8,2.0,0.25,True,5000
DM-12-06-11-01,DM-12-06-11-01,RESIDENTIAL,PVC,1.15,02:45,04:45,0.5,4,8,2.0,0.25,True,5000
DM-12-07-01-01,DM-12-07-01-01,RESIDENTIAL,PVC,1.15,00:00,02:00,0.5,4,8,2.0,0.25,True,5000
DM-12-07-01-02,DM-12-07-01-02,RESIDENTIAL,PVC,1.15,00:00,02:00,0.5,4,8,2.0,0.25,True,5000
DM-12-07-02-01,DM-12-07-02-01,RESIDENTIAL,PVC,1.15,00:00,02:00,0.5,4,8,2.0,0.25,True,5000
DM-12-07-02-03,DM-12-07-02-03,RESIDENTIAL,PVC,1.15,00:00,02:00,0.5,4,8,2.0,0.25,True,5000
DM-12-07-03-01,DM-12-07-03-01,RESIDENTIAL,PVC,1.15,00:00,02:00,0.5,4,8,2.0,0.25,True,5000
DM-12-07-03-02,DM-12-07-03-02,RESIDENTIAL,PVC,1.15,02:00,04:00,0.5,4,8,2.0,0.25,True,5000
DM-12-07-03-03,DM-12-07-03-03,RESIDENTIAL,PVC,1.15,23:45,01:45,0.5,4,8,2.0,0.25,True,5000
DM-12-07-04-01,DM-12-07-04-01,RESIDENTIAL,PVC,1.15,02:15,04:15,0.5,4,8,2.0,0.25,True,5000
DM-12-07-04-02,DM-12-07-04-02,RESIDENTIAL,PVC,1.15,02:45,04:45,0.5,4,8,2.0,0.25,True,5000
DM-12-07-05-01,DM-12-07-05-01,RESIDENTIAL,PVC,1.15,21:30,23:30,0.5,4,8,2.0,0.25,True,5000
DM-12-07-06-01,DM-12-07-06-01,RESIDENTIAL,PVC,1.15,14:00,16:00,0.5,4,8,2.0,0.25,True,5000
DM-12-07-07-01,DM-12-07-07-01,RESIDENTIAL,PVC,1.15,00:00,02:00,0.5,4,8,2.0,0.25,True,5000
DM-12-07-08-01,DM-12-07-08-01,RESIDENTIAL,PVC,1.15,22:30,00:30,0.5,4,8,2.0,0.25,True,5000
DM-12-07-09-01,DM-12-07-09-01,RESIDENTIAL,PVC,1.15,23:15,01:15,0.5,4,8,2.0,0.25,True,5000
DM-12-07-10-01,DM-12-07-10-01,RESIDENTIAL,PVC,1.15,00:00,02:00,0.5,4,8,2.0,0.25,True,5000
DM-13-01-01-01,DM-13-01-01-01,RESIDENTIAL,PVC,1.15,02:15,04:15,0.5,4,8,2.0,0.25,True,5000
DM-13-01-01-02,DM-13-01-01-02,RESIDENTIAL,PVC,1.15,02:30,04:30,0.5,4,8,2.0,0.25,True,5000
DM-13-01-02-01,DM-13-01-02-01,RESIDENTIAL,PVC,1.15,00:00,02:00,0.5,4,8,2.0,0.25,True,5000
DM-13-01-03-01,DM-13-01-03-01,RESIDENTIAL,PVC,1.15,02:15,04:15,0.5,4,8,2.0,0.25,True,5000
DM-13-01-03-02,DM-13-01-03-02,RESIDENTIAL,PVC,1.15,02:15,04:15,0.5,4,8,2.0,0.25,True,5000
DM-13-01-03-03,DM-13-01-03-03,RESIDENTIAL,PVC,1.15,01:15,03:15,0.5,4,8,2.0,0.25,True,5000
DM-13-01-04-01,DM-13-01-04-01,RESIDENTIAL,PVC,1.15,02:15,04:15,0.5,4,8,2.0,0.25,True,5000
DM-13-01-04-02,DM-13-01-04-02,RESIDENTIAL,PVC,1.15,02:15,04:15,0.5,4,8,2.0,0.25,True,5000
DM-13-01-05-01,DM-13-01-05-01,RESIDENTIAL,PVC,1.15,05:30,07:30,0.5,4,8,2.0,0.25,True,5000
DM-13-01-05-02,DM-13-01-05-02,RESIDENTIAL,PVC,1.15,23:15,01:15,0.5,4,8,2.0,0.25,True,5000
DM-13-01-06-01,DM-13-01-06-01,RESIDENTIAL,PVC,1.15,02:00,04:00,0.5,4,8,2.0,0.25,True,5000
DM-13-01-06-02,DM-13-01-06-02,RESIDENTIAL,PVC,1.15,02:15,04:15,0.5,4,8,2.0,0.25,True,5000
DM-13-01-07-01,DM-13-01-07-01,RESIDENTIAL,PVC,1.15,02:45,04:45,0.5,4,8,2.0,0.25,True,5000
DM-13-01-07-02,DM-13-01-07-02,RESIDENTIAL,PVC,1.15,00:15,02:15,0.5,4,8,2.0,0.25,True,5000
DM-13-02-01-02,DM-13-02-01-02,RESIDENTIAL,PVC,1.15,03:30,05:30,0.5,4,8,2.0,0.25,True,5000
DM-13-02-01-03,DM-13-02-01-03,RESIDENTIAL,PVC,1.15,02:15,04:15,0.5,4,8,2.0,0.25,True,5000
DM-13-02-02-01,DM-13-02-02-01,RESIDENTIAL,PVC,1.15,12:45,14:45,0.5,4,8,2.0,0.25,True,5000
DM-13-02-03-01,DM-13-02-03-01,RESIDENTIAL,PVC,1.15,02:15,04:15,0.5,4,8,2.0,0.25,True,5000
DM-13-02-03-02,DM-13-02-03-02,RESIDENTIAL,PVC,1.15,02:00,04:00,0.5,4,8,2.0,0.25,True,5000
DM-13-02-04-01,DM-13-02-04-01,RESIDENTIAL,PVC,1.15,02:30,04:30,0.5,4,8,2.0,0.25,True,5000
DM-13-02-04-02,DM-13-02-04-02,RESIDENTIAL,PVC,1.15,04:00,06:00,0.5,4,8,2.0,0.25,True,5000
DM-13-02-04-03,DM-13-02-04-03,RESIDENTIAL,PVC,1.15,02:15,04:15,0.5,4,8,2.0,0.25,True,5000
DM-13-02-04-04,DM-13-02-04-04,RESIDENTIAL,PVC,1.15,16:45,18:45,0.5,4,8,2.0,0.25,True,5000
DM-13-02-04-05,DM-13-02-04-05,RESIDENTIAL,PVC,1.15,02:00,04:00,0.5,4,8,2.0,0.25,True,5000
DM-13-02-05-02,DM-13-02-05-02,RESIDENTIAL,PVC,1.15,13:00,15:00,0.5,4,8,2.0,0.25,True,5000
DM-13-02-06-01,DM-13-02-06-01,RESIDENTIAL,PVC,1.15,02:15,04:15,0.5,4,8,2.0,0.25,True,5000
DM-13-02-06-04,DM-13-02-06-04,RESIDENTIAL,PVC,1.15,01:45,03:45,0.5,4,8,2.0,0.25,True,5000
DM-13-02-07-01,DM-13-02-07-01,RESIDENTIAL,PVC,1.15,02:15,04:15,0.5,4,8,2.0,0.25,True,5000
DM-13-02-07-02,DM-13-02-07-02,RESIDENTIAL,PVC,1.15,02:15,04:15,0.5,4,8,2.0,0.25,True,5000
DM-13-02-08-01,DM-13-02-08-01,RESIDENTIAL,PVC,1.15,16:30,18:30,0.5,4,8,2.0,0.25,True,5000
DM-13-02-08-02,DM-13-02-08-02,RESIDENTIAL,PVC,1.15,02:00,04:00,0.5,4,8,2.0,0.25,True,5000
DM-13-03-01-01,DM-13-03-01-01,RESIDENTIAL,PVC,1.15,02:00,04:00,0.5,4,8,2.0,0.25,True,5000
DM-13-03-01-03,DM-13-03-01-03,RESIDENTIAL,PVC,1.15,02:00,04:00,0.5,4,8,2.0,0.25,True,5000
DM-13-03-02-01,DM-13-03-02-01,RESIDENTIAL,PVC,1.15,01:45,03:45,0.5,4,8,2.0,0.25,True,5000
DM-13-03-02-02,DM-13-03-02-02,RESIDENTIAL,PVC,1.15,00:15,02:15,0.5,4,8,2.0,0.25,True,5000
DM-13-03-02-03,DM-13-03-02-03,RESIDENTIAL,PVC,1.15,00:45,02:45,0.5,4,8,2.0,0.25,True,5000
DM-13-03-02-04,DM-13-03-02-04,RESIDENTIAL,PVC,1.15,01:45,03:45,0.5,4,8,2.0,0.25,True,5000
DM-13-03-02-05,DM-13-03-02-05,RESIDENTIAL,PVC,1.15,03:15,05:15,0.5,4,8,2.0,0.25,True,5000
DM-13-03-03-01,DM-13-03-03-01,RESIDENTIAL,PVC,1.15,01:00,03:00,0.5,4,8,2.0,0.25,True,5000
DM-13-03-03-02,DM-13-03-03-02,RESIDENTIAL,PVC,1.15,04:30,06:30,0.5,4,8,2.0,0.25,True,5000
DM-13-03-03-03,DM-13-03-03-03,RESIDENTIAL,PVC,1.15,00:00,02:00,0.5,4,8,2.0,0.25,True,5000
DM-13-03-03-04,DM-13-03-03-04,RESIDENTIAL,PVC,1.15,02:00,04:00,0.5,4,8,2.0,0.25,True,5000
DM-13-03-03-05,DM-13-03-03-05,RESIDENTIAL,PVC,1.15,02:00,04:00,0.5,4,8,2.0,0.25,True,5000
DM-13-03-04-01,DM-13-03-04-01,RESIDENTIAL,PVC,1.15,13:15,15:15,0.5,4,8,2.0,0.25,True,5000
DM-13-03-04-02,DM-13-03-04-02,RESIDENTIAL,PVC,1.15,23:30,01:30,0.5,4,8,2.0,0.25,True,5000
DM-13-03-04-03,DM-13-03-04-03,RESIDENTIAL,PVC,1.15,01:15,03:15,0.5,4,8,2.0,0.25,True,5000
DM-13-03-05-01,DM-13-03-05-01,RESIDENTIAL,PVC,1.15,02:15,04:15,0.5,4,8,2.0,0.25,True,5000
DM-13-03-06-01,DM-13-03-06-01,RESIDENTIAL,PVC,1.15,12:15,14:15,0.5,4,8,2.0,0.25,True,5000
DM-13-03-06-02,DM-13-03-06-02,RESIDENTIAL,PVC,1.15,00:30,02:30,0.5,4,8,2.0,0.25,True,5000
DM-13-03-06-03,DM-13-03-06-03,RESIDENTIAL,PVC,1.15,22:45,00:45,0.5,4,8,2.0,0.25,True,5000
DM-13-03-07-01,DM-13-03-07-01,RESIDENTIAL,PVC,1.15,01:45,03:45,0.5,4,8,2.0,0.25,True,5000
DM-13-03-07-02,DM-13-03-07-02,RESIDENTIAL,PVC,1.15,03:15,05:15,0.5,4,8,2.0,0.25,True,5000
DM-13-03-07-03,DM-13-03-07-03,RESIDENTIAL,PVC,1.15,06:15,08:15,0.5,4,8,2.0,0.25,True,5000
DM-13-03-08-01,DM-13-03-08-01,RESIDENTIAL,PVC,1.15,01:15,03:15,0.5,4,8,2.0,0.25,True,5000
DM-13-03-09-01,DM-13-03-09-01,RESIDENTIAL,PVC,1.15,01:00,03:00,0.5,4,8,2.0,0.25,True,5000
DM-13-03-09-02,DM-13-03-09-02,RESIDENTIAL,PVC,1.15,02:15,04:15,0.5,4,8,2.0,0.25,True,5000
DM-13-03-10-01,DM-13-03-10-01,RESIDENTIAL,PVC,1.15,01:45,03:45,0.5,4,8,2.0,0.25,True,5000
DM-13-04-01-01,DM-13-04-01-01,RESIDENTIAL,PVC,1.15,02:30,04:30,0.5,4,8,2.0,0.25,True,5000
DM-13-04-01-03,DM-13-04-01-03,RESIDENTIAL,PVC,1.15,23:45,01:45,0.5,4,8,2.0,0.25,True,5000
DM-13-04-01-04,DM-13-04-01-04,RESIDENTIAL,PVC,1.15,02:45,04:45,0.5,4,8,2.0,0.25,True,5000
DM-13-04-02-01,DM-13-04-02-01,RESIDENTIAL,PVC,1.15,02:15,04:15,0.5,4,8,2.0,0.25,True,5000
DM-13-04-02-02,DM-13-04-02-02,RESIDENTIAL,PVC,1.15,00:45,02:45,0.5,4,8,2.0,0.25,True,5000
DM-13-04-03-01,DM-13-04-03-01,RESIDENTIAL,PVC,1.15,02:15,04:15,0.5,4,8,2.0,0.25,True,5000
DM-13-04-04-01,DM-13-04-04-01,RESIDENTIAL,PVC,1.15,02:15,04:15,0.5,4,8,2.0,0.25,True,5000
DM-13-04-04-02,DM-13-04-04-02,RESIDENTIAL,PVC,1.15,02:30,04:30,0.5,4,8,2.0,0.25,True,5000
DM-13-04-05-01,DM-13-04-05-01,RESIDENTIAL,PVC,1.15,02:15,04:15,0.5,4,8,2.0,0.25,True,5000
DM-13-04-05-02,DM-13-04-05-02,RESIDENTIAL,PVC,1.15,04:45,06:45,0.5,4,8,2.0,0.25,True,5000
DM-13-04-06-01,DM-13-04-06-01,RESIDENTIAL,PVC,1.15,16:15,18:15,0.5,4,8,2.0,0.25,True,5000
DM-13-04-06-02,DM-13-04-06-02,RESIDENTIAL,PVC,1.15,02:30,04:30,0.5,4,8,2.0,0.25,True,5000
DM-13-04-06-03,DM-13-04-06-03,RESIDENTIAL,PVC,1.15,02:15,04:15,0.5,4,8,2.0,0.25,True,5000
DM-13-04-07-01,DM-13-04-07-01,RESIDENTIAL,PVC,1.15,03:15,05:15,0.5,4,8,2.0,0.25,True,5000
DM-13-04-07-02,DM-13-04-07-02,RESIDENTIAL,PVC,1.15,00:00,02:00,0.5,4,8,2.0,0.25,True,5000
DM-13-04-07-03,DM-13-04-07-03,RESIDENTIAL,PVC,1.15,01:00,03:00,0.5,4,8,2.0,0.25,True,5000
DM-13-04-07-04,DM-13-04-07-04,RESIDENTIAL,PVC,1.15,00:00,02:00,0.5,4,8,2.0,0.25,True,5000
DM-13-04-07-05,DM-13-04-07-05,RESIDENTIAL,PVC,1.15,02:30,04:30,0.5,4,8,2.0,0.25,True,5000
DM-13-04-08-01,DM-13-04-08-01,RESIDENTIAL,PVC,1.15,02:45,04:45,0.5,4,8,2.0,0.25,True,5000
DM-13-04-08-02,DM-13-04-08-02,RESIDENTIAL,PVC,1.15,02:45,04:45,0.5,4,8,2.0,0.25,True,5000
DM-13-04-08-03,DM-13-04-08-03,RESIDENTIAL,PVC,1.15,02:45,04:45,0.5,4,8,2.0,0.25,True,5000
DM-13-04-09-01,DM-13-04-09-01,RESIDENTIAL,PVC,1.15,02:15,04:15,0.5,4,8,2.0,0.25,True,5000
DM-13-04-09-02,DM-13-04-09-02,RESIDENTIAL,PVC,1.15,00:00,02:00,0.5,4,8,2.0,0.25,True,5000
DM-13-04-09-03,DM-13-04-09-03,RESIDENTIAL,PVC,1.15,01:15,03:15,0.5,4,8,2.0,0.25,True,5000
DM-13-05-01-01,DM-13-05-01-01,RESIDENTIAL,PVC,1.15,02:45,04:45,0.5,4,8,2.0,0.25,True,5000
DM-13-05-01-03,DM-13-05-01-03,RESIDENTIAL,PVC,1.15,02:30,04:30,0.5,4,8,2.0,0.25,True,5000
DM-13-05-02-01,DM-13-05-02-01,RESIDENTIAL,PVC,1.15,00:45,02:45,0.5,4,8,2.0,0.25,True,5000
DM-13-05-02-02,DM-13-05-02-02,RESIDENTIAL,PVC,1.15,01:45,03:45,0.5,4,8,2.0,0.25,True,5000
DM-13-05-02-03,DM-13-05-02-03,RESIDENTIAL,PVC,1.15,00:00,02:00,0.5,4,8,2.0,0.25,True,5000
DM-13-05-03-01,DM-13-05-03-01,RESIDENTIAL,PVC,1.15,02:30,04:30,0.5,4,8,2.0,0.25,True,5000
DM-13-05-03-02,DM-13-05-03-02,RESIDENTIAL,PVC,1.15,02:30,04:30,0.5,4,8,2.0,0.25,True,5000
DM-13-05-04-01,DM-13-05-04-01,RESIDENTIAL,PVC,1.15,21:00,23:00,0.5,4,8,2.0,0.25,True,5000
DM-13-05-04-03,DM-13-05-04-03,RESIDENTIAL,PVC,1.15,01:45,03:45,0.5,4,8,2.0,0.25,True,5000
DM-13-05-04-04,DM-13-05-04-04,RESIDENTIAL,PVC,1.15,02:00,04:00,0.5,4,8,2.0,0.25,True,5000
DM-13-05-05-01,DM-13-05-05-01,RESIDENTIAL,PVC,1.15,00:15,02:15,0.5,4,8,2.0,0.25,True,5000
DM-13-05-05-02,DM-13-05-05-02,RESIDENTIAL,PVC,1.15,02:45,04:45,0.5,4,8,2.0,0.25,True,5000
DM-13-05-06-01,DM-13-05-06-01,RESIDENTIAL,PVC,1.15,01:00,03:00,0.5,4,8,2.0,0.25,True,5000
DM-13-05-06-02,DM-13-05-06-02,RESIDENTIAL,PVC,1.15,01:45,03:45,0.5,4,8,2.0,0.25,True,5000
DM-13-05-07-01,DM-13-05-07-01,RESIDENTIAL,PVC,1.15,01:45,03:45,0.5,4,8,2.0,0.25,True,5000
DM-13-05-07-02,DM-13-05-07-02,RESIDENTIAL,PVC,1.15,02:30,04:30,0.5,4,8,2.0,0.25,True,5000
DM-13-05-08-01,DM-13-05-08-01,RESIDENTIAL,PVC,1.15,02:30,04:30,0.5,4,8,2.0,0.25,True,5000
DM-13-05-08-02,DM-13-05-08-02,RESIDENTIAL,PVC,1.15,02:00,04:00,0.5,4,8,2.0,0.25,True,5000
DM-13-05-08-03,DM-13-05-08-03,RESIDENTIAL,PVC,1.15,00:00,02:00,0.5,4,8,2.0,0.25,True,5000
DM-13-05-09-01,DM-13-05-09-01,RESIDENTIAL,PVC,1.15,02:30,04:30,0.5,4,8,2.0,0.25,True,5000
DM-13-05-09-02,DM-13-05-09-02,RESIDENTIAL,PVC,1.15,03:00,05:00,0.5,4,8,2.0,0.25,True,5000
DM-13-05-09-03,DM-13-05-09-03,RESIDENTIAL,PVC,1.15,03:00,05:00,0.5,4,8,2.0,0.25,True,5000
DM-13-05-10-01,DM-13-05-10-01,RESIDENTIAL,PVC,1.15,03:15,05:15,0.5,4,8,2.0,0.25,True,5000
DM-13-05-10-02,DM-13-05-10-02,RESIDENTIAL,PVC,1.15,04:00,06:00,0.5,4,8,2.0,0.25,True,5000
DM-13-05-10-03,DM-13-05-10-03,RESIDENTIAL,PVC,1.15,03:15,05:15,0.5,4,8,2.0,0.25,True,5000
DM-13-05-11-01,DM-13-05-11-01,RESIDENTIAL,PVC,1.15,00:30,02:30,0.5,4,8,2.0,0.25,True,5000
DM-13-05-11-02,DM-13-05-11-02,RESIDENTIAL,PVC,1.15,00:30,02:30,0.5,4,8,2.0,0.25,True,5000
DM-13-05-12-01,DM-13-05-12-01,RESIDENTIAL,PVC,1.15,00:00,02:00,0.5,4,8,2.0,0.25,True,5000
DM-13-05-13-01,DM-13-05-13-01,RESIDENTIAL,PVC,1.15,01:30,03:30,0.5,4,8,2.0,0.25,True,5000
DM-13-06-01-01,DM-13-06-01-01,RESIDENTIAL,PVC,1.15,02:45,04:45,0.5,4,8,2.0,0.25,True,5000
DM-13-06-01-02,DM-13-06-01-02,RESIDENTIAL,PVC,1.15,04:00,06:00,0.5,4,8,2.0,0.25,True,5000
DM-13-06-01-03,DM-13-06-01-03,RESIDENTIAL,PVC,1.15,00:45,02:45,0.5,4,8,2.0,0.25,True,5000
DM-13-06-01-04,DM-13-06-01-04,RESIDENTIAL,PVC,1.15,02:45,04:45,0.5,4,8,2.0,0.25,True,5000
DM-13-06-01-05,DM-13-06-01-05,RESIDENTIAL,PVC,1.15,02:15,04:15,0.5,4,8,2.0,0.25,True,5000
DM-13-06-02-01,DM-13-06-02-01,RESIDENTIAL,PVC,1.15,00:00,02:00,0.5,4,8,2.0,0.25,True,5000
DM-13-06-02-03,DM-13-06-02-03,RESIDENTIAL,PVC,1.15,00:30,02:30,0.5,4,8,2.0,0.25,True,5000
DM-13-06-03-01,DM-13-06-03-01,RESIDENTIAL,PVC,1.15,02:00,04:00,0.5,4,8,2.0,0.25,True,5000
DM-13-06-03-02,DM-13-06-03-02,RESIDENTIAL,PVC,1.15,00:00,02:00,0.5,4,8,2.0,0.25,True,5000
DM-13-06-03-03,DM-13-06-03-03,RESIDENTIAL,PVC,1.15,02:00,04:00,0.5,4,8,2.0,0.25,True,5000
DM-13-06-03-04,DM-13-06-03-04,RESIDENTIAL,PVC,1.15,00:00,02:00,0.5,4,8,2.0,0.25,True,5000
DM-13-06-04-01,DM-13-06-04-01,RESIDENTIAL,PVC,1.15,22:15,00:15,0.5,4,8,2.0,0.25,True,5000
DM-13-06-04-02,DM-13-06-04-02,RESIDENTIAL,PVC,1.15,02:00,04:00,0.5,4,8,2.0,0.25,True,5000
DM-13-06-04-03,DM-13-06-04-03,RESIDENTIAL,PVC,1.15,02:00,04:00,0.5,4,8,2.0,0.25,True,5000
DM-13-06-05-01,DM-13-06-05-01,RESIDENTIAL,PVC,1.15,07:00,09:00,0.5,4,8,2.0,0.25,True,5000
DM-13-06-05-02,DM-13-06-05-02,RESIDENTIAL,PVC,1.15,00:00,02:00,0.5,4,8,2.0,0.25,True,5000
DM-13-06-05-03,DM-13-06-05-03,RESIDENTIAL,PVC,1.15,02:30,04:30,0.5,4,8,2.0,0.25,True,5000
DM-13-07-01-01,DM-13-07-01-01,RESIDENTIAL,PVC,1.15,01:30,03:30,0.5,4,8,2.0,0.25,True,5000
DM-13-07-01-02,DM-13-07-01-02,RESIDENTIAL,PVC,1.15,01:45,03:45,0.5,4,8,2.0,0.25,True,5000
DM-13-07-01-03,DM-13-07-01-03,RESIDENTIAL,PVC,1.15,02:30,04:30,0.5,4,8,2.0,0.25,True,5000
DM-13-07-01-04,DM-13-07-01-04,RESIDENTIAL,PVC,1.15,02:30,04:30,0.5,4,8,2.0,0.25,True,5000
DM-13-07-02-01,DM-13-07-02-01,RESIDENTIAL,PVC,1.15,02:15,04:15,0.5,4,8,2.0,0.25,True,5000
DM-13-07-02-02,DM-13-07-02-02,RESIDENTIAL,PVC,1.15,00:00,02:00,0.5,4,8,2.0,0.25,True,5000
DM-13-07-03-01,DM-13-07-03-01,RESIDENTIAL,PVC,1.15,02:00,04:00,0.5,4,8,2.0,0.25,True,5000
DM-13-07-03-02,DM-13-07-03-02,RESIDENTIAL,PVC,1.15,02:15,04:15,0.5,4,8,2.0,0.25,True,5000
DM-13-07-03-03,DM-13-07-03-03,RESIDENTIAL,PVC,1.15,00:15,02:15,0.5,4,8,2.0,0.25,True,5000
DM-13-07-04-01,DM-13-07-04-01,RESIDENTIAL,PVC,1.15,02:15,04:15,0.5,4,8,2.0,0.25,True,5000
DM-13-07-04-02,DM-13-07-04-02,RESIDENTIAL,PVC,1.15,00:45,02:45,0.5,4,8,2.0,0.25,True,5000
DM-13-07-04-03,DM-13-07-04-03,RESIDENTIAL,PVC,1.15,02:00,04:00,0.5,4,8,2.0,0.25,True,5000
DM-13-07-04-04,DM-13-07-04-04,RESIDENTIAL,PVC,1.15,02:00,04:00,0.5,4,8,2.0,0.25,True,5000
DM-13-07-05-01,DM-13-07-05-01,RESIDENTIAL,PVC,1.15,02:15,04:15,0.5,4,8,2.0,0.25,True,5000
DM-13-07-05-02,DM-13-07-05-02,RESIDENTIAL,PVC,1.15,02:15,04:15,0.5,4,8,2.0,0.25,True,5000
DM-13-07-05-03,DM-13-07-05-03,RESIDENTIAL,PVC,1.15,02:15,04:15,0.5,4,8,2.0,0.25,True,5000
DM-13-07-06-01,DM-13-07-06-01,RESIDENTIAL,PVC,1.15,02:00,04:00,0.5,4,8,2.0,0.25,True,5000
DM-13-07-06-02,DM-13-07-06-02,RESIDENTIAL,PVC,1.15,01:00,03:00,0.5,4,8,2.0,0.25,True,5000
DM-13-07-06-03,DM-13-07-06-03,RESIDENTIAL,PVC,1.15,01:00,03:00,0.5,4,8,2.0,0.25,True,5000
DM-13-07-07-01,DM-13-07-07-01,RESIDENTIAL,PVC,1.15,02:15,04:15,0.5,4,8,2.0,0.25,True,5000
DM-13-07-07-02,DM-13-07-07-02,RESIDENTIAL,PVC,1.15,01:00,03:00,0.5,4,8,2.0,0.25,True,5000
DM-13-07-07-03,DM-13-07-07-03,RESIDENTIAL,PVC,1.15,02:00,04:00,0.5,4,8,2.0,0.25,True,5000
DM-13-07-07-04,DM-13-07-07-04,RESIDENTIAL,PVC,1.15,01:30,03:30,0.5,4,8,2.0,0.25,True,5000
DM-13-07-07-05,DM-13-07-07-05,RESIDENTIAL,PVC,1.15,01:00,03:00,0.5,4,8,2.0,0.25,True,5000
DM-13-07-07-06,DM-13-07-07-06,RESIDENTIAL,PVC,1.15,01:30,03:30,0.5,4,8,2.0,0.25,True,5000
DM-14-05-01-02,DM-14-05-01-02,RESIDENTIAL,PVC,1.15,02:00,04:00,0.5,4,8,2.0,0.25,True,5000
DM-14-05-02-01,DM-14-05-02-01,RESIDENTIAL,PVC,1.15,01:45,03:45,0.5,4,8,2.0,0.25,True,5000
DM-14-05-03-01,DM-14-05-03-01,RESIDENTIAL,PVC,1.15,22:45,00:45,0.5,4,8,2.0,0.25,True,5000
DM-14-05-05-01,DM-14-05-05-01,RESIDENTIAL,PVC,1.15,02:00,04:00,0.5,4,8,2.0,0.25,True,5000
DM-14-05-06-01,DM-14-05-06-01,RESIDENTIAL,PVC,1.15,01:15,03:15,0.5,4,8,2.0,0.25,True,5000
DM-14-05-06-02,DM-14-05-06-02,RESIDENTIAL,PVC,1.15,01:15,03:15,0.5,4,8,2.0,0.25,True,5000
DM-14-05-07-01,DM-14-05-07-01,RESIDENTIAL,PVC,1.15,02:00,04:00,0.5,4,8,2.0,0.25,True,5000
DM-14-06-01-01,DM-14-06-01-01,RESIDENTIAL,PVC,1.15,01:45,03:45,0.5,4,8,2.0,0.25,True,5000
DM-14-06-01-02,DM-14-06-01-02,RESIDENTIAL,PVC,1.15,01:15,03:15,0.5,4,8,2.0,0.25,True,5000
DM-14-06-02-02,DM-14-06-02-02,RESIDENTIAL,PVC,1.15,01:15,03:15,0.5,4,8,2.0,0.25,True,5000
DM-14-06-03-01,DM-14-06-03-01,RESIDENTIAL,PVC,1.15,01:15,03:15,0.5,4,8,2.0,0.25,True,5000
DM-14-06-04-01,DM-14-06-04-01,RESIDENTIAL,PVC,1.15,21:30,23:30,0.5,4,8,2.0,0.25,True,5000
DM-14-06-04-02,DM-14-06-04-02,RESIDENTIAL,PVC,1.15,01:15,03:15,0.5,4,8,2.0,0.25,True,5000
DM-14-06-04-03,DM-14-06-04-03,RESIDENTIAL,PVC,1.15,01:30,03:30,0.5,4,8,2.0,0.25,True,5000
DM-14-06-04-04,DM-14-06-04-04,RESIDENTIAL,PVC,1.15,01:30,03:30,0.5,4,8,2.0,0.25,True,5000
DM-14-06-05-01,DM-14-06-05-01,RESIDENTIAL,PVC,1.15,21:15,23:15,0.5,4,8,2.0,0.25,True,5000
DM-14-06-06-01,DM-14-06-06-01,RESIDENTIAL,PVC,1.15,00:00,02:00,0.5,4,8,2.0,0.25,True,5000
DM-14-06-06-02,DM-14-06-06-02,RESIDENTIAL,PVC,1.15,01:15,03:15,0.5,4,8,2.0,0.25,True,5000
DM-14-07-01-01,DM-14-07-01-01,RESIDENTIAL,PVC,1.15,00:00,02:00,0.5,4,8,2.0,0.25,True,5000
DM-14-07-01-02,DM-14-07-01-02,RESIDENTIAL,PVC,1.15,01:45,03:45,0.5,4,8,2.0,0.25,True,5000
DM-14-07-01-03,DM-14-07-01-03,RESIDENTIAL,PVC,1.15,00:00,02:00,0.5,4,8,2.0,0.25,True,5000
DM-14-07-02-01,DM-14-07-02-01,RESIDENTIAL,PVC,1.15,22:45,00:45,0.5,4,8,2.0,0.25,True,5000
DM-14-07-02-02,DM-14-07-02-02,RESIDENTIAL,PVC,1.15,14:15,16:15,0.5,4,8,2.0,0.25,True,5000
DM-14-07-03-01,DM-14-07-03-01,RESIDENTIAL,PVC,1.15,02:15,04:15,0.5,4,8,2.0,0.25,True,5000
DM-14-07-03-02,DM-14-07-03-02,RESIDENTIAL,PVC,1.15,15:00,17:00,0.5,4,8,2.0,0.25,True,5000
DM-14-07-03-03,DM-14-07-03-03,RESIDENTIAL,PVC,1.15,08:45,10:45,0.5,4,8,2.0,0.25,True,5000
DM-14-07-03-04,DM-14-07-03-04,RESIDENTIAL,PVC,1.15,21:30,23:30,0.5,4,8,2.0,0.25,True,5000
DM-14-07-04-01,DM-14-07-04-01,RESIDENTIAL,PVC,1.15,21:30,23:30,0.5,4,8,2.0,0.25,True,5000
DM-14-07-05-01,DM-14-07-05-01,RESIDENTIAL,PVC,1.15,01:15,03:15,0.5,4,8,2.0,0.25,True,5000
DM-14-07-06-01,DM-14-07-06-01,RESIDENTIAL,PVC,1.15,00:00,02:00,0.5,4,8,2.0,0.25,True,5000
DM-14-07-06-02,DM-14-07-06-02,RESIDENTIAL,PVC,1.15,18:00,20:00,0.5,4,8,2.0,0.25,True,5000
DM-14-07-07-01,DM-14-07-07-01,RESIDENTIAL,PVC,1.15,01:15,03:15,0.5,4,8,2.0,0.25,True,5000
DM-14-07-07-02,DM-14-07-07-02,RESIDENTIAL,PVC,1.15,01:15,03:15,0.5,4,8,2.0,0.25,True,5000
DM-14-07-08-01,DM-14-07-08-01,RESIDENTIAL,PVC,1.15,00:00,02:00,0.5,4,8,2.0,0.25,True,5000
DM-14-07-10-01,DM-14-07-10-01,RESIDENTIAL,PVC,1.15,01:00,03:00,0.5,4,8,2.0,0.25,True,5000
DM-14-09-01-01,DM-14-09-01-01,RESIDENTIAL,PVC,1.15,21:45,23:45,0.5,4,8,2.0,0.25,True,5000
DM-14-09-02-01,DM-14-09-02-01,RESIDENTIAL,PVC,1.15,01:30,03:30,0.5,4,8,2.0,0.25,True,5000
DM-14-09-02-02,DM-14-09-02-02,RESIDENTIAL,PVC,1.15,02:00,04:00,0.5,4,8,2.0,0.25,True,5000
DM-14-09-02-03,DM-14-09-02-03,RESIDENTIAL,PVC,1.15,20:30,22:30,0.5,4,8,2.0,0.25,True,5000
DM-14-09-02-04,DM-14-09-02-04,RESIDENTIAL,PVC,1.15,01:30,03:30,0.5,4,8,2.0,0.25,True,5000
DM-14-09-03-01,DM-14-09-03-01,RESIDENTIAL,PVC,1.15,01:45,03:45,0.5,4,8,2.0,0.25,True,5000
DM-14-10-01-01,DM-14-10-01-01,RESIDENTIAL,PVC,1.15,01:45,03:45,0.5,4,8,2.0,0.25,True,5000
DM-14-10-02-01,DM-14-10-02-01,RESIDENTIAL,PVC,1.15,02:00,04:00,0.5,4,8,2.0,0.25,True,5000
DM-14-10-03-01,DM-14-10-03-01,RESIDENTIAL,PVC,1.15,02:15,04:15,0.5,4,8,2.0,0.25,True,5000
DM-14-10-03-02,DM-14-10-03-02,RESIDENTIAL,PVC,1.15,02:00,04:00,0.5,4,8,2.0,0.25,True,5000
DM-14-10-04-02,DM-14-10-04-02,RESIDENTIAL,PVC,1.15,23:00,01:00,0.5,4,8,2.0,0.25,True,5000
DM-14-10-05-01,DM-14-10-05-01,RESIDENTIAL,PVC,1.15,02:30,04:30,0.5,4,8,2.0,0.25,True,5000
DM-14-10-05-02,DM-14-10-05-02,RESIDENTIAL,PVC,1.15,01:30,03:30,0.5,4,8,2.0,0.25,True,5000
DM-14-10-06-01,DM-14-10-06-01,RESIDENTIAL,PVC,1.15,00:00,02:00,0.5,4,8,2.0,0.25,True,5000
DM-14-10-07-01,DM-14-10-07-01,RESIDENTIAL,PVC,1.15,23:30,01:30,0.5,4,8,2.0,0.25,True,5000
DM-14-10-07-02,DM-14-10-07-02,RESIDENTIAL,PVC,1.15,01:30,03:30,0.5,4,8,2.0,0.25,True,5000
DM-14-11-01-01,DM-14-11-01-01,RESIDENTIAL,PVC,1.15,14:15,16:15,0.5,4,8,2.0,0.25,True,5000
DM-14-11-01-02,DM-14-11-01-02,RESIDENTIAL,PVC,1.15,00:00,02:00,0.5,4,8,2.0,0.25,True,5000
DM-14-11-02-01,DM-14-11-02-01,RESIDENTIAL,PVC,1.15,00:00,02:00,0.5,4,8,2.0,0.25,True,5000
DM-14-11-02-02,DM-14-11-02-02,RESIDENTIAL,PVC,1.15,00:00,02:00,0.5,4,8,2.0,0.25,True,5000
DM-14-11-03-01,DM-14-11-03-01,RESIDENTIAL,PVC,1.15,22:00,00:00,0.5,4,8,2.0,0.25,True,5000
DM-14-11-03-02,DM-14-11-03-02,RESIDENTIAL,PVC,1.15,17:30,19:30,0.5,4,8,2.0,0.25,True,5000
DM-14-11-03-03,DM-14-11-03-03,RESIDENTIAL,PVC,1.15,14:15,16:15,0.5,4,8,2.0,0.25,True,5000
DM-14-11-03-04,DM-14-11-03-04,RESIDENTIAL,PVC,1.15,01:15,03:15,0.5,4,8,2.0,0.25,True,5000
DM-14-11-03-05,DM-14-11-03-05,RESIDENTIAL,PVC,1.15,02:00,04:00,0.5,4,8,2.0,0.25,True,5000
DM-14-11-04-01,DM-14-11-04-01,RESIDENTIAL,PVC,1.15,00:00,02:00,0.5,4,8,2.0,0.25,True,5000
DM-14-11-04-02,DM-14-11-04-02,RESIDENTIAL,PVC,1.15,03:15,05:15,0.5,4,8,2.0,0.25,True,5000
DM-14-11-04-03,DM-14-11-04-03,RESIDENTIAL,PVC,1.15,01:30,03:30,0.5,4,8,2.0,0.25,True,5000
DM-14-11-04-04,DM-14-11-04-04,RESIDENTIAL,PVC,1.15,00:00,02:00,0.5,4,8,2.0,0.25,True,5000
DM-14-11-05-01,DM-14-11-05-01,RESIDENTIAL,PVC,1.15,00:00,02:00,0.5,4,8,2.0,0.25,True,5000
DM-14-11-05-02,DM-14-11-05-02,RESIDENTIAL,PVC,1.15,00:00,02:00,0.5,4,8,2.0,0.25,True,5000
DM-14-11-06-01,DM-14-11-06-01,RESIDENTIAL,PVC,1.15,11:00,13:00,0.5,4,8,2.0,0.25,True,5000
DM-14-11-06-02,DM-14-11-06-02,RESIDENTIAL,PVC,1.15,00:00,02:00,0.5,4,8,2.0,0.25,True,5000
DM-14-11-06-03,DM-14-11-06-03,RESIDENTIAL,PVC,1.15,00:00,02:00,0.5,4,8,2.0,0.25,True,5000
DM-14-11-06-04,DM-14-11-06-04,RESIDENTIAL,PVC,1.15,01:00,03:00,0.5,4,8,2.0,0.25,True,5000
DM-14-11-07-01,DM-14-11-07-01,RESIDENTIAL,PVC,1.15,06:30,08:30,0.5,4,8,2.0,0.25,True,5000
DM-14-11-07-02,DM-14-11-07-02,RESIDENTIAL,PVC,1.15,02:00,04:00,0.5,4,8,2.0,0.25,True,5000
DM-14-11-07-03,DM-14-11-07-03,RESIDENTIAL,PVC,1.15,14:00,16:00,0.5,4,8,2.0,0.25,True,5000
DM-14-11-07-04,DM-14-11-07-04,RESIDENTIAL,PVC,1.15,00:00,02:00,0.5,4,8,2.0,0.25,True,5000
DM-14-11-07-05,DM-14-11-07-05,RESIDENTIAL,PVC,1.15,19:45,21:45,0.5,4,8,2.0,0.25,True,5000
DM-14-11-08-01,DM-14-11-08-01,RESIDENTIAL,PVC,1.15,00:00,02:00,0.5,4,8,2.0,0.25,True,5000
DM-14-11-08-02,DM-14-11-08-02,RESIDENTIAL,PVC,1.15,00:00,02:00,0.5,4,8,2.0,0.25,True,5000
DM-14-11-08-03,DM-14-11-08-03,RESIDENTIAL,PVC,1.15,01:00,03:00,0.5,4,8,2.0,0.25,True,5000
DM-14-11-08-04,DM-14-11-08-04,RESIDENTIAL,PVC,1.15,01:00,03:00,0.5,4,8,2.0,0.25,True,5000
DM-14-11-08-05,DM-14-11-08-05,RESIDENTIAL,PVC,1.15,01:15,03:15,0.5,4,8,2.0,0.25,True,5000
DM-14-11-09-01,DM-14-11-09-01,RESIDENTIAL,PVC,1.15,10:30,12:30,0.5,4,8,2.0,0.25,True,5000
DM-14-11-10-01,DM-14-11-10-01,RESIDENTIAL,PVC,1.15,00:00,02:00,0.5,4,8,2.0,0.25,True,5000
DM-14-11-11-01,DM-14-11-11-01,RESIDENTIAL,PVC,1.15,00:00,02:00,0.5,4,8,2.0,0.25,True,5000
DM-14-11-11-02,DM-14-11-11-02,RESIDENTIAL,PVC,1.15,00:00,02:00,0.5,4,8,2.0,0.25,True,5000
DM-14-11-12-01,DM-14-11-12-01,RESIDENTIAL,PVC,1.15,00:00,02:00,0.5,4,8,2.0,0.25,True,5000
DM-14-11-16-01,DM-14-11-16-01,RESIDENTIAL,PVC,1.15,04:45,06:45,0.5,4,8,2.0,0.25,True,5000
DM-14-11-17-01,DM-14-11-17-01,RESIDENTIAL,PVC,1.15,00:00,02:00,0.5,4,8,2.0,0.25,True,5000
DM-14-11-18-01,DM-14-11-18-01,RESIDENTIAL,PVC,1.15,02:15,04:15,0.5,4,8,2.0,0.25,True,5000
DM-14-17-01-01,DM-14-17-01-01,RESIDENTIAL,PVC,1.15,01:30,03:30,0.5,4,8,2.0,0.25,True,5000
DM-14-17-01-02,DM-14-17-01-02,RESIDENTIAL,PVC,1.15,00:00,02:00,0.5,4,8,2.0,0.25,True,5000
DM-14-17-02-01,DM-14-17-02-01,RESIDENTIAL,PVC,1.15,01:30,03:30,0.5,4,8,2.0,0.25,True,5000
DM-14-17-02-02,DM-14-17-02-02,RESIDENTIAL,PVC,1.15,22:15,00:15,0.5,4,8,2.0,0.25,True,5000
DM-14-17-03-01,DM-14-17-03-01,RESIDENTIAL,PVC,1.15,01:45,03:45,0.5,4,8,2.0,0.25,True,5000
DM-14-17-03-02,DM-14-17-03-02,RESIDENTIAL,PVC,1.15,22:00,00:00,0.5,4,8,2.0,0.25,True,5000
DM-14-17-04-01,DM-14-17-04-01,RESIDENTIAL,PVC,1.15,01:15,03:15,0.5,4,8,2.0,0.25,True,5000
DM-14-17-04-02,DM-14-17-04-02,RESIDENTIAL,PVC,1.15,01:30,03:30,0.5,4,8,2.0,0.25,True,5000
DM-14-17-05-01,DM-14-17-05-01,RESIDENTIAL,PVC,1.15,01:30,03:30,0.5,4,8,2.0,0.25,True,5000
DM-14-17-06-01,DM-14-17-06-01,RESIDENTIAL,PVC,1.15,01:30,03:30,0.5,4,8,2.0,0.25,True,5000
DM-14-18-01-01,DM-14-18-01-01,RESIDENTIAL,PVC,1.15,00:15,02:15,0.5,4,8,2.0,0.25,True,5000
DM-14-18-01-02,DM-14-18-01-02,RESIDENTIAL,PVC,1.15,00:15,02:15,0.5,4,8,2.0,0.25,True,5000
DM-14-18-02-01,DM-14-18-02-01,RESIDENTIAL,PVC,1.15,00:45,02:45,0.5,4,8,2.0,0.25,True,5000
DM-14-18-02-02,DM-14-18-02-02,RESIDENTIAL,PVC,1.15,21:15,23:15,0.5,4,8,2.0,0.25,True,5000
DM-14-18-02-04,DM-14-18-02-04,RESIDENTIAL,PVC,1.15,23:00,01:00,0.5,4,8,2.0,0.25,True,5000
DM-14-18-03-01,DM-14-18-03-01,RESIDENTIAL,PVC,1.15,01:30,03:30,0.5,4,8,2.0,0.25,True,5000
DM-14-18-04-01,DM-14-18-04-01,RESIDENTIAL,PVC,1.15,00:00,02:00,0.5,4,8,2.0,0.25,True,5000
DM-14-18-04-02,DM-14-18-04-02,RESIDENTIAL,PVC,1.15,01:15,03:15,0.5,4,8,2.0,0.25,True,5000
DM-14-18-04-03,DM-14-18-04-03,RESIDENTIAL,PVC,1.15,21:30,23:30,0.5,4,8,2.0,0.25,True,5000
DM-14-18-05-01,DM-14-18-05-01,RESIDENTIAL,PVC,1.15,02:00,04:00,0.5,4,8,2.0,0.25,True,5000
DM-14-18-05-02,DM-14-18-05-02,RESIDENTIAL,PVC,1.15,00:00,02:00,0.5,4,8,2.0,0.25,True,5000
DM-14-18-06-01,DM-14-18-06-01,RESIDENTIAL,PVC,1.15,02:00,04:00,0.5,4,8,2.0,0.25,True,5000
DM-14-18-06-02,DM-14-18-06-02,RESIDENTIAL,PVC,1.15,00:00,02:00,0.5,4,8,2.0,0.25,True,5000
DM-15-01-01-01,DM-15-01-01-01,RESIDENTIAL,PVC,1.15,00:00,02:00,0.5,4,8,2.0,0.25,True,5000
DM-15-01-02-01,DM-15-01-02-01,RESIDENTIAL,PVC,1.15,02:15,04:15,0.5,4,8,2.0,0.25,True,5000
DM-15-01-03-01,DM-15-01-03-01,RESIDENTIAL,PVC,1.15,01:45,03:45,0.5,4,8,2.0,0.25,True,5000
DM-15-01-04-01,DM-15-01-04-01,RESIDENTIAL,PVC,1.15,01:45,03:45,0.5,4,8,2.0,0.25,True,5000
DM-15-01-04-02,DM-15-01-04-02,RESIDENTIAL,PVC,1.15,00:00,02:00,0.5,4,8,2.0,0.25,True,5000
DM-15-01-05-01,DM-15-01-05-01,RESIDENTIAL,PVC,1.15,23:30,01:30,0.5,4,8,2.0,0.25,True,5000
DM-15-01-05-02,DM-15-01-05-02,RESIDENTIAL,PVC,1.15,19:00,21:00,0.5,4,8,2.0,0.25,True,5000
DM-15-01-06-01,DM-15-01-06-01,RESIDENTIAL,PVC,1.15,02:30,04:30,0.5,4,8,2.0,0.25,True,5000
DM-15-01-07-01,DM-15-01-07-01,RESIDENTIAL,PVC,1.15,01:00,03:00,0.5,4,8,2.0,0.25,True,5000
DM-15-02-01-01,DM-15-02-01-01,RESIDENTIAL,PVC,1.15,22:15,00:15,0.5,4,8,2.0,0.25,True,5000
DM-15-02-02-01,DM-15-02-02-01,RESIDENTIAL,PVC,1.15,00:15,02:15,0.5,4,8,2.0,0.25,True,5000
DM-15-02-03-01,DM-15-02-03-01,RESIDENTIAL,PVC,1.15,23:00,01:00,0.5,4,8,2.0,0.25,True,5000
DM-15-02-04-01,DM-15-02-04-01,RESIDENTIAL,PVC,1.15,02:15,04:15,0.5,4,8,2.0,0.25,True,5000
DM-15-02-05-01,DM-15-02-05-01,RESIDENTIAL,PVC,1.15,02:15,04:15,0.5,4,8,2.0,0.25,True,5000
DM-15-02-06-01,DM-15-02-06-01,RESIDENTIAL,PVC,1.15,01:45,03:45,0.5,4,8,2.0,0.25,True,5000
DM-15-03-01-01,DM-15-03-01-01,RESIDENTIAL,PVC,1.15,21:45,23:45,0.5,4,8,2.0,0.25,True,5000
DM-15-03-02-01,DM-15-03-02-01,RESIDENTIAL,PVC,1.15,00:00,02:00,0.5,4,8,2.0,0.25,True,5000
DM-15-03-03-01,DM-15-03-03-01,RESIDENTIAL,PVC,1.15,02:45,04:45,0.5,4,8,2.0,0.25,True,5000
DM-15-03-04-01,DM-15-03-04-01,RESIDENTIAL,PVC,1.15,23:15,01:15,0.5,4,8,2.0,0.25,True,5000
DM-15-03-05-01,DM-15-03-05-01,RESIDENTIAL,PVC,1.15,02:15,04:15,0.5,4,8,2.0,0.25,True,5000
DM-15-03-06-01,DM-15-03-06-01,RESIDENTIAL,PVC,1.15,23:30,01:30,0.5,4,8,2.0,0.25,True,5000
DM-15-03-07-01,DM-15-03-07-01,RESIDENTIAL,PVC,1.15,00:00,02:00,0.5,4,8,2.0,0.25,True,5000
DM-15-04-01-01,DM-15-04-01-01,RESIDENTIAL,PVC,1.15,21:45,23:45,0.5,4,8,2.0,0.25,True,5000
DM-15-04-02-01,DM-15-04-02-01,RESIDENTIAL,PVC,1.15,20:45,22:45,0.5,4,8,2.0,0.25,True,5000
DM-15-04-02-02,DM-15-04-02-02,RESIDENTIAL,PVC,1.15,01:15,03:15,0.5,4,8,2.0,0.25,True,5000
DM-15-04-03-01,DM-15-04-03-01,RESIDENTIAL,PVC,1.15,01:15,03:15,0.5,4,8,2.0,0.25,True,5000
DM-15-04-04-01,DM-15-04-04-01,RESIDENTIAL,PVC,1.15,01:30,03:30,0.5,4,8,2.0,0.25,True,5000
DM-15-04-04-02,DM-15-04-04-02,RESIDENTIAL,PVC,1.15,00:30,02:30,0.5,4,8,2.0,0.25,True,5000
DM-15-04-05-01,DM-15-04-05-01,RESIDENTIAL,PVC,1.15,02:15,04:15,0.5,4,8,2.0,0.25,True,5000
DM-15-05-01-01,DM-15-05-01-01,RESIDENTIAL,PVC,1.15,01:00,03:00,0.5,4,8,2.0,0.25,True,5000
DM-15-05-02-01,DM-15-05-02-01,RESIDENTIAL,PVC,1.15,01:30,03:30,0.5,4,8,2.0,0.25,True,5000
DM-15-05-03-01,DM-15-05-03-01,RESIDENTIAL,PVC,1.15,02:15,04:15,0.5,4,8,2.0,0.25,True,5000
DM-15-05-04-01,DM-15-05-04-01,RESIDENTIAL,PVC,1.15,01:45,03:45,0.5,4,8,2.0,0.25,True,5000
DM-15-05-05-01,DM-15-05-05-01,RESIDENTIAL,PVC,1.15,02:30,04:30,0.5,4,8,2.0,0.25,True,5000
DM-15-05-07-01,DM-15-05-07-01,RESIDENTIAL,PVC,1.15,00:00,02:00,0.5,4,8,2.0,0.25,True,5000
DM-15-05-08-01,DM-15-05-08-01,RESIDENTIAL,PVC,1.15,00:00,02:00,0.5,4,8,2.0,0.25,True,5000
DM-15-05-09-01,DM-15-05-09-01,RESIDENTIAL,PVC,1.15,01:45,03:45,0.5,4,8,2.0,0.25,True,5000
DM-15-06-01-01,DM-15-06-01-01,RESIDENTIAL,PVC,1.15,00:30,02:30,0.5,4,8,2.0,0.25,True,5000
DM-15-06-02-01,DM-15-06-02-01,RESIDENTIAL,PVC,1.15,02:15,04:15,0.5,4,8,2.0,0.25,True,5000
DM-15-06-02-02,DM-15-06-02-02,RESIDENTIAL,PVC,1.15,00:00,02:00,0.5,4,8,2.0,0.25,True,5000
DM-15-06-03-01,DM-15-06-03-01,RESIDENTIAL,PVC,1.15,01:15,03:15,0.5,4,8,2.0,0.25,True,5000
DM-15-06-04-01,DM-15-06-04-01,RESIDENTIAL,PVC,1.15,02:00,04:00,0.5,4,8,2.0,0.25,True,5000
DM-15-06-05-01,DM-15-06-05-01,RESIDENTIAL,PVC,1.15,02:00,04:00,0.5,4,8,2.0,0.25,True,5000
DM-15-07-01-01,DM-15-07-01-01,RESIDENTIAL,PVC,1.15,01:30,03:30,0.5,4,8,2.0,0.25,True,5000
DM-15-07-02-01,DM-15-07-02-01,RESIDENTIAL,PVC,1.15,01:45,03:45,0.5,4,8,2.0,0.25,True,5000
DM-15-07-03-01,DM-15-07-03-01,RESIDENTIAL,PVC,1.15,01:45,03:45,0.5,4,8,2.0,0.25,True,5000
DM-15-07-04-01,DM-15-07-04-01,RESIDENTIAL,PVC,1.15,02:15,04:15,0.5,4,8,2.0,0.25,True,5000
DM-15-07-05-01,DM-15-07-05-01,RESIDENTIAL,PVC,1.15,02:00,04:00,0.5,4,8,2.0,0.25,True,5000
DM-15-07-06-01,DM-15-07-06-01,RESIDENTIAL,PVC,1.15,05:15,07:15,0.5,4,8,2.0,0.25,True,5000
DM-15-07-07-01,DM-15-07-07-01,RESIDENTIAL,PVC,1.15,02:15,04:15,0.5,4,8,2.0,0.25,True,5000
DM-15-08-01-01,DM-15-08-01-01,RESIDENTIAL,PVC,1.15,23:45,01:45,0.5,4,8,2.0,0.25,True,5000
DM-15-08-01-02,DM-15-08-01-02,RESIDENTIAL,PVC,1.15,01:45,03:45,0.5,4,8,2.0,0.25,True,5000
DM-15-08-02-01,DM-15-08-02-01,RESIDENTIAL,PVC,1.15,00:00,02:00,0.5,4,8,2.0,0.25,True,5000
DM-15-08-03-01,DM-15-08-03-01,RESIDENTIAL,PVC,1.15,21:30,23:30,0.5,4,8,2.0,0.25,True,5000
DM-15-08-04-01,DM-15-08-04-01,RESIDENTIAL,PVC,1.15,21:00,23:00,0.5,4,8,2.0,0.25,True,5000
DM-15-08-05-01,DM-15-08-05-01,RESIDENTIAL,PVC,1.15,02:00,04:00,0.5,4,8,2.0,0.25,True,5000
DM-15-08-06-01,DM-15-08-06-01,RESIDENTIAL,PVC,1.15,00:00,02:00,0.5,4,8,2.0,0.25,True,5000
DM-15-08-06-02,DM-15-08-06-02,RESIDENTIAL,PVC,1.15,20:00,22:00,0.5,4,8,2.0,0.25,True,5000
DM-15-08-06-03,DM-15-08-06-03,RESIDENTIAL,PVC,1.15,01:15,03:15,0.5,4,8,2.0,0.25,True,5000
DM-15-08-07-01,DM-15-08-07-01,RESIDENTIAL,PVC,1.15,02:15,04:15,0.5,4,8,2.0,0.25,True,5000
DM-15-09-01-01,DM-15-09-01-01,RESIDENTIAL,PVC,1.15,02:15,04:15,0.5,4,8,2.0,0.25,True,5000
DM-15-09-01-02,DM-15-09-01-02,RESIDENTIAL,PVC,1.15,20:45,22:45,0.5,4,8,2.0,0.25,True,5000
DM-15-09-02-01,DM-15-09-02-01,RESIDENTIAL,PVC,1.15,12:45,14:45,0.5,4,8,2.0,0.25,True,5000
DM-15-09-02-02,DM-15-09-02-02,RESIDENTIAL,PVC,1.15,00:45,02:45,0.5,4,8,2.0,0.25,True,5000
DM-15-09-03-01,DM-15-09-03-01,RESIDENTIAL,PVC,1.15,00:00,02:00,0.5,4,8,2.0,0.25,True,5000
DM-15-09-03-02,DM-15-09-03-02,RESIDENTIAL,PVC,1.15,02:15,04:15,0.5,4,8,2.0,0.25,True,5000
DM-15-09-05-01,DM-15-09-05-01,RESIDENTIAL,PVC,1.15,02:00,04:00,0.5,4,8,2.0,0.25,True,5000
DM-15-09-05-02,DM-15-09-05-02,RESIDENTIAL,PVC,1.15,00:00,02:00,0.5,4,8,2.0,0.25,True,5000
DM-15-09-05-03,DM-15-09-05-03,RESIDENTIAL,PVC,1.15,22:15,00:15,0.5,4,8,2.0,0.25,True,5000
DM-15-09-06-01,DM-15-09-06-01,RESIDENTIAL,PVC,1.15,00:15,02:15,0.5,4,8,2.0,0.25,True,5000
DM-15-09-07-01,DM-15-09-07-01,RESIDENTIAL,PVC,1.15,00:15,02:15,0.5,4,8,2.0,0.25,True,5000
DM-16-02-01-01,DM-16-02-01-01,RESIDENTIAL,PVC,1.15,22:00,00:00,0.5,4,8,2.0,0.25,True,5000
DM-16-02-01-02,DM-16-02-01-02,RESIDENTIAL,PVC,1.15,01:45,03:45,0.5,4,8,2.0,0.25,True,5000
DM-16-02-02-01,DM-16-02-02-01,RESIDENTIAL,PVC,1.15,02:30,04:30,0.5,4,8,2.0,0.25,True,5000
DM-16-02-02-02,DM-16-02-02-02,RESIDENTIAL,PVC,1.15,01:15,03:15,0.5,4,8,2.0,0.25,True,5000
DM-16-02-03-01,DM-16-02-03-01,RESIDENTIAL,PVC,1.15,03:00,05:00,0.5,4,8,2.0,0.25,True,5000
DM-16-02-03-02,DM-16-02-03-02,RESIDENTIAL,PVC,1.15,14:30,16:30,0.5,4,8,2.0,0.25,True,5000
DM-16-02-04-01,DM-16-02-04-01,RESIDENTIAL,PVC,1.15,02:15,04:15,0.5,4,8,2.0,0.25,True,5000
DM-16-02-04-02,DM-16-02-04-02,RESIDENTIAL,PVC,1.15,02:00,04:00,0.5,4,8,2.0,0.25,True,5000
DM-16-02-05-01,DM-16-02-05-01,RESIDENTIAL,PVC,1.15,18:45,20:45,0.5,4,8,2.0,0.25,True,5000
DM-16-02-06-01,DM-16-02-06-01,RESIDENTIAL,PVC,1.15,02:00,04:00,0.5,4,8,2.0,0.25,True,5000
DM-16-03-01-01,DM-16-03-01-01,RESIDENTIAL,PVC,1.15,00:00,02:00,0.5,4,8,2.0,0.25,True,5000
DM-16-03-02-01,DM-16-03-02-01,RESIDENTIAL,PVC,1.15,04:45,06:45,0.5,4,8,2.0,0.25,True,5000
DM-16-03-02-02,DM-16-03-02-02,RESIDENTIAL,PVC,1.15,18:00,20:00,0.5,4,8,2.0,0.25,True,5000
DM-16-03-03-01,DM-16-03-03-01,RESIDENTIAL,PVC,1.15,23:15,01:15,0.5,4,8,2.0,0.25,True,5000
DM-16-03-04-01,DM-16-03-04-01,RESIDENTIAL,PVC,1.15,02:00,04:00,0.5,4,8,2.0,0.25,True,5000
DM-16-03-05-01,DM-16-03-05-01,RESIDENTIAL,PVC,1.15,02:30,04:30,0.5,4,8,2.0,0.25,True,5000
DM-16-03-05-02,DM-16-03-05-02,RESIDENTIAL,PVC,1.15,00:00,02:00,0.5,4,8,2.0,0.25,True,5000
DM-16-03-06-01,DM-16-03-06-01,RESIDENTIAL,PVC,1.15,04:30,06:30,0.5,4,8,2.0,0.25,True,5000
DM-16-03-07-01,DM-16-03-07-01,RESIDENTIAL,PVC,1.15,01:45,03:45,0.5,4,8,2.0,0.25,True,5000
DM-16-03-08-01,DM-16-03-08-01,RESIDENTIAL,PVC,1.15,02:15,04:15,0.5,4,8,2.0,0.25,True,5000
DM-16-04-01-01,DM-16-04-01-01,RESIDENTIAL,PVC,1.15,01:45,03:45,0.5,4,8,2.0,0.25,True,5000
DM-16-04-02-01,DM-16-04-02-01,RESIDENTIAL,PVC,1.15,02:15,04:15,0.5,4,8,2.0,0.25,True,5000
DM-16-04-03-01,DM-16-04-03-01,RESIDENTIAL,PVC,1.15,02:30,04:30,0.5,4,8,2.0,0.25,True,5000
DM-16-04-03-02,DM-16-04-03-02,RESIDENTIAL,PVC,1.15,23:30,01:30,0.5,4,8,2.0,0.25,True,5000
DM-16-04-04-01,DM-16-04-04-01,RESIDENTIAL,PVC,1.15,02:15,04:15,0.5,4,8,2.0,0.25,True,5000
DM-16-04-05-01,DM-16-04-05-01,RESIDENTIAL,PVC,1.15,18:45,20:45,0.5,4,8,2.0,0.25,True,5000
DM-16-04-05-02,DM-16-04-05-02,RESIDENTIAL,PVC,1.15,02:30,04:30,0.5,4,8,2.0,0.25,True,5000
DM-16-04-06-01,DM-16-04-06-01,RESIDENTIAL,PVC,1.15,22:00,00:00,0.5,4,8,2.0,0.25,True,5000
DM-16-04-07-01,DM-16-04-07-01,RESIDENTIAL,PVC,1.15,02:00,04:00,0.5,4,8,2.0,0.25,True,5000
DM-16-05-01-01,DM-16-05-01-01,RESIDENTIAL,PVC,1.15,02:30,04:30,0.5,4,8,2.0,0.25,True,5000
DM-16-05-02-01,DM-16-05-02-01,RESIDENTIAL,PVC,1.15,19:30,21:30,0.5,4,8,2.0,0.25,True,5000
DM-16-05-02-02,DM-16-05-02-02,RESIDENTIAL,PVC,1.15,19:15,21:15,0.5,4,8,2.0,0.25,True,5000
DM-16-05-03-01,DM-16-05-03-01,RESIDENTIAL,PVC,1.15,02:15,04:15,0.5,4,8,2.0,0.25,True,5000
DM-16-05-03-02,DM-16-05-03-02,RESIDENTIAL,PVC,1.15,02:30,04:30,0.5,4,8,2.0,0.25,True,5000
DM-16-05-04-01,DM-16-05-04-01,RESIDENTIAL,PVC,1.15,02:00,04:00,0.5,4,8,2.0,0.25,True,5000
DM-16-05-05-01,DM-16-05-05-01,RESIDENTIAL,PVC,1.15,01:30,03:30,0.5,4,8,2.0,0.25,True,5000
DM-16-06-01-01,DM-16-06-01-01,RESIDENTIAL,PVC,1.15,22:45,00:45,0.5,4,8,2.0,0.25,True,5000
DM-16-06-01-02,DM-16-06-01-02,RESIDENTIAL,PVC,1.15,22:15,00:15,0.5,4,8,2.0,0.25,True,5000
DM-16-06-02-01,DM-16-06-02-01,RESIDENTIAL,PVC,1.15,20:30,22:30,0.5,4,8,2.0,0.25,True,5000
DM-16-06-03-01,DM-16-06-03-01,RESIDENTIAL,PVC,1.15,01:45,03:45,0.5,4,8,2.0,0.25,True,5000
DM-16-06-03-02,DM-16-06-03-02,RESIDENTIAL,PVC,1.15,03:45,05:45,0.5,4,8,2.0,0.25,True,5000
DM-16-06-04-01,DM-16-06-04-01,RESIDENTIAL,PVC,1.15,02:30,04:30,0.5,4,8,2.0,0.25,True,5000
DM-16-06-04-02,DM-16-06-04-02,RESIDENTIAL,PVC,1.15,01:30,03:30,0.5,4,8,2.0,0.25,True,5000
DM-16-06-04-03,DM-16-06-04-03,RESIDENTIAL,PVC,1.15,02:30,04:30,0.5,4,8,2.0,0.25,True,5000
DM-16-06-05-01,DM-16-06-05-01,RESIDENTIAL,PVC,1.15,02:15,04:15,0.5,4,8,2.0,0.25,True,5000
DM-16-06-05-02,DM-16-06-05-02,RESIDENTIAL,PVC,1.15,02:00,04:00,0.5,4,8,2.0,0.25,True,5000
DM-16-07-01-01,DM-16-07-01-01,RESIDENTIAL,PVC,1.15,20:15,22:15,0.5,4,8,2.0,0.25,True,5000
DM-16-07-02-01,DM-16-07-02-01,RESIDENTIAL,PVC,1.15,23:30,01:30,0.5,4,8,2.0,0.25,True,5000
DM-16-07-03-01,DM-16-07-03-01,RESIDENTIAL,PVC,1.15,02:30,04:30,0.5,4,8,2.0,0.25,True,5000
DM-16-07-04-01,DM-16-07-04-01,RESIDENTIAL,PVC,1.15,23:30,01:30,0.5,4,8,2.0,0.25,True,5000
DM-16-07-04-02,DM-16-07-04-02,RESIDENTIAL,PVC,1.15,02:45,04:45,0.5,4,8,2.0,0.25,True,5000
DM-16-07-05-01,DM-16-07-05-01,RESIDENTIAL,PVC,1.15,00:00,02:00,0.5,4,8,2.0,0.25,True,5000
DM-16-07-06-02,DM-16-07-06-02,RESIDENTIAL,PVC,1.15,02:15,04:15,0.5,4,8,2.0,0.25,True,5000
DM-16-07-07-01,DM-16-07-07-01,RESIDENTIAL,PVC,1.15,02:15,04:15,0.5,4,8,2.0,0.25,True,5000
DM-16-07-07-02,DM-16-07-07-02,RESIDENTIAL,PVC,1.15,02:15,04:15,0.5,4,8,2.0,0.25,True,5000
DM-16-07-08-01,DM-16-07-08-01,RESIDENTIAL,PVC,1.15,02:15,04:15,0.5,4,8,2.0,0.25,True,5000
DM-16-07-08-02,DM-16-07-08-02,RESIDENTIAL,PVC,1.15,05:15,07:15,0.5,4,8,2.0,0.25,True,5000
DM-16-07-09-01,DM-16-07-09-01,RESIDENTIAL,PVC,1.15,02:00,04:00,0.5,4,8,2.0,0.25,True,5000
DM-16-08-01-01,DM-16-08-01-01,RESIDENTIAL,PVC,1.15,23:15,01:15,0.5,4,8,2.0,0.25,True,5000
DM-16-08-02-01,DM-16-08-02-01,RESIDENTIAL,PVC,1.15,02:15,04:15,0.5,4,8,2.0,0.25,True,5000
DM-16-08-02-02,DM-16-08-02-02,RESIDENTIAL,PVC,1.15,01:45,03:45,0.5,4,8,2.0,0.25,True,5000
DM-16-08-03-01,DM-16-08-03-01,RESIDENTIAL,PVC,1.15,22:15,00:15,0.5,4,8,2.0,0.25,True,5000
DM-16-08-04-01,DM-16-08-04-01,RESIDENTIAL,PVC,1.15,02:15,04:15,0.5,4,8,2.0,0.25,True,5000
DM-16-08-04-02,DM-16-08-04-02,RESIDENTIAL,PVC,1.15,01:00,03:00,0.5,4,8,2.0,0.25,True,5000
DM-17-01-02-01,DM-17-01-02-01,RESIDENTIAL,PVC,1.15,01:30,03:30,0.5,4,8,2.0,0.25,True,5000
DM-17-01-02-02,DM-17-01-02-02,RESIDENTIAL,PVC,1.15,22:45,00:45,0.5,4,8,2.0,0.25,True,5000
DM-17-01-03-01,DM-17-01-03-01,RESIDENTIAL,PVC,1.15,01:30,03:30,0.5,4,8,2.0,0.25,True,5000
DM-17-01-03-02,DM-17-01-03-02,RESIDENTIAL,PVC,1.15,00:00,02:00,0.5,4,8,2.0,0.25,True,5000
DM-17-01-04-01,DM-17-01-04-01,RESIDENTIAL,PVC,1.15,02:15,04:15,0.5,4,8,2.0,0.25,True,5000
DM-17-01-05-01,DM-17-01-05-01,RESIDENTIAL,PVC,1.15,02:00,04:00,0.5,4,8,2.0,0.25,True,5000
DM-17-01-05-02,DM-17-01-05-02,RESIDENTIAL,PVC,1.15,02:00,04:00,0.5,4,8,2.0,0.25,True,5000
DM-17-01-06-01,DM-17-01-06-01,RESIDENTIAL,PVC,1.15,01:45,03:45,0.5,4,8,2.0,0.25,True,5000
DM-17-01-06-02,DM-17-01-06-02,RESIDENTIAL,PVC,1.15,03:30,05:30,0.5,4,8,2.0,0.25,True,5000
DM-17-01-07-02,DM-17-01-07-02,RESIDENTIAL,PVC,1.15,02:00,04:00,0.5,4,8,2.0,0.25,True,5000
DM-17-01-08-01,DM-17-01-08-01,RESIDENTIAL,PVC,1.15,02:00,04:00,0.5,4,8,2.0,0.25,True,5000
DM-17-01-08-02,DM-17-01-08-02,RESIDENTIAL,PVC,1.15,01:00,03:00,0.5,4,8,2.0,0.25,True,5000
DM-17-01-08-03,DM-17-01-08-03,RESIDENTIAL,PVC,1.15,02:15,04:15,0.5,4,8,2.0,0.25,True,5000
DM-17-01-09-01,DM-17-01-09-01,RESIDENTIAL,PVC,1.15,02:15,04:15,0.5,4,8,2.0,0.25,True,5000
DM-17-01-10-01,DM-17-01-10-01,RESIDENTIAL,PVC,1.15,01:00,03:00,0.5,4,8,2.0,0.25,True,5000
DM-17-01-10-02,DM-17-01-10-02,RESIDENTIAL,PVC,1.15,02:00,04:00,0.5,4,8,2.0,0.25,True,5000
DM-17-01-11-01,DM-17-01-11-01,RESIDENTIAL,PVC,1.15,00:00,02:00,0.5,4,8,2.0,0.25,True,5000
DM-17-01-11-02,DM-17-01-11-02,RESIDENTIAL,PVC,1.15,00:00,02:00,0.5,4,8,2.0,0.25,True,5000
DM-17-01-11-03,DM-17-01-11-03,RESIDENTIAL,PVC,1.15,02:15,04:15,0.5,4,8,2.0,0.25,True,5000
DM-17-01-11-04,DM-17-01-11-04,RESIDENTIAL,PVC,1.15,09:45,11:45,0.5,4,8,2.0,0.25,True,5000
DM-17-02-02-01,DM-17-02-02-01,RESIDENTIAL,PVC,1.15,02:00,04:00,0.5,4,8,2.0,0.25,True,5000
DM-17-03-01-01,DM-17-03-01-01,RESIDENTIAL,PVC,1.15,01:30,03:30,0.5,4,8,2.0,0.25,True,5000
DM-17-03-01-02,DM-17-03-01-02,RESIDENTIAL,PVC,1.15,02:00,04:00,0.5,4,8,2.0,0.25,True,5000
DM-17-03-02-01,DM-17-03-02-01,RESIDENTIAL,PVC,1.15,02:15,04:15,0.5,4,8,2.0,0.25,True,5000
DM-17-03-03-01,DM-17-03-03-01,RESIDENTIAL,PVC,1.15,00:45,02:45,0.5,4,8,2.0,0.25,True,5000
DM-17-03-03-02,DM-17-03-03-02,RESIDENTIAL,PVC,1.15,00:00,02:00,0.5,4,8,2.0,0.25,True,5000
DM-17-03-03-03,DM-17-03-03-03,RESIDENTIAL,PVC,1.15,01:15,03:15,0.5,4,8,2.0,0.25,True,5000
DM-17-03-04-01,DM-17-03-04-01,RESIDENTIAL,PVC,1.15,01:00,03:00,0.5,4,8,2.0,0.25,True,5000
DM-17-03-04-02,DM-17-03-04-02,RESIDENTIAL,PVC,1.15,04:15,06:15,0.5,4,8,2.0,0.25,True,5000
DM-17-03-05-02,DM-17-03-05-02,RESIDENTIAL,PVC,1.15,00:45,02:45,0.5,4,8,2.0,0.25,True,5000
DM-17-03-05-03,DM-17-03-05-03,RESIDENTIAL,PVC,1.15,02:15,04:15,0.5,4,8,2.0,0.25,True,5000
DM-17-03-05-04,DM-17-03-05-04,RESIDENTIAL,PVC,1.15,02:15,04:15,0.5,4,8,2.0,0.25,True,5000
DM-17-03-06-01,DM-17-03-06-01,RESIDENTIAL,PVC,1.15,01:15,03:15,0.5,4,8,2.0,0.25,True,5000
DM-17-03-06-02,DM-17-03-06-02,RESIDENTIAL,PVC,1.15,01:15,03:15,0.5,4,8,2.0,0.25,True,5000
DM-17-03-07-01,DM-17-03-07-01,RESIDENTIAL,PVC,1.15,02:15,04:15,0.5,4,8,2.0,0.25,True,5000
DM-17-03-07-02,DM-17-03-07-02,RESIDENTIAL,PVC,1.15,01:45,03:45,0.5,4,8,2.0,0.25,True,5000
DM-17-04-01-01,DM-17-04-01-01,RESIDENTIAL,PVC,1.15,02:00,04:00,0.5,4,8,2.0,0.25,True,5000
DM-17-04-01-02,DM-17-04-01-02,RESIDENTIAL,PVC,1.15,02:15,04:15,0.5,4,8,2.0,0.25,True,5000
DM-17-04-02-01,DM-17-04-02-01,RESIDENTIAL,PVC,1.15,02:15,04:15,0.5,4,8,2.0,0.25,True,5000
DM-17-04-02-02,DM-17-04-02-02,RESIDENTIAL,PVC,1.15,02:15,04:15,0.5,4,8,2.0,0.25,True,5000
DM-17-04-03-01,DM-17-04-03-01,RESIDENTIAL,PVC,1.15,02:00,04:00,0.5,4,8,2.0,0.25,True,5000
DM-17-04-03-02,DM-17-04-03-02,RESIDENTIAL,PVC,1.15,06:30,08:30,0.5,4,8,2.0,0.25,True,5000
DM-17-04-04-01,DM-17-04-04-01,RESIDENTIAL,PVC,1.15,02:00,04:00,0.5,4,8,2.0,0.25,True,5000
DM-17-04-04-02,DM-17-04-04-02,RESIDENTIAL,PVC,1.15,02:00,04:00,0.5,4,8,2.0,0.25,True,5000
DM-17-04-05-01,DM-17-04-05-01,RESIDENTIAL,PVC,1.15,08:30,10:30,0.5,4,8,2.0,0.25,True,5000
DM-17-04-05-02,DM-17-04-05-02,RESIDENTIAL,PVC,1.15,02:00,04:00,0.5,4,8,2.0,0.25,True,5000
DM-17-04-06-01,DM-17-04-06-01,RESIDENTIAL,PVC,1.15,02:15,04:15,0.5,4,8,2.0,0.25,True,5000
DM-17-04-06-02,DM-17-04-06-02,RESIDENTIAL,PVC,1.15,02:15,04:15,0.5,4,8,2.0,0.25,True,5000
DM-17-05-01-01,DM-17-05-01-01,RESIDENTIAL,PVC,1.15,02:15,04:15,0.5,4,8,2.0,0.25,True,5000
DM-17-05-02-01,DM-17-05-02-01,RESIDENTIAL,PVC,1.15,02:00,04:00,0.5,4,8,2.0,0.25,True,5000
DM-17-05-03-01,DM-17-05-03-01,RESIDENTIAL,PVC,1.15,02:45,04:45,0.5,4,8,2.0,0.25,True,5000
DM-17-05-04-01,DM-17-05-04-01,RESIDENTIAL,PVC,1.15,02:00,04:00,0.5,4,8,2.0,0.25,True,5000
DM-17-05-05-01,DM-17-05-05-01,RESIDENTIAL,PVC,1.15,01:45,03:45,0.5,4,8,2.0,0.25,True,5000
DM-17-05-05-02,DM-17-05-05-02,RESIDENTIAL,PVC,1.15,02:00,04:00,0.5,4,8,2.0,0.25,True,5000
DM-17-05-06-01,DM-17-05-06-01,RESIDENTIAL,PVC,1.15,02:15,04:15,0.5,4,8,2.0,0.25,True,5000
DM-17-06-01-01,DM-17-06-01-01,RESIDENTIAL,PVC,1.15,01:45,03:45,0.5,4,8,2.0,0.25,True,5000
DM-17-06-01-02,DM-17-06-01-02,RESIDENTIAL,PVC,1.15,01:30,03:30,0.5,4,8,2.0,0.25,True,5000
DM-17-06-02-01,DM-17-06-02-01,RESIDENTIAL,PVC,1.15,02:15,04:15,0.5,4,8,2.0,0.25,True,5000
DM-17-06-02-02,DM-17-06-02-02,RESIDENTIAL,PVC,1.15,02:15,04:15,0.5,4,8,2.0,0.25,True,5000
DM-17-06-03-01,DM-17-06-03-01,RESIDENTIAL,PVC,1.15,00:45,02:45,0.5,4,8,2.0,0.25,True,5000
DM-17-06-04-01,DM-17-06-04-01,RESIDENTIAL,PVC,1.15,02:00,04:00,0.5,4,8,2.0,0.25,True,5000
DM-17-06-04-02,DM-17-06-04-02,RESIDENTIAL,PVC,1.15,02:00,04:00,0.5,4,8,2.0,0.25,True,5000
DM-17-06-04-03,DM-17-06-04-03,RESIDENTIAL,PVC,1.15,02:30,04:30,0.5,4,8,2.0,0.25,True,5000
DM-17-06-04-04,DM-17-06-04-04,RESIDENTIAL,PVC,1.15,16:30,18:30,0.5,4,8,2.0,0.25,True,5000
DM-17-06-05-01,DM-17-06-05-01,RESIDENTIAL,PVC,1.15,02:00,04:00,0.5,4,8,2.0,0.25,True,5000
DM-17-06-06-01,DM-17-06-06-01,RESIDENTIAL,PVC,1.15,02:00,04:00,0.5,4,8,2.0,0.25,True,5000
DM-17-06-07-01,DM-17-06-07-01,RESIDENTIAL,PVC,1.15,02:00,04:00,0.5,4,8,2.0,0.25,True,5000
DM-17-06-07-02,DM-17-06-07-02,RESIDENTIAL,PVC,1.15,01:30,03:30,0.5,4,8,2.0,0.25,True,5000
DM-17-06-08-01,DM-17-06-08-01,RESIDENTIAL,PVC,1.15,02:00,04:00,0.5,4,8,2.0,0.25,True,5000
DM-17-06-08-02,DM-17-06-08-02,RESIDENTIAL,PVC,1.15,02:15,04:15,0.5,4,8,2.0,0.25,True,5000
DM-17-07-01-01,DM-17-07-01-01,RESIDENTIAL,PVC,1.15,02:15,04:15,0.5,4,8,2.0,0.25,True,5000
DM-17-07-02-01,DM-17-07-02-01,RESIDENTIAL,PVC,1.15,01:45,03:45,0.5,4,8,2.0,0.25,True,5000
DM-17-07-03-01,DM-17-07-03-01,RESIDENTIAL,PVC,1.15,18:45,20:45,0.5,4,8,2.0,0.25,True,5000
DM-17-07-03-02,DM-17-07-03-02,RESIDENTIAL,PVC,1.15,01:15,03:15,0.5,4,8,2.0,0.25,True,5000
DM-17-07-04-01,DM-17-07-04-01,RESIDENTIAL,PVC,1.15,02:00,04:00,0.5,4,8,2.0,0.25,True,5000
DM-17-07-04-02,DM-17-07-04-02,RESIDENTIAL,PVC,1.15,01:45,03:45,0.5,4,8,2.0,0.25,True,5000
DM-17-07-05-01,DM-17-07-05-01,RESIDENTIAL,PVC,1.15,02:00,04:00,0.5,4,8,2.0,0.25,True,5000
DM-17-07-06-01,DM-17-07-06-01,RESIDENTIAL,PVC,1.15,02:00,04:00,0.5,4,8,2.0,0.25,True,5000
DM-17-07-06-02,DM-17-07-06-02,RESIDENTIAL,PVC,1.15,02:00,04:00,0.5,4,8,2.0,0.25,True,5000
DM-17-07-07-01,DM-17-07-07-01,RESIDENTIAL,PVC,1.15,02:15,04:15,0.5,4,8,2.0,0.25,True,5000
DM-17-07-07-02,DM-17-07-07-02,RESIDENTIAL,PVC,1.15,02:00,04:00,0.5,4,8,2.0,0.25,True,5000
DM-17-07-08-01,DM-17-07-08-01,RESIDENTIAL,PVC,1.15,02:45,04:45,0.5,4,8,2.0,0.25,True,5000
DM-17-07-08-02,DM-17-07-08-02,RESIDENTIAL,PVC,1.15,02:15,04:15,0.5,4,8,2.0,0.25,True,5000
DM-17-07-09-01,DM-17-07-09-01,RESIDENTIAL,PVC,1.15,02:00,04:00,0.5,4,8,2.0,0.25,True,5000
DM-17-07-09-02,DM-17-07-09-02,RESIDENTIAL,PVC,1.15,02:15,04:15,0.5,4,8,2.0,0.25,True,5000
DM-17-07-09-03,DM-17-07-09-03,RESIDENTIAL,PVC,1.15,00:45,02:45,0.5,4,8,2.0,0.25,True,5000
DM-17-07-09-04,DM-17-07-09-04,RESIDENTIAL,PVC,1.15,00:00,02:00,0.5,4,8,2.0,0.25,True,5000
DM-17-07-09-05,DM-17-07-09-05,RESIDENTIAL,PVC,1.15,02:00,04:00,0.5,4,8,2.0,0.25,True,5000
DM-17-07-10-01,DM-17-07-10-01,RESIDENTIAL,PVC,1.15,01:15,03:15,0.5,4,8,2.0,0.25,True,5000
DM-17-07-10-02,DM-17-07-10-02,RESIDENTIAL,PVC,1.15,01:45,03:45,0.5,4,8,2.0,0.25,True,5000
DM-17-07-10-03,DM-17-07-10-03,RESIDENTIAL,PVC,1.15,00:00,02:00,0.5,4,8,2.0,0.25,True,5000
DM-17-08-01-01,DM-17-08-01-01,RESIDENTIAL,PVC,1.15,00:00,02:00,0.5,4,8,2.0,0.25,True,5000
DM-17-08-01-02,DM-17-08-01-02,RESIDENTIAL,PVC,1.15,02:15,04:15,0.5,4,8,2.0,0.25,True,5000
DM-17-08-02-01,DM-17-08-02-01,RESIDENTIAL,PVC,1.15,02:00,04:00,0.5,4,8,2.0,0.25,True,5000
DM-17-08-02-03,DM-17-08-02-03,RESIDENTIAL,PVC,1.15,09:00,11:00,0.5,4,8,2.0,0.25,True,5000
DM-17-08-03-01,DM-17-08-03-01,RESIDENTIAL,PVC,1.15,20:15,22:15,0.5,4,8,2.0,0.25,True,5000
DM-17-08-04-01,DM-17-08-04-01,RESIDENTIAL,PVC,1.15,01:00,03:00,0.5,4,8,2.0,0.25,True,5000
DM-17-08-04-02,DM-17-08-04-02,RESIDENTIAL,PVC,1.15,02:00,04:00,0.5,4,8,2.0,0.25,True,5000
DM-17-08-04-03,DM-17-08-04-03,RESIDENTIAL,PVC,1.15,02:15,04:15,0.5,4,8,2.0,0.25,True,5000
DM-17-08-04-04,DM-17-08-04-04,RESIDENTIAL,PVC,1.15,02:00,04:00,0.5,4,8,2.0,0.25,True,5000
DM-17-08-04-05,DM-17-08-04-05,RESIDENTIAL,PVC,1.15,05:00,07:00,0.5,4,8,2.0,0.25,True,5000
DM-17-09-01-01,DM-17-09-01-01,RESIDENTIAL,PVC,1.15,00:15,02:15,0.5,4,8,2.0,0.25,True,5000
DM-17-09-01-02,DM-17-09-01-02,RESIDENTIAL,PVC,1.15,00:00,02:00,0.5,4,8,2.0,0.25,True,5000
DM-17-09-02-02,DM-17-09-02-02,RESIDENTIAL,PVC,1.15,02:15,04:15,0.5,4,8,2.0,0.25,True,5000
DM-17-09-03-01,DM-17-09-03-01,RESIDENTIAL,PVC,1.15,00:00,02:00,0.5,4,8,2.0,0.25,True,5000
DM-17-09-04-01,DM-17-09-04-01,RESIDENTIAL,PVC,1.15,02:00,04:00,0.5,4,8,2.0,0.25,True,5000
DM-17-09-05-01,DM-17-09-05-01,RESIDENTIAL,PVC,1.15,02:45,04:45,0.5,4,8,2.0,0.25,True,5000
DM-17-09-06-01,DM-17-09-06-01,RESIDENTIAL,PVC,1.15,02:15,04:15,0.5,4,8,2.0,0.25,True,5000
DM-17-09-07-01,DM-17-09-07-01,RESIDENTIAL,PVC,1.15,02:30,04:30,0.5,4,8,2.0,0.25,True,5000
DM-17-09-07-02,DM-17-09-07-02,RESIDENTIAL,PVC,1.15,23:30,01:30,0.5,4,8,2.0,0.25,True,5000
DM-17-09-07-03,DM-17-09-07-03,RESIDENTIAL,PVC,1.15,11:30,13:30,0.5,4,8,2.0,0.25,True,5000
DM-17-10-04-01,DM-17-10-04-01,RESIDENTIAL,PVC,1.15,02:15,04:15,0.5,4,8,2.0,0.25,True,5000
DM-17-10-04-02,DM-17-10-04-02,RESIDENTIAL,PVC,1.15,00:00,02:00,0.5,4,8,2.0,0.25,True,5000
DM-17-10-05-01,DM-17-10-05-01,RESIDENTIAL,PVC,1.15,20:45,22:45,0.5,4,8,2.0,0.25,True,5000
DM-17-10-06-01,DM-17-10-06-01,RESIDENTIAL,PVC,1.15,02:00,04:00,0.5,4,8,2.0,0.25,True,5000
DM-17-10-07-01,DM-17-10-07-01,RESIDENTIAL,PVC,1.15,01:30,03:30,0.5,4,8,2.0,0.25,True,5000
DM-17-10-07-02,DM-17-10-07-02,RESIDENTIAL,PVC,1.15,01:00,03:00,0.5,4,8,2.0,0.25,True,5000
DM-17-11-01-02,DM-17-11-01-02,RESIDENTIAL,PVC,1.15,02:30,04:30,0.5,4,8,2.0,0.25,True,5000
DM-17-11-01-03,DM-17-11-01-03,RESIDENTIAL,PVC,1.15,02:00,04:00,0.5,4,8,2.0,0.25,True,5000
DM-17-11-01-04,DM-17-11-01-04,RESIDENTIAL,PVC,1.15,02:00,04:00,0.5,4,8,2.0,0.25,True,5000
DM-17-11-02-01,DM-17-11-02-01,RESIDENTIAL,PVC,1.15,01:45,03:45,0.5,4,8,2.0,0.25,True,5000
DM-17-11-02-02,DM-17-11-02-02,RESIDENTIAL,PVC,1.15,02:00,04:00,0.5,4,8,2.0,0.25,True,5000
DM-17-11-02-03,DM-17-11-02-03,RESIDENTIAL,PVC,1.15,02:00,04:00,0.5,4,8,2.0,0.25,True,5000
DM-17-11-02-04,DM-17-11-02-04,RESIDENTIAL,PVC,1.15,01:45,03:45,0.5,4,8,2.0,0.25,True,5000
DM-17-11-02-05,DM-17-11-02-05,RESIDENTIAL,PVC,1.15,04:15,06:15,0.5,4,8,2.0,0.25,True,5000
DM-17-11-03-01,DM-17-11-03-01,RESIDENTIAL,PVC,1.15,00:30,02:30,0.5,4,8,2.0,0.25,True,5000
DM-17-11-03-02,DM-17-11-03-02,RESIDENTIAL,PVC,1.15,15:15,17:15,0.5,4,8,2.0,0.25,True,5000
DM-17-11-03-03,DM-17-11-03-03,RESIDENTIAL,PVC,1.15,00:45,02:45,0.5,4,8,2.0,0.25,True,5000
DM-17-11-04-01,DM-17-11-04-01,RESIDENTIAL,PVC,1.15,02:00,04:00,0.5,4,8,2.0,0.25,True,5000
DM-17-11-04-02,DM-17-11-04-02,RESIDENTIAL,PVC,1.15,00:00,02:00,0.5,4,8,2.0,0.25,True,5000
DM-17-11-05-01,DM-17-11-05-01,RESIDENTIAL,PVC,1.15,09:15,11:15,0.5,4,8,2.0,0.25,True,5000
DM-17-11-05-02,DM-17-11-05-02,RESIDENTIAL,PVC,1.15,01:00,03:00,0.5,4,8,2.0,0.25,True,5000
DM-17-11-06-01,DM-17-11-06-01,RESIDENTIAL,PVC,1.15,00:15,02:15,0.5,4,8,2.0,0.25,True,5000
DM-17-11-06-02,DM-17-11-06-02,RESIDENTIAL,PVC,1.15,11:45,13:45,0.5,4,8,2.0,0.25,True,5000
DM-53-01-01-01,DM-53-01-01-01,RESIDENTIAL,PVC,1.15,15:45,17:45,0.5,4,8,2.0,0.25,True,5000
DM-53-01-01-01(1),DM-53-01-01-01(1),RESIDENTIAL,PVC,1.15,00:00,02:00,0.5,4,8,2.0,0.25,True,5000
DM-53-01-01-02,DM-53-01-01-02,RESIDENTIAL,PVC,1.15,02:00,04:00,0.5,4,8,2.0,0.25,True,5000
DM-53-01-01-04,DM-53-01-01-04,RESIDENTIAL,PVC,1.15,00:00,02:00,0.5,4,8,2.0,0.25,True,5000
DM-53-01-01-05,DM-53-01-01-05,RESIDENTIAL,PVC,1.15,23:15,01:15,0.5,4,8,2.0,0.25,True,5000
DM-53-01-02-01,DM-53-01-02-01,RESIDENTIAL,PVC,1.15,02:00,04:00,0.5,4,8,2.0,0.25,True,5000
DM-53-01-02-02,DM-53-01-02-02,RESIDENTIAL,PVC,1.15,00:00,02:00,0.5,4,8,2.0,0.25,True,5000
DM-53-01-03-01,DM-53-01-03-01,RESIDENTIAL,PVC,1.15,01:45,03:45,0.5,4,8,2.0,0.25,True,5000
DM-53-01-04-01,DM-53-01-04-01,RESIDENTIAL,PVC,1.15,22:45,00:45,0.5,4,8,2.0,0.25,True,5000
DM-53-01-05-01,DM-53-01-05-01,RESIDENTIAL,PVC,1.15,02:00,04:00,0.5,4,8,2.0,0.25,True,5000
DM-53-01-05-04,DM-53-01-05-04,RESIDENTIAL,PVC,1.15,22:30,00:30,0.5,4,8,2.0,0.25,True,5000
DM-53-01-07-01,DM-53-01-07-01,RESIDENTIAL,PVC,1.15,02:00,04:00,0.5,4,8,2.0,0.25,True,5000
DM-53-01-08-01,DM-53-01-08-01,RESIDENTIAL,PVC,1.15,02:15,04:15,0.5,4,8,2.0,0.25,True,5000
DM-53-01-08-02,DM-53-01-08-02,RESIDENTIAL,PVC,1.15,02:15,04:15,0.5,4,8,2.0,0.25,True,5000
DM-53-01-09-01,DM-53-01-09-01,RESIDENTIAL,PVC,1.15,01:45,03:45,0.5,4,8,2.0,0.25,True,5000
DM-53-02-01-01,DM-53-02-01-01,RESIDENTIAL,PVC,1.15,02:00,04:00,0.5,4,8,2.0,0.25,True,5000
DM-53-02-02-01,DM-53-02-02-01,RESIDENTIAL,PVC,1.15,01:45,03:45,0.5,4,8,2.0,0.25,True,5000
DM-53-02-03-02,DM-53-02-03-02,RESIDENTIAL,PVC,1.15,02:00,04:00,0.5,4,8,2.0,0.25,True,5000
DM-53-02-03-03,DM-53-02-03-03,RESIDENTIAL,PVC,1.15,23:00,01:00,0.5,4,8,2.0,0.25,True,5000
DM-53-02-04-02,DM-53-02-04-02,RESIDENTIAL,PVC,1.15,02:00,04:00,0.5,4,8,2.0,0.25,True,5000
DM-53-02-04-03,DM-53-02-04-03,RESIDENTIAL,PVC,1.15,02:00,04:00,0.5,4,8,2.0,0.25,True,5000
DM-53-02-05-01,DM-53-02-05-01,RESIDENTIAL,PVC,1.15,00:00,02:00,0.5,4,8,2.0,0.25,True,5000
DM-53-02-05-02,DM-53-02-05-02,RESIDENTIAL,PVC,1.15,01:30,03:30,0.5,4,8,2.0,0.25,True,5000
DM-53-02-06-01,DM-53-02-06-01,RESIDENTIAL,PVC,1.15,00:00,02:00,0.5,4,8,2.0,0.25,True,5000
DM-53-02-06-02,DM-53-02-06-02,RESIDENTIAL,PVC,1.15,23:15,01:15,0.5,4,8,2.0,0.25,True,5000
DM-53-02-07-01,DM-53-02-07-01,RESIDENTIAL,PVC,1.15,02:00,04:00,0.5,4,8,2.0,0.25,True,5000
DM-53-02-08-01,DM-53-02-08-01,RESIDENTIAL,PVC,1.15,02:00,04:00,0.5,4,8,2.0,0.25,True,5000
DM-53-02-09-01,DM-53-02-09-01,RESIDENTIAL,PVC,1.15,23:15,01:15,0.5,4,8,2.0,0.25,True,5000
DM-53-02-09-02,DM-53-02-09-02,RESIDENTIAL,PVC,1.15,01:45,03:45,0.5,4,8,2.0,0.25,True,5000
DM-53-03-01-01,DM-53-03-01-01,RESIDENTIAL,PVC,1.15,00:00,02:00,0.5,4,8,2.0,0.25,True,5000
DM-53-03-01-02,DM-53-03-01-02,RESIDENTIAL,PVC,1.15,23:30,01:30,0.5,4,8,2.0,0.25,True,5000
DM-53-03-01-03,DM-53-03-01-03,RESIDENTIAL,PVC,1.15,23:30,01:30,0.5,4,8,2.0,0.25,True,5000
DM-53-03-01-04,DM-53-03-01-04,RESIDENTIAL,PVC,1.15,01:15,03:15,0.5,4,8,2.0,0.25,True,5000
DM-53-03-02-01,DM-53-03-02-01,RESIDENTIAL,PVC,1.15,02:00,04:00,0.5,4,8,2.0,0.25,True,5000
DM-53-03-03-01,DM-53-03-03-01,RESIDENTIAL,PVC,1.15,02:00,04:00,0.5,4,8,2.0,0.25,True,5000
DM-53-03-03-02,DM-53-03-03-02,RESIDENTIAL,PVC,1.15,23:45,01:45,0.5,4,8,2.0,0.25,True,5000
DM-53-03-04-01,DM-53-03-04-01,RESIDENTIAL,PVC,1.15,02:00,04:00,0.5,4,8,2.0,0.25,True,5000
DM-53-03-04-02,DM-53-03-04-02,RESIDENTIAL,PVC,1.15,01:30,03:30,0.5,4,8,2.0,0.25,True,5000
DM-53-03-05-01,DM-53-03-05-01,RESIDENTIAL,PVC,1.15,01:30,03:30,0.5,4,8,2.0,0.25,True,5000
DM-53-03-05-02,DM-53-03-05-02,RESIDENTIAL,PVC,1.15,23:00,01:00,0.5,4,8,2.0,0.25,True,5000
DM-53-03-06-01,DM-53-03-06-01,RESIDENTIAL,PVC,1.15,15:00,17:00,0.5,4,8,2.0,0.25,True,5000
DM-53-03-06-02,DM-53-03-06-02,RESIDENTIAL,PVC,1.15,11:30,13:30,0.5,4,8,2.0,0.25,True,5000
DM-53-04-01-01,DM-53-04-01-01,RESIDENTIAL,PVC,1.15,01:45,03:45,0.5,4,8,2.0,0.25,True,5000
DM-53-04-01-02,DM-53-04-01-02,RESIDENTIAL,PVC,1.15,00:00,02:00,0.5,4,8,2.0,0.25,True,5000
DM-53-04-01-03,DM-53-04-01-03,RESIDENTIAL,PVC,1.15,18:00,20:00,0.5,4,8,2.0,0.25,True,5000
DM-53-04-02-01,DM-53-04-02-01,RESIDENTIAL,PVC,1.15,01:45,03:45,0.5,4,8,2.0,0.25,True,5000
DM-53-04-02-02,DM-53-04-02-02,RESIDENTIAL,PVC,1.15,19:30,21:30,0.5,4,8,2.0,0.25,True,5000
DM-53-04-02-03,DM-53-04-02-03,RESIDENTIAL,PVC,1.15,00:00,02:00,0.5,4,8,2.0,0.25,True,5000
DM-53-05-01-03,DM-53-05-01-03,RESIDENTIAL,PVC,1.15,01:45,03:45,0.5,4,8,2.0,0.25,True,5000
DM-53-05-01-04,DM-53-05-01-04,RESIDENTIAL,PVC,1.15,22:15,00:15,0.5,4,8,2.0,0.25,True,5000
DM-53-05-02-01,DM-53-05-02-01,RESIDENTIAL,PVC,1.15,00:00,02:00,0.5,4,8,2.0,0.25,True,5000
DM-53-05-03-01,DM-53-05-03-01,RESIDENTIAL,PVC,1.15,22:45,00:45,0.5,4,8,2.0,0.25,True,5000
DM-53-05-03-03,DM-53-05-03-03,RESIDENTIAL,PVC,1.15,00:00,02:00,0.5,4,8,2.0,0.25,True,5000
DM-53-05-03-04,DM-53-05-03-04,RESIDENTIAL,PVC,1.15,01:45,03:45,0.5,4,8,2.0,0.25,True,5000
DM-53-05-04-01,DM-53-05-04-01,RESIDENTIAL,PVC,1.15,01:30,03:30,0.5,4,8,2.0,0.25,True,5000
DM-53-05-05-01,DM-53-05-05-01,RESIDENTIAL,PVC,1.15,01:15,03:15,0.5,4,8,2.0,0.25,True,5000
DM-53-05-06-01,DM-53-05-06-01,RESIDENTIAL,PVC,1.15,02:00,04:00,0.5,4,8,2.0,0.25,True,5000
DM-53-05-07-01,DM-53-05-07-01,RESIDENTIAL,PVC,1.15,01:30,03:30,0.5,4,8,2.0,0.25,True,5000
DM-53-05-07-03,DM-53-05-07-03,RESIDENTIAL,PVC,1.15,01:45,03:45,0.5,4,8,2.0,0.25,True,5000
DM-53-05-08-01,DM-53-05-08-01,RESIDENTIAL,PVC,1.15,00:00,02:00,0.5,4,8,2.0,0.25,True,5000
DM-53-05-08-02,DM-53-05-08-02,RESIDENTIAL,PVC,1.15,00:00,02:00,0.5,4,8,2.0,0.25,True,5000
DM-53-05-09-02,DM-53-05-09-02,RESIDENTIAL,PVC,1.15,22:45,00:45,0.5,4,8,2.0,0.25,True,5000
DM-53-05-10-01,DM-53-05-10-01,RESIDENTIAL,PVC,1.15,22:45,00:45,0.5,4,8,2.0,0.25,True,5000
DM-53-05-10-02,DM-53-05-10-02,RESIDENTIAL,PVC,1.15,00:15,02:15,0.5,4,8,2.0,0.25,True,5000
DM-53-05-10-03,DM-53-05-10-03,RESIDENTIAL,PVC,1.15,00:00,02:00,0.5,4,8,2.0,0.25,True,5000
DM-53-05-11-01,DM-53-05-11-01,RESIDENTIAL,PVC,1.15,00:00,02:00,0.5,4,8,2.0,0.25,True,5000
DM-53-05-11-02,DM-53-05-11-02,RESIDENTIAL,PVC,1.15,04:00,06:00,0.5,4,8,2.0,0.25,True,5000
DM-53-06-01-01,DM-53-06-01-01,RESIDENTIAL,PVC,1.15,01:45,03:45,0.5,4,8,2.0,0.25,True,5000
DM-53-06-01-02,DM-53-06-01-02,RESIDENTIAL,PVC,1.15,02:00,04:00,0.5,4,8,2.0,0.25,True,5000
DM-53-06-02-01,DM-53-06-02-01,RESIDENTIAL,PVC,1.15,02:00,04:00,0.5,4,8,2.0,0.25,True,5000
DM-53-06-03-01,DM-53-06-03-01,RESIDENTIAL,PVC,1.15,01:30,03:30,0.5,4,8,2.0,0.25,True,5000
DM-53-06-04-01,DM-53-06-04-01,RESIDENTIAL,PVC,1.15,02:15,04:15,0.5,4,8,2.0,0.25,True,5000
DM-53-06-05-01,DM-53-06-05-01,RESIDENTIAL,PVC,1.15,00:00,02:00,0.5,4,8,2.0,0.25,True,5000
DM-53-06-05-02,DM-53-06-05-02,RESIDENTIAL,PVC,1.15,23:00,01:00,0.5,4,8,2.0,0.25,True,5000
DM-53-06-06-01,DM-53-06-06-01,RESIDENTIAL,PVC,1.15,02:00,04:00,0.5,4,8,2.0,0.25,True,5000
DM-53-08-01-01,DM-53-08-01-01,RESIDENTIAL,PVC,1.15,00:00,02:00,0.5,4,8,2.0,0.25,True,5000
DM-53-08-01-02,DM-53-08-01-02,RESIDENTIAL,PVC,1.15,16:15,18:15,0.5,4,8,2.0,0.25,True,5000
DM-53-08-02-01,DM-53-08-02-01,RESIDENTIAL,PVC,1.15,01:45,03:45,0.5,4,8,2.0,0.25,True,5000
DM-53-08-02-02,DM-53-08-02-02,RESIDENTIAL,PVC,1.15,02:15,04:15,0.5,4,8,2.0,0.25,True,5000
DM-53-08-02-03,DM-53-08-02-03,RESIDENTIAL,PVC,1.15,02:00,04:00,0.5,4,8,2.0,0.25,True,5000
DM-53-09-02-04,DM-53-09-02-04,RESIDENTIAL,PVC,1.15,01:45,03:45,0.5,4,8,2.0,0.25,True,5000
DM-53-09-02-05,DM-53-09-02-05,RESIDENTIAL,PVC,1.15,19:15,21:15,0.5,4,8,2.0,0.25,True,5000
DM-53-09-03-01,DM-53-09-03-01,RESIDENTIAL,PVC,1.15,22:15,00:15,0.5,4,8,2.0,0.25,True,5000
DM-53-09-05-01,DM-53-09-05-01,RESIDENTIAL,PVC,1.15,01:00,03:00,0.5,4,8,2.0,0.25,True,5000
DM-54-01-04-01,DM-54-01-04-01,RESIDENTIAL,PVC,1.15,21:00,23:00,0.5,4,8,2.0,0.25,True,5000
DM-54-01-05-01,DM-54-01-05-01,RESIDENTIAL,PVC,1.15,00:00,02:00,0.5,4,8,2.0,0.25,True,5000
DM-54-01-05-02,DM-54-01-05-02,RESIDENTIAL,PVC,1.15,10:30,12:30,0.5,4,8,2.0,0.25,True,5000
DM-54-01-05-03,DM-54-01-05-03,RESIDENTIAL,PVC,1.15,06:00,08:00,0.5,4,8,2.0,0.25,True,5000
DM-54-01-06-01,DM-54-01-06-01,RESIDENTIAL,PVC,1.15,02:15,04:15,0.5,4,8,2.0,0.25,True,5000
DM-54-01-06-02,DM-54-01-06-02,RESIDENTIAL,PVC,1.15,00:00,02:00,0.5,4,8,2.0,0.25,True,5000
DM-54-02-02-01,DM-54-02-02-01,RESIDENTIAL,PVC,1.15,19:30,21:30,0.5,4,8,2.0,0.25,True,5000
DM-54-02-02-02,DM-54-02-02-02,RESIDENTIAL,PVC,1.15,00:45,02:45,0.5,4,8,2.0,0.25,True,5000
DM-54-02-03-01,DM-54-02-03-01,RESIDENTIAL,PVC,1.15,01:15,03:15,0.5,4,8,2.0,0.25,True,5000
DM-54-02-04-01,DM-54-02-04-01,RESIDENTIAL,PVC,1.15,21:45,23:45,0.5,4,8,2.0,0.25,True,5000
DM-54-02-04-02,DM-54-02-04-02,RESIDENTIAL,PVC,1.15,00:00,02:00,0.5,4,8,2.0,0.25,True,5000
DM-54-02-04-03,DM-54-02-04-03,RESIDENTIAL,PVC,1.15,02:00,04:00,0.5,4,8,2.0,0.25,True,5000
DM-54-02-04-04,DM-54-02-04-04,RESIDENTIAL,PVC,1.15,01:15,03:15,0.5,4,8,2.0,0.25,True,5000
DM-54-02-05-01,DM-54-02-05-01,RESIDENTIAL,PVC,1.15,22:30,00:30,0.5,4,8,2.0,0.25,True,5000
DM-54-02-05-02,DM-54-02-05-02,RESIDENTIAL,PVC,1.15,00:30,02:30,0.5,4,8,2.0,0.25,True,5000
DM-54-02-05-03,DM-54-02-05-03,RESIDENTIAL,PVC,1.15,01:00,03:00,0.5,4,8,2.0,0.25,True,5000
DM-54-03-01-01,DM-54-03-01-01,RESIDENTIAL,PVC,1.15,01:15,03:15,0.5,4,8,2.0,0.25,True,5000
DM-54-03-01-02,DM-54-03-01-02,RESIDENTIAL,PVC,1.15,18:00,20:00,0.5,4,8,2.0,0.25,True,5000
DM-54-03-01-03,DM-54-03-01-03,RESIDENTIAL,PVC,1.15,22:30,00:30,0.5,4,8,2.0,0.25,True,5000
DM-54-03-02-01,DM-54-03-02-01,RESIDENTIAL,PVC,1.15,01:00,03:00,0.5,4,8,2.0,0.25,True,5000
DM-54-03-02-02,DM-54-03-02-02,RESIDENTIAL,PVC,1.15,01:15,03:15,0.5,4,8,2.0,0.25,True,5000
DM-54-03-02-03,DM-54-03-02-03,RESIDENTIAL,PVC,1.15,01:15,03:15,0.5,4,8,2.0,0.25,True,5000
DM-54-04-01-01,DM-54-04-01-01,RESIDENTIAL,PVC,1.15,01:15,03:15,0.5,4,8,2.0,0.25,True,5000
DM-54-04-02-01,DM-54-04-02-01,RESIDENTIAL,PVC,1.15,01:00,03:00,0.5,4,8,2.0,0.25,True,5000
DM-54-04-02-02,DM-54-04-02-02,RESIDENTIAL,PVC,1.15,01:00,03:00,0.5,4,8,2.0,0.25,True,5000
DM-54-04-03-01,DM-54-04-03-01,RESIDENTIAL,PVC,1.15,15:30,17:30,0.5,4,8,2.0,0.25,True,5000
DM-54-04-03-02,DM-54-04-03-02,RESIDENTIAL,PVC,1.15,08:00,10:00,0.5,4,8,2.0,0.25,True,5000
DM-54-04-03-03,DM-54-04-03-03,RESIDENTIAL,PVC,1.15,01:15,03:15,0.5,4,8,2.0,0.25,True,5000
DM-54-04-03-04,DM-54-04-03-04,RESIDENTIAL,PVC,1.15,19:45,21:45,0.5,4,8,2.0,0.25,True,5000
DM-54-04-04-01,DM-54-04-04-01,RESIDENTIAL,PVC,1.15,00:00,02:00,0.5,4,8,2.0,0.25,True,5000
DM-54-04-04-02,DM-54-04-04-02,RESIDENTIAL,PVC,1.15,13:00,15:00,0.5,4,8,2.0,0.25,True,5000
DM-54-04-04-03,DM-54-04-04-03,RESIDENTIAL,PVC,1.15,00:00,02:00,0.5,4,8,2.0,0.25,True,5000
DM-54-04-04-04,DM-54-04-04-04,RESIDENTIAL,PVC,1.15,00:00,02:00,0.5,4,8,2.0,0.25,True,5000
DM-54-05-01-01,DM-54-05-01-01,RESIDENTIAL,PVC,1.15,01:30,03:30,0.5,4,8,2.0,0.25,True,5000
DM-54-05-01-02,DM-54-05-01-02,RESIDENTIAL,PVC,1.15,22:30,00:30,0.5,4,8,2.0,0.25,True,5000
DM-54-05-02-01,DM-54-05-02-01,RESIDENTIAL,PVC,1.15,01:15,03:15,0.5,4,8,2.0,0.25,True,5000
DM-54-05-03-01,DM-54-05-03-01,RESIDENTIAL,PVC,1.15,01:15,03:15,0.5,4,8,2.0,0.25,True,5000
DM-54-06-01-02,DM-54-06-01-02,RESIDENTIAL,PVC,1.15,04:00,06:00,0.5,4,8,2.0,0.25,True,5000
DM-54-06-01-03,DM-54-06-01-03,RESIDENTIAL,PVC,1.15,06:15,08:15,0.5,4,8,2.0,0.25,True,5000
DM-54-06-01-04,DM-54-06-01-04,RESIDENTIAL,PVC,1.15,21:45,23:45,0.5,4,8,2.0,0.25,True,5000
DM-54-06-02-01,DM-54-06-02-01,RESIDENTIAL,PVC,1.15,01:15,03:15,0.5,4,8,2.0,0.25,True,5000
DM-54-06-02-02,DM-54-06-02-02,RESIDENTIAL,PVC,1.15,01:15,03:15,0.5,4,8,2.0,0.25,True,5000
DM-54-06-03-01,DM-54-06-03-01,RESIDENTIAL,PVC,1.15,00:00,02:00,0.5,4,8,2.0,0.25,True,5000
DM-54-06-04-01,DM-54-06-04-01,RESIDENTIAL,PVC,1.15,21:30,23:30,0.5,4,8,2.0,0.25,True,5000
DM-54-06-04-02,DM-54-06-04-02,RESIDENTIAL,PVC,1.15,01:15,03:15,0.5,4,8,2.0,0.25,True,5000
DM-54-06-04-03,DM-54-06-04-03,RESIDENTIAL,PVC,1.15,22:30,00:30,0.5,4,8,2.0,0.25,True,5000
DM-54-07-01-01,DM-54-07-01-01,RESIDENTIAL,PVC,1.15,00:00,02:00,0.5,4,8,2.0,0.25,True,5000
DM-54-07-02-01,DM-54-07-02-01,RESIDENTIAL,PVC,1.15,01:15,03:15,0.5,4,8,2.0,0.25,True,5000
DM-54-07-03-01,DM-54-07-03-01,RESIDENTIAL,PVC,1.15,01:00,03:00,0.5,4,8,2.0,0.25,True,5000
DM-54-07-04-01,DM-54-07-04-01,RESIDENTIAL,PVC,1.15,00:15,02:15,0.5,4,8,2.0,0.25,True,5000
DM-54-07-05-01,DM-54-07-05-01,RESIDENTIAL,PVC,1.15,01:00,03:00,0.5,4,8,2.0,0.25,True,5000
DM-54-08-01-01,DM-54-08-01-01,RESIDENTIAL,PVC,1.15,00:00,02:00,0.5,4,8,2.0,0.25,True,5000
DM-54-08-02-01,DM-54-08-02-01,RESIDENTIAL,PVC,1.15,06:00,08:00,0.5,4,8,2.0,0.25,True,5000
DM-54-08-03-01,DM-54-08-03-01,RESIDENTIAL,PVC,1.15,23:15,01:15,0.5,4,8,2.0,0.25,True,5000
DM-54-08-04-01,DM-54-08-04-01,RESIDENTIAL,PVC,1.15,00:00,02:00,0.5,4,8,2.0,0.25,True,5000
DM-54-08-05-01,DM-54-08-05-01,RESIDENTIAL,PVC,1.15,11:15,13:15,0.5,4,8,2.0,0.25,True,5000
DM-54-08-06-01,DM-54-08-06-01,RESIDENTIAL,PVC,1.15,01:15,03:15,0.5,4,8,2.0,0.25,True,5000
DM-54-08-07-01,DM-54-08-07-01,RESIDENTIAL,PVC,1.15,00:00,02:00,0.5,4,8,2.0,0.25,True,5000
DM-54-08-08-01,DM-54-08-08-01,RESIDENTIAL,PVC,1.15,10:15,12:15,0.5,4,8,2.0,0.25,True,5000
DM-54-08-09-01,DM-54-08-09-01,RESIDENTIAL,PVC,1.15,13:45,15:45,0.5,4,8,2.0,0.25,True,5000
DM-54-09-01-01,DM-54-09-01-01,RESIDENTIAL,PVC,1.15,22:30,00:30,0.5,4,8,2.0,0.25,True,5000
DM-54-09-01-02,DM-54-09-01-02,RESIDENTIAL,PVC,1.15,20:15,22:15,0.5,4,8,2.0,0.25,True,5000
DM-54-09-02-01,DM-54-09-02-01,RESIDENTIAL,PVC,1.15,22:30,00:30,0.5,4,8,2.0,0.25,True,5000
DM-54-09-02-02,DM-54-09-02-02,RESIDENTIAL,PVC,1.15,00:00,02:00,0.5,4,8,2.0,0.25,True,5000
DM-54-09-03-01,DM-54-09-03-01,RESIDENTIAL,PVC,1.15,01:15,03:15,0.5,4,8,2.0,0.25,True,5000
DM-54-09-04-01,DM-54-09-04-01,RESIDENTIAL,PVC,1.15,20:45,22:45,0.5,4,8,2.0,0.25,True,5000
DM-54-09-05-01,DM-54-09-05-01,RESIDENTIAL,PVC,1.15,00:00,02:00,0.5,4,8,2.0,0.25,True,5000
DM-54-09-06-01,DM-54-09-06-01,RESIDENTIAL,PVC,1.15,00:00,02:00,0.5,4,8,2.0,0.25,True,5000
DM-54-09-07-01,DM-54-09-07-01,RESIDENTIAL,PVC,1.15,22:15,00:15,0.5,4,8,2.0,0.25,True,5000
DM-54-09-07-02,DM-54-09-07-02,RESIDENTIAL,PVC,1.15,00:00,02:00,0.5,4,8,2.0,0.25,True,5000
DM-55-01-01-01,DM-55-01-01-01,RESIDENTIAL,PVC,1.15,01:45,03:45,0.5,4,8,2.0,0.25,True,5000
DM-55-01-02-01,DM-55-01-02-01,RESIDENTIAL,PVC,1.15,23:30,01:30,0.5,4,8,2.0,0.25,True,5000
DM-55-01-03-01,DM-55-01-03-01,RESIDENTIAL,PVC,1.15,02:30,04:30,0.5,4,8,2.0,0.25,True,5000
DM-55-02-01-01,DM-55-02-01-01,RESIDENTIAL,PVC,1.15,02:00,04:00,0.5,4,8,2.0,0.25,True,5000
DM-55-02-02-01,DM-55-02-02-01,RESIDENTIAL,PVC,1.15,21:00,23:00,0.5,4,8,2.0,0.25,True,5000
DM-55-02-03-01,DM-55-02-03-01,RESIDENTIAL,PVC,1.15,02:00,04:00,0.5,4,8,2.0,0.25,True,5000
DM-55-03-01-01,DM-55-03-01-01,RESIDENTIAL,PVC,1.15,02:15,04:15,0.5,4,8,2.0,0.25,True,5000
DM-55-03-01-02,DM-55-03-01-02,RESIDENTIAL,PVC,1.15,00:00,02:00,0.5,4,8,2.0,0.25,True,5000
DM-55-03-01-03,DM-55-03-01-03,RESIDENTIAL,PVC,1.15,23:45,01:45,0.5,4,8,2.0,0.25,True,5000
DM-55-03-01-04,DM-55-03-01-04,RESIDENTIAL,PVC,1.15,01:00,03:00,0.5,4,8,2.0,0.25,True,5000
DM-55-03-01-05,DM-55-03-01-05,RESIDENTIAL,PVC,1.15,00:00,02:00,0.5,4,8,2.0,0.25,True,5000
DM-55-03-02-01,DM-55-03-02-01,RESIDENTIAL,PVC,1.15,22:30,00:30,0.5,4,8,2.0,0.25,True,5000
DM-55-03-03-01,DM-55-03-03-01,RESIDENTIAL,PVC,1.15,02:00,04:00,0.5,4,8,2.0,0.25,True,5000
DM-55-03-04-01,DM-55-03-04-01,RESIDENTIAL,PVC,1.15,02:15,04:15,0.5,4,8,2.0,0.25,True,5000
DM-55-04-01-01,DM-55-04-01-01,RESIDENTIAL,PVC,1.15,02:15,04:15,0.5,4,8,2.0,0.25,True,5000
DM-55-04-01-02,DM-55-04-01-02,RESIDENTIAL,PVC,1.15,01:45,03:45,0.5,4,8,2.0,0.25,True,5000
DM-55-04-01-03,DM-55-04-01-03,RESIDENTIAL,PVC,1.15,00:00,02:00,0.5,4,8,2.0,0.25,True,5000
DM-55-04-01-04,DM-55-04-01-04,RESIDENTIAL,PVC,1.15,01:30,03:30,0.5,4,8,2.0,0.25,True,5000
DM-55-04-01-05,DM-55-04-01-05,RESIDENTIAL,PVC,1.15,02:15,04:15,0.5,4,8,2.0,0.25,True,5000
DM-55-04-01-06,DM-55-04-01-06,RESIDENTIAL,PVC,1.15,02:15,04:15,0.5,4,8,2.0,0.25,True,5000
DM-55-04-01-07,DM-55-04-01-07,RESIDENTIAL,PVC,1.15,02:00,04:00,0.5,4,8,2.0,0.25,True,5000
DM-55-04-01-08,DM-55-04-01-08,RESIDENTIAL,PVC,1.15,01:30,03:30,0.5,4,8,2.0,0.25,True,5000
DM-55-04-02-01,DM-55-04-02-01,RESIDENTIAL,PVC,1.15,09:45,11:45,0.5,4,8,2.0,0.25,True,5000
DM-55-04-02-02,DM-55-04-02-02,RESIDENTIAL,PVC,1.15,19:45,21:45,0.5,4,8,2.0,0.25,True,5000
DM-55-04-02-03,DM-55-04-02-03,RESIDENTIAL,PVC,1.15,01:15,03:15,0.5,4,8,2.0,0.25,True,5000
DM-55-04-02-04,DM-55-04-02-04,RESIDENTIAL,PVC,1.15,02:45,04:45,0.5,4,8,2.0,0.25,True,5000
DM-55-04-02-05,DM-55-04-02-05,RESIDENTIAL,PVC,1.15,12:30,14:30,0.5,4,8,2.0,0.25,True,5000
DM-55-04-03-01,DM-55-04-03-01,RESIDENTIAL,PVC,1.15,02:45,04:45,0.5,4,8,2.0,0.25,True,5000
DM-55-04-03-02,DM-55-04-03-02,RESIDENTIAL,PVC,1.15,02:00,04:00,0.5,4,8,2.0,0.25,True,5000
DM-55-04-03-03,DM-55-04-03-03,RESIDENTIAL,PVC,1.15,00:15,02:15,0.5,4,8,2.0,0.25,True,5000
DM-55-04-03-04,DM-55-04-03-04,RESIDENTIAL,PVC,1.15,03:45,05:45,0.5,4,8,2.0,0.25,True,5000
DM-55-04-03-05,DM-55-04-03-05,RESIDENTIAL,PVC,1.15,02:15,04:15,0.5,4,8,2.0,0.25,True,5000
DM-55-04-04-01,DM-55-04-04-01,RESIDENTIAL,PVC,1.15,22:15,00:15,0.5,4,8,2.0,0.25,True,5000
DM-55-04-05-01,DM-55-04-05-01,RESIDENTIAL,PVC,1.15,23:15,01:15,0.5,4,8,2.0,0.25,True,5000
DM-55-05-01-01,DM-55-05-01-01,RESIDENTIAL,PVC,1.15,00:00,02:00,0.5,4,8,2.0,0.25,True,5000
DM-55-05-01-02,DM-55-05-01-02,RESIDENTIAL,PVC,1.15,07:15,09:15,0.5,4,8,2.0,0.25,True,5000
DM-55-05-01-03,DM-55-05-01-03,RESIDENTIAL,PVC,1.15,02:15,04:15,0.5,4,8,2.0,0.25,True,5000
DM-55-05-02-01,DM-55-05-02-01,RESIDENTIAL,PVC,1.15,22:15,00:15,0.5,4,8,2.0,0.25,True,5000
DM-55-05-02-02,DM-55-05-02-02,RESIDENTIAL,PVC,1.15,00:00,02:00,0.5,4,8,2.0,0.25,True,5000
DM-55-05-02-03,DM-55-05-02-03,RESIDENTIAL,PVC,1.15,04:45,06:45,0.5,4,8,2.0,0.25,True,5000
DM-55-05-03-01,DM-55-05-03-01,RESIDENTIAL,PVC,1.15,00:00,02:00,0.5,4,8,2.0,0.25,True,5000
DM-55-05-03-02,DM-55-05-03-02,RESIDENTIAL,PVC,1.15,02:00,04:00,0.5,4,8,2.0,0.25,True,5000
DM-55-05-03-03,DM-55-05-03-03,RESIDENTIAL,PVC,1.15,02:45,04:45,0.5,4,8,2.0,0.25,True,5000
DM-55-05-04-01,DM-55-05-04-01,RESIDENTIAL,PVC,1.15,01:45,03:45,0.5,4,8,2.0,0.25,True,5000
DM-55-05-04-02,DM-55-05-04-02,RESIDENTIAL,PVC,1.15,01:45,03:45,0.5,4,8,2.0,0.25,True,5000
DM-55-05-05-01,DM-55-05-05-01,RESIDENTIAL,PVC,1.15,01:00,03:00,0.5,4,8,2.0,0.25,True,5000
DM-55-06-01-01,DM-55-06-01-01,RESIDENTIAL,PVC,1.15,00:00,02:00,0.5,4,8,2.0,0.25,True,5000
DM-55-06-01-02,DM-55-06-01-02,RESIDENTIAL,PVC,1.15,01:00,03:00,0.5,4,8,2.0,0.25,True,5000
DM-55-06-02-01,DM-55-06-02-01,RESIDENTIAL,PVC,1.15,02:00,04:00,0.5,4,8,2.0,0.25,True,5000
DM-55-06-02-02,DM-55-06-02-02,RESIDENTIAL,PVC,1.15,02:00,04:00,0.5,4,8,2.0,0.25,True,5000
DM-55-06-03-01,DM-55-06-03-01,RESIDENTIAL,PVC,1.15,22:45,00:45,0.5,4,8,2.0,0.25,True,5000
DM-55-06-03-02,DM-55-06-03-02,RESIDENTIAL,PVC,1.15,01:45,03:45,0.5,4,8,2.0,0.25,True,5000
DM-55-06-03-03,DM-55-06-03-03,RESIDENTIAL,PVC,1.15,23:00,01:00,0.5,4,8,2.0,0.25,True,5000
DM-55-06-03-04,DM-55-06-03-04,RESIDENTIAL,PVC,1.15,01:45,03:45,0.5,4,8,2.0,0.25,True,5000
DM-55-06-04-01,DM-55-06-04-01,RESIDENTIAL,PVC,1.15,12:45,14:45,0.5,4,8,2.0,0.25,True,5000
DM-55-06-04-02,DM-55-06-04-02,RESIDENTIAL,PVC,1.15,02:15,04:15,0.5,4,8,2.0,0.25,True,5000
DM-55-06-04-03,DM-55-06-04-03,RESIDENTIAL,PVC,1.15,00:15,02:15,0.5,4,8,2.0,0.25,True,5000
DM-55-06-05-01,DM-55-06-05-01,RESIDENTIAL,PVC,1.15,22:15,00:15,0.5,4,8,2.0,0.25,True,5000
DM-55-06-05-02,DM-55-06-05-02,RESIDENTIAL,PVC,1.15,01:45,03:45,0.5,4,8,2.0,0.25,True,5000
DM-55-06-05-03,DM-55-06-05-03,RESIDENTIAL,PVC,1.15,00:00,02:00,0.5,4,8,2.0,0.25,True,5000
DM-55-06-05-04,DM-55-06-05-04,RESIDENTIAL,PVC,1.15,00:00,02:00,0.5,4,8,2.0,0.25,True,5000
DM-55-06-05-05,DM-55-06-05-05,RESIDENTIAL,PVC,1.15,00:00,02:00,0.5,4,8,2.0,0.25,True,5000
DM-55-06-05-06,DM-55-06-05-06,RESIDENTIAL,PVC,1.15,13:45,15:45,0.5,4,8,2.0,0.25,True,5000
DM-55-06-05-07,DM-55-06-05-07,RESIDENTIAL,PVC,1.15,00:00,02:00,0.5,4,8,2.0,0.25,True,5000
DM-55-06-06-01,DM-55-06-06-01,RESIDENTIAL,PVC,1.15,22:00,00:00,0.5,4,8,2.0,0.25,True,5000
DM-55-06-06-02,DM-55-06-06-02,RESIDENTIAL,PVC,1.15,02:00,04:00,0.5,4,8,2.0,0.25,True,5000
DM-55-06-06-03,DM-55-06-06-03,RESIDENTIAL,PVC,1.15,22:45,00:45,0.5,4,8,2.0,0.25,True,5000
DM-55-06-06-04,DM-55-06-06-04,RESIDENTIAL,PVC,1.15,22:30,00:30,0.5,4,8,2.0,0.25,True,5000
DM-55-06-06-05,DM-55-06-06-05,RESIDENTIAL,PVC,1.15,13:30,15:30,0.5,4,8,2.0,0.25,True,5000
DM-55-06-06-06,DM-55-06-06-06,RESIDENTIAL,PVC,1.15,00:00,02:00,0.5,4,8,2.0,0.25,True,5000
DM-55-06-07-01,DM-55-06-07-01,RESIDENTIAL,PVC,1.15,23:30,01:30,0.5,4,8,2.0,0.25,True,5000
DM-55-06-07-02,DM-55-06-07-02,RESIDENTIAL,PVC,1.15,22:30,00:30,0.5,4,8,2.0,0.25,True,5000
DM-55-06-07-03,DM-55-06-07-03,RESIDENTIAL,PVC,1.15,00:15,02:15,0.5,4,8,2.0,0.25,True,5000
DM-55-06-07-04,DM-55-06-07-04,RESIDENTIAL,PVC,1.15,03:00,05:00,0.5,4,8,2.0,0.25,True,5000
DM-55-06-07-05,DM-55-06-07-05,RESIDENTIAL,PVC,1.15,01:15,03:15,0.5,4,8,2.0,0.25,True,5000
DM-55-06-07-06,DM-55-06-07-06,RESIDENTIAL,PVC,1.15,00:00,02:00,0.5,4,8,2.0,0.25,True,5000
DM-55-06-07-07,DM-55-06-07-07,RESIDENTIAL,PVC,1.15,00:00,02:00,0.5,4,8,2.0,0.25,True,5000
DM-55-06-07-08,DM-55-06-07-08,RESIDENTIAL,PVC,1.15,00:00,02:00,0.5,4,8,2.0,0.25,True,5000
DM-55-06-07-09,DM-55-06-07-09,RESIDENTIAL,PVC,1.15,00:00,02:00,0.5,4,8,2.0,0.25,True,5000
DM-55-06-07-10,DM-55-06-07-10,RESIDENTIAL,PVC,1.15,02:45,04:45,0.5,4,8,2.0,0.25,True,5000
DM-55-07-01-01,DM-55-07-01-01,RESIDENTIAL,PVC,1.15,11:15,13:15,0.5,4,8,2.0,0.25,True,5000
DM-55-07-01-02,DM-55-07-01-02,RESIDENTIAL,PVC,1.15,02:15,04:15,0.5,4,8,2.0,0.25,True,5000
DM-55-07-02-01,DM-55-07-02-01,RESIDENTIAL,PVC,1.15,00:45,02:45,0.5,4,8,2.0,0.25,True,5000
DM-55-07-02-02,DM-55-07-02-02,RESIDENTIAL,PVC,1.15,02:00,04:00,0.5,4,8,2.0,0.25,True,5000
DM-55-07-03-01,DM-55-07-03-01,RESIDENTIAL,PVC,1.15,03:30,05:30,0.5,4,8,2.0,0.25,True,5000
DM-55-07-03-02,DM-55-07-03-02,RESIDENTIAL,PVC,1.15,22:45,00:45,0.5,4,8,2.0,0.25,True,5000
DM-55-07-04-01,DM-55-07-04-01,RESIDENTIAL,PVC,1.15,00:00,02:00,0.5,4,8,2.0,0.25,True,5000
DM-55-07-04-02,DM-55-07-04-02,RESIDENTIAL,PVC,1.15,01:45,03:45,0.5,4,8,2.0,0.25,True,5000
DM-55-07-05-01,DM-55-07-05-01,RESIDENTIAL,PVC,1.15,02:00,04:00,0.5,4,8,2.0,0.25,True,5000
DM-55-07-05-02,DM-55-07-05-02,RESIDENTIAL,PVC,1.15,20:00,22:00,0.5,4,8,2.0,0.25,True,5000
DM-55-07-05-03,DM-55-07-05-03,RESIDENTIAL,PVC,1.15,01:45,03:45,0.5,4,8,2.0,0.25,True,5000
DM-55-07-06-01,DM-55-07-06-01,RESIDENTIAL,PVC,1.15,02:15,04:15,0.5,4,8,2.0,0.25,True,5000
DM-55-07-06-02,DM-55-07-06-02,RESIDENTIAL,PVC,1.15,02:15,04:15,0.5,4,8,2.0,0.25,True,5000
DM-55-07-06-03,DM-55-07-06-03,RESIDENTIAL,PVC,1.15,01:45,03:45,0.5,4,8,2.0,0.25,True,5000
DM-55-07-06-04,DM-55-07-06-04,RESIDENTIAL,PVC,1.15,22:30,00:30,0.5,4,8,2.0,0.25,True,5000
DM-55-07-06-05,DM-55-07-06-05,RESIDENTIAL,PVC,1.15,00:30,02:30,0.5,4,8,2.0,0.25,True,5000
DM-55-07-06-06,DM-55-07-06-06,RESIDENTIAL,PVC,1.15,23:00,01:00,0.5,4,8,2.0,0.25,True,5000
DM-55-07-07-01,DM-55-07-07-01,RESIDENTIAL,PVC,1.15,00:00,02:00,0.5,4,8,2.0,0.25,True,5000
DM-55-07-07-02,DM-55-07-07-02,RESIDENTIAL,PVC,1.15,01:30,03:30,0.5,4,8,2.0,0.25,True,5000
DM-55-07-07-03,DM-55-07-07-03,RESIDENTIAL,PVC,1.15,01:45,03:45,0.5,4,8,2.0,0.25,True,5000
DM-55-07-07-04,DM-55-07-07-04,RESIDENTIAL,PVC,1.15,02:00,04:00,0.5,4,8,2.0,0.25,True,5000
DM-55-08-01-01,DM-55-08-01-01,RESIDENTIAL,PVC,1.15,00:00,02:00,0.5,4,8,2.0,0.25,True,5000
DM-55-08-01-02,DM-55-08-01-02,RESIDENTIAL,PVC,1.15,23:15,01:15,0.5,4,8,2.0,0.25,True,5000
DM-55-08-02-01,DM-55-08-02-01,RESIDENTIAL,PVC,1.15,23:30,01:30,0.5,4,8,2.0,0.25,True,5000
DM-55-08-02-02,DM-55-08-02-02,RESIDENTIAL,PVC,1.15,18:45,20:45,0.5,4,8,2.0,0.25,True,5000
DM-55-08-03-01,DM-55-08-03-01,RESIDENTIAL,PVC,1.15,02:30,04:30,0.5,4,8,2.0,0.25,True,5000
DM-55-09-01-01,DM-55-09-01-01,RESIDENTIAL,PVC,1.15,00:00,02:00,0.5,4,8,2.0,0.25,True,5000
DM-55-09-01-02,DM-55-09-01-02,RESIDENTIAL,PVC,1.15,00:00,02:00,0.5,4,8,2.0,0.25,True,5000
DM-55-09-02-01,DM-55-09-02-01,RESIDENTIAL,PVC,1.15,23:30,01:30,0.5,4,8,2.0,0.25,True,5000
DM-55-09-02-02,DM-55-09-02-02,RESIDENTIAL,PVC,1.15,14:45,16:45,0.5,4,8,2.0,0.25,True,5000
DM-55-09-03-01,DM-55-09-03-01,RESIDENTIAL,PVC,1.15,22:30,00:30,0.5,4,8,2.0,0.25,True,5000
DM-55-09-04-01,DM-55-09-04-01,RESIDENTIAL,PVC,1.15,00:00,02:00,0.5,4,8,2.0,0.25,True,5000
DM-55-09-04-02,DM-55-09-04-02,RESIDENTIAL,PVC,1.15,01:45,03:45,0.5,4,8,2.0,0.25,True,5000
DM-56-01-01-01,DM-56-01-01-01,RESIDENTIAL,PVC,1.15,00:00,02:00,0.5,4,8,2.0,0.25,True,5000
DM-56-01-02-01,DM-56-01-02-01,RESIDENTIAL,PVC,1.15,01:45,03:45,0.5,4,8,2.0,0.25,True,5000
DM-56-01-03-01,DM-56-01-03-01,RESIDENTIAL,PVC,1.15,21:45,23:45,0.5,4,8,2.0,0.25,True,5000
DM-56-01-03-02,DM-56-01-03-02,RESIDENTIAL,PVC,1.15,20:45,22:45,0.5,4,8,2.0,0.25,True,5000
DM-56-01-04-01,DM-56-01-04-01,RESIDENTIAL,PVC,1.15,01:30,03:30,0.5,4,8,2.0,0.25,True,5000
DM-56-01-05-01,DM-56-01-05-01,RESIDENTIAL,PVC,1.15,01:15,03:15,0.5,4,8,2.0,0.25,True,5000
DM-56-02-01-01,DM-56-02-01-01,RESIDENTIAL,PVC,1.15,02:15,04:15,0.5,4,8,2.0,0.25,True,5000
DM-56-02-02-01,DM-56-02-02-01,RESIDENTIAL,PVC,1.15,01:15,03:15,0.5,4,8,2.0,0.25,True,5000
DM-56-02-02-02,DM-56-02-02-02,RESIDENTIAL,PVC,1.15,00:30,02:30,0.5,4,8,2.0,0.25,True,5000
DM-56-02-03-01,DM-56-02-03-01,RESIDENTIAL,PVC,1.15,01:30,03:30,0.5,4,8,2.0,0.25,True,5000
DM-56-02-04-01,DM-56-02-04-01,RESIDENTIAL,PVC,1.15,20:45,22:45,0.5,4,8,2.0,0.25,True,5000
DM-56-02-05-01,DM-56-02-05-01,RESIDENTIAL,PVC,1.15,22:15,00:15,0.5,4,8,2.0,0.25,True,5000
DM-56-02-05-02,DM-56-02-05-02,RESIDENTIAL,PVC,1.15,01:15,03:15,0.5,4,8,2.0,0.25,True,5000
DM-56-02-06-01,DM-56-02-06-01,RESIDENTIAL,PVC,1.15,00:15,02:15,0.5,4,8,2.0,0.25,True,5000
DM-56-02-07-01,DM-56-02-07-01,RESIDENTIAL,PVC,1.15,22:45,00:45,0.5,4,8,2.0,0.25,True,5000
DM-56-02-08-01,DM-56-02-08-01,RESIDENTIAL,PVC,1.15,01:15,03:15,0.5,4,8,2.0,0.25,True,5000
DM-56-02-09-01,DM-56-02-09-01,RESIDENTIAL,PVC,1.15,01:15,03:15,0.5,4,8,2.0,0.25,True,5000
DM-56-02-10-01,DM-56-02-10-01,RESIDENTIAL,PVC,1.15,01:30,03:30,0.5,4,8,2.0,0.25,True,5000
DM-56-03-01-01,DM-56-03-01-01,RESIDENTIAL,PVC,1.15,01:15,03:15,0.5,4,8,2.0,0.25,True,5000
DM-56-03-01-02,DM-56-03-01-02,RESIDENTIAL,PVC,1.15,01:15,03:15,0.5,4,8,2.0,0.25,True,5000
DM-56-03-02-01,DM-56-03-02-01,RESIDENTIAL,PVC,1.15,01:15,03:15,0.5,4,8,2.0,0.25,True,5000
DM-56-03-03-01,DM-56-03-03-01,RESIDENTIAL,PVC,1.15,22:15,00:15,0.5,4,8,2.0,0.25,True,5000
DM-56-03-04-01,DM-56-03-04-01,RESIDENTIAL,PVC,1.15,01:15,03:15,0.5,4,8,2.0,0.25,True,5000
DM-56-03-05-01,DM-56-03-05-01,RESIDENTIAL,PVC,1.15,19:30,21:30,0.5,4,8,2.0,0.25,True,5000
DM-56-03-05-02,DM-56-03-05-02,RESIDENTIAL,PVC,1.15,01:30,03:30,0.5,4,8,2.0,0.25,True,5000
DM-56-03-06-01,DM-56-03-06-01,RESIDENTIAL,PVC,1.15,01:00,03:00,0.5,4,8,2.0,0.25,True,5000
DM-56-03-06-02,DM-56-03-06-02,RESIDENTIAL,PVC,1.15,01:15,03:15,0.5,4,8,2.0,0.25,True,5000
DM-56-03-06-03,DM-56-03-06-03,RESIDENTIAL,PVC,1.15,01:15,03:15,0.5,4,8,2.0,0.25,True,5000
DM-56-04-01-01,DM-56-04-01-01,RESIDENTIAL,PVC,1.15,01:15,03:15,0.5,4,8,2.0,0.25,True,5000
DM-56-04-02-01,DM-56-04-02-01,RESIDENTIAL,PVC,1.15,01:15,03:15,0.5,4,8,2.0,0.25,True,5000
DM-56-04-03-01,DM-56-04-03-01,RESIDENTIAL,PVC,1.15,01:30,03:30,0.5,4,8,2.0,0.25,True,5000
DM-56-04-04-01,DM-56-04-04-01,RESIDENTIAL,PVC,1.15,01:15,03:15,0.5,4,8,2.0,0.25,True,5000
DM-56-04-04-02,DM-56-04-04-02,RESIDENTIAL,PVC,1.15,01:15,03:15,0.5,4,8,2.0,0.25,True,5000
DM-56-04-05-01,DM-56-04-05-01,RESIDENTIAL,PVC,1.15,01:30,03:30,0.5,4,8,2.0,0.25,True,5000
DM-56-04-05-02,DM-56-04-05-02,RESIDENTIAL,PVC,1.15,01:15,03:15,0.5,4,8,2.0,0.25,True,5000
DM-56-05-01-01,DM-56-05-01-01,RESIDENTIAL,PVC,1.15,06:15,08:15,0.5,4,8,2.0,0.25,True,5000
DM-56-05-01-02,DM-56-05-01-02,RESIDENTIAL,PVC,1.15,01:15,03:15,0.5,4,8,2.0,0.25,True,5000
DM-56-05-01-03,DM-56-05-01-03,RESIDENTIAL,PVC,1.15,00:00,02:00,0.5,4,8,2.0,0.25,True,5000
DM-56-05-02-01,DM-56-05-02-01,RESIDENTIAL,PVC,1.15,01:15,03:15,0.5,4,8,2.0,0.25,True,5000
DM-56-05-03-01,DM-56-05-03-01,RESIDENTIAL,PVC,1.15,20:45,22:45,0.5,4,8,2.0,0.25,True,5000
DM-56-05-04-01,DM-56-05-04-01,RESIDENTIAL,PVC,1.15,01:15,03:15,0.5,4,8,2.0,0.25,True,5000
DM-56-05-05-01,DM-56-05-05-01,RESIDENTIAL,PVC,1.15,13:45,15:45,0.5,4,8,2.0,0.25,True,5000
DM-56-05-05-02,DM-56-05-05-02,RESIDENTIAL,PVC,1.15,01:15,03:15,0.5,4,8,2.0,0.25,True,5000
DM-56-05-06-01,DM-56-05-06-01,RESIDENTIAL,PVC,1.15,01:00,03:00,0.5,4,8,2.0,0.25,True,5000
DM-56-05-07-01,DM-56-05-07-01,RESIDENTIAL,PVC,1.15,00:00,02:00,0.5,4,8,2.0,0.25,True,5000
DM-56-06-01-01,DM-56-06-01-01,RESIDENTIAL,PVC,1.15,00:00,02:00,0.5,4,8,2.0,0.25,True,5000
DM-56-06-02-01,DM-56-06-02-01,RESIDENTIAL,PVC,1.15,01:15,03:15,0.5,4,8,2.0,0.25,True,5000
DM-56-06-03-01,DM-56-06-03-01,RESIDENTIAL,PVC,1.15,01:15,03:15,0.5,4,8,2.0,0.25,True,5000
DM-56-06-03-02,DM-56-06-03-02,RESIDENTIAL,PVC,1.15,01:30,03:30,0.5,4,8,2.0,0.25,True,5000
DM-56-06-04-01,DM-56-06-04-01,RESIDENTIAL,PVC,1.15,01:15,03:15,0.5,4,8,2.0,0.25,True,5000
DM-56-06-05-01,DM-56-06-05-01,RESIDENTIAL,PVC,1.15,01:15,03:15,0.5,4,8,2.0,0.25,True,5000
DM-56-06-06-01,DM-56-06-06-01,RESIDENTIAL,PVC,1.15,02:00,04:00,0.5,4,8,2.0,0.25,True,5000
DM-56-07-01-01,DM-56-07-01-01,RESIDENTIAL,PVC,1.15,21:00,23:00,0.5,4,8,2.0,0.25,True,5000
DM-56-07-02-01,DM-56-07-02-01,RESIDENTIAL,PVC,1.15,22:30,00:30,0.5,4,8,2.0,0.25,True,5000
DM-56-07-03-01,DM-56-07-03-01,RESIDENTIAL,PVC,1.15,01:15,03:15,0.5,4,8,2.0,0.25,True,5000
DM-56-07-04-01,DM-56-07-04-01,RESIDENTIAL,PVC,1.15,01:15,03:15,0.5,4,8,2.0,0.25,True,5000
DM-56-07-04-02,DM-56-07-04-02,RESIDENTIAL,PVC,1.15,01:00,03:00,0.5,4,8,2.0,0.25,True,5000
DM-56-07-05-01,DM-56-07-05-01,RESIDENTIAL,PVC,1.15,01:15,03:15,0.5,4,8,2.0,0.25,True,5000
DM-56-07-05-02,DM-56-07-05-02,RESIDENTIAL,PVC,1.15,19:30,21:30,0.5,4,8,2.0,0.25,True,5000
